Not using distributed mode
### Hyper-parameters:
     seed: 42
     device: cuda
     output_dir: output/ft_cuhk/tta/tta_exp3.6
     batch_size_tta: 32
     epochs: 30
     lr: 0.001
### Creating model
use_swin
load checkpoint from checkpoints/ft_cuhk/checkpoint_best.pth
missing_keys:  ['uncertainty_temper', 'prompt_learning_embedding']
vision_encoder missing_keys:  []
unexpected_keys:  []
     Total Params Sum:  214457398
### Creating test dataset
     test_dataset: 3074
### Creating test dataloader
### be careful: func create_loader returns a list length of 1
     test_loader: 21
### Inference ITC similiarity matrix
     Computing text features for evaluation
     Computing image features for evaluation
/home/jiahao/task/APTM/reTools.py:308: UserWarning: To copy construct from a tensor, it is recommended to use sourceTensor.clone().detach() or sourceTensor.clone().detach().requires_grad_(True), rather than torch.tensor(sourceTensor).
  similarity = torch.tensor(scores_t2i)
     Computing features time 0:00:08
### Zero-Shot ITC Score: 
+-------+--------+--------+--------+--------+--------+
| epoch |   R1   |   R5   |  R10   |  mAP   |  mINP  |
+-------+--------+--------+--------+--------+--------+
|  -999 | 70.760 | 87.378 | 92.268 | 63.849 | 48.174 |
+-------+--------+--------+--------+--------+--------+
     Computing matching score
      ITM Evaluation: [   0/6156]  eta: 0:04:01    time: 0.0392  data: 0.0033  max mem: 5880
      ITM Evaluation: [ 100/6156]  eta: 0:03:08    time: 0.0309  data: 0.0000  max mem: 5880
      ITM Evaluation: [ 200/6156]  eta: 0:03:05    time: 0.0309  data: 0.0000  max mem: 5880
      ITM Evaluation: [ 300/6156]  eta: 0:03:04    time: 0.0340  data: 0.0000  max mem: 5880
      ITM Evaluation: [ 400/6156]  eta: 0:03:04    time: 0.0340  data: 0.0000  max mem: 5880
      ITM Evaluation: [ 500/6156]  eta: 0:03:04    time: 0.0366  data: 0.0000  max mem: 5880
      ITM Evaluation: [ 600/6156]  eta: 0:03:03    time: 0.0338  data: 0.0000  max mem: 5880
      ITM Evaluation: [ 700/6156]  eta: 0:03:01    time: 0.0343  data: 0.0000  max mem: 5880
      ITM Evaluation: [ 800/6156]  eta: 0:02:58    time: 0.0342  data: 0.0000  max mem: 5880
      ITM Evaluation: [ 900/6156]  eta: 0:02:55    time: 0.0324  data: 0.0000  max mem: 5880
      ITM Evaluation: [1000/6156]  eta: 0:02:51    time: 0.0326  data: 0.0000  max mem: 5880
      ITM Evaluation: [1100/6156]  eta: 0:02:47    time: 0.0326  data: 0.0000  max mem: 5880
      ITM Evaluation: [1200/6156]  eta: 0:02:44    time: 0.0324  data: 0.0000  max mem: 5880
      ITM Evaluation: [1300/6156]  eta: 0:02:40    time: 0.0332  data: 0.0000  max mem: 5880
      ITM Evaluation: [1400/6156]  eta: 0:02:37    time: 0.0337  data: 0.0000  max mem: 5880
      ITM Evaluation: [1500/6156]  eta: 0:02:33    time: 0.0321  data: 0.0000  max mem: 5880
      ITM Evaluation: [1600/6156]  eta: 0:02:30    time: 0.0325  data: 0.0000  max mem: 5880
      ITM Evaluation: [1700/6156]  eta: 0:02:27    time: 0.0333  data: 0.0000  max mem: 5880
      ITM Evaluation: [1800/6156]  eta: 0:02:23    time: 0.0328  data: 0.0000  max mem: 5880
      ITM Evaluation: [1900/6156]  eta: 0:02:20    time: 0.0313  data: 0.0000  max mem: 5880
      ITM Evaluation: [2000/6156]  eta: 0:02:16    time: 0.0310  data: 0.0000  max mem: 5880
      ITM Evaluation: [2100/6156]  eta: 0:02:13    time: 0.0310  data: 0.0000  max mem: 5880
      ITM Evaluation: [2200/6156]  eta: 0:02:09    time: 0.0315  data: 0.0000  max mem: 5880
      ITM Evaluation: [2300/6156]  eta: 0:02:06    time: 0.0318  data: 0.0000  max mem: 5880
      ITM Evaluation: [2400/6156]  eta: 0:02:02    time: 0.0317  data: 0.0000  max mem: 5880
      ITM Evaluation: [2500/6156]  eta: 0:01:59    time: 0.0316  data: 0.0000  max mem: 5880
      ITM Evaluation: [2600/6156]  eta: 0:01:55    time: 0.0325  data: 0.0000  max mem: 5880
      ITM Evaluation: [2700/6156]  eta: 0:01:52    time: 0.0317  data: 0.0000  max mem: 5880
      ITM Evaluation: [2800/6156]  eta: 0:01:49    time: 0.0321  data: 0.0000  max mem: 5880
      ITM Evaluation: [2900/6156]  eta: 0:01:45    time: 0.0317  data: 0.0000  max mem: 5880
      ITM Evaluation: [3000/6156]  eta: 0:01:42    time: 0.0317  data: 0.0000  max mem: 5880
      ITM Evaluation: [3100/6156]  eta: 0:01:39    time: 0.0315  data: 0.0000  max mem: 5880
      ITM Evaluation: [3200/6156]  eta: 0:01:35    time: 0.0312  data: 0.0000  max mem: 5880
      ITM Evaluation: [3300/6156]  eta: 0:01:32    time: 0.0312  data: 0.0000  max mem: 5880
      ITM Evaluation: [3400/6156]  eta: 0:01:29    time: 0.0315  data: 0.0000  max mem: 5880
      ITM Evaluation: [3500/6156]  eta: 0:01:25    time: 0.0319  data: 0.0000  max mem: 5880
      ITM Evaluation: [3600/6156]  eta: 0:01:22    time: 0.0317  data: 0.0000  max mem: 5880
      ITM Evaluation: [3700/6156]  eta: 0:01:19    time: 0.0321  data: 0.0000  max mem: 5880
      ITM Evaluation: [3800/6156]  eta: 0:01:16    time: 0.0308  data: 0.0000  max mem: 5880
      ITM Evaluation: [3900/6156]  eta: 0:01:12    time: 0.0313  data: 0.0000  max mem: 5880
      ITM Evaluation: [4000/6156]  eta: 0:01:09    time: 0.0305  data: 0.0000  max mem: 5880
      ITM Evaluation: [4100/6156]  eta: 0:01:06    time: 0.0306  data: 0.0000  max mem: 5880
      ITM Evaluation: [4200/6156]  eta: 0:01:02    time: 0.0305  data: 0.0000  max mem: 5880
      ITM Evaluation: [4300/6156]  eta: 0:00:59    time: 0.0309  data: 0.0000  max mem: 5880
      ITM Evaluation: [4400/6156]  eta: 0:00:56    time: 0.0305  data: 0.0000  max mem: 5880
      ITM Evaluation: [4500/6156]  eta: 0:00:53    time: 0.0310  data: 0.0000  max mem: 5880
      ITM Evaluation: [4600/6156]  eta: 0:00:49    time: 0.0306  data: 0.0000  max mem: 5880
      ITM Evaluation: [4700/6156]  eta: 0:00:46    time: 0.0304  data: 0.0000  max mem: 5880
      ITM Evaluation: [4800/6156]  eta: 0:00:43    time: 0.0306  data: 0.0000  max mem: 5880
      ITM Evaluation: [4900/6156]  eta: 0:00:40    time: 0.0307  data: 0.0000  max mem: 5880
      ITM Evaluation: [5000/6156]  eta: 0:00:36    time: 0.0309  data: 0.0000  max mem: 5880
      ITM Evaluation: [5100/6156]  eta: 0:00:33    time: 0.0309  data: 0.0000  max mem: 5880
      ITM Evaluation: [5200/6156]  eta: 0:00:30    time: 0.0309  data: 0.0000  max mem: 5880
      ITM Evaluation: [5300/6156]  eta: 0:00:27    time: 0.0308  data: 0.0000  max mem: 5880
      ITM Evaluation: [5400/6156]  eta: 0:00:24    time: 0.0309  data: 0.0000  max mem: 5880
      ITM Evaluation: [5500/6156]  eta: 0:00:20    time: 0.0311  data: 0.0000  max mem: 5880
      ITM Evaluation: [5600/6156]  eta: 0:00:17    time: 0.0309  data: 0.0000  max mem: 5880
      ITM Evaluation: [5700/6156]  eta: 0:00:14    time: 0.0302  data: 0.0000  max mem: 5880
      ITM Evaluation: [5800/6156]  eta: 0:00:11    time: 0.0306  data: 0.0000  max mem: 5880
      ITM Evaluation: [5900/6156]  eta: 0:00:08    time: 0.0304  data: 0.0000  max mem: 5880
      ITM Evaluation: [6000/6156]  eta: 0:00:04    time: 0.0315  data: 0.0000  max mem: 5880
      ITM Evaluation: [6100/6156]  eta: 0:00:01    time: 0.0304  data: 0.0000  max mem: 5880
      ITM Evaluation: [6155/6156]  eta: 0:00:00    time: 0.0308  data: 0.0000  max mem: 5880
      ITM Evaluation: Total time: 0:03:15 (0.0317 s / it)
     total_time 195.2769374847412
     Computing matching score time 0:03:15
### Zero-Shot ITM Score: 
+-------+--------+--------+--------+--------+--------+
| epoch |   R1   |   R5   |  R10   |  mAP   |  mINP  |
+-------+--------+--------+--------+--------+--------+
|  -999 | 70.760 | 87.378 | 92.268 | 63.849 | 48.174 |
|  -999 | 76.170 | 89.457 | 93.600 | 65.570 | 47.372 |
+-------+--------+--------+--------+--------+--------+
### TTA:
### Compute ITC Uncertainty
     preprocess_tta_coefficients  start
     sample selection ...
     number of sample after sample_selection: 6156
     uncertainty ...
     preprocess_tta_coefficients  end
### Creating tta dataset
     tta_dataset: 6156
### Creating tta dataloader
### be careful: func create_loader returns a list length of 1
     tta_loader: 192
### Configure adapted weights
     TTA Dropout Modules: 
 [('vision_encoder.pos_drop', Dropout(p=0.0, inplace=False), True), ('vision_encoder.layers.0.blocks.0.attn.attn_drop', Dropout(p=0.0, inplace=False), True), ('vision_encoder.layers.0.blocks.0.attn.proj_drop', Dropout(p=0.0, inplace=False), True), ('vision_encoder.layers.0.blocks.0.mlp.drop', Dropout(p=0.0, inplace=False), True), ('vision_encoder.layers.0.blocks.1.attn.attn_drop', Dropout(p=0.0, inplace=False), True), ('vision_encoder.layers.0.blocks.1.attn.proj_drop', Dropout(p=0.0, inplace=False), True), ('vision_encoder.layers.0.blocks.1.mlp.drop', Dropout(p=0.0, inplace=False), True), ('vision_encoder.layers.1.blocks.0.attn.attn_drop', Dropout(p=0.0, inplace=False), True), ('vision_encoder.layers.1.blocks.0.attn.proj_drop', Dropout(p=0.0, inplace=False), True), ('vision_encoder.layers.1.blocks.0.mlp.drop', Dropout(p=0.0, inplace=False), True), ('vision_encoder.layers.1.blocks.1.attn.attn_drop', Dropout(p=0.0, inplace=False), True), ('vision_encoder.layers.1.blocks.1.attn.proj_drop', Dropout(p=0.0, inplace=False), True), ('vision_encoder.layers.1.blocks.1.mlp.drop', Dropout(p=0.0, inplace=False), True), ('vision_encoder.layers.2.blocks.0.attn.attn_drop', Dropout(p=0.0, inplace=False), True), ('vision_encoder.layers.2.blocks.0.attn.proj_drop', Dropout(p=0.0, inplace=False), True), ('vision_encoder.layers.2.blocks.0.mlp.drop', Dropout(p=0.0, inplace=False), True), ('vision_encoder.layers.2.blocks.1.attn.attn_drop', Dropout(p=0.0, inplace=False), True), ('vision_encoder.layers.2.blocks.1.attn.proj_drop', Dropout(p=0.0, inplace=False), True), ('vision_encoder.layers.2.blocks.1.mlp.drop', Dropout(p=0.0, inplace=False), True), ('vision_encoder.layers.2.blocks.2.attn.attn_drop', Dropout(p=0.0, inplace=False), True), ('vision_encoder.layers.2.blocks.2.attn.proj_drop', Dropout(p=0.0, inplace=False), True), ('vision_encoder.layers.2.blocks.2.mlp.drop', Dropout(p=0.0, inplace=False), True), ('vision_encoder.layers.2.blocks.3.attn.attn_drop', Dropout(p=0.0, inplace=False), True), ('vision_encoder.layers.2.blocks.3.attn.proj_drop', Dropout(p=0.0, inplace=False), True), ('vision_encoder.layers.2.blocks.3.mlp.drop', Dropout(p=0.0, inplace=False), True), ('vision_encoder.layers.2.blocks.4.attn.attn_drop', Dropout(p=0.0, inplace=False), True), ('vision_encoder.layers.2.blocks.4.attn.proj_drop', Dropout(p=0.0, inplace=False), True), ('vision_encoder.layers.2.blocks.4.mlp.drop', Dropout(p=0.0, inplace=False), True), ('vision_encoder.layers.2.blocks.5.attn.attn_drop', Dropout(p=0.0, inplace=False), True), ('vision_encoder.layers.2.blocks.5.attn.proj_drop', Dropout(p=0.0, inplace=False), True), ('vision_encoder.layers.2.blocks.5.mlp.drop', Dropout(p=0.0, inplace=False), True), ('vision_encoder.layers.2.blocks.6.attn.attn_drop', Dropout(p=0.0, inplace=False), True), ('vision_encoder.layers.2.blocks.6.attn.proj_drop', Dropout(p=0.0, inplace=False), True), ('vision_encoder.layers.2.blocks.6.mlp.drop', Dropout(p=0.0, inplace=False), True), ('vision_encoder.layers.2.blocks.7.attn.attn_drop', Dropout(p=0.0, inplace=False), True), ('vision_encoder.layers.2.blocks.7.attn.proj_drop', Dropout(p=0.0, inplace=False), True), ('vision_encoder.layers.2.blocks.7.mlp.drop', Dropout(p=0.0, inplace=False), True), ('vision_encoder.layers.2.blocks.8.attn.attn_drop', Dropout(p=0.0, inplace=False), True), ('vision_encoder.layers.2.blocks.8.attn.proj_drop', Dropout(p=0.0, inplace=False), True), ('vision_encoder.layers.2.blocks.8.mlp.drop', Dropout(p=0.0, inplace=False), True), ('vision_encoder.layers.2.blocks.9.attn.attn_drop', Dropout(p=0.0, inplace=False), True), ('vision_encoder.layers.2.blocks.9.attn.proj_drop', Dropout(p=0.0, inplace=False), True), ('vision_encoder.layers.2.blocks.9.mlp.drop', Dropout(p=0.0, inplace=False), True), ('vision_encoder.layers.2.blocks.10.attn.attn_drop', Dropout(p=0.0, inplace=False), True), ('vision_encoder.layers.2.blocks.10.attn.proj_drop', Dropout(p=0.0, inplace=False), True), ('vision_encoder.layers.2.blocks.10.mlp.drop', Dropout(p=0.0, inplace=False), True), ('vision_encoder.layers.2.blocks.11.attn.attn_drop', Dropout(p=0.0, inplace=False), True), ('vision_encoder.layers.2.blocks.11.attn.proj_drop', Dropout(p=0.0, inplace=False), True), ('vision_encoder.layers.2.blocks.11.mlp.drop', Dropout(p=0.0, inplace=False), True), ('vision_encoder.layers.2.blocks.12.attn.attn_drop', Dropout(p=0.0, inplace=False), True), ('vision_encoder.layers.2.blocks.12.attn.proj_drop', Dropout(p=0.0, inplace=False), True), ('vision_encoder.layers.2.blocks.12.mlp.drop', Dropout(p=0.0, inplace=False), True), ('vision_encoder.layers.2.blocks.13.attn.attn_drop', Dropout(p=0.0, inplace=False), True), ('vision_encoder.layers.2.blocks.13.attn.proj_drop', Dropout(p=0.0, inplace=False), True), ('vision_encoder.layers.2.blocks.13.mlp.drop', Dropout(p=0.0, inplace=False), True), ('vision_encoder.layers.2.blocks.14.attn.attn_drop', Dropout(p=0.0, inplace=False), True), ('vision_encoder.layers.2.blocks.14.attn.proj_drop', Dropout(p=0.0, inplace=False), True), ('vision_encoder.layers.2.blocks.14.mlp.drop', Dropout(p=0.0, inplace=False), True), ('vision_encoder.layers.2.blocks.15.attn.attn_drop', Dropout(p=0.0, inplace=False), True), ('vision_encoder.layers.2.blocks.15.attn.proj_drop', Dropout(p=0.0, inplace=False), True), ('vision_encoder.layers.2.blocks.15.mlp.drop', Dropout(p=0.0, inplace=False), True), ('vision_encoder.layers.2.blocks.16.attn.attn_drop', Dropout(p=0.0, inplace=False), True), ('vision_encoder.layers.2.blocks.16.attn.proj_drop', Dropout(p=0.0, inplace=False), True), ('vision_encoder.layers.2.blocks.16.mlp.drop', Dropout(p=0.0, inplace=False), True), ('vision_encoder.layers.2.blocks.17.attn.attn_drop', Dropout(p=0.0, inplace=False), True), ('vision_encoder.layers.2.blocks.17.attn.proj_drop', Dropout(p=0.0, inplace=False), True), ('vision_encoder.layers.2.blocks.17.mlp.drop', Dropout(p=0.0, inplace=False), True), ('vision_encoder.layers.3.blocks.0.attn.attn_drop', Dropout(p=0.0, inplace=False), True), ('vision_encoder.layers.3.blocks.0.attn.proj_drop', Dropout(p=0.0, inplace=False), True), ('vision_encoder.layers.3.blocks.0.mlp.drop', Dropout(p=0.0, inplace=False), True), ('vision_encoder.layers.3.blocks.1.attn.attn_drop', Dropout(p=0.0, inplace=False), True), ('vision_encoder.layers.3.blocks.1.attn.proj_drop', Dropout(p=0.0, inplace=False), True), ('vision_encoder.layers.3.blocks.1.mlp.drop', Dropout(p=0.0, inplace=False), True), ('text_encoder.bert.embeddings.dropout', Dropout(p=0.1, inplace=False), True), ('text_encoder.bert.encoder.layer.0.attention.self.dropout', Dropout(p=0.1, inplace=False), True), ('text_encoder.bert.encoder.layer.0.attention.output.dropout', Dropout(p=0.1, inplace=False), True), ('text_encoder.bert.encoder.layer.0.output.dropout', Dropout(p=0.1, inplace=False), True), ('text_encoder.bert.encoder.layer.1.attention.self.dropout', Dropout(p=0.1, inplace=False), True), ('text_encoder.bert.encoder.layer.1.attention.output.dropout', Dropout(p=0.1, inplace=False), True), ('text_encoder.bert.encoder.layer.1.output.dropout', Dropout(p=0.1, inplace=False), True), ('text_encoder.bert.encoder.layer.2.attention.self.dropout', Dropout(p=0.1, inplace=False), True), ('text_encoder.bert.encoder.layer.2.attention.output.dropout', Dropout(p=0.1, inplace=False), True), ('text_encoder.bert.encoder.layer.2.output.dropout', Dropout(p=0.1, inplace=False), True), ('text_encoder.bert.encoder.layer.3.attention.self.dropout', Dropout(p=0.1, inplace=False), True), ('text_encoder.bert.encoder.layer.3.attention.output.dropout', Dropout(p=0.1, inplace=False), True), ('text_encoder.bert.encoder.layer.3.output.dropout', Dropout(p=0.1, inplace=False), True), ('text_encoder.bert.encoder.layer.4.attention.self.dropout', Dropout(p=0.1, inplace=False), True), ('text_encoder.bert.encoder.layer.4.attention.output.dropout', Dropout(p=0.1, inplace=False), True), ('text_encoder.bert.encoder.layer.4.output.dropout', Dropout(p=0.1, inplace=False), True), ('text_encoder.bert.encoder.layer.5.attention.self.dropout', Dropout(p=0.1, inplace=False), True), ('text_encoder.bert.encoder.layer.5.attention.output.dropout', Dropout(p=0.1, inplace=False), True), ('text_encoder.bert.encoder.layer.5.output.dropout', Dropout(p=0.1, inplace=False), True), ('text_encoder.bert.encoder.layer.6.attention.self.dropout', Dropout(p=0.1, inplace=False), True), ('text_encoder.bert.encoder.layer.6.attention.output.dropout', Dropout(p=0.1, inplace=False), True), ('text_encoder.bert.encoder.layer.6.crossattention.self.dropout', Dropout(p=0.1, inplace=False), True), ('text_encoder.bert.encoder.layer.6.crossattention.output.dropout', Dropout(p=0.1, inplace=False), True), ('text_encoder.bert.encoder.layer.6.output.dropout', Dropout(p=0.1, inplace=False), True), ('text_encoder.bert.encoder.layer.7.attention.self.dropout', Dropout(p=0.1, inplace=False), True), ('text_encoder.bert.encoder.layer.7.attention.output.dropout', Dropout(p=0.1, inplace=False), True), ('text_encoder.bert.encoder.layer.7.crossattention.self.dropout', Dropout(p=0.1, inplace=False), True), ('text_encoder.bert.encoder.layer.7.crossattention.output.dropout', Dropout(p=0.1, inplace=False), True), ('text_encoder.bert.encoder.layer.7.output.dropout', Dropout(p=0.1, inplace=False), True), ('text_encoder.bert.encoder.layer.8.attention.self.dropout', Dropout(p=0.1, inplace=False), True), ('text_encoder.bert.encoder.layer.8.attention.output.dropout', Dropout(p=0.1, inplace=False), True), ('text_encoder.bert.encoder.layer.8.crossattention.self.dropout', Dropout(p=0.1, inplace=False), True), ('text_encoder.bert.encoder.layer.8.crossattention.output.dropout', Dropout(p=0.1, inplace=False), True), ('text_encoder.bert.encoder.layer.8.output.dropout', Dropout(p=0.1, inplace=False), True), ('text_encoder.bert.encoder.layer.9.attention.self.dropout', Dropout(p=0.1, inplace=False), True), ('text_encoder.bert.encoder.layer.9.attention.output.dropout', Dropout(p=0.1, inplace=False), True), ('text_encoder.bert.encoder.layer.9.crossattention.self.dropout', Dropout(p=0.1, inplace=False), True), ('text_encoder.bert.encoder.layer.9.crossattention.output.dropout', Dropout(p=0.1, inplace=False), True), ('text_encoder.bert.encoder.layer.9.output.dropout', Dropout(p=0.1, inplace=False), True), ('text_encoder.bert.encoder.layer.10.attention.self.dropout', Dropout(p=0.1, inplace=False), True), ('text_encoder.bert.encoder.layer.10.attention.output.dropout', Dropout(p=0.1, inplace=False), True), ('text_encoder.bert.encoder.layer.10.crossattention.self.dropout', Dropout(p=0.1, inplace=False), True), ('text_encoder.bert.encoder.layer.10.crossattention.output.dropout', Dropout(p=0.1, inplace=False), True), ('text_encoder.bert.encoder.layer.10.output.dropout', Dropout(p=0.1, inplace=False), True), ('text_encoder.bert.encoder.layer.11.attention.self.dropout', Dropout(p=0.1, inplace=False), True), ('text_encoder.bert.encoder.layer.11.attention.output.dropout', Dropout(p=0.1, inplace=False), True), ('text_encoder.bert.encoder.layer.11.crossattention.self.dropout', Dropout(p=0.1, inplace=False), True), ('text_encoder.bert.encoder.layer.11.crossattention.output.dropout', Dropout(p=0.1, inplace=False), True), ('text_encoder.bert.encoder.layer.11.output.dropout', Dropout(p=0.1, inplace=False), True)]
     TTA Require Gradient Params: 
 [('text_encoder.bert.embeddings.LayerNorm.weight', torch.Size([768])), ('text_encoder.bert.embeddings.LayerNorm.bias', torch.Size([768])), ('text_encoder.bert.encoder.layer.6.attention.output.LayerNorm.weight', torch.Size([768])), ('text_encoder.bert.encoder.layer.6.attention.output.LayerNorm.bias', torch.Size([768])), ('text_encoder.bert.encoder.layer.6.crossattention.output.LayerNorm.weight', torch.Size([768])), ('text_encoder.bert.encoder.layer.6.crossattention.output.LayerNorm.bias', torch.Size([768])), ('text_encoder.bert.encoder.layer.6.output.LayerNorm.weight', torch.Size([768])), ('text_encoder.bert.encoder.layer.6.output.LayerNorm.bias', torch.Size([768])), ('text_encoder.bert.encoder.layer.7.attention.output.LayerNorm.weight', torch.Size([768])), ('text_encoder.bert.encoder.layer.7.attention.output.LayerNorm.bias', torch.Size([768])), ('text_encoder.bert.encoder.layer.7.crossattention.output.LayerNorm.weight', torch.Size([768])), ('text_encoder.bert.encoder.layer.7.crossattention.output.LayerNorm.bias', torch.Size([768])), ('text_encoder.bert.encoder.layer.7.output.LayerNorm.weight', torch.Size([768])), ('text_encoder.bert.encoder.layer.7.output.LayerNorm.bias', torch.Size([768])), ('text_encoder.bert.encoder.layer.8.attention.output.LayerNorm.weight', torch.Size([768])), ('text_encoder.bert.encoder.layer.8.attention.output.LayerNorm.bias', torch.Size([768])), ('text_encoder.bert.encoder.layer.8.crossattention.output.LayerNorm.weight', torch.Size([768])), ('text_encoder.bert.encoder.layer.8.crossattention.output.LayerNorm.bias', torch.Size([768])), ('text_encoder.bert.encoder.layer.8.output.LayerNorm.weight', torch.Size([768])), ('text_encoder.bert.encoder.layer.8.output.LayerNorm.bias', torch.Size([768])), ('text_encoder.bert.encoder.layer.9.attention.output.LayerNorm.weight', torch.Size([768])), ('text_encoder.bert.encoder.layer.9.attention.output.LayerNorm.bias', torch.Size([768])), ('text_encoder.bert.encoder.layer.9.crossattention.output.LayerNorm.weight', torch.Size([768])), ('text_encoder.bert.encoder.layer.9.crossattention.output.LayerNorm.bias', torch.Size([768])), ('text_encoder.bert.encoder.layer.9.output.LayerNorm.weight', torch.Size([768])), ('text_encoder.bert.encoder.layer.9.output.LayerNorm.bias', torch.Size([768])), ('text_encoder.bert.encoder.layer.10.attention.output.LayerNorm.weight', torch.Size([768])), ('text_encoder.bert.encoder.layer.10.attention.output.LayerNorm.bias', torch.Size([768])), ('text_encoder.bert.encoder.layer.10.crossattention.output.LayerNorm.weight', torch.Size([768])), ('text_encoder.bert.encoder.layer.10.crossattention.output.LayerNorm.bias', torch.Size([768])), ('text_encoder.bert.encoder.layer.10.output.LayerNorm.weight', torch.Size([768])), ('text_encoder.bert.encoder.layer.10.output.LayerNorm.bias', torch.Size([768])), ('text_encoder.bert.encoder.layer.11.attention.output.LayerNorm.weight', torch.Size([768])), ('text_encoder.bert.encoder.layer.11.attention.output.LayerNorm.bias', torch.Size([768])), ('text_encoder.bert.encoder.layer.11.crossattention.output.LayerNorm.weight', torch.Size([768])), ('text_encoder.bert.encoder.layer.11.crossattention.output.LayerNorm.bias', torch.Size([768])), ('text_encoder.bert.encoder.layer.11.output.LayerNorm.weight', torch.Size([768])), ('text_encoder.bert.encoder.layer.11.output.LayerNorm.bias', torch.Size([768])), ('text_encoder.cls.predictions.transform.LayerNorm.weight', torch.Size([768])), ('text_encoder.cls.predictions.transform.LayerNorm.bias', torch.Size([768])), ('itm_head.1.weight', torch.Size([1536])), ('itm_head.1.bias', torch.Size([1536]))]
     TTA Dropout Modules Number: 
 122
     TTA Require Gradient Params Sum: 
 33792
     lr:  0.001    lr_mult:  2
     model has 'init_params',  363
     num_tta_steps:  5790
     num_warmup_steps:  100
     sched: step
### Start ITM Test Time Adaptation
      TTA Epoch: [0] [  0/192]  eta: 0:01:49  lr: 0.000010  entropy: 0.7431  loss: 2.9690  time: 0.5687  data: 0.4099  max mem: 5880
      TTA Epoch: [0] [100/192]  eta: 0:00:04  lr: 0.001000  entropy: 0.2656  loss: 2.7922  time: 0.0447  data: 0.0001  max mem: 5880
      TTA Epoch: [0] [191/192]  eta: 0:00:00  lr: 0.000984  entropy: 0.2690  loss: 2.7935  time: 0.0420  data: 0.0001  max mem: 5880
      TTA Epoch: [0] Total time: 0:00:09 (0.0477 s / it)
     Averaged stats: lr: 0.0007  entropy: 0.4068  loss: 2.8446
     itm tta time 0:00:09
     Computing matching score
      ITM Evaluation: [   0/6156]  eta: 0:04:14    time: 0.0413  data: 0.0081  max mem: 5880
      ITM Evaluation: [ 100/6156]  eta: 0:03:07    time: 0.0309  data: 0.0000  max mem: 5880
      ITM Evaluation: [ 200/6156]  eta: 0:03:04    time: 0.0307  data: 0.0000  max mem: 5880
      ITM Evaluation: [ 300/6156]  eta: 0:03:00    time: 0.0307  data: 0.0000  max mem: 5880
      ITM Evaluation: [ 400/6156]  eta: 0:02:57    time: 0.0308  data: 0.0000  max mem: 5880
      ITM Evaluation: [ 500/6156]  eta: 0:02:54    time: 0.0312  data: 0.0000  max mem: 5880
      ITM Evaluation: [ 600/6156]  eta: 0:02:53    time: 0.0325  data: 0.0000  max mem: 5880
      ITM Evaluation: [ 700/6156]  eta: 0:02:50    time: 0.0319  data: 0.0000  max mem: 5880
      ITM Evaluation: [ 800/6156]  eta: 0:02:47    time: 0.0305  data: 0.0000  max mem: 5880
      ITM Evaluation: [ 900/6156]  eta: 0:02:43    time: 0.0303  data: 0.0000  max mem: 5880
      ITM Evaluation: [1000/6156]  eta: 0:02:40    time: 0.0302  data: 0.0000  max mem: 5880
      ITM Evaluation: [1100/6156]  eta: 0:02:36    time: 0.0303  data: 0.0000  max mem: 5880
      ITM Evaluation: [1200/6156]  eta: 0:02:33    time: 0.0307  data: 0.0000  max mem: 5880
      ITM Evaluation: [1300/6156]  eta: 0:02:29    time: 0.0300  data: 0.0000  max mem: 5880
      ITM Evaluation: [1400/6156]  eta: 0:02:26    time: 0.0304  data: 0.0000  max mem: 5880
      ITM Evaluation: [1500/6156]  eta: 0:02:23    time: 0.0302  data: 0.0000  max mem: 5880
      ITM Evaluation: [1600/6156]  eta: 0:02:20    time: 0.0304  data: 0.0000  max mem: 5880
      ITM Evaluation: [1700/6156]  eta: 0:02:16    time: 0.0315  data: 0.0000  max mem: 5880
      ITM Evaluation: [1800/6156]  eta: 0:02:14    time: 0.0337  data: 0.0000  max mem: 5880
      ITM Evaluation: [1900/6156]  eta: 0:02:11    time: 0.0337  data: 0.0000  max mem: 5880
      ITM Evaluation: [2000/6156]  eta: 0:02:08    time: 0.0312  data: 0.0000  max mem: 5880
      ITM Evaluation: [2100/6156]  eta: 0:02:06    time: 0.0333  data: 0.0000  max mem: 5880
      ITM Evaluation: [2200/6156]  eta: 0:02:04    time: 0.0431  data: 0.0000  max mem: 5880
      ITM Evaluation: [2300/6156]  eta: 0:02:02    time: 0.0333  data: 0.0000  max mem: 5880
      ITM Evaluation: [2400/6156]  eta: 0:01:59    time: 0.0329  data: 0.0000  max mem: 5880
      ITM Evaluation: [2500/6156]  eta: 0:01:56    time: 0.0336  data: 0.0000  max mem: 5880
      ITM Evaluation: [2600/6156]  eta: 0:01:53    time: 0.0310  data: 0.0000  max mem: 5880
      ITM Evaluation: [2700/6156]  eta: 0:01:50    time: 0.0305  data: 0.0000  max mem: 5880
      ITM Evaluation: [2800/6156]  eta: 0:01:47    time: 0.0315  data: 0.0000  max mem: 5880
      ITM Evaluation: [2900/6156]  eta: 0:01:44    time: 0.0308  data: 0.0000  max mem: 5880
      ITM Evaluation: [3000/6156]  eta: 0:01:40    time: 0.0303  data: 0.0000  max mem: 5880
      ITM Evaluation: [3100/6156]  eta: 0:01:37    time: 0.0298  data: 0.0000  max mem: 5880
      ITM Evaluation: [3200/6156]  eta: 0:01:34    time: 0.0298  data: 0.0000  max mem: 5880
      ITM Evaluation: [3300/6156]  eta: 0:01:30    time: 0.0316  data: 0.0000  max mem: 5880
      ITM Evaluation: [3400/6156]  eta: 0:01:27    time: 0.0301  data: 0.0000  max mem: 5880
      ITM Evaluation: [3500/6156]  eta: 0:01:24    time: 0.0301  data: 0.0000  max mem: 5880
      ITM Evaluation: [3600/6156]  eta: 0:01:21    time: 0.0301  data: 0.0000  max mem: 5880
      ITM Evaluation: [3700/6156]  eta: 0:01:17    time: 0.0315  data: 0.0000  max mem: 5880
      ITM Evaluation: [3800/6156]  eta: 0:01:14    time: 0.0318  data: 0.0000  max mem: 5880
      ITM Evaluation: [3900/6156]  eta: 0:01:11    time: 0.0323  data: 0.0000  max mem: 5880
      ITM Evaluation: [4000/6156]  eta: 0:01:08    time: 0.0319  data: 0.0000  max mem: 5880
      ITM Evaluation: [4100/6156]  eta: 0:01:05    time: 0.0299  data: 0.0000  max mem: 5880
      ITM Evaluation: [4200/6156]  eta: 0:01:01    time: 0.0298  data: 0.0000  max mem: 5880
      ITM Evaluation: [4300/6156]  eta: 0:00:58    time: 0.0299  data: 0.0000  max mem: 5880
      ITM Evaluation: [4400/6156]  eta: 0:00:55    time: 0.0297  data: 0.0000  max mem: 5880
      ITM Evaluation: [4500/6156]  eta: 0:00:52    time: 0.0312  data: 0.0000  max mem: 5880
      ITM Evaluation: [4600/6156]  eta: 0:00:49    time: 0.0300  data: 0.0000  max mem: 5880
      ITM Evaluation: [4700/6156]  eta: 0:00:45    time: 0.0299  data: 0.0000  max mem: 5880
      ITM Evaluation: [4800/6156]  eta: 0:00:42    time: 0.0303  data: 0.0000  max mem: 5880
      ITM Evaluation: [4900/6156]  eta: 0:00:39    time: 0.0306  data: 0.0000  max mem: 5880
      ITM Evaluation: [5000/6156]  eta: 0:00:36    time: 0.0315  data: 0.0000  max mem: 5880
      ITM Evaluation: [5100/6156]  eta: 0:00:33    time: 0.0318  data: 0.0000  max mem: 5880
      ITM Evaluation: [5200/6156]  eta: 0:00:30    time: 0.0326  data: 0.0000  max mem: 5880
      ITM Evaluation: [5300/6156]  eta: 0:00:26    time: 0.0299  data: 0.0000  max mem: 5880
      ITM Evaluation: [5400/6156]  eta: 0:00:23    time: 0.0298  data: 0.0000  max mem: 5880
      ITM Evaluation: [5500/6156]  eta: 0:00:20    time: 0.0299  data: 0.0000  max mem: 5880
      ITM Evaluation: [5600/6156]  eta: 0:00:17    time: 0.0315  data: 0.0000  max mem: 5880
      ITM Evaluation: [5700/6156]  eta: 0:00:14    time: 0.0307  data: 0.0000  max mem: 5880
      ITM Evaluation: [5800/6156]  eta: 0:00:11    time: 0.0305  data: 0.0000  max mem: 5880
      ITM Evaluation: [5900/6156]  eta: 0:00:08    time: 0.0302  data: 0.0000  max mem: 5880
      ITM Evaluation: [6000/6156]  eta: 0:00:04    time: 0.0305  data: 0.0000  max mem: 5880
      ITM Evaluation: [6100/6156]  eta: 0:00:01    time: 0.0319  data: 0.0000  max mem: 5880
      ITM Evaluation: [6155/6156]  eta: 0:00:00    time: 0.0302  data: 0.0000  max mem: 5880
      ITM Evaluation: Total time: 0:03:12 (0.0313 s / it)
     total_time 192.94632363319397
     Computing matching score time 0:03:12
### TTA ITM Score: 
+-------+--------+--------+--------+--------+--------+
| epoch |   R1   |   R5   |  R10   |  mAP   |  mINP  |
+-------+--------+--------+--------+--------+--------+
|  -999 | 70.760 | 87.378 | 92.268 | 63.849 | 48.174 |
|  -999 | 76.170 | 89.457 | 93.600 | 65.570 | 47.372 |
|   0   | 73.619 | 88.726 | 92.804 | 64.386 | 47.013 |
+-------+--------+--------+--------+--------+--------+
     logs:  {'epo': 0, 'R1': 73.619, 'R5': 88.726, 'R10': 92.804, 'mAP': 64.386, 'mINP': 47.013, 'lr': 0.000738, 'entropy': 0.406769, 'loss': 2.844566}
      TTA Epoch: [1] [  0/192]  eta: 0:01:33  lr: 0.000984  entropy: 0.2900  loss: 2.8011  time: 0.4873  data: 0.3749  max mem: 5880
      TTA Epoch: [1] [100/192]  eta: 0:00:05  lr: 0.000966  entropy: 0.2851  loss: 2.7996  time: 0.0824  data: 0.0002  max mem: 5880
      TTA Epoch: [1] [191/192]  eta: 0:00:00  lr: 0.000950  entropy: 0.2423  loss: 2.7838  time: 0.0399  data: 0.0001  max mem: 5880
      TTA Epoch: [1] Total time: 0:00:11 (0.0577 s / it)
     Averaged stats: lr: 0.0010  entropy: 0.2150  loss: 2.7734
     itm tta time 0:00:11
     Computing matching score
      ITM Evaluation: [   0/6156]  eta: 0:03:58    time: 0.0388  data: 0.0071  max mem: 5880
      ITM Evaluation: [ 100/6156]  eta: 0:03:03    time: 0.0305  data: 0.0000  max mem: 5880
      ITM Evaluation: [ 200/6156]  eta: 0:03:00    time: 0.0299  data: 0.0000  max mem: 5880
      ITM Evaluation: [ 300/6156]  eta: 0:02:56    time: 0.0299  data: 0.0000  max mem: 5880
      ITM Evaluation: [ 400/6156]  eta: 0:02:53    time: 0.0305  data: 0.0000  max mem: 5880
      ITM Evaluation: [ 500/6156]  eta: 0:02:50    time: 0.0299  data: 0.0000  max mem: 5880
      ITM Evaluation: [ 600/6156]  eta: 0:02:47    time: 0.0301  data: 0.0000  max mem: 5880
      ITM Evaluation: [ 700/6156]  eta: 0:02:44    time: 0.0303  data: 0.0000  max mem: 5880
      ITM Evaluation: [ 800/6156]  eta: 0:02:41    time: 0.0301  data: 0.0000  max mem: 5880
      ITM Evaluation: [ 900/6156]  eta: 0:02:38    time: 0.0302  data: 0.0000  max mem: 5880
      ITM Evaluation: [1000/6156]  eta: 0:02:35    time: 0.0329  data: 0.0000  max mem: 5880
      ITM Evaluation: [1100/6156]  eta: 0:02:35    time: 0.0314  data: 0.0000  max mem: 5880
      ITM Evaluation: [1200/6156]  eta: 0:02:32    time: 0.0299  data: 0.0000  max mem: 5880
      ITM Evaluation: [1300/6156]  eta: 0:02:29    time: 0.0298  data: 0.0000  max mem: 5880
      ITM Evaluation: [1400/6156]  eta: 0:02:25    time: 0.0303  data: 0.0000  max mem: 5880
      ITM Evaluation: [1500/6156]  eta: 0:02:23    time: 0.0307  data: 0.0000  max mem: 5880
      ITM Evaluation: [1600/6156]  eta: 0:02:20    time: 0.0326  data: 0.0000  max mem: 5880
      ITM Evaluation: [1700/6156]  eta: 0:02:17    time: 0.0323  data: 0.0000  max mem: 5880
      ITM Evaluation: [1800/6156]  eta: 0:02:15    time: 0.0345  data: 0.0000  max mem: 5880
      ITM Evaluation: [1900/6156]  eta: 0:02:12    time: 0.0332  data: 0.0000  max mem: 5880
      ITM Evaluation: [2000/6156]  eta: 0:02:11    time: 0.0449  data: 0.0000  max mem: 5880
      ITM Evaluation: [2100/6156]  eta: 0:02:10    time: 0.0396  data: 0.0000  max mem: 5880
      ITM Evaluation: [2200/6156]  eta: 0:02:08    time: 0.0501  data: 0.0000  max mem: 5880
      ITM Evaluation: [2300/6156]  eta: 0:02:05    time: 0.0359  data: 0.0000  max mem: 5880
      ITM Evaluation: [2400/6156]  eta: 0:02:02    time: 0.0323  data: 0.0000  max mem: 5880
      ITM Evaluation: [2500/6156]  eta: 0:01:59    time: 0.0310  data: 0.0000  max mem: 5880
      ITM Evaluation: [2600/6156]  eta: 0:01:56    time: 0.0300  data: 0.0000  max mem: 5880
      ITM Evaluation: [2700/6156]  eta: 0:01:52    time: 0.0326  data: 0.0000  max mem: 5880
      ITM Evaluation: [2800/6156]  eta: 0:01:49    time: 0.0307  data: 0.0000  max mem: 5880
      ITM Evaluation: [2900/6156]  eta: 0:01:45    time: 0.0306  data: 0.0000  max mem: 5880
      ITM Evaluation: [3000/6156]  eta: 0:01:42    time: 0.0301  data: 0.0000  max mem: 5880
      ITM Evaluation: [3100/6156]  eta: 0:01:38    time: 0.0302  data: 0.0000  max mem: 5880
      ITM Evaluation: [3200/6156]  eta: 0:01:35    time: 0.0300  data: 0.0000  max mem: 5880
      ITM Evaluation: [3300/6156]  eta: 0:01:32    time: 0.0321  data: 0.0000  max mem: 5880
      ITM Evaluation: [3400/6156]  eta: 0:01:28    time: 0.0300  data: 0.0000  max mem: 5880
      ITM Evaluation: [3500/6156]  eta: 0:01:25    time: 0.0316  data: 0.0000  max mem: 5880
      ITM Evaluation: [3600/6156]  eta: 0:01:22    time: 0.0311  data: 0.0000  max mem: 5880
      ITM Evaluation: [3700/6156]  eta: 0:01:18    time: 0.0299  data: 0.0000  max mem: 5880
      ITM Evaluation: [3800/6156]  eta: 0:01:15    time: 0.0297  data: 0.0000  max mem: 5880
      ITM Evaluation: [3900/6156]  eta: 0:01:12    time: 0.0297  data: 0.0000  max mem: 5880
      ITM Evaluation: [4000/6156]  eta: 0:01:08    time: 0.0299  data: 0.0000  max mem: 5880
      ITM Evaluation: [4100/6156]  eta: 0:01:05    time: 0.0297  data: 0.0000  max mem: 5880
      ITM Evaluation: [4200/6156]  eta: 0:01:02    time: 0.0296  data: 0.0000  max mem: 5880
      ITM Evaluation: [4300/6156]  eta: 0:00:59    time: 0.0295  data: 0.0000  max mem: 5880
      ITM Evaluation: [4400/6156]  eta: 0:00:55    time: 0.0298  data: 0.0000  max mem: 5880
      ITM Evaluation: [4500/6156]  eta: 0:00:52    time: 0.0305  data: 0.0000  max mem: 5880
      ITM Evaluation: [4600/6156]  eta: 0:00:49    time: 0.0314  data: 0.0000  max mem: 5880
      ITM Evaluation: [4700/6156]  eta: 0:00:46    time: 0.0316  data: 0.0000  max mem: 5880
      ITM Evaluation: [4800/6156]  eta: 0:00:42    time: 0.0316  data: 0.0000  max mem: 5880
      ITM Evaluation: [4900/6156]  eta: 0:00:39    time: 0.0297  data: 0.0000  max mem: 5880
      ITM Evaluation: [5000/6156]  eta: 0:00:36    time: 0.0299  data: 0.0000  max mem: 5880
      ITM Evaluation: [5100/6156]  eta: 0:00:33    time: 0.0298  data: 0.0000  max mem: 5880
      ITM Evaluation: [5200/6156]  eta: 0:00:30    time: 0.0309  data: 0.0000  max mem: 5880
      ITM Evaluation: [5300/6156]  eta: 0:00:26    time: 0.0298  data: 0.0000  max mem: 5880
      ITM Evaluation: [5400/6156]  eta: 0:00:23    time: 0.0299  data: 0.0000  max mem: 5880
      ITM Evaluation: [5500/6156]  eta: 0:00:20    time: 0.0300  data: 0.0000  max mem: 5880
      ITM Evaluation: [5600/6156]  eta: 0:00:17    time: 0.0306  data: 0.0000  max mem: 5880
      ITM Evaluation: [5700/6156]  eta: 0:00:14    time: 0.0316  data: 0.0000  max mem: 5880
      ITM Evaluation: [5800/6156]  eta: 0:00:11    time: 0.0321  data: 0.0000  max mem: 5880
      ITM Evaluation: [5900/6156]  eta: 0:00:08    time: 0.0329  data: 0.0000  max mem: 5880
      ITM Evaluation: [6000/6156]  eta: 0:00:04    time: 0.0455  data: 0.0000  max mem: 5880
      ITM Evaluation: [6100/6156]  eta: 0:00:01    time: 0.0335  data: 0.0000  max mem: 5880
      ITM Evaluation: [6155/6156]  eta: 0:00:00    time: 0.0312  data: 0.0000  max mem: 5880
      ITM Evaluation: Total time: 0:03:15 (0.0317 s / it)
     total_time 195.46724939346313
     Computing matching score time 0:03:15
### TTA ITM Score: 
+-------+--------+--------+--------+--------+--------+
| epoch |   R1   |   R5   |  R10   |  mAP   |  mINP  |
+-------+--------+--------+--------+--------+--------+
|  -999 | 70.760 | 87.378 | 92.268 | 63.849 | 48.174 |
|  -999 | 76.170 | 89.457 | 93.600 | 65.570 | 47.372 |
|   0   | 73.619 | 88.726 | 92.804 | 64.386 | 47.013 |
|   1   | 63.450 | 87.768 | 93.096 | 58.554 | 42.125 |
+-------+--------+--------+--------+--------+--------+
     logs:  {'epo': 1, 'R1': 63.45, 'R5': 87.768, 'R10': 93.096, 'mAP': 58.554, 'mINP': 42.125, 'lr': 0.000967, 'entropy': 0.214954, 'loss': 2.773357}
      TTA Epoch: [2] [  0/192]  eta: 0:02:17  lr: 0.000950  entropy: 0.2290  loss: 2.7786  time: 0.7151  data: 0.6134  max mem: 5880
      TTA Epoch: [2] [100/192]  eta: 0:00:04  lr: 0.000466  entropy: 0.2064  loss: 2.7702  time: 0.0425  data: 0.0001  max mem: 5880
      TTA Epoch: [2] [191/192]  eta: 0:00:00  lr: 0.000458  entropy: 0.1241  loss: 2.7395  time: 0.0413  data: 0.0001  max mem: 5880
      TTA Epoch: [2] Total time: 0:00:08 (0.0463 s / it)
     Averaged stats: lr: 0.0005  entropy: 0.1705  loss: 2.7568
     itm tta time 0:00:09
     Computing matching score
      ITM Evaluation: [   0/6156]  eta: 0:04:00    time: 0.0391  data: 0.0056  max mem: 5880
      ITM Evaluation: [ 100/6156]  eta: 0:03:06    time: 0.0301  data: 0.0000  max mem: 5880
      ITM Evaluation: [ 200/6156]  eta: 0:03:01    time: 0.0306  data: 0.0000  max mem: 5880
      ITM Evaluation: [ 300/6156]  eta: 0:02:59    time: 0.0313  data: 0.0000  max mem: 5880
      ITM Evaluation: [ 400/6156]  eta: 0:02:56    time: 0.0304  data: 0.0000  max mem: 5880
      ITM Evaluation: [ 500/6156]  eta: 0:02:54    time: 0.0304  data: 0.0000  max mem: 5880
      ITM Evaluation: [ 600/6156]  eta: 0:02:52    time: 0.0321  data: 0.0000  max mem: 5880
      ITM Evaluation: [ 700/6156]  eta: 0:02:53    time: 0.0389  data: 0.0000  max mem: 5880
      ITM Evaluation: [ 800/6156]  eta: 0:02:49    time: 0.0317  data: 0.0000  max mem: 5880
      ITM Evaluation: [ 900/6156]  eta: 0:02:47    time: 0.0332  data: 0.0000  max mem: 5880
      ITM Evaluation: [1000/6156]  eta: 0:02:44    time: 0.0308  data: 0.0000  max mem: 5880
      ITM Evaluation: [1100/6156]  eta: 0:02:40    time: 0.0309  data: 0.0000  max mem: 5880
      ITM Evaluation: [1200/6156]  eta: 0:02:36    time: 0.0308  data: 0.0000  max mem: 5880
      ITM Evaluation: [1300/6156]  eta: 0:02:33    time: 0.0307  data: 0.0000  max mem: 5880
      ITM Evaluation: [1400/6156]  eta: 0:02:29    time: 0.0306  data: 0.0000  max mem: 5880
      ITM Evaluation: [1500/6156]  eta: 0:02:26    time: 0.0307  data: 0.0000  max mem: 5880
      ITM Evaluation: [1600/6156]  eta: 0:02:23    time: 0.0306  data: 0.0000  max mem: 5880
      ITM Evaluation: [1700/6156]  eta: 0:02:19    time: 0.0307  data: 0.0000  max mem: 5880
      ITM Evaluation: [1800/6156]  eta: 0:02:16    time: 0.0307  data: 0.0000  max mem: 5880
      ITM Evaluation: [1900/6156]  eta: 0:02:13    time: 0.0323  data: 0.0000  max mem: 5880
      ITM Evaluation: [2000/6156]  eta: 0:02:10    time: 0.0314  data: 0.0000  max mem: 5880
      ITM Evaluation: [2100/6156]  eta: 0:02:07    time: 0.0343  data: 0.0000  max mem: 5880
      ITM Evaluation: [2200/6156]  eta: 0:02:04    time: 0.0309  data: 0.0000  max mem: 5880
      ITM Evaluation: [2300/6156]  eta: 0:02:01    time: 0.0310  data: 0.0000  max mem: 5880
      ITM Evaluation: [2400/6156]  eta: 0:01:58    time: 0.0309  data: 0.0000  max mem: 5880
      ITM Evaluation: [2500/6156]  eta: 0:01:54    time: 0.0309  data: 0.0000  max mem: 5880
      ITM Evaluation: [2600/6156]  eta: 0:01:51    time: 0.0306  data: 0.0000  max mem: 5880
      ITM Evaluation: [2700/6156]  eta: 0:01:48    time: 0.0306  data: 0.0000  max mem: 5880
      ITM Evaluation: [2800/6156]  eta: 0:01:45    time: 0.0307  data: 0.0000  max mem: 5880
      ITM Evaluation: [2900/6156]  eta: 0:01:42    time: 0.0308  data: 0.0000  max mem: 5880
      ITM Evaluation: [3000/6156]  eta: 0:01:38    time: 0.0319  data: 0.0000  max mem: 5880
      ITM Evaluation: [3100/6156]  eta: 0:01:35    time: 0.0317  data: 0.0000  max mem: 5880
      ITM Evaluation: [3200/6156]  eta: 0:01:32    time: 0.0308  data: 0.0000  max mem: 5880
      ITM Evaluation: [3300/6156]  eta: 0:01:29    time: 0.0330  data: 0.0000  max mem: 5880
      ITM Evaluation: [3400/6156]  eta: 0:01:26    time: 0.0324  data: 0.0000  max mem: 5880
      ITM Evaluation: [3500/6156]  eta: 0:01:23    time: 0.0306  data: 0.0000  max mem: 5880
      ITM Evaluation: [3600/6156]  eta: 0:01:20    time: 0.0304  data: 0.0000  max mem: 5880
      ITM Evaluation: [3700/6156]  eta: 0:01:16    time: 0.0306  data: 0.0000  max mem: 5880
      ITM Evaluation: [3800/6156]  eta: 0:01:13    time: 0.0305  data: 0.0000  max mem: 5880
      ITM Evaluation: [3900/6156]  eta: 0:01:10    time: 0.0310  data: 0.0000  max mem: 5880
      ITM Evaluation: [4000/6156]  eta: 0:01:07    time: 0.0306  data: 0.0000  max mem: 5880
      ITM Evaluation: [4100/6156]  eta: 0:01:04    time: 0.0305  data: 0.0000  max mem: 5880
      ITM Evaluation: [4200/6156]  eta: 0:01:01    time: 0.0317  data: 0.0000  max mem: 5880
      ITM Evaluation: [4300/6156]  eta: 0:00:58    time: 0.0305  data: 0.0000  max mem: 5880
      ITM Evaluation: [4400/6156]  eta: 0:00:54    time: 0.0304  data: 0.0000  max mem: 5880
      ITM Evaluation: [4500/6156]  eta: 0:00:51    time: 0.0309  data: 0.0000  max mem: 5880
      ITM Evaluation: [4600/6156]  eta: 0:00:48    time: 0.0321  data: 0.0000  max mem: 5880
      ITM Evaluation: [4700/6156]  eta: 0:00:45    time: 0.0303  data: 0.0000  max mem: 5880
      ITM Evaluation: [4800/6156]  eta: 0:00:42    time: 0.0307  data: 0.0000  max mem: 5880
      ITM Evaluation: [4900/6156]  eta: 0:00:39    time: 0.0308  data: 0.0000  max mem: 5880
      ITM Evaluation: [5000/6156]  eta: 0:00:36    time: 0.0306  data: 0.0000  max mem: 5880
      ITM Evaluation: [5100/6156]  eta: 0:00:32    time: 0.0310  data: 0.0000  max mem: 5880
      ITM Evaluation: [5200/6156]  eta: 0:00:29    time: 0.0307  data: 0.0000  max mem: 5880
      ITM Evaluation: [5300/6156]  eta: 0:00:26    time: 0.0306  data: 0.0000  max mem: 5880
      ITM Evaluation: [5400/6156]  eta: 0:00:23    time: 0.0320  data: 0.0000  max mem: 5880
      ITM Evaluation: [5500/6156]  eta: 0:00:20    time: 0.0305  data: 0.0000  max mem: 5880
      ITM Evaluation: [5600/6156]  eta: 0:00:17    time: 0.0305  data: 0.0000  max mem: 5880
      ITM Evaluation: [5700/6156]  eta: 0:00:14    time: 0.0304  data: 0.0000  max mem: 5880
      ITM Evaluation: [5800/6156]  eta: 0:00:11    time: 0.0329  data: 0.0000  max mem: 5880
      ITM Evaluation: [5900/6156]  eta: 0:00:07    time: 0.0323  data: 0.0000  max mem: 5880
      ITM Evaluation: [6000/6156]  eta: 0:00:04    time: 0.0307  data: 0.0000  max mem: 5880
      ITM Evaluation: [6100/6156]  eta: 0:00:01    time: 0.0311  data: 0.0000  max mem: 5880
      ITM Evaluation: [6155/6156]  eta: 0:00:00    time: 0.0308  data: 0.0000  max mem: 5880
      ITM Evaluation: Total time: 0:03:12 (0.0312 s / it)
     total_time 192.1809287071228
     Computing matching score time 0:03:12
### TTA ITM Score: 
+-------+--------+--------+--------+--------+--------+
| epoch |   R1   |   R5   |  R10   |  mAP   |  mINP  |
+-------+--------+--------+--------+--------+--------+
|  -999 | 70.760 | 87.378 | 92.268 | 63.849 | 48.174 |
|  -999 | 76.170 | 89.457 | 93.600 | 65.570 | 47.372 |
|   0   | 73.619 | 88.726 | 92.804 | 64.386 | 47.013 |
|   1   | 63.450 | 87.768 | 93.096 | 58.554 | 42.125 |
|   2   | 57.830 | 86.728 | 92.755 | 55.651 | 40.483 |
+-------+--------+--------+--------+--------+--------+
     logs:  {'epo': 2, 'R1': 57.83, 'R5': 86.728, 'R10': 92.755, 'mAP': 55.651, 'mINP': 40.483, 'lr': 0.000504, 'entropy': 0.170461, 'loss': 2.756841}
      TTA Epoch: [3] [  0/192]  eta: 0:01:53  lr: 0.000458  entropy: 0.2617  loss: 2.7908  time: 0.5916  data: 0.4933  max mem: 5880
      TTA Epoch: [3] [100/192]  eta: 0:00:05  lr: 0.000449  entropy: 0.2180  loss: 2.7746  time: 0.0481  data: 0.0001  max mem: 5880
      TTA Epoch: [3] [191/192]  eta: 0:00:00  lr: 0.000177  entropy: 0.1410  loss: 2.7460  time: 0.0482  data: 0.0001  max mem: 5880
      TTA Epoch: [3] Total time: 0:00:10 (0.0544 s / it)
     Averaged stats: lr: 0.0004  entropy: 0.1527  loss: 2.7503
     itm tta time 0:00:10
     Computing matching score
      ITM Evaluation: [   0/6156]  eta: 0:05:18    time: 0.0517  data: 0.0177  max mem: 5880
      ITM Evaluation: [ 100/6156]  eta: 0:04:30    time: 0.0386  data: 0.0000  max mem: 5880
      ITM Evaluation: [ 200/6156]  eta: 0:03:55    time: 0.0341  data: 0.0000  max mem: 5880
      ITM Evaluation: [ 300/6156]  eta: 0:03:50    time: 0.0322  data: 0.0000  max mem: 5880
      ITM Evaluation: [ 400/6156]  eta: 0:03:39    time: 0.0331  data: 0.0000  max mem: 5880
      ITM Evaluation: [ 500/6156]  eta: 0:03:30    time: 0.0319  data: 0.0000  max mem: 5880
      ITM Evaluation: [ 600/6156]  eta: 0:03:25    time: 0.0321  data: 0.0000  max mem: 5880
      ITM Evaluation: [ 700/6156]  eta: 0:03:16    time: 0.0303  data: 0.0000  max mem: 5880
      ITM Evaluation: [ 800/6156]  eta: 0:03:10    time: 0.0304  data: 0.0000  max mem: 5880
      ITM Evaluation: [ 900/6156]  eta: 0:03:03    time: 0.0305  data: 0.0000  max mem: 5880
      ITM Evaluation: [1000/6156]  eta: 0:02:58    time: 0.0300  data: 0.0000  max mem: 5880
      ITM Evaluation: [1100/6156]  eta: 0:02:53    time: 0.0304  data: 0.0000  max mem: 5880
      ITM Evaluation: [1200/6156]  eta: 0:02:48    time: 0.0302  data: 0.0000  max mem: 5880
      ITM Evaluation: [1300/6156]  eta: 0:02:43    time: 0.0307  data: 0.0000  max mem: 5880
      ITM Evaluation: [1400/6156]  eta: 0:02:39    time: 0.0318  data: 0.0000  max mem: 5880
      ITM Evaluation: [1500/6156]  eta: 0:02:35    time: 0.0303  data: 0.0000  max mem: 5880
      ITM Evaluation: [1600/6156]  eta: 0:02:31    time: 0.0333  data: 0.0000  max mem: 5880
      ITM Evaluation: [1700/6156]  eta: 0:02:27    time: 0.0318  data: 0.0000  max mem: 5880
      ITM Evaluation: [1800/6156]  eta: 0:02:23    time: 0.0302  data: 0.0000  max mem: 5880
      ITM Evaluation: [1900/6156]  eta: 0:02:19    time: 0.0300  data: 0.0000  max mem: 5880
      ITM Evaluation: [2000/6156]  eta: 0:02:15    time: 0.0298  data: 0.0000  max mem: 5880
      ITM Evaluation: [2100/6156]  eta: 0:02:12    time: 0.0299  data: 0.0000  max mem: 5880
      ITM Evaluation: [2200/6156]  eta: 0:02:08    time: 0.0298  data: 0.0000  max mem: 5880
      ITM Evaluation: [2300/6156]  eta: 0:02:04    time: 0.0300  data: 0.0000  max mem: 5880
      ITM Evaluation: [2400/6156]  eta: 0:02:01    time: 0.0297  data: 0.0000  max mem: 5880
      ITM Evaluation: [2500/6156]  eta: 0:01:57    time: 0.0299  data: 0.0000  max mem: 5880
      ITM Evaluation: [2600/6156]  eta: 0:01:54    time: 0.0316  data: 0.0000  max mem: 5880
      ITM Evaluation: [2700/6156]  eta: 0:01:50    time: 0.0299  data: 0.0000  max mem: 5880
      ITM Evaluation: [2800/6156]  eta: 0:01:47    time: 0.0299  data: 0.0000  max mem: 5880
      ITM Evaluation: [2900/6156]  eta: 0:01:44    time: 0.0322  data: 0.0000  max mem: 5880
      ITM Evaluation: [3000/6156]  eta: 0:01:40    time: 0.0317  data: 0.0000  max mem: 5880
      ITM Evaluation: [3100/6156]  eta: 0:01:37    time: 0.0298  data: 0.0000  max mem: 5880
      ITM Evaluation: [3200/6156]  eta: 0:01:34    time: 0.0300  data: 0.0000  max mem: 5880
      ITM Evaluation: [3300/6156]  eta: 0:01:30    time: 0.0298  data: 0.0000  max mem: 5880
      ITM Evaluation: [3400/6156]  eta: 0:01:27    time: 0.0297  data: 0.0000  max mem: 5880
      ITM Evaluation: [3500/6156]  eta: 0:01:24    time: 0.0301  data: 0.0000  max mem: 5880
      ITM Evaluation: [3600/6156]  eta: 0:01:20    time: 0.0298  data: 0.0000  max mem: 5880
      ITM Evaluation: [3700/6156]  eta: 0:01:17    time: 0.0301  data: 0.0000  max mem: 5880
      ITM Evaluation: [3800/6156]  eta: 0:01:14    time: 0.0325  data: 0.0000  max mem: 5880
      ITM Evaluation: [3900/6156]  eta: 0:01:11    time: 0.0303  data: 0.0000  max mem: 5880
      ITM Evaluation: [4000/6156]  eta: 0:01:08    time: 0.0302  data: 0.0000  max mem: 5880
      ITM Evaluation: [4100/6156]  eta: 0:01:04    time: 0.0302  data: 0.0000  max mem: 5880
      ITM Evaluation: [4200/6156]  eta: 0:01:01    time: 0.0319  data: 0.0000  max mem: 5880
      ITM Evaluation: [4300/6156]  eta: 0:00:58    time: 0.0301  data: 0.0000  max mem: 5880
      ITM Evaluation: [4400/6156]  eta: 0:00:55    time: 0.0306  data: 0.0000  max mem: 5880
      ITM Evaluation: [4500/6156]  eta: 0:00:52    time: 0.0306  data: 0.0000  max mem: 5880
      ITM Evaluation: [4600/6156]  eta: 0:00:48    time: 0.0303  data: 0.0000  max mem: 5880
      ITM Evaluation: [4700/6156]  eta: 0:00:45    time: 0.0306  data: 0.0000  max mem: 5880
      ITM Evaluation: [4800/6156]  eta: 0:00:42    time: 0.0301  data: 0.0000  max mem: 5880
      ITM Evaluation: [4900/6156]  eta: 0:00:39    time: 0.0302  data: 0.0000  max mem: 5880
      ITM Evaluation: [5000/6156]  eta: 0:00:36    time: 0.0324  data: 0.0000  max mem: 5880
      ITM Evaluation: [5100/6156]  eta: 0:00:33    time: 0.0337  data: 0.0000  max mem: 5880
      ITM Evaluation: [5200/6156]  eta: 0:00:30    time: 0.0320  data: 0.0000  max mem: 5880
      ITM Evaluation: [5300/6156]  eta: 0:00:26    time: 0.0322  data: 0.0000  max mem: 5880
      ITM Evaluation: [5400/6156]  eta: 0:00:23    time: 0.0338  data: 0.0000  max mem: 5880
      ITM Evaluation: [5500/6156]  eta: 0:00:20    time: 0.0460  data: 0.0000  max mem: 5880
      ITM Evaluation: [5600/6156]  eta: 0:00:17    time: 0.0315  data: 0.0000  max mem: 5880
      ITM Evaluation: [5700/6156]  eta: 0:00:14    time: 0.0312  data: 0.0000  max mem: 5880
      ITM Evaluation: [5800/6156]  eta: 0:00:11    time: 0.0307  data: 0.0000  max mem: 5880
      ITM Evaluation: [5900/6156]  eta: 0:00:08    time: 0.0308  data: 0.0000  max mem: 5880
      ITM Evaluation: [6000/6156]  eta: 0:00:04    time: 0.0317  data: 0.0000  max mem: 5880
      ITM Evaluation: [6100/6156]  eta: 0:00:01    time: 0.0327  data: 0.0000  max mem: 5880
      ITM Evaluation: [6155/6156]  eta: 0:00:00    time: 0.0341  data: 0.0000  max mem: 5880
      ITM Evaluation: Total time: 0:03:16 (0.0319 s / it)
     total_time 196.65277528762817
     Computing matching score time 0:03:16
### TTA ITM Score: 
+-------+--------+--------+--------+--------+--------+
| epoch |   R1   |   R5   |  R10   |  mAP   |  mINP  |
+-------+--------+--------+--------+--------+--------+
|  -999 | 70.760 | 87.378 | 92.268 | 63.849 | 48.174 |
|  -999 | 76.170 | 89.457 | 93.600 | 65.570 | 47.372 |
|   0   | 73.619 | 88.726 | 92.804 | 64.386 | 47.013 |
|   1   | 63.450 | 87.768 | 93.096 | 58.554 | 42.125 |
|   2   | 57.830 | 86.728 | 92.755 | 55.651 | 40.483 |
|   3   | 62.622 | 87.557 | 92.771 | 58.300 | 41.999 |
+-------+--------+--------+--------+--------+--------+
     logs:  {'epo': 3, 'R1': 62.622, 'R5': 87.557, 'R10': 92.771, 'mAP': 58.3, 'mINP': 41.999, 'lr': 0.000354, 'entropy': 0.152718, 'loss': 2.750254}
      TTA Epoch: [4] [  0/192]  eta: 0:02:11  lr: 0.000176  entropy: 0.1393  loss: 2.7452  time: 0.6841  data: 0.5539  max mem: 5880
      TTA Epoch: [4] [100/192]  eta: 0:00:07  lr: 0.000173  entropy: 0.1201  loss: 2.7380  time: 0.0821  data: 0.0002  max mem: 5880
      TTA Epoch: [4] [191/192]  eta: 0:00:00  lr: 0.000170  entropy: 0.1456  loss: 2.7475  time: 0.0468  data: 0.0001  max mem: 5880
      TTA Epoch: [4] Total time: 0:00:14 (0.0743 s / it)
     Averaged stats: lr: 0.0002  entropy: 0.1466  loss: 2.7480
     itm tta time 0:00:14
     Computing matching score
      ITM Evaluation: [   0/6156]  eta: 0:04:23    time: 0.0429  data: 0.0096  max mem: 5880
      ITM Evaluation: [ 100/6156]  eta: 0:03:04    time: 0.0303  data: 0.0000  max mem: 5880
      ITM Evaluation: [ 200/6156]  eta: 0:03:00    time: 0.0303  data: 0.0000  max mem: 5880
      ITM Evaluation: [ 300/6156]  eta: 0:02:56    time: 0.0298  data: 0.0000  max mem: 5880
      ITM Evaluation: [ 400/6156]  eta: 0:02:53    time: 0.0298  data: 0.0000  max mem: 5880
      ITM Evaluation: [ 500/6156]  eta: 0:02:50    time: 0.0302  data: 0.0000  max mem: 5880
      ITM Evaluation: [ 600/6156]  eta: 0:02:47    time: 0.0301  data: 0.0000  max mem: 5880
      ITM Evaluation: [ 700/6156]  eta: 0:02:44    time: 0.0302  data: 0.0000  max mem: 5880
      ITM Evaluation: [ 800/6156]  eta: 0:02:41    time: 0.0302  data: 0.0000  max mem: 5880
      ITM Evaluation: [ 900/6156]  eta: 0:02:38    time: 0.0297  data: 0.0000  max mem: 5880
      ITM Evaluation: [1000/6156]  eta: 0:02:35    time: 0.0311  data: 0.0000  max mem: 5880
      ITM Evaluation: [1100/6156]  eta: 0:02:35    time: 0.0409  data: 0.0000  max mem: 5880
      ITM Evaluation: [1200/6156]  eta: 0:02:32    time: 0.0306  data: 0.0000  max mem: 5880
      ITM Evaluation: [1300/6156]  eta: 0:02:29    time: 0.0302  data: 0.0000  max mem: 5880
      ITM Evaluation: [1400/6156]  eta: 0:02:25    time: 0.0299  data: 0.0000  max mem: 5880
      ITM Evaluation: [1500/6156]  eta: 0:02:22    time: 0.0300  data: 0.0000  max mem: 5880
      ITM Evaluation: [1600/6156]  eta: 0:02:19    time: 0.0296  data: 0.0000  max mem: 5880
      ITM Evaluation: [1700/6156]  eta: 0:02:15    time: 0.0298  data: 0.0000  max mem: 5880
      ITM Evaluation: [1800/6156]  eta: 0:02:12    time: 0.0300  data: 0.0000  max mem: 5880
      ITM Evaluation: [1900/6156]  eta: 0:02:09    time: 0.0300  data: 0.0000  max mem: 5880
      ITM Evaluation: [2000/6156]  eta: 0:02:06    time: 0.0301  data: 0.0000  max mem: 5880
      ITM Evaluation: [2100/6156]  eta: 0:02:03    time: 0.0304  data: 0.0000  max mem: 5880
      ITM Evaluation: [2200/6156]  eta: 0:02:00    time: 0.0307  data: 0.0000  max mem: 5880
      ITM Evaluation: [2300/6156]  eta: 0:01:58    time: 0.0429  data: 0.0000  max mem: 5880
      ITM Evaluation: [2400/6156]  eta: 0:01:55    time: 0.0309  data: 0.0000  max mem: 5880
      ITM Evaluation: [2500/6156]  eta: 0:01:51    time: 0.0299  data: 0.0000  max mem: 5880
      ITM Evaluation: [2600/6156]  eta: 0:01:48    time: 0.0298  data: 0.0000  max mem: 5880
      ITM Evaluation: [2700/6156]  eta: 0:01:45    time: 0.0297  data: 0.0000  max mem: 5880
      ITM Evaluation: [2800/6156]  eta: 0:01:42    time: 0.0298  data: 0.0000  max mem: 5880
      ITM Evaluation: [2900/6156]  eta: 0:01:39    time: 0.0298  data: 0.0000  max mem: 5880
      ITM Evaluation: [3000/6156]  eta: 0:01:36    time: 0.0301  data: 0.0000  max mem: 5880
      ITM Evaluation: [3100/6156]  eta: 0:01:33    time: 0.0300  data: 0.0000  max mem: 5880
      ITM Evaluation: [3200/6156]  eta: 0:01:30    time: 0.0302  data: 0.0000  max mem: 5880
      ITM Evaluation: [3300/6156]  eta: 0:01:27    time: 0.0298  data: 0.0000  max mem: 5880
      ITM Evaluation: [3400/6156]  eta: 0:01:23    time: 0.0303  data: 0.0000  max mem: 5880
      ITM Evaluation: [3500/6156]  eta: 0:01:21    time: 0.0440  data: 0.0000  max mem: 5880
      ITM Evaluation: [3600/6156]  eta: 0:01:18    time: 0.0315  data: 0.0000  max mem: 5880
      ITM Evaluation: [3700/6156]  eta: 0:01:15    time: 0.0300  data: 0.0000  max mem: 5880
      ITM Evaluation: [3800/6156]  eta: 0:01:12    time: 0.0303  data: 0.0000  max mem: 5880
      ITM Evaluation: [3900/6156]  eta: 0:01:09    time: 0.0303  data: 0.0000  max mem: 5880
      ITM Evaluation: [4000/6156]  eta: 0:01:05    time: 0.0308  data: 0.0000  max mem: 5880
      ITM Evaluation: [4100/6156]  eta: 0:01:02    time: 0.0300  data: 0.0000  max mem: 5880
      ITM Evaluation: [4200/6156]  eta: 0:00:59    time: 0.0299  data: 0.0000  max mem: 5880
      ITM Evaluation: [4300/6156]  eta: 0:00:56    time: 0.0302  data: 0.0000  max mem: 5880
      ITM Evaluation: [4400/6156]  eta: 0:00:53    time: 0.0303  data: 0.0000  max mem: 5880
      ITM Evaluation: [4500/6156]  eta: 0:00:50    time: 0.0302  data: 0.0000  max mem: 5880
      ITM Evaluation: [4600/6156]  eta: 0:00:47    time: 0.0302  data: 0.0000  max mem: 5880
      ITM Evaluation: [4700/6156]  eta: 0:00:44    time: 0.0419  data: 0.0000  max mem: 5880
      ITM Evaluation: [4800/6156]  eta: 0:00:41    time: 0.0315  data: 0.0000  max mem: 5880
      ITM Evaluation: [4900/6156]  eta: 0:00:38    time: 0.0299  data: 0.0000  max mem: 5880
      ITM Evaluation: [5000/6156]  eta: 0:00:35    time: 0.0297  data: 0.0000  max mem: 5880
      ITM Evaluation: [5100/6156]  eta: 0:00:32    time: 0.0299  data: 0.0000  max mem: 5880
      ITM Evaluation: [5200/6156]  eta: 0:00:29    time: 0.0299  data: 0.0000  max mem: 5880
      ITM Evaluation: [5300/6156]  eta: 0:00:26    time: 0.0301  data: 0.0000  max mem: 5880
      ITM Evaluation: [5400/6156]  eta: 0:00:23    time: 0.0298  data: 0.0000  max mem: 5880
      ITM Evaluation: [5500/6156]  eta: 0:00:20    time: 0.0298  data: 0.0000  max mem: 5880
      ITM Evaluation: [5600/6156]  eta: 0:00:17    time: 0.0299  data: 0.0000  max mem: 5880
      ITM Evaluation: [5700/6156]  eta: 0:00:13    time: 0.0298  data: 0.0000  max mem: 5880
      ITM Evaluation: [5800/6156]  eta: 0:00:10    time: 0.0300  data: 0.0000  max mem: 5880
      ITM Evaluation: [5900/6156]  eta: 0:00:07    time: 0.0396  data: 0.0000  max mem: 5880
      ITM Evaluation: [6000/6156]  eta: 0:00:04    time: 0.0328  data: 0.0000  max mem: 5880
      ITM Evaluation: [6100/6156]  eta: 0:00:01    time: 0.0303  data: 0.0000  max mem: 5880
      ITM Evaluation: [6155/6156]  eta: 0:00:00    time: 0.0301  data: 0.0000  max mem: 5880
      ITM Evaluation: Total time: 0:03:08 (0.0307 s / it)
     total_time 188.87725114822388
     Computing matching score time 0:03:08
### TTA ITM Score: 
+-------+--------+--------+--------+--------+--------+
| epoch |   R1   |   R5   |  R10   |  mAP   |  mINP  |
+-------+--------+--------+--------+--------+--------+
|  -999 | 70.760 | 87.378 | 92.268 | 63.849 | 48.174 |
|  -999 | 76.170 | 89.457 | 93.600 | 65.570 | 47.372 |
|   0   | 73.619 | 88.726 | 92.804 | 64.386 | 47.013 |
|   1   | 63.450 | 87.768 | 93.096 | 58.554 | 42.125 |
|   2   | 57.830 | 86.728 | 92.755 | 55.651 | 40.483 |
|   3   | 62.622 | 87.557 | 92.771 | 58.300 | 41.999 |
|   4   | 59.519 | 86.680 | 92.658 | 56.316 | 40.673 |
+-------+--------+--------+--------+--------+--------+
     logs:  {'epo': 4, 'R1': 59.519, 'R5': 86.68, 'R10': 92.658, 'mAP': 56.316, 'mINP': 40.673, 'lr': 0.000173, 'entropy': 0.146553, 'loss': 2.747965}
      TTA Epoch: [5] [  0/192]  eta: 0:01:45  lr: 0.000170  entropy: 0.1046  loss: 2.7324  time: 0.5489  data: 0.4561  max mem: 5880
      TTA Epoch: [5] [100/192]  eta: 0:00:04  lr: 0.000166  entropy: 0.2161  loss: 2.7741  time: 0.0441  data: 0.0001  max mem: 5880
      TTA Epoch: [5] [191/192]  eta: 0:00:00  lr: 0.000163  entropy: 0.1366  loss: 2.7442  time: 0.0405  data: 0.0001  max mem: 5880
      TTA Epoch: [5] Total time: 0:00:08 (0.0467 s / it)
     Averaged stats: lr: 0.0002  entropy: 0.1432  loss: 2.7467
     itm tta time 0:00:09
     Computing matching score
      ITM Evaluation: [   0/6156]  eta: 0:04:14    time: 0.0414  data: 0.0069  max mem: 5880
      ITM Evaluation: [ 100/6156]  eta: 0:03:00    time: 0.0296  data: 0.0000  max mem: 5880
      ITM Evaluation: [ 200/6156]  eta: 0:02:57    time: 0.0296  data: 0.0000  max mem: 5880
      ITM Evaluation: [ 300/6156]  eta: 0:02:54    time: 0.0295  data: 0.0000  max mem: 5880
      ITM Evaluation: [ 400/6156]  eta: 0:02:51    time: 0.0297  data: 0.0000  max mem: 5880
      ITM Evaluation: [ 500/6156]  eta: 0:02:48    time: 0.0316  data: 0.0000  max mem: 5880
      ITM Evaluation: [ 600/6156]  eta: 0:02:48    time: 0.0356  data: 0.0000  max mem: 5880
      ITM Evaluation: [ 700/6156]  eta: 0:02:46    time: 0.0310  data: 0.0000  max mem: 5880
      ITM Evaluation: [ 800/6156]  eta: 0:02:42    time: 0.0302  data: 0.0000  max mem: 5880
      ITM Evaluation: [ 900/6156]  eta: 0:02:39    time: 0.0299  data: 0.0000  max mem: 5880
      ITM Evaluation: [1000/6156]  eta: 0:02:36    time: 0.0300  data: 0.0000  max mem: 5880
      ITM Evaluation: [1100/6156]  eta: 0:02:33    time: 0.0303  data: 0.0000  max mem: 5880
      ITM Evaluation: [1200/6156]  eta: 0:02:29    time: 0.0297  data: 0.0000  max mem: 5880
      ITM Evaluation: [1300/6156]  eta: 0:02:26    time: 0.0298  data: 0.0000  max mem: 5880
      ITM Evaluation: [1400/6156]  eta: 0:02:23    time: 0.0308  data: 0.0000  max mem: 5880
      ITM Evaluation: [1500/6156]  eta: 0:02:20    time: 0.0301  data: 0.0000  max mem: 5880
      ITM Evaluation: [1600/6156]  eta: 0:02:17    time: 0.0298  data: 0.0000  max mem: 5880
      ITM Evaluation: [1700/6156]  eta: 0:02:14    time: 0.0316  data: 0.0000  max mem: 5880
      ITM Evaluation: [1800/6156]  eta: 0:02:11    time: 0.0314  data: 0.0000  max mem: 5880
      ITM Evaluation: [1900/6156]  eta: 0:02:08    time: 0.0319  data: 0.0000  max mem: 5880
      ITM Evaluation: [2000/6156]  eta: 0:02:06    time: 0.0300  data: 0.0000  max mem: 5880
      ITM Evaluation: [2100/6156]  eta: 0:02:02    time: 0.0298  data: 0.0000  max mem: 5880
      ITM Evaluation: [2200/6156]  eta: 0:01:59    time: 0.0296  data: 0.0000  max mem: 5880
      ITM Evaluation: [2300/6156]  eta: 0:01:56    time: 0.0304  data: 0.0000  max mem: 5880
      ITM Evaluation: [2400/6156]  eta: 0:01:53    time: 0.0301  data: 0.0000  max mem: 5880
      ITM Evaluation: [2500/6156]  eta: 0:01:50    time: 0.0300  data: 0.0000  max mem: 5880
      ITM Evaluation: [2600/6156]  eta: 0:01:47    time: 0.0300  data: 0.0000  max mem: 5880
      ITM Evaluation: [2700/6156]  eta: 0:01:44    time: 0.0302  data: 0.0000  max mem: 5880
      ITM Evaluation: [2800/6156]  eta: 0:01:41    time: 0.0306  data: 0.0000  max mem: 5880
      ITM Evaluation: [2900/6156]  eta: 0:01:38    time: 0.0297  data: 0.0000  max mem: 5880
      ITM Evaluation: [3000/6156]  eta: 0:01:35    time: 0.0310  data: 0.0000  max mem: 5880
      ITM Evaluation: [3100/6156]  eta: 0:01:32    time: 0.0319  data: 0.0000  max mem: 5880
      ITM Evaluation: [3200/6156]  eta: 0:01:29    time: 0.0302  data: 0.0000  max mem: 5880
      ITM Evaluation: [3300/6156]  eta: 0:01:26    time: 0.0300  data: 0.0000  max mem: 5880
      ITM Evaluation: [3400/6156]  eta: 0:01:23    time: 0.0297  data: 0.0000  max mem: 5880
      ITM Evaluation: [3500/6156]  eta: 0:01:20    time: 0.0297  data: 0.0000  max mem: 5880
      ITM Evaluation: [3600/6156]  eta: 0:01:17    time: 0.0298  data: 0.0000  max mem: 5880
      ITM Evaluation: [3700/6156]  eta: 0:01:14    time: 0.0301  data: 0.0000  max mem: 5880
      ITM Evaluation: [3800/6156]  eta: 0:01:11    time: 0.0298  data: 0.0000  max mem: 5880
      ITM Evaluation: [3900/6156]  eta: 0:01:08    time: 0.0300  data: 0.0000  max mem: 5880
      ITM Evaluation: [4000/6156]  eta: 0:01:05    time: 0.0298  data: 0.0000  max mem: 5880
      ITM Evaluation: [4100/6156]  eta: 0:01:02    time: 0.0298  data: 0.0000  max mem: 5880
      ITM Evaluation: [4200/6156]  eta: 0:00:59    time: 0.0311  data: 0.0000  max mem: 5880
      ITM Evaluation: [4300/6156]  eta: 0:00:56    time: 0.0312  data: 0.0000  max mem: 5880
      ITM Evaluation: [4400/6156]  eta: 0:00:53    time: 0.0314  data: 0.0000  max mem: 5880
      ITM Evaluation: [4500/6156]  eta: 0:00:50    time: 0.0299  data: 0.0000  max mem: 5880
      ITM Evaluation: [4600/6156]  eta: 0:00:47    time: 0.0299  data: 0.0000  max mem: 5880
      ITM Evaluation: [4700/6156]  eta: 0:00:44    time: 0.0297  data: 0.0000  max mem: 5880
      ITM Evaluation: [4800/6156]  eta: 0:00:40    time: 0.0296  data: 0.0000  max mem: 5880
      ITM Evaluation: [4900/6156]  eta: 0:00:37    time: 0.0299  data: 0.0000  max mem: 5880
      ITM Evaluation: [5000/6156]  eta: 0:00:34    time: 0.0302  data: 0.0000  max mem: 5880
      ITM Evaluation: [5100/6156]  eta: 0:00:31    time: 0.0303  data: 0.0000  max mem: 5880
      ITM Evaluation: [5200/6156]  eta: 0:00:28    time: 0.0296  data: 0.0000  max mem: 5880
      ITM Evaluation: [5300/6156]  eta: 0:00:25    time: 0.0298  data: 0.0000  max mem: 5880
      ITM Evaluation: [5400/6156]  eta: 0:00:22    time: 0.0315  data: 0.0000  max mem: 5880
      ITM Evaluation: [5500/6156]  eta: 0:00:19    time: 0.0307  data: 0.0000  max mem: 5880
      ITM Evaluation: [5600/6156]  eta: 0:00:16    time: 0.0314  data: 0.0000  max mem: 5880
      ITM Evaluation: [5700/6156]  eta: 0:00:13    time: 0.0316  data: 0.0000  max mem: 5880
      ITM Evaluation: [5800/6156]  eta: 0:00:10    time: 0.0296  data: 0.0000  max mem: 5880
      ITM Evaluation: [5900/6156]  eta: 0:00:07    time: 0.0295  data: 0.0000  max mem: 5880
      ITM Evaluation: [6000/6156]  eta: 0:00:04    time: 0.0297  data: 0.0000  max mem: 5880
      ITM Evaluation: [6100/6156]  eta: 0:00:01    time: 0.0297  data: 0.0000  max mem: 5880
      ITM Evaluation: [6155/6156]  eta: 0:00:00    time: 0.0300  data: 0.0000  max mem: 5880
      ITM Evaluation: Total time: 0:03:06 (0.0302 s / it)
     total_time 186.20121145248413
     Computing matching score time 0:03:06
### TTA ITM Score: 
+-------+--------+--------+--------+--------+--------+
| epoch |   R1   |   R5   |  R10   |  mAP   |  mINP  |
+-------+--------+--------+--------+--------+--------+
|  -999 | 70.760 | 87.378 | 92.268 | 63.849 | 48.174 |
|  -999 | 76.170 | 89.457 | 93.600 | 65.570 | 47.372 |
|   0   | 73.619 | 88.726 | 92.804 | 64.386 | 47.013 |
|   1   | 63.450 | 87.768 | 93.096 | 58.554 | 42.125 |
|   2   | 57.830 | 86.728 | 92.755 | 55.651 | 40.483 |
|   3   | 62.622 | 87.557 | 92.771 | 58.300 | 41.999 |
|   4   | 59.519 | 86.680 | 92.658 | 56.316 | 40.673 |
|   5   | 62.476 | 87.671 | 92.820 | 57.942 | 41.634 |
+-------+--------+--------+--------+--------+--------+
     logs:  {'epo': 5, 'R1': 62.476, 'R5': 87.671, 'R10': 92.82, 'mAP': 57.942, 'mINP': 41.634, 'lr': 0.000166, 'entropy': 0.143166, 'loss': 2.746707}
      TTA Epoch: [6] [  0/192]  eta: 0:01:46  lr: 0.000163  entropy: 0.1401  loss: 2.7456  time: 0.5557  data: 0.4613  max mem: 5880
      TTA Epoch: [6] [100/192]  eta: 0:00:04  lr: 0.000159  entropy: 0.2148  loss: 2.7733  time: 0.0416  data: 0.0001  max mem: 5880
      TTA Epoch: [6] [191/192]  eta: 0:00:00  lr: 0.000156  entropy: 0.1575  loss: 2.7522  time: 0.0398  data: 0.0001  max mem: 5880
      TTA Epoch: [6] Total time: 0:00:08 (0.0440 s / it)
     Averaged stats: lr: 0.0002  entropy: 0.1396  loss: 2.7454
     itm tta time 0:00:08
     Computing matching score
      ITM Evaluation: [   0/6156]  eta: 0:03:59    time: 0.0390  data: 0.0071  max mem: 5880
      ITM Evaluation: [ 100/6156]  eta: 0:03:07    time: 0.0321  data: 0.0000  max mem: 5880
      ITM Evaluation: [ 200/6156]  eta: 0:03:04    time: 0.0300  data: 0.0000  max mem: 5880
      ITM Evaluation: [ 300/6156]  eta: 0:02:59    time: 0.0300  data: 0.0000  max mem: 5880
      ITM Evaluation: [ 400/6156]  eta: 0:02:57    time: 0.0318  data: 0.0000  max mem: 5880
      ITM Evaluation: [ 500/6156]  eta: 0:02:54    time: 0.0299  data: 0.0000  max mem: 5880
      ITM Evaluation: [ 600/6156]  eta: 0:02:50    time: 0.0302  data: 0.0000  max mem: 5880
      ITM Evaluation: [ 700/6156]  eta: 0:02:47    time: 0.0303  data: 0.0000  max mem: 5880
      ITM Evaluation: [ 800/6156]  eta: 0:02:43    time: 0.0304  data: 0.0000  max mem: 5880
      ITM Evaluation: [ 900/6156]  eta: 0:02:40    time: 0.0303  data: 0.0000  max mem: 5880
      ITM Evaluation: [1000/6156]  eta: 0:02:37    time: 0.0306  data: 0.0000  max mem: 5880
      ITM Evaluation: [1100/6156]  eta: 0:02:34    time: 0.0303  data: 0.0000  max mem: 5880
      ITM Evaluation: [1200/6156]  eta: 0:02:30    time: 0.0303  data: 0.0000  max mem: 5880
      ITM Evaluation: [1300/6156]  eta: 0:02:27    time: 0.0316  data: 0.0000  max mem: 5880
      ITM Evaluation: [1400/6156]  eta: 0:02:25    time: 0.0300  data: 0.0000  max mem: 5880
      ITM Evaluation: [1500/6156]  eta: 0:02:21    time: 0.0303  data: 0.0000  max mem: 5880
      ITM Evaluation: [1600/6156]  eta: 0:02:18    time: 0.0320  data: 0.0000  max mem: 5880
      ITM Evaluation: [1700/6156]  eta: 0:02:16    time: 0.0325  data: 0.0000  max mem: 5880
      ITM Evaluation: [1800/6156]  eta: 0:02:13    time: 0.0298  data: 0.0000  max mem: 5880
      ITM Evaluation: [1900/6156]  eta: 0:02:10    time: 0.0302  data: 0.0000  max mem: 5880
      ITM Evaluation: [2000/6156]  eta: 0:02:07    time: 0.0306  data: 0.0000  max mem: 5880
      ITM Evaluation: [2100/6156]  eta: 0:02:03    time: 0.0299  data: 0.0000  max mem: 5880
      ITM Evaluation: [2200/6156]  eta: 0:02:00    time: 0.0299  data: 0.0000  max mem: 5880
      ITM Evaluation: [2300/6156]  eta: 0:01:57    time: 0.0301  data: 0.0000  max mem: 5880
      ITM Evaluation: [2400/6156]  eta: 0:01:54    time: 0.0304  data: 0.0000  max mem: 5880
      ITM Evaluation: [2500/6156]  eta: 0:01:51    time: 0.0322  data: 0.0000  max mem: 5880
      ITM Evaluation: [2600/6156]  eta: 0:01:48    time: 0.0300  data: 0.0000  max mem: 5880
      ITM Evaluation: [2700/6156]  eta: 0:01:45    time: 0.0303  data: 0.0000  max mem: 5880
      ITM Evaluation: [2800/6156]  eta: 0:01:42    time: 0.0302  data: 0.0000  max mem: 5880
      ITM Evaluation: [2900/6156]  eta: 0:01:39    time: 0.0319  data: 0.0000  max mem: 5880
      ITM Evaluation: [3000/6156]  eta: 0:01:36    time: 0.0315  data: 0.0000  max mem: 5880
      ITM Evaluation: [3100/6156]  eta: 0:01:33    time: 0.0304  data: 0.0000  max mem: 5880
      ITM Evaluation: [3200/6156]  eta: 0:01:30    time: 0.0300  data: 0.0000  max mem: 5880
      ITM Evaluation: [3300/6156]  eta: 0:01:27    time: 0.0299  data: 0.0000  max mem: 5880
      ITM Evaluation: [3400/6156]  eta: 0:01:24    time: 0.0303  data: 0.0000  max mem: 5880
      ITM Evaluation: [3500/6156]  eta: 0:01:21    time: 0.0301  data: 0.0000  max mem: 5880
      ITM Evaluation: [3600/6156]  eta: 0:01:18    time: 0.0300  data: 0.0000  max mem: 5880
      ITM Evaluation: [3700/6156]  eta: 0:01:14    time: 0.0319  data: 0.0000  max mem: 5880
      ITM Evaluation: [3800/6156]  eta: 0:01:11    time: 0.0304  data: 0.0000  max mem: 5880
      ITM Evaluation: [3900/6156]  eta: 0:01:08    time: 0.0302  data: 0.0000  max mem: 5880
      ITM Evaluation: [4000/6156]  eta: 0:01:05    time: 0.0302  data: 0.0000  max mem: 5880
      ITM Evaluation: [4100/6156]  eta: 0:01:02    time: 0.0302  data: 0.0000  max mem: 5880
      ITM Evaluation: [4200/6156]  eta: 0:00:59    time: 0.0317  data: 0.0000  max mem: 5880
      ITM Evaluation: [4300/6156]  eta: 0:00:56    time: 0.0313  data: 0.0000  max mem: 5880
      ITM Evaluation: [4400/6156]  eta: 0:00:53    time: 0.0304  data: 0.0000  max mem: 5880
      ITM Evaluation: [4500/6156]  eta: 0:00:50    time: 0.0302  data: 0.0000  max mem: 5880
      ITM Evaluation: [4600/6156]  eta: 0:00:47    time: 0.0299  data: 0.0000  max mem: 5880
      ITM Evaluation: [4700/6156]  eta: 0:00:44    time: 0.0300  data: 0.0000  max mem: 5880
      ITM Evaluation: [4800/6156]  eta: 0:00:41    time: 0.0301  data: 0.0000  max mem: 5880
      ITM Evaluation: [4900/6156]  eta: 0:00:38    time: 0.0322  data: 0.0000  max mem: 5880
      ITM Evaluation: [5000/6156]  eta: 0:00:35    time: 0.0303  data: 0.0000  max mem: 5880
      ITM Evaluation: [5100/6156]  eta: 0:00:32    time: 0.0300  data: 0.0000  max mem: 5880
      ITM Evaluation: [5200/6156]  eta: 0:00:29    time: 0.0300  data: 0.0000  max mem: 5880
      ITM Evaluation: [5300/6156]  eta: 0:00:26    time: 0.0301  data: 0.0000  max mem: 5880
      ITM Evaluation: [5400/6156]  eta: 0:00:23    time: 0.0299  data: 0.0000  max mem: 5880
      ITM Evaluation: [5500/6156]  eta: 0:00:20    time: 0.0318  data: 0.0000  max mem: 5880
      ITM Evaluation: [5600/6156]  eta: 0:00:16    time: 0.0300  data: 0.0000  max mem: 5880
      ITM Evaluation: [5700/6156]  eta: 0:00:13    time: 0.0298  data: 0.0000  max mem: 5880
      ITM Evaluation: [5800/6156]  eta: 0:00:10    time: 0.0299  data: 0.0000  max mem: 5880
      ITM Evaluation: [5900/6156]  eta: 0:00:07    time: 0.0302  data: 0.0000  max mem: 5880
      ITM Evaluation: [6000/6156]  eta: 0:00:04    time: 0.0301  data: 0.0000  max mem: 5880
      ITM Evaluation: [6100/6156]  eta: 0:00:01    time: 0.0311  data: 0.0000  max mem: 5880
      ITM Evaluation: [6155/6156]  eta: 0:00:00    time: 0.0311  data: 0.0000  max mem: 5880
      ITM Evaluation: Total time: 0:03:08 (0.0305 s / it)
     total_time 188.1196105480194
     Computing matching score time 0:03:08
### TTA ITM Score: 
+-------+--------+--------+--------+--------+--------+
| epoch |   R1   |   R5   |  R10   |  mAP   |  mINP  |
+-------+--------+--------+--------+--------+--------+
|  -999 | 70.760 | 87.378 | 92.268 | 63.849 | 48.174 |
|  -999 | 76.170 | 89.457 | 93.600 | 65.570 | 47.372 |
|   0   | 73.619 | 88.726 | 92.804 | 64.386 | 47.013 |
|   1   | 63.450 | 87.768 | 93.096 | 58.554 | 42.125 |
|   2   | 57.830 | 86.728 | 92.755 | 55.651 | 40.483 |
|   3   | 62.622 | 87.557 | 92.771 | 58.300 | 41.999 |
|   4   | 59.519 | 86.680 | 92.658 | 56.316 | 40.673 |
|   5   | 62.476 | 87.671 | 92.820 | 57.942 | 41.634 |
|   6   | 64.977 | 87.833 | 92.625 | 59.168 | 42.380 |
+-------+--------+--------+--------+--------+--------+
     logs:  {'epo': 6, 'R1': 64.977, 'R5': 87.833, 'R10': 92.625, 'mAP': 59.168, 'mINP': 42.38, 'lr': 0.00016, 'entropy': 0.139589, 'loss': 2.745378}
      TTA Epoch: [7] [  0/192]  eta: 0:01:43  lr: 0.000156  entropy: 0.1945  loss: 2.7656  time: 0.5379  data: 0.4171  max mem: 5880
      TTA Epoch: [7] [100/192]  eta: 0:00:04  lr: 0.000153  entropy: 0.1258  loss: 2.7404  time: 0.0430  data: 0.0001  max mem: 5880
      TTA Epoch: [7] [191/192]  eta: 0:00:00  lr: 0.000150  entropy: 0.1041  loss: 2.7324  time: 0.0405  data: 0.0001  max mem: 5880
      TTA Epoch: [7] Total time: 0:00:08 (0.0452 s / it)
     Averaged stats: lr: 0.0002  entropy: 0.1339  loss: 2.7433
     itm tta time 0:00:08
     Computing matching score
      ITM Evaluation: [   0/6156]  eta: 0:04:10    time: 0.0408  data: 0.0090  max mem: 5880
      ITM Evaluation: [ 100/6156]  eta: 0:03:02    time: 0.0298  data: 0.0000  max mem: 5880
      ITM Evaluation: [ 200/6156]  eta: 0:03:05    time: 0.0327  data: 0.0000  max mem: 5880
      ITM Evaluation: [ 300/6156]  eta: 0:03:04    time: 0.0315  data: 0.0000  max mem: 5880
      ITM Evaluation: [ 400/6156]  eta: 0:02:59    time: 0.0304  data: 0.0000  max mem: 5880
      ITM Evaluation: [ 500/6156]  eta: 0:02:55    time: 0.0301  data: 0.0000  max mem: 5880
      ITM Evaluation: [ 600/6156]  eta: 0:02:51    time: 0.0301  data: 0.0000  max mem: 5880
      ITM Evaluation: [ 700/6156]  eta: 0:02:47    time: 0.0299  data: 0.0000  max mem: 5880
      ITM Evaluation: [ 800/6156]  eta: 0:02:44    time: 0.0319  data: 0.0000  max mem: 5880
      ITM Evaluation: [ 900/6156]  eta: 0:02:42    time: 0.0301  data: 0.0000  max mem: 5880
      ITM Evaluation: [1000/6156]  eta: 0:02:38    time: 0.0301  data: 0.0000  max mem: 5880
      ITM Evaluation: [1100/6156]  eta: 0:02:35    time: 0.0302  data: 0.0000  max mem: 5880
      ITM Evaluation: [1200/6156]  eta: 0:02:31    time: 0.0303  data: 0.0000  max mem: 5880
      ITM Evaluation: [1300/6156]  eta: 0:02:28    time: 0.0303  data: 0.0000  max mem: 5880
      ITM Evaluation: [1400/6156]  eta: 0:02:25    time: 0.0302  data: 0.0000  max mem: 5880
      ITM Evaluation: [1500/6156]  eta: 0:02:22    time: 0.0323  data: 0.0000  max mem: 5880
      ITM Evaluation: [1600/6156]  eta: 0:02:19    time: 0.0301  data: 0.0000  max mem: 5880
      ITM Evaluation: [1700/6156]  eta: 0:02:16    time: 0.0302  data: 0.0000  max mem: 5880
      ITM Evaluation: [1800/6156]  eta: 0:02:13    time: 0.0304  data: 0.0000  max mem: 5880
      ITM Evaluation: [1900/6156]  eta: 0:02:10    time: 0.0305  data: 0.0000  max mem: 5880
      ITM Evaluation: [2000/6156]  eta: 0:02:07    time: 0.0314  data: 0.0000  max mem: 5880
      ITM Evaluation: [2100/6156]  eta: 0:02:04    time: 0.0305  data: 0.0000  max mem: 5880
      ITM Evaluation: [2200/6156]  eta: 0:02:01    time: 0.0302  data: 0.0000  max mem: 5880
      ITM Evaluation: [2300/6156]  eta: 0:01:58    time: 0.0308  data: 0.0000  max mem: 5880
      ITM Evaluation: [2400/6156]  eta: 0:01:55    time: 0.0305  data: 0.0000  max mem: 5880
      ITM Evaluation: [2500/6156]  eta: 0:01:51    time: 0.0301  data: 0.0000  max mem: 5880
      ITM Evaluation: [2600/6156]  eta: 0:01:48    time: 0.0303  data: 0.0000  max mem: 5880
      ITM Evaluation: [2700/6156]  eta: 0:01:45    time: 0.0321  data: 0.0000  max mem: 5880
      ITM Evaluation: [2800/6156]  eta: 0:01:42    time: 0.0325  data: 0.0000  max mem: 5880
      ITM Evaluation: [2900/6156]  eta: 0:01:39    time: 0.0301  data: 0.0000  max mem: 5880
      ITM Evaluation: [3000/6156]  eta: 0:01:36    time: 0.0306  data: 0.0000  max mem: 5880
      ITM Evaluation: [3100/6156]  eta: 0:01:33    time: 0.0300  data: 0.0000  max mem: 5880
      ITM Evaluation: [3200/6156]  eta: 0:01:30    time: 0.0317  data: 0.0000  max mem: 5880
      ITM Evaluation: [3300/6156]  eta: 0:01:27    time: 0.0301  data: 0.0000  max mem: 5880
      ITM Evaluation: [3400/6156]  eta: 0:01:24    time: 0.0300  data: 0.0000  max mem: 5880
      ITM Evaluation: [3500/6156]  eta: 0:01:21    time: 0.0300  data: 0.0000  max mem: 5880
      ITM Evaluation: [3600/6156]  eta: 0:01:18    time: 0.0301  data: 0.0000  max mem: 5880
      ITM Evaluation: [3700/6156]  eta: 0:01:15    time: 0.0302  data: 0.0000  max mem: 5880
      ITM Evaluation: [3800/6156]  eta: 0:01:12    time: 0.0301  data: 0.0000  max mem: 5880
      ITM Evaluation: [3900/6156]  eta: 0:01:09    time: 0.0301  data: 0.0000  max mem: 5880
      ITM Evaluation: [4000/6156]  eta: 0:01:06    time: 0.0322  data: 0.0000  max mem: 5880
      ITM Evaluation: [4100/6156]  eta: 0:01:03    time: 0.0322  data: 0.0000  max mem: 5880
      ITM Evaluation: [4200/6156]  eta: 0:00:59    time: 0.0302  data: 0.0000  max mem: 5880
      ITM Evaluation: [4300/6156]  eta: 0:00:56    time: 0.0301  data: 0.0000  max mem: 5880
      ITM Evaluation: [4400/6156]  eta: 0:00:53    time: 0.0313  data: 0.0000  max mem: 5880
      ITM Evaluation: [4500/6156]  eta: 0:00:50    time: 0.0302  data: 0.0000  max mem: 5880
      ITM Evaluation: [4600/6156]  eta: 0:00:47    time: 0.0301  data: 0.0000  max mem: 5880
      ITM Evaluation: [4700/6156]  eta: 0:00:44    time: 0.0300  data: 0.0000  max mem: 5880
      ITM Evaluation: [4800/6156]  eta: 0:00:41    time: 0.0301  data: 0.0000  max mem: 5880
      ITM Evaluation: [4900/6156]  eta: 0:00:38    time: 0.0300  data: 0.0000  max mem: 5880
      ITM Evaluation: [5000/6156]  eta: 0:00:35    time: 0.0304  data: 0.0000  max mem: 5880
      ITM Evaluation: [5100/6156]  eta: 0:00:32    time: 0.0304  data: 0.0000  max mem: 5880
      ITM Evaluation: [5200/6156]  eta: 0:00:29    time: 0.0300  data: 0.0000  max mem: 5880
      ITM Evaluation: [5300/6156]  eta: 0:00:26    time: 0.0322  data: 0.0000  max mem: 5880
      ITM Evaluation: [5400/6156]  eta: 0:00:23    time: 0.0301  data: 0.0000  max mem: 5880
      ITM Evaluation: [5500/6156]  eta: 0:00:20    time: 0.0298  data: 0.0000  max mem: 5880
      ITM Evaluation: [5600/6156]  eta: 0:00:17    time: 0.0317  data: 0.0000  max mem: 5880
      ITM Evaluation: [5700/6156]  eta: 0:00:13    time: 0.0298  data: 0.0000  max mem: 5880
      ITM Evaluation: [5800/6156]  eta: 0:00:10    time: 0.0298  data: 0.0000  max mem: 5880
      ITM Evaluation: [5900/6156]  eta: 0:00:07    time: 0.0301  data: 0.0000  max mem: 5880
      ITM Evaluation: [6000/6156]  eta: 0:00:04    time: 0.0297  data: 0.0000  max mem: 5880
      ITM Evaluation: [6100/6156]  eta: 0:00:01    time: 0.0301  data: 0.0000  max mem: 5880
      ITM Evaluation: [6155/6156]  eta: 0:00:00    time: 0.0301  data: 0.0000  max mem: 5880
      ITM Evaluation: Total time: 0:03:08 (0.0306 s / it)
     total_time 188.39428997039795
     Computing matching score time 0:03:08
### TTA ITM Score: 
+-------+--------+--------+--------+--------+--------+
| epoch |   R1   |   R5   |  R10   |  mAP   |  mINP  |
+-------+--------+--------+--------+--------+--------+
|  -999 | 70.760 | 87.378 | 92.268 | 63.849 | 48.174 |
|  -999 | 76.170 | 89.457 | 93.600 | 65.570 | 47.372 |
|   0   | 73.619 | 88.726 | 92.804 | 64.386 | 47.013 |
|   1   | 63.450 | 87.768 | 93.096 | 58.554 | 42.125 |
|   2   | 57.830 | 86.728 | 92.755 | 55.651 | 40.483 |
|   3   | 62.622 | 87.557 | 92.771 | 58.300 | 41.999 |
|   4   | 59.519 | 86.680 | 92.658 | 56.316 | 40.673 |
|   5   | 62.476 | 87.671 | 92.820 | 57.942 | 41.634 |
|   6   | 64.977 | 87.833 | 92.625 | 59.168 | 42.380 |
|   7   | 62.297 | 87.443 | 92.186 | 57.784 | 41.166 |
+-------+--------+--------+--------+--------+--------+
     logs:  {'epo': 7, 'R1': 62.297, 'R5': 87.443, 'R10': 92.186, 'mAP': 57.784, 'mINP': 41.166, 'lr': 0.000153, 'entropy': 0.133858, 'loss': 2.743251}
      TTA Epoch: [8] [  0/192]  eta: 0:01:37  lr: 0.000149  entropy: 0.0989  loss: 2.7302  time: 0.5058  data: 0.4183  max mem: 5880
      TTA Epoch: [8] [100/192]  eta: 0:00:04  lr: 0.000146  entropy: 0.0970  loss: 2.7292  time: 0.0405  data: 0.0001  max mem: 5880
      TTA Epoch: [8] [191/192]  eta: 0:00:00  lr: 0.000143  entropy: 0.1138  loss: 2.7360  time: 0.0425  data: 0.0001  max mem: 5880
      TTA Epoch: [8] Total time: 0:00:08 (0.0435 s / it)
     Averaged stats: lr: 0.0001  entropy: 0.1334  loss: 2.7431
     itm tta time 0:00:08
     Computing matching score
      ITM Evaluation: [   0/6156]  eta: 0:05:10    time: 0.0505  data: 0.0159  max mem: 5880
      ITM Evaluation: [ 100/6156]  eta: 0:03:14    time: 0.0319  data: 0.0000  max mem: 5880
      ITM Evaluation: [ 200/6156]  eta: 0:03:07    time: 0.0303  data: 0.0000  max mem: 5880
      ITM Evaluation: [ 300/6156]  eta: 0:03:02    time: 0.0316  data: 0.0000  max mem: 5880
      ITM Evaluation: [ 400/6156]  eta: 0:03:00    time: 0.0301  data: 0.0000  max mem: 5880
      ITM Evaluation: [ 500/6156]  eta: 0:02:55    time: 0.0300  data: 0.0000  max mem: 5880
      ITM Evaluation: [ 600/6156]  eta: 0:02:51    time: 0.0297  data: 0.0000  max mem: 5880
      ITM Evaluation: [ 700/6156]  eta: 0:02:47    time: 0.0300  data: 0.0000  max mem: 5880
      ITM Evaluation: [ 800/6156]  eta: 0:02:44    time: 0.0304  data: 0.0000  max mem: 5880
      ITM Evaluation: [ 900/6156]  eta: 0:02:40    time: 0.0297  data: 0.0000  max mem: 5880
      ITM Evaluation: [1000/6156]  eta: 0:02:37    time: 0.0300  data: 0.0000  max mem: 5880
      ITM Evaluation: [1100/6156]  eta: 0:02:33    time: 0.0297  data: 0.0000  max mem: 5880
      ITM Evaluation: [1200/6156]  eta: 0:02:30    time: 0.0301  data: 0.0000  max mem: 5880
      ITM Evaluation: [1300/6156]  eta: 0:02:27    time: 0.0317  data: 0.0000  max mem: 5880
      ITM Evaluation: [1400/6156]  eta: 0:02:24    time: 0.0299  data: 0.0000  max mem: 5880
      ITM Evaluation: [1500/6156]  eta: 0:02:21    time: 0.0323  data: 0.0000  max mem: 5880
      ITM Evaluation: [1600/6156]  eta: 0:02:19    time: 0.0298  data: 0.0000  max mem: 5880
      ITM Evaluation: [1700/6156]  eta: 0:02:15    time: 0.0297  data: 0.0000  max mem: 5880
      ITM Evaluation: [1800/6156]  eta: 0:02:12    time: 0.0298  data: 0.0000  max mem: 5880
      ITM Evaluation: [1900/6156]  eta: 0:02:09    time: 0.0301  data: 0.0000  max mem: 5880
      ITM Evaluation: [2000/6156]  eta: 0:02:06    time: 0.0299  data: 0.0000  max mem: 5880
      ITM Evaluation: [2100/6156]  eta: 0:02:03    time: 0.0303  data: 0.0000  max mem: 5880
      ITM Evaluation: [2200/6156]  eta: 0:02:00    time: 0.0295  data: 0.0000  max mem: 5880
      ITM Evaluation: [2300/6156]  eta: 0:01:57    time: 0.0297  data: 0.0000  max mem: 5880
      ITM Evaluation: [2400/6156]  eta: 0:01:53    time: 0.0297  data: 0.0000  max mem: 5880
      ITM Evaluation: [2500/6156]  eta: 0:01:50    time: 0.0310  data: 0.0000  max mem: 5880
      ITM Evaluation: [2600/6156]  eta: 0:01:48    time: 0.0316  data: 0.0000  max mem: 5880
      ITM Evaluation: [2700/6156]  eta: 0:01:45    time: 0.0309  data: 0.0000  max mem: 5880
      ITM Evaluation: [2800/6156]  eta: 0:01:42    time: 0.0310  data: 0.0000  max mem: 5880
      ITM Evaluation: [2900/6156]  eta: 0:01:39    time: 0.0297  data: 0.0000  max mem: 5880
      ITM Evaluation: [3000/6156]  eta: 0:01:35    time: 0.0299  data: 0.0000  max mem: 5880
      ITM Evaluation: [3100/6156]  eta: 0:01:32    time: 0.0298  data: 0.0000  max mem: 5880
      ITM Evaluation: [3200/6156]  eta: 0:01:29    time: 0.0298  data: 0.0000  max mem: 5880
      ITM Evaluation: [3300/6156]  eta: 0:01:26    time: 0.0297  data: 0.0000  max mem: 5880
      ITM Evaluation: [3400/6156]  eta: 0:01:23    time: 0.0298  data: 0.0000  max mem: 5880
      ITM Evaluation: [3500/6156]  eta: 0:01:20    time: 0.0301  data: 0.0000  max mem: 5880
      ITM Evaluation: [3600/6156]  eta: 0:01:17    time: 0.0302  data: 0.0000  max mem: 5880
      ITM Evaluation: [3700/6156]  eta: 0:01:14    time: 0.0301  data: 0.0000  max mem: 5880
      ITM Evaluation: [3800/6156]  eta: 0:01:11    time: 0.0316  data: 0.0000  max mem: 5880
      ITM Evaluation: [3900/6156]  eta: 0:01:08    time: 0.0324  data: 0.0000  max mem: 5880
      ITM Evaluation: [4000/6156]  eta: 0:01:05    time: 0.0318  data: 0.0000  max mem: 5880
      ITM Evaluation: [4100/6156]  eta: 0:01:02    time: 0.0301  data: 0.0000  max mem: 5880
      ITM Evaluation: [4200/6156]  eta: 0:00:59    time: 0.0299  data: 0.0000  max mem: 5880
      ITM Evaluation: [4300/6156]  eta: 0:00:56    time: 0.0303  data: 0.0000  max mem: 5880
      ITM Evaluation: [4400/6156]  eta: 0:00:53    time: 0.0302  data: 0.0000  max mem: 5880
      ITM Evaluation: [4500/6156]  eta: 0:00:50    time: 0.0302  data: 0.0000  max mem: 5880
      ITM Evaluation: [4600/6156]  eta: 0:00:47    time: 0.0302  data: 0.0000  max mem: 5880
      ITM Evaluation: [4700/6156]  eta: 0:00:44    time: 0.0301  data: 0.0000  max mem: 5880
      ITM Evaluation: [4800/6156]  eta: 0:00:41    time: 0.0303  data: 0.0000  max mem: 5880
      ITM Evaluation: [4900/6156]  eta: 0:00:38    time: 0.0303  data: 0.0000  max mem: 5880
      ITM Evaluation: [5000/6156]  eta: 0:00:35    time: 0.0315  data: 0.0000  max mem: 5880
      ITM Evaluation: [5100/6156]  eta: 0:00:32    time: 0.0326  data: 0.0000  max mem: 5880
      ITM Evaluation: [5200/6156]  eta: 0:00:29    time: 0.0317  data: 0.0000  max mem: 5880
      ITM Evaluation: [5300/6156]  eta: 0:00:26    time: 0.0299  data: 0.0000  max mem: 5880
      ITM Evaluation: [5400/6156]  eta: 0:00:23    time: 0.0298  data: 0.0000  max mem: 5880
      ITM Evaluation: [5500/6156]  eta: 0:00:19    time: 0.0299  data: 0.0000  max mem: 5880
      ITM Evaluation: [5600/6156]  eta: 0:00:16    time: 0.0302  data: 0.0000  max mem: 5880
      ITM Evaluation: [5700/6156]  eta: 0:00:13    time: 0.0299  data: 0.0000  max mem: 5880
      ITM Evaluation: [5800/6156]  eta: 0:00:10    time: 0.0298  data: 0.0000  max mem: 5880
      ITM Evaluation: [5900/6156]  eta: 0:00:07    time: 0.0299  data: 0.0000  max mem: 5880
      ITM Evaluation: [6000/6156]  eta: 0:00:04    time: 0.0298  data: 0.0000  max mem: 5880
      ITM Evaluation: [6100/6156]  eta: 0:00:01    time: 0.0301  data: 0.0000  max mem: 5880
      ITM Evaluation: [6155/6156]  eta: 0:00:00    time: 0.0297  data: 0.0000  max mem: 5880
      ITM Evaluation: Total time: 0:03:07 (0.0304 s / it)
     total_time 187.46225023269653
     Computing matching score time 0:03:07
### TTA ITM Score: 
+-------+--------+--------+--------+--------+--------+
| epoch |   R1   |   R5   |  R10   |  mAP   |  mINP  |
+-------+--------+--------+--------+--------+--------+
|  -999 | 70.760 | 87.378 | 92.268 | 63.849 | 48.174 |
|  -999 | 76.170 | 89.457 | 93.600 | 65.570 | 47.372 |
|   0   | 73.619 | 88.726 | 92.804 | 64.386 | 47.013 |
|   1   | 63.450 | 87.768 | 93.096 | 58.554 | 42.125 |
|   2   | 57.830 | 86.728 | 92.755 | 55.651 | 40.483 |
|   3   | 62.622 | 87.557 | 92.771 | 58.300 | 41.999 |
|   4   | 59.519 | 86.680 | 92.658 | 56.316 | 40.673 |
|   5   | 62.476 | 87.671 | 92.820 | 57.942 | 41.634 |
|   6   | 64.977 | 87.833 | 92.625 | 59.168 | 42.380 |
|   7   | 62.297 | 87.443 | 92.186 | 57.784 | 41.166 |
|   8   | 64.149 | 87.736 | 92.268 | 58.668 | 41.926 |
+-------+--------+--------+--------+--------+--------+
     logs:  {'epo': 8, 'R1': 64.149, 'R5': 87.736, 'R10': 92.268, 'mAP': 58.668, 'mINP': 41.926, 'lr': 0.000146, 'entropy': 0.133391, 'loss': 2.743077}
      TTA Epoch: [9] [  0/192]  eta: 0:01:46  lr: 0.000143  entropy: 0.1184  loss: 2.7375  time: 0.5554  data: 0.4355  max mem: 5880
      TTA Epoch: [9] [100/192]  eta: 0:00:06  lr: 0.000139  entropy: 0.1000  loss: 2.7304  time: 0.0434  data: 0.0001  max mem: 5880
      TTA Epoch: [9] [191/192]  eta: 0:00:00  lr: 0.000136  entropy: 0.2089  loss: 2.7710  time: 0.0402  data: 0.0001  max mem: 5880
      TTA Epoch: [9] Total time: 0:00:11 (0.0577 s / it)
     Averaged stats: lr: 0.0001  entropy: 0.1293  loss: 2.7416
     itm tta time 0:00:11
     Computing matching score
      ITM Evaluation: [   0/6156]  eta: 0:03:55    time: 0.0383  data: 0.0063  max mem: 5880
      ITM Evaluation: [ 100/6156]  eta: 0:03:02    time: 0.0299  data: 0.0000  max mem: 5880
      ITM Evaluation: [ 200/6156]  eta: 0:02:57    time: 0.0296  data: 0.0000  max mem: 5880
      ITM Evaluation: [ 300/6156]  eta: 0:02:54    time: 0.0296  data: 0.0000  max mem: 5880
      ITM Evaluation: [ 400/6156]  eta: 0:02:51    time: 0.0295  data: 0.0000  max mem: 5880
      ITM Evaluation: [ 500/6156]  eta: 0:02:48    time: 0.0296  data: 0.0000  max mem: 5880
      ITM Evaluation: [ 600/6156]  eta: 0:02:45    time: 0.0298  data: 0.0000  max mem: 5880
      ITM Evaluation: [ 700/6156]  eta: 0:02:42    time: 0.0298  data: 0.0000  max mem: 5880
      ITM Evaluation: [ 800/6156]  eta: 0:02:39    time: 0.0298  data: 0.0000  max mem: 5880
      ITM Evaluation: [ 900/6156]  eta: 0:02:37    time: 0.0314  data: 0.0000  max mem: 5880
      ITM Evaluation: [1000/6156]  eta: 0:02:38    time: 0.0358  data: 0.0000  max mem: 5880
      ITM Evaluation: [1100/6156]  eta: 0:02:35    time: 0.0299  data: 0.0000  max mem: 5880
      ITM Evaluation: [1200/6156]  eta: 0:02:32    time: 0.0300  data: 0.0000  max mem: 5880
      ITM Evaluation: [1300/6156]  eta: 0:02:28    time: 0.0299  data: 0.0000  max mem: 5880
      ITM Evaluation: [1400/6156]  eta: 0:02:25    time: 0.0295  data: 0.0000  max mem: 5880
      ITM Evaluation: [1500/6156]  eta: 0:02:22    time: 0.0299  data: 0.0000  max mem: 5880
      ITM Evaluation: [1600/6156]  eta: 0:02:18    time: 0.0299  data: 0.0000  max mem: 5880
      ITM Evaluation: [1700/6156]  eta: 0:02:15    time: 0.0302  data: 0.0000  max mem: 5880
      ITM Evaluation: [1800/6156]  eta: 0:02:12    time: 0.0299  data: 0.0000  max mem: 5880
      ITM Evaluation: [1900/6156]  eta: 0:02:09    time: 0.0299  data: 0.0000  max mem: 5880
      ITM Evaluation: [2000/6156]  eta: 0:02:06    time: 0.0298  data: 0.0000  max mem: 5880
      ITM Evaluation: [2100/6156]  eta: 0:02:03    time: 0.0323  data: 0.0000  max mem: 5880
      ITM Evaluation: [2200/6156]  eta: 0:02:01    time: 0.0357  data: 0.0000  max mem: 5880
      ITM Evaluation: [2300/6156]  eta: 0:01:58    time: 0.0298  data: 0.0000  max mem: 5880
      ITM Evaluation: [2400/6156]  eta: 0:01:55    time: 0.0298  data: 0.0000  max mem: 5880
      ITM Evaluation: [2500/6156]  eta: 0:01:52    time: 0.0297  data: 0.0000  max mem: 5880
      ITM Evaluation: [2600/6156]  eta: 0:01:49    time: 0.0301  data: 0.0000  max mem: 5880
      ITM Evaluation: [2700/6156]  eta: 0:01:45    time: 0.0300  data: 0.0000  max mem: 5880
      ITM Evaluation: [2800/6156]  eta: 0:01:42    time: 0.0303  data: 0.0000  max mem: 5880
      ITM Evaluation: [2900/6156]  eta: 0:01:39    time: 0.0305  data: 0.0000  max mem: 5880
      ITM Evaluation: [3000/6156]  eta: 0:01:36    time: 0.0298  data: 0.0000  max mem: 5880
      ITM Evaluation: [3100/6156]  eta: 0:01:33    time: 0.0299  data: 0.0000  max mem: 5880
      ITM Evaluation: [3200/6156]  eta: 0:01:30    time: 0.0299  data: 0.0000  max mem: 5880
      ITM Evaluation: [3300/6156]  eta: 0:01:27    time: 0.0315  data: 0.0000  max mem: 5880
      ITM Evaluation: [3400/6156]  eta: 0:01:24    time: 0.0328  data: 0.0000  max mem: 5880
      ITM Evaluation: [3500/6156]  eta: 0:01:21    time: 0.0299  data: 0.0000  max mem: 5880
      ITM Evaluation: [3600/6156]  eta: 0:01:18    time: 0.0302  data: 0.0000  max mem: 5880
      ITM Evaluation: [3700/6156]  eta: 0:01:15    time: 0.0297  data: 0.0000  max mem: 5880
      ITM Evaluation: [3800/6156]  eta: 0:01:12    time: 0.0299  data: 0.0000  max mem: 5880
      ITM Evaluation: [3900/6156]  eta: 0:01:09    time: 0.0297  data: 0.0000  max mem: 5880
      ITM Evaluation: [4000/6156]  eta: 0:01:06    time: 0.0305  data: 0.0000  max mem: 5880
      ITM Evaluation: [4100/6156]  eta: 0:01:02    time: 0.0300  data: 0.0000  max mem: 5880
      ITM Evaluation: [4200/6156]  eta: 0:00:59    time: 0.0297  data: 0.0000  max mem: 5880
      ITM Evaluation: [4300/6156]  eta: 0:00:56    time: 0.0298  data: 0.0000  max mem: 5880
      ITM Evaluation: [4400/6156]  eta: 0:00:53    time: 0.0298  data: 0.0000  max mem: 5880
      ITM Evaluation: [4500/6156]  eta: 0:00:50    time: 0.0316  data: 0.0000  max mem: 5880
      ITM Evaluation: [4600/6156]  eta: 0:00:47    time: 0.0398  data: 0.0000  max mem: 5880
      ITM Evaluation: [4700/6156]  eta: 0:00:44    time: 0.0297  data: 0.0000  max mem: 5880
      ITM Evaluation: [4800/6156]  eta: 0:00:41    time: 0.0299  data: 0.0000  max mem: 5880
      ITM Evaluation: [4900/6156]  eta: 0:00:38    time: 0.0301  data: 0.0000  max mem: 5880
      ITM Evaluation: [5000/6156]  eta: 0:00:35    time: 0.0299  data: 0.0000  max mem: 5880
      ITM Evaluation: [5100/6156]  eta: 0:00:32    time: 0.0296  data: 0.0000  max mem: 5880
      ITM Evaluation: [5200/6156]  eta: 0:00:29    time: 0.0302  data: 0.0000  max mem: 5880
      ITM Evaluation: [5300/6156]  eta: 0:00:26    time: 0.0296  data: 0.0000  max mem: 5880
      ITM Evaluation: [5400/6156]  eta: 0:00:23    time: 0.0298  data: 0.0000  max mem: 5880
      ITM Evaluation: [5500/6156]  eta: 0:00:20    time: 0.0298  data: 0.0000  max mem: 5880
      ITM Evaluation: [5600/6156]  eta: 0:00:17    time: 0.0299  data: 0.0000  max mem: 5880
      ITM Evaluation: [5700/6156]  eta: 0:00:13    time: 0.0316  data: 0.0000  max mem: 5880
      ITM Evaluation: [5800/6156]  eta: 0:00:10    time: 0.0386  data: 0.0000  max mem: 5880
      ITM Evaluation: [5900/6156]  eta: 0:00:07    time: 0.0303  data: 0.0000  max mem: 5880
      ITM Evaluation: [6000/6156]  eta: 0:00:04    time: 0.0301  data: 0.0000  max mem: 5880
      ITM Evaluation: [6100/6156]  eta: 0:00:01    time: 0.0300  data: 0.0000  max mem: 5880
      ITM Evaluation: [6155/6156]  eta: 0:00:00    time: 0.0301  data: 0.0000  max mem: 5880
      ITM Evaluation: Total time: 0:03:09 (0.0307 s / it)
     total_time 189.16023516654968
     Computing matching score time 0:03:09
### TTA ITM Score: 
+-------+--------+--------+--------+--------+--------+
| epoch |   R1   |   R5   |  R10   |  mAP   |  mINP  |
+-------+--------+--------+--------+--------+--------+
|  -999 | 70.760 | 87.378 | 92.268 | 63.849 | 48.174 |
|  -999 | 76.170 | 89.457 | 93.600 | 65.570 | 47.372 |
|   0   | 73.619 | 88.726 | 92.804 | 64.386 | 47.013 |
|   1   | 63.450 | 87.768 | 93.096 | 58.554 | 42.125 |
|   2   | 57.830 | 86.728 | 92.755 | 55.651 | 40.483 |
|   3   | 62.622 | 87.557 | 92.771 | 58.300 | 41.999 |
|   4   | 59.519 | 86.680 | 92.658 | 56.316 | 40.673 |
|   5   | 62.476 | 87.671 | 92.820 | 57.942 | 41.634 |
|   6   | 64.977 | 87.833 | 92.625 | 59.168 | 42.380 |
|   7   | 62.297 | 87.443 | 92.186 | 57.784 | 41.166 |
|   8   | 64.149 | 87.736 | 92.268 | 58.668 | 41.926 |
|   9   | 66.699 | 88.060 | 92.398 | 60.028 | 43.028 |
+-------+--------+--------+--------+--------+--------+
     logs:  {'epo': 9, 'R1': 66.699, 'R5': 88.06, 'R10': 92.398, 'mAP': 60.028, 'mINP': 43.028, 'lr': 0.000139, 'entropy': 0.129289, 'loss': 2.741554}
      TTA Epoch: [10] [  0/192]  eta: 0:01:46  lr: 0.000136  entropy: 0.1500  loss: 2.7492  time: 0.5522  data: 0.4634  max mem: 5880
      TTA Epoch: [10] [100/192]  eta: 0:00:04  lr: 0.000132  entropy: 0.1346  loss: 2.7436  time: 0.0453  data: 0.0001  max mem: 5880
      TTA Epoch: [10] [191/192]  eta: 0:00:00  lr: 0.000129  entropy: 0.1351  loss: 2.7435  time: 0.0422  data: 0.0001  max mem: 5880
      TTA Epoch: [10] Total time: 0:00:09 (0.0473 s / it)
     Averaged stats: lr: 0.0001  entropy: 0.1275  loss: 2.7409
     itm tta time 0:00:09
     Computing matching score
      ITM Evaluation: [   0/6156]  eta: 0:04:00    time: 0.0391  data: 0.0060  max mem: 5880
      ITM Evaluation: [ 100/6156]  eta: 0:03:03    time: 0.0301  data: 0.0000  max mem: 5880
      ITM Evaluation: [ 200/6156]  eta: 0:02:59    time: 0.0297  data: 0.0000  max mem: 5880
      ITM Evaluation: [ 300/6156]  eta: 0:02:56    time: 0.0302  data: 0.0000  max mem: 5880
      ITM Evaluation: [ 400/6156]  eta: 0:02:57    time: 0.0397  data: 0.0000  max mem: 5880
      ITM Evaluation: [ 500/6156]  eta: 0:03:00    time: 0.0317  data: 0.0000  max mem: 5880
      ITM Evaluation: [ 600/6156]  eta: 0:02:55    time: 0.0301  data: 0.0000  max mem: 5880
      ITM Evaluation: [ 700/6156]  eta: 0:02:51    time: 0.0303  data: 0.0000  max mem: 5880
      ITM Evaluation: [ 800/6156]  eta: 0:02:47    time: 0.0301  data: 0.0000  max mem: 5880
      ITM Evaluation: [ 900/6156]  eta: 0:02:43    time: 0.0302  data: 0.0000  max mem: 5880
      ITM Evaluation: [1000/6156]  eta: 0:02:40    time: 0.0301  data: 0.0000  max mem: 5880
      ITM Evaluation: [1100/6156]  eta: 0:02:36    time: 0.0302  data: 0.0000  max mem: 5880
      ITM Evaluation: [1200/6156]  eta: 0:02:33    time: 0.0300  data: 0.0000  max mem: 5880
      ITM Evaluation: [1300/6156]  eta: 0:02:30    time: 0.0317  data: 0.0000  max mem: 5880
      ITM Evaluation: [1400/6156]  eta: 0:02:27    time: 0.0318  data: 0.0000  max mem: 5880
      ITM Evaluation: [1500/6156]  eta: 0:02:23    time: 0.0304  data: 0.0000  max mem: 5880
      ITM Evaluation: [1600/6156]  eta: 0:02:22    time: 0.0420  data: 0.0000  max mem: 5880
      ITM Evaluation: [1700/6156]  eta: 0:02:19    time: 0.0300  data: 0.0000  max mem: 5880
      ITM Evaluation: [1800/6156]  eta: 0:02:16    time: 0.0319  data: 0.0000  max mem: 5880
      ITM Evaluation: [1900/6156]  eta: 0:02:13    time: 0.0303  data: 0.0000  max mem: 5880
      ITM Evaluation: [2000/6156]  eta: 0:02:10    time: 0.0308  data: 0.0000  max mem: 5880
      ITM Evaluation: [2100/6156]  eta: 0:02:06    time: 0.0303  data: 0.0000  max mem: 5880
      ITM Evaluation: [2200/6156]  eta: 0:02:03    time: 0.0326  data: 0.0000  max mem: 5880
      ITM Evaluation: [2300/6156]  eta: 0:02:00    time: 0.0310  data: 0.0000  max mem: 5880
      ITM Evaluation: [2400/6156]  eta: 0:01:57    time: 0.0322  data: 0.0000  max mem: 5880
      ITM Evaluation: [2500/6156]  eta: 0:01:54    time: 0.0323  data: 0.0000  max mem: 5880
      ITM Evaluation: [2600/6156]  eta: 0:01:51    time: 0.0300  data: 0.0000  max mem: 5880
      ITM Evaluation: [2700/6156]  eta: 0:01:48    time: 0.0300  data: 0.0000  max mem: 5880
      ITM Evaluation: [2800/6156]  eta: 0:01:45    time: 0.0316  data: 0.0000  max mem: 5880
      ITM Evaluation: [2900/6156]  eta: 0:01:41    time: 0.0302  data: 0.0000  max mem: 5880
      ITM Evaluation: [3000/6156]  eta: 0:01:38    time: 0.0300  data: 0.0000  max mem: 5880
      ITM Evaluation: [3100/6156]  eta: 0:01:35    time: 0.0302  data: 0.0000  max mem: 5880
      ITM Evaluation: [3200/6156]  eta: 0:01:32    time: 0.0304  data: 0.0000  max mem: 5880
      ITM Evaluation: [3300/6156]  eta: 0:01:29    time: 0.0304  data: 0.0000  max mem: 5880
      ITM Evaluation: [3400/6156]  eta: 0:01:25    time: 0.0300  data: 0.0000  max mem: 5880
      ITM Evaluation: [3500/6156]  eta: 0:01:22    time: 0.0303  data: 0.0000  max mem: 5880
      ITM Evaluation: [3600/6156]  eta: 0:01:19    time: 0.0305  data: 0.0000  max mem: 5880
      ITM Evaluation: [3700/6156]  eta: 0:01:16    time: 0.0326  data: 0.0000  max mem: 5880
      ITM Evaluation: [3800/6156]  eta: 0:01:13    time: 0.0322  data: 0.0000  max mem: 5880
      ITM Evaluation: [3900/6156]  eta: 0:01:10    time: 0.0335  data: 0.0000  max mem: 5880
      ITM Evaluation: [4000/6156]  eta: 0:01:07    time: 0.0336  data: 0.0000  max mem: 5880
      ITM Evaluation: [4100/6156]  eta: 0:01:04    time: 0.0317  data: 0.0000  max mem: 5880
      ITM Evaluation: [4200/6156]  eta: 0:01:01    time: 0.0325  data: 0.0000  max mem: 5880
      ITM Evaluation: [4300/6156]  eta: 0:00:58    time: 0.0401  data: 0.0000  max mem: 5880
      ITM Evaluation: [4400/6156]  eta: 0:00:55    time: 0.0314  data: 0.0000  max mem: 5880
      ITM Evaluation: [4500/6156]  eta: 0:00:52    time: 0.0379  data: 0.0000  max mem: 5880
      ITM Evaluation: [4600/6156]  eta: 0:00:49    time: 0.0330  data: 0.0000  max mem: 5880
      ITM Evaluation: [4700/6156]  eta: 0:00:45    time: 0.0306  data: 0.0000  max mem: 5880
      ITM Evaluation: [4800/6156]  eta: 0:00:42    time: 0.0311  data: 0.0000  max mem: 5880
      ITM Evaluation: [4900/6156]  eta: 0:00:39    time: 0.0309  data: 0.0000  max mem: 5880
      ITM Evaluation: [5000/6156]  eta: 0:00:36    time: 0.0305  data: 0.0000  max mem: 5880
      ITM Evaluation: [5100/6156]  eta: 0:00:33    time: 0.0415  data: 0.0000  max mem: 5880
      ITM Evaluation: [5200/6156]  eta: 0:00:30    time: 0.0304  data: 0.0000  max mem: 5880
      ITM Evaluation: [5300/6156]  eta: 0:00:27    time: 0.0331  data: 0.0000  max mem: 5880
      ITM Evaluation: [5400/6156]  eta: 0:00:23    time: 0.0314  data: 0.0000  max mem: 5880
      ITM Evaluation: [5500/6156]  eta: 0:00:20    time: 0.0326  data: 0.0000  max mem: 5880
      ITM Evaluation: [5600/6156]  eta: 0:00:17    time: 0.0321  data: 0.0000  max mem: 5880
      ITM Evaluation: [5700/6156]  eta: 0:00:14    time: 0.0303  data: 0.0000  max mem: 5880
      ITM Evaluation: [5800/6156]  eta: 0:00:11    time: 0.0301  data: 0.0000  max mem: 5880
      ITM Evaluation: [5900/6156]  eta: 0:00:08    time: 0.0302  data: 0.0000  max mem: 5880
      ITM Evaluation: [6000/6156]  eta: 0:00:04    time: 0.0308  data: 0.0000  max mem: 5880
      ITM Evaluation: [6100/6156]  eta: 0:00:01    time: 0.0304  data: 0.0000  max mem: 5880
      ITM Evaluation: [6155/6156]  eta: 0:00:00    time: 0.0306  data: 0.0000  max mem: 5880
      ITM Evaluation: Total time: 0:03:14 (0.0315 s / it)
     total_time 194.23010516166687
     Computing matching score time 0:03:14
### TTA ITM Score: 
+-------+--------+--------+--------+--------+--------+
| epoch |   R1   |   R5   |  R10   |  mAP   |  mINP  |
+-------+--------+--------+--------+--------+--------+
|  -999 | 70.760 | 87.378 | 92.268 | 63.849 | 48.174 |
|  -999 | 76.170 | 89.457 | 93.600 | 65.570 | 47.372 |
|   0   | 73.619 | 88.726 | 92.804 | 64.386 | 47.013 |
|   1   | 63.450 | 87.768 | 93.096 | 58.554 | 42.125 |
|   2   | 57.830 | 86.728 | 92.755 | 55.651 | 40.483 |
|   3   | 62.622 | 87.557 | 92.771 | 58.300 | 41.999 |
|   4   | 59.519 | 86.680 | 92.658 | 56.316 | 40.673 |
|   5   | 62.476 | 87.671 | 92.820 | 57.942 | 41.634 |
|   6   | 64.977 | 87.833 | 92.625 | 59.168 | 42.380 |
|   7   | 62.297 | 87.443 | 92.186 | 57.784 | 41.166 |
|   8   | 64.149 | 87.736 | 92.268 | 58.668 | 41.926 |
|   9   | 66.699 | 88.060 | 92.398 | 60.028 | 43.028 |
|   10  | 63.596 | 87.589 | 92.219 | 58.347 | 41.761 |
+-------+--------+--------+--------+--------+--------+
     logs:  {'epo': 10, 'R1': 63.596, 'R5': 87.589, 'R10': 92.219, 'mAP': 58.347, 'mINP': 41.761, 'lr': 0.000133, 'entropy': 0.127452, 'loss': 2.740872}
      TTA Epoch: [11] [  0/192]  eta: 0:03:01  lr: 0.000129  entropy: 0.0831  loss: 2.7243  time: 0.9464  data: 0.7856  max mem: 5880
      TTA Epoch: [11] [100/192]  eta: 0:00:05  lr: 0.000126  entropy: 0.1367  loss: 2.7445  time: 0.0473  data: 0.0001  max mem: 5880
      TTA Epoch: [11] [191/192]  eta: 0:00:00  lr: 0.000123  entropy: 0.1259  loss: 2.7401  time: 0.0432  data: 0.0001  max mem: 5880
      TTA Epoch: [11] Total time: 0:00:10 (0.0545 s / it)
     Averaged stats: lr: 0.0001  entropy: 0.1266  loss: 2.7406
     itm tta time 0:00:10
     Computing matching score
      ITM Evaluation: [   0/6156]  eta: 0:04:09    time: 0.0405  data: 0.0086  max mem: 5880
      ITM Evaluation: [ 100/6156]  eta: 0:03:05    time: 0.0309  data: 0.0000  max mem: 5880
      ITM Evaluation: [ 200/6156]  eta: 0:03:06    time: 0.0326  data: 0.0000  max mem: 5880
      ITM Evaluation: [ 300/6156]  eta: 0:03:03    time: 0.0301  data: 0.0000  max mem: 5880
      ITM Evaluation: [ 400/6156]  eta: 0:02:58    time: 0.0301  data: 0.0000  max mem: 5880
      ITM Evaluation: [ 500/6156]  eta: 0:02:54    time: 0.0302  data: 0.0000  max mem: 5880
      ITM Evaluation: [ 600/6156]  eta: 0:02:50    time: 0.0305  data: 0.0000  max mem: 5880
      ITM Evaluation: [ 700/6156]  eta: 0:02:47    time: 0.0303  data: 0.0000  max mem: 5880
      ITM Evaluation: [ 800/6156]  eta: 0:02:44    time: 0.0322  data: 0.0000  max mem: 5880
      ITM Evaluation: [ 900/6156]  eta: 0:02:42    time: 0.0306  data: 0.0000  max mem: 5880
      ITM Evaluation: [1000/6156]  eta: 0:02:38    time: 0.0305  data: 0.0000  max mem: 5880
      ITM Evaluation: [1100/6156]  eta: 0:02:35    time: 0.0303  data: 0.0000  max mem: 5880
      ITM Evaluation: [1200/6156]  eta: 0:02:32    time: 0.0307  data: 0.0000  max mem: 5880
      ITM Evaluation: [1300/6156]  eta: 0:02:29    time: 0.0300  data: 0.0000  max mem: 5880
      ITM Evaluation: [1400/6156]  eta: 0:02:26    time: 0.0319  data: 0.0000  max mem: 5880
      ITM Evaluation: [1500/6156]  eta: 0:02:23    time: 0.0319  data: 0.0000  max mem: 5880
      ITM Evaluation: [1600/6156]  eta: 0:02:20    time: 0.0299  data: 0.0000  max mem: 5880
      ITM Evaluation: [1700/6156]  eta: 0:02:17    time: 0.0303  data: 0.0000  max mem: 5880
      ITM Evaluation: [1800/6156]  eta: 0:02:13    time: 0.0300  data: 0.0000  max mem: 5880
      ITM Evaluation: [1900/6156]  eta: 0:02:10    time: 0.0302  data: 0.0000  max mem: 5880
      ITM Evaluation: [2000/6156]  eta: 0:02:07    time: 0.0320  data: 0.0000  max mem: 5880
      ITM Evaluation: [2100/6156]  eta: 0:02:04    time: 0.0304  data: 0.0000  max mem: 5880
      ITM Evaluation: [2200/6156]  eta: 0:02:01    time: 0.0306  data: 0.0000  max mem: 5880
      ITM Evaluation: [2300/6156]  eta: 0:01:58    time: 0.0306  data: 0.0000  max mem: 5880
      ITM Evaluation: [2400/6156]  eta: 0:01:55    time: 0.0307  data: 0.0000  max mem: 5880
      ITM Evaluation: [2500/6156]  eta: 0:01:52    time: 0.0303  data: 0.0000  max mem: 5880
      ITM Evaluation: [2600/6156]  eta: 0:01:49    time: 0.0305  data: 0.0000  max mem: 5880
      ITM Evaluation: [2700/6156]  eta: 0:01:46    time: 0.0328  data: 0.0000  max mem: 5880
      ITM Evaluation: [2800/6156]  eta: 0:01:43    time: 0.0303  data: 0.0000  max mem: 5880
      ITM Evaluation: [2900/6156]  eta: 0:01:40    time: 0.0303  data: 0.0000  max mem: 5880
      ITM Evaluation: [3000/6156]  eta: 0:01:37    time: 0.0304  data: 0.0000  max mem: 5880
      ITM Evaluation: [3100/6156]  eta: 0:01:33    time: 0.0303  data: 0.0000  max mem: 5880
      ITM Evaluation: [3200/6156]  eta: 0:01:30    time: 0.0324  data: 0.0000  max mem: 5880
      ITM Evaluation: [3300/6156]  eta: 0:01:27    time: 0.0302  data: 0.0000  max mem: 5880
      ITM Evaluation: [3400/6156]  eta: 0:01:24    time: 0.0301  data: 0.0000  max mem: 5880
      ITM Evaluation: [3500/6156]  eta: 0:01:21    time: 0.0301  data: 0.0000  max mem: 5880
      ITM Evaluation: [3600/6156]  eta: 0:01:18    time: 0.0306  data: 0.0000  max mem: 5880
      ITM Evaluation: [3700/6156]  eta: 0:01:15    time: 0.0301  data: 0.0000  max mem: 5880
      ITM Evaluation: [3800/6156]  eta: 0:01:12    time: 0.0302  data: 0.0000  max mem: 5880
      ITM Evaluation: [3900/6156]  eta: 0:01:09    time: 0.0310  data: 0.0000  max mem: 5880
      ITM Evaluation: [4000/6156]  eta: 0:01:06    time: 0.0328  data: 0.0000  max mem: 5880
      ITM Evaluation: [4100/6156]  eta: 0:01:03    time: 0.0305  data: 0.0000  max mem: 5880
      ITM Evaluation: [4200/6156]  eta: 0:01:00    time: 0.0306  data: 0.0000  max mem: 5880
      ITM Evaluation: [4300/6156]  eta: 0:00:57    time: 0.0304  data: 0.0000  max mem: 5880
      ITM Evaluation: [4400/6156]  eta: 0:00:54    time: 0.0324  data: 0.0000  max mem: 5880
      ITM Evaluation: [4500/6156]  eta: 0:00:50    time: 0.0304  data: 0.0000  max mem: 5880
      ITM Evaluation: [4600/6156]  eta: 0:00:47    time: 0.0303  data: 0.0000  max mem: 5880
      ITM Evaluation: [4700/6156]  eta: 0:00:44    time: 0.0306  data: 0.0000  max mem: 5880
      ITM Evaluation: [4800/6156]  eta: 0:00:41    time: 0.0303  data: 0.0000  max mem: 5880
      ITM Evaluation: [4900/6156]  eta: 0:00:38    time: 0.0304  data: 0.0000  max mem: 5880
      ITM Evaluation: [5000/6156]  eta: 0:00:35    time: 0.0304  data: 0.0000  max mem: 5880
      ITM Evaluation: [5100/6156]  eta: 0:00:32    time: 0.0310  data: 0.0000  max mem: 5880
      ITM Evaluation: [5200/6156]  eta: 0:00:29    time: 0.0326  data: 0.0000  max mem: 5880
      ITM Evaluation: [5300/6156]  eta: 0:00:26    time: 0.0318  data: 0.0000  max mem: 5880
      ITM Evaluation: [5400/6156]  eta: 0:00:23    time: 0.0304  data: 0.0000  max mem: 5880
      ITM Evaluation: [5500/6156]  eta: 0:00:20    time: 0.0302  data: 0.0000  max mem: 5880
      ITM Evaluation: [5600/6156]  eta: 0:00:17    time: 0.0321  data: 0.0000  max mem: 5880
      ITM Evaluation: [5700/6156]  eta: 0:00:14    time: 0.0302  data: 0.0000  max mem: 5880
      ITM Evaluation: [5800/6156]  eta: 0:00:10    time: 0.0303  data: 0.0000  max mem: 5880
      ITM Evaluation: [5900/6156]  eta: 0:00:07    time: 0.0307  data: 0.0000  max mem: 5880
      ITM Evaluation: [6000/6156]  eta: 0:00:04    time: 0.0303  data: 0.0000  max mem: 5880
      ITM Evaluation: [6100/6156]  eta: 0:00:01    time: 0.0303  data: 0.0000  max mem: 5880
      ITM Evaluation: [6155/6156]  eta: 0:00:00    time: 0.0305  data: 0.0000  max mem: 5880
      ITM Evaluation: Total time: 0:03:09 (0.0308 s / it)
     total_time 189.53291010856628
     Computing matching score time 0:03:09
### TTA ITM Score: 
+-------+--------+--------+--------+--------+--------+
| epoch |   R1   |   R5   |  R10   |  mAP   |  mINP  |
+-------+--------+--------+--------+--------+--------+
|  -999 | 70.760 | 87.378 | 92.268 | 63.849 | 48.174 |
|  -999 | 76.170 | 89.457 | 93.600 | 65.570 | 47.372 |
|   0   | 73.619 | 88.726 | 92.804 | 64.386 | 47.013 |
|   1   | 63.450 | 87.768 | 93.096 | 58.554 | 42.125 |
|   2   | 57.830 | 86.728 | 92.755 | 55.651 | 40.483 |
|   3   | 62.622 | 87.557 | 92.771 | 58.300 | 41.999 |
|   4   | 59.519 | 86.680 | 92.658 | 56.316 | 40.673 |
|   5   | 62.476 | 87.671 | 92.820 | 57.942 | 41.634 |
|   6   | 64.977 | 87.833 | 92.625 | 59.168 | 42.380 |
|   7   | 62.297 | 87.443 | 92.186 | 57.784 | 41.166 |
|   8   | 64.149 | 87.736 | 92.268 | 58.668 | 41.926 |
|   9   | 66.699 | 88.060 | 92.398 | 60.028 | 43.028 |
|   10  | 63.596 | 87.589 | 92.219 | 58.347 | 41.761 |
|   11  | 61.712 | 87.541 | 92.219 | 57.418 | 41.121 |
+-------+--------+--------+--------+--------+--------+
     logs:  {'epo': 11, 'R1': 61.712, 'R5': 87.541, 'R10': 92.219, 'mAP': 57.418, 'mINP': 41.121, 'lr': 0.000126, 'entropy': 0.126646, 'loss': 2.740573}
      TTA Epoch: [12] [  0/192]  eta: 0:01:46  lr: 0.000122  entropy: 0.1340  loss: 2.7431  time: 0.5543  data: 0.4663  max mem: 5880
      TTA Epoch: [12] [100/192]  eta: 0:00:04  lr: 0.000119  entropy: 0.1134  loss: 2.7357  time: 0.0444  data: 0.0001  max mem: 5880
      TTA Epoch: [12] [191/192]  eta: 0:00:00  lr: 0.000116  entropy: 0.1963  loss: 2.7665  time: 0.0591  data: 0.0002  max mem: 5880
      TTA Epoch: [12] Total time: 0:00:10 (0.0546 s / it)
     Averaged stats: lr: 0.0001  entropy: 0.1258  loss: 2.7402
     itm tta time 0:00:10
     Computing matching score
      ITM Evaluation: [   0/6156]  eta: 0:04:41    time: 0.0458  data: 0.0123  max mem: 5880
      ITM Evaluation: [ 100/6156]  eta: 0:03:02    time: 0.0300  data: 0.0000  max mem: 5880
      ITM Evaluation: [ 200/6156]  eta: 0:03:00    time: 0.0313  data: 0.0000  max mem: 5880
      ITM Evaluation: [ 300/6156]  eta: 0:02:59    time: 0.0316  data: 0.0000  max mem: 5880
      ITM Evaluation: [ 400/6156]  eta: 0:02:56    time: 0.0301  data: 0.0000  max mem: 5880
      ITM Evaluation: [ 500/6156]  eta: 0:02:53    time: 0.0315  data: 0.0000  max mem: 5880
      ITM Evaluation: [ 600/6156]  eta: 0:02:50    time: 0.0322  data: 0.0000  max mem: 5880
      ITM Evaluation: [ 700/6156]  eta: 0:02:47    time: 0.0306  data: 0.0000  max mem: 5880
      ITM Evaluation: [ 800/6156]  eta: 0:02:44    time: 0.0302  data: 0.0000  max mem: 5880
      ITM Evaluation: [ 900/6156]  eta: 0:02:40    time: 0.0302  data: 0.0000  max mem: 5880
      ITM Evaluation: [1000/6156]  eta: 0:02:38    time: 0.0316  data: 0.0000  max mem: 5880
      ITM Evaluation: [1100/6156]  eta: 0:02:35    time: 0.0309  data: 0.0000  max mem: 5880
      ITM Evaluation: [1200/6156]  eta: 0:02:33    time: 0.0333  data: 0.0000  max mem: 5880
      ITM Evaluation: [1300/6156]  eta: 0:02:30    time: 0.0304  data: 0.0000  max mem: 5880
      ITM Evaluation: [1400/6156]  eta: 0:02:27    time: 0.0323  data: 0.0000  max mem: 5880
      ITM Evaluation: [1500/6156]  eta: 0:02:25    time: 0.0310  data: 0.0000  max mem: 5880
      ITM Evaluation: [1600/6156]  eta: 0:02:22    time: 0.0316  data: 0.0000  max mem: 5880
      ITM Evaluation: [1700/6156]  eta: 0:02:19    time: 0.0305  data: 0.0000  max mem: 5880
      ITM Evaluation: [1800/6156]  eta: 0:02:15    time: 0.0312  data: 0.0000  max mem: 5880
      ITM Evaluation: [1900/6156]  eta: 0:02:13    time: 0.0303  data: 0.0000  max mem: 5880
      ITM Evaluation: [2000/6156]  eta: 0:02:10    time: 0.0303  data: 0.0000  max mem: 5880
      ITM Evaluation: [2100/6156]  eta: 0:02:06    time: 0.0303  data: 0.0000  max mem: 5880
      ITM Evaluation: [2200/6156]  eta: 0:02:03    time: 0.0303  data: 0.0000  max mem: 5880
      ITM Evaluation: [2300/6156]  eta: 0:02:00    time: 0.0303  data: 0.0000  max mem: 5880
      ITM Evaluation: [2400/6156]  eta: 0:01:57    time: 0.0331  data: 0.0000  max mem: 5880
      ITM Evaluation: [2500/6156]  eta: 0:01:54    time: 0.0318  data: 0.0000  max mem: 5880
      ITM Evaluation: [2600/6156]  eta: 0:01:51    time: 0.0319  data: 0.0000  max mem: 5880
      ITM Evaluation: [2700/6156]  eta: 0:01:48    time: 0.0305  data: 0.0000  max mem: 5880
      ITM Evaluation: [2800/6156]  eta: 0:01:44    time: 0.0303  data: 0.0000  max mem: 5880
      ITM Evaluation: [2900/6156]  eta: 0:01:41    time: 0.0301  data: 0.0000  max mem: 5880
      ITM Evaluation: [3000/6156]  eta: 0:01:38    time: 0.0304  data: 0.0000  max mem: 5880
      ITM Evaluation: [3100/6156]  eta: 0:01:35    time: 0.0305  data: 0.0000  max mem: 5880
      ITM Evaluation: [3200/6156]  eta: 0:01:31    time: 0.0305  data: 0.0000  max mem: 5880
      ITM Evaluation: [3300/6156]  eta: 0:01:28    time: 0.0307  data: 0.0000  max mem: 5880
      ITM Evaluation: [3400/6156]  eta: 0:01:25    time: 0.0304  data: 0.0000  max mem: 5880
      ITM Evaluation: [3500/6156]  eta: 0:01:22    time: 0.0307  data: 0.0000  max mem: 5880
      ITM Evaluation: [3600/6156]  eta: 0:01:19    time: 0.0302  data: 0.0000  max mem: 5880
      ITM Evaluation: [3700/6156]  eta: 0:01:16    time: 0.0326  data: 0.0000  max mem: 5880
      ITM Evaluation: [3800/6156]  eta: 0:01:13    time: 0.0324  data: 0.0000  max mem: 5880
      ITM Evaluation: [3900/6156]  eta: 0:01:10    time: 0.0302  data: 0.0000  max mem: 5880
      ITM Evaluation: [4000/6156]  eta: 0:01:07    time: 0.0302  data: 0.0000  max mem: 5880
      ITM Evaluation: [4100/6156]  eta: 0:01:03    time: 0.0301  data: 0.0000  max mem: 5880
      ITM Evaluation: [4200/6156]  eta: 0:01:00    time: 0.0300  data: 0.0000  max mem: 5880
      ITM Evaluation: [4300/6156]  eta: 0:00:57    time: 0.0304  data: 0.0000  max mem: 5880
      ITM Evaluation: [4400/6156]  eta: 0:00:54    time: 0.0302  data: 0.0000  max mem: 5880
      ITM Evaluation: [4500/6156]  eta: 0:00:51    time: 0.0304  data: 0.0000  max mem: 5880
      ITM Evaluation: [4600/6156]  eta: 0:00:48    time: 0.0303  data: 0.0000  max mem: 5880
      ITM Evaluation: [4700/6156]  eta: 0:00:45    time: 0.0302  data: 0.0000  max mem: 5880
      ITM Evaluation: [4800/6156]  eta: 0:00:42    time: 0.0302  data: 0.0000  max mem: 5880
      ITM Evaluation: [4900/6156]  eta: 0:00:38    time: 0.0327  data: 0.0000  max mem: 5880
      ITM Evaluation: [5000/6156]  eta: 0:00:36    time: 0.0327  data: 0.0000  max mem: 5880
      ITM Evaluation: [5100/6156]  eta: 0:00:32    time: 0.0301  data: 0.0000  max mem: 5880
      ITM Evaluation: [5200/6156]  eta: 0:00:29    time: 0.0304  data: 0.0000  max mem: 5880
      ITM Evaluation: [5300/6156]  eta: 0:00:26    time: 0.0302  data: 0.0000  max mem: 5880
      ITM Evaluation: [5400/6156]  eta: 0:00:23    time: 0.0301  data: 0.0000  max mem: 5880
      ITM Evaluation: [5500/6156]  eta: 0:00:20    time: 0.0303  data: 0.0000  max mem: 5880
      ITM Evaluation: [5600/6156]  eta: 0:00:17    time: 0.0303  data: 0.0000  max mem: 5880
      ITM Evaluation: [5700/6156]  eta: 0:00:14    time: 0.0301  data: 0.0000  max mem: 5880
      ITM Evaluation: [5800/6156]  eta: 0:00:11    time: 0.0302  data: 0.0000  max mem: 5880
      ITM Evaluation: [5900/6156]  eta: 0:00:07    time: 0.0302  data: 0.0000  max mem: 5880
      ITM Evaluation: [6000/6156]  eta: 0:00:04    time: 0.0301  data: 0.0000  max mem: 5880
      ITM Evaluation: [6100/6156]  eta: 0:00:01    time: 0.0327  data: 0.0000  max mem: 5880
      ITM Evaluation: [6155/6156]  eta: 0:00:00    time: 0.0436  data: 0.0000  max mem: 5880
      ITM Evaluation: Total time: 0:03:11 (0.0312 s / it)
     total_time 191.95653581619263
     Computing matching score time 0:03:11
### TTA ITM Score: 
+-------+--------+--------+--------+--------+--------+
| epoch |   R1   |   R5   |  R10   |  mAP   |  mINP  |
+-------+--------+--------+--------+--------+--------+
|  -999 | 70.760 | 87.378 | 92.268 | 63.849 | 48.174 |
|  -999 | 76.170 | 89.457 | 93.600 | 65.570 | 47.372 |
|   0   | 73.619 | 88.726 | 92.804 | 64.386 | 47.013 |
|   1   | 63.450 | 87.768 | 93.096 | 58.554 | 42.125 |
|   2   | 57.830 | 86.728 | 92.755 | 55.651 | 40.483 |
|   3   | 62.622 | 87.557 | 92.771 | 58.300 | 41.999 |
|   4   | 59.519 | 86.680 | 92.658 | 56.316 | 40.673 |
|   5   | 62.476 | 87.671 | 92.820 | 57.942 | 41.634 |
|   6   | 64.977 | 87.833 | 92.625 | 59.168 | 42.380 |
|   7   | 62.297 | 87.443 | 92.186 | 57.784 | 41.166 |
|   8   | 64.149 | 87.736 | 92.268 | 58.668 | 41.926 |
|   9   | 66.699 | 88.060 | 92.398 | 60.028 | 43.028 |
|   10  | 63.596 | 87.589 | 92.219 | 58.347 | 41.761 |
|   11  | 61.712 | 87.541 | 92.219 | 57.418 | 41.121 |
|   12  | 63.483 | 87.671 | 92.284 | 58.347 | 41.731 |
+-------+--------+--------+--------+--------+--------+
     logs:  {'epo': 12, 'R1': 63.483, 'R5': 87.671, 'R10': 92.284, 'mAP': 58.347, 'mINP': 41.731, 'lr': 0.000119, 'entropy': 0.125773, 'loss': 2.74025}
      TTA Epoch: [13] [  0/192]  eta: 0:01:46  lr: 0.000116  entropy: 0.0764  loss: 2.7219  time: 0.5549  data: 0.4624  max mem: 5880
      TTA Epoch: [13] [100/192]  eta: 0:00:04  lr: 0.000112  entropy: 0.1515  loss: 2.7502  time: 0.0464  data: 0.0001  max mem: 5880
      TTA Epoch: [13] [191/192]  eta: 0:00:00  lr: 0.000109  entropy: 0.0998  loss: 2.7308  time: 0.0412  data: 0.0001  max mem: 5880
      TTA Epoch: [13] Total time: 0:00:08 (0.0466 s / it)
     Averaged stats: lr: 0.0001  entropy: 0.1187  loss: 2.7376
     itm tta time 0:00:09
     Computing matching score
      ITM Evaluation: [   0/6156]  eta: 0:04:33    time: 0.0445  data: 0.0067  max mem: 5880
      ITM Evaluation: [ 100/6156]  eta: 0:03:05    time: 0.0301  data: 0.0000  max mem: 5880
      ITM Evaluation: [ 200/6156]  eta: 0:03:01    time: 0.0301  data: 0.0000  max mem: 5880
      ITM Evaluation: [ 300/6156]  eta: 0:02:57    time: 0.0302  data: 0.0000  max mem: 5880
      ITM Evaluation: [ 400/6156]  eta: 0:02:54    time: 0.0300  data: 0.0000  max mem: 5880
      ITM Evaluation: [ 500/6156]  eta: 0:02:51    time: 0.0301  data: 0.0000  max mem: 5880
      ITM Evaluation: [ 600/6156]  eta: 0:02:48    time: 0.0301  data: 0.0000  max mem: 5880
      ITM Evaluation: [ 700/6156]  eta: 0:02:45    time: 0.0319  data: 0.0000  max mem: 5880
      ITM Evaluation: [ 800/6156]  eta: 0:02:48    time: 0.0401  data: 0.0000  max mem: 5880
      ITM Evaluation: [ 900/6156]  eta: 0:02:45    time: 0.0304  data: 0.0000  max mem: 5880
      ITM Evaluation: [1000/6156]  eta: 0:02:41    time: 0.0304  data: 0.0000  max mem: 5880
      ITM Evaluation: [1100/6156]  eta: 0:02:37    time: 0.0306  data: 0.0000  max mem: 5880
      ITM Evaluation: [1200/6156]  eta: 0:02:34    time: 0.0304  data: 0.0000  max mem: 5880
      ITM Evaluation: [1300/6156]  eta: 0:02:31    time: 0.0306  data: 0.0000  max mem: 5880
      ITM Evaluation: [1400/6156]  eta: 0:02:27    time: 0.0303  data: 0.0000  max mem: 5880
      ITM Evaluation: [1500/6156]  eta: 0:02:24    time: 0.0303  data: 0.0000  max mem: 5880
      ITM Evaluation: [1600/6156]  eta: 0:02:21    time: 0.0307  data: 0.0000  max mem: 5880
      ITM Evaluation: [1700/6156]  eta: 0:02:17    time: 0.0303  data: 0.0000  max mem: 5880
      ITM Evaluation: [1800/6156]  eta: 0:02:14    time: 0.0302  data: 0.0000  max mem: 5880
      ITM Evaluation: [1900/6156]  eta: 0:02:11    time: 0.0326  data: 0.0000  max mem: 5880
      ITM Evaluation: [2000/6156]  eta: 0:02:09    time: 0.0324  data: 0.0000  max mem: 5880
      ITM Evaluation: [2100/6156]  eta: 0:02:07    time: 0.0327  data: 0.0000  max mem: 5880
      ITM Evaluation: [2200/6156]  eta: 0:02:04    time: 0.0326  data: 0.0000  max mem: 5880
      ITM Evaluation: [2300/6156]  eta: 0:02:01    time: 0.0323  data: 0.0000  max mem: 5880
      ITM Evaluation: [2400/6156]  eta: 0:01:58    time: 0.0325  data: 0.0000  max mem: 5880
      ITM Evaluation: [2500/6156]  eta: 0:01:55    time: 0.0325  data: 0.0000  max mem: 5880
      ITM Evaluation: [2600/6156]  eta: 0:01:52    time: 0.0328  data: 0.0000  max mem: 5880
      ITM Evaluation: [2700/6156]  eta: 0:01:49    time: 0.0323  data: 0.0000  max mem: 5880
      ITM Evaluation: [2800/6156]  eta: 0:01:46    time: 0.0328  data: 0.0000  max mem: 5880
      ITM Evaluation: [2900/6156]  eta: 0:01:43    time: 0.0327  data: 0.0000  max mem: 5880
      ITM Evaluation: [3000/6156]  eta: 0:01:40    time: 0.0339  data: 0.0000  max mem: 5880
      ITM Evaluation: [3100/6156]  eta: 0:01:37    time: 0.0417  data: 0.0000  max mem: 5880
      ITM Evaluation: [3200/6156]  eta: 0:01:34    time: 0.0330  data: 0.0000  max mem: 5880
      ITM Evaluation: [3300/6156]  eta: 0:01:31    time: 0.0328  data: 0.0000  max mem: 5880
      ITM Evaluation: [3400/6156]  eta: 0:01:28    time: 0.0330  data: 0.0000  max mem: 5880
      ITM Evaluation: [3500/6156]  eta: 0:01:25    time: 0.0328  data: 0.0000  max mem: 5880
      ITM Evaluation: [3600/6156]  eta: 0:01:22    time: 0.0325  data: 0.0000  max mem: 5880
      ITM Evaluation: [3700/6156]  eta: 0:01:19    time: 0.0327  data: 0.0000  max mem: 5880
      ITM Evaluation: [3800/6156]  eta: 0:01:15    time: 0.0324  data: 0.0000  max mem: 5880
      ITM Evaluation: [3900/6156]  eta: 0:01:12    time: 0.0324  data: 0.0000  max mem: 5880
      ITM Evaluation: [4000/6156]  eta: 0:01:09    time: 0.0323  data: 0.0000  max mem: 5880
      ITM Evaluation: [4100/6156]  eta: 0:01:06    time: 0.0354  data: 0.0000  max mem: 5880
      ITM Evaluation: [4200/6156]  eta: 0:01:03    time: 0.0354  data: 0.0000  max mem: 5880
      ITM Evaluation: [4300/6156]  eta: 0:01:00    time: 0.0327  data: 0.0000  max mem: 5880
      ITM Evaluation: [4400/6156]  eta: 0:00:56    time: 0.0326  data: 0.0000  max mem: 5880
      ITM Evaluation: [4500/6156]  eta: 0:00:53    time: 0.0327  data: 0.0000  max mem: 5880
      ITM Evaluation: [4600/6156]  eta: 0:00:50    time: 0.0323  data: 0.0000  max mem: 5880
      ITM Evaluation: [4700/6156]  eta: 0:00:47    time: 0.0326  data: 0.0000  max mem: 5880
      ITM Evaluation: [4800/6156]  eta: 0:00:44    time: 0.0328  data: 0.0000  max mem: 5880
      ITM Evaluation: [4900/6156]  eta: 0:00:40    time: 0.0330  data: 0.0000  max mem: 5880
      ITM Evaluation: [5000/6156]  eta: 0:00:37    time: 0.0332  data: 0.0000  max mem: 5880
      ITM Evaluation: [5100/6156]  eta: 0:00:34    time: 0.0331  data: 0.0000  max mem: 5880
      ITM Evaluation: [5200/6156]  eta: 0:00:31    time: 0.0346  data: 0.0000  max mem: 5880
      ITM Evaluation: [5300/6156]  eta: 0:00:27    time: 0.0358  data: 0.0000  max mem: 5880
      ITM Evaluation: [5400/6156]  eta: 0:00:24    time: 0.0323  data: 0.0000  max mem: 5880
      ITM Evaluation: [5500/6156]  eta: 0:00:21    time: 0.0326  data: 0.0000  max mem: 5880
      ITM Evaluation: [5600/6156]  eta: 0:00:18    time: 0.0326  data: 0.0000  max mem: 5880
      ITM Evaluation: [5700/6156]  eta: 0:00:14    time: 0.0328  data: 0.0000  max mem: 5880
      ITM Evaluation: [5800/6156]  eta: 0:00:11    time: 0.0331  data: 0.0000  max mem: 5880
      ITM Evaluation: [5900/6156]  eta: 0:00:08    time: 0.0329  data: 0.0000  max mem: 5880
      ITM Evaluation: [6000/6156]  eta: 0:00:05    time: 0.0328  data: 0.0000  max mem: 5880
      ITM Evaluation: [6100/6156]  eta: 0:00:01    time: 0.0325  data: 0.0000  max mem: 5880
      ITM Evaluation: [6155/6156]  eta: 0:00:00    time: 0.0330  data: 0.0000  max mem: 5880
      ITM Evaluation: Total time: 0:03:20 (0.0326 s / it)
     total_time 200.98922562599182
     Computing matching score time 0:03:20
### TTA ITM Score: 
+-------+--------+--------+--------+--------+--------+
| epoch |   R1   |   R5   |  R10   |  mAP   |  mINP  |
+-------+--------+--------+--------+--------+--------+
|  -999 | 70.760 | 87.378 | 92.268 | 63.849 | 48.174 |
|  -999 | 76.170 | 89.457 | 93.600 | 65.570 | 47.372 |
|   0   | 73.619 | 88.726 | 92.804 | 64.386 | 47.013 |
|   1   | 63.450 | 87.768 | 93.096 | 58.554 | 42.125 |
|   2   | 57.830 | 86.728 | 92.755 | 55.651 | 40.483 |
|   3   | 62.622 | 87.557 | 92.771 | 58.300 | 41.999 |
|   4   | 59.519 | 86.680 | 92.658 | 56.316 | 40.673 |
|   5   | 62.476 | 87.671 | 92.820 | 57.942 | 41.634 |
|   6   | 64.977 | 87.833 | 92.625 | 59.168 | 42.380 |
|   7   | 62.297 | 87.443 | 92.186 | 57.784 | 41.166 |
|   8   | 64.149 | 87.736 | 92.268 | 58.668 | 41.926 |
|   9   | 66.699 | 88.060 | 92.398 | 60.028 | 43.028 |
|   10  | 63.596 | 87.589 | 92.219 | 58.347 | 41.761 |
|   11  | 61.712 | 87.541 | 92.219 | 57.418 | 41.121 |
|   12  | 63.483 | 87.671 | 92.284 | 58.347 | 41.731 |
|   13  | 64.782 | 87.671 | 92.414 | 58.991 | 42.341 |
+-------+--------+--------+--------+--------+--------+
     logs:  {'epo': 13, 'R1': 64.782, 'R5': 87.671, 'R10': 92.414, 'mAP': 58.991, 'mINP': 42.341, 'lr': 0.000112, 'entropy': 0.118688, 'loss': 2.737617}
      TTA Epoch: [14] [  0/192]  eta: 0:01:45  lr: 0.000109  entropy: 0.1416  loss: 2.7462  time: 0.5491  data: 0.4212  max mem: 5880
      TTA Epoch: [14] [100/192]  eta: 0:00:06  lr: 0.000105  entropy: 0.0752  loss: 2.7215  time: 0.1151  data: 0.0004  max mem: 5880
      TTA Epoch: [14] [191/192]  eta: 0:00:00  lr: 0.000102  entropy: 0.0986  loss: 2.7301  time: 0.0429  data: 0.0001  max mem: 5880
      TTA Epoch: [14] Total time: 0:00:11 (0.0598 s / it)
     Averaged stats: lr: 0.0001  entropy: 0.1189  loss: 2.7377
     itm tta time 0:00:11
     Computing matching score
      ITM Evaluation: [   0/6156]  eta: 0:04:34    time: 0.0445  data: 0.0089  max mem: 5880
      ITM Evaluation: [ 100/6156]  eta: 0:03:22    time: 0.0333  data: 0.0000  max mem: 5880
      ITM Evaluation: [ 200/6156]  eta: 0:03:18    time: 0.0330  data: 0.0000  max mem: 5880
      ITM Evaluation: [ 300/6156]  eta: 0:03:14    time: 0.0327  data: 0.0000  max mem: 5880
      ITM Evaluation: [ 400/6156]  eta: 0:03:10    time: 0.0327  data: 0.0000  max mem: 5880
      ITM Evaluation: [ 500/6156]  eta: 0:03:06    time: 0.0326  data: 0.0000  max mem: 5880
      ITM Evaluation: [ 600/6156]  eta: 0:03:02    time: 0.0325  data: 0.0000  max mem: 5880
      ITM Evaluation: [ 700/6156]  eta: 0:02:58    time: 0.0322  data: 0.0000  max mem: 5880
      ITM Evaluation: [ 800/6156]  eta: 0:02:55    time: 0.0324  data: 0.0000  max mem: 5880
      ITM Evaluation: [ 900/6156]  eta: 0:02:53    time: 0.0415  data: 0.0000  max mem: 5880
      ITM Evaluation: [1000/6156]  eta: 0:02:54    time: 0.0324  data: 0.0000  max mem: 5880
      ITM Evaluation: [1100/6156]  eta: 0:02:50    time: 0.0325  data: 0.0000  max mem: 5880
      ITM Evaluation: [1200/6156]  eta: 0:02:47    time: 0.0328  data: 0.0000  max mem: 5880
      ITM Evaluation: [1300/6156]  eta: 0:02:43    time: 0.0329  data: 0.0000  max mem: 5880
      ITM Evaluation: [1400/6156]  eta: 0:02:39    time: 0.0322  data: 0.0000  max mem: 5880
      ITM Evaluation: [1500/6156]  eta: 0:02:35    time: 0.0325  data: 0.0000  max mem: 5880
      ITM Evaluation: [1600/6156]  eta: 0:02:32    time: 0.0328  data: 0.0000  max mem: 5880
      ITM Evaluation: [1700/6156]  eta: 0:02:28    time: 0.0328  data: 0.0000  max mem: 5880
      ITM Evaluation: [1800/6156]  eta: 0:02:25    time: 0.0328  data: 0.0000  max mem: 5880
      ITM Evaluation: [1900/6156]  eta: 0:02:21    time: 0.0330  data: 0.0000  max mem: 5880
      ITM Evaluation: [2000/6156]  eta: 0:02:19    time: 0.0520  data: 0.0000  max mem: 5880
      ITM Evaluation: [2100/6156]  eta: 0:02:17    time: 0.0323  data: 0.0000  max mem: 5880
      ITM Evaluation: [2200/6156]  eta: 0:02:14    time: 0.0326  data: 0.0000  max mem: 5880
      ITM Evaluation: [2300/6156]  eta: 0:02:10    time: 0.0329  data: 0.0000  max mem: 5880
      ITM Evaluation: [2400/6156]  eta: 0:02:07    time: 0.0332  data: 0.0000  max mem: 5880
      ITM Evaluation: [2500/6156]  eta: 0:02:03    time: 0.0330  data: 0.0000  max mem: 5880
      ITM Evaluation: [2600/6156]  eta: 0:02:00    time: 0.0329  data: 0.0000  max mem: 5880
      ITM Evaluation: [2700/6156]  eta: 0:01:56    time: 0.0329  data: 0.0000  max mem: 5880
      ITM Evaluation: [2800/6156]  eta: 0:01:53    time: 0.0328  data: 0.0000  max mem: 5880
      ITM Evaluation: [2900/6156]  eta: 0:01:49    time: 0.0332  data: 0.0000  max mem: 5880
      ITM Evaluation: [3000/6156]  eta: 0:01:46    time: 0.0326  data: 0.0000  max mem: 5880
      ITM Evaluation: [3100/6156]  eta: 0:01:43    time: 0.0473  data: 0.0000  max mem: 5880
      ITM Evaluation: [3200/6156]  eta: 0:01:40    time: 0.0331  data: 0.0000  max mem: 5880
      ITM Evaluation: [3300/6156]  eta: 0:01:36    time: 0.0325  data: 0.0000  max mem: 5880
      ITM Evaluation: [3400/6156]  eta: 0:01:33    time: 0.0328  data: 0.0000  max mem: 5880
      ITM Evaluation: [3500/6156]  eta: 0:01:29    time: 0.0326  data: 0.0000  max mem: 5880
      ITM Evaluation: [3600/6156]  eta: 0:01:26    time: 0.0329  data: 0.0000  max mem: 5880
      ITM Evaluation: [3700/6156]  eta: 0:01:22    time: 0.0331  data: 0.0000  max mem: 5880
      ITM Evaluation: [3800/6156]  eta: 0:01:19    time: 0.0328  data: 0.0000  max mem: 5880
      ITM Evaluation: [3900/6156]  eta: 0:01:16    time: 0.0328  data: 0.0000  max mem: 5880
      ITM Evaluation: [4000/6156]  eta: 0:01:12    time: 0.0333  data: 0.0000  max mem: 5880
      ITM Evaluation: [4100/6156]  eta: 0:01:09    time: 0.0330  data: 0.0000  max mem: 5880
      ITM Evaluation: [4200/6156]  eta: 0:01:06    time: 0.0460  data: 0.0000  max mem: 5880
      ITM Evaluation: [4300/6156]  eta: 0:01:03    time: 0.0328  data: 0.0000  max mem: 5880
      ITM Evaluation: [4400/6156]  eta: 0:00:59    time: 0.0326  data: 0.0000  max mem: 5880
      ITM Evaluation: [4500/6156]  eta: 0:00:56    time: 0.0326  data: 0.0000  max mem: 5880
      ITM Evaluation: [4600/6156]  eta: 0:00:52    time: 0.0329  data: 0.0000  max mem: 5880
      ITM Evaluation: [4700/6156]  eta: 0:00:49    time: 0.0330  data: 0.0000  max mem: 5880
      ITM Evaluation: [4800/6156]  eta: 0:00:45    time: 0.0326  data: 0.0000  max mem: 5880
      ITM Evaluation: [4900/6156]  eta: 0:00:42    time: 0.0328  data: 0.0000  max mem: 5880
      ITM Evaluation: [5000/6156]  eta: 0:00:39    time: 0.0327  data: 0.0000  max mem: 5880
      ITM Evaluation: [5100/6156]  eta: 0:00:35    time: 0.0327  data: 0.0000  max mem: 5880
      ITM Evaluation: [5200/6156]  eta: 0:00:32    time: 0.0327  data: 0.0000  max mem: 5880
      ITM Evaluation: [5300/6156]  eta: 0:00:29    time: 0.0457  data: 0.0000  max mem: 5880
      ITM Evaluation: [5400/6156]  eta: 0:00:25    time: 0.0328  data: 0.0000  max mem: 5880
      ITM Evaluation: [5500/6156]  eta: 0:00:22    time: 0.0327  data: 0.0000  max mem: 5880
      ITM Evaluation: [5600/6156]  eta: 0:00:18    time: 0.0328  data: 0.0000  max mem: 5880
      ITM Evaluation: [5700/6156]  eta: 0:00:15    time: 0.0328  data: 0.0000  max mem: 5880
      ITM Evaluation: [5800/6156]  eta: 0:00:12    time: 0.0337  data: 0.0000  max mem: 5880
      ITM Evaluation: [5900/6156]  eta: 0:00:08    time: 0.0330  data: 0.0000  max mem: 5880
      ITM Evaluation: [6000/6156]  eta: 0:00:05    time: 0.0329  data: 0.0000  max mem: 5880
      ITM Evaluation: [6100/6156]  eta: 0:00:01    time: 0.0330  data: 0.0000  max mem: 5880
      ITM Evaluation: [6155/6156]  eta: 0:00:00    time: 0.0329  data: 0.0000  max mem: 5880
      ITM Evaluation: Total time: 0:03:28 (0.0338 s / it)
     total_time 208.3814435005188
     Computing matching score time 0:03:28
### TTA ITM Score: 
+-------+--------+--------+--------+--------+--------+
| epoch |   R1   |   R5   |  R10   |  mAP   |  mINP  |
+-------+--------+--------+--------+--------+--------+
|  -999 | 70.760 | 87.378 | 92.268 | 63.849 | 48.174 |
|  -999 | 76.170 | 89.457 | 93.600 | 65.570 | 47.372 |
|   0   | 73.619 | 88.726 | 92.804 | 64.386 | 47.013 |
|   1   | 63.450 | 87.768 | 93.096 | 58.554 | 42.125 |
|   2   | 57.830 | 86.728 | 92.755 | 55.651 | 40.483 |
|   3   | 62.622 | 87.557 | 92.771 | 58.300 | 41.999 |
|   4   | 59.519 | 86.680 | 92.658 | 56.316 | 40.673 |
|   5   | 62.476 | 87.671 | 92.820 | 57.942 | 41.634 |
|   6   | 64.977 | 87.833 | 92.625 | 59.168 | 42.380 |
|   7   | 62.297 | 87.443 | 92.186 | 57.784 | 41.166 |
|   8   | 64.149 | 87.736 | 92.268 | 58.668 | 41.926 |
|   9   | 66.699 | 88.060 | 92.398 | 60.028 | 43.028 |
|   10  | 63.596 | 87.589 | 92.219 | 58.347 | 41.761 |
|   11  | 61.712 | 87.541 | 92.219 | 57.418 | 41.121 |
|   12  | 63.483 | 87.671 | 92.284 | 58.347 | 41.731 |
|   13  | 64.782 | 87.671 | 92.414 | 58.991 | 42.341 |
|   14  | 65.351 | 87.768 | 91.910 | 59.224 | 42.134 |
+-------+--------+--------+--------+--------+--------+
     logs:  {'epo': 14, 'R1': 65.351, 'R5': 87.768, 'R10': 91.91, 'mAP': 59.224, 'mINP': 42.134, 'lr': 0.000106, 'entropy': 0.118893, 'loss': 2.737695}
      TTA Epoch: [15] [  0/192]  eta: 0:01:45  lr: 0.000102  entropy: 0.0820  loss: 2.7241  time: 0.5499  data: 0.4485  max mem: 5880
      TTA Epoch: [15] [100/192]  eta: 0:00:06  lr: 0.000099  entropy: 0.0395  loss: 2.7083  time: 0.0439  data: 0.0001  max mem: 5880
      TTA Epoch: [15] [191/192]  eta: 0:00:00  lr: 0.000096  entropy: 0.1637  loss: 2.7542  time: 0.0410  data: 0.0001  max mem: 5880
      TTA Epoch: [15] Total time: 0:00:10 (0.0569 s / it)
     Averaged stats: lr: 0.0001  entropy: 0.1186  loss: 2.7376
     itm tta time 0:00:11
     Computing matching score
      ITM Evaluation: [   0/6156]  eta: 0:04:09    time: 0.0405  data: 0.0056  max mem: 5880
      ITM Evaluation: [ 100/6156]  eta: 0:03:20    time: 0.0331  data: 0.0000  max mem: 5880
      ITM Evaluation: [ 200/6156]  eta: 0:03:16    time: 0.0326  data: 0.0000  max mem: 5880
      ITM Evaluation: [ 300/6156]  eta: 0:03:12    time: 0.0328  data: 0.0000  max mem: 5880
      ITM Evaluation: [ 400/6156]  eta: 0:03:09    time: 0.0330  data: 0.0000  max mem: 5880
      ITM Evaluation: [ 500/6156]  eta: 0:03:05    time: 0.0326  data: 0.0000  max mem: 5880
      ITM Evaluation: [ 600/6156]  eta: 0:03:01    time: 0.0324  data: 0.0000  max mem: 5880
      ITM Evaluation: [ 700/6156]  eta: 0:02:58    time: 0.0329  data: 0.0000  max mem: 5880
      ITM Evaluation: [ 800/6156]  eta: 0:02:55    time: 0.0330  data: 0.0000  max mem: 5880
      ITM Evaluation: [ 900/6156]  eta: 0:02:55    time: 0.0508  data: 0.0000  max mem: 5880
      ITM Evaluation: [1000/6156]  eta: 0:02:55    time: 0.0328  data: 0.0000  max mem: 5880
      ITM Evaluation: [1100/6156]  eta: 0:02:51    time: 0.0323  data: 0.0000  max mem: 5880
      ITM Evaluation: [1200/6156]  eta: 0:02:47    time: 0.0325  data: 0.0000  max mem: 5880
      ITM Evaluation: [1300/6156]  eta: 0:02:43    time: 0.0324  data: 0.0000  max mem: 5880
      ITM Evaluation: [1400/6156]  eta: 0:02:39    time: 0.0327  data: 0.0000  max mem: 5880
      ITM Evaluation: [1500/6156]  eta: 0:02:36    time: 0.0330  data: 0.0000  max mem: 5880
      ITM Evaluation: [1600/6156]  eta: 0:02:32    time: 0.0332  data: 0.0000  max mem: 5880
      ITM Evaluation: [1700/6156]  eta: 0:02:29    time: 0.0327  data: 0.0000  max mem: 5880
      ITM Evaluation: [1800/6156]  eta: 0:02:25    time: 0.0328  data: 0.0000  max mem: 5880
      ITM Evaluation: [1900/6156]  eta: 0:02:22    time: 0.0325  data: 0.0000  max mem: 5880
      ITM Evaluation: [2000/6156]  eta: 0:02:19    time: 0.0486  data: 0.0000  max mem: 5880
      ITM Evaluation: [2100/6156]  eta: 0:02:17    time: 0.0321  data: 0.0000  max mem: 5880
      ITM Evaluation: [2200/6156]  eta: 0:02:13    time: 0.0296  data: 0.0000  max mem: 5880
      ITM Evaluation: [2300/6156]  eta: 0:02:09    time: 0.0300  data: 0.0000  max mem: 5880
      ITM Evaluation: [2400/6156]  eta: 0:02:05    time: 0.0306  data: 0.0000  max mem: 5880
      ITM Evaluation: [2500/6156]  eta: 0:02:01    time: 0.0303  data: 0.0000  max mem: 5880
      ITM Evaluation: [2600/6156]  eta: 0:01:57    time: 0.0308  data: 0.0000  max mem: 5880
      ITM Evaluation: [2700/6156]  eta: 0:01:54    time: 0.0304  data: 0.0000  max mem: 5880
      ITM Evaluation: [2800/6156]  eta: 0:01:50    time: 0.0307  data: 0.0000  max mem: 5880
      ITM Evaluation: [2900/6156]  eta: 0:01:47    time: 0.0307  data: 0.0000  max mem: 5880
      ITM Evaluation: [3000/6156]  eta: 0:01:43    time: 0.0314  data: 0.0000  max mem: 5880
      ITM Evaluation: [3100/6156]  eta: 0:01:40    time: 0.0305  data: 0.0000  max mem: 5880
      ITM Evaluation: [3200/6156]  eta: 0:01:37    time: 0.0410  data: 0.0000  max mem: 5880
      ITM Evaluation: [3300/6156]  eta: 0:01:34    time: 0.0322  data: 0.0000  max mem: 5880
      ITM Evaluation: [3400/6156]  eta: 0:01:30    time: 0.0308  data: 0.0000  max mem: 5880
      ITM Evaluation: [3500/6156]  eta: 0:01:27    time: 0.0307  data: 0.0000  max mem: 5880
      ITM Evaluation: [3600/6156]  eta: 0:01:23    time: 0.0307  data: 0.0000  max mem: 5880
      ITM Evaluation: [3700/6156]  eta: 0:01:20    time: 0.0303  data: 0.0000  max mem: 5880
      ITM Evaluation: [3800/6156]  eta: 0:01:17    time: 0.0305  data: 0.0000  max mem: 5880
      ITM Evaluation: [3900/6156]  eta: 0:01:13    time: 0.0308  data: 0.0000  max mem: 5880
      ITM Evaluation: [4000/6156]  eta: 0:01:10    time: 0.0307  data: 0.0000  max mem: 5880
      ITM Evaluation: [4100/6156]  eta: 0:01:06    time: 0.0304  data: 0.0000  max mem: 5880
      ITM Evaluation: [4200/6156]  eta: 0:01:03    time: 0.0307  data: 0.0000  max mem: 5880
      ITM Evaluation: [4300/6156]  eta: 0:01:00    time: 0.0312  data: 0.0000  max mem: 5880
      ITM Evaluation: [4400/6156]  eta: 0:00:56    time: 0.0328  data: 0.0000  max mem: 5880
      ITM Evaluation: [4500/6156]  eta: 0:00:53    time: 0.0315  data: 0.0000  max mem: 5880
      ITM Evaluation: [4600/6156]  eta: 0:00:50    time: 0.0302  data: 0.0000  max mem: 5880
      ITM Evaluation: [4700/6156]  eta: 0:00:47    time: 0.0301  data: 0.0000  max mem: 5880
      ITM Evaluation: [4800/6156]  eta: 0:00:43    time: 0.0305  data: 0.0000  max mem: 5880
      ITM Evaluation: [4900/6156]  eta: 0:00:40    time: 0.0308  data: 0.0000  max mem: 5880
      ITM Evaluation: [5000/6156]  eta: 0:00:37    time: 0.0303  data: 0.0000  max mem: 5880
      ITM Evaluation: [5100/6156]  eta: 0:00:34    time: 0.0304  data: 0.0000  max mem: 5880
      ITM Evaluation: [5200/6156]  eta: 0:00:30    time: 0.0305  data: 0.0000  max mem: 5880
      ITM Evaluation: [5300/6156]  eta: 0:00:27    time: 0.0304  data: 0.0000  max mem: 5880
      ITM Evaluation: [5400/6156]  eta: 0:00:24    time: 0.0305  data: 0.0000  max mem: 5880
      ITM Evaluation: [5500/6156]  eta: 0:00:21    time: 0.0304  data: 0.0000  max mem: 5880
      ITM Evaluation: [5600/6156]  eta: 0:00:17    time: 0.0324  data: 0.0000  max mem: 5880
      ITM Evaluation: [5700/6156]  eta: 0:00:14    time: 0.0317  data: 0.0000  max mem: 5880
      ITM Evaluation: [5800/6156]  eta: 0:00:11    time: 0.0301  data: 0.0000  max mem: 5880
      ITM Evaluation: [5900/6156]  eta: 0:00:08    time: 0.0302  data: 0.0000  max mem: 5880
      ITM Evaluation: [6000/6156]  eta: 0:00:05    time: 0.0303  data: 0.0000  max mem: 5880
      ITM Evaluation: [6100/6156]  eta: 0:00:01    time: 0.0303  data: 0.0000  max mem: 5880
      ITM Evaluation: [6155/6156]  eta: 0:00:00    time: 0.0303  data: 0.0000  max mem: 5880
      ITM Evaluation: Total time: 0:03:17 (0.0321 s / it)
     total_time 197.39077162742615
     Computing matching score time 0:03:17
### TTA ITM Score: 
+-------+--------+--------+--------+--------+--------+
| epoch |   R1   |   R5   |  R10   |  mAP   |  mINP  |
+-------+--------+--------+--------+--------+--------+
|  -999 | 70.760 | 87.378 | 92.268 | 63.849 | 48.174 |
|  -999 | 76.170 | 89.457 | 93.600 | 65.570 | 47.372 |
|   0   | 73.619 | 88.726 | 92.804 | 64.386 | 47.013 |
|   1   | 63.450 | 87.768 | 93.096 | 58.554 | 42.125 |
|   2   | 57.830 | 86.728 | 92.755 | 55.651 | 40.483 |
|   3   | 62.622 | 87.557 | 92.771 | 58.300 | 41.999 |
|   4   | 59.519 | 86.680 | 92.658 | 56.316 | 40.673 |
|   5   | 62.476 | 87.671 | 92.820 | 57.942 | 41.634 |
|   6   | 64.977 | 87.833 | 92.625 | 59.168 | 42.380 |
|   7   | 62.297 | 87.443 | 92.186 | 57.784 | 41.166 |
|   8   | 64.149 | 87.736 | 92.268 | 58.668 | 41.926 |
|   9   | 66.699 | 88.060 | 92.398 | 60.028 | 43.028 |
|   10  | 63.596 | 87.589 | 92.219 | 58.347 | 41.761 |
|   11  | 61.712 | 87.541 | 92.219 | 57.418 | 41.121 |
|   12  | 63.483 | 87.671 | 92.284 | 58.347 | 41.731 |
|   13  | 64.782 | 87.671 | 92.414 | 58.991 | 42.341 |
|   14  | 65.351 | 87.768 | 91.910 | 59.224 | 42.134 |
|   15  | 65.708 | 87.898 | 92.170 | 59.538 | 42.659 |
+-------+--------+--------+--------+--------+--------+
     logs:  {'epo': 15, 'R1': 65.708, 'R5': 87.898, 'R10': 92.17, 'mAP': 59.538, 'mINP': 42.659, 'lr': 9.9e-05, 'entropy': 0.118598, 'loss': 2.737584}
      TTA Epoch: [16] [  0/192]  eta: 0:01:41  lr: 0.000096  entropy: 0.0713  loss: 2.7200  time: 0.5286  data: 0.4244  max mem: 5880
      TTA Epoch: [16] [100/192]  eta: 0:00:04  lr: 0.000092  entropy: 0.0983  loss: 2.7301  time: 0.0448  data: 0.0001  max mem: 5880
      TTA Epoch: [16] [191/192]  eta: 0:00:00  lr: 0.000089  entropy: 0.0516  loss: 2.7130  time: 0.0417  data: 0.0001  max mem: 5880
      TTA Epoch: [16] Total time: 0:00:09 (0.0472 s / it)
     Averaged stats: lr: 0.0001  entropy: 0.1126  loss: 2.7353
     itm tta time 0:00:09
     Computing matching score
      ITM Evaluation: [   0/6156]  eta: 0:04:31    time: 0.0442  data: 0.0098  max mem: 5880
      ITM Evaluation: [ 100/6156]  eta: 0:03:04    time: 0.0302  data: 0.0000  max mem: 5880
      ITM Evaluation: [ 200/6156]  eta: 0:03:02    time: 0.0318  data: 0.0000  max mem: 5880
      ITM Evaluation: [ 300/6156]  eta: 0:03:12    time: 0.0405  data: 0.0000  max mem: 5880
      ITM Evaluation: [ 400/6156]  eta: 0:03:13    time: 0.0334  data: 0.0000  max mem: 5880
      ITM Evaluation: [ 500/6156]  eta: 0:03:08    time: 0.0306  data: 0.0000  max mem: 5880
      ITM Evaluation: [ 600/6156]  eta: 0:03:02    time: 0.0306  data: 0.0000  max mem: 5880
      ITM Evaluation: [ 700/6156]  eta: 0:02:57    time: 0.0307  data: 0.0000  max mem: 5880
      ITM Evaluation: [ 800/6156]  eta: 0:02:52    time: 0.0303  data: 0.0000  max mem: 5880
      ITM Evaluation: [ 900/6156]  eta: 0:02:48    time: 0.0304  data: 0.0000  max mem: 5880
      ITM Evaluation: [1000/6156]  eta: 0:02:44    time: 0.0303  data: 0.0000  max mem: 5880
      ITM Evaluation: [1100/6156]  eta: 0:02:40    time: 0.0302  data: 0.0000  max mem: 5880
      ITM Evaluation: [1200/6156]  eta: 0:02:36    time: 0.0302  data: 0.0000  max mem: 5880
      ITM Evaluation: [1300/6156]  eta: 0:02:33    time: 0.0301  data: 0.0000  max mem: 5880
      ITM Evaluation: [1400/6156]  eta: 0:02:29    time: 0.0303  data: 0.0000  max mem: 5880
      ITM Evaluation: [1500/6156]  eta: 0:02:26    time: 0.0319  data: 0.0000  max mem: 5880
      ITM Evaluation: [1600/6156]  eta: 0:02:23    time: 0.0327  data: 0.0000  max mem: 5880
      ITM Evaluation: [1700/6156]  eta: 0:02:20    time: 0.0321  data: 0.0000  max mem: 5880
      ITM Evaluation: [1800/6156]  eta: 0:02:17    time: 0.0301  data: 0.0000  max mem: 5880
      ITM Evaluation: [1900/6156]  eta: 0:02:13    time: 0.0302  data: 0.0000  max mem: 5880
      ITM Evaluation: [2000/6156]  eta: 0:02:10    time: 0.0302  data: 0.0000  max mem: 5880
      ITM Evaluation: [2100/6156]  eta: 0:02:06    time: 0.0303  data: 0.0000  max mem: 5880
      ITM Evaluation: [2200/6156]  eta: 0:02:03    time: 0.0304  data: 0.0000  max mem: 5880
      ITM Evaluation: [2300/6156]  eta: 0:02:00    time: 0.0303  data: 0.0000  max mem: 5880
      ITM Evaluation: [2400/6156]  eta: 0:01:57    time: 0.0305  data: 0.0000  max mem: 5880
      ITM Evaluation: [2500/6156]  eta: 0:01:53    time: 0.0305  data: 0.0000  max mem: 5880
      ITM Evaluation: [2600/6156]  eta: 0:01:50    time: 0.0305  data: 0.0000  max mem: 5880
      ITM Evaluation: [2700/6156]  eta: 0:01:47    time: 0.0319  data: 0.0000  max mem: 5880
      ITM Evaluation: [2800/6156]  eta: 0:01:44    time: 0.0306  data: 0.0000  max mem: 5880
      ITM Evaluation: [2900/6156]  eta: 0:01:41    time: 0.0325  data: 0.0000  max mem: 5880
      ITM Evaluation: [3000/6156]  eta: 0:01:38    time: 0.0302  data: 0.0000  max mem: 5880
      ITM Evaluation: [3100/6156]  eta: 0:01:35    time: 0.0302  data: 0.0000  max mem: 5880
      ITM Evaluation: [3200/6156]  eta: 0:01:31    time: 0.0303  data: 0.0000  max mem: 5880
      ITM Evaluation: [3300/6156]  eta: 0:01:28    time: 0.0302  data: 0.0000  max mem: 5880
      ITM Evaluation: [3400/6156]  eta: 0:01:25    time: 0.0301  data: 0.0000  max mem: 5880
      ITM Evaluation: [3500/6156]  eta: 0:01:22    time: 0.0303  data: 0.0000  max mem: 5880
      ITM Evaluation: [3600/6156]  eta: 0:01:19    time: 0.0302  data: 0.0000  max mem: 5880
      ITM Evaluation: [3700/6156]  eta: 0:01:16    time: 0.0301  data: 0.0000  max mem: 5880
      ITM Evaluation: [3800/6156]  eta: 0:01:13    time: 0.0302  data: 0.0000  max mem: 5880
      ITM Evaluation: [3900/6156]  eta: 0:01:09    time: 0.0322  data: 0.0000  max mem: 5880
      ITM Evaluation: [4000/6156]  eta: 0:01:06    time: 0.0304  data: 0.0000  max mem: 5880
      ITM Evaluation: [4100/6156]  eta: 0:01:03    time: 0.0318  data: 0.0000  max mem: 5880
      ITM Evaluation: [4200/6156]  eta: 0:01:00    time: 0.0326  data: 0.0000  max mem: 5880
      ITM Evaluation: [4300/6156]  eta: 0:00:57    time: 0.0302  data: 0.0000  max mem: 5880
      ITM Evaluation: [4400/6156]  eta: 0:00:54    time: 0.0303  data: 0.0000  max mem: 5880
      ITM Evaluation: [4500/6156]  eta: 0:00:51    time: 0.0302  data: 0.0000  max mem: 5880
      ITM Evaluation: [4600/6156]  eta: 0:00:48    time: 0.0305  data: 0.0000  max mem: 5880
      ITM Evaluation: [4700/6156]  eta: 0:00:45    time: 0.0303  data: 0.0000  max mem: 5880
      ITM Evaluation: [4800/6156]  eta: 0:00:41    time: 0.0302  data: 0.0000  max mem: 5880
      ITM Evaluation: [4900/6156]  eta: 0:00:38    time: 0.0302  data: 0.0000  max mem: 5880
      ITM Evaluation: [5000/6156]  eta: 0:00:35    time: 0.0302  data: 0.0000  max mem: 5880
      ITM Evaluation: [5100/6156]  eta: 0:00:32    time: 0.0319  data: 0.0000  max mem: 5880
      ITM Evaluation: [5200/6156]  eta: 0:00:29    time: 0.0300  data: 0.0000  max mem: 5880
      ITM Evaluation: [5300/6156]  eta: 0:00:26    time: 0.0303  data: 0.0000  max mem: 5880
      ITM Evaluation: [5400/6156]  eta: 0:00:23    time: 0.0319  data: 0.0000  max mem: 5880
      ITM Evaluation: [5500/6156]  eta: 0:00:20    time: 0.0312  data: 0.0000  max mem: 5880
      ITM Evaluation: [5600/6156]  eta: 0:00:17    time: 0.0301  data: 0.0000  max mem: 5880
      ITM Evaluation: [5700/6156]  eta: 0:00:14    time: 0.0300  data: 0.0000  max mem: 5880
      ITM Evaluation: [5800/6156]  eta: 0:00:11    time: 0.0306  data: 0.0000  max mem: 5880
      ITM Evaluation: [5900/6156]  eta: 0:00:07    time: 0.0300  data: 0.0000  max mem: 5880
      ITM Evaluation: [6000/6156]  eta: 0:00:04    time: 0.0305  data: 0.0000  max mem: 5880
      ITM Evaluation: [6100/6156]  eta: 0:00:01    time: 0.0306  data: 0.0000  max mem: 5880
      ITM Evaluation: [6155/6156]  eta: 0:00:00    time: 0.0307  data: 0.0000  max mem: 5880
      ITM Evaluation: Total time: 0:03:10 (0.0309 s / it)
     total_time 190.31815886497498
     Computing matching score time 0:03:10
### TTA ITM Score: 
+-------+--------+--------+--------+--------+--------+
| epoch |   R1   |   R5   |  R10   |  mAP   |  mINP  |
+-------+--------+--------+--------+--------+--------+
|  -999 | 70.760 | 87.378 | 92.268 | 63.849 | 48.174 |
|  -999 | 76.170 | 89.457 | 93.600 | 65.570 | 47.372 |
|   0   | 73.619 | 88.726 | 92.804 | 64.386 | 47.013 |
|   1   | 63.450 | 87.768 | 93.096 | 58.554 | 42.125 |
|   2   | 57.830 | 86.728 | 92.755 | 55.651 | 40.483 |
|   3   | 62.622 | 87.557 | 92.771 | 58.300 | 41.999 |
|   4   | 59.519 | 86.680 | 92.658 | 56.316 | 40.673 |
|   5   | 62.476 | 87.671 | 92.820 | 57.942 | 41.634 |
|   6   | 64.977 | 87.833 | 92.625 | 59.168 | 42.380 |
|   7   | 62.297 | 87.443 | 92.186 | 57.784 | 41.166 |
|   8   | 64.149 | 87.736 | 92.268 | 58.668 | 41.926 |
|   9   | 66.699 | 88.060 | 92.398 | 60.028 | 43.028 |
|   10  | 63.596 | 87.589 | 92.219 | 58.347 | 41.761 |
|   11  | 61.712 | 87.541 | 92.219 | 57.418 | 41.121 |
|   12  | 63.483 | 87.671 | 92.284 | 58.347 | 41.731 |
|   13  | 64.782 | 87.671 | 92.414 | 58.991 | 42.341 |
|   14  | 65.351 | 87.768 | 91.910 | 59.224 | 42.134 |
|   15  | 65.708 | 87.898 | 92.170 | 59.538 | 42.659 |
|   16  | 62.898 | 87.589 | 92.105 | 58.082 | 41.607 |
+-------+--------+--------+--------+--------+--------+
     logs:  {'epo': 16, 'R1': 62.898, 'R5': 87.589, 'R10': 92.105, 'mAP': 58.082, 'mINP': 41.607, 'lr': 9.2e-05, 'entropy': 0.112552, 'loss': 2.73534}
      TTA Epoch: [17] [  0/192]  eta: 0:02:50  lr: 0.000089  entropy: 0.1431  loss: 2.7470  time: 0.8864  data: 0.7772  max mem: 5880
      TTA Epoch: [17] [100/192]  eta: 0:00:05  lr: 0.000085  entropy: 0.1084  loss: 2.7337  time: 0.0454  data: 0.0001  max mem: 5880
      TTA Epoch: [17] [191/192]  eta: 0:00:00  lr: 0.000082  entropy: 0.1442  loss: 2.7471  time: 0.0428  data: 0.0001  max mem: 5880
      TTA Epoch: [17] Total time: 0:00:10 (0.0525 s / it)
     Averaged stats: lr: 0.0001  entropy: 0.1141  loss: 2.7359
     itm tta time 0:00:10
     Computing matching score
      ITM Evaluation: [   0/6156]  eta: 0:04:19    time: 0.0421  data: 0.0099  max mem: 5880
      ITM Evaluation: [ 100/6156]  eta: 0:03:13    time: 0.0330  data: 0.0000  max mem: 5880
      ITM Evaluation: [ 200/6156]  eta: 0:03:11    time: 0.0319  data: 0.0000  max mem: 5880
      ITM Evaluation: [ 300/6156]  eta: 0:03:04    time: 0.0302  data: 0.0000  max mem: 5880
      ITM Evaluation: [ 400/6156]  eta: 0:02:59    time: 0.0304  data: 0.0000  max mem: 5880
      ITM Evaluation: [ 500/6156]  eta: 0:02:55    time: 0.0307  data: 0.0000  max mem: 5880
      ITM Evaluation: [ 600/6156]  eta: 0:02:51    time: 0.0308  data: 0.0000  max mem: 5880
      ITM Evaluation: [ 700/6156]  eta: 0:02:48    time: 0.0308  data: 0.0000  max mem: 5880
      ITM Evaluation: [ 800/6156]  eta: 0:02:45    time: 0.0307  data: 0.0000  max mem: 5880
      ITM Evaluation: [ 900/6156]  eta: 0:02:42    time: 0.0324  data: 0.0000  max mem: 5880
      ITM Evaluation: [1000/6156]  eta: 0:02:39    time: 0.0306  data: 0.0000  max mem: 5880
      ITM Evaluation: [1100/6156]  eta: 0:02:36    time: 0.0304  data: 0.0000  max mem: 5880
      ITM Evaluation: [1200/6156]  eta: 0:02:33    time: 0.0305  data: 0.0000  max mem: 5880
      ITM Evaluation: [1300/6156]  eta: 0:02:30    time: 0.0304  data: 0.0000  max mem: 5880
      ITM Evaluation: [1400/6156]  eta: 0:02:27    time: 0.0325  data: 0.0000  max mem: 5880
      ITM Evaluation: [1500/6156]  eta: 0:02:24    time: 0.0305  data: 0.0000  max mem: 5880
      ITM Evaluation: [1600/6156]  eta: 0:02:21    time: 0.0302  data: 0.0000  max mem: 5880
      ITM Evaluation: [1700/6156]  eta: 0:02:18    time: 0.0302  data: 0.0000  max mem: 5880
      ITM Evaluation: [1800/6156]  eta: 0:02:14    time: 0.0305  data: 0.0000  max mem: 5880
      ITM Evaluation: [1900/6156]  eta: 0:02:11    time: 0.0305  data: 0.0000  max mem: 5880
      ITM Evaluation: [2000/6156]  eta: 0:02:08    time: 0.0303  data: 0.0000  max mem: 5880
      ITM Evaluation: [2100/6156]  eta: 0:02:05    time: 0.0320  data: 0.0000  max mem: 5880
      ITM Evaluation: [2200/6156]  eta: 0:02:02    time: 0.0304  data: 0.0000  max mem: 5880
      ITM Evaluation: [2300/6156]  eta: 0:01:59    time: 0.0306  data: 0.0000  max mem: 5880
      ITM Evaluation: [2400/6156]  eta: 0:01:56    time: 0.0306  data: 0.0000  max mem: 5880
      ITM Evaluation: [2500/6156]  eta: 0:01:52    time: 0.0305  data: 0.0000  max mem: 5880
      ITM Evaluation: [2600/6156]  eta: 0:01:49    time: 0.0324  data: 0.0000  max mem: 5880
      ITM Evaluation: [2700/6156]  eta: 0:01:46    time: 0.0320  data: 0.0000  max mem: 5880
      ITM Evaluation: [2800/6156]  eta: 0:01:43    time: 0.0301  data: 0.0000  max mem: 5880
      ITM Evaluation: [2900/6156]  eta: 0:01:40    time: 0.0305  data: 0.0000  max mem: 5880
      ITM Evaluation: [3000/6156]  eta: 0:01:37    time: 0.0301  data: 0.0000  max mem: 5880
      ITM Evaluation: [3100/6156]  eta: 0:01:34    time: 0.0304  data: 0.0000  max mem: 5880
      ITM Evaluation: [3200/6156]  eta: 0:01:31    time: 0.0302  data: 0.0000  max mem: 5880
      ITM Evaluation: [3300/6156]  eta: 0:01:28    time: 0.0322  data: 0.0000  max mem: 5880
      ITM Evaluation: [3400/6156]  eta: 0:01:25    time: 0.0305  data: 0.0000  max mem: 5880
      ITM Evaluation: [3500/6156]  eta: 0:01:22    time: 0.0307  data: 0.0000  max mem: 5880
      ITM Evaluation: [3600/6156]  eta: 0:01:18    time: 0.0307  data: 0.0000  max mem: 5880
      ITM Evaluation: [3700/6156]  eta: 0:01:15    time: 0.0306  data: 0.0000  max mem: 5880
      ITM Evaluation: [3800/6156]  eta: 0:01:12    time: 0.0310  data: 0.0000  max mem: 5880
      ITM Evaluation: [3900/6156]  eta: 0:01:09    time: 0.0325  data: 0.0000  max mem: 5880
      ITM Evaluation: [4000/6156]  eta: 0:01:06    time: 0.0310  data: 0.0000  max mem: 5880
      ITM Evaluation: [4100/6156]  eta: 0:01:03    time: 0.0307  data: 0.0000  max mem: 5880
      ITM Evaluation: [4200/6156]  eta: 0:01:00    time: 0.0305  data: 0.0000  max mem: 5880
      ITM Evaluation: [4300/6156]  eta: 0:00:57    time: 0.0307  data: 0.0000  max mem: 5880
      ITM Evaluation: [4400/6156]  eta: 0:00:54    time: 0.0309  data: 0.0000  max mem: 5880
      ITM Evaluation: [4500/6156]  eta: 0:00:51    time: 0.0325  data: 0.0000  max mem: 5880
      ITM Evaluation: [4600/6156]  eta: 0:00:48    time: 0.0306  data: 0.0000  max mem: 5880
      ITM Evaluation: [4700/6156]  eta: 0:00:45    time: 0.0305  data: 0.0000  max mem: 5880
      ITM Evaluation: [4800/6156]  eta: 0:00:41    time: 0.0306  data: 0.0000  max mem: 5880
      ITM Evaluation: [4900/6156]  eta: 0:00:38    time: 0.0307  data: 0.0000  max mem: 5880
      ITM Evaluation: [5000/6156]  eta: 0:00:35    time: 0.0304  data: 0.0000  max mem: 5880
      ITM Evaluation: [5100/6156]  eta: 0:00:32    time: 0.0325  data: 0.0000  max mem: 5880
      ITM Evaluation: [5200/6156]  eta: 0:00:29    time: 0.0328  data: 0.0000  max mem: 5880
      ITM Evaluation: [5300/6156]  eta: 0:00:26    time: 0.0309  data: 0.0000  max mem: 5880
      ITM Evaluation: [5400/6156]  eta: 0:00:23    time: 0.0314  data: 0.0000  max mem: 5880
      ITM Evaluation: [5500/6156]  eta: 0:00:20    time: 0.0307  data: 0.0000  max mem: 5880
      ITM Evaluation: [5600/6156]  eta: 0:00:17    time: 0.0313  data: 0.0000  max mem: 5880
      ITM Evaluation: [5700/6156]  eta: 0:00:14    time: 0.0322  data: 0.0000  max mem: 5880
      ITM Evaluation: [5800/6156]  eta: 0:00:11    time: 0.0306  data: 0.0000  max mem: 5880
      ITM Evaluation: [5900/6156]  eta: 0:00:07    time: 0.0306  data: 0.0000  max mem: 5880
      ITM Evaluation: [6000/6156]  eta: 0:00:04    time: 0.0308  data: 0.0000  max mem: 5880
      ITM Evaluation: [6100/6156]  eta: 0:00:01    time: 0.0305  data: 0.0000  max mem: 5880
      ITM Evaluation: [6155/6156]  eta: 0:00:00    time: 0.0309  data: 0.0000  max mem: 5880
      ITM Evaluation: Total time: 0:03:10 (0.0310 s / it)
     total_time 190.87149167060852
     Computing matching score time 0:03:10
### TTA ITM Score: 
+-------+--------+--------+--------+--------+--------+
| epoch |   R1   |   R5   |  R10   |  mAP   |  mINP  |
+-------+--------+--------+--------+--------+--------+
|  -999 | 70.760 | 87.378 | 92.268 | 63.849 | 48.174 |
|  -999 | 76.170 | 89.457 | 93.600 | 65.570 | 47.372 |
|   0   | 73.619 | 88.726 | 92.804 | 64.386 | 47.013 |
|   1   | 63.450 | 87.768 | 93.096 | 58.554 | 42.125 |
|   2   | 57.830 | 86.728 | 92.755 | 55.651 | 40.483 |
|   3   | 62.622 | 87.557 | 92.771 | 58.300 | 41.999 |
|   4   | 59.519 | 86.680 | 92.658 | 56.316 | 40.673 |
|   5   | 62.476 | 87.671 | 92.820 | 57.942 | 41.634 |
|   6   | 64.977 | 87.833 | 92.625 | 59.168 | 42.380 |
|   7   | 62.297 | 87.443 | 92.186 | 57.784 | 41.166 |
|   8   | 64.149 | 87.736 | 92.268 | 58.668 | 41.926 |
|   9   | 66.699 | 88.060 | 92.398 | 60.028 | 43.028 |
|   10  | 63.596 | 87.589 | 92.219 | 58.347 | 41.761 |
|   11  | 61.712 | 87.541 | 92.219 | 57.418 | 41.121 |
|   12  | 63.483 | 87.671 | 92.284 | 58.347 | 41.731 |
|   13  | 64.782 | 87.671 | 92.414 | 58.991 | 42.341 |
|   14  | 65.351 | 87.768 | 91.910 | 59.224 | 42.134 |
|   15  | 65.708 | 87.898 | 92.170 | 59.538 | 42.659 |
|   16  | 62.898 | 87.589 | 92.105 | 58.082 | 41.607 |
|   17  | 61.257 | 87.524 | 92.251 | 57.224 | 41.168 |
+-------+--------+--------+--------+--------+--------+
     logs:  {'epo': 17, 'R1': 61.257, 'R5': 87.524, 'R10': 92.251, 'mAP': 57.224, 'mINP': 41.168, 'lr': 8.5e-05, 'entropy': 0.114118, 'loss': 2.735923}
      TTA Epoch: [18] [  0/192]  eta: 0:01:48  lr: 0.000082  entropy: 0.1283  loss: 2.7413  time: 0.5650  data: 0.4570  max mem: 5880
      TTA Epoch: [18] [100/192]  eta: 0:00:06  lr: 0.000078  entropy: 0.1022  loss: 2.7316  time: 0.0694  data: 0.0002  max mem: 5880
      TTA Epoch: [18] [191/192]  eta: 0:00:00  lr: 0.000075  entropy: 0.0790  loss: 2.7227  time: 0.0424  data: 0.0001  max mem: 5880
      TTA Epoch: [18] Total time: 0:00:10 (0.0559 s / it)
     Averaged stats: lr: 0.0001  entropy: 0.1114  loss: 2.7349
     itm tta time 0:00:10
     Computing matching score
      ITM Evaluation: [   0/6156]  eta: 0:04:07    time: 0.0402  data: 0.0073  max mem: 5880
      ITM Evaluation: [ 100/6156]  eta: 0:03:04    time: 0.0302  data: 0.0000  max mem: 5880
      ITM Evaluation: [ 200/6156]  eta: 0:03:00    time: 0.0301  data: 0.0000  max mem: 5880
      ITM Evaluation: [ 300/6156]  eta: 0:03:00    time: 0.0320  data: 0.0000  max mem: 5880
      ITM Evaluation: [ 400/6156]  eta: 0:02:57    time: 0.0303  data: 0.0000  max mem: 5880
      ITM Evaluation: [ 500/6156]  eta: 0:02:54    time: 0.0303  data: 0.0000  max mem: 5880
      ITM Evaluation: [ 600/6156]  eta: 0:02:50    time: 0.0307  data: 0.0000  max mem: 5880
      ITM Evaluation: [ 700/6156]  eta: 0:02:47    time: 0.0308  data: 0.0000  max mem: 5880
      ITM Evaluation: [ 800/6156]  eta: 0:02:44    time: 0.0306  data: 0.0000  max mem: 5880
      ITM Evaluation: [ 900/6156]  eta: 0:02:41    time: 0.0305  data: 0.0000  max mem: 5880
      ITM Evaluation: [1000/6156]  eta: 0:02:38    time: 0.0333  data: 0.0000  max mem: 5880
      ITM Evaluation: [1100/6156]  eta: 0:02:36    time: 0.0312  data: 0.0000  max mem: 5880
      ITM Evaluation: [1200/6156]  eta: 0:02:33    time: 0.0307  data: 0.0000  max mem: 5880
      ITM Evaluation: [1300/6156]  eta: 0:02:30    time: 0.0307  data: 0.0000  max mem: 5880
      ITM Evaluation: [1400/6156]  eta: 0:02:27    time: 0.0313  data: 0.0000  max mem: 5880
      ITM Evaluation: [1500/6156]  eta: 0:02:24    time: 0.0321  data: 0.0000  max mem: 5880
      ITM Evaluation: [1600/6156]  eta: 0:02:21    time: 0.0305  data: 0.0000  max mem: 5880
      ITM Evaluation: [1700/6156]  eta: 0:02:18    time: 0.0305  data: 0.0000  max mem: 5880
      ITM Evaluation: [1800/6156]  eta: 0:02:14    time: 0.0307  data: 0.0000  max mem: 5880
      ITM Evaluation: [1900/6156]  eta: 0:02:11    time: 0.0306  data: 0.0000  max mem: 5880
      ITM Evaluation: [2000/6156]  eta: 0:02:08    time: 0.0306  data: 0.0000  max mem: 5880
      ITM Evaluation: [2100/6156]  eta: 0:02:05    time: 0.0307  data: 0.0000  max mem: 5880
      ITM Evaluation: [2200/6156]  eta: 0:02:02    time: 0.0316  data: 0.0000  max mem: 5880
      ITM Evaluation: [2300/6156]  eta: 0:01:59    time: 0.0330  data: 0.0000  max mem: 5880
      ITM Evaluation: [2400/6156]  eta: 0:01:56    time: 0.0305  data: 0.0000  max mem: 5880
      ITM Evaluation: [2500/6156]  eta: 0:01:53    time: 0.0308  data: 0.0000  max mem: 5880
      ITM Evaluation: [2600/6156]  eta: 0:01:50    time: 0.0326  data: 0.0000  max mem: 5880
      ITM Evaluation: [2700/6156]  eta: 0:01:47    time: 0.0317  data: 0.0000  max mem: 5880
      ITM Evaluation: [2800/6156]  eta: 0:01:44    time: 0.0306  data: 0.0000  max mem: 5880
      ITM Evaluation: [2900/6156]  eta: 0:01:40    time: 0.0306  data: 0.0000  max mem: 5880
      ITM Evaluation: [3000/6156]  eta: 0:01:37    time: 0.0307  data: 0.0000  max mem: 5880
      ITM Evaluation: [3100/6156]  eta: 0:01:34    time: 0.0304  data: 0.0000  max mem: 5880
      ITM Evaluation: [3200/6156]  eta: 0:01:31    time: 0.0306  data: 0.0000  max mem: 5880
      ITM Evaluation: [3300/6156]  eta: 0:01:28    time: 0.0306  data: 0.0000  max mem: 5880
      ITM Evaluation: [3400/6156]  eta: 0:01:25    time: 0.0308  data: 0.0000  max mem: 5880
      ITM Evaluation: [3500/6156]  eta: 0:01:22    time: 0.0331  data: 0.0000  max mem: 5880
      ITM Evaluation: [3600/6156]  eta: 0:01:19    time: 0.0324  data: 0.0000  max mem: 5880
      ITM Evaluation: [3700/6156]  eta: 0:01:16    time: 0.0304  data: 0.0000  max mem: 5880
      ITM Evaluation: [3800/6156]  eta: 0:01:13    time: 0.0322  data: 0.0000  max mem: 5880
      ITM Evaluation: [3900/6156]  eta: 0:01:09    time: 0.0310  data: 0.0000  max mem: 5880
      ITM Evaluation: [4000/6156]  eta: 0:01:06    time: 0.0309  data: 0.0000  max mem: 5880
      ITM Evaluation: [4100/6156]  eta: 0:01:03    time: 0.0309  data: 0.0000  max mem: 5880
      ITM Evaluation: [4200/6156]  eta: 0:01:00    time: 0.0306  data: 0.0000  max mem: 5880
      ITM Evaluation: [4300/6156]  eta: 0:00:57    time: 0.0307  data: 0.0000  max mem: 5880
      ITM Evaluation: [4400/6156]  eta: 0:00:54    time: 0.0307  data: 0.0000  max mem: 5880
      ITM Evaluation: [4500/6156]  eta: 0:00:51    time: 0.0313  data: 0.0000  max mem: 5880
      ITM Evaluation: [4600/6156]  eta: 0:00:48    time: 0.0314  data: 0.0000  max mem: 5880
      ITM Evaluation: [4700/6156]  eta: 0:00:45    time: 0.0311  data: 0.0000  max mem: 5880
      ITM Evaluation: [4800/6156]  eta: 0:00:42    time: 0.0328  data: 0.0000  max mem: 5880
      ITM Evaluation: [4900/6156]  eta: 0:00:38    time: 0.0306  data: 0.0000  max mem: 5880
      ITM Evaluation: [5000/6156]  eta: 0:00:35    time: 0.0321  data: 0.0000  max mem: 5880
      ITM Evaluation: [5100/6156]  eta: 0:00:32    time: 0.0305  data: 0.0000  max mem: 5880
      ITM Evaluation: [5200/6156]  eta: 0:00:29    time: 0.0302  data: 0.0000  max mem: 5880
      ITM Evaluation: [5300/6156]  eta: 0:00:26    time: 0.0302  data: 0.0000  max mem: 5880
      ITM Evaluation: [5400/6156]  eta: 0:00:23    time: 0.0305  data: 0.0000  max mem: 5880
      ITM Evaluation: [5500/6156]  eta: 0:00:20    time: 0.0303  data: 0.0000  max mem: 5880
      ITM Evaluation: [5600/6156]  eta: 0:00:17    time: 0.0303  data: 0.0000  max mem: 5880
      ITM Evaluation: [5700/6156]  eta: 0:00:14    time: 0.0305  data: 0.0000  max mem: 5880
      ITM Evaluation: [5800/6156]  eta: 0:00:11    time: 0.0310  data: 0.0000  max mem: 5880
      ITM Evaluation: [5900/6156]  eta: 0:00:07    time: 0.0306  data: 0.0000  max mem: 5880
      ITM Evaluation: [6000/6156]  eta: 0:00:04    time: 0.0334  data: 0.0000  max mem: 5880
      ITM Evaluation: [6100/6156]  eta: 0:00:01    time: 0.0333  data: 0.0000  max mem: 5880
      ITM Evaluation: [6155/6156]  eta: 0:00:00    time: 0.0315  data: 0.0000  max mem: 5880
      ITM Evaluation: Total time: 0:03:10 (0.0310 s / it)
     total_time 191.05843496322632
     Computing matching score time 0:03:11
### TTA ITM Score: 
+-------+--------+--------+--------+--------+--------+
| epoch |   R1   |   R5   |  R10   |  mAP   |  mINP  |
+-------+--------+--------+--------+--------+--------+
|  -999 | 70.760 | 87.378 | 92.268 | 63.849 | 48.174 |
|  -999 | 76.170 | 89.457 | 93.600 | 65.570 | 47.372 |
|   0   | 73.619 | 88.726 | 92.804 | 64.386 | 47.013 |
|   1   | 63.450 | 87.768 | 93.096 | 58.554 | 42.125 |
|   2   | 57.830 | 86.728 | 92.755 | 55.651 | 40.483 |
|   3   | 62.622 | 87.557 | 92.771 | 58.300 | 41.999 |
|   4   | 59.519 | 86.680 | 92.658 | 56.316 | 40.673 |
|   5   | 62.476 | 87.671 | 92.820 | 57.942 | 41.634 |
|   6   | 64.977 | 87.833 | 92.625 | 59.168 | 42.380 |
|   7   | 62.297 | 87.443 | 92.186 | 57.784 | 41.166 |
|   8   | 64.149 | 87.736 | 92.268 | 58.668 | 41.926 |
|   9   | 66.699 | 88.060 | 92.398 | 60.028 | 43.028 |
|   10  | 63.596 | 87.589 | 92.219 | 58.347 | 41.761 |
|   11  | 61.712 | 87.541 | 92.219 | 57.418 | 41.121 |
|   12  | 63.483 | 87.671 | 92.284 | 58.347 | 41.731 |
|   13  | 64.782 | 87.671 | 92.414 | 58.991 | 42.341 |
|   14  | 65.351 | 87.768 | 91.910 | 59.224 | 42.134 |
|   15  | 65.708 | 87.898 | 92.170 | 59.538 | 42.659 |
|   16  | 62.898 | 87.589 | 92.105 | 58.082 | 41.607 |
|   17  | 61.257 | 87.524 | 92.251 | 57.224 | 41.168 |
|   18  | 61.891 | 87.606 | 92.089 | 57.645 | 41.247 |
+-------+--------+--------+--------+--------+--------+
     logs:  {'epo': 18, 'R1': 61.891, 'R5': 87.606, 'R10': 92.089, 'mAP': 57.645, 'mINP': 41.247, 'lr': 7.9e-05, 'entropy': 0.111419, 'loss': 2.734919}
      TTA Epoch: [19] [  0/192]  eta: 0:01:45  lr: 0.000075  entropy: 0.0745  loss: 2.7211  time: 0.5485  data: 0.4581  max mem: 5880
      TTA Epoch: [19] [100/192]  eta: 0:00:04  lr: 0.000072  entropy: 0.1709  loss: 2.7572  time: 0.0420  data: 0.0001  max mem: 5880
      TTA Epoch: [19] [191/192]  eta: 0:00:00  lr: 0.000069  entropy: 0.0977  loss: 2.7299  time: 0.0414  data: 0.0001  max mem: 5880
      TTA Epoch: [19] Total time: 0:00:09 (0.0469 s / it)
     Averaged stats: lr: 0.0001  entropy: 0.1084  loss: 2.7338
     itm tta time 0:00:09
     Computing matching score
      ITM Evaluation: [   0/6156]  eta: 0:04:31    time: 0.0441  data: 0.0111  max mem: 5880
      ITM Evaluation: [ 100/6156]  eta: 0:03:04    time: 0.0304  data: 0.0000  max mem: 5880
      ITM Evaluation: [ 200/6156]  eta: 0:03:00    time: 0.0303  data: 0.0000  max mem: 5880
      ITM Evaluation: [ 300/6156]  eta: 0:02:58    time: 0.0322  data: 0.0000  max mem: 5880
      ITM Evaluation: [ 400/6156]  eta: 0:02:56    time: 0.0307  data: 0.0000  max mem: 5880
      ITM Evaluation: [ 500/6156]  eta: 0:02:53    time: 0.0305  data: 0.0000  max mem: 5880
      ITM Evaluation: [ 600/6156]  eta: 0:02:50    time: 0.0304  data: 0.0000  max mem: 5880
      ITM Evaluation: [ 700/6156]  eta: 0:02:47    time: 0.0328  data: 0.0000  max mem: 5880
      ITM Evaluation: [ 800/6156]  eta: 0:02:50    time: 0.0330  data: 0.0000  max mem: 5880
      ITM Evaluation: [ 900/6156]  eta: 0:02:46    time: 0.0304  data: 0.0000  max mem: 5880
      ITM Evaluation: [1000/6156]  eta: 0:02:42    time: 0.0304  data: 0.0000  max mem: 5880
      ITM Evaluation: [1100/6156]  eta: 0:02:39    time: 0.0314  data: 0.0000  max mem: 5880
      ITM Evaluation: [1200/6156]  eta: 0:02:35    time: 0.0306  data: 0.0000  max mem: 5880
      ITM Evaluation: [1300/6156]  eta: 0:02:33    time: 0.0314  data: 0.0000  max mem: 5880
      ITM Evaluation: [1400/6156]  eta: 0:02:29    time: 0.0303  data: 0.0000  max mem: 5880
      ITM Evaluation: [1500/6156]  eta: 0:02:26    time: 0.0320  data: 0.0000  max mem: 5880
      ITM Evaluation: [1600/6156]  eta: 0:02:23    time: 0.0305  data: 0.0000  max mem: 5880
      ITM Evaluation: [1700/6156]  eta: 0:02:19    time: 0.0308  data: 0.0000  max mem: 5880
      ITM Evaluation: [1800/6156]  eta: 0:02:17    time: 0.0318  data: 0.0000  max mem: 5880
      ITM Evaluation: [1900/6156]  eta: 0:02:16    time: 0.0431  data: 0.0000  max mem: 5880
      ITM Evaluation: [2000/6156]  eta: 0:02:12    time: 0.0303  data: 0.0000  max mem: 5880
      ITM Evaluation: [2100/6156]  eta: 0:02:09    time: 0.0307  data: 0.0000  max mem: 5880
      ITM Evaluation: [2200/6156]  eta: 0:02:05    time: 0.0303  data: 0.0000  max mem: 5880
      ITM Evaluation: [2300/6156]  eta: 0:02:02    time: 0.0304  data: 0.0000  max mem: 5880
      ITM Evaluation: [2400/6156]  eta: 0:01:59    time: 0.0307  data: 0.0000  max mem: 5880
      ITM Evaluation: [2500/6156]  eta: 0:01:55    time: 0.0304  data: 0.0000  max mem: 5880
      ITM Evaluation: [2600/6156]  eta: 0:01:52    time: 0.0305  data: 0.0000  max mem: 5880
      ITM Evaluation: [2700/6156]  eta: 0:01:49    time: 0.0305  data: 0.0000  max mem: 5880
      ITM Evaluation: [2800/6156]  eta: 0:01:45    time: 0.0304  data: 0.0000  max mem: 5880
      ITM Evaluation: [2900/6156]  eta: 0:01:42    time: 0.0305  data: 0.0000  max mem: 5880
      ITM Evaluation: [3000/6156]  eta: 0:01:39    time: 0.0330  data: 0.0000  max mem: 5880
      ITM Evaluation: [3100/6156]  eta: 0:01:37    time: 0.0323  data: 0.0000  max mem: 5880
      ITM Evaluation: [3200/6156]  eta: 0:01:33    time: 0.0305  data: 0.0000  max mem: 5880
      ITM Evaluation: [3300/6156]  eta: 0:01:30    time: 0.0306  data: 0.0000  max mem: 5880
      ITM Evaluation: [3400/6156]  eta: 0:01:27    time: 0.0308  data: 0.0000  max mem: 5880
      ITM Evaluation: [3500/6156]  eta: 0:01:24    time: 0.0317  data: 0.0000  max mem: 5880
      ITM Evaluation: [3600/6156]  eta: 0:01:20    time: 0.0322  data: 0.0000  max mem: 5880
      ITM Evaluation: [3700/6156]  eta: 0:01:17    time: 0.0305  data: 0.0000  max mem: 5880
      ITM Evaluation: [3800/6156]  eta: 0:01:14    time: 0.0303  data: 0.0000  max mem: 5880
      ITM Evaluation: [3900/6156]  eta: 0:01:11    time: 0.0309  data: 0.0000  max mem: 5880
      ITM Evaluation: [4000/6156]  eta: 0:01:08    time: 0.0313  data: 0.0000  max mem: 5880
      ITM Evaluation: [4100/6156]  eta: 0:01:05    time: 0.0314  data: 0.0000  max mem: 5880
      ITM Evaluation: [4200/6156]  eta: 0:01:02    time: 0.0412  data: 0.0000  max mem: 5880
      ITM Evaluation: [4300/6156]  eta: 0:00:59    time: 0.0329  data: 0.0000  max mem: 5880
      ITM Evaluation: [4400/6156]  eta: 0:00:56    time: 0.0311  data: 0.0000  max mem: 5880
      ITM Evaluation: [4500/6156]  eta: 0:00:52    time: 0.0308  data: 0.0000  max mem: 5880
      ITM Evaluation: [4600/6156]  eta: 0:00:49    time: 0.0311  data: 0.0000  max mem: 5880
      ITM Evaluation: [4700/6156]  eta: 0:00:46    time: 0.0305  data: 0.0000  max mem: 5880
      ITM Evaluation: [4800/6156]  eta: 0:00:43    time: 0.0305  data: 0.0000  max mem: 5880
      ITM Evaluation: [4900/6156]  eta: 0:00:39    time: 0.0311  data: 0.0000  max mem: 5880
      ITM Evaluation: [5000/6156]  eta: 0:00:36    time: 0.0305  data: 0.0000  max mem: 5880
      ITM Evaluation: [5100/6156]  eta: 0:00:33    time: 0.0306  data: 0.0000  max mem: 5880
      ITM Evaluation: [5200/6156]  eta: 0:00:30    time: 0.0309  data: 0.0000  max mem: 5880
      ITM Evaluation: [5300/6156]  eta: 0:00:27    time: 0.0326  data: 0.0000  max mem: 5880
      ITM Evaluation: [5400/6156]  eta: 0:00:24    time: 0.0350  data: 0.0000  max mem: 5880
      ITM Evaluation: [5500/6156]  eta: 0:00:20    time: 0.0312  data: 0.0000  max mem: 5880
      ITM Evaluation: [5600/6156]  eta: 0:00:17    time: 0.0320  data: 0.0000  max mem: 5880
      ITM Evaluation: [5700/6156]  eta: 0:00:14    time: 0.0317  data: 0.0000  max mem: 5880
      ITM Evaluation: [5800/6156]  eta: 0:00:11    time: 0.0334  data: 0.0000  max mem: 5880
      ITM Evaluation: [5900/6156]  eta: 0:00:08    time: 0.0312  data: 0.0000  max mem: 5880
      ITM Evaluation: [6000/6156]  eta: 0:00:04    time: 0.0320  data: 0.0000  max mem: 5880
      ITM Evaluation: [6100/6156]  eta: 0:00:01    time: 0.0308  data: 0.0000  max mem: 5880
      ITM Evaluation: [6155/6156]  eta: 0:00:00    time: 0.0307  data: 0.0000  max mem: 5880
      ITM Evaluation: Total time: 0:03:16 (0.0319 s / it)
     total_time 196.44394397735596
     Computing matching score time 0:03:16
### TTA ITM Score: 
+-------+--------+--------+--------+--------+--------+
| epoch |   R1   |   R5   |  R10   |  mAP   |  mINP  |
+-------+--------+--------+--------+--------+--------+
|  -999 | 70.760 | 87.378 | 92.268 | 63.849 | 48.174 |
|  -999 | 76.170 | 89.457 | 93.600 | 65.570 | 47.372 |
|   0   | 73.619 | 88.726 | 92.804 | 64.386 | 47.013 |
|   1   | 63.450 | 87.768 | 93.096 | 58.554 | 42.125 |
|   2   | 57.830 | 86.728 | 92.755 | 55.651 | 40.483 |
|   3   | 62.622 | 87.557 | 92.771 | 58.300 | 41.999 |
|   4   | 59.519 | 86.680 | 92.658 | 56.316 | 40.673 |
|   5   | 62.476 | 87.671 | 92.820 | 57.942 | 41.634 |
|   6   | 64.977 | 87.833 | 92.625 | 59.168 | 42.380 |
|   7   | 62.297 | 87.443 | 92.186 | 57.784 | 41.166 |
|   8   | 64.149 | 87.736 | 92.268 | 58.668 | 41.926 |
|   9   | 66.699 | 88.060 | 92.398 | 60.028 | 43.028 |
|   10  | 63.596 | 87.589 | 92.219 | 58.347 | 41.761 |
|   11  | 61.712 | 87.541 | 92.219 | 57.418 | 41.121 |
|   12  | 63.483 | 87.671 | 92.284 | 58.347 | 41.731 |
|   13  | 64.782 | 87.671 | 92.414 | 58.991 | 42.341 |
|   14  | 65.351 | 87.768 | 91.910 | 59.224 | 42.134 |
|   15  | 65.708 | 87.898 | 92.170 | 59.538 | 42.659 |
|   16  | 62.898 | 87.589 | 92.105 | 58.082 | 41.607 |
|   17  | 61.257 | 87.524 | 92.251 | 57.224 | 41.168 |
|   18  | 61.891 | 87.606 | 92.089 | 57.645 | 41.247 |
|   19  | 62.427 | 87.671 | 92.170 | 57.977 | 41.615 |
+-------+--------+--------+--------+--------+--------+
     logs:  {'epo': 19, 'R1': 62.427, 'R5': 87.671, 'R10': 92.17, 'mAP': 57.977, 'mINP': 41.615, 'lr': 7.2e-05, 'entropy': 0.108405, 'loss': 2.7338}
      TTA Epoch: [20] [  0/192]  eta: 0:01:43  lr: 0.000069  entropy: 0.0769  loss: 2.7224  time: 0.5375  data: 0.4600  max mem: 5880
      TTA Epoch: [20] [100/192]  eta: 0:00:04  lr: 0.000065  entropy: 0.1275  loss: 2.7411  time: 0.0435  data: 0.0001  max mem: 5880
      TTA Epoch: [20] [191/192]  eta: 0:00:00  lr: 0.000062  entropy: 0.1034  loss: 2.7315  time: 0.0396  data: 0.0001  max mem: 5880
      TTA Epoch: [20] Total time: 0:00:11 (0.0594 s / it)
     Averaged stats: lr: 0.0001  entropy: 0.1104  loss: 2.7345
     itm tta time 0:00:11
     Computing matching score
      ITM Evaluation: [   0/6156]  eta: 0:03:53    time: 0.0380  data: 0.0060  max mem: 5880
      ITM Evaluation: [ 100/6156]  eta: 0:03:06    time: 0.0307  data: 0.0000  max mem: 5880
      ITM Evaluation: [ 200/6156]  eta: 0:03:02    time: 0.0302  data: 0.0000  max mem: 5880
      ITM Evaluation: [ 300/6156]  eta: 0:02:58    time: 0.0300  data: 0.0000  max mem: 5880
      ITM Evaluation: [ 400/6156]  eta: 0:02:55    time: 0.0303  data: 0.0000  max mem: 5880
      ITM Evaluation: [ 500/6156]  eta: 0:02:52    time: 0.0304  data: 0.0000  max mem: 5880
      ITM Evaluation: [ 600/6156]  eta: 0:02:49    time: 0.0305  data: 0.0000  max mem: 5880
      ITM Evaluation: [ 700/6156]  eta: 0:02:47    time: 0.0308  data: 0.0000  max mem: 5880
      ITM Evaluation: [ 800/6156]  eta: 0:02:45    time: 0.0314  data: 0.0000  max mem: 5880
      ITM Evaluation: [ 900/6156]  eta: 0:02:42    time: 0.0312  data: 0.0000  max mem: 5880
      ITM Evaluation: [1000/6156]  eta: 0:02:39    time: 0.0332  data: 0.0000  max mem: 5880
      ITM Evaluation: [1100/6156]  eta: 0:02:39    time: 0.0415  data: 0.0000  max mem: 5880
      ITM Evaluation: [1200/6156]  eta: 0:02:38    time: 0.0333  data: 0.0000  max mem: 5880
      ITM Evaluation: [1300/6156]  eta: 0:02:35    time: 0.0329  data: 0.0000  max mem: 5880
      ITM Evaluation: [1400/6156]  eta: 0:02:32    time: 0.0306  data: 0.0000  max mem: 5880
      ITM Evaluation: [1500/6156]  eta: 0:02:28    time: 0.0309  data: 0.0000  max mem: 5880
      ITM Evaluation: [1600/6156]  eta: 0:02:24    time: 0.0304  data: 0.0000  max mem: 5880
      ITM Evaluation: [1700/6156]  eta: 0:02:21    time: 0.0307  data: 0.0000  max mem: 5880
      ITM Evaluation: [1800/6156]  eta: 0:02:18    time: 0.0305  data: 0.0000  max mem: 5880
      ITM Evaluation: [1900/6156]  eta: 0:02:14    time: 0.0307  data: 0.0000  max mem: 5880
      ITM Evaluation: [2000/6156]  eta: 0:02:11    time: 0.0308  data: 0.0000  max mem: 5880
      ITM Evaluation: [2100/6156]  eta: 0:02:08    time: 0.0306  data: 0.0000  max mem: 5880
      ITM Evaluation: [2200/6156]  eta: 0:02:04    time: 0.0319  data: 0.0000  max mem: 5880
      ITM Evaluation: [2300/6156]  eta: 0:02:02    time: 0.0338  data: 0.0000  max mem: 5880
      ITM Evaluation: [2400/6156]  eta: 0:01:59    time: 0.0326  data: 0.0000  max mem: 5880
      ITM Evaluation: [2500/6156]  eta: 0:01:56    time: 0.0372  data: 0.0000  max mem: 5880
      ITM Evaluation: [2600/6156]  eta: 0:01:53    time: 0.0314  data: 0.0000  max mem: 5880
      ITM Evaluation: [2700/6156]  eta: 0:01:50    time: 0.0323  data: 0.0000  max mem: 5880
      ITM Evaluation: [2800/6156]  eta: 0:01:46    time: 0.0308  data: 0.0000  max mem: 5880
      ITM Evaluation: [2900/6156]  eta: 0:01:43    time: 0.0306  data: 0.0000  max mem: 5880
      ITM Evaluation: [3000/6156]  eta: 0:01:40    time: 0.0306  data: 0.0000  max mem: 5880
      ITM Evaluation: [3100/6156]  eta: 0:01:37    time: 0.0307  data: 0.0000  max mem: 5880
      ITM Evaluation: [3200/6156]  eta: 0:01:33    time: 0.0317  data: 0.0000  max mem: 5880
      ITM Evaluation: [3300/6156]  eta: 0:01:30    time: 0.0313  data: 0.0000  max mem: 5880
      ITM Evaluation: [3400/6156]  eta: 0:01:27    time: 0.0327  data: 0.0000  max mem: 5880
      ITM Evaluation: [3500/6156]  eta: 0:01:24    time: 0.0315  data: 0.0000  max mem: 5880
      ITM Evaluation: [3600/6156]  eta: 0:01:21    time: 0.0310  data: 0.0000  max mem: 5880
      ITM Evaluation: [3700/6156]  eta: 0:01:18    time: 0.0332  data: 0.0000  max mem: 5880
      ITM Evaluation: [3800/6156]  eta: 0:01:15    time: 0.0336  data: 0.0000  max mem: 5880
      ITM Evaluation: [3900/6156]  eta: 0:01:11    time: 0.0321  data: 0.0000  max mem: 5880
      ITM Evaluation: [4000/6156]  eta: 0:01:08    time: 0.0325  data: 0.0000  max mem: 5880
      ITM Evaluation: [4100/6156]  eta: 0:01:05    time: 0.0321  data: 0.0000  max mem: 5880
      ITM Evaluation: [4200/6156]  eta: 0:01:02    time: 0.0318  data: 0.0000  max mem: 5880
      ITM Evaluation: [4300/6156]  eta: 0:00:59    time: 0.0314  data: 0.0000  max mem: 5880
      ITM Evaluation: [4400/6156]  eta: 0:00:55    time: 0.0311  data: 0.0000  max mem: 5880
      ITM Evaluation: [4500/6156]  eta: 0:00:52    time: 0.0309  data: 0.0000  max mem: 5880
      ITM Evaluation: [4600/6156]  eta: 0:00:49    time: 0.0321  data: 0.0000  max mem: 5880
      ITM Evaluation: [4700/6156]  eta: 0:00:46    time: 0.0309  data: 0.0000  max mem: 5880
      ITM Evaluation: [4800/6156]  eta: 0:00:43    time: 0.0310  data: 0.0000  max mem: 5880
      ITM Evaluation: [4900/6156]  eta: 0:00:39    time: 0.0329  data: 0.0000  max mem: 5880
      ITM Evaluation: [5000/6156]  eta: 0:00:36    time: 0.0319  data: 0.0000  max mem: 5880
      ITM Evaluation: [5100/6156]  eta: 0:00:33    time: 0.0312  data: 0.0000  max mem: 5880
      ITM Evaluation: [5200/6156]  eta: 0:00:30    time: 0.0311  data: 0.0000  max mem: 5880
      ITM Evaluation: [5300/6156]  eta: 0:00:27    time: 0.0309  data: 0.0000  max mem: 5880
      ITM Evaluation: [5400/6156]  eta: 0:00:24    time: 0.0309  data: 0.0000  max mem: 5880
      ITM Evaluation: [5500/6156]  eta: 0:00:20    time: 0.0310  data: 0.0000  max mem: 5880
      ITM Evaluation: [5600/6156]  eta: 0:00:17    time: 0.0309  data: 0.0000  max mem: 5880
      ITM Evaluation: [5700/6156]  eta: 0:00:14    time: 0.0322  data: 0.0000  max mem: 5880
      ITM Evaluation: [5800/6156]  eta: 0:00:11    time: 0.0309  data: 0.0000  max mem: 5880
      ITM Evaluation: [5900/6156]  eta: 0:00:08    time: 0.0307  data: 0.0000  max mem: 5880
      ITM Evaluation: [6000/6156]  eta: 0:00:04    time: 0.0309  data: 0.0000  max mem: 5880
      ITM Evaluation: [6100/6156]  eta: 0:00:01    time: 0.0330  data: 0.0000  max mem: 5880
      ITM Evaluation: [6155/6156]  eta: 0:00:00    time: 0.0331  data: 0.0000  max mem: 5880
      ITM Evaluation: Total time: 0:03:15 (0.0317 s / it)
     total_time 195.50832676887512
     Computing matching score time 0:03:15
### TTA ITM Score: 
+-------+--------+--------+--------+--------+--------+
| epoch |   R1   |   R5   |  R10   |  mAP   |  mINP  |
+-------+--------+--------+--------+--------+--------+
|  -999 | 70.760 | 87.378 | 92.268 | 63.849 | 48.174 |
|  -999 | 76.170 | 89.457 | 93.600 | 65.570 | 47.372 |
|   0   | 73.619 | 88.726 | 92.804 | 64.386 | 47.013 |
|   1   | 63.450 | 87.768 | 93.096 | 58.554 | 42.125 |
|   2   | 57.830 | 86.728 | 92.755 | 55.651 | 40.483 |
|   3   | 62.622 | 87.557 | 92.771 | 58.300 | 41.999 |
|   4   | 59.519 | 86.680 | 92.658 | 56.316 | 40.673 |
|   5   | 62.476 | 87.671 | 92.820 | 57.942 | 41.634 |
|   6   | 64.977 | 87.833 | 92.625 | 59.168 | 42.380 |
|   7   | 62.297 | 87.443 | 92.186 | 57.784 | 41.166 |
|   8   | 64.149 | 87.736 | 92.268 | 58.668 | 41.926 |
|   9   | 66.699 | 88.060 | 92.398 | 60.028 | 43.028 |
|   10  | 63.596 | 87.589 | 92.219 | 58.347 | 41.761 |
|   11  | 61.712 | 87.541 | 92.219 | 57.418 | 41.121 |
|   12  | 63.483 | 87.671 | 92.284 | 58.347 | 41.731 |
|   13  | 64.782 | 87.671 | 92.414 | 58.991 | 42.341 |
|   14  | 65.351 | 87.768 | 91.910 | 59.224 | 42.134 |
|   15  | 65.708 | 87.898 | 92.170 | 59.538 | 42.659 |
|   16  | 62.898 | 87.589 | 92.105 | 58.082 | 41.607 |
|   17  | 61.257 | 87.524 | 92.251 | 57.224 | 41.168 |
|   18  | 61.891 | 87.606 | 92.089 | 57.645 | 41.247 |
|   19  | 62.427 | 87.671 | 92.170 | 57.977 | 41.615 |
|   20  | 61.891 | 87.524 | 92.251 | 57.645 | 41.374 |
+-------+--------+--------+--------+--------+--------+
     logs:  {'epo': 20, 'R1': 61.891, 'R5': 87.524, 'R10': 92.251, 'mAP': 57.645, 'mINP': 41.374, 'lr': 6.5e-05, 'entropy': 0.110389, 'loss': 2.734537}
      TTA Epoch: [21] [  0/192]  eta: 0:01:37  lr: 0.000062  entropy: 0.0823  loss: 2.7242  time: 0.5083  data: 0.4230  max mem: 5880
      TTA Epoch: [21] [100/192]  eta: 0:00:04  lr: 0.000058  entropy: 0.1186  loss: 2.7378  time: 0.0428  data: 0.0001  max mem: 5880
      TTA Epoch: [21] [191/192]  eta: 0:00:00  lr: 0.000055  entropy: 0.0731  loss: 2.7206  time: 0.0413  data: 0.0001  max mem: 5880
      TTA Epoch: [21] Total time: 0:00:08 (0.0467 s / it)
     Averaged stats: lr: 0.0001  entropy: 0.1129  loss: 2.7355
     itm tta time 0:00:09
     Computing matching score
      ITM Evaluation: [   0/6156]  eta: 0:04:03    time: 0.0396  data: 0.0063  max mem: 5880
      ITM Evaluation: [ 100/6156]  eta: 0:03:09    time: 0.0303  data: 0.0000  max mem: 5880
      ITM Evaluation: [ 200/6156]  eta: 0:03:03    time: 0.0305  data: 0.0000  max mem: 5880
      ITM Evaluation: [ 300/6156]  eta: 0:02:59    time: 0.0305  data: 0.0000  max mem: 5880
      ITM Evaluation: [ 400/6156]  eta: 0:02:58    time: 0.0322  data: 0.0000  max mem: 5880
      ITM Evaluation: [ 500/6156]  eta: 0:02:55    time: 0.0305  data: 0.0000  max mem: 5880
      ITM Evaluation: [ 600/6156]  eta: 0:02:52    time: 0.0307  data: 0.0000  max mem: 5880
      ITM Evaluation: [ 700/6156]  eta: 0:02:49    time: 0.0313  data: 0.0000  max mem: 5880
      ITM Evaluation: [ 800/6156]  eta: 0:02:47    time: 0.0331  data: 0.0000  max mem: 5880
      ITM Evaluation: [ 900/6156]  eta: 0:02:44    time: 0.0307  data: 0.0000  max mem: 5880
      ITM Evaluation: [1000/6156]  eta: 0:02:41    time: 0.0307  data: 0.0000  max mem: 5880
      ITM Evaluation: [1100/6156]  eta: 0:02:37    time: 0.0307  data: 0.0000  max mem: 5880
      ITM Evaluation: [1200/6156]  eta: 0:02:34    time: 0.0310  data: 0.0000  max mem: 5880
      ITM Evaluation: [1300/6156]  eta: 0:02:31    time: 0.0309  data: 0.0000  max mem: 5880
      ITM Evaluation: [1400/6156]  eta: 0:02:28    time: 0.0309  data: 0.0000  max mem: 5880
      ITM Evaluation: [1500/6156]  eta: 0:02:24    time: 0.0323  data: 0.0000  max mem: 5880
      ITM Evaluation: [1600/6156]  eta: 0:02:22    time: 0.0321  data: 0.0000  max mem: 5880
      ITM Evaluation: [1700/6156]  eta: 0:02:18    time: 0.0304  data: 0.0000  max mem: 5880
      ITM Evaluation: [1800/6156]  eta: 0:02:15    time: 0.0314  data: 0.0000  max mem: 5880
      ITM Evaluation: [1900/6156]  eta: 0:02:12    time: 0.0308  data: 0.0000  max mem: 5880
      ITM Evaluation: [2000/6156]  eta: 0:02:09    time: 0.0326  data: 0.0000  max mem: 5880
      ITM Evaluation: [2100/6156]  eta: 0:02:06    time: 0.0330  data: 0.0000  max mem: 5880
      ITM Evaluation: [2200/6156]  eta: 0:02:03    time: 0.0310  data: 0.0000  max mem: 5880
      ITM Evaluation: [2300/6156]  eta: 0:02:00    time: 0.0312  data: 0.0000  max mem: 5880
      ITM Evaluation: [2400/6156]  eta: 0:01:57    time: 0.0309  data: 0.0000  max mem: 5880
      ITM Evaluation: [2500/6156]  eta: 0:01:54    time: 0.0309  data: 0.0000  max mem: 5880
      ITM Evaluation: [2600/6156]  eta: 0:01:50    time: 0.0310  data: 0.0000  max mem: 5880
      ITM Evaluation: [2700/6156]  eta: 0:01:47    time: 0.0329  data: 0.0000  max mem: 5880
      ITM Evaluation: [2800/6156]  eta: 0:01:44    time: 0.0308  data: 0.0000  max mem: 5880
      ITM Evaluation: [2900/6156]  eta: 0:01:41    time: 0.0310  data: 0.0000  max mem: 5880
      ITM Evaluation: [3000/6156]  eta: 0:01:38    time: 0.0308  data: 0.0000  max mem: 5880
      ITM Evaluation: [3100/6156]  eta: 0:01:35    time: 0.0308  data: 0.0000  max mem: 5880
      ITM Evaluation: [3200/6156]  eta: 0:01:32    time: 0.0321  data: 0.0000  max mem: 5880
      ITM Evaluation: [3300/6156]  eta: 0:01:29    time: 0.0331  data: 0.0000  max mem: 5880
      ITM Evaluation: [3400/6156]  eta: 0:01:26    time: 0.0315  data: 0.0000  max mem: 5880
      ITM Evaluation: [3500/6156]  eta: 0:01:23    time: 0.0307  data: 0.0000  max mem: 5880
      ITM Evaluation: [3600/6156]  eta: 0:01:19    time: 0.0309  data: 0.0000  max mem: 5880
      ITM Evaluation: [3700/6156]  eta: 0:01:16    time: 0.0310  data: 0.0000  max mem: 5880
      ITM Evaluation: [3800/6156]  eta: 0:01:13    time: 0.0310  data: 0.0000  max mem: 5880
      ITM Evaluation: [3900/6156]  eta: 0:01:10    time: 0.0328  data: 0.0000  max mem: 5880
      ITM Evaluation: [4000/6156]  eta: 0:01:07    time: 0.0308  data: 0.0000  max mem: 5880
      ITM Evaluation: [4100/6156]  eta: 0:01:04    time: 0.0306  data: 0.0000  max mem: 5880
      ITM Evaluation: [4200/6156]  eta: 0:01:01    time: 0.0306  data: 0.0000  max mem: 5880
      ITM Evaluation: [4300/6156]  eta: 0:00:58    time: 0.0306  data: 0.0000  max mem: 5880
      ITM Evaluation: [4400/6156]  eta: 0:00:54    time: 0.0327  data: 0.0000  max mem: 5880
      ITM Evaluation: [4500/6156]  eta: 0:00:51    time: 0.0326  data: 0.0000  max mem: 5880
      ITM Evaluation: [4600/6156]  eta: 0:00:48    time: 0.0309  data: 0.0000  max mem: 5880
      ITM Evaluation: [4700/6156]  eta: 0:00:45    time: 0.0308  data: 0.0000  max mem: 5880
      ITM Evaluation: [4800/6156]  eta: 0:00:42    time: 0.0311  data: 0.0000  max mem: 5880
      ITM Evaluation: [4900/6156]  eta: 0:00:39    time: 0.0307  data: 0.0000  max mem: 5880
      ITM Evaluation: [5000/6156]  eta: 0:00:36    time: 0.0308  data: 0.0000  max mem: 5880
      ITM Evaluation: [5100/6156]  eta: 0:00:33    time: 0.0325  data: 0.0000  max mem: 5880
      ITM Evaluation: [5200/6156]  eta: 0:00:29    time: 0.0305  data: 0.0000  max mem: 5880
      ITM Evaluation: [5300/6156]  eta: 0:00:26    time: 0.0308  data: 0.0000  max mem: 5880
      ITM Evaluation: [5400/6156]  eta: 0:00:23    time: 0.0305  data: 0.0000  max mem: 5880
      ITM Evaluation: [5500/6156]  eta: 0:00:20    time: 0.0307  data: 0.0000  max mem: 5880
      ITM Evaluation: [5600/6156]  eta: 0:00:17    time: 0.0311  data: 0.0000  max mem: 5880
      ITM Evaluation: [5700/6156]  eta: 0:00:14    time: 0.0328  data: 0.0000  max mem: 5880
      ITM Evaluation: [5800/6156]  eta: 0:00:11    time: 0.0309  data: 0.0000  max mem: 5880
      ITM Evaluation: [5900/6156]  eta: 0:00:08    time: 0.0312  data: 0.0000  max mem: 5880
      ITM Evaluation: [6000/6156]  eta: 0:00:04    time: 0.0308  data: 0.0000  max mem: 5880
      ITM Evaluation: [6100/6156]  eta: 0:00:01    time: 0.0308  data: 0.0000  max mem: 5880
      ITM Evaluation: [6155/6156]  eta: 0:00:00    time: 0.0309  data: 0.0000  max mem: 5880
      ITM Evaluation: Total time: 0:03:12 (0.0313 s / it)
     total_time 192.74062180519104
     Computing matching score time 0:03:12
### TTA ITM Score: 
+-------+--------+--------+--------+--------+--------+
| epoch |   R1   |   R5   |  R10   |  mAP   |  mINP  |
+-------+--------+--------+--------+--------+--------+
|  -999 | 70.760 | 87.378 | 92.268 | 63.849 | 48.174 |
|  -999 | 76.170 | 89.457 | 93.600 | 65.570 | 47.372 |
|   0   | 73.619 | 88.726 | 92.804 | 64.386 | 47.013 |
|   1   | 63.450 | 87.768 | 93.096 | 58.554 | 42.125 |
|   2   | 57.830 | 86.728 | 92.755 | 55.651 | 40.483 |
|   3   | 62.622 | 87.557 | 92.771 | 58.300 | 41.999 |
|   4   | 59.519 | 86.680 | 92.658 | 56.316 | 40.673 |
|   5   | 62.476 | 87.671 | 92.820 | 57.942 | 41.634 |
|   6   | 64.977 | 87.833 | 92.625 | 59.168 | 42.380 |
|   7   | 62.297 | 87.443 | 92.186 | 57.784 | 41.166 |
|   8   | 64.149 | 87.736 | 92.268 | 58.668 | 41.926 |
|   9   | 66.699 | 88.060 | 92.398 | 60.028 | 43.028 |
|   10  | 63.596 | 87.589 | 92.219 | 58.347 | 41.761 |
|   11  | 61.712 | 87.541 | 92.219 | 57.418 | 41.121 |
|   12  | 63.483 | 87.671 | 92.284 | 58.347 | 41.731 |
|   13  | 64.782 | 87.671 | 92.414 | 58.991 | 42.341 |
|   14  | 65.351 | 87.768 | 91.910 | 59.224 | 42.134 |
|   15  | 65.708 | 87.898 | 92.170 | 59.538 | 42.659 |
|   16  | 62.898 | 87.589 | 92.105 | 58.082 | 41.607 |
|   17  | 61.257 | 87.524 | 92.251 | 57.224 | 41.168 |
|   18  | 61.891 | 87.606 | 92.089 | 57.645 | 41.247 |
|   19  | 62.427 | 87.671 | 92.170 | 57.977 | 41.615 |
|   20  | 61.891 | 87.524 | 92.251 | 57.645 | 41.374 |
|   21  | 61.355 | 87.524 | 92.138 | 57.412 | 41.143 |
+-------+--------+--------+--------+--------+--------+
     logs:  {'epo': 21, 'R1': 61.355, 'R5': 87.524, 'R10': 92.138, 'mAP': 57.412, 'mINP': 41.143, 'lr': 5.8e-05, 'entropy': 0.112932, 'loss': 2.735482}
      TTA Epoch: [22] [  0/192]  eta: 0:01:41  lr: 0.000055  entropy: 0.0614  loss: 2.7165  time: 0.5280  data: 0.4174  max mem: 5880
      TTA Epoch: [22] [100/192]  eta: 0:00:04  lr: 0.000052  entropy: 0.1135  loss: 2.7356  time: 0.0412  data: 0.0001  max mem: 5880
      TTA Epoch: [22] [191/192]  eta: 0:00:00  lr: 0.000048  entropy: 0.1049  loss: 2.7329  time: 0.0418  data: 0.0001  max mem: 5880
      TTA Epoch: [22] Total time: 0:00:08 (0.0457 s / it)
     Averaged stats: lr: 0.0001  entropy: 0.1107  loss: 2.7347
     itm tta time 0:00:08
     Computing matching score
      ITM Evaluation: [   0/6156]  eta: 0:04:13    time: 0.0411  data: 0.0073  max mem: 5880
      ITM Evaluation: [ 100/6156]  eta: 0:03:06    time: 0.0309  data: 0.0000  max mem: 5880
      ITM Evaluation: [ 200/6156]  eta: 0:03:03    time: 0.0308  data: 0.0000  max mem: 5880
      ITM Evaluation: [ 300/6156]  eta: 0:03:00    time: 0.0315  data: 0.0000  max mem: 5880
      ITM Evaluation: [ 400/6156]  eta: 0:03:00    time: 0.0331  data: 0.0000  max mem: 5880
      ITM Evaluation: [ 500/6156]  eta: 0:02:57    time: 0.0309  data: 0.0000  max mem: 5880
      ITM Evaluation: [ 600/6156]  eta: 0:02:53    time: 0.0308  data: 0.0000  max mem: 5880
      ITM Evaluation: [ 700/6156]  eta: 0:02:50    time: 0.0310  data: 0.0000  max mem: 5880
      ITM Evaluation: [ 800/6156]  eta: 0:02:47    time: 0.0323  data: 0.0000  max mem: 5880
      ITM Evaluation: [ 900/6156]  eta: 0:02:44    time: 0.0306  data: 0.0000  max mem: 5880
      ITM Evaluation: [1000/6156]  eta: 0:02:41    time: 0.0314  data: 0.0000  max mem: 5880
      ITM Evaluation: [1100/6156]  eta: 0:02:38    time: 0.0309  data: 0.0000  max mem: 5880
      ITM Evaluation: [1200/6156]  eta: 0:02:34    time: 0.0310  data: 0.0000  max mem: 5880
      ITM Evaluation: [1300/6156]  eta: 0:02:31    time: 0.0309  data: 0.0000  max mem: 5880
      ITM Evaluation: [1400/6156]  eta: 0:02:28    time: 0.0312  data: 0.0000  max mem: 5880
      ITM Evaluation: [1500/6156]  eta: 0:02:25    time: 0.0311  data: 0.0000  max mem: 5880
      ITM Evaluation: [1600/6156]  eta: 0:02:22    time: 0.0330  data: 0.0000  max mem: 5880
      ITM Evaluation: [1700/6156]  eta: 0:02:19    time: 0.0311  data: 0.0000  max mem: 5880
      ITM Evaluation: [1800/6156]  eta: 0:02:16    time: 0.0308  data: 0.0000  max mem: 5880
      ITM Evaluation: [1900/6156]  eta: 0:02:13    time: 0.0306  data: 0.0000  max mem: 5880
      ITM Evaluation: [2000/6156]  eta: 0:02:10    time: 0.0320  data: 0.0000  max mem: 5880
      ITM Evaluation: [2100/6156]  eta: 0:02:06    time: 0.0305  data: 0.0000  max mem: 5880
      ITM Evaluation: [2200/6156]  eta: 0:02:03    time: 0.0305  data: 0.0000  max mem: 5880
      ITM Evaluation: [2300/6156]  eta: 0:02:00    time: 0.0307  data: 0.0000  max mem: 5880
      ITM Evaluation: [2400/6156]  eta: 0:01:57    time: 0.0311  data: 0.0000  max mem: 5880
      ITM Evaluation: [2500/6156]  eta: 0:01:54    time: 0.0310  data: 0.0000  max mem: 5880
      ITM Evaluation: [2600/6156]  eta: 0:01:50    time: 0.0310  data: 0.0000  max mem: 5880
      ITM Evaluation: [2700/6156]  eta: 0:01:47    time: 0.0315  data: 0.0000  max mem: 5880
      ITM Evaluation: [2800/6156]  eta: 0:01:44    time: 0.0323  data: 0.0000  max mem: 5880
      ITM Evaluation: [2900/6156]  eta: 0:01:41    time: 0.0336  data: 0.0000  max mem: 5880
      ITM Evaluation: [3000/6156]  eta: 0:01:38    time: 0.0307  data: 0.0000  max mem: 5880
      ITM Evaluation: [3100/6156]  eta: 0:01:35    time: 0.0308  data: 0.0000  max mem: 5880
      ITM Evaluation: [3200/6156]  eta: 0:01:32    time: 0.0327  data: 0.0000  max mem: 5880
      ITM Evaluation: [3300/6156]  eta: 0:01:29    time: 0.0309  data: 0.0000  max mem: 5880
      ITM Evaluation: [3400/6156]  eta: 0:01:26    time: 0.0310  data: 0.0000  max mem: 5880
      ITM Evaluation: [3500/6156]  eta: 0:01:23    time: 0.0314  data: 0.0000  max mem: 5880
      ITM Evaluation: [3600/6156]  eta: 0:01:19    time: 0.0313  data: 0.0000  max mem: 5880
      ITM Evaluation: [3700/6156]  eta: 0:01:16    time: 0.0312  data: 0.0000  max mem: 5880
      ITM Evaluation: [3800/6156]  eta: 0:01:13    time: 0.0311  data: 0.0000  max mem: 5880
      ITM Evaluation: [3900/6156]  eta: 0:01:10    time: 0.0311  data: 0.0000  max mem: 5880
      ITM Evaluation: [4000/6156]  eta: 0:01:07    time: 0.0310  data: 0.0000  max mem: 5880
      ITM Evaluation: [4100/6156]  eta: 0:01:04    time: 0.0337  data: 0.0000  max mem: 5880
      ITM Evaluation: [4200/6156]  eta: 0:01:01    time: 0.0332  data: 0.0000  max mem: 5880
      ITM Evaluation: [4300/6156]  eta: 0:00:58    time: 0.0392  data: 0.0000  max mem: 5880
      ITM Evaluation: [4400/6156]  eta: 0:00:55    time: 0.0308  data: 0.0000  max mem: 5880
      ITM Evaluation: [4500/6156]  eta: 0:00:52    time: 0.0309  data: 0.0000  max mem: 5880
      ITM Evaluation: [4600/6156]  eta: 0:00:48    time: 0.0308  data: 0.0000  max mem: 5880
      ITM Evaluation: [4700/6156]  eta: 0:00:45    time: 0.0310  data: 0.0000  max mem: 5880
      ITM Evaluation: [4800/6156]  eta: 0:00:42    time: 0.0311  data: 0.0000  max mem: 5880
      ITM Evaluation: [4900/6156]  eta: 0:00:39    time: 0.0307  data: 0.0000  max mem: 5880
      ITM Evaluation: [5000/6156]  eta: 0:00:36    time: 0.0308  data: 0.0000  max mem: 5880
      ITM Evaluation: [5100/6156]  eta: 0:00:33    time: 0.0308  data: 0.0000  max mem: 5880
      ITM Evaluation: [5200/6156]  eta: 0:00:30    time: 0.0313  data: 0.0000  max mem: 5880
      ITM Evaluation: [5300/6156]  eta: 0:00:26    time: 0.0310  data: 0.0000  max mem: 5880
      ITM Evaluation: [5400/6156]  eta: 0:00:23    time: 0.0329  data: 0.0000  max mem: 5880
      ITM Evaluation: [5500/6156]  eta: 0:00:20    time: 0.0388  data: 0.0000  max mem: 5880
      ITM Evaluation: [5600/6156]  eta: 0:00:17    time: 0.0307  data: 0.0000  max mem: 5880
      ITM Evaluation: [5700/6156]  eta: 0:00:14    time: 0.0307  data: 0.0000  max mem: 5880
      ITM Evaluation: [5800/6156]  eta: 0:00:11    time: 0.0310  data: 0.0000  max mem: 5880
      ITM Evaluation: [5900/6156]  eta: 0:00:08    time: 0.0309  data: 0.0000  max mem: 5880
      ITM Evaluation: [6000/6156]  eta: 0:00:04    time: 0.0311  data: 0.0000  max mem: 5880
      ITM Evaluation: [6100/6156]  eta: 0:00:01    time: 0.0310  data: 0.0000  max mem: 5880
      ITM Evaluation: [6155/6156]  eta: 0:00:00    time: 0.0315  data: 0.0000  max mem: 5880
      ITM Evaluation: Total time: 0:03:13 (0.0315 s / it)
     total_time 193.94893980026245
     Computing matching score time 0:03:13
### TTA ITM Score: 
+-------+--------+--------+--------+--------+--------+
| epoch |   R1   |   R5   |  R10   |  mAP   |  mINP  |
+-------+--------+--------+--------+--------+--------+
|  -999 | 70.760 | 87.378 | 92.268 | 63.849 | 48.174 |
|  -999 | 76.170 | 89.457 | 93.600 | 65.570 | 47.372 |
|   0   | 73.619 | 88.726 | 92.804 | 64.386 | 47.013 |
|   1   | 63.450 | 87.768 | 93.096 | 58.554 | 42.125 |
|   2   | 57.830 | 86.728 | 92.755 | 55.651 | 40.483 |
|   3   | 62.622 | 87.557 | 92.771 | 58.300 | 41.999 |
|   4   | 59.519 | 86.680 | 92.658 | 56.316 | 40.673 |
|   5   | 62.476 | 87.671 | 92.820 | 57.942 | 41.634 |
|   6   | 64.977 | 87.833 | 92.625 | 59.168 | 42.380 |
|   7   | 62.297 | 87.443 | 92.186 | 57.784 | 41.166 |
|   8   | 64.149 | 87.736 | 92.268 | 58.668 | 41.926 |
|   9   | 66.699 | 88.060 | 92.398 | 60.028 | 43.028 |
|   10  | 63.596 | 87.589 | 92.219 | 58.347 | 41.761 |
|   11  | 61.712 | 87.541 | 92.219 | 57.418 | 41.121 |
|   12  | 63.483 | 87.671 | 92.284 | 58.347 | 41.731 |
|   13  | 64.782 | 87.671 | 92.414 | 58.991 | 42.341 |
|   14  | 65.351 | 87.768 | 91.910 | 59.224 | 42.134 |
|   15  | 65.708 | 87.898 | 92.170 | 59.538 | 42.659 |
|   16  | 62.898 | 87.589 | 92.105 | 58.082 | 41.607 |
|   17  | 61.257 | 87.524 | 92.251 | 57.224 | 41.168 |
|   18  | 61.891 | 87.606 | 92.089 | 57.645 | 41.247 |
|   19  | 62.427 | 87.671 | 92.170 | 57.977 | 41.615 |
|   20  | 61.891 | 87.524 | 92.251 | 57.645 | 41.374 |
|   21  | 61.355 | 87.524 | 92.138 | 57.412 | 41.143 |
|   22  | 60.851 | 87.443 | 92.219 | 57.055 | 41.066 |
+-------+--------+--------+--------+--------+--------+
     logs:  {'epo': 22, 'R1': 60.851, 'R5': 87.443, 'R10': 92.219, 'mAP': 57.055, 'mINP': 41.066, 'lr': 5.2e-05, 'entropy': 0.110745, 'loss': 2.73467}
      TTA Epoch: [23] [  0/192]  eta: 0:01:51  lr: 0.000048  entropy: 0.1291  loss: 2.7413  time: 0.5831  data: 0.4613  max mem: 5880
      TTA Epoch: [23] [100/192]  eta: 0:00:05  lr: 0.000045  entropy: 0.1247  loss: 2.7400  time: 0.0408  data: 0.0001  max mem: 5880
      TTA Epoch: [23] [191/192]  eta: 0:00:00  lr: 0.000042  entropy: 0.0862  loss: 2.7262  time: 0.0453  data: 0.0001  max mem: 5880
      TTA Epoch: [23] Total time: 0:00:09 (0.0498 s / it)
     Averaged stats: lr: 0.0000  entropy: 0.1099  loss: 2.7343
     itm tta time 0:00:09
     Computing matching score
      ITM Evaluation: [   0/6156]  eta: 0:04:26    time: 0.0432  data: 0.0100  max mem: 5880
      ITM Evaluation: [ 100/6156]  eta: 0:03:59    time: 0.0416  data: 0.0000  max mem: 5880
      ITM Evaluation: [ 200/6156]  eta: 0:03:31    time: 0.0307  data: 0.0000  max mem: 5880
      ITM Evaluation: [ 300/6156]  eta: 0:03:18    time: 0.0306  data: 0.0000  max mem: 5880
      ITM Evaluation: [ 400/6156]  eta: 0:03:10    time: 0.0310  data: 0.0000  max mem: 5880
      ITM Evaluation: [ 500/6156]  eta: 0:03:04    time: 0.0308  data: 0.0000  max mem: 5880
      ITM Evaluation: [ 600/6156]  eta: 0:02:59    time: 0.0311  data: 0.0000  max mem: 5880
      ITM Evaluation: [ 700/6156]  eta: 0:02:55    time: 0.0307  data: 0.0000  max mem: 5880
      ITM Evaluation: [ 800/6156]  eta: 0:02:51    time: 0.0309  data: 0.0000  max mem: 5880
      ITM Evaluation: [ 900/6156]  eta: 0:02:47    time: 0.0308  data: 0.0000  max mem: 5880
      ITM Evaluation: [1000/6156]  eta: 0:02:43    time: 0.0308  data: 0.0000  max mem: 5880
      ITM Evaluation: [1100/6156]  eta: 0:02:40    time: 0.0311  data: 0.0000  max mem: 5880
      ITM Evaluation: [1200/6156]  eta: 0:02:37    time: 0.0334  data: 0.0000  max mem: 5880
      ITM Evaluation: [1300/6156]  eta: 0:02:36    time: 0.0322  data: 0.0000  max mem: 5880
      ITM Evaluation: [1400/6156]  eta: 0:02:33    time: 0.0312  data: 0.0000  max mem: 5880
      ITM Evaluation: [1500/6156]  eta: 0:02:29    time: 0.0313  data: 0.0000  max mem: 5880
      ITM Evaluation: [1600/6156]  eta: 0:02:25    time: 0.0309  data: 0.0000  max mem: 5880
      ITM Evaluation: [1700/6156]  eta: 0:02:22    time: 0.0312  data: 0.0000  max mem: 5880
      ITM Evaluation: [1800/6156]  eta: 0:02:19    time: 0.0311  data: 0.0000  max mem: 5880
      ITM Evaluation: [1900/6156]  eta: 0:02:15    time: 0.0311  data: 0.0000  max mem: 5880
      ITM Evaluation: [2000/6156]  eta: 0:02:12    time: 0.0308  data: 0.0000  max mem: 5880
      ITM Evaluation: [2100/6156]  eta: 0:02:08    time: 0.0310  data: 0.0000  max mem: 5880
      ITM Evaluation: [2200/6156]  eta: 0:02:05    time: 0.0311  data: 0.0000  max mem: 5880
      ITM Evaluation: [2300/6156]  eta: 0:02:02    time: 0.0310  data: 0.0000  max mem: 5880
      ITM Evaluation: [2400/6156]  eta: 0:01:59    time: 0.0409  data: 0.0000  max mem: 5880
      ITM Evaluation: [2500/6156]  eta: 0:01:57    time: 0.0308  data: 0.0000  max mem: 5880
      ITM Evaluation: [2600/6156]  eta: 0:01:53    time: 0.0309  data: 0.0000  max mem: 5880
      ITM Evaluation: [2700/6156]  eta: 0:01:50    time: 0.0332  data: 0.0000  max mem: 5880
      ITM Evaluation: [2800/6156]  eta: 0:01:47    time: 0.0339  data: 0.0000  max mem: 5880
      ITM Evaluation: [2900/6156]  eta: 0:01:44    time: 0.0333  data: 0.0000  max mem: 5880
      ITM Evaluation: [3000/6156]  eta: 0:01:41    time: 0.0327  data: 0.0000  max mem: 5880
      ITM Evaluation: [3100/6156]  eta: 0:01:38    time: 0.0329  data: 0.0000  max mem: 5880
      ITM Evaluation: [3200/6156]  eta: 0:01:35    time: 0.0330  data: 0.0000  max mem: 5880
      ITM Evaluation: [3300/6156]  eta: 0:01:32    time: 0.0327  data: 0.0000  max mem: 5880
      ITM Evaluation: [3400/6156]  eta: 0:01:28    time: 0.0334  data: 0.0000  max mem: 5880
      ITM Evaluation: [3500/6156]  eta: 0:01:26    time: 0.0542  data: 0.0000  max mem: 5880
      ITM Evaluation: [3600/6156]  eta: 0:01:23    time: 0.0321  data: 0.0000  max mem: 5880
      ITM Evaluation: [3700/6156]  eta: 0:01:19    time: 0.0331  data: 0.0000  max mem: 5880
      ITM Evaluation: [3800/6156]  eta: 0:01:16    time: 0.0313  data: 0.0000  max mem: 5880
      ITM Evaluation: [3900/6156]  eta: 0:01:13    time: 0.0363  data: 0.0000  max mem: 5880
      ITM Evaluation: [4000/6156]  eta: 0:01:10    time: 0.0309  data: 0.0000  max mem: 5880
      ITM Evaluation: [4100/6156]  eta: 0:01:06    time: 0.0311  data: 0.0000  max mem: 5880
      ITM Evaluation: [4200/6156]  eta: 0:01:03    time: 0.0310  data: 0.0000  max mem: 5880
      ITM Evaluation: [4300/6156]  eta: 0:01:00    time: 0.0311  data: 0.0000  max mem: 5880
      ITM Evaluation: [4400/6156]  eta: 0:00:56    time: 0.0311  data: 0.0000  max mem: 5880
      ITM Evaluation: [4500/6156]  eta: 0:00:53    time: 0.0314  data: 0.0000  max mem: 5880
      ITM Evaluation: [4600/6156]  eta: 0:00:50    time: 0.0330  data: 0.0000  max mem: 5880
      ITM Evaluation: [4700/6156]  eta: 0:00:47    time: 0.0324  data: 0.0000  max mem: 5880
      ITM Evaluation: [4800/6156]  eta: 0:00:44    time: 0.0310  data: 0.0000  max mem: 5880
      ITM Evaluation: [4900/6156]  eta: 0:00:40    time: 0.0312  data: 0.0000  max mem: 5880
      ITM Evaluation: [5000/6156]  eta: 0:00:37    time: 0.0311  data: 0.0000  max mem: 5880
      ITM Evaluation: [5100/6156]  eta: 0:00:34    time: 0.0316  data: 0.0000  max mem: 5880
      ITM Evaluation: [5200/6156]  eta: 0:00:30    time: 0.0310  data: 0.0000  max mem: 5880
      ITM Evaluation: [5300/6156]  eta: 0:00:27    time: 0.0313  data: 0.0000  max mem: 5880
      ITM Evaluation: [5400/6156]  eta: 0:00:24    time: 0.0312  data: 0.0000  max mem: 5880
      ITM Evaluation: [5500/6156]  eta: 0:00:21    time: 0.0312  data: 0.0000  max mem: 5880
      ITM Evaluation: [5600/6156]  eta: 0:00:17    time: 0.0313  data: 0.0000  max mem: 5880
      ITM Evaluation: [5700/6156]  eta: 0:00:14    time: 0.0320  data: 0.0000  max mem: 5880
      ITM Evaluation: [5800/6156]  eta: 0:00:11    time: 0.0413  data: 0.0000  max mem: 5880
      ITM Evaluation: [5900/6156]  eta: 0:00:08    time: 0.0309  data: 0.0000  max mem: 5880
      ITM Evaluation: [6000/6156]  eta: 0:00:05    time: 0.0312  data: 0.0000  max mem: 5880
      ITM Evaluation: [6100/6156]  eta: 0:00:01    time: 0.0308  data: 0.0000  max mem: 5880
      ITM Evaluation: [6155/6156]  eta: 0:00:00    time: 0.0308  data: 0.0000  max mem: 5880
      ITM Evaluation: Total time: 0:03:19 (0.0324 s / it)
     total_time 199.27788519859314
     Computing matching score time 0:03:19
### TTA ITM Score: 
+-------+--------+--------+--------+--------+--------+
| epoch |   R1   |   R5   |  R10   |  mAP   |  mINP  |
+-------+--------+--------+--------+--------+--------+
|  -999 | 70.760 | 87.378 | 92.268 | 63.849 | 48.174 |
|  -999 | 76.170 | 89.457 | 93.600 | 65.570 | 47.372 |
|   0   | 73.619 | 88.726 | 92.804 | 64.386 | 47.013 |
|   1   | 63.450 | 87.768 | 93.096 | 58.554 | 42.125 |
|   2   | 57.830 | 86.728 | 92.755 | 55.651 | 40.483 |
|   3   | 62.622 | 87.557 | 92.771 | 58.300 | 41.999 |
|   4   | 59.519 | 86.680 | 92.658 | 56.316 | 40.673 |
|   5   | 62.476 | 87.671 | 92.820 | 57.942 | 41.634 |
|   6   | 64.977 | 87.833 | 92.625 | 59.168 | 42.380 |
|   7   | 62.297 | 87.443 | 92.186 | 57.784 | 41.166 |
|   8   | 64.149 | 87.736 | 92.268 | 58.668 | 41.926 |
|   9   | 66.699 | 88.060 | 92.398 | 60.028 | 43.028 |
|   10  | 63.596 | 87.589 | 92.219 | 58.347 | 41.761 |
|   11  | 61.712 | 87.541 | 92.219 | 57.418 | 41.121 |
|   12  | 63.483 | 87.671 | 92.284 | 58.347 | 41.731 |
|   13  | 64.782 | 87.671 | 92.414 | 58.991 | 42.341 |
|   14  | 65.351 | 87.768 | 91.910 | 59.224 | 42.134 |
|   15  | 65.708 | 87.898 | 92.170 | 59.538 | 42.659 |
|   16  | 62.898 | 87.589 | 92.105 | 58.082 | 41.607 |
|   17  | 61.257 | 87.524 | 92.251 | 57.224 | 41.168 |
|   18  | 61.891 | 87.606 | 92.089 | 57.645 | 41.247 |
|   19  | 62.427 | 87.671 | 92.170 | 57.977 | 41.615 |
|   20  | 61.891 | 87.524 | 92.251 | 57.645 | 41.374 |
|   21  | 61.355 | 87.524 | 92.138 | 57.412 | 41.143 |
|   22  | 60.851 | 87.443 | 92.219 | 57.055 | 41.066 |
|   23  | 61.907 | 87.557 | 92.170 | 57.648 | 41.377 |
+-------+--------+--------+--------+--------+--------+
     logs:  {'epo': 23, 'R1': 61.907, 'R5': 87.557, 'R10': 92.17, 'mAP': 57.648, 'mINP': 41.377, 'lr': 4.5e-05, 'entropy': 0.109865, 'loss': 2.734344}
      TTA Epoch: [24] [  0/192]  eta: 0:01:41  lr: 0.000042  entropy: 0.1587  loss: 2.7528  time: 0.5261  data: 0.4295  max mem: 5880
      TTA Epoch: [24] [100/192]  eta: 0:00:04  lr: 0.000038  entropy: 0.0548  loss: 2.7138  time: 0.0419  data: 0.0001  max mem: 5880
      TTA Epoch: [24] [191/192]  eta: 0:00:00  lr: 0.000035  entropy: 0.2107  loss: 2.7719  time: 0.0411  data: 0.0001  max mem: 5880
      TTA Epoch: [24] Total time: 0:00:08 (0.0450 s / it)
     Averaged stats: lr: 0.0000  entropy: 0.1097  loss: 2.7343
     itm tta time 0:00:08
     Computing matching score
      ITM Evaluation: [   0/6156]  eta: 0:04:29    time: 0.0438  data: 0.0099  max mem: 5880
      ITM Evaluation: [ 100/6156]  eta: 0:03:07    time: 0.0307  data: 0.0000  max mem: 5880
      ITM Evaluation: [ 200/6156]  eta: 0:03:04    time: 0.0312  data: 0.0000  max mem: 5880
      ITM Evaluation: [ 300/6156]  eta: 0:03:00    time: 0.0311  data: 0.0000  max mem: 5880
      ITM Evaluation: [ 400/6156]  eta: 0:02:59    time: 0.0326  data: 0.0000  max mem: 5880
      ITM Evaluation: [ 500/6156]  eta: 0:03:04    time: 0.0324  data: 0.0000  max mem: 5880
      ITM Evaluation: [ 600/6156]  eta: 0:02:59    time: 0.0308  data: 0.0000  max mem: 5880
      ITM Evaluation: [ 700/6156]  eta: 0:02:55    time: 0.0309  data: 0.0000  max mem: 5880
      ITM Evaluation: [ 800/6156]  eta: 0:02:51    time: 0.0314  data: 0.0000  max mem: 5880
      ITM Evaluation: [ 900/6156]  eta: 0:02:47    time: 0.0316  data: 0.0000  max mem: 5880
      ITM Evaluation: [1000/6156]  eta: 0:02:44    time: 0.0316  data: 0.0000  max mem: 5880
      ITM Evaluation: [1100/6156]  eta: 0:02:41    time: 0.0324  data: 0.0000  max mem: 5880
      ITM Evaluation: [1200/6156]  eta: 0:02:37    time: 0.0312  data: 0.0000  max mem: 5880
      ITM Evaluation: [1300/6156]  eta: 0:02:34    time: 0.0312  data: 0.0000  max mem: 5880
      ITM Evaluation: [1400/6156]  eta: 0:02:30    time: 0.0313  data: 0.0000  max mem: 5880
      ITM Evaluation: [1500/6156]  eta: 0:02:27    time: 0.0316  data: 0.0000  max mem: 5880
      ITM Evaluation: [1600/6156]  eta: 0:02:26    time: 0.0406  data: 0.0000  max mem: 5880
      ITM Evaluation: [1700/6156]  eta: 0:02:23    time: 0.0313  data: 0.0000  max mem: 5880
      ITM Evaluation: [1800/6156]  eta: 0:02:19    time: 0.0313  data: 0.0000  max mem: 5880
      ITM Evaluation: [1900/6156]  eta: 0:02:16    time: 0.0309  data: 0.0000  max mem: 5880
      ITM Evaluation: [2000/6156]  eta: 0:02:13    time: 0.0310  data: 0.0000  max mem: 5880
      ITM Evaluation: [2100/6156]  eta: 0:02:09    time: 0.0308  data: 0.0000  max mem: 5880
      ITM Evaluation: [2200/6156]  eta: 0:02:06    time: 0.0310  data: 0.0000  max mem: 5880
      ITM Evaluation: [2300/6156]  eta: 0:02:02    time: 0.0309  data: 0.0000  max mem: 5880
      ITM Evaluation: [2400/6156]  eta: 0:01:59    time: 0.0307  data: 0.0000  max mem: 5880
      ITM Evaluation: [2500/6156]  eta: 0:01:56    time: 0.0310  data: 0.0000  max mem: 5880
      ITM Evaluation: [2600/6156]  eta: 0:01:53    time: 0.0308  data: 0.0000  max mem: 5880
      ITM Evaluation: [2700/6156]  eta: 0:01:49    time: 0.0334  data: 0.0000  max mem: 5880
      ITM Evaluation: [2800/6156]  eta: 0:01:47    time: 0.0326  data: 0.0000  max mem: 5880
      ITM Evaluation: [2900/6156]  eta: 0:01:44    time: 0.0310  data: 0.0000  max mem: 5880
      ITM Evaluation: [3000/6156]  eta: 0:01:41    time: 0.0313  data: 0.0000  max mem: 5880
      ITM Evaluation: [3100/6156]  eta: 0:01:37    time: 0.0318  data: 0.0000  max mem: 5880
      ITM Evaluation: [3200/6156]  eta: 0:01:34    time: 0.0312  data: 0.0000  max mem: 5880
      ITM Evaluation: [3300/6156]  eta: 0:01:31    time: 0.0312  data: 0.0000  max mem: 5880
      ITM Evaluation: [3400/6156]  eta: 0:01:28    time: 0.0311  data: 0.0000  max mem: 5880
      ITM Evaluation: [3500/6156]  eta: 0:01:24    time: 0.0308  data: 0.0000  max mem: 5880
      ITM Evaluation: [3600/6156]  eta: 0:01:21    time: 0.0310  data: 0.0000  max mem: 5880
      ITM Evaluation: [3700/6156]  eta: 0:01:18    time: 0.0312  data: 0.0000  max mem: 5880
      ITM Evaluation: [3800/6156]  eta: 0:01:15    time: 0.0310  data: 0.0000  max mem: 5880
      ITM Evaluation: [3900/6156]  eta: 0:01:12    time: 0.0444  data: 0.0000  max mem: 5880
      ITM Evaluation: [4000/6156]  eta: 0:01:09    time: 0.0308  data: 0.0000  max mem: 5880
      ITM Evaluation: [4100/6156]  eta: 0:01:05    time: 0.0312  data: 0.0000  max mem: 5880
      ITM Evaluation: [4200/6156]  eta: 0:01:02    time: 0.0310  data: 0.0000  max mem: 5880
      ITM Evaluation: [4300/6156]  eta: 0:00:59    time: 0.0314  data: 0.0000  max mem: 5880
      ITM Evaluation: [4400/6156]  eta: 0:00:56    time: 0.0309  data: 0.0000  max mem: 5880
      ITM Evaluation: [4500/6156]  eta: 0:00:52    time: 0.0307  data: 0.0000  max mem: 5880
      ITM Evaluation: [4600/6156]  eta: 0:00:49    time: 0.0308  data: 0.0000  max mem: 5880
      ITM Evaluation: [4700/6156]  eta: 0:00:46    time: 0.0307  data: 0.0000  max mem: 5880
      ITM Evaluation: [4800/6156]  eta: 0:00:43    time: 0.0310  data: 0.0000  max mem: 5880
      ITM Evaluation: [4900/6156]  eta: 0:00:39    time: 0.0309  data: 0.0000  max mem: 5880
      ITM Evaluation: [5000/6156]  eta: 0:00:36    time: 0.0330  data: 0.0000  max mem: 5880
      ITM Evaluation: [5100/6156]  eta: 0:00:33    time: 0.0323  data: 0.0000  max mem: 5880
      ITM Evaluation: [5200/6156]  eta: 0:00:30    time: 0.0307  data: 0.0000  max mem: 5880
      ITM Evaluation: [5300/6156]  eta: 0:00:27    time: 0.0306  data: 0.0000  max mem: 5880
      ITM Evaluation: [5400/6156]  eta: 0:00:24    time: 0.0306  data: 0.0000  max mem: 5880
      ITM Evaluation: [5500/6156]  eta: 0:00:20    time: 0.0308  data: 0.0000  max mem: 5880
      ITM Evaluation: [5600/6156]  eta: 0:00:17    time: 0.0307  data: 0.0000  max mem: 5880
      ITM Evaluation: [5700/6156]  eta: 0:00:14    time: 0.0309  data: 0.0000  max mem: 5880
      ITM Evaluation: [5800/6156]  eta: 0:00:11    time: 0.0310  data: 0.0000  max mem: 5880
      ITM Evaluation: [5900/6156]  eta: 0:00:08    time: 0.0313  data: 0.0000  max mem: 5880
      ITM Evaluation: [6000/6156]  eta: 0:00:04    time: 0.0314  data: 0.0000  max mem: 5880
      ITM Evaluation: [6100/6156]  eta: 0:00:01    time: 0.0312  data: 0.0000  max mem: 5880
      ITM Evaluation: [6155/6156]  eta: 0:00:00    time: 0.0343  data: 0.0000  max mem: 5880
      ITM Evaluation: Total time: 0:03:16 (0.0318 s / it)
     total_time 196.07830142974854
     Computing matching score time 0:03:16
### TTA ITM Score: 
+-------+--------+--------+--------+--------+--------+
| epoch |   R1   |   R5   |  R10   |  mAP   |  mINP  |
+-------+--------+--------+--------+--------+--------+
|  -999 | 70.760 | 87.378 | 92.268 | 63.849 | 48.174 |
|  -999 | 76.170 | 89.457 | 93.600 | 65.570 | 47.372 |
|   0   | 73.619 | 88.726 | 92.804 | 64.386 | 47.013 |
|   1   | 63.450 | 87.768 | 93.096 | 58.554 | 42.125 |
|   2   | 57.830 | 86.728 | 92.755 | 55.651 | 40.483 |
|   3   | 62.622 | 87.557 | 92.771 | 58.300 | 41.999 |
|   4   | 59.519 | 86.680 | 92.658 | 56.316 | 40.673 |
|   5   | 62.476 | 87.671 | 92.820 | 57.942 | 41.634 |
|   6   | 64.977 | 87.833 | 92.625 | 59.168 | 42.380 |
|   7   | 62.297 | 87.443 | 92.186 | 57.784 | 41.166 |
|   8   | 64.149 | 87.736 | 92.268 | 58.668 | 41.926 |
|   9   | 66.699 | 88.060 | 92.398 | 60.028 | 43.028 |
|   10  | 63.596 | 87.589 | 92.219 | 58.347 | 41.761 |
|   11  | 61.712 | 87.541 | 92.219 | 57.418 | 41.121 |
|   12  | 63.483 | 87.671 | 92.284 | 58.347 | 41.731 |
|   13  | 64.782 | 87.671 | 92.414 | 58.991 | 42.341 |
|   14  | 65.351 | 87.768 | 91.910 | 59.224 | 42.134 |
|   15  | 65.708 | 87.898 | 92.170 | 59.538 | 42.659 |
|   16  | 62.898 | 87.589 | 92.105 | 58.082 | 41.607 |
|   17  | 61.257 | 87.524 | 92.251 | 57.224 | 41.168 |
|   18  | 61.891 | 87.606 | 92.089 | 57.645 | 41.247 |
|   19  | 62.427 | 87.671 | 92.170 | 57.977 | 41.615 |
|   20  | 61.891 | 87.524 | 92.251 | 57.645 | 41.374 |
|   21  | 61.355 | 87.524 | 92.138 | 57.412 | 41.143 |
|   22  | 60.851 | 87.443 | 92.219 | 57.055 | 41.066 |
|   23  | 61.907 | 87.557 | 92.170 | 57.648 | 41.377 |
|   24  | 63.109 | 87.719 | 92.251 | 58.221 | 41.838 |
+-------+--------+--------+--------+--------+--------+
     logs:  {'epo': 24, 'R1': 63.109, 'R5': 87.719, 'R10': 92.251, 'mAP': 58.221, 'mINP': 41.838, 'lr': 3.8e-05, 'entropy': 0.109652, 'loss': 2.734264}
      TTA Epoch: [25] [  0/192]  eta: 0:01:37  lr: 0.000035  entropy: 0.1523  loss: 2.7500  time: 0.5055  data: 0.4170  max mem: 5880
      TTA Epoch: [25] [100/192]  eta: 0:00:04  lr: 0.000031  entropy: 0.1020  loss: 2.7314  time: 0.0422  data: 0.0001  max mem: 5880
      TTA Epoch: [25] [191/192]  eta: 0:00:00  lr: 0.000028  entropy: 0.2098  loss: 2.7715  time: 0.0415  data: 0.0001  max mem: 5880
      TTA Epoch: [25] Total time: 0:00:08 (0.0456 s / it)
     Averaged stats: lr: 0.0000  entropy: 0.1096  loss: 2.7343
     itm tta time 0:00:08
     Computing matching score
      ITM Evaluation: [   0/6156]  eta: 0:04:06    time: 0.0401  data: 0.0073  max mem: 5880
      ITM Evaluation: [ 100/6156]  eta: 0:03:06    time: 0.0307  data: 0.0000  max mem: 5880
      ITM Evaluation: [ 200/6156]  eta: 0:03:03    time: 0.0309  data: 0.0000  max mem: 5880
      ITM Evaluation: [ 300/6156]  eta: 0:03:00    time: 0.0312  data: 0.0000  max mem: 5880
      ITM Evaluation: [ 400/6156]  eta: 0:02:58    time: 0.0316  data: 0.0000  max mem: 5880
      ITM Evaluation: [ 500/6156]  eta: 0:02:55    time: 0.0309  data: 0.0000  max mem: 5880
      ITM Evaluation: [ 600/6156]  eta: 0:02:52    time: 0.0308  data: 0.0000  max mem: 5880
      ITM Evaluation: [ 700/6156]  eta: 0:02:49    time: 0.0308  data: 0.0000  max mem: 5880
      ITM Evaluation: [ 800/6156]  eta: 0:02:49    time: 0.0400  data: 0.0000  max mem: 5880
      ITM Evaluation: [ 900/6156]  eta: 0:02:48    time: 0.0314  data: 0.0000  max mem: 5880
      ITM Evaluation: [1000/6156]  eta: 0:02:44    time: 0.0312  data: 0.0000  max mem: 5880
      ITM Evaluation: [1100/6156]  eta: 0:02:40    time: 0.0308  data: 0.0000  max mem: 5880
      ITM Evaluation: [1200/6156]  eta: 0:02:37    time: 0.0310  data: 0.0000  max mem: 5880
      ITM Evaluation: [1300/6156]  eta: 0:02:33    time: 0.0311  data: 0.0000  max mem: 5880
      ITM Evaluation: [1400/6156]  eta: 0:02:30    time: 0.0311  data: 0.0000  max mem: 5880
      ITM Evaluation: [1500/6156]  eta: 0:02:27    time: 0.0311  data: 0.0000  max mem: 5880
      ITM Evaluation: [1600/6156]  eta: 0:02:23    time: 0.0309  data: 0.0000  max mem: 5880
      ITM Evaluation: [1700/6156]  eta: 0:02:20    time: 0.0309  data: 0.0000  max mem: 5880
      ITM Evaluation: [1800/6156]  eta: 0:02:17    time: 0.0310  data: 0.0000  max mem: 5880
      ITM Evaluation: [1900/6156]  eta: 0:02:14    time: 0.0327  data: 0.0000  max mem: 5880
      ITM Evaluation: [2000/6156]  eta: 0:02:11    time: 0.0343  data: 0.0000  max mem: 5880
      ITM Evaluation: [2100/6156]  eta: 0:02:08    time: 0.0311  data: 0.0000  max mem: 5880
      ITM Evaluation: [2200/6156]  eta: 0:02:05    time: 0.0318  data: 0.0000  max mem: 5880
      ITM Evaluation: [2300/6156]  eta: 0:02:02    time: 0.0312  data: 0.0000  max mem: 5880
      ITM Evaluation: [2400/6156]  eta: 0:01:59    time: 0.0311  data: 0.0000  max mem: 5880
      ITM Evaluation: [2500/6156]  eta: 0:01:55    time: 0.0309  data: 0.0000  max mem: 5880
      ITM Evaluation: [2600/6156]  eta: 0:01:52    time: 0.0311  data: 0.0000  max mem: 5880
      ITM Evaluation: [2700/6156]  eta: 0:01:49    time: 0.0311  data: 0.0000  max mem: 5880
      ITM Evaluation: [2800/6156]  eta: 0:01:46    time: 0.0312  data: 0.0000  max mem: 5880
      ITM Evaluation: [2900/6156]  eta: 0:01:42    time: 0.0312  data: 0.0000  max mem: 5880
      ITM Evaluation: [3000/6156]  eta: 0:01:39    time: 0.0313  data: 0.0000  max mem: 5880
      ITM Evaluation: [3100/6156]  eta: 0:01:36    time: 0.0336  data: 0.0000  max mem: 5880
      ITM Evaluation: [3200/6156]  eta: 0:01:33    time: 0.0335  data: 0.0000  max mem: 5880
      ITM Evaluation: [3300/6156]  eta: 0:01:30    time: 0.0329  data: 0.0000  max mem: 5880
      ITM Evaluation: [3400/6156]  eta: 0:01:27    time: 0.0312  data: 0.0000  max mem: 5880
      ITM Evaluation: [3500/6156]  eta: 0:01:24    time: 0.0314  data: 0.0000  max mem: 5880
      ITM Evaluation: [3600/6156]  eta: 0:01:20    time: 0.0310  data: 0.0000  max mem: 5880
      ITM Evaluation: [3700/6156]  eta: 0:01:17    time: 0.0312  data: 0.0000  max mem: 5880
      ITM Evaluation: [3800/6156]  eta: 0:01:14    time: 0.0313  data: 0.0000  max mem: 5880
      ITM Evaluation: [3900/6156]  eta: 0:01:11    time: 0.0314  data: 0.0000  max mem: 5880
      ITM Evaluation: [4000/6156]  eta: 0:01:08    time: 0.0310  data: 0.0000  max mem: 5880
      ITM Evaluation: [4100/6156]  eta: 0:01:05    time: 0.0320  data: 0.0000  max mem: 5880
      ITM Evaluation: [4200/6156]  eta: 0:01:01    time: 0.0315  data: 0.0000  max mem: 5880
      ITM Evaluation: [4300/6156]  eta: 0:00:58    time: 0.0330  data: 0.0000  max mem: 5880
      ITM Evaluation: [4400/6156]  eta: 0:00:55    time: 0.0320  data: 0.0000  max mem: 5880
      ITM Evaluation: [4500/6156]  eta: 0:00:52    time: 0.0334  data: 0.0000  max mem: 5880
      ITM Evaluation: [4600/6156]  eta: 0:00:49    time: 0.0313  data: 0.0000  max mem: 5880
      ITM Evaluation: [4700/6156]  eta: 0:00:46    time: 0.0316  data: 0.0000  max mem: 5880
      ITM Evaluation: [4800/6156]  eta: 0:00:42    time: 0.0312  data: 0.0000  max mem: 5880
      ITM Evaluation: [4900/6156]  eta: 0:00:39    time: 0.0313  data: 0.0000  max mem: 5880
      ITM Evaluation: [5000/6156]  eta: 0:00:36    time: 0.0312  data: 0.0000  max mem: 5880
      ITM Evaluation: [5100/6156]  eta: 0:00:33    time: 0.0311  data: 0.0000  max mem: 5880
      ITM Evaluation: [5200/6156]  eta: 0:00:30    time: 0.0313  data: 0.0000  max mem: 5880
      ITM Evaluation: [5300/6156]  eta: 0:00:27    time: 0.0310  data: 0.0000  max mem: 5880
      ITM Evaluation: [5400/6156]  eta: 0:00:23    time: 0.0327  data: 0.0000  max mem: 5880
      ITM Evaluation: [5500/6156]  eta: 0:00:20    time: 0.0311  data: 0.0000  max mem: 5880
      ITM Evaluation: [5600/6156]  eta: 0:00:17    time: 0.0311  data: 0.0000  max mem: 5880
      ITM Evaluation: [5700/6156]  eta: 0:00:14    time: 0.0332  data: 0.0000  max mem: 5880
      ITM Evaluation: [5800/6156]  eta: 0:00:11    time: 0.0313  data: 0.0000  max mem: 5880
      ITM Evaluation: [5900/6156]  eta: 0:00:08    time: 0.0310  data: 0.0000  max mem: 5880
      ITM Evaluation: [6000/6156]  eta: 0:00:04    time: 0.0320  data: 0.0000  max mem: 5880
      ITM Evaluation: [6100/6156]  eta: 0:00:01    time: 0.0312  data: 0.0000  max mem: 5880
      ITM Evaluation: [6155/6156]  eta: 0:00:00    time: 0.0307  data: 0.0000  max mem: 5880
      ITM Evaluation: Total time: 0:03:14 (0.0317 s / it)
     total_time 194.9232952594757
     Computing matching score time 0:03:14
### TTA ITM Score: 
+-------+--------+--------+--------+--------+--------+
| epoch |   R1   |   R5   |  R10   |  mAP   |  mINP  |
+-------+--------+--------+--------+--------+--------+
|  -999 | 70.760 | 87.378 | 92.268 | 63.849 | 48.174 |
|  -999 | 76.170 | 89.457 | 93.600 | 65.570 | 47.372 |
|   0   | 73.619 | 88.726 | 92.804 | 64.386 | 47.013 |
|   1   | 63.450 | 87.768 | 93.096 | 58.554 | 42.125 |
|   2   | 57.830 | 86.728 | 92.755 | 55.651 | 40.483 |
|   3   | 62.622 | 87.557 | 92.771 | 58.300 | 41.999 |
|   4   | 59.519 | 86.680 | 92.658 | 56.316 | 40.673 |
|   5   | 62.476 | 87.671 | 92.820 | 57.942 | 41.634 |
|   6   | 64.977 | 87.833 | 92.625 | 59.168 | 42.380 |
|   7   | 62.297 | 87.443 | 92.186 | 57.784 | 41.166 |
|   8   | 64.149 | 87.736 | 92.268 | 58.668 | 41.926 |
|   9   | 66.699 | 88.060 | 92.398 | 60.028 | 43.028 |
|   10  | 63.596 | 87.589 | 92.219 | 58.347 | 41.761 |
|   11  | 61.712 | 87.541 | 92.219 | 57.418 | 41.121 |
|   12  | 63.483 | 87.671 | 92.284 | 58.347 | 41.731 |
|   13  | 64.782 | 87.671 | 92.414 | 58.991 | 42.341 |
|   14  | 65.351 | 87.768 | 91.910 | 59.224 | 42.134 |
|   15  | 65.708 | 87.898 | 92.170 | 59.538 | 42.659 |
|   16  | 62.898 | 87.589 | 92.105 | 58.082 | 41.607 |
|   17  | 61.257 | 87.524 | 92.251 | 57.224 | 41.168 |
|   18  | 61.891 | 87.606 | 92.089 | 57.645 | 41.247 |
|   19  | 62.427 | 87.671 | 92.170 | 57.977 | 41.615 |
|   20  | 61.891 | 87.524 | 92.251 | 57.645 | 41.374 |
|   21  | 61.355 | 87.524 | 92.138 | 57.412 | 41.143 |
|   22  | 60.851 | 87.443 | 92.219 | 57.055 | 41.066 |
|   23  | 61.907 | 87.557 | 92.170 | 57.648 | 41.377 |
|   24  | 63.109 | 87.719 | 92.251 | 58.221 | 41.838 |
|   25  | 62.687 | 87.671 | 92.203 | 58.024 | 41.665 |
+-------+--------+--------+--------+--------+--------+
     logs:  {'epo': 25, 'R1': 62.687, 'R5': 87.671, 'R10': 92.203, 'mAP': 58.024, 'mINP': 41.665, 'lr': 3.1e-05, 'entropy': 0.109618, 'loss': 2.734252}
      TTA Epoch: [26] [  0/192]  eta: 0:01:41  lr: 0.000028  entropy: 0.1539  loss: 2.7507  time: 0.5282  data: 0.4457  max mem: 5880
      TTA Epoch: [26] [100/192]  eta: 0:00:04  lr: 0.000025  entropy: 0.0364  loss: 2.7073  time: 0.0416  data: 0.0001  max mem: 5880
      TTA Epoch: [26] [191/192]  eta: 0:00:00  lr: 0.000021  entropy: 0.0592  loss: 2.7155  time: 0.0389  data: 0.0001  max mem: 5880
      TTA Epoch: [26] Total time: 0:00:08 (0.0450 s / it)
     Averaged stats: lr: 0.0000  entropy: 0.1097  loss: 2.7343
     itm tta time 0:00:08
     Computing matching score
      ITM Evaluation: [   0/6156]  eta: 0:03:54    time: 0.0381  data: 0.0060  max mem: 5880
      ITM Evaluation: [ 100/6156]  eta: 0:03:16    time: 0.0331  data: 0.0000  max mem: 5880
      ITM Evaluation: [ 200/6156]  eta: 0:03:10    time: 0.0308  data: 0.0000  max mem: 5880
      ITM Evaluation: [ 300/6156]  eta: 0:03:04    time: 0.0308  data: 0.0000  max mem: 5880
      ITM Evaluation: [ 400/6156]  eta: 0:03:02    time: 0.0330  data: 0.0000  max mem: 5880
      ITM Evaluation: [ 500/6156]  eta: 0:03:00    time: 0.0319  data: 0.0000  max mem: 5880
      ITM Evaluation: [ 600/6156]  eta: 0:02:56    time: 0.0308  data: 0.0000  max mem: 5880
      ITM Evaluation: [ 700/6156]  eta: 0:02:52    time: 0.0306  data: 0.0000  max mem: 5880
      ITM Evaluation: [ 800/6156]  eta: 0:02:48    time: 0.0307  data: 0.0000  max mem: 5880
      ITM Evaluation: [ 900/6156]  eta: 0:02:44    time: 0.0309  data: 0.0000  max mem: 5880
      ITM Evaluation: [1000/6156]  eta: 0:02:41    time: 0.0308  data: 0.0000  max mem: 5880
      ITM Evaluation: [1100/6156]  eta: 0:02:38    time: 0.0310  data: 0.0000  max mem: 5880
      ITM Evaluation: [1200/6156]  eta: 0:02:34    time: 0.0311  data: 0.0000  max mem: 5880
      ITM Evaluation: [1300/6156]  eta: 0:02:32    time: 0.0330  data: 0.0000  max mem: 5880
      ITM Evaluation: [1400/6156]  eta: 0:02:29    time: 0.0312  data: 0.0000  max mem: 5880
      ITM Evaluation: [1500/6156]  eta: 0:02:26    time: 0.0312  data: 0.0000  max mem: 5880
      ITM Evaluation: [1600/6156]  eta: 0:02:22    time: 0.0328  data: 0.0000  max mem: 5880
      ITM Evaluation: [1700/6156]  eta: 0:02:20    time: 0.0331  data: 0.0000  max mem: 5880
      ITM Evaluation: [1800/6156]  eta: 0:02:17    time: 0.0309  data: 0.0000  max mem: 5880
      ITM Evaluation: [1900/6156]  eta: 0:02:13    time: 0.0309  data: 0.0000  max mem: 5880
      ITM Evaluation: [2000/6156]  eta: 0:02:10    time: 0.0309  data: 0.0000  max mem: 5880
      ITM Evaluation: [2100/6156]  eta: 0:02:07    time: 0.0311  data: 0.0000  max mem: 5880
      ITM Evaluation: [2200/6156]  eta: 0:02:04    time: 0.0312  data: 0.0000  max mem: 5880
      ITM Evaluation: [2300/6156]  eta: 0:02:01    time: 0.0311  data: 0.0000  max mem: 5880
      ITM Evaluation: [2400/6156]  eta: 0:01:57    time: 0.0324  data: 0.0000  max mem: 5880
      ITM Evaluation: [2500/6156]  eta: 0:01:54    time: 0.0312  data: 0.0000  max mem: 5880
      ITM Evaluation: [2600/6156]  eta: 0:01:51    time: 0.0306  data: 0.0000  max mem: 5880
      ITM Evaluation: [2700/6156]  eta: 0:01:48    time: 0.0308  data: 0.0000  max mem: 5880
      ITM Evaluation: [2800/6156]  eta: 0:01:45    time: 0.0341  data: 0.0000  max mem: 5880
      ITM Evaluation: [2900/6156]  eta: 0:01:42    time: 0.0337  data: 0.0000  max mem: 5880
      ITM Evaluation: [3000/6156]  eta: 0:01:39    time: 0.0310  data: 0.0000  max mem: 5880
      ITM Evaluation: [3100/6156]  eta: 0:01:36    time: 0.0309  data: 0.0000  max mem: 5880
      ITM Evaluation: [3200/6156]  eta: 0:01:33    time: 0.0310  data: 0.0000  max mem: 5880
      ITM Evaluation: [3300/6156]  eta: 0:01:29    time: 0.0312  data: 0.0000  max mem: 5880
      ITM Evaluation: [3400/6156]  eta: 0:01:26    time: 0.0311  data: 0.0000  max mem: 5880
      ITM Evaluation: [3500/6156]  eta: 0:01:23    time: 0.0312  data: 0.0000  max mem: 5880
      ITM Evaluation: [3600/6156]  eta: 0:01:20    time: 0.0328  data: 0.0000  max mem: 5880
      ITM Evaluation: [3700/6156]  eta: 0:01:17    time: 0.0312  data: 0.0000  max mem: 5880
      ITM Evaluation: [3800/6156]  eta: 0:01:14    time: 0.0315  data: 0.0000  max mem: 5880
      ITM Evaluation: [3900/6156]  eta: 0:01:11    time: 0.0313  data: 0.0000  max mem: 5880
      ITM Evaluation: [4000/6156]  eta: 0:01:07    time: 0.0328  data: 0.0000  max mem: 5880
      ITM Evaluation: [4100/6156]  eta: 0:01:04    time: 0.0325  data: 0.0000  max mem: 5880
      ITM Evaluation: [4200/6156]  eta: 0:01:01    time: 0.0311  data: 0.0000  max mem: 5880
      ITM Evaluation: [4300/6156]  eta: 0:00:58    time: 0.0310  data: 0.0000  max mem: 5880
      ITM Evaluation: [4400/6156]  eta: 0:00:55    time: 0.0311  data: 0.0000  max mem: 5880
      ITM Evaluation: [4500/6156]  eta: 0:00:52    time: 0.0323  data: 0.0000  max mem: 5880
      ITM Evaluation: [4600/6156]  eta: 0:00:49    time: 0.0325  data: 0.0000  max mem: 5880
      ITM Evaluation: [4700/6156]  eta: 0:00:45    time: 0.0314  data: 0.0000  max mem: 5880
      ITM Evaluation: [4800/6156]  eta: 0:00:42    time: 0.0346  data: 0.0000  max mem: 5880
      ITM Evaluation: [4900/6156]  eta: 0:00:39    time: 0.0315  data: 0.0000  max mem: 5880
      ITM Evaluation: [5000/6156]  eta: 0:00:36    time: 0.0315  data: 0.0000  max mem: 5880
      ITM Evaluation: [5100/6156]  eta: 0:00:33    time: 0.0315  data: 0.0000  max mem: 5880
      ITM Evaluation: [5200/6156]  eta: 0:00:30    time: 0.0312  data: 0.0000  max mem: 5880
      ITM Evaluation: [5300/6156]  eta: 0:00:27    time: 0.0334  data: 0.0000  max mem: 5880
      ITM Evaluation: [5400/6156]  eta: 0:00:23    time: 0.0310  data: 0.0000  max mem: 5880
      ITM Evaluation: [5500/6156]  eta: 0:00:20    time: 0.0319  data: 0.0000  max mem: 5880
      ITM Evaluation: [5600/6156]  eta: 0:00:17    time: 0.0315  data: 0.0000  max mem: 5880
      ITM Evaluation: [5700/6156]  eta: 0:00:14    time: 0.0336  data: 0.0000  max mem: 5880
      ITM Evaluation: [5800/6156]  eta: 0:00:11    time: 0.0332  data: 0.0000  max mem: 5880
      ITM Evaluation: [5900/6156]  eta: 0:00:08    time: 0.0351  data: 0.0000  max mem: 5880
      ITM Evaluation: [6000/6156]  eta: 0:00:04    time: 0.0333  data: 0.0000  max mem: 5880
      ITM Evaluation: [6100/6156]  eta: 0:00:01    time: 0.0332  data: 0.0000  max mem: 5880
      ITM Evaluation: [6155/6156]  eta: 0:00:00    time: 0.0331  data: 0.0000  max mem: 5880
      ITM Evaluation: Total time: 0:03:16 (0.0318 s / it)
     total_time 196.07104778289795
     Computing matching score time 0:03:16
### TTA ITM Score: 
+-------+--------+--------+--------+--------+--------+
| epoch |   R1   |   R5   |  R10   |  mAP   |  mINP  |
+-------+--------+--------+--------+--------+--------+
|  -999 | 70.760 | 87.378 | 92.268 | 63.849 | 48.174 |
|  -999 | 76.170 | 89.457 | 93.600 | 65.570 | 47.372 |
|   0   | 73.619 | 88.726 | 92.804 | 64.386 | 47.013 |
|   1   | 63.450 | 87.768 | 93.096 | 58.554 | 42.125 |
|   2   | 57.830 | 86.728 | 92.755 | 55.651 | 40.483 |
|   3   | 62.622 | 87.557 | 92.771 | 58.300 | 41.999 |
|   4   | 59.519 | 86.680 | 92.658 | 56.316 | 40.673 |
|   5   | 62.476 | 87.671 | 92.820 | 57.942 | 41.634 |
|   6   | 64.977 | 87.833 | 92.625 | 59.168 | 42.380 |
|   7   | 62.297 | 87.443 | 92.186 | 57.784 | 41.166 |
|   8   | 64.149 | 87.736 | 92.268 | 58.668 | 41.926 |
|   9   | 66.699 | 88.060 | 92.398 | 60.028 | 43.028 |
|   10  | 63.596 | 87.589 | 92.219 | 58.347 | 41.761 |
|   11  | 61.712 | 87.541 | 92.219 | 57.418 | 41.121 |
|   12  | 63.483 | 87.671 | 92.284 | 58.347 | 41.731 |
|   13  | 64.782 | 87.671 | 92.414 | 58.991 | 42.341 |
|   14  | 65.351 | 87.768 | 91.910 | 59.224 | 42.134 |
|   15  | 65.708 | 87.898 | 92.170 | 59.538 | 42.659 |
|   16  | 62.898 | 87.589 | 92.105 | 58.082 | 41.607 |
|   17  | 61.257 | 87.524 | 92.251 | 57.224 | 41.168 |
|   18  | 61.891 | 87.606 | 92.089 | 57.645 | 41.247 |
|   19  | 62.427 | 87.671 | 92.170 | 57.977 | 41.615 |
|   20  | 61.891 | 87.524 | 92.251 | 57.645 | 41.374 |
|   21  | 61.355 | 87.524 | 92.138 | 57.412 | 41.143 |
|   22  | 60.851 | 87.443 | 92.219 | 57.055 | 41.066 |
|   23  | 61.907 | 87.557 | 92.170 | 57.648 | 41.377 |
|   24  | 63.109 | 87.719 | 92.251 | 58.221 | 41.838 |
|   25  | 62.687 | 87.671 | 92.203 | 58.024 | 41.665 |
|   26  | 61.420 | 87.508 | 92.138 | 57.395 | 41.286 |
+-------+--------+--------+--------+--------+--------+
     logs:  {'epo': 26, 'R1': 61.42, 'R5': 87.508, 'R10': 92.138, 'mAP': 57.395, 'mINP': 41.286, 'lr': 2.5e-05, 'entropy': 0.109684, 'loss': 2.734276}
      TTA Epoch: [27] [  0/192]  eta: 0:01:36  lr: 0.000021  entropy: 0.0590  loss: 2.7150  time: 0.5030  data: 0.4161  max mem: 5880
      TTA Epoch: [27] [100/192]  eta: 0:00:04  lr: 0.000018  entropy: 0.0935  loss: 2.7285  time: 0.0475  data: 0.0001  max mem: 5880
      TTA Epoch: [27] [191/192]  eta: 0:00:00  lr: 0.000015  entropy: 0.0628  loss: 2.7166  time: 0.0440  data: 0.0001  max mem: 5880
      TTA Epoch: [27] Total time: 0:00:10 (0.0558 s / it)
     Averaged stats: lr: 0.0000  entropy: 0.1091  loss: 2.7340
     itm tta time 0:00:10
     Computing matching score
      ITM Evaluation: [   0/6156]  eta: 0:04:49    time: 0.0471  data: 0.0114  max mem: 5880
      ITM Evaluation: [ 100/6156]  eta: 0:03:22    time: 0.0335  data: 0.0000  max mem: 5880
      ITM Evaluation: [ 200/6156]  eta: 0:03:18    time: 0.0334  data: 0.0000  max mem: 5880
      ITM Evaluation: [ 300/6156]  eta: 0:03:14    time: 0.0333  data: 0.0000  max mem: 5880
      ITM Evaluation: [ 400/6156]  eta: 0:03:12    time: 0.0355  data: 0.0000  max mem: 5880
      ITM Evaluation: [ 500/6156]  eta: 0:03:10    time: 0.0336  data: 0.0000  max mem: 5880
      ITM Evaluation: [ 600/6156]  eta: 0:03:07    time: 0.0338  data: 0.0000  max mem: 5880
      ITM Evaluation: [ 700/6156]  eta: 0:03:03    time: 0.0335  data: 0.0000  max mem: 5880
      ITM Evaluation: [ 800/6156]  eta: 0:03:00    time: 0.0333  data: 0.0000  max mem: 5880
      ITM Evaluation: [ 900/6156]  eta: 0:02:56    time: 0.0332  data: 0.0000  max mem: 5880
      ITM Evaluation: [1000/6156]  eta: 0:02:53    time: 0.0352  data: 0.0000  max mem: 5880
      ITM Evaluation: [1100/6156]  eta: 0:02:50    time: 0.0332  data: 0.0000  max mem: 5880
      ITM Evaluation: [1200/6156]  eta: 0:02:47    time: 0.0330  data: 0.0000  max mem: 5880
      ITM Evaluation: [1300/6156]  eta: 0:02:43    time: 0.0330  data: 0.0000  max mem: 5880
      ITM Evaluation: [1400/6156]  eta: 0:02:40    time: 0.0334  data: 0.0000  max mem: 5880
      ITM Evaluation: [1500/6156]  eta: 0:02:36    time: 0.0351  data: 0.0000  max mem: 5880
      ITM Evaluation: [1600/6156]  eta: 0:02:33    time: 0.0331  data: 0.0000  max mem: 5880
      ITM Evaluation: [1700/6156]  eta: 0:02:30    time: 0.0335  data: 0.0000  max mem: 5880
      ITM Evaluation: [1800/6156]  eta: 0:02:26    time: 0.0334  data: 0.0000  max mem: 5880
      ITM Evaluation: [1900/6156]  eta: 0:02:23    time: 0.0333  data: 0.0000  max mem: 5880
      ITM Evaluation: [2000/6156]  eta: 0:02:19    time: 0.0335  data: 0.0000  max mem: 5880
      ITM Evaluation: [2100/6156]  eta: 0:02:16    time: 0.0347  data: 0.0000  max mem: 5880
      ITM Evaluation: [2200/6156]  eta: 0:02:13    time: 0.0371  data: 0.0000  max mem: 5880
      ITM Evaluation: [2300/6156]  eta: 0:02:10    time: 0.0331  data: 0.0000  max mem: 5880
      ITM Evaluation: [2400/6156]  eta: 0:02:06    time: 0.0330  data: 0.0000  max mem: 5880
      ITM Evaluation: [2500/6156]  eta: 0:02:03    time: 0.0331  data: 0.0000  max mem: 5880
      ITM Evaluation: [2600/6156]  eta: 0:01:59    time: 0.0347  data: 0.0000  max mem: 5880
      ITM Evaluation: [2700/6156]  eta: 0:01:56    time: 0.0335  data: 0.0000  max mem: 5880
      ITM Evaluation: [2800/6156]  eta: 0:01:53    time: 0.0332  data: 0.0000  max mem: 5880
      ITM Evaluation: [2900/6156]  eta: 0:01:49    time: 0.0331  data: 0.0000  max mem: 5880
      ITM Evaluation: [3000/6156]  eta: 0:01:46    time: 0.0335  data: 0.0000  max mem: 5880
      ITM Evaluation: [3100/6156]  eta: 0:01:43    time: 0.0337  data: 0.0000  max mem: 5880
      ITM Evaluation: [3200/6156]  eta: 0:01:39    time: 0.0334  data: 0.0000  max mem: 5880
      ITM Evaluation: [3300/6156]  eta: 0:01:36    time: 0.0355  data: 0.0000  max mem: 5880
      ITM Evaluation: [3400/6156]  eta: 0:01:33    time: 0.0330  data: 0.0000  max mem: 5880
      ITM Evaluation: [3500/6156]  eta: 0:01:29    time: 0.0333  data: 0.0000  max mem: 5880
      ITM Evaluation: [3600/6156]  eta: 0:01:26    time: 0.0331  data: 0.0000  max mem: 5880
      ITM Evaluation: [3700/6156]  eta: 0:01:22    time: 0.0353  data: 0.0000  max mem: 5880
      ITM Evaluation: [3800/6156]  eta: 0:01:19    time: 0.0337  data: 0.0000  max mem: 5880
      ITM Evaluation: [3900/6156]  eta: 0:01:16    time: 0.0339  data: 0.0000  max mem: 5880
      ITM Evaluation: [4000/6156]  eta: 0:01:12    time: 0.0338  data: 0.0000  max mem: 5880
      ITM Evaluation: [4100/6156]  eta: 0:01:09    time: 0.0331  data: 0.0000  max mem: 5880
      ITM Evaluation: [4200/6156]  eta: 0:01:06    time: 0.0334  data: 0.0000  max mem: 5880
      ITM Evaluation: [4300/6156]  eta: 0:01:02    time: 0.0338  data: 0.0000  max mem: 5880
      ITM Evaluation: [4400/6156]  eta: 0:00:59    time: 0.0351  data: 0.0000  max mem: 5880
      ITM Evaluation: [4500/6156]  eta: 0:00:55    time: 0.0351  data: 0.0000  max mem: 5880
      ITM Evaluation: [4600/6156]  eta: 0:00:52    time: 0.0326  data: 0.0000  max mem: 5880
      ITM Evaluation: [4700/6156]  eta: 0:00:49    time: 0.0327  data: 0.0000  max mem: 5880
      ITM Evaluation: [4800/6156]  eta: 0:00:45    time: 0.0356  data: 0.0000  max mem: 5880
      ITM Evaluation: [4900/6156]  eta: 0:00:42    time: 0.0329  data: 0.0000  max mem: 5880
      ITM Evaluation: [5000/6156]  eta: 0:00:39    time: 0.0327  data: 0.0000  max mem: 5880
      ITM Evaluation: [5100/6156]  eta: 0:00:35    time: 0.0329  data: 0.0000  max mem: 5880
      ITM Evaluation: [5200/6156]  eta: 0:00:32    time: 0.0329  data: 0.0000  max mem: 5880
      ITM Evaluation: [5300/6156]  eta: 0:00:28    time: 0.0327  data: 0.0000  max mem: 5880
      ITM Evaluation: [5400/6156]  eta: 0:00:25    time: 0.0329  data: 0.0000  max mem: 5880
      ITM Evaluation: [5500/6156]  eta: 0:00:22    time: 0.0336  data: 0.0000  max mem: 5880
      ITM Evaluation: [5600/6156]  eta: 0:00:18    time: 0.0352  data: 0.0000  max mem: 5880
      ITM Evaluation: [5700/6156]  eta: 0:00:15    time: 0.0341  data: 0.0000  max mem: 5880
      ITM Evaluation: [5800/6156]  eta: 0:00:11    time: 0.0333  data: 0.0000  max mem: 5880
      ITM Evaluation: [5900/6156]  eta: 0:00:08    time: 0.0351  data: 0.0000  max mem: 5880
      ITM Evaluation: [6000/6156]  eta: 0:00:05    time: 0.0329  data: 0.0000  max mem: 5880
      ITM Evaluation: [6100/6156]  eta: 0:00:01    time: 0.0330  data: 0.0000  max mem: 5880
      ITM Evaluation: [6155/6156]  eta: 0:00:00    time: 0.0329  data: 0.0000  max mem: 5880
      ITM Evaluation: Total time: 0:03:27 (0.0337 s / it)
     total_time 207.61681032180786
     Computing matching score time 0:03:27
### TTA ITM Score: 
+-------+--------+--------+--------+--------+--------+
| epoch |   R1   |   R5   |  R10   |  mAP   |  mINP  |
+-------+--------+--------+--------+--------+--------+
|  -999 | 70.760 | 87.378 | 92.268 | 63.849 | 48.174 |
|  -999 | 76.170 | 89.457 | 93.600 | 65.570 | 47.372 |
|   0   | 73.619 | 88.726 | 92.804 | 64.386 | 47.013 |
|   1   | 63.450 | 87.768 | 93.096 | 58.554 | 42.125 |
|   2   | 57.830 | 86.728 | 92.755 | 55.651 | 40.483 |
|   3   | 62.622 | 87.557 | 92.771 | 58.300 | 41.999 |
|   4   | 59.519 | 86.680 | 92.658 | 56.316 | 40.673 |
|   5   | 62.476 | 87.671 | 92.820 | 57.942 | 41.634 |
|   6   | 64.977 | 87.833 | 92.625 | 59.168 | 42.380 |
|   7   | 62.297 | 87.443 | 92.186 | 57.784 | 41.166 |
|   8   | 64.149 | 87.736 | 92.268 | 58.668 | 41.926 |
|   9   | 66.699 | 88.060 | 92.398 | 60.028 | 43.028 |
|   10  | 63.596 | 87.589 | 92.219 | 58.347 | 41.761 |
|   11  | 61.712 | 87.541 | 92.219 | 57.418 | 41.121 |
|   12  | 63.483 | 87.671 | 92.284 | 58.347 | 41.731 |
|   13  | 64.782 | 87.671 | 92.414 | 58.991 | 42.341 |
|   14  | 65.351 | 87.768 | 91.910 | 59.224 | 42.134 |
|   15  | 65.708 | 87.898 | 92.170 | 59.538 | 42.659 |
|   16  | 62.898 | 87.589 | 92.105 | 58.082 | 41.607 |
|   17  | 61.257 | 87.524 | 92.251 | 57.224 | 41.168 |
|   18  | 61.891 | 87.606 | 92.089 | 57.645 | 41.247 |
|   19  | 62.427 | 87.671 | 92.170 | 57.977 | 41.615 |
|   20  | 61.891 | 87.524 | 92.251 | 57.645 | 41.374 |
|   21  | 61.355 | 87.524 | 92.138 | 57.412 | 41.143 |
|   22  | 60.851 | 87.443 | 92.219 | 57.055 | 41.066 |
|   23  | 61.907 | 87.557 | 92.170 | 57.648 | 41.377 |
|   24  | 63.109 | 87.719 | 92.251 | 58.221 | 41.838 |
|   25  | 62.687 | 87.671 | 92.203 | 58.024 | 41.665 |
|   26  | 61.420 | 87.508 | 92.138 | 57.395 | 41.286 |
|   27  | 61.436 | 87.557 | 92.138 | 57.420 | 41.288 |
+-------+--------+--------+--------+--------+--------+
     logs:  {'epo': 27, 'R1': 61.436, 'R5': 87.557, 'R10': 92.138, 'mAP': 57.42, 'mINP': 41.288, 'lr': 1.8e-05, 'entropy': 0.109064, 'loss': 2.734046}
      TTA Epoch: [28] [  0/192]  eta: 0:01:45  lr: 0.000015  entropy: 0.0741  loss: 2.7207  time: 0.5498  data: 0.4553  max mem: 5880
      TTA Epoch: [28] [100/192]  eta: 0:00:04  lr: 0.000011  entropy: 0.0721  loss: 2.7206  time: 0.0429  data: 0.0001  max mem: 5880
      TTA Epoch: [28] [191/192]  eta: 0:00:00  lr: 0.000008  entropy: 0.1431  loss: 2.7465  time: 0.0405  data: 0.0001  max mem: 5880
      TTA Epoch: [28] Total time: 0:00:08 (0.0455 s / it)
     Averaged stats: lr: 0.0000  entropy: 0.1103  loss: 2.7345
     itm tta time 0:00:09
     Computing matching score
      ITM Evaluation: [   0/6156]  eta: 0:04:27    time: 0.0435  data: 0.0086  max mem: 5880
      ITM Evaluation: [ 100/6156]  eta: 0:03:20    time: 0.0332  data: 0.0000  max mem: 5880
      ITM Evaluation: [ 200/6156]  eta: 0:03:17    time: 0.0338  data: 0.0000  max mem: 5880
      ITM Evaluation: [ 300/6156]  eta: 0:03:16    time: 0.0345  data: 0.0000  max mem: 5880
      ITM Evaluation: [ 400/6156]  eta: 0:03:13    time: 0.0329  data: 0.0000  max mem: 5880
      ITM Evaluation: [ 500/6156]  eta: 0:03:10    time: 0.0349  data: 0.0000  max mem: 5880
      ITM Evaluation: [ 600/6156]  eta: 0:03:07    time: 0.0330  data: 0.0000  max mem: 5880
      ITM Evaluation: [ 700/6156]  eta: 0:03:03    time: 0.0331  data: 0.0000  max mem: 5880
      ITM Evaluation: [ 800/6156]  eta: 0:02:59    time: 0.0329  data: 0.0000  max mem: 5880
      ITM Evaluation: [ 900/6156]  eta: 0:02:56    time: 0.0336  data: 0.0000  max mem: 5880
      ITM Evaluation: [1000/6156]  eta: 0:02:53    time: 0.0336  data: 0.0000  max mem: 5880
      ITM Evaluation: [1100/6156]  eta: 0:02:49    time: 0.0335  data: 0.0000  max mem: 5880
      ITM Evaluation: [1200/6156]  eta: 0:02:46    time: 0.0334  data: 0.0000  max mem: 5880
      ITM Evaluation: [1300/6156]  eta: 0:02:43    time: 0.0334  data: 0.0000  max mem: 5880
      ITM Evaluation: [1400/6156]  eta: 0:02:39    time: 0.0356  data: 0.0000  max mem: 5880
      ITM Evaluation: [1500/6156]  eta: 0:02:37    time: 0.0341  data: 0.0000  max mem: 5880
      ITM Evaluation: [1600/6156]  eta: 0:02:33    time: 0.0348  data: 0.0000  max mem: 5880
      ITM Evaluation: [1700/6156]  eta: 0:02:30    time: 0.0330  data: 0.0000  max mem: 5880
      ITM Evaluation: [1800/6156]  eta: 0:02:26    time: 0.0333  data: 0.0000  max mem: 5880
      ITM Evaluation: [1900/6156]  eta: 0:02:23    time: 0.0334  data: 0.0000  max mem: 5880
      ITM Evaluation: [2000/6156]  eta: 0:02:19    time: 0.0331  data: 0.0000  max mem: 5880
      ITM Evaluation: [2100/6156]  eta: 0:02:16    time: 0.0333  data: 0.0000  max mem: 5880
      ITM Evaluation: [2200/6156]  eta: 0:02:13    time: 0.0330  data: 0.0000  max mem: 5880
      ITM Evaluation: [2300/6156]  eta: 0:02:09    time: 0.0333  data: 0.0000  max mem: 5880
      ITM Evaluation: [2400/6156]  eta: 0:02:06    time: 0.0334  data: 0.0000  max mem: 5880
      ITM Evaluation: [2500/6156]  eta: 0:02:02    time: 0.0333  data: 0.0000  max mem: 5880
      ITM Evaluation: [2600/6156]  eta: 0:01:59    time: 0.0358  data: 0.0000  max mem: 5880
      ITM Evaluation: [2700/6156]  eta: 0:01:56    time: 0.0361  data: 0.0000  max mem: 5880
      ITM Evaluation: [2800/6156]  eta: 0:01:53    time: 0.0355  data: 0.0000  max mem: 5880
      ITM Evaluation: [2900/6156]  eta: 0:01:50    time: 0.0337  data: 0.0000  max mem: 5880
      ITM Evaluation: [3000/6156]  eta: 0:01:46    time: 0.0336  data: 0.0000  max mem: 5880
      ITM Evaluation: [3100/6156]  eta: 0:01:43    time: 0.0345  data: 0.0000  max mem: 5880
      ITM Evaluation: [3200/6156]  eta: 0:01:40    time: 0.0334  data: 0.0000  max mem: 5880
      ITM Evaluation: [3300/6156]  eta: 0:01:36    time: 0.0364  data: 0.0000  max mem: 5880
      ITM Evaluation: [3400/6156]  eta: 0:01:33    time: 0.0351  data: 0.0000  max mem: 5880
      ITM Evaluation: [3500/6156]  eta: 0:01:30    time: 0.0367  data: 0.0000  max mem: 5880
      ITM Evaluation: [3600/6156]  eta: 0:01:27    time: 0.0336  data: 0.0000  max mem: 5880
      ITM Evaluation: [3700/6156]  eta: 0:01:23    time: 0.0373  data: 0.0000  max mem: 5880
      ITM Evaluation: [3800/6156]  eta: 0:01:20    time: 0.0341  data: 0.0000  max mem: 5880
      ITM Evaluation: [3900/6156]  eta: 0:01:17    time: 0.0348  data: 0.0000  max mem: 5880
      ITM Evaluation: [4000/6156]  eta: 0:01:13    time: 0.0343  data: 0.0000  max mem: 5880
      ITM Evaluation: [4100/6156]  eta: 0:01:10    time: 0.0329  data: 0.0000  max mem: 5880
      ITM Evaluation: [4200/6156]  eta: 0:01:06    time: 0.0328  data: 0.0000  max mem: 5880
      ITM Evaluation: [4300/6156]  eta: 0:01:03    time: 0.0338  data: 0.0000  max mem: 5880
      ITM Evaluation: [4400/6156]  eta: 0:00:59    time: 0.0340  data: 0.0000  max mem: 5880
      ITM Evaluation: [4500/6156]  eta: 0:00:56    time: 0.0335  data: 0.0000  max mem: 5880
      ITM Evaluation: [4600/6156]  eta: 0:00:53    time: 0.0334  data: 0.0000  max mem: 5880
      ITM Evaluation: [4700/6156]  eta: 0:00:49    time: 0.0336  data: 0.0000  max mem: 5880
      ITM Evaluation: [4800/6156]  eta: 0:00:46    time: 0.0357  data: 0.0000  max mem: 5880
      ITM Evaluation: [4900/6156]  eta: 0:00:42    time: 0.0332  data: 0.0000  max mem: 5880
      ITM Evaluation: [5000/6156]  eta: 0:00:39    time: 0.0349  data: 0.0000  max mem: 5880
      ITM Evaluation: [5100/6156]  eta: 0:00:36    time: 0.0358  data: 0.0000  max mem: 5880
      ITM Evaluation: [5200/6156]  eta: 0:00:32    time: 0.0302  data: 0.0000  max mem: 5880
      ITM Evaluation: [5300/6156]  eta: 0:00:29    time: 0.0327  data: 0.0000  max mem: 5880
      ITM Evaluation: [5400/6156]  eta: 0:00:25    time: 0.0310  data: 0.0000  max mem: 5880
      ITM Evaluation: [5500/6156]  eta: 0:00:22    time: 0.0314  data: 0.0000  max mem: 5880
      ITM Evaluation: [5600/6156]  eta: 0:00:18    time: 0.0313  data: 0.0000  max mem: 5880
      ITM Evaluation: [5700/6156]  eta: 0:00:15    time: 0.0325  data: 0.0000  max mem: 5880
      ITM Evaluation: [5800/6156]  eta: 0:00:12    time: 0.0309  data: 0.0000  max mem: 5880
      ITM Evaluation: [5900/6156]  eta: 0:00:08    time: 0.0368  data: 0.0000  max mem: 5880
      ITM Evaluation: [6000/6156]  eta: 0:00:05    time: 0.0345  data: 0.0000  max mem: 5880
      ITM Evaluation: [6100/6156]  eta: 0:00:01    time: 0.0306  data: 0.0000  max mem: 5880
      ITM Evaluation: [6155/6156]  eta: 0:00:00    time: 0.0308  data: 0.0000  max mem: 5880
      ITM Evaluation: Total time: 0:03:28 (0.0339 s / it)
     total_time 208.77007722854614
     Computing matching score time 0:03:28
### TTA ITM Score: 
+-------+--------+--------+--------+--------+--------+
| epoch |   R1   |   R5   |  R10   |  mAP   |  mINP  |
+-------+--------+--------+--------+--------+--------+
|  -999 | 70.760 | 87.378 | 92.268 | 63.849 | 48.174 |
|  -999 | 76.170 | 89.457 | 93.600 | 65.570 | 47.372 |
|   0   | 73.619 | 88.726 | 92.804 | 64.386 | 47.013 |
|   1   | 63.450 | 87.768 | 93.096 | 58.554 | 42.125 |
|   2   | 57.830 | 86.728 | 92.755 | 55.651 | 40.483 |
|   3   | 62.622 | 87.557 | 92.771 | 58.300 | 41.999 |
|   4   | 59.519 | 86.680 | 92.658 | 56.316 | 40.673 |
|   5   | 62.476 | 87.671 | 92.820 | 57.942 | 41.634 |
|   6   | 64.977 | 87.833 | 92.625 | 59.168 | 42.380 |
|   7   | 62.297 | 87.443 | 92.186 | 57.784 | 41.166 |
|   8   | 64.149 | 87.736 | 92.268 | 58.668 | 41.926 |
|   9   | 66.699 | 88.060 | 92.398 | 60.028 | 43.028 |
|   10  | 63.596 | 87.589 | 92.219 | 58.347 | 41.761 |
|   11  | 61.712 | 87.541 | 92.219 | 57.418 | 41.121 |
|   12  | 63.483 | 87.671 | 92.284 | 58.347 | 41.731 |
|   13  | 64.782 | 87.671 | 92.414 | 58.991 | 42.341 |
|   14  | 65.351 | 87.768 | 91.910 | 59.224 | 42.134 |
|   15  | 65.708 | 87.898 | 92.170 | 59.538 | 42.659 |
|   16  | 62.898 | 87.589 | 92.105 | 58.082 | 41.607 |
|   17  | 61.257 | 87.524 | 92.251 | 57.224 | 41.168 |
|   18  | 61.891 | 87.606 | 92.089 | 57.645 | 41.247 |
|   19  | 62.427 | 87.671 | 92.170 | 57.977 | 41.615 |
|   20  | 61.891 | 87.524 | 92.251 | 57.645 | 41.374 |
|   21  | 61.355 | 87.524 | 92.138 | 57.412 | 41.143 |
|   22  | 60.851 | 87.443 | 92.219 | 57.055 | 41.066 |
|   23  | 61.907 | 87.557 | 92.170 | 57.648 | 41.377 |
|   24  | 63.109 | 87.719 | 92.251 | 58.221 | 41.838 |
|   25  | 62.687 | 87.671 | 92.203 | 58.024 | 41.665 |
|   26  | 61.420 | 87.508 | 92.138 | 57.395 | 41.286 |
|   27  | 61.436 | 87.557 | 92.138 | 57.420 | 41.288 |
|   28  | 60.867 | 87.508 | 92.138 | 57.129 | 41.095 |
+-------+--------+--------+--------+--------+--------+
     logs:  {'epo': 28, 'R1': 60.867, 'R5': 87.508, 'R10': 92.138, 'mAP': 57.129, 'mINP': 41.095, 'lr': 1.1e-05, 'entropy': 0.110345, 'loss': 2.734521}
      TTA Epoch: [29] [  0/192]  eta: 0:01:55  lr: 0.000008  entropy: 0.1230  loss: 2.7391  time: 0.6038  data: 0.5165  max mem: 5880
      TTA Epoch: [29] [100/192]  eta: 0:00:04  lr: 0.000004  entropy: 0.1591  loss: 2.7527  time: 0.0446  data: 0.0001  max mem: 5880
      TTA Epoch: [29] [191/192]  eta: 0:00:00  lr: 0.000001  entropy: 0.1043  loss: 2.7322  time: 0.0426  data: 0.0001  max mem: 5880
      TTA Epoch: [29] Total time: 0:00:09 (0.0485 s / it)
     Averaged stats: lr: 0.0000  entropy: 0.1079  loss: 2.7336
     itm tta time 0:00:09
     Computing matching score
      ITM Evaluation: [   0/6156]  eta: 0:03:59    time: 0.0389  data: 0.0071  max mem: 5880
      ITM Evaluation: [ 100/6156]  eta: 0:03:04    time: 0.0303  data: 0.0000  max mem: 5880
      ITM Evaluation: [ 200/6156]  eta: 0:03:01    time: 0.0304  data: 0.0000  max mem: 5880
      ITM Evaluation: [ 300/6156]  eta: 0:02:58    time: 0.0308  data: 0.0000  max mem: 5880
      ITM Evaluation: [ 400/6156]  eta: 0:02:55    time: 0.0305  data: 0.0000  max mem: 5880
      ITM Evaluation: [ 500/6156]  eta: 0:02:52    time: 0.0314  data: 0.0000  max mem: 5880
      ITM Evaluation: [ 600/6156]  eta: 0:02:50    time: 0.0304  data: 0.0000  max mem: 5880
      ITM Evaluation: [ 700/6156]  eta: 0:02:47    time: 0.0316  data: 0.0000  max mem: 5880
      ITM Evaluation: [ 800/6156]  eta: 0:02:44    time: 0.0323  data: 0.0000  max mem: 5880
      ITM Evaluation: [ 900/6156]  eta: 0:02:43    time: 0.0323  data: 0.0000  max mem: 5880
      ITM Evaluation: [1000/6156]  eta: 0:02:40    time: 0.0309  data: 0.0000  max mem: 5880
      ITM Evaluation: [1100/6156]  eta: 0:02:37    time: 0.0310  data: 0.0000  max mem: 5880
      ITM Evaluation: [1200/6156]  eta: 0:02:34    time: 0.0304  data: 0.0000  max mem: 5880
      ITM Evaluation: [1300/6156]  eta: 0:02:30    time: 0.0303  data: 0.0000  max mem: 5880
      ITM Evaluation: [1400/6156]  eta: 0:02:27    time: 0.0311  data: 0.0000  max mem: 5880
      ITM Evaluation: [1500/6156]  eta: 0:02:24    time: 0.0301  data: 0.0000  max mem: 5880
      ITM Evaluation: [1600/6156]  eta: 0:02:21    time: 0.0306  data: 0.0000  max mem: 5880
      ITM Evaluation: [1700/6156]  eta: 0:02:18    time: 0.0333  data: 0.0000  max mem: 5880
      ITM Evaluation: [1800/6156]  eta: 0:02:15    time: 0.0318  data: 0.0000  max mem: 5880
      ITM Evaluation: [1900/6156]  eta: 0:02:12    time: 0.0315  data: 0.0000  max mem: 5880
      ITM Evaluation: [2000/6156]  eta: 0:02:09    time: 0.0337  data: 0.0000  max mem: 5880
      ITM Evaluation: [2100/6156]  eta: 0:02:07    time: 0.0323  data: 0.0000  max mem: 5880
      ITM Evaluation: [2200/6156]  eta: 0:02:04    time: 0.0316  data: 0.0000  max mem: 5880
      ITM Evaluation: [2300/6156]  eta: 0:02:01    time: 0.0318  data: 0.0000  max mem: 5880
      ITM Evaluation: [2400/6156]  eta: 0:01:58    time: 0.0310  data: 0.0000  max mem: 5880
      ITM Evaluation: [2500/6156]  eta: 0:01:55    time: 0.0309  data: 0.0000  max mem: 5880
      ITM Evaluation: [2600/6156]  eta: 0:01:51    time: 0.0310  data: 0.0000  max mem: 5880
      ITM Evaluation: [2700/6156]  eta: 0:01:48    time: 0.0307  data: 0.0000  max mem: 5880
      ITM Evaluation: [2800/6156]  eta: 0:01:45    time: 0.0318  data: 0.0000  max mem: 5880
      ITM Evaluation: [2900/6156]  eta: 0:01:42    time: 0.0320  data: 0.0000  max mem: 5880
      ITM Evaluation: [3000/6156]  eta: 0:01:39    time: 0.0308  data: 0.0000  max mem: 5880
      ITM Evaluation: [3100/6156]  eta: 0:01:35    time: 0.0307  data: 0.0000  max mem: 5880
      ITM Evaluation: [3200/6156]  eta: 0:01:32    time: 0.0327  data: 0.0000  max mem: 5880
      ITM Evaluation: [3300/6156]  eta: 0:01:29    time: 0.0308  data: 0.0000  max mem: 5880
      ITM Evaluation: [3400/6156]  eta: 0:01:26    time: 0.0307  data: 0.0000  max mem: 5880
      ITM Evaluation: [3500/6156]  eta: 0:01:23    time: 0.0313  data: 0.0000  max mem: 5880
      ITM Evaluation: [3600/6156]  eta: 0:01:20    time: 0.0314  data: 0.0000  max mem: 5880
      ITM Evaluation: [3700/6156]  eta: 0:01:17    time: 0.0308  data: 0.0000  max mem: 5880
      ITM Evaluation: [3800/6156]  eta: 0:01:13    time: 0.0309  data: 0.0000  max mem: 5880
      ITM Evaluation: [3900/6156]  eta: 0:01:10    time: 0.0307  data: 0.0000  max mem: 5880
      ITM Evaluation: [4000/6156]  eta: 0:01:07    time: 0.0323  data: 0.0000  max mem: 5880
      ITM Evaluation: [4100/6156]  eta: 0:01:04    time: 0.0306  data: 0.0000  max mem: 5880
      ITM Evaluation: [4200/6156]  eta: 0:01:01    time: 0.0307  data: 0.0000  max mem: 5880
      ITM Evaluation: [4300/6156]  eta: 0:00:58    time: 0.0310  data: 0.0000  max mem: 5880
      ITM Evaluation: [4400/6156]  eta: 0:00:55    time: 0.0333  data: 0.0000  max mem: 5880
      ITM Evaluation: [4500/6156]  eta: 0:00:51    time: 0.0304  data: 0.0000  max mem: 5880
      ITM Evaluation: [4600/6156]  eta: 0:00:48    time: 0.0304  data: 0.0000  max mem: 5880
      ITM Evaluation: [4700/6156]  eta: 0:00:45    time: 0.0302  data: 0.0000  max mem: 5880
      ITM Evaluation: [4800/6156]  eta: 0:00:42    time: 0.0304  data: 0.0000  max mem: 5880
      ITM Evaluation: [4900/6156]  eta: 0:00:39    time: 0.0304  data: 0.0000  max mem: 5880
      ITM Evaluation: [5000/6156]  eta: 0:00:36    time: 0.0303  data: 0.0000  max mem: 5880
      ITM Evaluation: [5100/6156]  eta: 0:00:33    time: 0.0308  data: 0.0000  max mem: 5880
      ITM Evaluation: [5200/6156]  eta: 0:00:29    time: 0.0325  data: 0.0000  max mem: 5880
      ITM Evaluation: [5300/6156]  eta: 0:00:26    time: 0.0306  data: 0.0000  max mem: 5880
      ITM Evaluation: [5400/6156]  eta: 0:00:23    time: 0.0308  data: 0.0000  max mem: 5880
      ITM Evaluation: [5500/6156]  eta: 0:00:20    time: 0.0320  data: 0.0000  max mem: 5880
      ITM Evaluation: [5600/6156]  eta: 0:00:17    time: 0.0330  data: 0.0000  max mem: 5880
      ITM Evaluation: [5700/6156]  eta: 0:00:14    time: 0.0303  data: 0.0000  max mem: 5880
      ITM Evaluation: [5800/6156]  eta: 0:00:11    time: 0.0302  data: 0.0000  max mem: 5880
      ITM Evaluation: [5900/6156]  eta: 0:00:07    time: 0.0305  data: 0.0000  max mem: 5880
      ITM Evaluation: [6000/6156]  eta: 0:00:04    time: 0.0305  data: 0.0000  max mem: 5880
      ITM Evaluation: [6100/6156]  eta: 0:00:01    time: 0.0304  data: 0.0000  max mem: 5880
      ITM Evaluation: [6155/6156]  eta: 0:00:00    time: 0.0305  data: 0.0000  max mem: 5880
      ITM Evaluation: Total time: 0:03:12 (0.0312 s / it)
     total_time 192.31633234024048
     Computing matching score time 0:03:12
### TTA ITM Score: 
+-------+--------+--------+--------+--------+--------+
| epoch |   R1   |   R5   |  R10   |  mAP   |  mINP  |
+-------+--------+--------+--------+--------+--------+
|  -999 | 70.760 | 87.378 | 92.268 | 63.849 | 48.174 |
|  -999 | 76.170 | 89.457 | 93.600 | 65.570 | 47.372 |
|   0   | 73.619 | 88.726 | 92.804 | 64.386 | 47.013 |
|   1   | 63.450 | 87.768 | 93.096 | 58.554 | 42.125 |
|   2   | 57.830 | 86.728 | 92.755 | 55.651 | 40.483 |
|   3   | 62.622 | 87.557 | 92.771 | 58.300 | 41.999 |
|   4   | 59.519 | 86.680 | 92.658 | 56.316 | 40.673 |
|   5   | 62.476 | 87.671 | 92.820 | 57.942 | 41.634 |
|   6   | 64.977 | 87.833 | 92.625 | 59.168 | 42.380 |
|   7   | 62.297 | 87.443 | 92.186 | 57.784 | 41.166 |
|   8   | 64.149 | 87.736 | 92.268 | 58.668 | 41.926 |
|   9   | 66.699 | 88.060 | 92.398 | 60.028 | 43.028 |
|   10  | 63.596 | 87.589 | 92.219 | 58.347 | 41.761 |
|   11  | 61.712 | 87.541 | 92.219 | 57.418 | 41.121 |
|   12  | 63.483 | 87.671 | 92.284 | 58.347 | 41.731 |
|   13  | 64.782 | 87.671 | 92.414 | 58.991 | 42.341 |
|   14  | 65.351 | 87.768 | 91.910 | 59.224 | 42.134 |
|   15  | 65.708 | 87.898 | 92.170 | 59.538 | 42.659 |
|   16  | 62.898 | 87.589 | 92.105 | 58.082 | 41.607 |
|   17  | 61.257 | 87.524 | 92.251 | 57.224 | 41.168 |
|   18  | 61.891 | 87.606 | 92.089 | 57.645 | 41.247 |
|   19  | 62.427 | 87.671 | 92.170 | 57.977 | 41.615 |
|   20  | 61.891 | 87.524 | 92.251 | 57.645 | 41.374 |
|   21  | 61.355 | 87.524 | 92.138 | 57.412 | 41.143 |
|   22  | 60.851 | 87.443 | 92.219 | 57.055 | 41.066 |
|   23  | 61.907 | 87.557 | 92.170 | 57.648 | 41.377 |
|   24  | 63.109 | 87.719 | 92.251 | 58.221 | 41.838 |
|   25  | 62.687 | 87.671 | 92.203 | 58.024 | 41.665 |
|   26  | 61.420 | 87.508 | 92.138 | 57.395 | 41.286 |
|   27  | 61.436 | 87.557 | 92.138 | 57.420 | 41.288 |
|   28  | 60.867 | 87.508 | 92.138 | 57.129 | 41.095 |
|   29  | 60.916 | 87.524 | 92.138 | 57.156 | 41.119 |
+-------+--------+--------+--------+--------+--------+
     logs:  {'epo': 29, 'R1': 60.916, 'R5': 87.524, 'R10': 92.138, 'mAP': 57.156, 'mINP': 41.119, 'lr': 4e-06, 'entropy': 0.107897, 'loss': 2.733613}
### best epoch 0 : {'epo': '0', 'R1': '73.619', 'R5': '88.726', 'R10': '92.804', 'mAP': '64.386', 'mINP': '47.013', 'lr': '0.000738', 'entropy': '0.406769', 'loss': '2.844566'}
### Time 1:43:29
