Not using distributed mode
### Hyper-parameters:
     seed: 42
     device: cuda
     output_dir: output/ft_cuhk/tta/tta_exp2.2
     batch_size_tta: 16
     epochs: 30
     lr: 0.001
### Creating model
use_swin
load checkpoint from checkpoints/ft_cuhk/checkpoint_best.pth
missing_keys:  []
vision_encoder missing_keys:  []
unexpected_keys:  []
     Total Params Sum:  214456629
### Creating test dataset
     test_dataset: 3074
### Creating test dataloader
### be careful: func create_loader returns a list length of 1
     test_loader: 21
### Inference ITC similiarity matrix
     Computing text features for evaluation
     Computing image features for evaluation
/home/jiahao/task/APTM/reTools.py:308: UserWarning: To copy construct from a tensor, it is recommended to use sourceTensor.clone().detach() or sourceTensor.clone().detach().requires_grad_(True), rather than torch.tensor(sourceTensor).
  similarity = torch.tensor(scores_t2i)
     Computing features time 0:00:08
### Zero-Shot ITC Score: 
+-------+--------+--------+--------+--------+--------+
| epoch |   R1   |   R5   |  R10   |  mAP   |  mINP  |
+-------+--------+--------+--------+--------+--------+
|  -999 | 70.760 | 87.378 | 92.268 | 63.849 | 48.174 |
+-------+--------+--------+--------+--------+--------+
     Computing matching score
      ITM Evaluation: [   0/6156]  eta: 0:04:06    time: 0.0401  data: 0.0033  max mem: 5880
      ITM Evaluation: [ 100/6156]  eta: 0:03:30    time: 0.0354  data: 0.0000  max mem: 5880
      ITM Evaluation: [ 200/6156]  eta: 0:03:31    time: 0.0358  data: 0.0000  max mem: 5880
      ITM Evaluation: [ 300/6156]  eta: 0:03:24    time: 0.0325  data: 0.0000  max mem: 5880
      ITM Evaluation: [ 400/6156]  eta: 0:03:18    time: 0.0340  data: 0.0000  max mem: 5880
      ITM Evaluation: [ 500/6156]  eta: 0:03:16    time: 0.0372  data: 0.0000  max mem: 5880
      ITM Evaluation: [ 600/6156]  eta: 0:03:14    time: 0.0342  data: 0.0000  max mem: 5880
      ITM Evaluation: [ 700/6156]  eta: 0:03:10    time: 0.0335  data: 0.0000  max mem: 5880
      ITM Evaluation: [ 800/6156]  eta: 0:03:06    time: 0.0344  data: 0.0000  max mem: 5880
      ITM Evaluation: [ 900/6156]  eta: 0:03:01    time: 0.0337  data: 0.0000  max mem: 5880
      ITM Evaluation: [1000/6156]  eta: 0:02:58    time: 0.0349  data: 0.0000  max mem: 5880
      ITM Evaluation: [1100/6156]  eta: 0:02:55    time: 0.0347  data: 0.0000  max mem: 5880
      ITM Evaluation: [1200/6156]  eta: 0:02:52    time: 0.0367  data: 0.0000  max mem: 5880
      ITM Evaluation: [1300/6156]  eta: 0:02:49    time: 0.0356  data: 0.0000  max mem: 5880
      ITM Evaluation: [1400/6156]  eta: 0:02:46    time: 0.0379  data: 0.0000  max mem: 5880
      ITM Evaluation: [1500/6156]  eta: 0:02:43    time: 0.0361  data: 0.0000  max mem: 5880
      ITM Evaluation: [1600/6156]  eta: 0:02:40    time: 0.0375  data: 0.0000  max mem: 5880
      ITM Evaluation: [1700/6156]  eta: 0:02:37    time: 0.0366  data: 0.0000  max mem: 5880
      ITM Evaluation: [1800/6156]  eta: 0:02:34    time: 0.0374  data: 0.0000  max mem: 5880
      ITM Evaluation: [1900/6156]  eta: 0:02:31    time: 0.0361  data: 0.0000  max mem: 5880
      ITM Evaluation: [2000/6156]  eta: 0:02:27    time: 0.0370  data: 0.0000  max mem: 5880
      ITM Evaluation: [2100/6156]  eta: 0:02:24    time: 0.0375  data: 0.0000  max mem: 5880
      ITM Evaluation: [2200/6156]  eta: 0:02:21    time: 0.0387  data: 0.0000  max mem: 5880
      ITM Evaluation: [2300/6156]  eta: 0:02:17    time: 0.0350  data: 0.0000  max mem: 5880
      ITM Evaluation: [2400/6156]  eta: 0:02:14    time: 0.0359  data: 0.0000  max mem: 5880
      ITM Evaluation: [2500/6156]  eta: 0:02:10    time: 0.0355  data: 0.0000  max mem: 5880
      ITM Evaluation: [2600/6156]  eta: 0:02:07    time: 0.0398  data: 0.0000  max mem: 5880
      ITM Evaluation: [2700/6156]  eta: 0:02:04    time: 0.0406  data: 0.0000  max mem: 5880
      ITM Evaluation: [2800/6156]  eta: 0:02:00    time: 0.0364  data: 0.0000  max mem: 5880
      ITM Evaluation: [2900/6156]  eta: 0:01:57    time: 0.0377  data: 0.0000  max mem: 5880
      ITM Evaluation: [3000/6156]  eta: 0:01:53    time: 0.0347  data: 0.0000  max mem: 5880
      ITM Evaluation: [3100/6156]  eta: 0:01:49    time: 0.0351  data: 0.0000  max mem: 5880
      ITM Evaluation: [3200/6156]  eta: 0:01:46    time: 0.0354  data: 0.0000  max mem: 5880
      ITM Evaluation: [3300/6156]  eta: 0:01:42    time: 0.0340  data: 0.0000  max mem: 5880
      ITM Evaluation: [3400/6156]  eta: 0:01:38    time: 0.0347  data: 0.0000  max mem: 5880
      ITM Evaluation: [3500/6156]  eta: 0:01:34    time: 0.0333  data: 0.0000  max mem: 5880
      ITM Evaluation: [3600/6156]  eta: 0:01:31    time: 0.0339  data: 0.0000  max mem: 5880
      ITM Evaluation: [3700/6156]  eta: 0:01:27    time: 0.0360  data: 0.0000  max mem: 5880
      ITM Evaluation: [3800/6156]  eta: 0:01:24    time: 0.0368  data: 0.0000  max mem: 5880
      ITM Evaluation: [3900/6156]  eta: 0:01:20    time: 0.0334  data: 0.0000  max mem: 5880
      ITM Evaluation: [4000/6156]  eta: 0:01:16    time: 0.0338  data: 0.0000  max mem: 5880
      ITM Evaluation: [4100/6156]  eta: 0:01:13    time: 0.0344  data: 0.0000  max mem: 5880
      ITM Evaluation: [4200/6156]  eta: 0:01:09    time: 0.0346  data: 0.0000  max mem: 5880
      ITM Evaluation: [4300/6156]  eta: 0:01:05    time: 0.0357  data: 0.0000  max mem: 5880
      ITM Evaluation: [4400/6156]  eta: 0:01:02    time: 0.0331  data: 0.0000  max mem: 5880
      ITM Evaluation: [4500/6156]  eta: 0:00:58    time: 0.0350  data: 0.0000  max mem: 5880
      ITM Evaluation: [4600/6156]  eta: 0:00:55    time: 0.0345  data: 0.0000  max mem: 5880
      ITM Evaluation: [4700/6156]  eta: 0:00:51    time: 0.0335  data: 0.0000  max mem: 5880
      ITM Evaluation: [4800/6156]  eta: 0:00:47    time: 0.0356  data: 0.0000  max mem: 5880
      ITM Evaluation: [4900/6156]  eta: 0:00:44    time: 0.0362  data: 0.0000  max mem: 5880
      ITM Evaluation: [5000/6156]  eta: 0:00:40    time: 0.0338  data: 0.0000  max mem: 5880
      ITM Evaluation: [5100/6156]  eta: 0:00:37    time: 0.0336  data: 0.0000  max mem: 5880
      ITM Evaluation: [5200/6156]  eta: 0:00:33    time: 0.0330  data: 0.0000  max mem: 5880
      ITM Evaluation: [5300/6156]  eta: 0:00:30    time: 0.0328  data: 0.0000  max mem: 5880
      ITM Evaluation: [5400/6156]  eta: 0:00:26    time: 0.0332  data: 0.0000  max mem: 5880
      ITM Evaluation: [5500/6156]  eta: 0:00:23    time: 0.0324  data: 0.0000  max mem: 5880
      ITM Evaluation: [5600/6156]  eta: 0:00:19    time: 0.0335  data: 0.0000  max mem: 5880
      ITM Evaluation: [5700/6156]  eta: 0:00:16    time: 0.0329  data: 0.0000  max mem: 5880
      ITM Evaluation: [5800/6156]  eta: 0:00:12    time: 0.0344  data: 0.0000  max mem: 5880
      ITM Evaluation: [5900/6156]  eta: 0:00:08    time: 0.0328  data: 0.0000  max mem: 5880
      ITM Evaluation: [6000/6156]  eta: 0:00:05    time: 0.0348  data: 0.0000  max mem: 5880
      ITM Evaluation: [6100/6156]  eta: 0:00:01    time: 0.0349  data: 0.0000  max mem: 5880
      ITM Evaluation: [6155/6156]  eta: 0:00:00    time: 0.0329  data: 0.0000  max mem: 5880
      ITM Evaluation: Total time: 0:03:36 (0.0351 s / it)
     total_time 216.1344690322876
     Computing matching score time 0:03:36
### Zero-Shot ITM Score: 
+-------+--------+--------+--------+--------+--------+
| epoch |   R1   |   R5   |  R10   |  mAP   |  mINP  |
+-------+--------+--------+--------+--------+--------+
|  -999 | 70.760 | 87.378 | 92.268 | 63.849 | 48.174 |
|  -999 | 76.170 | 89.457 | 93.600 | 65.570 | 47.372 |
+-------+--------+--------+--------+--------+--------+
### TTA:
### Compute ITC Uncertainty
     preprocess_tta_coefficients  start
     sample selection ...
     number of sample after sample_selection: 1749
     uncertainty ...
     preprocess_tta_coefficients  end
### Creating tta dataset
     tta_dataset: 1749
### Creating tta dataloader
### be careful: func create_loader returns a list length of 1
     tta_loader: 109
### Configure adapted weights
     TTA Dropout Modules: 
 [('vision_encoder.pos_drop', Dropout(p=0.0, inplace=False), True), ('vision_encoder.layers.0.blocks.0.attn.attn_drop', Dropout(p=0.0, inplace=False), True), ('vision_encoder.layers.0.blocks.0.attn.proj_drop', Dropout(p=0.0, inplace=False), True), ('vision_encoder.layers.0.blocks.0.mlp.drop', Dropout(p=0.0, inplace=False), True), ('vision_encoder.layers.0.blocks.1.attn.attn_drop', Dropout(p=0.0, inplace=False), True), ('vision_encoder.layers.0.blocks.1.attn.proj_drop', Dropout(p=0.0, inplace=False), True), ('vision_encoder.layers.0.blocks.1.mlp.drop', Dropout(p=0.0, inplace=False), True), ('vision_encoder.layers.1.blocks.0.attn.attn_drop', Dropout(p=0.0, inplace=False), True), ('vision_encoder.layers.1.blocks.0.attn.proj_drop', Dropout(p=0.0, inplace=False), True), ('vision_encoder.layers.1.blocks.0.mlp.drop', Dropout(p=0.0, inplace=False), True), ('vision_encoder.layers.1.blocks.1.attn.attn_drop', Dropout(p=0.0, inplace=False), True), ('vision_encoder.layers.1.blocks.1.attn.proj_drop', Dropout(p=0.0, inplace=False), True), ('vision_encoder.layers.1.blocks.1.mlp.drop', Dropout(p=0.0, inplace=False), True), ('vision_encoder.layers.2.blocks.0.attn.attn_drop', Dropout(p=0.0, inplace=False), True), ('vision_encoder.layers.2.blocks.0.attn.proj_drop', Dropout(p=0.0, inplace=False), True), ('vision_encoder.layers.2.blocks.0.mlp.drop', Dropout(p=0.0, inplace=False), True), ('vision_encoder.layers.2.blocks.1.attn.attn_drop', Dropout(p=0.0, inplace=False), True), ('vision_encoder.layers.2.blocks.1.attn.proj_drop', Dropout(p=0.0, inplace=False), True), ('vision_encoder.layers.2.blocks.1.mlp.drop', Dropout(p=0.0, inplace=False), True), ('vision_encoder.layers.2.blocks.2.attn.attn_drop', Dropout(p=0.0, inplace=False), True), ('vision_encoder.layers.2.blocks.2.attn.proj_drop', Dropout(p=0.0, inplace=False), True), ('vision_encoder.layers.2.blocks.2.mlp.drop', Dropout(p=0.0, inplace=False), True), ('vision_encoder.layers.2.blocks.3.attn.attn_drop', Dropout(p=0.0, inplace=False), True), ('vision_encoder.layers.2.blocks.3.attn.proj_drop', Dropout(p=0.0, inplace=False), True), ('vision_encoder.layers.2.blocks.3.mlp.drop', Dropout(p=0.0, inplace=False), True), ('vision_encoder.layers.2.blocks.4.attn.attn_drop', Dropout(p=0.0, inplace=False), True), ('vision_encoder.layers.2.blocks.4.attn.proj_drop', Dropout(p=0.0, inplace=False), True), ('vision_encoder.layers.2.blocks.4.mlp.drop', Dropout(p=0.0, inplace=False), True), ('vision_encoder.layers.2.blocks.5.attn.attn_drop', Dropout(p=0.0, inplace=False), True), ('vision_encoder.layers.2.blocks.5.attn.proj_drop', Dropout(p=0.0, inplace=False), True), ('vision_encoder.layers.2.blocks.5.mlp.drop', Dropout(p=0.0, inplace=False), True), ('vision_encoder.layers.2.blocks.6.attn.attn_drop', Dropout(p=0.0, inplace=False), True), ('vision_encoder.layers.2.blocks.6.attn.proj_drop', Dropout(p=0.0, inplace=False), True), ('vision_encoder.layers.2.blocks.6.mlp.drop', Dropout(p=0.0, inplace=False), True), ('vision_encoder.layers.2.blocks.7.attn.attn_drop', Dropout(p=0.0, inplace=False), True), ('vision_encoder.layers.2.blocks.7.attn.proj_drop', Dropout(p=0.0, inplace=False), True), ('vision_encoder.layers.2.blocks.7.mlp.drop', Dropout(p=0.0, inplace=False), True), ('vision_encoder.layers.2.blocks.8.attn.attn_drop', Dropout(p=0.0, inplace=False), True), ('vision_encoder.layers.2.blocks.8.attn.proj_drop', Dropout(p=0.0, inplace=False), True), ('vision_encoder.layers.2.blocks.8.mlp.drop', Dropout(p=0.0, inplace=False), True), ('vision_encoder.layers.2.blocks.9.attn.attn_drop', Dropout(p=0.0, inplace=False), True), ('vision_encoder.layers.2.blocks.9.attn.proj_drop', Dropout(p=0.0, inplace=False), True), ('vision_encoder.layers.2.blocks.9.mlp.drop', Dropout(p=0.0, inplace=False), True), ('vision_encoder.layers.2.blocks.10.attn.attn_drop', Dropout(p=0.0, inplace=False), True), ('vision_encoder.layers.2.blocks.10.attn.proj_drop', Dropout(p=0.0, inplace=False), True), ('vision_encoder.layers.2.blocks.10.mlp.drop', Dropout(p=0.0, inplace=False), True), ('vision_encoder.layers.2.blocks.11.attn.attn_drop', Dropout(p=0.0, inplace=False), True), ('vision_encoder.layers.2.blocks.11.attn.proj_drop', Dropout(p=0.0, inplace=False), True), ('vision_encoder.layers.2.blocks.11.mlp.drop', Dropout(p=0.0, inplace=False), True), ('vision_encoder.layers.2.blocks.12.attn.attn_drop', Dropout(p=0.0, inplace=False), True), ('vision_encoder.layers.2.blocks.12.attn.proj_drop', Dropout(p=0.0, inplace=False), True), ('vision_encoder.layers.2.blocks.12.mlp.drop', Dropout(p=0.0, inplace=False), True), ('vision_encoder.layers.2.blocks.13.attn.attn_drop', Dropout(p=0.0, inplace=False), True), ('vision_encoder.layers.2.blocks.13.attn.proj_drop', Dropout(p=0.0, inplace=False), True), ('vision_encoder.layers.2.blocks.13.mlp.drop', Dropout(p=0.0, inplace=False), True), ('vision_encoder.layers.2.blocks.14.attn.attn_drop', Dropout(p=0.0, inplace=False), True), ('vision_encoder.layers.2.blocks.14.attn.proj_drop', Dropout(p=0.0, inplace=False), True), ('vision_encoder.layers.2.blocks.14.mlp.drop', Dropout(p=0.0, inplace=False), True), ('vision_encoder.layers.2.blocks.15.attn.attn_drop', Dropout(p=0.0, inplace=False), True), ('vision_encoder.layers.2.blocks.15.attn.proj_drop', Dropout(p=0.0, inplace=False), True), ('vision_encoder.layers.2.blocks.15.mlp.drop', Dropout(p=0.0, inplace=False), True), ('vision_encoder.layers.2.blocks.16.attn.attn_drop', Dropout(p=0.0, inplace=False), True), ('vision_encoder.layers.2.blocks.16.attn.proj_drop', Dropout(p=0.0, inplace=False), True), ('vision_encoder.layers.2.blocks.16.mlp.drop', Dropout(p=0.0, inplace=False), True), ('vision_encoder.layers.2.blocks.17.attn.attn_drop', Dropout(p=0.0, inplace=False), True), ('vision_encoder.layers.2.blocks.17.attn.proj_drop', Dropout(p=0.0, inplace=False), True), ('vision_encoder.layers.2.blocks.17.mlp.drop', Dropout(p=0.0, inplace=False), True), ('vision_encoder.layers.3.blocks.0.attn.attn_drop', Dropout(p=0.0, inplace=False), True), ('vision_encoder.layers.3.blocks.0.attn.proj_drop', Dropout(p=0.0, inplace=False), True), ('vision_encoder.layers.3.blocks.0.mlp.drop', Dropout(p=0.0, inplace=False), True), ('vision_encoder.layers.3.blocks.1.attn.attn_drop', Dropout(p=0.0, inplace=False), True), ('vision_encoder.layers.3.blocks.1.attn.proj_drop', Dropout(p=0.0, inplace=False), True), ('vision_encoder.layers.3.blocks.1.mlp.drop', Dropout(p=0.0, inplace=False), True), ('text_encoder.bert.embeddings.dropout', Dropout(p=0.1, inplace=False), True), ('text_encoder.bert.encoder.layer.0.attention.self.dropout', Dropout(p=0.1, inplace=False), True), ('text_encoder.bert.encoder.layer.0.attention.output.dropout', Dropout(p=0.1, inplace=False), True), ('text_encoder.bert.encoder.layer.0.output.dropout', Dropout(p=0.1, inplace=False), True), ('text_encoder.bert.encoder.layer.1.attention.self.dropout', Dropout(p=0.1, inplace=False), True), ('text_encoder.bert.encoder.layer.1.attention.output.dropout', Dropout(p=0.1, inplace=False), True), ('text_encoder.bert.encoder.layer.1.output.dropout', Dropout(p=0.1, inplace=False), True), ('text_encoder.bert.encoder.layer.2.attention.self.dropout', Dropout(p=0.1, inplace=False), True), ('text_encoder.bert.encoder.layer.2.attention.output.dropout', Dropout(p=0.1, inplace=False), True), ('text_encoder.bert.encoder.layer.2.output.dropout', Dropout(p=0.1, inplace=False), True), ('text_encoder.bert.encoder.layer.3.attention.self.dropout', Dropout(p=0.1, inplace=False), True), ('text_encoder.bert.encoder.layer.3.attention.output.dropout', Dropout(p=0.1, inplace=False), True), ('text_encoder.bert.encoder.layer.3.output.dropout', Dropout(p=0.1, inplace=False), True), ('text_encoder.bert.encoder.layer.4.attention.self.dropout', Dropout(p=0.1, inplace=False), True), ('text_encoder.bert.encoder.layer.4.attention.output.dropout', Dropout(p=0.1, inplace=False), True), ('text_encoder.bert.encoder.layer.4.output.dropout', Dropout(p=0.1, inplace=False), True), ('text_encoder.bert.encoder.layer.5.attention.self.dropout', Dropout(p=0.1, inplace=False), True), ('text_encoder.bert.encoder.layer.5.attention.output.dropout', Dropout(p=0.1, inplace=False), True), ('text_encoder.bert.encoder.layer.5.output.dropout', Dropout(p=0.1, inplace=False), True), ('text_encoder.bert.encoder.layer.6.attention.self.dropout', Dropout(p=0.1, inplace=False), True), ('text_encoder.bert.encoder.layer.6.attention.output.dropout', Dropout(p=0.1, inplace=False), True), ('text_encoder.bert.encoder.layer.6.crossattention.self.dropout', Dropout(p=0.1, inplace=False), True), ('text_encoder.bert.encoder.layer.6.crossattention.output.dropout', Dropout(p=0.1, inplace=False), True), ('text_encoder.bert.encoder.layer.6.output.dropout', Dropout(p=0.1, inplace=False), True), ('text_encoder.bert.encoder.layer.7.attention.self.dropout', Dropout(p=0.1, inplace=False), True), ('text_encoder.bert.encoder.layer.7.attention.output.dropout', Dropout(p=0.1, inplace=False), True), ('text_encoder.bert.encoder.layer.7.crossattention.self.dropout', Dropout(p=0.1, inplace=False), True), ('text_encoder.bert.encoder.layer.7.crossattention.output.dropout', Dropout(p=0.1, inplace=False), True), ('text_encoder.bert.encoder.layer.7.output.dropout', Dropout(p=0.1, inplace=False), True), ('text_encoder.bert.encoder.layer.8.attention.self.dropout', Dropout(p=0.1, inplace=False), True), ('text_encoder.bert.encoder.layer.8.attention.output.dropout', Dropout(p=0.1, inplace=False), True), ('text_encoder.bert.encoder.layer.8.crossattention.self.dropout', Dropout(p=0.1, inplace=False), True), ('text_encoder.bert.encoder.layer.8.crossattention.output.dropout', Dropout(p=0.1, inplace=False), True), ('text_encoder.bert.encoder.layer.8.output.dropout', Dropout(p=0.1, inplace=False), True), ('text_encoder.bert.encoder.layer.9.attention.self.dropout', Dropout(p=0.1, inplace=False), True), ('text_encoder.bert.encoder.layer.9.attention.output.dropout', Dropout(p=0.1, inplace=False), True), ('text_encoder.bert.encoder.layer.9.crossattention.self.dropout', Dropout(p=0.1, inplace=False), True), ('text_encoder.bert.encoder.layer.9.crossattention.output.dropout', Dropout(p=0.1, inplace=False), True), ('text_encoder.bert.encoder.layer.9.output.dropout', Dropout(p=0.1, inplace=False), True), ('text_encoder.bert.encoder.layer.10.attention.self.dropout', Dropout(p=0.1, inplace=False), True), ('text_encoder.bert.encoder.layer.10.attention.output.dropout', Dropout(p=0.1, inplace=False), True), ('text_encoder.bert.encoder.layer.10.crossattention.self.dropout', Dropout(p=0.1, inplace=False), True), ('text_encoder.bert.encoder.layer.10.crossattention.output.dropout', Dropout(p=0.1, inplace=False), True), ('text_encoder.bert.encoder.layer.10.output.dropout', Dropout(p=0.1, inplace=False), True), ('text_encoder.bert.encoder.layer.11.attention.self.dropout', Dropout(p=0.1, inplace=False), True), ('text_encoder.bert.encoder.layer.11.attention.output.dropout', Dropout(p=0.1, inplace=False), True), ('text_encoder.bert.encoder.layer.11.crossattention.self.dropout', Dropout(p=0.1, inplace=False), True), ('text_encoder.bert.encoder.layer.11.crossattention.output.dropout', Dropout(p=0.1, inplace=False), True), ('text_encoder.bert.encoder.layer.11.output.dropout', Dropout(p=0.1, inplace=False), True)]
     TTA Require Gradient Params: 
 [('text_encoder.bert.embeddings.LayerNorm.weight', torch.Size([768])), ('text_encoder.bert.embeddings.LayerNorm.bias', torch.Size([768])), ('text_encoder.bert.encoder.layer.6.attention.output.LayerNorm.weight', torch.Size([768])), ('text_encoder.bert.encoder.layer.6.attention.output.LayerNorm.bias', torch.Size([768])), ('text_encoder.bert.encoder.layer.6.crossattention.output.LayerNorm.weight', torch.Size([768])), ('text_encoder.bert.encoder.layer.6.crossattention.output.LayerNorm.bias', torch.Size([768])), ('text_encoder.bert.encoder.layer.6.output.LayerNorm.weight', torch.Size([768])), ('text_encoder.bert.encoder.layer.6.output.LayerNorm.bias', torch.Size([768])), ('text_encoder.bert.encoder.layer.7.attention.output.LayerNorm.weight', torch.Size([768])), ('text_encoder.bert.encoder.layer.7.attention.output.LayerNorm.bias', torch.Size([768])), ('text_encoder.bert.encoder.layer.7.crossattention.output.LayerNorm.weight', torch.Size([768])), ('text_encoder.bert.encoder.layer.7.crossattention.output.LayerNorm.bias', torch.Size([768])), ('text_encoder.bert.encoder.layer.7.output.LayerNorm.weight', torch.Size([768])), ('text_encoder.bert.encoder.layer.7.output.LayerNorm.bias', torch.Size([768])), ('text_encoder.bert.encoder.layer.8.attention.output.LayerNorm.weight', torch.Size([768])), ('text_encoder.bert.encoder.layer.8.attention.output.LayerNorm.bias', torch.Size([768])), ('text_encoder.bert.encoder.layer.8.crossattention.output.LayerNorm.weight', torch.Size([768])), ('text_encoder.bert.encoder.layer.8.crossattention.output.LayerNorm.bias', torch.Size([768])), ('text_encoder.bert.encoder.layer.8.output.LayerNorm.weight', torch.Size([768])), ('text_encoder.bert.encoder.layer.8.output.LayerNorm.bias', torch.Size([768])), ('text_encoder.bert.encoder.layer.9.attention.output.LayerNorm.weight', torch.Size([768])), ('text_encoder.bert.encoder.layer.9.attention.output.LayerNorm.bias', torch.Size([768])), ('text_encoder.bert.encoder.layer.9.crossattention.output.LayerNorm.weight', torch.Size([768])), ('text_encoder.bert.encoder.layer.9.crossattention.output.LayerNorm.bias', torch.Size([768])), ('text_encoder.bert.encoder.layer.9.output.LayerNorm.weight', torch.Size([768])), ('text_encoder.bert.encoder.layer.9.output.LayerNorm.bias', torch.Size([768])), ('text_encoder.bert.encoder.layer.10.attention.output.LayerNorm.weight', torch.Size([768])), ('text_encoder.bert.encoder.layer.10.attention.output.LayerNorm.bias', torch.Size([768])), ('text_encoder.bert.encoder.layer.10.crossattention.output.LayerNorm.weight', torch.Size([768])), ('text_encoder.bert.encoder.layer.10.crossattention.output.LayerNorm.bias', torch.Size([768])), ('text_encoder.bert.encoder.layer.10.output.LayerNorm.weight', torch.Size([768])), ('text_encoder.bert.encoder.layer.10.output.LayerNorm.bias', torch.Size([768])), ('text_encoder.bert.encoder.layer.11.attention.output.LayerNorm.weight', torch.Size([768])), ('text_encoder.bert.encoder.layer.11.attention.output.LayerNorm.bias', torch.Size([768])), ('text_encoder.bert.encoder.layer.11.crossattention.output.LayerNorm.weight', torch.Size([768])), ('text_encoder.bert.encoder.layer.11.crossattention.output.LayerNorm.bias', torch.Size([768])), ('text_encoder.bert.encoder.layer.11.output.LayerNorm.weight', torch.Size([768])), ('text_encoder.bert.encoder.layer.11.output.LayerNorm.bias', torch.Size([768])), ('text_encoder.cls.predictions.transform.LayerNorm.weight', torch.Size([768])), ('text_encoder.cls.predictions.transform.LayerNorm.bias', torch.Size([768])), ('itm_head.1.weight', torch.Size([1536])), ('itm_head.1.bias', torch.Size([1536]))]
     TTA Dropout Modules Number: 
 122
     TTA Require Gradient Params Sum: 
 33792
     lr:  0.001    lr_mult:  2
     model has 'init_params',  363
     num_tta_steps:  3300
     num_warmup_steps:  100
     sched: step
### Start ITM Test Time Adaptation
      TTA Epoch: [0] [  0/109]  eta: 0:01:09  lr: 0.000010  entropy: 0.8146  loss: 2.9680  time: 0.6421  data: 0.5027  max mem: 5880
      TTA Epoch: [0] [100/109]  eta: 0:00:00  lr: 0.001000  entropy: 0.2257  loss: 2.7497  time: 0.0513  data: 0.0001  max mem: 5880
      TTA Epoch: [0] [108/109]  eta: 0:00:00  lr: 0.000997  entropy: 0.1769  loss: 2.7324  time: 0.0467  data: 0.0001  max mem: 5880
      TTA Epoch: [0] Total time: 0:00:05 (0.0542 s / it)
     Averaged stats: lr: 0.0005  entropy: 0.5248  loss: 2.8601
     itm tta time 0:00:06
     Computing matching score
      ITM Evaluation: [   0/6156]  eta: 0:03:57    time: 0.0386  data: 0.0065  max mem: 5880
      ITM Evaluation: [ 100/6156]  eta: 0:03:28    time: 0.0333  data: 0.0000  max mem: 5880
      ITM Evaluation: [ 200/6156]  eta: 0:03:23    time: 0.0342  data: 0.0000  max mem: 5880
      ITM Evaluation: [ 300/6156]  eta: 0:03:18    time: 0.0333  data: 0.0000  max mem: 5880
      ITM Evaluation: [ 400/6156]  eta: 0:03:14    time: 0.0329  data: 0.0000  max mem: 5880
      ITM Evaluation: [ 500/6156]  eta: 0:03:10    time: 0.0339  data: 0.0000  max mem: 5880
      ITM Evaluation: [ 600/6156]  eta: 0:03:06    time: 0.0327  data: 0.0000  max mem: 5880
      ITM Evaluation: [ 700/6156]  eta: 0:03:03    time: 0.0353  data: 0.0000  max mem: 5880
      ITM Evaluation: [ 800/6156]  eta: 0:03:02    time: 0.0364  data: 0.0000  max mem: 5880
      ITM Evaluation: [ 900/6156]  eta: 0:02:59    time: 0.0336  data: 0.0000  max mem: 5880
      ITM Evaluation: [1000/6156]  eta: 0:02:55    time: 0.0334  data: 0.0000  max mem: 5880
      ITM Evaluation: [1100/6156]  eta: 0:02:52    time: 0.0345  data: 0.0000  max mem: 5880
      ITM Evaluation: [1200/6156]  eta: 0:02:49    time: 0.0336  data: 0.0000  max mem: 5880
      ITM Evaluation: [1300/6156]  eta: 0:02:45    time: 0.0339  data: 0.0000  max mem: 5880
      ITM Evaluation: [1400/6156]  eta: 0:02:42    time: 0.0341  data: 0.0000  max mem: 5880
      ITM Evaluation: [1500/6156]  eta: 0:02:38    time: 0.0342  data: 0.0000  max mem: 5880
      ITM Evaluation: [1600/6156]  eta: 0:02:35    time: 0.0338  data: 0.0000  max mem: 5880
      ITM Evaluation: [1700/6156]  eta: 0:02:31    time: 0.0341  data: 0.0000  max mem: 5880
      ITM Evaluation: [1800/6156]  eta: 0:02:28    time: 0.0341  data: 0.0000  max mem: 5880
      ITM Evaluation: [1900/6156]  eta: 0:02:25    time: 0.0372  data: 0.0000  max mem: 5880
      ITM Evaluation: [2000/6156]  eta: 0:02:22    time: 0.0363  data: 0.0000  max mem: 5880
      ITM Evaluation: [2100/6156]  eta: 0:02:19    time: 0.0341  data: 0.0000  max mem: 5880
      ITM Evaluation: [2200/6156]  eta: 0:02:16    time: 0.0337  data: 0.0000  max mem: 5880
      ITM Evaluation: [2300/6156]  eta: 0:02:12    time: 0.0330  data: 0.0000  max mem: 5880
      ITM Evaluation: [2400/6156]  eta: 0:02:09    time: 0.0339  data: 0.0000  max mem: 5880
      ITM Evaluation: [2500/6156]  eta: 0:02:05    time: 0.0346  data: 0.0000  max mem: 5880
      ITM Evaluation: [2600/6156]  eta: 0:02:02    time: 0.0340  data: 0.0000  max mem: 5880
      ITM Evaluation: [2700/6156]  eta: 0:01:58    time: 0.0337  data: 0.0000  max mem: 5880
      ITM Evaluation: [2800/6156]  eta: 0:01:55    time: 0.0336  data: 0.0000  max mem: 5880
      ITM Evaluation: [2900/6156]  eta: 0:01:51    time: 0.0338  data: 0.0000  max mem: 5880
      ITM Evaluation: [3000/6156]  eta: 0:01:48    time: 0.0366  data: 0.0000  max mem: 5880
      ITM Evaluation: [3100/6156]  eta: 0:01:45    time: 0.0390  data: 0.0000  max mem: 5880
      ITM Evaluation: [3200/6156]  eta: 0:01:42    time: 0.0369  data: 0.0000  max mem: 5880
      ITM Evaluation: [3300/6156]  eta: 0:01:39    time: 0.0363  data: 0.0000  max mem: 5880
      ITM Evaluation: [3400/6156]  eta: 0:01:35    time: 0.0382  data: 0.0000  max mem: 5880
      ITM Evaluation: [3500/6156]  eta: 0:01:32    time: 0.0371  data: 0.0000  max mem: 5880
      ITM Evaluation: [3600/6156]  eta: 0:01:28    time: 0.0376  data: 0.0000  max mem: 5880
      ITM Evaluation: [3700/6156]  eta: 0:01:25    time: 0.0360  data: 0.0000  max mem: 5880
      ITM Evaluation: [3800/6156]  eta: 0:01:22    time: 0.0367  data: 0.0000  max mem: 5880
      ITM Evaluation: [3900/6156]  eta: 0:01:18    time: 0.0363  data: 0.0000  max mem: 5880
      ITM Evaluation: [4000/6156]  eta: 0:01:15    time: 0.0339  data: 0.0000  max mem: 5880
      ITM Evaluation: [4100/6156]  eta: 0:01:11    time: 0.0338  data: 0.0000  max mem: 5880
      ITM Evaluation: [4200/6156]  eta: 0:01:08    time: 0.0361  data: 0.0000  max mem: 5880
      ITM Evaluation: [4300/6156]  eta: 0:01:04    time: 0.0355  data: 0.0000  max mem: 5880
      ITM Evaluation: [4400/6156]  eta: 0:01:01    time: 0.0331  data: 0.0000  max mem: 5880
      ITM Evaluation: [4500/6156]  eta: 0:00:57    time: 0.0337  data: 0.0000  max mem: 5880
      ITM Evaluation: [4600/6156]  eta: 0:00:54    time: 0.0335  data: 0.0000  max mem: 5880
      ITM Evaluation: [4700/6156]  eta: 0:00:50    time: 0.0334  data: 0.0000  max mem: 5880
      ITM Evaluation: [4800/6156]  eta: 0:00:47    time: 0.0335  data: 0.0000  max mem: 5880
      ITM Evaluation: [4900/6156]  eta: 0:00:43    time: 0.0331  data: 0.0000  max mem: 5880
      ITM Evaluation: [5000/6156]  eta: 0:00:40    time: 0.0330  data: 0.0000  max mem: 5880
      ITM Evaluation: [5100/6156]  eta: 0:00:36    time: 0.0351  data: 0.0000  max mem: 5880
      ITM Evaluation: [5200/6156]  eta: 0:00:33    time: 0.0332  data: 0.0000  max mem: 5880
      ITM Evaluation: [5300/6156]  eta: 0:00:29    time: 0.0332  data: 0.0000  max mem: 5880
      ITM Evaluation: [5400/6156]  eta: 0:00:26    time: 0.0352  data: 0.0000  max mem: 5880
      ITM Evaluation: [5500/6156]  eta: 0:00:22    time: 0.0334  data: 0.0000  max mem: 5880
      ITM Evaluation: [5600/6156]  eta: 0:00:19    time: 0.0333  data: 0.0000  max mem: 5880
      ITM Evaluation: [5700/6156]  eta: 0:00:15    time: 0.0435  data: 0.0000  max mem: 5880
      ITM Evaluation: [5800/6156]  eta: 0:00:12    time: 0.0348  data: 0.0000  max mem: 5880
      ITM Evaluation: [5900/6156]  eta: 0:00:08    time: 0.0335  data: 0.0000  max mem: 5880
      ITM Evaluation: [6000/6156]  eta: 0:00:05    time: 0.0338  data: 0.0000  max mem: 5880
      ITM Evaluation: [6100/6156]  eta: 0:00:01    time: 0.0340  data: 0.0000  max mem: 5880
      ITM Evaluation: [6155/6156]  eta: 0:00:00    time: 0.0342  data: 0.0000  max mem: 5880
      ITM Evaluation: Total time: 0:03:33 (0.0347 s / it)
     total_time 213.83862781524658
     Computing matching score time 0:03:33
### TTA ITM Score: 
+-------+--------+--------+--------+--------+--------+
| epoch |   R1   |   R5   |  R10   |  mAP   |  mINP  |
+-------+--------+--------+--------+--------+--------+
|  -999 | 70.760 | 87.378 | 92.268 | 63.849 | 48.174 |
|  -999 | 76.170 | 89.457 | 93.600 | 65.570 | 47.372 |
|   0   | 73.847 | 88.207 | 92.398 | 64.621 | 47.512 |
+-------+--------+--------+--------+--------+--------+
     logs:  {'epo': 0, 'R1': 73.847, 'R5': 88.207, 'R10': 92.398, 'mAP': 64.621, 'mINP': 47.512, 'lr': 0.000546, 'entropy': 0.524846, 'loss': 2.860119}
      TTA Epoch: [1] [  0/109]  eta: 0:01:03  lr: 0.000997  entropy: 0.3016  loss: 2.7755  time: 0.5834  data: 0.4725  max mem: 5880
      TTA Epoch: [1] [100/109]  eta: 0:00:00  lr: 0.000966  entropy: 0.1428  loss: 2.7172  time: 0.0469  data: 0.0001  max mem: 5880
      TTA Epoch: [1] [108/109]  eta: 0:00:00  lr: 0.000963  entropy: 0.0869  loss: 2.6910  time: 0.0474  data: 0.0001  max mem: 5880
      TTA Epoch: [1] Total time: 0:00:05 (0.0519 s / it)
     Averaged stats: lr: 0.0010  entropy: 0.2642  loss: 2.7623
     itm tta time 0:00:05
     Computing matching score
      ITM Evaluation: [   0/6156]  eta: 0:04:16    time: 0.0417  data: 0.0070  max mem: 5880
      ITM Evaluation: [ 100/6156]  eta: 0:03:28    time: 0.0356  data: 0.0000  max mem: 5880
      ITM Evaluation: [ 200/6156]  eta: 0:03:28    time: 0.0347  data: 0.0000  max mem: 5880
      ITM Evaluation: [ 300/6156]  eta: 0:03:25    time: 0.0340  data: 0.0000  max mem: 5880
      ITM Evaluation: [ 400/6156]  eta: 0:03:19    time: 0.0341  data: 0.0000  max mem: 5880
      ITM Evaluation: [ 500/6156]  eta: 0:03:15    time: 0.0331  data: 0.0000  max mem: 5880
      ITM Evaluation: [ 600/6156]  eta: 0:03:12    time: 0.0338  data: 0.0000  max mem: 5880
      ITM Evaluation: [ 700/6156]  eta: 0:03:08    time: 0.0340  data: 0.0000  max mem: 5880
      ITM Evaluation: [ 800/6156]  eta: 0:03:04    time: 0.0351  data: 0.0000  max mem: 5880
      ITM Evaluation: [ 900/6156]  eta: 0:03:01    time: 0.0357  data: 0.0000  max mem: 5880
      ITM Evaluation: [1000/6156]  eta: 0:02:58    time: 0.0360  data: 0.0000  max mem: 5880
      ITM Evaluation: [1100/6156]  eta: 0:02:55    time: 0.0348  data: 0.0000  max mem: 5880
      ITM Evaluation: [1200/6156]  eta: 0:02:52    time: 0.0363  data: 0.0000  max mem: 5880
      ITM Evaluation: [1300/6156]  eta: 0:02:49    time: 0.0374  data: 0.0000  max mem: 5880
      ITM Evaluation: [1400/6156]  eta: 0:02:47    time: 0.0368  data: 0.0000  max mem: 5880
      ITM Evaluation: [1500/6156]  eta: 0:02:43    time: 0.0344  data: 0.0000  max mem: 5880
      ITM Evaluation: [1600/6156]  eta: 0:02:39    time: 0.0323  data: 0.0000  max mem: 5880
      ITM Evaluation: [1700/6156]  eta: 0:02:35    time: 0.0324  data: 0.0000  max mem: 5880
      ITM Evaluation: [1800/6156]  eta: 0:02:31    time: 0.0330  data: 0.0000  max mem: 5880
      ITM Evaluation: [1900/6156]  eta: 0:02:27    time: 0.0343  data: 0.0000  max mem: 5880
      ITM Evaluation: [2000/6156]  eta: 0:02:24    time: 0.0337  data: 0.0000  max mem: 5880
      ITM Evaluation: [2100/6156]  eta: 0:02:20    time: 0.0327  data: 0.0000  max mem: 5880
      ITM Evaluation: [2200/6156]  eta: 0:02:16    time: 0.0369  data: 0.0000  max mem: 5880
      ITM Evaluation: [2300/6156]  eta: 0:02:13    time: 0.0347  data: 0.0000  max mem: 5880
      ITM Evaluation: [2400/6156]  eta: 0:02:09    time: 0.0344  data: 0.0000  max mem: 5880
      ITM Evaluation: [2500/6156]  eta: 0:02:06    time: 0.0359  data: 0.0000  max mem: 5880
      ITM Evaluation: [2600/6156]  eta: 0:02:02    time: 0.0357  data: 0.0000  max mem: 5880
      ITM Evaluation: [2700/6156]  eta: 0:01:59    time: 0.0332  data: 0.0000  max mem: 5880
      ITM Evaluation: [2800/6156]  eta: 0:01:55    time: 0.0323  data: 0.0000  max mem: 5880
      ITM Evaluation: [2900/6156]  eta: 0:01:52    time: 0.0329  data: 0.0000  max mem: 5880
      ITM Evaluation: [3000/6156]  eta: 0:01:48    time: 0.0327  data: 0.0000  max mem: 5880
      ITM Evaluation: [3100/6156]  eta: 0:01:45    time: 0.0329  data: 0.0000  max mem: 5880
      ITM Evaluation: [3200/6156]  eta: 0:01:41    time: 0.0329  data: 0.0000  max mem: 5880
      ITM Evaluation: [3300/6156]  eta: 0:01:38    time: 0.0351  data: 0.0000  max mem: 5880
      ITM Evaluation: [3400/6156]  eta: 0:01:34    time: 0.0340  data: 0.0000  max mem: 5880
      ITM Evaluation: [3500/6156]  eta: 0:01:31    time: 0.0336  data: 0.0000  max mem: 5880
      ITM Evaluation: [3600/6156]  eta: 0:01:27    time: 0.0334  data: 0.0000  max mem: 5880
      ITM Evaluation: [3700/6156]  eta: 0:01:24    time: 0.0347  data: 0.0000  max mem: 5880
      ITM Evaluation: [3800/6156]  eta: 0:01:20    time: 0.0350  data: 0.0000  max mem: 5880
      ITM Evaluation: [3900/6156]  eta: 0:01:17    time: 0.0325  data: 0.0000  max mem: 5880
      ITM Evaluation: [4000/6156]  eta: 0:01:14    time: 0.0334  data: 0.0000  max mem: 5880
      ITM Evaluation: [4100/6156]  eta: 0:01:10    time: 0.0328  data: 0.0000  max mem: 5880
      ITM Evaluation: [4200/6156]  eta: 0:01:07    time: 0.0340  data: 0.0000  max mem: 5880
      ITM Evaluation: [4300/6156]  eta: 0:01:03    time: 0.0339  data: 0.0000  max mem: 5880
      ITM Evaluation: [4400/6156]  eta: 0:01:00    time: 0.0334  data: 0.0000  max mem: 5880
      ITM Evaluation: [4500/6156]  eta: 0:00:56    time: 0.0329  data: 0.0000  max mem: 5880
      ITM Evaluation: [4600/6156]  eta: 0:00:53    time: 0.0330  data: 0.0000  max mem: 5880
      ITM Evaluation: [4700/6156]  eta: 0:00:49    time: 0.0325  data: 0.0000  max mem: 5880
      ITM Evaluation: [4800/6156]  eta: 0:00:46    time: 0.0324  data: 0.0000  max mem: 5880
      ITM Evaluation: [4900/6156]  eta: 0:00:42    time: 0.0358  data: 0.0000  max mem: 5880
      ITM Evaluation: [5000/6156]  eta: 0:00:39    time: 0.0356  data: 0.0000  max mem: 5880
      ITM Evaluation: [5100/6156]  eta: 0:00:36    time: 0.0337  data: 0.0000  max mem: 5880
      ITM Evaluation: [5200/6156]  eta: 0:00:32    time: 0.0327  data: 0.0000  max mem: 5880
      ITM Evaluation: [5300/6156]  eta: 0:00:29    time: 0.0323  data: 0.0000  max mem: 5880
      ITM Evaluation: [5400/6156]  eta: 0:00:25    time: 0.0325  data: 0.0000  max mem: 5880
      ITM Evaluation: [5500/6156]  eta: 0:00:22    time: 0.0333  data: 0.0000  max mem: 5880
      ITM Evaluation: [5600/6156]  eta: 0:00:18    time: 0.0327  data: 0.0000  max mem: 5880
      ITM Evaluation: [5700/6156]  eta: 0:00:15    time: 0.0334  data: 0.0000  max mem: 5880
      ITM Evaluation: [5800/6156]  eta: 0:00:12    time: 0.0327  data: 0.0000  max mem: 5880
      ITM Evaluation: [5900/6156]  eta: 0:00:08    time: 0.0329  data: 0.0000  max mem: 5880
      ITM Evaluation: [6000/6156]  eta: 0:00:05    time: 0.0329  data: 0.0000  max mem: 5880
      ITM Evaluation: [6100/6156]  eta: 0:00:01    time: 0.0348  data: 0.0000  max mem: 5880
      ITM Evaluation: [6155/6156]  eta: 0:00:00    time: 0.0351  data: 0.0000  max mem: 5880
      ITM Evaluation: Total time: 0:03:29 (0.0340 s / it)
     total_time 209.662424325943
     Computing matching score time 0:03:29
### TTA ITM Score: 
+-------+--------+--------+--------+--------+--------+
| epoch |   R1   |   R5   |  R10   |  mAP   |  mINP  |
+-------+--------+--------+--------+--------+--------+
|  -999 | 70.760 | 87.378 | 92.268 | 63.849 | 48.174 |
|  -999 | 76.170 | 89.457 | 93.600 | 65.570 | 47.372 |
|   0   | 73.847 | 88.207 | 92.398 | 64.621 | 47.512 |
|   1   | 74.025 | 88.272 | 92.625 | 64.465 | 47.017 |
+-------+--------+--------+--------+--------+--------+
     logs:  {'epo': 1, 'R1': 74.025, 'R5': 88.272, 'R10': 92.625, 'mAP': 64.465, 'mINP': 47.017, 'lr': 0.00098, 'entropy': 0.264165, 'loss': 2.762316}
      TTA Epoch: [2] [  0/109]  eta: 0:01:01  lr: 0.000963  entropy: 0.1413  loss: 2.7195  time: 0.5656  data: 0.4760  max mem: 5880
      TTA Epoch: [2] [100/109]  eta: 0:00:00  lr: 0.000932  entropy: 0.1687  loss: 2.7245  time: 0.0477  data: 0.0001  max mem: 5880
      TTA Epoch: [2] [108/109]  eta: 0:00:00  lr: 0.000929  entropy: 0.1086  loss: 2.7051  time: 0.0453  data: 0.0001  max mem: 5880
      TTA Epoch: [2] Total time: 0:00:05 (0.0503 s / it)
     Averaged stats: lr: 0.0009  entropy: 0.2108  loss: 2.7422
     itm tta time 0:00:05
     Computing matching score
      ITM Evaluation: [   0/6156]  eta: 0:03:53    time: 0.0379  data: 0.0061  max mem: 5880
      ITM Evaluation: [ 100/6156]  eta: 0:03:17    time: 0.0322  data: 0.0000  max mem: 5880
      ITM Evaluation: [ 200/6156]  eta: 0:03:18    time: 0.0338  data: 0.0000  max mem: 5880
      ITM Evaluation: [ 300/6156]  eta: 0:03:14    time: 0.0329  data: 0.0000  max mem: 5880
      ITM Evaluation: [ 400/6156]  eta: 0:03:09    time: 0.0337  data: 0.0000  max mem: 5880
      ITM Evaluation: [ 500/6156]  eta: 0:03:06    time: 0.0328  data: 0.0000  max mem: 5880
      ITM Evaluation: [ 600/6156]  eta: 0:03:03    time: 0.0331  data: 0.0000  max mem: 5880
      ITM Evaluation: [ 700/6156]  eta: 0:02:59    time: 0.0323  data: 0.0000  max mem: 5880
      ITM Evaluation: [ 800/6156]  eta: 0:02:56    time: 0.0331  data: 0.0000  max mem: 5880
      ITM Evaluation: [ 900/6156]  eta: 0:02:54    time: 0.0355  data: 0.0000  max mem: 5880
      ITM Evaluation: [1000/6156]  eta: 0:02:52    time: 0.0353  data: 0.0000  max mem: 5880
      ITM Evaluation: [1100/6156]  eta: 0:02:49    time: 0.0337  data: 0.0000  max mem: 5880
      ITM Evaluation: [1200/6156]  eta: 0:02:45    time: 0.0343  data: 0.0000  max mem: 5880
      ITM Evaluation: [1300/6156]  eta: 0:02:42    time: 0.0340  data: 0.0000  max mem: 5880
      ITM Evaluation: [1400/6156]  eta: 0:02:39    time: 0.0331  data: 0.0000  max mem: 5880
      ITM Evaluation: [1500/6156]  eta: 0:02:36    time: 0.0343  data: 0.0000  max mem: 5880
      ITM Evaluation: [1600/6156]  eta: 0:02:33    time: 0.0350  data: 0.0000  max mem: 5880
      ITM Evaluation: [1700/6156]  eta: 0:02:30    time: 0.0350  data: 0.0000  max mem: 5880
      ITM Evaluation: [1800/6156]  eta: 0:02:27    time: 0.0357  data: 0.0000  max mem: 5880
      ITM Evaluation: [1900/6156]  eta: 0:02:24    time: 0.0343  data: 0.0000  max mem: 5880
      ITM Evaluation: [2000/6156]  eta: 0:02:21    time: 0.0375  data: 0.0000  max mem: 5880
      ITM Evaluation: [2100/6156]  eta: 0:02:18    time: 0.0390  data: 0.0000  max mem: 5880
      ITM Evaluation: [2200/6156]  eta: 0:02:15    time: 0.0378  data: 0.0000  max mem: 5880
      ITM Evaluation: [2300/6156]  eta: 0:02:12    time: 0.0346  data: 0.0000  max mem: 5880
      ITM Evaluation: [2400/6156]  eta: 0:02:09    time: 0.0358  data: 0.0000  max mem: 5880
      ITM Evaluation: [2500/6156]  eta: 0:02:06    time: 0.0340  data: 0.0000  max mem: 5880
      ITM Evaluation: [2600/6156]  eta: 0:02:02    time: 0.0346  data: 0.0000  max mem: 5880
      ITM Evaluation: [2700/6156]  eta: 0:01:59    time: 0.0351  data: 0.0000  max mem: 5880
      ITM Evaluation: [2800/6156]  eta: 0:01:55    time: 0.0343  data: 0.0000  max mem: 5880
      ITM Evaluation: [2900/6156]  eta: 0:01:52    time: 0.0348  data: 0.0000  max mem: 5880
      ITM Evaluation: [3000/6156]  eta: 0:01:48    time: 0.0346  data: 0.0000  max mem: 5880
      ITM Evaluation: [3100/6156]  eta: 0:01:45    time: 0.0348  data: 0.0000  max mem: 5880
      ITM Evaluation: [3200/6156]  eta: 0:01:42    time: 0.0357  data: 0.0000  max mem: 5880
      ITM Evaluation: [3300/6156]  eta: 0:01:38    time: 0.0366  data: 0.0000  max mem: 5880
      ITM Evaluation: [3400/6156]  eta: 0:01:35    time: 0.0367  data: 0.0000  max mem: 5880
      ITM Evaluation: [3500/6156]  eta: 0:01:32    time: 0.0349  data: 0.0000  max mem: 5880
      ITM Evaluation: [3600/6156]  eta: 0:01:28    time: 0.0337  data: 0.0000  max mem: 5880
      ITM Evaluation: [3700/6156]  eta: 0:01:25    time: 0.0343  data: 0.0000  max mem: 5880
      ITM Evaluation: [3800/6156]  eta: 0:01:21    time: 0.0346  data: 0.0000  max mem: 5880
      ITM Evaluation: [3900/6156]  eta: 0:01:18    time: 0.0352  data: 0.0000  max mem: 5880
      ITM Evaluation: [4000/6156]  eta: 0:01:14    time: 0.0360  data: 0.0000  max mem: 5880
      ITM Evaluation: [4100/6156]  eta: 0:01:11    time: 0.0342  data: 0.0000  max mem: 5880
      ITM Evaluation: [4200/6156]  eta: 0:01:07    time: 0.0335  data: 0.0000  max mem: 5880
      ITM Evaluation: [4300/6156]  eta: 0:01:04    time: 0.0348  data: 0.0000  max mem: 5880
      ITM Evaluation: [4400/6156]  eta: 0:01:00    time: 0.0354  data: 0.0000  max mem: 5880
      ITM Evaluation: [4500/6156]  eta: 0:00:57    time: 0.0410  data: 0.0000  max mem: 5880
      ITM Evaluation: [4600/6156]  eta: 0:00:54    time: 0.0355  data: 0.0000  max mem: 5880
      ITM Evaluation: [4700/6156]  eta: 0:00:50    time: 0.0357  data: 0.0000  max mem: 5880
      ITM Evaluation: [4800/6156]  eta: 0:00:47    time: 0.0349  data: 0.0000  max mem: 5880
      ITM Evaluation: [4900/6156]  eta: 0:00:43    time: 0.0353  data: 0.0000  max mem: 5880
      ITM Evaluation: [5000/6156]  eta: 0:00:40    time: 0.0352  data: 0.0000  max mem: 5880
      ITM Evaluation: [5100/6156]  eta: 0:00:36    time: 0.0349  data: 0.0000  max mem: 5880
      ITM Evaluation: [5200/6156]  eta: 0:00:33    time: 0.0349  data: 0.0000  max mem: 5880
      ITM Evaluation: [5300/6156]  eta: 0:00:29    time: 0.0359  data: 0.0000  max mem: 5880
      ITM Evaluation: [5400/6156]  eta: 0:00:26    time: 0.0363  data: 0.0000  max mem: 5880
      ITM Evaluation: [5500/6156]  eta: 0:00:22    time: 0.0377  data: 0.0000  max mem: 5880
      ITM Evaluation: [5600/6156]  eta: 0:00:19    time: 0.0401  data: 0.0000  max mem: 5880
      ITM Evaluation: [5700/6156]  eta: 0:00:16    time: 0.0355  data: 0.0000  max mem: 5880
      ITM Evaluation: [5800/6156]  eta: 0:00:12    time: 0.0353  data: 0.0000  max mem: 5880
      ITM Evaluation: [5900/6156]  eta: 0:00:08    time: 0.0355  data: 0.0000  max mem: 5880
      ITM Evaluation: [6000/6156]  eta: 0:00:05    time: 0.0362  data: 0.0000  max mem: 5880
      ITM Evaluation: [6100/6156]  eta: 0:00:01    time: 0.0352  data: 0.0000  max mem: 5880
      ITM Evaluation: [6155/6156]  eta: 0:00:00    time: 0.0379  data: 0.0000  max mem: 5880
      ITM Evaluation: Total time: 0:03:36 (0.0352 s / it)
     total_time 216.67098999023438
     Computing matching score time 0:03:36
### TTA ITM Score: 
+-------+--------+--------+--------+--------+--------+
| epoch |   R1   |   R5   |  R10   |  mAP   |  mINP  |
+-------+--------+--------+--------+--------+--------+
|  -999 | 70.760 | 87.378 | 92.268 | 63.849 | 48.174 |
|  -999 | 76.170 | 89.457 | 93.600 | 65.570 | 47.372 |
|   0   | 73.847 | 88.207 | 92.398 | 64.621 | 47.512 |
|   1   | 74.025 | 88.272 | 92.625 | 64.465 | 47.017 |
|   2   | 72.823 | 86.501 | 90.335 | 60.420 | 40.080 |
+-------+--------+--------+--------+--------+--------+
     logs:  {'epo': 2, 'R1': 72.823, 'R5': 86.501, 'R10': 90.335, 'mAP': 60.42, 'mINP': 40.08, 'lr': 0.000946, 'entropy': 0.210784, 'loss': 2.742236}
      TTA Epoch: [3] [  0/109]  eta: 0:01:24  lr: 0.000929  entropy: 0.1210  loss: 2.7093  time: 0.7774  data: 0.4853  max mem: 5880
      TTA Epoch: [3] [100/109]  eta: 0:00:00  lr: 0.000449  entropy: 0.3137  loss: 2.7754  time: 0.0502  data: 0.0001  max mem: 5880
      TTA Epoch: [3] [108/109]  eta: 0:00:00  lr: 0.000448  entropy: 0.2068  loss: 2.7447  time: 0.0459  data: 0.0001  max mem: 5880
      TTA Epoch: [3] Total time: 0:00:06 (0.0575 s / it)
     Averaged stats: lr: 0.0008  entropy: 0.1840  loss: 2.7322
     itm tta time 0:00:06
     Computing matching score
      ITM Evaluation: [   0/6156]  eta: 0:04:57    time: 0.0484  data: 0.0059  max mem: 5880
      ITM Evaluation: [ 100/6156]  eta: 0:03:39    time: 0.0359  data: 0.0000  max mem: 5880
      ITM Evaluation: [ 200/6156]  eta: 0:03:42    time: 0.0408  data: 0.0000  max mem: 5880
      ITM Evaluation: [ 300/6156]  eta: 0:03:36    time: 0.0351  data: 0.0000  max mem: 5880
      ITM Evaluation: [ 400/6156]  eta: 0:03:30    time: 0.0345  data: 0.0000  max mem: 5880
      ITM Evaluation: [ 500/6156]  eta: 0:03:24    time: 0.0350  data: 0.0000  max mem: 5880
      ITM Evaluation: [ 600/6156]  eta: 0:03:20    time: 0.0349  data: 0.0000  max mem: 5880
      ITM Evaluation: [ 700/6156]  eta: 0:03:16    time: 0.0349  data: 0.0000  max mem: 5880
      ITM Evaluation: [ 800/6156]  eta: 0:03:12    time: 0.0351  data: 0.0000  max mem: 5880
      ITM Evaluation: [ 900/6156]  eta: 0:03:08    time: 0.0351  data: 0.0000  max mem: 5880
      ITM Evaluation: [1000/6156]  eta: 0:03:05    time: 0.0371  data: 0.0000  max mem: 5880
      ITM Evaluation: [1100/6156]  eta: 0:03:02    time: 0.0359  data: 0.0000  max mem: 5880
      ITM Evaluation: [1200/6156]  eta: 0:02:59    time: 0.0378  data: 0.0000  max mem: 5880
      ITM Evaluation: [1300/6156]  eta: 0:02:56    time: 0.0378  data: 0.0000  max mem: 5880
      ITM Evaluation: [1400/6156]  eta: 0:02:52    time: 0.0347  data: 0.0000  max mem: 5880
      ITM Evaluation: [1500/6156]  eta: 0:02:48    time: 0.0345  data: 0.0000  max mem: 5880
      ITM Evaluation: [1600/6156]  eta: 0:02:44    time: 0.0351  data: 0.0000  max mem: 5880
      ITM Evaluation: [1700/6156]  eta: 0:02:40    time: 0.0348  data: 0.0000  max mem: 5880
      ITM Evaluation: [1800/6156]  eta: 0:02:36    time: 0.0354  data: 0.0000  max mem: 5880
      ITM Evaluation: [1900/6156]  eta: 0:02:33    time: 0.0352  data: 0.0000  max mem: 5880
      ITM Evaluation: [2000/6156]  eta: 0:02:29    time: 0.0346  data: 0.0000  max mem: 5880
      ITM Evaluation: [2100/6156]  eta: 0:02:25    time: 0.0337  data: 0.0000  max mem: 5880
      ITM Evaluation: [2200/6156]  eta: 0:02:21    time: 0.0342  data: 0.0000  max mem: 5880
      ITM Evaluation: [2300/6156]  eta: 0:02:17    time: 0.0347  data: 0.0000  max mem: 5880
      ITM Evaluation: [2400/6156]  eta: 0:02:13    time: 0.0341  data: 0.0000  max mem: 5880
      ITM Evaluation: [2500/6156]  eta: 0:02:10    time: 0.0333  data: 0.0000  max mem: 5880
      ITM Evaluation: [2600/6156]  eta: 0:02:06    time: 0.0343  data: 0.0000  max mem: 5880
      ITM Evaluation: [2700/6156]  eta: 0:02:02    time: 0.0347  data: 0.0000  max mem: 5880
      ITM Evaluation: [2800/6156]  eta: 0:01:58    time: 0.0335  data: 0.0000  max mem: 5880
      ITM Evaluation: [2900/6156]  eta: 0:01:55    time: 0.0349  data: 0.0000  max mem: 5880
      ITM Evaluation: [3000/6156]  eta: 0:01:51    time: 0.0345  data: 0.0000  max mem: 5880
      ITM Evaluation: [3100/6156]  eta: 0:01:47    time: 0.0343  data: 0.0000  max mem: 5880
      ITM Evaluation: [3200/6156]  eta: 0:01:44    time: 0.0345  data: 0.0000  max mem: 5880
      ITM Evaluation: [3300/6156]  eta: 0:01:40    time: 0.0367  data: 0.0000  max mem: 5880
      ITM Evaluation: [3400/6156]  eta: 0:01:37    time: 0.0358  data: 0.0000  max mem: 5880
      ITM Evaluation: [3500/6156]  eta: 0:01:33    time: 0.0339  data: 0.0000  max mem: 5880
      ITM Evaluation: [3600/6156]  eta: 0:01:30    time: 0.0336  data: 0.0000  max mem: 5880
      ITM Evaluation: [3700/6156]  eta: 0:01:26    time: 0.0350  data: 0.0000  max mem: 5880
      ITM Evaluation: [3800/6156]  eta: 0:01:22    time: 0.0345  data: 0.0000  max mem: 5880
      ITM Evaluation: [3900/6156]  eta: 0:01:19    time: 0.0341  data: 0.0000  max mem: 5880
      ITM Evaluation: [4000/6156]  eta: 0:01:15    time: 0.0348  data: 0.0000  max mem: 5880
      ITM Evaluation: [4100/6156]  eta: 0:01:12    time: 0.0353  data: 0.0000  max mem: 5880
      ITM Evaluation: [4200/6156]  eta: 0:01:08    time: 0.0348  data: 0.0000  max mem: 5880
      ITM Evaluation: [4300/6156]  eta: 0:01:05    time: 0.0347  data: 0.0000  max mem: 5880
      ITM Evaluation: [4400/6156]  eta: 0:01:01    time: 0.0358  data: 0.0000  max mem: 5880
      ITM Evaluation: [4500/6156]  eta: 0:00:58    time: 0.0350  data: 0.0000  max mem: 5880
      ITM Evaluation: [4600/6156]  eta: 0:00:54    time: 0.0356  data: 0.0000  max mem: 5880
      ITM Evaluation: [4700/6156]  eta: 0:00:51    time: 0.0349  data: 0.0000  max mem: 5880
      ITM Evaluation: [4800/6156]  eta: 0:00:47    time: 0.0331  data: 0.0000  max mem: 5880
      ITM Evaluation: [4900/6156]  eta: 0:00:44    time: 0.0349  data: 0.0000  max mem: 5880
      ITM Evaluation: [5000/6156]  eta: 0:00:40    time: 0.0345  data: 0.0000  max mem: 5880
      ITM Evaluation: [5100/6156]  eta: 0:00:37    time: 0.0348  data: 0.0000  max mem: 5880
      ITM Evaluation: [5200/6156]  eta: 0:00:33    time: 0.0336  data: 0.0000  max mem: 5880
      ITM Evaluation: [5300/6156]  eta: 0:00:30    time: 0.0349  data: 0.0000  max mem: 5880
      ITM Evaluation: [5400/6156]  eta: 0:00:26    time: 0.0343  data: 0.0000  max mem: 5880
      ITM Evaluation: [5500/6156]  eta: 0:00:23    time: 0.0351  data: 0.0000  max mem: 5880
      ITM Evaluation: [5600/6156]  eta: 0:00:19    time: 0.0346  data: 0.0000  max mem: 5880
      ITM Evaluation: [5700/6156]  eta: 0:00:15    time: 0.0343  data: 0.0000  max mem: 5880
      ITM Evaluation: [5800/6156]  eta: 0:00:12    time: 0.0343  data: 0.0000  max mem: 5880
      ITM Evaluation: [5900/6156]  eta: 0:00:08    time: 0.0329  data: 0.0000  max mem: 5880
      ITM Evaluation: [6000/6156]  eta: 0:00:05    time: 0.0348  data: 0.0000  max mem: 5880
      ITM Evaluation: [6100/6156]  eta: 0:00:01    time: 0.0343  data: 0.0000  max mem: 5880
      ITM Evaluation: [6155/6156]  eta: 0:00:00    time: 0.0342  data: 0.0000  max mem: 5880
      ITM Evaluation: Total time: 0:03:35 (0.0350 s / it)
     total_time 215.68948936462402
     Computing matching score time 0:03:35
### TTA ITM Score: 
+-------+--------+--------+--------+--------+--------+
| epoch |   R1   |   R5   |  R10   |  mAP   |  mINP  |
+-------+--------+--------+--------+--------+--------+
|  -999 | 70.760 | 87.378 | 92.268 | 63.849 | 48.174 |
|  -999 | 76.170 | 89.457 | 93.600 | 65.570 | 47.372 |
|   0   | 73.847 | 88.207 | 92.398 | 64.621 | 47.512 |
|   1   | 74.025 | 88.272 | 92.625 | 64.465 | 47.017 |
|   2   | 72.823 | 86.501 | 90.335 | 60.420 | 40.080 |
|   3   | 73.977 | 88.223 | 92.316 | 64.280 | 46.785 |
+-------+--------+--------+--------+--------+--------+
     logs:  {'epo': 3, 'R1': 73.977, 'R5': 88.223, 'R10': 92.316, 'mAP': 64.28, 'mINP': 46.785, 'lr': 0.000759, 'entropy': 0.183973, 'loss': 2.73219}
      TTA Epoch: [4] [  0/109]  eta: 0:01:19  lr: 0.000447  entropy: 0.1578  loss: 2.7230  time: 0.7323  data: 0.6113  max mem: 5880
      TTA Epoch: [4] [100/109]  eta: 0:00:00  lr: 0.000432  entropy: 0.1009  loss: 2.7030  time: 0.0470  data: 0.0001  max mem: 5880
      TTA Epoch: [4] [108/109]  eta: 0:00:00  lr: 0.000430  entropy: 0.2007  loss: 2.7372  time: 0.0444  data: 0.0001  max mem: 5880
      TTA Epoch: [4] Total time: 0:00:05 (0.0523 s / it)
     Averaged stats: lr: 0.0004  entropy: 0.1781  loss: 2.7300
     itm tta time 0:00:05
     Computing matching score
      ITM Evaluation: [   0/6156]  eta: 0:05:24    time: 0.0526  data: 0.0070  max mem: 5880
      ITM Evaluation: [ 100/6156]  eta: 0:03:29    time: 0.0368  data: 0.0000  max mem: 5880
      ITM Evaluation: [ 200/6156]  eta: 0:03:29    time: 0.0366  data: 0.0000  max mem: 5880
      ITM Evaluation: [ 300/6156]  eta: 0:03:24    time: 0.0338  data: 0.0000  max mem: 5880
      ITM Evaluation: [ 400/6156]  eta: 0:03:20    time: 0.0339  data: 0.0000  max mem: 5880
      ITM Evaluation: [ 500/6156]  eta: 0:03:17    time: 0.0349  data: 0.0000  max mem: 5880
      ITM Evaluation: [ 600/6156]  eta: 0:03:12    time: 0.0337  data: 0.0000  max mem: 5880
      ITM Evaluation: [ 700/6156]  eta: 0:03:08    time: 0.0341  data: 0.0000  max mem: 5880
      ITM Evaluation: [ 800/6156]  eta: 0:03:05    time: 0.0342  data: 0.0000  max mem: 5880
      ITM Evaluation: [ 900/6156]  eta: 0:03:01    time: 0.0335  data: 0.0000  max mem: 5880
      ITM Evaluation: [1000/6156]  eta: 0:02:58    time: 0.0345  data: 0.0000  max mem: 5880
      ITM Evaluation: [1100/6156]  eta: 0:02:54    time: 0.0338  data: 0.0000  max mem: 5880
      ITM Evaluation: [1200/6156]  eta: 0:02:51    time: 0.0359  data: 0.0000  max mem: 5880
      ITM Evaluation: [1300/6156]  eta: 0:02:47    time: 0.0334  data: 0.0000  max mem: 5880
      ITM Evaluation: [1400/6156]  eta: 0:02:44    time: 0.0348  data: 0.0000  max mem: 5880
      ITM Evaluation: [1500/6156]  eta: 0:02:40    time: 0.0350  data: 0.0000  max mem: 5880
      ITM Evaluation: [1600/6156]  eta: 0:02:37    time: 0.0354  data: 0.0000  max mem: 5880
      ITM Evaluation: [1700/6156]  eta: 0:02:34    time: 0.0370  data: 0.0000  max mem: 5880
      ITM Evaluation: [1800/6156]  eta: 0:02:30    time: 0.0350  data: 0.0000  max mem: 5880
      ITM Evaluation: [1900/6156]  eta: 0:02:27    time: 0.0346  data: 0.0000  max mem: 5880
      ITM Evaluation: [2000/6156]  eta: 0:02:24    time: 0.0354  data: 0.0000  max mem: 5880
      ITM Evaluation: [2100/6156]  eta: 0:02:20    time: 0.0353  data: 0.0000  max mem: 5880
      ITM Evaluation: [2200/6156]  eta: 0:02:17    time: 0.0337  data: 0.0000  max mem: 5880
      ITM Evaluation: [2300/6156]  eta: 0:02:13    time: 0.0328  data: 0.0000  max mem: 5880
      ITM Evaluation: [2400/6156]  eta: 0:02:10    time: 0.0357  data: 0.0000  max mem: 5880
      ITM Evaluation: [2500/6156]  eta: 0:02:06    time: 0.0364  data: 0.0000  max mem: 5880
      ITM Evaluation: [2600/6156]  eta: 0:02:03    time: 0.0363  data: 0.0000  max mem: 5880
      ITM Evaluation: [2700/6156]  eta: 0:02:00    time: 0.0345  data: 0.0000  max mem: 5880
      ITM Evaluation: [2800/6156]  eta: 0:01:56    time: 0.0364  data: 0.0000  max mem: 5880
      ITM Evaluation: [2900/6156]  eta: 0:01:53    time: 0.0349  data: 0.0000  max mem: 5880
      ITM Evaluation: [3000/6156]  eta: 0:01:49    time: 0.0354  data: 0.0000  max mem: 5880
      ITM Evaluation: [3100/6156]  eta: 0:01:46    time: 0.0354  data: 0.0000  max mem: 5880
      ITM Evaluation: [3200/6156]  eta: 0:01:42    time: 0.0347  data: 0.0000  max mem: 5880
      ITM Evaluation: [3300/6156]  eta: 0:01:39    time: 0.0345  data: 0.0000  max mem: 5880
      ITM Evaluation: [3400/6156]  eta: 0:01:35    time: 0.0355  data: 0.0000  max mem: 5880
      ITM Evaluation: [3500/6156]  eta: 0:01:32    time: 0.0364  data: 0.0000  max mem: 5880
      ITM Evaluation: [3600/6156]  eta: 0:01:29    time: 0.0339  data: 0.0000  max mem: 5880
      ITM Evaluation: [3700/6156]  eta: 0:01:25    time: 0.0341  data: 0.0000  max mem: 5880
      ITM Evaluation: [3800/6156]  eta: 0:01:22    time: 0.0376  data: 0.0000  max mem: 5880
      ITM Evaluation: [3900/6156]  eta: 0:01:18    time: 0.0331  data: 0.0000  max mem: 5880
      ITM Evaluation: [4000/6156]  eta: 0:01:15    time: 0.0340  data: 0.0000  max mem: 5880
      ITM Evaluation: [4100/6156]  eta: 0:01:11    time: 0.0337  data: 0.0000  max mem: 5880
      ITM Evaluation: [4200/6156]  eta: 0:01:08    time: 0.0355  data: 0.0000  max mem: 5880
      ITM Evaluation: [4300/6156]  eta: 0:01:04    time: 0.0337  data: 0.0000  max mem: 5880
      ITM Evaluation: [4400/6156]  eta: 0:01:01    time: 0.0336  data: 0.0000  max mem: 5880
      ITM Evaluation: [4500/6156]  eta: 0:00:57    time: 0.0379  data: 0.0000  max mem: 5880
      ITM Evaluation: [4600/6156]  eta: 0:00:54    time: 0.0329  data: 0.0000  max mem: 5880
      ITM Evaluation: [4700/6156]  eta: 0:00:50    time: 0.0352  data: 0.0000  max mem: 5880
      ITM Evaluation: [4800/6156]  eta: 0:00:47    time: 0.0367  data: 0.0000  max mem: 5880
      ITM Evaluation: [4900/6156]  eta: 0:00:43    time: 0.0357  data: 0.0000  max mem: 5880
      ITM Evaluation: [5000/6156]  eta: 0:00:40    time: 0.0370  data: 0.0000  max mem: 5880
      ITM Evaluation: [5100/6156]  eta: 0:00:36    time: 0.0372  data: 0.0000  max mem: 5880
      ITM Evaluation: [5200/6156]  eta: 0:00:33    time: 0.0337  data: 0.0000  max mem: 5880
      ITM Evaluation: [5300/6156]  eta: 0:00:29    time: 0.0359  data: 0.0000  max mem: 5880
      ITM Evaluation: [5400/6156]  eta: 0:00:26    time: 0.0332  data: 0.0000  max mem: 5880
      ITM Evaluation: [5500/6156]  eta: 0:00:22    time: 0.0357  data: 0.0000  max mem: 5880
      ITM Evaluation: [5600/6156]  eta: 0:00:19    time: 0.0330  data: 0.0000  max mem: 5880
      ITM Evaluation: [5700/6156]  eta: 0:00:15    time: 0.0340  data: 0.0000  max mem: 5880
      ITM Evaluation: [5800/6156]  eta: 0:00:12    time: 0.0360  data: 0.0000  max mem: 5880
      ITM Evaluation: [5900/6156]  eta: 0:00:08    time: 0.0349  data: 0.0000  max mem: 5880
      ITM Evaluation: [6000/6156]  eta: 0:00:05    time: 0.0354  data: 0.0000  max mem: 5880
      ITM Evaluation: [6100/6156]  eta: 0:00:01    time: 0.0344  data: 0.0000  max mem: 5880
      ITM Evaluation: [6155/6156]  eta: 0:00:00    time: 0.0358  data: 0.0000  max mem: 5880
      ITM Evaluation: Total time: 0:03:34 (0.0348 s / it)
     total_time 214.4743664264679
     Computing matching score time 0:03:34
### TTA ITM Score: 
+-------+--------+--------+--------+--------+--------+
| epoch |   R1   |   R5   |  R10   |  mAP   |  mINP  |
+-------+--------+--------+--------+--------+--------+
|  -999 | 70.760 | 87.378 | 92.268 | 63.849 | 48.174 |
|  -999 | 76.170 | 89.457 | 93.600 | 65.570 | 47.372 |
|   0   | 73.847 | 88.207 | 92.398 | 64.621 | 47.512 |
|   1   | 74.025 | 88.272 | 92.625 | 64.465 | 47.017 |
|   2   | 72.823 | 86.501 | 90.335 | 60.420 | 40.080 |
|   3   | 73.977 | 88.223 | 92.316 | 64.280 | 46.785 |
|   4   | 73.944 | 88.288 | 92.430 | 64.280 | 46.710 |
+-------+--------+--------+--------+--------+--------+
     logs:  {'epo': 4, 'R1': 73.944, 'R5': 88.288, 'R10': 92.43, 'mAP': 64.28, 'mINP': 46.71, 'lr': 0.000439, 'entropy': 0.17811, 'loss': 2.729986}
      TTA Epoch: [5] [  0/109]  eta: 0:01:20  lr: 0.000430  entropy: 0.1483  loss: 2.7191  time: 0.7404  data: 0.6320  max mem: 5880
      TTA Epoch: [5] [100/109]  eta: 0:00:00  lr: 0.000415  entropy: 0.0340  loss: 2.6778  time: 0.0490  data: 0.0001  max mem: 5880
      TTA Epoch: [5] [108/109]  eta: 0:00:00  lr: 0.000413  entropy: 0.1077  loss: 2.7036  time: 0.0422  data: 0.0001  max mem: 5880
      TTA Epoch: [5] Total time: 0:00:06 (0.0585 s / it)
     Averaged stats: lr: 0.0004  entropy: 0.1516  loss: 2.7200
     itm tta time 0:00:06
     Computing matching score
      ITM Evaluation: [   0/6156]  eta: 0:04:07    time: 0.0402  data: 0.0067  max mem: 5880
      ITM Evaluation: [ 100/6156]  eta: 0:03:29    time: 0.0359  data: 0.0000  max mem: 5880
      ITM Evaluation: [ 200/6156]  eta: 0:03:27    time: 0.0348  data: 0.0000  max mem: 5880
      ITM Evaluation: [ 300/6156]  eta: 0:03:23    time: 0.0354  data: 0.0000  max mem: 5880
      ITM Evaluation: [ 400/6156]  eta: 0:03:19    time: 0.0334  data: 0.0000  max mem: 5880
      ITM Evaluation: [ 500/6156]  eta: 0:03:15    time: 0.0352  data: 0.0000  max mem: 5880
      ITM Evaluation: [ 600/6156]  eta: 0:03:12    time: 0.0361  data: 0.0000  max mem: 5880
      ITM Evaluation: [ 700/6156]  eta: 0:03:09    time: 0.0343  data: 0.0000  max mem: 5880
      ITM Evaluation: [ 800/6156]  eta: 0:03:05    time: 0.0347  data: 0.0000  max mem: 5880
      ITM Evaluation: [ 900/6156]  eta: 0:03:02    time: 0.0348  data: 0.0000  max mem: 5880
      ITM Evaluation: [1000/6156]  eta: 0:02:59    time: 0.0337  data: 0.0000  max mem: 5880
      ITM Evaluation: [1100/6156]  eta: 0:02:56    time: 0.0340  data: 0.0000  max mem: 5880
      ITM Evaluation: [1200/6156]  eta: 0:02:52    time: 0.0328  data: 0.0000  max mem: 5880
      ITM Evaluation: [1300/6156]  eta: 0:02:49    time: 0.0363  data: 0.0000  max mem: 5880
      ITM Evaluation: [1400/6156]  eta: 0:02:45    time: 0.0363  data: 0.0000  max mem: 5880
      ITM Evaluation: [1500/6156]  eta: 0:02:42    time: 0.0336  data: 0.0000  max mem: 5880
      ITM Evaluation: [1600/6156]  eta: 0:02:38    time: 0.0346  data: 0.0000  max mem: 5880
      ITM Evaluation: [1700/6156]  eta: 0:02:35    time: 0.0347  data: 0.0000  max mem: 5880
      ITM Evaluation: [1800/6156]  eta: 0:02:31    time: 0.0357  data: 0.0000  max mem: 5880
      ITM Evaluation: [1900/6156]  eta: 0:02:28    time: 0.0352  data: 0.0000  max mem: 5880
      ITM Evaluation: [2000/6156]  eta: 0:02:24    time: 0.0409  data: 0.0000  max mem: 5880
      ITM Evaluation: [2100/6156]  eta: 0:02:21    time: 0.0341  data: 0.0000  max mem: 5880
      ITM Evaluation: [2200/6156]  eta: 0:02:18    time: 0.0341  data: 0.0000  max mem: 5880
      ITM Evaluation: [2300/6156]  eta: 0:02:14    time: 0.0338  data: 0.0000  max mem: 5880
      ITM Evaluation: [2400/6156]  eta: 0:02:10    time: 0.0346  data: 0.0000  max mem: 5880
      ITM Evaluation: [2500/6156]  eta: 0:02:06    time: 0.0338  data: 0.0000  max mem: 5880
      ITM Evaluation: [2600/6156]  eta: 0:02:03    time: 0.0334  data: 0.0000  max mem: 5880
      ITM Evaluation: [2700/6156]  eta: 0:01:59    time: 0.0331  data: 0.0000  max mem: 5880
      ITM Evaluation: [2800/6156]  eta: 0:01:56    time: 0.0326  data: 0.0000  max mem: 5880
      ITM Evaluation: [2900/6156]  eta: 0:01:52    time: 0.0330  data: 0.0000  max mem: 5880
      ITM Evaluation: [3000/6156]  eta: 0:01:48    time: 0.0331  data: 0.0000  max mem: 5880
      ITM Evaluation: [3100/6156]  eta: 0:01:45    time: 0.0346  data: 0.0000  max mem: 5880
      ITM Evaluation: [3200/6156]  eta: 0:01:41    time: 0.0327  data: 0.0000  max mem: 5880
      ITM Evaluation: [3300/6156]  eta: 0:01:38    time: 0.0340  data: 0.0000  max mem: 5880
      ITM Evaluation: [3400/6156]  eta: 0:01:34    time: 0.0323  data: 0.0000  max mem: 5880
      ITM Evaluation: [3500/6156]  eta: 0:01:31    time: 0.0328  data: 0.0000  max mem: 5880
      ITM Evaluation: [3600/6156]  eta: 0:01:27    time: 0.0331  data: 0.0000  max mem: 5880
      ITM Evaluation: [3700/6156]  eta: 0:01:24    time: 0.0319  data: 0.0000  max mem: 5880
      ITM Evaluation: [3800/6156]  eta: 0:01:20    time: 0.0327  data: 0.0000  max mem: 5880
      ITM Evaluation: [3900/6156]  eta: 0:01:17    time: 0.0336  data: 0.0000  max mem: 5880
      ITM Evaluation: [4000/6156]  eta: 0:01:13    time: 0.0337  data: 0.0000  max mem: 5880
      ITM Evaluation: [4100/6156]  eta: 0:01:10    time: 0.0324  data: 0.0000  max mem: 5880
      ITM Evaluation: [4200/6156]  eta: 0:01:06    time: 0.0364  data: 0.0000  max mem: 5880
      ITM Evaluation: [4300/6156]  eta: 0:01:03    time: 0.0350  data: 0.0000  max mem: 5880
      ITM Evaluation: [4400/6156]  eta: 0:01:00    time: 0.0345  data: 0.0000  max mem: 5880
      ITM Evaluation: [4500/6156]  eta: 0:00:56    time: 0.0326  data: 0.0000  max mem: 5880
      ITM Evaluation: [4600/6156]  eta: 0:00:53    time: 0.0325  data: 0.0000  max mem: 5880
      ITM Evaluation: [4700/6156]  eta: 0:00:49    time: 0.0334  data: 0.0000  max mem: 5880
      ITM Evaluation: [4800/6156]  eta: 0:00:46    time: 0.0319  data: 0.0000  max mem: 5880
      ITM Evaluation: [4900/6156]  eta: 0:00:42    time: 0.0320  data: 0.0000  max mem: 5880
      ITM Evaluation: [5000/6156]  eta: 0:00:39    time: 0.0321  data: 0.0000  max mem: 5880
      ITM Evaluation: [5100/6156]  eta: 0:00:35    time: 0.0333  data: 0.0000  max mem: 5880
      ITM Evaluation: [5200/6156]  eta: 0:00:32    time: 0.0332  data: 0.0000  max mem: 5880
      ITM Evaluation: [5300/6156]  eta: 0:00:29    time: 0.0329  data: 0.0000  max mem: 5880
      ITM Evaluation: [5400/6156]  eta: 0:00:25    time: 0.0350  data: 0.0000  max mem: 5880
      ITM Evaluation: [5500/6156]  eta: 0:00:22    time: 0.0424  data: 0.0000  max mem: 5880
      ITM Evaluation: [5600/6156]  eta: 0:00:18    time: 0.0328  data: 0.0000  max mem: 5880
      ITM Evaluation: [5700/6156]  eta: 0:00:15    time: 0.0328  data: 0.0000  max mem: 5880
      ITM Evaluation: [5800/6156]  eta: 0:00:12    time: 0.0334  data: 0.0000  max mem: 5880
      ITM Evaluation: [5900/6156]  eta: 0:00:08    time: 0.0334  data: 0.0000  max mem: 5880
      ITM Evaluation: [6000/6156]  eta: 0:00:05    time: 0.0338  data: 0.0000  max mem: 5880
      ITM Evaluation: [6100/6156]  eta: 0:00:01    time: 0.0339  data: 0.0000  max mem: 5880
      ITM Evaluation: [6155/6156]  eta: 0:00:00    time: 0.0329  data: 0.0000  max mem: 5880
      ITM Evaluation: Total time: 0:03:29 (0.0340 s / it)
     total_time 209.15301251411438
     Computing matching score time 0:03:29
### TTA ITM Score: 
+-------+--------+--------+--------+--------+--------+
| epoch |   R1   |   R5   |  R10   |  mAP   |  mINP  |
+-------+--------+--------+--------+--------+--------+
|  -999 | 70.760 | 87.378 | 92.268 | 63.849 | 48.174 |
|  -999 | 76.170 | 89.457 | 93.600 | 65.570 | 47.372 |
|   0   | 73.847 | 88.207 | 92.398 | 64.621 | 47.512 |
|   1   | 74.025 | 88.272 | 92.625 | 64.465 | 47.017 |
|   2   | 72.823 | 86.501 | 90.335 | 60.420 | 40.080 |
|   3   | 73.977 | 88.223 | 92.316 | 64.280 | 46.785 |
|   4   | 73.944 | 88.288 | 92.430 | 64.280 | 46.710 |
|   5   | 73.424 | 87.719 | 91.910 | 63.075 | 44.540 |
+-------+--------+--------+--------+--------+--------+
     logs:  {'epo': 5, 'R1': 73.424, 'R5': 87.719, 'R10': 91.91, 'mAP': 63.075, 'mINP': 44.54, 'lr': 0.000422, 'entropy': 0.151632, 'loss': 2.720041}
      TTA Epoch: [6] [  0/109]  eta: 0:01:06  lr: 0.000413  entropy: 0.0013  loss: 2.6625  time: 0.6141  data: 0.5155  max mem: 5880
      TTA Epoch: [6] [100/109]  eta: 0:00:00  lr: 0.000159  entropy: 0.1203  loss: 2.7078  time: 0.0457  data: 0.0001  max mem: 5880
      TTA Epoch: [6] [108/109]  eta: 0:00:00  lr: 0.000159  entropy: 0.1829  loss: 2.7296  time: 0.0433  data: 0.0001  max mem: 5880
      TTA Epoch: [6] Total time: 0:00:05 (0.0523 s / it)
     Averaged stats: lr: 0.0003  entropy: 0.1400  loss: 2.7157
     itm tta time 0:00:05
     Computing matching score
      ITM Evaluation: [   0/6156]  eta: 0:03:58    time: 0.0388  data: 0.0071  max mem: 5880
      ITM Evaluation: [ 100/6156]  eta: 0:03:18    time: 0.0328  data: 0.0000  max mem: 5880
      ITM Evaluation: [ 200/6156]  eta: 0:03:24    time: 0.0411  data: 0.0000  max mem: 5880
      ITM Evaluation: [ 300/6156]  eta: 0:03:24    time: 0.0346  data: 0.0000  max mem: 5880
      ITM Evaluation: [ 400/6156]  eta: 0:03:17    time: 0.0324  data: 0.0000  max mem: 5880
      ITM Evaluation: [ 500/6156]  eta: 0:03:12    time: 0.0332  data: 0.0000  max mem: 5880
      ITM Evaluation: [ 600/6156]  eta: 0:03:08    time: 0.0333  data: 0.0000  max mem: 5880
      ITM Evaluation: [ 700/6156]  eta: 0:03:04    time: 0.0331  data: 0.0000  max mem: 5880
      ITM Evaluation: [ 800/6156]  eta: 0:02:59    time: 0.0325  data: 0.0000  max mem: 5880
      ITM Evaluation: [ 900/6156]  eta: 0:02:56    time: 0.0329  data: 0.0000  max mem: 5880
      ITM Evaluation: [1000/6156]  eta: 0:02:52    time: 0.0325  data: 0.0000  max mem: 5880
      ITM Evaluation: [1100/6156]  eta: 0:02:49    time: 0.0325  data: 0.0000  max mem: 5880
      ITM Evaluation: [1200/6156]  eta: 0:02:45    time: 0.0325  data: 0.0000  max mem: 5880
      ITM Evaluation: [1300/6156]  eta: 0:02:42    time: 0.0383  data: 0.0000  max mem: 5880
      ITM Evaluation: [1400/6156]  eta: 0:02:40    time: 0.0360  data: 0.0000  max mem: 5880
      ITM Evaluation: [1500/6156]  eta: 0:02:37    time: 0.0330  data: 0.0000  max mem: 5880
      ITM Evaluation: [1600/6156]  eta: 0:02:33    time: 0.0332  data: 0.0000  max mem: 5880
      ITM Evaluation: [1700/6156]  eta: 0:02:29    time: 0.0316  data: 0.0000  max mem: 5880
      ITM Evaluation: [1800/6156]  eta: 0:02:25    time: 0.0321  data: 0.0000  max mem: 5880
      ITM Evaluation: [1900/6156]  eta: 0:02:22    time: 0.0327  data: 0.0000  max mem: 5880
      ITM Evaluation: [2000/6156]  eta: 0:02:18    time: 0.0326  data: 0.0000  max mem: 5880
      ITM Evaluation: [2100/6156]  eta: 0:02:15    time: 0.0329  data: 0.0000  max mem: 5880
      ITM Evaluation: [2200/6156]  eta: 0:02:11    time: 0.0323  data: 0.0000  max mem: 5880
      ITM Evaluation: [2300/6156]  eta: 0:02:08    time: 0.0325  data: 0.0000  max mem: 5880
      ITM Evaluation: [2400/6156]  eta: 0:02:05    time: 0.0338  data: 0.0000  max mem: 5880
      ITM Evaluation: [2500/6156]  eta: 0:02:02    time: 0.0360  data: 0.0000  max mem: 5880
      ITM Evaluation: [2600/6156]  eta: 0:01:59    time: 0.0357  data: 0.0000  max mem: 5880
      ITM Evaluation: [2700/6156]  eta: 0:01:55    time: 0.0324  data: 0.0000  max mem: 5880
      ITM Evaluation: [2800/6156]  eta: 0:01:52    time: 0.0322  data: 0.0000  max mem: 5880
      ITM Evaluation: [2900/6156]  eta: 0:01:48    time: 0.0356  data: 0.0000  max mem: 5880
      ITM Evaluation: [3000/6156]  eta: 0:01:45    time: 0.0353  data: 0.0000  max mem: 5880
      ITM Evaluation: [3100/6156]  eta: 0:01:42    time: 0.0356  data: 0.0000  max mem: 5880
      ITM Evaluation: [3200/6156]  eta: 0:01:39    time: 0.0363  data: 0.0000  max mem: 5880
      ITM Evaluation: [3300/6156]  eta: 0:01:36    time: 0.0363  data: 0.0000  max mem: 5880
      ITM Evaluation: [3400/6156]  eta: 0:01:33    time: 0.0356  data: 0.0000  max mem: 5880
      ITM Evaluation: [3500/6156]  eta: 0:01:30    time: 0.0374  data: 0.0000  max mem: 5880
      ITM Evaluation: [3600/6156]  eta: 0:01:27    time: 0.0391  data: 0.0000  max mem: 5880
      ITM Evaluation: [3700/6156]  eta: 0:01:24    time: 0.0395  data: 0.0000  max mem: 5880
      ITM Evaluation: [3800/6156]  eta: 0:01:20    time: 0.0357  data: 0.0000  max mem: 5880
      ITM Evaluation: [3900/6156]  eta: 0:01:17    time: 0.0357  data: 0.0000  max mem: 5880
      ITM Evaluation: [4000/6156]  eta: 0:01:14    time: 0.0403  data: 0.0000  max mem: 5880
      ITM Evaluation: [4100/6156]  eta: 0:01:10    time: 0.0328  data: 0.0000  max mem: 5880
      ITM Evaluation: [4200/6156]  eta: 0:01:07    time: 0.0323  data: 0.0000  max mem: 5880
      ITM Evaluation: [4300/6156]  eta: 0:01:03    time: 0.0335  data: 0.0000  max mem: 5880
      ITM Evaluation: [4400/6156]  eta: 0:01:00    time: 0.0337  data: 0.0000  max mem: 5880
      ITM Evaluation: [4500/6156]  eta: 0:00:56    time: 0.0337  data: 0.0000  max mem: 5880
      ITM Evaluation: [4600/6156]  eta: 0:00:53    time: 0.0345  data: 0.0000  max mem: 5880
      ITM Evaluation: [4700/6156]  eta: 0:00:50    time: 0.0351  data: 0.0000  max mem: 5880
      ITM Evaluation: [4800/6156]  eta: 0:00:46    time: 0.0371  data: 0.0000  max mem: 5880
      ITM Evaluation: [4900/6156]  eta: 0:00:43    time: 0.0343  data: 0.0000  max mem: 5880
      ITM Evaluation: [5000/6156]  eta: 0:00:39    time: 0.0356  data: 0.0000  max mem: 5880
      ITM Evaluation: [5100/6156]  eta: 0:00:36    time: 0.0628  data: 0.0000  max mem: 5880
      ITM Evaluation: [5200/6156]  eta: 0:00:33    time: 0.0348  data: 0.0000  max mem: 5880
      ITM Evaluation: [5300/6156]  eta: 0:00:29    time: 0.0344  data: 0.0000  max mem: 5880
      ITM Evaluation: [5400/6156]  eta: 0:00:26    time: 0.0337  data: 0.0000  max mem: 5880
      ITM Evaluation: [5500/6156]  eta: 0:00:22    time: 0.0348  data: 0.0000  max mem: 5880
      ITM Evaluation: [5600/6156]  eta: 0:00:19    time: 0.0344  data: 0.0000  max mem: 5880
      ITM Evaluation: [5700/6156]  eta: 0:00:15    time: 0.0347  data: 0.0000  max mem: 5880
      ITM Evaluation: [5800/6156]  eta: 0:00:12    time: 0.0358  data: 0.0000  max mem: 5880
      ITM Evaluation: [5900/6156]  eta: 0:00:08    time: 0.0351  data: 0.0000  max mem: 5880
      ITM Evaluation: [6000/6156]  eta: 0:00:05    time: 0.0356  data: 0.0000  max mem: 5880
      ITM Evaluation: [6100/6156]  eta: 0:00:01    time: 0.0369  data: 0.0000  max mem: 5880
      ITM Evaluation: [6155/6156]  eta: 0:00:00    time: 0.0372  data: 0.0000  max mem: 5880
      ITM Evaluation: Total time: 0:03:34 (0.0348 s / it)
     total_time 214.11598706245422
     Computing matching score time 0:03:34
### TTA ITM Score: 
+-------+--------+--------+--------+--------+--------+
| epoch |   R1   |   R5   |  R10   |  mAP   |  mINP  |
+-------+--------+--------+--------+--------+--------+
|  -999 | 70.760 | 87.378 | 92.268 | 63.849 | 48.174 |
|  -999 | 76.170 | 89.457 | 93.600 | 65.570 | 47.372 |
|   0   | 73.847 | 88.207 | 92.398 | 64.621 | 47.512 |
|   1   | 74.025 | 88.272 | 92.625 | 64.465 | 47.017 |
|   2   | 72.823 | 86.501 | 90.335 | 60.420 | 40.080 |
|   3   | 73.977 | 88.223 | 92.316 | 64.280 | 46.785 |
|   4   | 73.944 | 88.288 | 92.430 | 64.280 | 46.710 |
|   5   | 73.424 | 87.719 | 91.910 | 63.075 | 44.540 |
|   6   | 73.554 | 87.930 | 91.878 | 63.135 | 44.509 |
+-------+--------+--------+--------+--------+--------+
     logs:  {'epo': 6, 'R1': 73.554, 'R5': 87.93, 'R10': 91.878, 'mAP': 63.135, 'mINP': 44.509, 'lr': 0.000263, 'entropy': 0.139998, 'loss': 2.715692}
      TTA Epoch: [7] [  0/109]  eta: 0:01:01  lr: 0.000159  entropy: 0.1599  loss: 2.7219  time: 0.5676  data: 0.4585  max mem: 5880
      TTA Epoch: [7] [100/109]  eta: 0:00:00  lr: 0.000152  entropy: 0.2222  loss: 2.7488  time: 0.0500  data: 0.0001  max mem: 5880
      TTA Epoch: [7] [108/109]  eta: 0:00:00  lr: 0.000152  entropy: 0.0238  loss: 2.6692  time: 0.0465  data: 0.0001  max mem: 5880
      TTA Epoch: [7] Total time: 0:00:05 (0.0535 s / it)
     Averaged stats: lr: 0.0002  entropy: 0.1297  loss: 2.7119
     itm tta time 0:00:06
     Computing matching score
      ITM Evaluation: [   0/6156]  eta: 0:04:45    time: 0.0464  data: 0.0059  max mem: 5880
      ITM Evaluation: [ 100/6156]  eta: 0:03:35    time: 0.0353  data: 0.0000  max mem: 5880
      ITM Evaluation: [ 200/6156]  eta: 0:03:30    time: 0.0352  data: 0.0000  max mem: 5880
      ITM Evaluation: [ 300/6156]  eta: 0:03:27    time: 0.0350  data: 0.0000  max mem: 5880
      ITM Evaluation: [ 400/6156]  eta: 0:03:23    time: 0.0346  data: 0.0000  max mem: 5880
      ITM Evaluation: [ 500/6156]  eta: 0:03:19    time: 0.0354  data: 0.0000  max mem: 5880
      ITM Evaluation: [ 600/6156]  eta: 0:03:15    time: 0.0347  data: 0.0000  max mem: 5880
      ITM Evaluation: [ 700/6156]  eta: 0:03:11    time: 0.0378  data: 0.0000  max mem: 5880
      ITM Evaluation: [ 800/6156]  eta: 0:03:10    time: 0.0401  data: 0.0000  max mem: 5880
      ITM Evaluation: [ 900/6156]  eta: 0:03:10    time: 0.0413  data: 0.0000  max mem: 5880
      ITM Evaluation: [1000/6156]  eta: 0:03:08    time: 0.0373  data: 0.0000  max mem: 5880
      ITM Evaluation: [1100/6156]  eta: 0:03:04    time: 0.0351  data: 0.0000  max mem: 5880
      ITM Evaluation: [1200/6156]  eta: 0:03:00    time: 0.0354  data: 0.0000  max mem: 5880
      ITM Evaluation: [1300/6156]  eta: 0:02:57    time: 0.0378  data: 0.0000  max mem: 5880
      ITM Evaluation: [1400/6156]  eta: 0:02:53    time: 0.0361  data: 0.0000  max mem: 5880
      ITM Evaluation: [1500/6156]  eta: 0:02:49    time: 0.0367  data: 0.0000  max mem: 5880
      ITM Evaluation: [1600/6156]  eta: 0:02:45    time: 0.0350  data: 0.0000  max mem: 5880
      ITM Evaluation: [1700/6156]  eta: 0:02:42    time: 0.0365  data: 0.0000  max mem: 5880
      ITM Evaluation: [1800/6156]  eta: 0:02:38    time: 0.0360  data: 0.0000  max mem: 5880
      ITM Evaluation: [1900/6156]  eta: 0:02:34    time: 0.0389  data: 0.0000  max mem: 5880
      ITM Evaluation: [2000/6156]  eta: 0:02:31    time: 0.0395  data: 0.0000  max mem: 5880
      ITM Evaluation: [2100/6156]  eta: 0:02:28    time: 0.0372  data: 0.0000  max mem: 5880
      ITM Evaluation: [2200/6156]  eta: 0:02:24    time: 0.0352  data: 0.0000  max mem: 5880
      ITM Evaluation: [2300/6156]  eta: 0:02:21    time: 0.0369  data: 0.0000  max mem: 5880
      ITM Evaluation: [2400/6156]  eta: 0:02:17    time: 0.0365  data: 0.0000  max mem: 5880
      ITM Evaluation: [2500/6156]  eta: 0:02:13    time: 0.0357  data: 0.0000  max mem: 5880
      ITM Evaluation: [2600/6156]  eta: 0:02:09    time: 0.0355  data: 0.0000  max mem: 5880
      ITM Evaluation: [2700/6156]  eta: 0:02:06    time: 0.0356  data: 0.0000  max mem: 5880
      ITM Evaluation: [2800/6156]  eta: 0:02:02    time: 0.0366  data: 0.0000  max mem: 5880
      ITM Evaluation: [2900/6156]  eta: 0:01:58    time: 0.0352  data: 0.0000  max mem: 5880
      ITM Evaluation: [3000/6156]  eta: 0:01:55    time: 0.0386  data: 0.0000  max mem: 5880
      ITM Evaluation: [3100/6156]  eta: 0:01:51    time: 0.0390  data: 0.0000  max mem: 5880
      ITM Evaluation: [3200/6156]  eta: 0:01:48    time: 0.0368  data: 0.0000  max mem: 5880
      ITM Evaluation: [3300/6156]  eta: 0:01:44    time: 0.0374  data: 0.0000  max mem: 5880
      ITM Evaluation: [3400/6156]  eta: 0:01:41    time: 0.0371  data: 0.0000  max mem: 5880
      ITM Evaluation: [3500/6156]  eta: 0:01:37    time: 0.0367  data: 0.0000  max mem: 5880
      ITM Evaluation: [3600/6156]  eta: 0:01:33    time: 0.0368  data: 0.0000  max mem: 5880
      ITM Evaluation: [3700/6156]  eta: 0:01:30    time: 0.0365  data: 0.0000  max mem: 5880
      ITM Evaluation: [3800/6156]  eta: 0:01:26    time: 0.0360  data: 0.0000  max mem: 5880
      ITM Evaluation: [3900/6156]  eta: 0:01:22    time: 0.0364  data: 0.0000  max mem: 5880
      ITM Evaluation: [4000/6156]  eta: 0:01:19    time: 0.0363  data: 0.0000  max mem: 5880
      ITM Evaluation: [4100/6156]  eta: 0:01:15    time: 0.0388  data: 0.0000  max mem: 5880
      ITM Evaluation: [4200/6156]  eta: 0:01:11    time: 0.0380  data: 0.0000  max mem: 5880
      ITM Evaluation: [4300/6156]  eta: 0:01:08    time: 0.0380  data: 0.0000  max mem: 5880
      ITM Evaluation: [4400/6156]  eta: 0:01:04    time: 0.0356  data: 0.0000  max mem: 5880
      ITM Evaluation: [4500/6156]  eta: 0:01:00    time: 0.0356  data: 0.0000  max mem: 5880
      ITM Evaluation: [4600/6156]  eta: 0:00:57    time: 0.0360  data: 0.0000  max mem: 5880
      ITM Evaluation: [4700/6156]  eta: 0:00:53    time: 0.0368  data: 0.0000  max mem: 5880
      ITM Evaluation: [4800/6156]  eta: 0:00:49    time: 0.0365  data: 0.0000  max mem: 5880
      ITM Evaluation: [4900/6156]  eta: 0:00:46    time: 0.0359  data: 0.0000  max mem: 5880
      ITM Evaluation: [5000/6156]  eta: 0:00:42    time: 0.0363  data: 0.0000  max mem: 5880
      ITM Evaluation: [5100/6156]  eta: 0:00:38    time: 0.0363  data: 0.0000  max mem: 5880
      ITM Evaluation: [5200/6156]  eta: 0:00:35    time: 0.0368  data: 0.0000  max mem: 5880
      ITM Evaluation: [5300/6156]  eta: 0:00:31    time: 0.0370  data: 0.0000  max mem: 5880
      ITM Evaluation: [5400/6156]  eta: 0:00:27    time: 0.0360  data: 0.0000  max mem: 5880
      ITM Evaluation: [5500/6156]  eta: 0:00:24    time: 0.0363  data: 0.0000  max mem: 5880
      ITM Evaluation: [5600/6156]  eta: 0:00:20    time: 0.0370  data: 0.0000  max mem: 5880
      ITM Evaluation: [5700/6156]  eta: 0:00:16    time: 0.0372  data: 0.0000  max mem: 5880
      ITM Evaluation: [5800/6156]  eta: 0:00:13    time: 0.0355  data: 0.0000  max mem: 5880
      ITM Evaluation: [5900/6156]  eta: 0:00:09    time: 0.0383  data: 0.0000  max mem: 5880
      ITM Evaluation: [6000/6156]  eta: 0:00:05    time: 0.0372  data: 0.0000  max mem: 5880
      ITM Evaluation: [6100/6156]  eta: 0:00:02    time: 0.0382  data: 0.0000  max mem: 5880
      ITM Evaluation: [6155/6156]  eta: 0:00:00    time: 0.0359  data: 0.0000  max mem: 5880
      ITM Evaluation: Total time: 0:03:46 (0.0368 s / it)
     total_time 226.7814280986786
     Computing matching score time 0:03:46
### TTA ITM Score: 
+-------+--------+--------+--------+--------+--------+
| epoch |   R1   |   R5   |  R10   |  mAP   |  mINP  |
+-------+--------+--------+--------+--------+--------+
|  -999 | 70.760 | 87.378 | 92.268 | 63.849 | 48.174 |
|  -999 | 76.170 | 89.457 | 93.600 | 65.570 | 47.372 |
|   0   | 73.847 | 88.207 | 92.398 | 64.621 | 47.512 |
|   1   | 74.025 | 88.272 | 92.625 | 64.465 | 47.017 |
|   2   | 72.823 | 86.501 | 90.335 | 60.420 | 40.080 |
|   3   | 73.977 | 88.223 | 92.316 | 64.280 | 46.785 |
|   4   | 73.944 | 88.288 | 92.430 | 64.280 | 46.710 |
|   5   | 73.424 | 87.719 | 91.910 | 63.075 | 44.540 |
|   6   | 73.554 | 87.930 | 91.878 | 63.135 | 44.509 |
|   7   | 73.554 | 88.093 | 92.170 | 63.594 | 45.398 |
+-------+--------+--------+--------+--------+--------+
     logs:  {'epo': 7, 'R1': 73.554, 'R5': 88.093, 'R10': 92.17, 'mAP': 63.594, 'mINP': 45.398, 'lr': 0.000155, 'entropy': 0.129714, 'loss': 2.711865}
      TTA Epoch: [8] [  0/109]  eta: 0:01:19  lr: 0.000152  entropy: 0.0777  loss: 2.6986  time: 0.7331  data: 0.6225  max mem: 5880
      TTA Epoch: [8] [100/109]  eta: 0:00:00  lr: 0.000145  entropy: 0.1636  loss: 2.7225  time: 0.0513  data: 0.0002  max mem: 5880
      TTA Epoch: [8] [108/109]  eta: 0:00:00  lr: 0.000145  entropy: 0.1712  loss: 2.7286  time: 0.0447  data: 0.0001  max mem: 5880
      TTA Epoch: [8] Total time: 0:00:06 (0.0602 s / it)
     Averaged stats: lr: 0.0001  entropy: 0.1274  loss: 2.7110
     itm tta time 0:00:06
     Computing matching score
      ITM Evaluation: [   0/6156]  eta: 0:04:23    time: 0.0428  data: 0.0086  max mem: 5880
      ITM Evaluation: [ 100/6156]  eta: 0:03:41    time: 0.0364  data: 0.0000  max mem: 5880
      ITM Evaluation: [ 200/6156]  eta: 0:03:39    time: 0.0380  data: 0.0000  max mem: 5880
      ITM Evaluation: [ 300/6156]  eta: 0:03:38    time: 0.0381  data: 0.0000  max mem: 5880
      ITM Evaluation: [ 400/6156]  eta: 0:03:36    time: 0.0375  data: 0.0000  max mem: 5880
      ITM Evaluation: [ 500/6156]  eta: 0:03:31    time: 0.0365  data: 0.0000  max mem: 5880
      ITM Evaluation: [ 600/6156]  eta: 0:03:28    time: 0.0378  data: 0.0000  max mem: 5880
      ITM Evaluation: [ 700/6156]  eta: 0:03:24    time: 0.0375  data: 0.0000  max mem: 5880
      ITM Evaluation: [ 800/6156]  eta: 0:03:21    time: 0.0422  data: 0.0000  max mem: 5880
      ITM Evaluation: [ 900/6156]  eta: 0:03:18    time: 0.0377  data: 0.0000  max mem: 5880
      ITM Evaluation: [1000/6156]  eta: 0:03:14    time: 0.0365  data: 0.0000  max mem: 5880
      ITM Evaluation: [1100/6156]  eta: 0:03:10    time: 0.0375  data: 0.0000  max mem: 5880
      ITM Evaluation: [1200/6156]  eta: 0:03:06    time: 0.0378  data: 0.0000  max mem: 5880
      ITM Evaluation: [1300/6156]  eta: 0:03:02    time: 0.0372  data: 0.0000  max mem: 5880
      ITM Evaluation: [1400/6156]  eta: 0:02:58    time: 0.0378  data: 0.0000  max mem: 5880
      ITM Evaluation: [1500/6156]  eta: 0:02:55    time: 0.0363  data: 0.0000  max mem: 5880
      ITM Evaluation: [1600/6156]  eta: 0:02:50    time: 0.0353  data: 0.0000  max mem: 5880
      ITM Evaluation: [1700/6156]  eta: 0:02:46    time: 0.0355  data: 0.0000  max mem: 5880
      ITM Evaluation: [1800/6156]  eta: 0:02:43    time: 0.0416  data: 0.0000  max mem: 5880
      ITM Evaluation: [1900/6156]  eta: 0:02:39    time: 0.0365  data: 0.0000  max mem: 5880
      ITM Evaluation: [2000/6156]  eta: 0:02:35    time: 0.0365  data: 0.0000  max mem: 5880
      ITM Evaluation: [2100/6156]  eta: 0:02:31    time: 0.0358  data: 0.0000  max mem: 5880
      ITM Evaluation: [2200/6156]  eta: 0:02:27    time: 0.0378  data: 0.0000  max mem: 5880
      ITM Evaluation: [2300/6156]  eta: 0:02:23    time: 0.0381  data: 0.0000  max mem: 5880
      ITM Evaluation: [2400/6156]  eta: 0:02:20    time: 0.0373  data: 0.0000  max mem: 5880
      ITM Evaluation: [2500/6156]  eta: 0:02:16    time: 0.0389  data: 0.0000  max mem: 5880
      ITM Evaluation: [2600/6156]  eta: 0:02:12    time: 0.0374  data: 0.0000  max mem: 5880
      ITM Evaluation: [2700/6156]  eta: 0:02:08    time: 0.0379  data: 0.0000  max mem: 5880
      ITM Evaluation: [2800/6156]  eta: 0:02:05    time: 0.0395  data: 0.0000  max mem: 5880
      ITM Evaluation: [2900/6156]  eta: 0:02:01    time: 0.0359  data: 0.0000  max mem: 5880
      ITM Evaluation: [3000/6156]  eta: 0:01:57    time: 0.0372  data: 0.0000  max mem: 5880
      ITM Evaluation: [3100/6156]  eta: 0:01:53    time: 0.0358  data: 0.0000  max mem: 5880
      ITM Evaluation: [3200/6156]  eta: 0:01:49    time: 0.0358  data: 0.0000  max mem: 5880
      ITM Evaluation: [3300/6156]  eta: 0:01:46    time: 0.0366  data: 0.0000  max mem: 5880
      ITM Evaluation: [3400/6156]  eta: 0:01:42    time: 0.0361  data: 0.0000  max mem: 5880
      ITM Evaluation: [3500/6156]  eta: 0:01:38    time: 0.0380  data: 0.0000  max mem: 5880
      ITM Evaluation: [3600/6156]  eta: 0:01:34    time: 0.0366  data: 0.0000  max mem: 5880
      ITM Evaluation: [3700/6156]  eta: 0:01:31    time: 0.0356  data: 0.0000  max mem: 5880
      ITM Evaluation: [3800/6156]  eta: 0:01:27    time: 0.0385  data: 0.0000  max mem: 5880
      ITM Evaluation: [3900/6156]  eta: 0:01:23    time: 0.0369  data: 0.0000  max mem: 5880
      ITM Evaluation: [4000/6156]  eta: 0:01:19    time: 0.0363  data: 0.0000  max mem: 5880
      ITM Evaluation: [4100/6156]  eta: 0:01:16    time: 0.0363  data: 0.0000  max mem: 5880
      ITM Evaluation: [4200/6156]  eta: 0:01:12    time: 0.0361  data: 0.0000  max mem: 5880
      ITM Evaluation: [4300/6156]  eta: 0:01:08    time: 0.0362  data: 0.0000  max mem: 5880
      ITM Evaluation: [4400/6156]  eta: 0:01:04    time: 0.0350  data: 0.0000  max mem: 5880
      ITM Evaluation: [4500/6156]  eta: 0:01:01    time: 0.0363  data: 0.0000  max mem: 5880
      ITM Evaluation: [4600/6156]  eta: 0:00:57    time: 0.0356  data: 0.0000  max mem: 5880
      ITM Evaluation: [4700/6156]  eta: 0:00:53    time: 0.0358  data: 0.0000  max mem: 5880
      ITM Evaluation: [4800/6156]  eta: 0:00:49    time: 0.0365  data: 0.0000  max mem: 5880
      ITM Evaluation: [4900/6156]  eta: 0:00:46    time: 0.0378  data: 0.0000  max mem: 5880
      ITM Evaluation: [5000/6156]  eta: 0:00:42    time: 0.0351  data: 0.0000  max mem: 5880
      ITM Evaluation: [5100/6156]  eta: 0:00:38    time: 0.0354  data: 0.0000  max mem: 5880
      ITM Evaluation: [5200/6156]  eta: 0:00:35    time: 0.0354  data: 0.0000  max mem: 5880
      ITM Evaluation: [5300/6156]  eta: 0:00:31    time: 0.0350  data: 0.0000  max mem: 5880
      ITM Evaluation: [5400/6156]  eta: 0:00:27    time: 0.0351  data: 0.0000  max mem: 5880
      ITM Evaluation: [5500/6156]  eta: 0:00:24    time: 0.0354  data: 0.0000  max mem: 5880
      ITM Evaluation: [5600/6156]  eta: 0:00:20    time: 0.0367  data: 0.0000  max mem: 5880
      ITM Evaluation: [5700/6156]  eta: 0:00:16    time: 0.0350  data: 0.0000  max mem: 5880
      ITM Evaluation: [5800/6156]  eta: 0:00:13    time: 0.0350  data: 0.0000  max mem: 5880
      ITM Evaluation: [5900/6156]  eta: 0:00:09    time: 0.0359  data: 0.0000  max mem: 5880
      ITM Evaluation: [6000/6156]  eta: 0:00:05    time: 0.0365  data: 0.0000  max mem: 5880
      ITM Evaluation: [6100/6156]  eta: 0:00:02    time: 0.0358  data: 0.0000  max mem: 5880
      ITM Evaluation: [6155/6156]  eta: 0:00:00    time: 0.0353  data: 0.0000  max mem: 5880
      ITM Evaluation: Total time: 0:03:45 (0.0366 s / it)
     total_time 225.39572739601135
     Computing matching score time 0:03:45
### TTA ITM Score: 
+-------+--------+--------+--------+--------+--------+
| epoch |   R1   |   R5   |  R10   |  mAP   |  mINP  |
+-------+--------+--------+--------+--------+--------+
|  -999 | 70.760 | 87.378 | 92.268 | 63.849 | 48.174 |
|  -999 | 76.170 | 89.457 | 93.600 | 65.570 | 47.372 |
|   0   | 73.847 | 88.207 | 92.398 | 64.621 | 47.512 |
|   1   | 74.025 | 88.272 | 92.625 | 64.465 | 47.017 |
|   2   | 72.823 | 86.501 | 90.335 | 60.420 | 40.080 |
|   3   | 73.977 | 88.223 | 92.316 | 64.280 | 46.785 |
|   4   | 73.944 | 88.288 | 92.430 | 64.280 | 46.710 |
|   5   | 73.424 | 87.719 | 91.910 | 63.075 | 44.540 |
|   6   | 73.554 | 87.930 | 91.878 | 63.135 | 44.509 |
|   7   | 73.554 | 88.093 | 92.170 | 63.594 | 45.398 |
|   8   | 73.538 | 87.914 | 91.959 | 63.196 | 44.632 |
+-------+--------+--------+--------+--------+--------+
     logs:  {'epo': 8, 'R1': 73.538, 'R5': 87.914, 'R10': 91.959, 'mAP': 63.196, 'mINP': 44.632, 'lr': 0.000148, 'entropy': 0.127426, 'loss': 2.710973}
      TTA Epoch: [9] [  0/109]  eta: 0:01:13  lr: 0.000145  entropy: 0.1124  loss: 2.7036  time: 0.6749  data: 0.5450  max mem: 5880
      TTA Epoch: [9] [100/109]  eta: 0:00:00  lr: 0.000139  entropy: 0.1022  loss: 2.7015  time: 0.0449  data: 0.0001  max mem: 5880
      TTA Epoch: [9] [108/109]  eta: 0:00:00  lr: 0.000138  entropy: 0.0444  loss: 2.6843  time: 0.0411  data: 0.0001  max mem: 5880
      TTA Epoch: [9] Total time: 0:00:06 (0.0575 s / it)
     Averaged stats: lr: 0.0001  entropy: 0.1234  loss: 2.7095
     itm tta time 0:00:06
     Computing matching score
      ITM Evaluation: [   0/6156]  eta: 0:04:55    time: 0.0481  data: 0.0142  max mem: 5880
      ITM Evaluation: [ 100/6156]  eta: 0:03:32    time: 0.0356  data: 0.0000  max mem: 5880
      ITM Evaluation: [ 200/6156]  eta: 0:03:26    time: 0.0334  data: 0.0000  max mem: 5880
      ITM Evaluation: [ 300/6156]  eta: 0:03:21    time: 0.0348  data: 0.0000  max mem: 5880
      ITM Evaluation: [ 400/6156]  eta: 0:03:19    time: 0.0357  data: 0.0000  max mem: 5880
      ITM Evaluation: [ 500/6156]  eta: 0:03:16    time: 0.0353  data: 0.0000  max mem: 5880
      ITM Evaluation: [ 600/6156]  eta: 0:03:13    time: 0.0347  data: 0.0000  max mem: 5880
      ITM Evaluation: [ 700/6156]  eta: 0:03:09    time: 0.0342  data: 0.0000  max mem: 5880
      ITM Evaluation: [ 800/6156]  eta: 0:03:06    time: 0.0338  data: 0.0000  max mem: 5880
      ITM Evaluation: [ 900/6156]  eta: 0:03:02    time: 0.0364  data: 0.0000  max mem: 5880
      ITM Evaluation: [1000/6156]  eta: 0:02:59    time: 0.0339  data: 0.0000  max mem: 5880
      ITM Evaluation: [1100/6156]  eta: 0:02:56    time: 0.0338  data: 0.0000  max mem: 5880
      ITM Evaluation: [1200/6156]  eta: 0:02:52    time: 0.0340  data: 0.0000  max mem: 5880
      ITM Evaluation: [1300/6156]  eta: 0:02:48    time: 0.0348  data: 0.0000  max mem: 5880
      ITM Evaluation: [1400/6156]  eta: 0:02:45    time: 0.0341  data: 0.0000  max mem: 5880
      ITM Evaluation: [1500/6156]  eta: 0:02:41    time: 0.0354  data: 0.0000  max mem: 5880
      ITM Evaluation: [1600/6156]  eta: 0:02:38    time: 0.0355  data: 0.0000  max mem: 5880
      ITM Evaluation: [1700/6156]  eta: 0:02:34    time: 0.0339  data: 0.0000  max mem: 5880
      ITM Evaluation: [1800/6156]  eta: 0:02:31    time: 0.0342  data: 0.0000  max mem: 5880
      ITM Evaluation: [1900/6156]  eta: 0:02:28    time: 0.0363  data: 0.0000  max mem: 5880
      ITM Evaluation: [2000/6156]  eta: 0:02:24    time: 0.0351  data: 0.0000  max mem: 5880
      ITM Evaluation: [2100/6156]  eta: 0:02:21    time: 0.0348  data: 0.0000  max mem: 5880
      ITM Evaluation: [2200/6156]  eta: 0:02:17    time: 0.0345  data: 0.0000  max mem: 5880
      ITM Evaluation: [2300/6156]  eta: 0:02:14    time: 0.0346  data: 0.0000  max mem: 5880
      ITM Evaluation: [2400/6156]  eta: 0:02:10    time: 0.0343  data: 0.0000  max mem: 5880
      ITM Evaluation: [2500/6156]  eta: 0:02:07    time: 0.0336  data: 0.0000  max mem: 5880
      ITM Evaluation: [2600/6156]  eta: 0:02:03    time: 0.0367  data: 0.0000  max mem: 5880
      ITM Evaluation: [2700/6156]  eta: 0:02:00    time: 0.0332  data: 0.0000  max mem: 5880
      ITM Evaluation: [2800/6156]  eta: 0:01:56    time: 0.0344  data: 0.0000  max mem: 5880
      ITM Evaluation: [2900/6156]  eta: 0:01:52    time: 0.0346  data: 0.0000  max mem: 5880
      ITM Evaluation: [3000/6156]  eta: 0:01:49    time: 0.0331  data: 0.0000  max mem: 5880
      ITM Evaluation: [3100/6156]  eta: 0:01:45    time: 0.0341  data: 0.0000  max mem: 5880
      ITM Evaluation: [3200/6156]  eta: 0:01:42    time: 0.0343  data: 0.0000  max mem: 5880
      ITM Evaluation: [3300/6156]  eta: 0:01:38    time: 0.0332  data: 0.0000  max mem: 5880
      ITM Evaluation: [3400/6156]  eta: 0:01:35    time: 0.0338  data: 0.0000  max mem: 5880
      ITM Evaluation: [3500/6156]  eta: 0:01:31    time: 0.0339  data: 0.0000  max mem: 5880
      ITM Evaluation: [3600/6156]  eta: 0:01:28    time: 0.0342  data: 0.0000  max mem: 5880
      ITM Evaluation: [3700/6156]  eta: 0:01:24    time: 0.0361  data: 0.0000  max mem: 5880
      ITM Evaluation: [3800/6156]  eta: 0:01:21    time: 0.0358  data: 0.0000  max mem: 5880
      ITM Evaluation: [3900/6156]  eta: 0:01:17    time: 0.0342  data: 0.0000  max mem: 5880
      ITM Evaluation: [4000/6156]  eta: 0:01:14    time: 0.0350  data: 0.0000  max mem: 5880
      ITM Evaluation: [4100/6156]  eta: 0:01:11    time: 0.0342  data: 0.0000  max mem: 5880
      ITM Evaluation: [4200/6156]  eta: 0:01:07    time: 0.0340  data: 0.0000  max mem: 5880
      ITM Evaluation: [4300/6156]  eta: 0:01:04    time: 0.0357  data: 0.0000  max mem: 5880
      ITM Evaluation: [4400/6156]  eta: 0:01:00    time: 0.0356  data: 0.0000  max mem: 5880
      ITM Evaluation: [4500/6156]  eta: 0:00:57    time: 0.0346  data: 0.0000  max mem: 5880
      ITM Evaluation: [4600/6156]  eta: 0:00:53    time: 0.0349  data: 0.0000  max mem: 5880
      ITM Evaluation: [4700/6156]  eta: 0:00:50    time: 0.0340  data: 0.0000  max mem: 5880
      ITM Evaluation: [4800/6156]  eta: 0:00:46    time: 0.0385  data: 0.0000  max mem: 5880
      ITM Evaluation: [4900/6156]  eta: 0:00:43    time: 0.0393  data: 0.0000  max mem: 5880
      ITM Evaluation: [5000/6156]  eta: 0:00:40    time: 0.0385  data: 0.0000  max mem: 5880
      ITM Evaluation: [5100/6156]  eta: 0:00:36    time: 0.0405  data: 0.0000  max mem: 5880
      ITM Evaluation: [5200/6156]  eta: 0:00:33    time: 0.0388  data: 0.0000  max mem: 5880
      ITM Evaluation: [5300/6156]  eta: 0:00:30    time: 0.0393  data: 0.0000  max mem: 5880
      ITM Evaluation: [5400/6156]  eta: 0:00:26    time: 0.0402  data: 0.0000  max mem: 5880
      ITM Evaluation: [5500/6156]  eta: 0:00:23    time: 0.0361  data: 0.0000  max mem: 5880
      ITM Evaluation: [5600/6156]  eta: 0:00:19    time: 0.0360  data: 0.0000  max mem: 5880
      ITM Evaluation: [5700/6156]  eta: 0:00:16    time: 0.0363  data: 0.0000  max mem: 5880
      ITM Evaluation: [5800/6156]  eta: 0:00:12    time: 0.0372  data: 0.0000  max mem: 5880
      ITM Evaluation: [5900/6156]  eta: 0:00:09    time: 0.0360  data: 0.0000  max mem: 5880
      ITM Evaluation: [6000/6156]  eta: 0:00:05    time: 0.0369  data: 0.0000  max mem: 5880
      ITM Evaluation: [6100/6156]  eta: 0:00:01    time: 0.0363  data: 0.0000  max mem: 5880
      ITM Evaluation: [6155/6156]  eta: 0:00:00    time: 0.0361  data: 0.0000  max mem: 5880
      ITM Evaluation: Total time: 0:03:37 (0.0354 s / it)
     total_time 217.98102283477783
     Computing matching score time 0:03:37
### TTA ITM Score: 
+-------+--------+--------+--------+--------+--------+
| epoch |   R1   |   R5   |  R10   |  mAP   |  mINP  |
+-------+--------+--------+--------+--------+--------+
|  -999 | 70.760 | 87.378 | 92.268 | 63.849 | 48.174 |
|  -999 | 76.170 | 89.457 | 93.600 | 65.570 | 47.372 |
|   0   | 73.847 | 88.207 | 92.398 | 64.621 | 47.512 |
|   1   | 74.025 | 88.272 | 92.625 | 64.465 | 47.017 |
|   2   | 72.823 | 86.501 | 90.335 | 60.420 | 40.080 |
|   3   | 73.977 | 88.223 | 92.316 | 64.280 | 46.785 |
|   4   | 73.944 | 88.288 | 92.430 | 64.280 | 46.710 |
|   5   | 73.424 | 87.719 | 91.910 | 63.075 | 44.540 |
|   6   | 73.554 | 87.930 | 91.878 | 63.135 | 44.509 |
|   7   | 73.554 | 88.093 | 92.170 | 63.594 | 45.398 |
|   8   | 73.538 | 87.914 | 91.959 | 63.196 | 44.632 |
|   9   | 73.506 | 87.865 | 91.520 | 62.490 | 43.290 |
+-------+--------+--------+--------+--------+--------+
     logs:  {'epo': 9, 'R1': 73.506, 'R5': 87.865, 'R10': 91.52, 'mAP': 62.49, 'mINP': 43.29, 'lr': 0.000141, 'entropy': 0.12342, 'loss': 2.709473}
      TTA Epoch: [10] [  0/109]  eta: 0:01:17  lr: 0.000138  entropy: 0.1132  loss: 2.7085  time: 0.7093  data: 0.5775  max mem: 5880
      TTA Epoch: [10] [100/109]  eta: 0:00:00  lr: 0.000132  entropy: 0.0970  loss: 2.7014  time: 0.0570  data: 0.0001  max mem: 5880
      TTA Epoch: [10] [108/109]  eta: 0:00:00  lr: 0.000131  entropy: 0.1621  loss: 2.7250  time: 0.0521  data: 0.0001  max mem: 5880
      TTA Epoch: [10] Total time: 0:00:06 (0.0551 s / it)
     Averaged stats: lr: 0.0001  entropy: 0.1220  loss: 2.7090
     itm tta time 0:00:06
     Computing matching score
      ITM Evaluation: [   0/6156]  eta: 0:06:08    time: 0.0599  data: 0.0225  max mem: 5880
      ITM Evaluation: [ 100/6156]  eta: 0:03:59    time: 0.0396  data: 0.0000  max mem: 5880
      ITM Evaluation: [ 200/6156]  eta: 0:03:56    time: 0.0395  data: 0.0000  max mem: 5880
      ITM Evaluation: [ 300/6156]  eta: 0:03:46    time: 0.0353  data: 0.0000  max mem: 5880
      ITM Evaluation: [ 400/6156]  eta: 0:03:41    time: 0.0379  data: 0.0000  max mem: 5880
      ITM Evaluation: [ 500/6156]  eta: 0:03:35    time: 0.0363  data: 0.0000  max mem: 5880
      ITM Evaluation: [ 600/6156]  eta: 0:03:29    time: 0.0364  data: 0.0000  max mem: 5880
      ITM Evaluation: [ 700/6156]  eta: 0:03:24    time: 0.0352  data: 0.0000  max mem: 5880
      ITM Evaluation: [ 800/6156]  eta: 0:03:20    time: 0.0364  data: 0.0000  max mem: 5880
      ITM Evaluation: [ 900/6156]  eta: 0:03:16    time: 0.0355  data: 0.0000  max mem: 5880
      ITM Evaluation: [1000/6156]  eta: 0:03:11    time: 0.0353  data: 0.0000  max mem: 5880
      ITM Evaluation: [1100/6156]  eta: 0:03:07    time: 0.0352  data: 0.0000  max mem: 5880
      ITM Evaluation: [1200/6156]  eta: 0:03:04    time: 0.0402  data: 0.0000  max mem: 5880
      ITM Evaluation: [1300/6156]  eta: 0:03:01    time: 0.0396  data: 0.0000  max mem: 5880
      ITM Evaluation: [1400/6156]  eta: 0:02:58    time: 0.0375  data: 0.0000  max mem: 5880
      ITM Evaluation: [1500/6156]  eta: 0:02:54    time: 0.0356  data: 0.0000  max mem: 5880
      ITM Evaluation: [1600/6156]  eta: 0:02:50    time: 0.0379  data: 0.0000  max mem: 5880
      ITM Evaluation: [1700/6156]  eta: 0:02:46    time: 0.0360  data: 0.0000  max mem: 5880
      ITM Evaluation: [1800/6156]  eta: 0:02:42    time: 0.0365  data: 0.0000  max mem: 5880
      ITM Evaluation: [1900/6156]  eta: 0:02:38    time: 0.0368  data: 0.0000  max mem: 5880
      ITM Evaluation: [2000/6156]  eta: 0:02:34    time: 0.0366  data: 0.0000  max mem: 5880
      ITM Evaluation: [2100/6156]  eta: 0:02:31    time: 0.0371  data: 0.0000  max mem: 5880
      ITM Evaluation: [2200/6156]  eta: 0:02:27    time: 0.0363  data: 0.0000  max mem: 5880
      ITM Evaluation: [2300/6156]  eta: 0:02:23    time: 0.0403  data: 0.0000  max mem: 5880
      ITM Evaluation: [2400/6156]  eta: 0:02:21    time: 0.0383  data: 0.0000  max mem: 5880
      ITM Evaluation: [2500/6156]  eta: 0:02:17    time: 0.0373  data: 0.0000  max mem: 5880
      ITM Evaluation: [2600/6156]  eta: 0:02:13    time: 0.0371  data: 0.0000  max mem: 5880
      ITM Evaluation: [2700/6156]  eta: 0:02:09    time: 0.0363  data: 0.0000  max mem: 5880
      ITM Evaluation: [2800/6156]  eta: 0:02:05    time: 0.0356  data: 0.0000  max mem: 5880
      ITM Evaluation: [2900/6156]  eta: 0:02:01    time: 0.0356  data: 0.0000  max mem: 5880
      ITM Evaluation: [3000/6156]  eta: 0:01:57    time: 0.0365  data: 0.0000  max mem: 5880
      ITM Evaluation: [3100/6156]  eta: 0:01:53    time: 0.0358  data: 0.0000  max mem: 5880
      ITM Evaluation: [3200/6156]  eta: 0:01:50    time: 0.0353  data: 0.0000  max mem: 5880
      ITM Evaluation: [3300/6156]  eta: 0:01:46    time: 0.0366  data: 0.0000  max mem: 5880
      ITM Evaluation: [3400/6156]  eta: 0:01:42    time: 0.0419  data: 0.0000  max mem: 5880
      ITM Evaluation: [3500/6156]  eta: 0:01:39    time: 0.0388  data: 0.0000  max mem: 5880
      ITM Evaluation: [3600/6156]  eta: 0:01:35    time: 0.0360  data: 0.0000  max mem: 5880
      ITM Evaluation: [3700/6156]  eta: 0:01:31    time: 0.0351  data: 0.0000  max mem: 5880
      ITM Evaluation: [3800/6156]  eta: 0:01:27    time: 0.0359  data: 0.0000  max mem: 5880
      ITM Evaluation: [3900/6156]  eta: 0:01:24    time: 0.0371  data: 0.0000  max mem: 5880
      ITM Evaluation: [4000/6156]  eta: 0:01:20    time: 0.0382  data: 0.0000  max mem: 5880
      ITM Evaluation: [4100/6156]  eta: 0:01:16    time: 0.0369  data: 0.0000  max mem: 5880
      ITM Evaluation: [4200/6156]  eta: 0:01:12    time: 0.0366  data: 0.0000  max mem: 5880
      ITM Evaluation: [4300/6156]  eta: 0:01:09    time: 0.0377  data: 0.0000  max mem: 5880
      ITM Evaluation: [4400/6156]  eta: 0:01:05    time: 0.0385  data: 0.0000  max mem: 5880
      ITM Evaluation: [4500/6156]  eta: 0:01:01    time: 0.0403  data: 0.0000  max mem: 5880
      ITM Evaluation: [4600/6156]  eta: 0:00:58    time: 0.0393  data: 0.0000  max mem: 5880
      ITM Evaluation: [4700/6156]  eta: 0:00:54    time: 0.0369  data: 0.0000  max mem: 5880
      ITM Evaluation: [4800/6156]  eta: 0:00:50    time: 0.0367  data: 0.0000  max mem: 5880
      ITM Evaluation: [4900/6156]  eta: 0:00:46    time: 0.0367  data: 0.0000  max mem: 5880
      ITM Evaluation: [5000/6156]  eta: 0:00:43    time: 0.0362  data: 0.0000  max mem: 5880
      ITM Evaluation: [5100/6156]  eta: 0:00:39    time: 0.0360  data: 0.0000  max mem: 5880
      ITM Evaluation: [5200/6156]  eta: 0:00:35    time: 0.0373  data: 0.0000  max mem: 5880
      ITM Evaluation: [5300/6156]  eta: 0:00:31    time: 0.0387  data: 0.0000  max mem: 5880
      ITM Evaluation: [5400/6156]  eta: 0:00:28    time: 0.0360  data: 0.0000  max mem: 5880
      ITM Evaluation: [5500/6156]  eta: 0:00:24    time: 0.0374  data: 0.0000  max mem: 5880
      ITM Evaluation: [5600/6156]  eta: 0:00:20    time: 0.0396  data: 0.0000  max mem: 5880
      ITM Evaluation: [5700/6156]  eta: 0:00:17    time: 0.0362  data: 0.0000  max mem: 5880
      ITM Evaluation: [5800/6156]  eta: 0:00:13    time: 0.0338  data: 0.0000  max mem: 5880
      ITM Evaluation: [5900/6156]  eta: 0:00:09    time: 0.0350  data: 0.0000  max mem: 5880
      ITM Evaluation: [6000/6156]  eta: 0:00:05    time: 0.0345  data: 0.0000  max mem: 5880
      ITM Evaluation: [6100/6156]  eta: 0:00:02    time: 0.0342  data: 0.0000  max mem: 5880
      ITM Evaluation: [6155/6156]  eta: 0:00:00    time: 0.0347  data: 0.0000  max mem: 5880
      ITM Evaluation: Total time: 0:03:48 (0.0372 s / it)
     total_time 229.05868482589722
     Computing matching score time 0:03:49
### TTA ITM Score: 
+-------+--------+--------+--------+--------+--------+
| epoch |   R1   |   R5   |  R10   |  mAP   |  mINP  |
+-------+--------+--------+--------+--------+--------+
|  -999 | 70.760 | 87.378 | 92.268 | 63.849 | 48.174 |
|  -999 | 76.170 | 89.457 | 93.600 | 65.570 | 47.372 |
|   0   | 73.847 | 88.207 | 92.398 | 64.621 | 47.512 |
|   1   | 74.025 | 88.272 | 92.625 | 64.465 | 47.017 |
|   2   | 72.823 | 86.501 | 90.335 | 60.420 | 40.080 |
|   3   | 73.977 | 88.223 | 92.316 | 64.280 | 46.785 |
|   4   | 73.944 | 88.288 | 92.430 | 64.280 | 46.710 |
|   5   | 73.424 | 87.719 | 91.910 | 63.075 | 44.540 |
|   6   | 73.554 | 87.930 | 91.878 | 63.135 | 44.509 |
|   7   | 73.554 | 88.093 | 92.170 | 63.594 | 45.398 |
|   8   | 73.538 | 87.914 | 91.959 | 63.196 | 44.632 |
|   9   | 73.506 | 87.865 | 91.520 | 62.490 | 43.290 |
|   10  | 73.343 | 87.979 | 91.845 | 63.113 | 44.558 |
+-------+--------+--------+--------+--------+--------+
     logs:  {'epo': 10, 'R1': 73.343, 'R5': 87.979, 'R10': 91.845, 'mAP': 63.113, 'mINP': 44.558, 'lr': 0.000135, 'entropy': 0.122039, 'loss': 2.708965}
      TTA Epoch: [11] [  0/109]  eta: 0:01:16  lr: 0.000131  entropy: 0.2031  loss: 2.7398  time: 0.6996  data: 0.5852  max mem: 5880
      TTA Epoch: [11] [100/109]  eta: 0:00:00  lr: 0.000125  entropy: 0.0981  loss: 2.7034  time: 0.0470  data: 0.0001  max mem: 5880
      TTA Epoch: [11] [108/109]  eta: 0:00:00  lr: 0.000125  entropy: 0.0959  loss: 2.6962  time: 0.0438  data: 0.0001  max mem: 5880
      TTA Epoch: [11] Total time: 0:00:06 (0.0551 s / it)
     Averaged stats: lr: 0.0001  entropy: 0.1240  loss: 2.7097
     itm tta time 0:00:06
     Computing matching score
      ITM Evaluation: [   0/6156]  eta: 0:04:23    time: 0.0428  data: 0.0065  max mem: 5880
      ITM Evaluation: [ 100/6156]  eta: 0:03:31    time: 0.0352  data: 0.0000  max mem: 5880
      ITM Evaluation: [ 200/6156]  eta: 0:03:27    time: 0.0348  data: 0.0000  max mem: 5880
      ITM Evaluation: [ 300/6156]  eta: 0:03:27    time: 0.0372  data: 0.0000  max mem: 5880
      ITM Evaluation: [ 400/6156]  eta: 0:03:27    time: 0.0370  data: 0.0000  max mem: 5880
      ITM Evaluation: [ 500/6156]  eta: 0:03:23    time: 0.0348  data: 0.0000  max mem: 5880
      ITM Evaluation: [ 600/6156]  eta: 0:03:18    time: 0.0353  data: 0.0000  max mem: 5880
      ITM Evaluation: [ 700/6156]  eta: 0:03:14    time: 0.0348  data: 0.0000  max mem: 5880
      ITM Evaluation: [ 800/6156]  eta: 0:03:10    time: 0.0349  data: 0.0000  max mem: 5880
      ITM Evaluation: [ 900/6156]  eta: 0:03:06    time: 0.0358  data: 0.0000  max mem: 5880
      ITM Evaluation: [1000/6156]  eta: 0:03:03    time: 0.0349  data: 0.0000  max mem: 5880
      ITM Evaluation: [1100/6156]  eta: 0:02:59    time: 0.0349  data: 0.0000  max mem: 5880
      ITM Evaluation: [1200/6156]  eta: 0:02:55    time: 0.0344  data: 0.0000  max mem: 5880
      ITM Evaluation: [1300/6156]  eta: 0:02:51    time: 0.0350  data: 0.0000  max mem: 5880
      ITM Evaluation: [1400/6156]  eta: 0:02:47    time: 0.0343  data: 0.0000  max mem: 5880
      ITM Evaluation: [1500/6156]  eta: 0:02:44    time: 0.0342  data: 0.0000  max mem: 5880
      ITM Evaluation: [1600/6156]  eta: 0:02:40    time: 0.0338  data: 0.0000  max mem: 5880
      ITM Evaluation: [1700/6156]  eta: 0:02:36    time: 0.0348  data: 0.0000  max mem: 5880
      ITM Evaluation: [1800/6156]  eta: 0:02:33    time: 0.0349  data: 0.0000  max mem: 5880
      ITM Evaluation: [1900/6156]  eta: 0:02:29    time: 0.0350  data: 0.0000  max mem: 5880
      ITM Evaluation: [2000/6156]  eta: 0:02:26    time: 0.0377  data: 0.0000  max mem: 5880
      ITM Evaluation: [2100/6156]  eta: 0:02:23    time: 0.0359  data: 0.0000  max mem: 5880
      ITM Evaluation: [2200/6156]  eta: 0:02:19    time: 0.0351  data: 0.0000  max mem: 5880
      ITM Evaluation: [2300/6156]  eta: 0:02:16    time: 0.0343  data: 0.0000  max mem: 5880
      ITM Evaluation: [2400/6156]  eta: 0:02:12    time: 0.0348  data: 0.0000  max mem: 5880
      ITM Evaluation: [2500/6156]  eta: 0:02:09    time: 0.0352  data: 0.0000  max mem: 5880
      ITM Evaluation: [2600/6156]  eta: 0:02:05    time: 0.0379  data: 0.0000  max mem: 5880
      ITM Evaluation: [2700/6156]  eta: 0:02:02    time: 0.0349  data: 0.0000  max mem: 5880
      ITM Evaluation: [2800/6156]  eta: 0:01:58    time: 0.0348  data: 0.0000  max mem: 5880
      ITM Evaluation: [2900/6156]  eta: 0:01:55    time: 0.0357  data: 0.0000  max mem: 5880
      ITM Evaluation: [3000/6156]  eta: 0:01:51    time: 0.0351  data: 0.0000  max mem: 5880
      ITM Evaluation: [3100/6156]  eta: 0:01:48    time: 0.0366  data: 0.0000  max mem: 5880
      ITM Evaluation: [3200/6156]  eta: 0:01:44    time: 0.0345  data: 0.0000  max mem: 5880
      ITM Evaluation: [3300/6156]  eta: 0:01:41    time: 0.0359  data: 0.0000  max mem: 5880
      ITM Evaluation: [3400/6156]  eta: 0:01:37    time: 0.0358  data: 0.0000  max mem: 5880
      ITM Evaluation: [3500/6156]  eta: 0:01:34    time: 0.0340  data: 0.0000  max mem: 5880
      ITM Evaluation: [3600/6156]  eta: 0:01:30    time: 0.0342  data: 0.0000  max mem: 5880
      ITM Evaluation: [3700/6156]  eta: 0:01:27    time: 0.0350  data: 0.0000  max mem: 5880
      ITM Evaluation: [3800/6156]  eta: 0:01:23    time: 0.0350  data: 0.0000  max mem: 5880
      ITM Evaluation: [3900/6156]  eta: 0:01:19    time: 0.0340  data: 0.0000  max mem: 5880
      ITM Evaluation: [4000/6156]  eta: 0:01:16    time: 0.0348  data: 0.0000  max mem: 5880
      ITM Evaluation: [4100/6156]  eta: 0:01:12    time: 0.0353  data: 0.0000  max mem: 5880
      ITM Evaluation: [4200/6156]  eta: 0:01:09    time: 0.0339  data: 0.0000  max mem: 5880
      ITM Evaluation: [4300/6156]  eta: 0:01:05    time: 0.0344  data: 0.0000  max mem: 5880
      ITM Evaluation: [4400/6156]  eta: 0:01:02    time: 0.0346  data: 0.0000  max mem: 5880
      ITM Evaluation: [4500/6156]  eta: 0:00:58    time: 0.0344  data: 0.0000  max mem: 5880
      ITM Evaluation: [4600/6156]  eta: 0:00:54    time: 0.0344  data: 0.0000  max mem: 5880
      ITM Evaluation: [4700/6156]  eta: 0:00:51    time: 0.0349  data: 0.0000  max mem: 5880
      ITM Evaluation: [4800/6156]  eta: 0:00:47    time: 0.0341  data: 0.0000  max mem: 5880
      ITM Evaluation: [4900/6156]  eta: 0:00:44    time: 0.0334  data: 0.0000  max mem: 5880
      ITM Evaluation: [5000/6156]  eta: 0:00:40    time: 0.0336  data: 0.0000  max mem: 5880
      ITM Evaluation: [5100/6156]  eta: 0:00:37    time: 0.0342  data: 0.0000  max mem: 5880
      ITM Evaluation: [5200/6156]  eta: 0:00:33    time: 0.0364  data: 0.0000  max mem: 5880
      ITM Evaluation: [5300/6156]  eta: 0:00:30    time: 0.0346  data: 0.0000  max mem: 5880
      ITM Evaluation: [5400/6156]  eta: 0:00:26    time: 0.0347  data: 0.0000  max mem: 5880
      ITM Evaluation: [5500/6156]  eta: 0:00:23    time: 0.0343  data: 0.0000  max mem: 5880
      ITM Evaluation: [5600/6156]  eta: 0:00:19    time: 0.0330  data: 0.0000  max mem: 5880
      ITM Evaluation: [5700/6156]  eta: 0:00:16    time: 0.0332  data: 0.0000  max mem: 5880
      ITM Evaluation: [5800/6156]  eta: 0:00:12    time: 0.0341  data: 0.0000  max mem: 5880
      ITM Evaluation: [5900/6156]  eta: 0:00:08    time: 0.0353  data: 0.0000  max mem: 5880
      ITM Evaluation: [6000/6156]  eta: 0:00:05    time: 0.0341  data: 0.0000  max mem: 5880
      ITM Evaluation: [6100/6156]  eta: 0:00:01    time: 0.0344  data: 0.0000  max mem: 5880
      ITM Evaluation: [6155/6156]  eta: 0:00:00    time: 0.0347  data: 0.0000  max mem: 5880
      ITM Evaluation: Total time: 0:03:36 (0.0351 s / it)
     total_time 216.09425258636475
     Computing matching score time 0:03:36
### TTA ITM Score: 
+-------+--------+--------+--------+--------+--------+
| epoch |   R1   |   R5   |  R10   |  mAP   |  mINP  |
+-------+--------+--------+--------+--------+--------+
|  -999 | 70.760 | 87.378 | 92.268 | 63.849 | 48.174 |
|  -999 | 76.170 | 89.457 | 93.600 | 65.570 | 47.372 |
|   0   | 73.847 | 88.207 | 92.398 | 64.621 | 47.512 |
|   1   | 74.025 | 88.272 | 92.625 | 64.465 | 47.017 |
|   2   | 72.823 | 86.501 | 90.335 | 60.420 | 40.080 |
|   3   | 73.977 | 88.223 | 92.316 | 64.280 | 46.785 |
|   4   | 73.944 | 88.288 | 92.430 | 64.280 | 46.710 |
|   5   | 73.424 | 87.719 | 91.910 | 63.075 | 44.540 |
|   6   | 73.554 | 87.930 | 91.878 | 63.135 | 44.509 |
|   7   | 73.554 | 88.093 | 92.170 | 63.594 | 45.398 |
|   8   | 73.538 | 87.914 | 91.959 | 63.196 | 44.632 |
|   9   | 73.506 | 87.865 | 91.520 | 62.490 | 43.290 |
|   10  | 73.343 | 87.979 | 91.845 | 63.113 | 44.558 |
|   11  | 73.359 | 87.979 | 91.715 | 63.037 | 44.431 |
+-------+--------+--------+--------+--------+--------+
     logs:  {'epo': 11, 'R1': 73.359, 'R5': 87.979, 'R10': 91.715, 'mAP': 63.037, 'mINP': 44.431, 'lr': 0.000128, 'entropy': 0.123951, 'loss': 2.709686}
      TTA Epoch: [12] [  0/109]  eta: 0:01:18  lr: 0.000124  entropy: 0.2372  loss: 2.7511  time: 0.7224  data: 0.6091  max mem: 5880
      TTA Epoch: [12] [100/109]  eta: 0:00:00  lr: 0.000118  entropy: 0.2278  loss: 2.7447  time: 0.0491  data: 0.0001  max mem: 5880
      TTA Epoch: [12] [108/109]  eta: 0:00:00  lr: 0.000118  entropy: 0.1303  loss: 2.7047  time: 0.0452  data: 0.0001  max mem: 5880
      TTA Epoch: [12] Total time: 0:00:06 (0.0557 s / it)
     Averaged stats: lr: 0.0001  entropy: 0.1235  loss: 2.7095
     itm tta time 0:00:06
     Computing matching score
      ITM Evaluation: [   0/6156]  eta: 0:04:40    time: 0.0456  data: 0.0064  max mem: 5880
      ITM Evaluation: [ 100/6156]  eta: 0:03:28    time: 0.0344  data: 0.0000  max mem: 5880
      ITM Evaluation: [ 200/6156]  eta: 0:03:23    time: 0.0339  data: 0.0000  max mem: 5880
      ITM Evaluation: [ 300/6156]  eta: 0:03:19    time: 0.0340  data: 0.0000  max mem: 5880
      ITM Evaluation: [ 400/6156]  eta: 0:03:15    time: 0.0332  data: 0.0000  max mem: 5880
      ITM Evaluation: [ 500/6156]  eta: 0:03:12    time: 0.0338  data: 0.0000  max mem: 5880
      ITM Evaluation: [ 600/6156]  eta: 0:03:08    time: 0.0337  data: 0.0000  max mem: 5880
      ITM Evaluation: [ 700/6156]  eta: 0:03:05    time: 0.0341  data: 0.0000  max mem: 5880
      ITM Evaluation: [ 800/6156]  eta: 0:03:01    time: 0.0338  data: 0.0000  max mem: 5880
      ITM Evaluation: [ 900/6156]  eta: 0:02:58    time: 0.0344  data: 0.0000  max mem: 5880
      ITM Evaluation: [1000/6156]  eta: 0:02:55    time: 0.0341  data: 0.0000  max mem: 5880
      ITM Evaluation: [1100/6156]  eta: 0:02:52    time: 0.0335  data: 0.0000  max mem: 5880
      ITM Evaluation: [1200/6156]  eta: 0:02:48    time: 0.0341  data: 0.0000  max mem: 5880
      ITM Evaluation: [1300/6156]  eta: 0:02:45    time: 0.0348  data: 0.0000  max mem: 5880
      ITM Evaluation: [1400/6156]  eta: 0:02:42    time: 0.0340  data: 0.0000  max mem: 5880
      ITM Evaluation: [1500/6156]  eta: 0:02:38    time: 0.0335  data: 0.0000  max mem: 5880
      ITM Evaluation: [1600/6156]  eta: 0:02:34    time: 0.0343  data: 0.0000  max mem: 5880
      ITM Evaluation: [1700/6156]  eta: 0:02:31    time: 0.0340  data: 0.0000  max mem: 5880
      ITM Evaluation: [1800/6156]  eta: 0:02:28    time: 0.0349  data: 0.0000  max mem: 5880
      ITM Evaluation: [1900/6156]  eta: 0:02:24    time: 0.0336  data: 0.0000  max mem: 5880
      ITM Evaluation: [2000/6156]  eta: 0:02:21    time: 0.0356  data: 0.0000  max mem: 5880
      ITM Evaluation: [2100/6156]  eta: 0:02:20    time: 0.0539  data: 0.0000  max mem: 5880
      ITM Evaluation: [2200/6156]  eta: 0:02:16    time: 0.0307  data: 0.0000  max mem: 5880
      ITM Evaluation: [2300/6156]  eta: 0:02:12    time: 0.0305  data: 0.0000  max mem: 5880
      ITM Evaluation: [2400/6156]  eta: 0:02:08    time: 0.0309  data: 0.0000  max mem: 5880
      ITM Evaluation: [2500/6156]  eta: 0:02:04    time: 0.0314  data: 0.0000  max mem: 5880
      ITM Evaluation: [2600/6156]  eta: 0:02:00    time: 0.0312  data: 0.0000  max mem: 5880
      ITM Evaluation: [2700/6156]  eta: 0:01:56    time: 0.0316  data: 0.0000  max mem: 5880
      ITM Evaluation: [2800/6156]  eta: 0:01:53    time: 0.0315  data: 0.0000  max mem: 5880
      ITM Evaluation: [2900/6156]  eta: 0:01:49    time: 0.0315  data: 0.0000  max mem: 5880
      ITM Evaluation: [3000/6156]  eta: 0:01:46    time: 0.0318  data: 0.0000  max mem: 5880
      ITM Evaluation: [3100/6156]  eta: 0:01:42    time: 0.0322  data: 0.0000  max mem: 5880
      ITM Evaluation: [3200/6156]  eta: 0:01:40    time: 0.0339  data: 0.0000  max mem: 5880
      ITM Evaluation: [3300/6156]  eta: 0:01:36    time: 0.0340  data: 0.0000  max mem: 5880
      ITM Evaluation: [3400/6156]  eta: 0:01:33    time: 0.0309  data: 0.0000  max mem: 5880
      ITM Evaluation: [3500/6156]  eta: 0:01:29    time: 0.0309  data: 0.0000  max mem: 5880
      ITM Evaluation: [3600/6156]  eta: 0:01:26    time: 0.0319  data: 0.0000  max mem: 5880
      ITM Evaluation: [3700/6156]  eta: 0:01:22    time: 0.0326  data: 0.0000  max mem: 5880
      ITM Evaluation: [3800/6156]  eta: 0:01:19    time: 0.0326  data: 0.0000  max mem: 5880
      ITM Evaluation: [3900/6156]  eta: 0:01:15    time: 0.0329  data: 0.0000  max mem: 5880
      ITM Evaluation: [4000/6156]  eta: 0:01:12    time: 0.0374  data: 0.0000  max mem: 5880
      ITM Evaluation: [4100/6156]  eta: 0:01:09    time: 0.0379  data: 0.0000  max mem: 5880
      ITM Evaluation: [4200/6156]  eta: 0:01:06    time: 0.0348  data: 0.0000  max mem: 5880
      ITM Evaluation: [4300/6156]  eta: 0:01:02    time: 0.0354  data: 0.0000  max mem: 5880
      ITM Evaluation: [4400/6156]  eta: 0:00:59    time: 0.0339  data: 0.0000  max mem: 5880
      ITM Evaluation: [4500/6156]  eta: 0:00:56    time: 0.0336  data: 0.0000  max mem: 5880
      ITM Evaluation: [4600/6156]  eta: 0:00:52    time: 0.0348  data: 0.0000  max mem: 5880
      ITM Evaluation: [4700/6156]  eta: 0:00:49    time: 0.0333  data: 0.0000  max mem: 5880
      ITM Evaluation: [4800/6156]  eta: 0:00:46    time: 0.0344  data: 0.0000  max mem: 5880
      ITM Evaluation: [4900/6156]  eta: 0:00:42    time: 0.0341  data: 0.0000  max mem: 5880
      ITM Evaluation: [5000/6156]  eta: 0:00:39    time: 0.0337  data: 0.0000  max mem: 5880
      ITM Evaluation: [5100/6156]  eta: 0:00:35    time: 0.0335  data: 0.0000  max mem: 5880
      ITM Evaluation: [5200/6156]  eta: 0:00:32    time: 0.0380  data: 0.0000  max mem: 5880
      ITM Evaluation: [5300/6156]  eta: 0:00:29    time: 0.0360  data: 0.0000  max mem: 5880
      ITM Evaluation: [5400/6156]  eta: 0:00:25    time: 0.0406  data: 0.0000  max mem: 5880
      ITM Evaluation: [5500/6156]  eta: 0:00:22    time: 0.0356  data: 0.0000  max mem: 5880
      ITM Evaluation: [5600/6156]  eta: 0:00:19    time: 0.0356  data: 0.0000  max mem: 5880
      ITM Evaluation: [5700/6156]  eta: 0:00:15    time: 0.0367  data: 0.0000  max mem: 5880
      ITM Evaluation: [5800/6156]  eta: 0:00:12    time: 0.0359  data: 0.0000  max mem: 5880
      ITM Evaluation: [5900/6156]  eta: 0:00:08    time: 0.0354  data: 0.0000  max mem: 5880
      ITM Evaluation: [6000/6156]  eta: 0:00:05    time: 0.0366  data: 0.0000  max mem: 5880
      ITM Evaluation: [6100/6156]  eta: 0:00:01    time: 0.0359  data: 0.0000  max mem: 5880
      ITM Evaluation: [6155/6156]  eta: 0:00:00    time: 0.0345  data: 0.0000  max mem: 5880
      ITM Evaluation: Total time: 0:03:32 (0.0345 s / it)
     total_time 212.1863784790039
     Computing matching score time 0:03:32
### TTA ITM Score: 
+-------+--------+--------+--------+--------+--------+
| epoch |   R1   |   R5   |  R10   |  mAP   |  mINP  |
+-------+--------+--------+--------+--------+--------+
|  -999 | 70.760 | 87.378 | 92.268 | 63.849 | 48.174 |
|  -999 | 76.170 | 89.457 | 93.600 | 65.570 | 47.372 |
|   0   | 73.847 | 88.207 | 92.398 | 64.621 | 47.512 |
|   1   | 74.025 | 88.272 | 92.625 | 64.465 | 47.017 |
|   2   | 72.823 | 86.501 | 90.335 | 60.420 | 40.080 |
|   3   | 73.977 | 88.223 | 92.316 | 64.280 | 46.785 |
|   4   | 73.944 | 88.288 | 92.430 | 64.280 | 46.710 |
|   5   | 73.424 | 87.719 | 91.910 | 63.075 | 44.540 |
|   6   | 73.554 | 87.930 | 91.878 | 63.135 | 44.509 |
|   7   | 73.554 | 88.093 | 92.170 | 63.594 | 45.398 |
|   8   | 73.538 | 87.914 | 91.959 | 63.196 | 44.632 |
|   9   | 73.506 | 87.865 | 91.520 | 62.490 | 43.290 |
|   10  | 73.343 | 87.979 | 91.845 | 63.113 | 44.558 |
|   11  | 73.359 | 87.979 | 91.715 | 63.037 | 44.431 |
|   12  | 73.311 | 87.930 | 91.520 | 62.577 | 43.533 |
+-------+--------+--------+--------+--------+--------+
     logs:  {'epo': 12, 'R1': 73.311, 'R5': 87.93, 'R10': 91.52, 'mAP': 62.577, 'mINP': 43.533, 'lr': 0.000121, 'entropy': 0.123515, 'loss': 2.709509}
      TTA Epoch: [13] [  0/109]  eta: 0:01:09  lr: 0.000118  entropy: 0.2334  loss: 2.7531  time: 0.6345  data: 0.4972  max mem: 5880
      TTA Epoch: [13] [100/109]  eta: 0:00:00  lr: 0.000111  entropy: 0.1048  loss: 2.7028  time: 0.0496  data: 0.0001  max mem: 5880
      TTA Epoch: [13] [108/109]  eta: 0:00:00  lr: 0.000111  entropy: 0.1645  loss: 2.7289  time: 0.0476  data: 0.0001  max mem: 5880
      TTA Epoch: [13] Total time: 0:00:05 (0.0535 s / it)
     Averaged stats: lr: 0.0001  entropy: 0.1165  loss: 2.7069
     itm tta time 0:00:06
     Computing matching score
      ITM Evaluation: [   0/6156]  eta: 0:05:52    time: 0.0572  data: 0.0133  max mem: 5880
      ITM Evaluation: [ 100/6156]  eta: 0:03:49    time: 0.0374  data: 0.0000  max mem: 5880
      ITM Evaluation: [ 200/6156]  eta: 0:03:45    time: 0.0363  data: 0.0000  max mem: 5880
      ITM Evaluation: [ 300/6156]  eta: 0:03:39    time: 0.0360  data: 0.0000  max mem: 5880
      ITM Evaluation: [ 400/6156]  eta: 0:03:32    time: 0.0355  data: 0.0000  max mem: 5880
      ITM Evaluation: [ 500/6156]  eta: 0:03:27    time: 0.0355  data: 0.0000  max mem: 5880
      ITM Evaluation: [ 600/6156]  eta: 0:03:22    time: 0.0358  data: 0.0000  max mem: 5880
      ITM Evaluation: [ 700/6156]  eta: 0:03:18    time: 0.0355  data: 0.0000  max mem: 5880
      ITM Evaluation: [ 800/6156]  eta: 0:03:14    time: 0.0358  data: 0.0000  max mem: 5880
      ITM Evaluation: [ 900/6156]  eta: 0:03:10    time: 0.0363  data: 0.0000  max mem: 5880
      ITM Evaluation: [1000/6156]  eta: 0:03:06    time: 0.0353  data: 0.0000  max mem: 5880
      ITM Evaluation: [1100/6156]  eta: 0:03:03    time: 0.0379  data: 0.0000  max mem: 5880
      ITM Evaluation: [1200/6156]  eta: 0:03:00    time: 0.0368  data: 0.0000  max mem: 5880
      ITM Evaluation: [1300/6156]  eta: 0:02:57    time: 0.0359  data: 0.0000  max mem: 5880
      ITM Evaluation: [1400/6156]  eta: 0:02:53    time: 0.0358  data: 0.0000  max mem: 5880
      ITM Evaluation: [1500/6156]  eta: 0:02:49    time: 0.0358  data: 0.0000  max mem: 5880
      ITM Evaluation: [1600/6156]  eta: 0:02:45    time: 0.0356  data: 0.0000  max mem: 5880
      ITM Evaluation: [1700/6156]  eta: 0:02:42    time: 0.0367  data: 0.0000  max mem: 5880
      ITM Evaluation: [1800/6156]  eta: 0:02:38    time: 0.0375  data: 0.0000  max mem: 5880
      ITM Evaluation: [1900/6156]  eta: 0:02:34    time: 0.0363  data: 0.0000  max mem: 5880
      ITM Evaluation: [2000/6156]  eta: 0:02:30    time: 0.0351  data: 0.0000  max mem: 5880
      ITM Evaluation: [2100/6156]  eta: 0:02:27    time: 0.0352  data: 0.0000  max mem: 5880
      ITM Evaluation: [2200/6156]  eta: 0:02:24    time: 0.0404  data: 0.0000  max mem: 5880
      ITM Evaluation: [2300/6156]  eta: 0:02:20    time: 0.0355  data: 0.0000  max mem: 5880
      ITM Evaluation: [2400/6156]  eta: 0:02:16    time: 0.0352  data: 0.0000  max mem: 5880
      ITM Evaluation: [2500/6156]  eta: 0:02:13    time: 0.0367  data: 0.0000  max mem: 5880
      ITM Evaluation: [2600/6156]  eta: 0:02:09    time: 0.0360  data: 0.0000  max mem: 5880
      ITM Evaluation: [2700/6156]  eta: 0:02:05    time: 0.0360  data: 0.0000  max mem: 5880
      ITM Evaluation: [2800/6156]  eta: 0:02:02    time: 0.0358  data: 0.0000  max mem: 5880
      ITM Evaluation: [2900/6156]  eta: 0:01:58    time: 0.0364  data: 0.0000  max mem: 5880
      ITM Evaluation: [3000/6156]  eta: 0:01:54    time: 0.0361  data: 0.0000  max mem: 5880
      ITM Evaluation: [3100/6156]  eta: 0:01:51    time: 0.0361  data: 0.0000  max mem: 5880
      ITM Evaluation: [3200/6156]  eta: 0:01:47    time: 0.0462  data: 0.0000  max mem: 5880
      ITM Evaluation: [3300/6156]  eta: 0:01:44    time: 0.0418  data: 0.0000  max mem: 5880
      ITM Evaluation: [3400/6156]  eta: 0:01:41    time: 0.0366  data: 0.0000  max mem: 5880
      ITM Evaluation: [3500/6156]  eta: 0:01:37    time: 0.0348  data: 0.0000  max mem: 5880
      ITM Evaluation: [3600/6156]  eta: 0:01:33    time: 0.0340  data: 0.0000  max mem: 5880
      ITM Evaluation: [3700/6156]  eta: 0:01:29    time: 0.0344  data: 0.0000  max mem: 5880
      ITM Evaluation: [3800/6156]  eta: 0:01:25    time: 0.0343  data: 0.0000  max mem: 5880
      ITM Evaluation: [3900/6156]  eta: 0:01:22    time: 0.0345  data: 0.0000  max mem: 5880
      ITM Evaluation: [4000/6156]  eta: 0:01:18    time: 0.0340  data: 0.0000  max mem: 5880
      ITM Evaluation: [4100/6156]  eta: 0:01:14    time: 0.0338  data: 0.0000  max mem: 5880
      ITM Evaluation: [4200/6156]  eta: 0:01:10    time: 0.0338  data: 0.0000  max mem: 5880
      ITM Evaluation: [4300/6156]  eta: 0:01:07    time: 0.0342  data: 0.0000  max mem: 5880
      ITM Evaluation: [4400/6156]  eta: 0:01:03    time: 0.0376  data: 0.0000  max mem: 5880
      ITM Evaluation: [4500/6156]  eta: 0:01:00    time: 0.0388  data: 0.0000  max mem: 5880
      ITM Evaluation: [4600/6156]  eta: 0:00:56    time: 0.0348  data: 0.0000  max mem: 5880
      ITM Evaluation: [4700/6156]  eta: 0:00:52    time: 0.0357  data: 0.0000  max mem: 5880
      ITM Evaluation: [4800/6156]  eta: 0:00:49    time: 0.0349  data: 0.0000  max mem: 5880
      ITM Evaluation: [4900/6156]  eta: 0:00:45    time: 0.0351  data: 0.0000  max mem: 5880
      ITM Evaluation: [5000/6156]  eta: 0:00:41    time: 0.0366  data: 0.0000  max mem: 5880
      ITM Evaluation: [5100/6156]  eta: 0:00:38    time: 0.0348  data: 0.0000  max mem: 5880
      ITM Evaluation: [5200/6156]  eta: 0:00:34    time: 0.0345  data: 0.0000  max mem: 5880
      ITM Evaluation: [5300/6156]  eta: 0:00:30    time: 0.0340  data: 0.0000  max mem: 5880
      ITM Evaluation: [5400/6156]  eta: 0:00:27    time: 0.0344  data: 0.0000  max mem: 5880
      ITM Evaluation: [5500/6156]  eta: 0:00:23    time: 0.0369  data: 0.0000  max mem: 5880
      ITM Evaluation: [5600/6156]  eta: 0:00:20    time: 0.0359  data: 0.0000  max mem: 5880
      ITM Evaluation: [5700/6156]  eta: 0:00:16    time: 0.0346  data: 0.0000  max mem: 5880
      ITM Evaluation: [5800/6156]  eta: 0:00:12    time: 0.0347  data: 0.0000  max mem: 5880
      ITM Evaluation: [5900/6156]  eta: 0:00:09    time: 0.0342  data: 0.0000  max mem: 5880
      ITM Evaluation: [6000/6156]  eta: 0:00:05    time: 0.0345  data: 0.0000  max mem: 5880
      ITM Evaluation: [6100/6156]  eta: 0:00:02    time: 0.0359  data: 0.0000  max mem: 5880
      ITM Evaluation: [6155/6156]  eta: 0:00:00    time: 0.0357  data: 0.0000  max mem: 5880
      ITM Evaluation: Total time: 0:03:42 (0.0361 s / it)
     total_time 222.11056685447693
     Computing matching score time 0:03:42
### TTA ITM Score: 
+-------+--------+--------+--------+--------+--------+
| epoch |   R1   |   R5   |  R10   |  mAP   |  mINP  |
+-------+--------+--------+--------+--------+--------+
|  -999 | 70.760 | 87.378 | 92.268 | 63.849 | 48.174 |
|  -999 | 76.170 | 89.457 | 93.600 | 65.570 | 47.372 |
|   0   | 73.847 | 88.207 | 92.398 | 64.621 | 47.512 |
|   1   | 74.025 | 88.272 | 92.625 | 64.465 | 47.017 |
|   2   | 72.823 | 86.501 | 90.335 | 60.420 | 40.080 |
|   3   | 73.977 | 88.223 | 92.316 | 64.280 | 46.785 |
|   4   | 73.944 | 88.288 | 92.430 | 64.280 | 46.710 |
|   5   | 73.424 | 87.719 | 91.910 | 63.075 | 44.540 |
|   6   | 73.554 | 87.930 | 91.878 | 63.135 | 44.509 |
|   7   | 73.554 | 88.093 | 92.170 | 63.594 | 45.398 |
|   8   | 73.538 | 87.914 | 91.959 | 63.196 | 44.632 |
|   9   | 73.506 | 87.865 | 91.520 | 62.490 | 43.290 |
|   10  | 73.343 | 87.979 | 91.845 | 63.113 | 44.558 |
|   11  | 73.359 | 87.979 | 91.715 | 63.037 | 44.431 |
|   12  | 73.311 | 87.930 | 91.520 | 62.577 | 43.533 |
|   13  | 73.311 | 87.930 | 91.634 | 62.961 | 44.286 |
+-------+--------+--------+--------+--------+--------+
     logs:  {'epo': 13, 'R1': 73.311, 'R5': 87.93, 'R10': 91.634, 'mAP': 62.961, 'mINP': 44.286, 'lr': 0.000114, 'entropy': 0.116497, 'loss': 2.706901}
      TTA Epoch: [14] [  0/109]  eta: 0:01:35  lr: 0.000111  entropy: 0.0176  loss: 2.6691  time: 0.8729  data: 0.6035  max mem: 5880
      TTA Epoch: [14] [100/109]  eta: 0:00:00  lr: 0.000105  entropy: 0.1602  loss: 2.7215  time: 0.0539  data: 0.0001  max mem: 5880
      TTA Epoch: [14] [108/109]  eta: 0:00:00  lr: 0.000104  entropy: 0.1215  loss: 2.7110  time: 0.0506  data: 0.0002  max mem: 5880
      TTA Epoch: [14] Total time: 0:00:06 (0.0581 s / it)
     Averaged stats: lr: 0.0001  entropy: 0.1142  loss: 2.7060
     itm tta time 0:00:06
     Computing matching score
      ITM Evaluation: [   0/6156]  eta: 0:04:34    time: 0.0446  data: 0.0070  max mem: 5880
      ITM Evaluation: [ 100/6156]  eta: 0:03:36    time: 0.0383  data: 0.0000  max mem: 5880
      ITM Evaluation: [ 200/6156]  eta: 0:03:41    time: 0.0435  data: 0.0000  max mem: 5880
      ITM Evaluation: [ 300/6156]  eta: 0:03:37    time: 0.0372  data: 0.0000  max mem: 5880
      ITM Evaluation: [ 400/6156]  eta: 0:03:38    time: 0.0395  data: 0.0000  max mem: 5880
      ITM Evaluation: [ 500/6156]  eta: 0:03:31    time: 0.0340  data: 0.0000  max mem: 5880
      ITM Evaluation: [ 600/6156]  eta: 0:03:25    time: 0.0341  data: 0.0000  max mem: 5880
      ITM Evaluation: [ 700/6156]  eta: 0:03:19    time: 0.0353  data: 0.0000  max mem: 5880
      ITM Evaluation: [ 800/6156]  eta: 0:03:14    time: 0.0365  data: 0.0000  max mem: 5880
      ITM Evaluation: [ 900/6156]  eta: 0:03:10    time: 0.0339  data: 0.0000  max mem: 5880
      ITM Evaluation: [1000/6156]  eta: 0:03:05    time: 0.0332  data: 0.0000  max mem: 5880
      ITM Evaluation: [1100/6156]  eta: 0:03:00    time: 0.0340  data: 0.0000  max mem: 5880
      ITM Evaluation: [1200/6156]  eta: 0:02:56    time: 0.0346  data: 0.0000  max mem: 5880
      ITM Evaluation: [1300/6156]  eta: 0:02:52    time: 0.0340  data: 0.0000  max mem: 5880
      ITM Evaluation: [1400/6156]  eta: 0:02:48    time: 0.0343  data: 0.0000  max mem: 5880
      ITM Evaluation: [1500/6156]  eta: 0:02:46    time: 0.0416  data: 0.0000  max mem: 5880
      ITM Evaluation: [1600/6156]  eta: 0:02:43    time: 0.0347  data: 0.0000  max mem: 5880
      ITM Evaluation: [1700/6156]  eta: 0:02:39    time: 0.0348  data: 0.0000  max mem: 5880
      ITM Evaluation: [1800/6156]  eta: 0:02:35    time: 0.0352  data: 0.0000  max mem: 5880
      ITM Evaluation: [1900/6156]  eta: 0:02:31    time: 0.0352  data: 0.0000  max mem: 5880
      ITM Evaluation: [2000/6156]  eta: 0:02:27    time: 0.0346  data: 0.0000  max mem: 5880
      ITM Evaluation: [2100/6156]  eta: 0:02:24    time: 0.0354  data: 0.0000  max mem: 5880
      ITM Evaluation: [2200/6156]  eta: 0:02:20    time: 0.0335  data: 0.0000  max mem: 5880
      ITM Evaluation: [2300/6156]  eta: 0:02:16    time: 0.0344  data: 0.0000  max mem: 5880
      ITM Evaluation: [2400/6156]  eta: 0:02:13    time: 0.0355  data: 0.0000  max mem: 5880
      ITM Evaluation: [2500/6156]  eta: 0:02:09    time: 0.0342  data: 0.0000  max mem: 5880
      ITM Evaluation: [2600/6156]  eta: 0:02:06    time: 0.0376  data: 0.0000  max mem: 5880
      ITM Evaluation: [2700/6156]  eta: 0:02:02    time: 0.0370  data: 0.0000  max mem: 5880
      ITM Evaluation: [2800/6156]  eta: 0:01:59    time: 0.0349  data: 0.0000  max mem: 5880
      ITM Evaluation: [2900/6156]  eta: 0:01:56    time: 0.0346  data: 0.0000  max mem: 5880
      ITM Evaluation: [3000/6156]  eta: 0:01:52    time: 0.0345  data: 0.0000  max mem: 5880
      ITM Evaluation: [3100/6156]  eta: 0:01:48    time: 0.0345  data: 0.0000  max mem: 5880
      ITM Evaluation: [3200/6156]  eta: 0:01:45    time: 0.0347  data: 0.0000  max mem: 5880
      ITM Evaluation: [3300/6156]  eta: 0:01:41    time: 0.0357  data: 0.0000  max mem: 5880
      ITM Evaluation: [3400/6156]  eta: 0:01:38    time: 0.0350  data: 0.0000  max mem: 5880
      ITM Evaluation: [3500/6156]  eta: 0:01:34    time: 0.0341  data: 0.0000  max mem: 5880
      ITM Evaluation: [3600/6156]  eta: 0:01:30    time: 0.0347  data: 0.0000  max mem: 5880
      ITM Evaluation: [3700/6156]  eta: 0:01:27    time: 0.0348  data: 0.0000  max mem: 5880
      ITM Evaluation: [3800/6156]  eta: 0:01:23    time: 0.0346  data: 0.0000  max mem: 5880
      ITM Evaluation: [3900/6156]  eta: 0:01:20    time: 0.0362  data: 0.0000  max mem: 5880
      ITM Evaluation: [4000/6156]  eta: 0:01:16    time: 0.0363  data: 0.0000  max mem: 5880
      ITM Evaluation: [4100/6156]  eta: 0:01:13    time: 0.0366  data: 0.0000  max mem: 5880
      ITM Evaluation: [4200/6156]  eta: 0:01:09    time: 0.0364  data: 0.0000  max mem: 5880
      ITM Evaluation: [4300/6156]  eta: 0:01:06    time: 0.0357  data: 0.0000  max mem: 5880
      ITM Evaluation: [4400/6156]  eta: 0:01:02    time: 0.0348  data: 0.0000  max mem: 5880
      ITM Evaluation: [4500/6156]  eta: 0:00:58    time: 0.0354  data: 0.0000  max mem: 5880
      ITM Evaluation: [4600/6156]  eta: 0:00:55    time: 0.0357  data: 0.0000  max mem: 5880
      ITM Evaluation: [4700/6156]  eta: 0:00:51    time: 0.0373  data: 0.0000  max mem: 5880
      ITM Evaluation: [4800/6156]  eta: 0:00:48    time: 0.0343  data: 0.0000  max mem: 5880
      ITM Evaluation: [4900/6156]  eta: 0:00:44    time: 0.0364  data: 0.0000  max mem: 5880
      ITM Evaluation: [5000/6156]  eta: 0:00:41    time: 0.0346  data: 0.0000  max mem: 5880
      ITM Evaluation: [5100/6156]  eta: 0:00:37    time: 0.0357  data: 0.0000  max mem: 5880
      ITM Evaluation: [5200/6156]  eta: 0:00:33    time: 0.0351  data: 0.0000  max mem: 5880
      ITM Evaluation: [5300/6156]  eta: 0:00:30    time: 0.0340  data: 0.0000  max mem: 5880
      ITM Evaluation: [5400/6156]  eta: 0:00:26    time: 0.0347  data: 0.0000  max mem: 5880
      ITM Evaluation: [5500/6156]  eta: 0:00:23    time: 0.0346  data: 0.0000  max mem: 5880
      ITM Evaluation: [5600/6156]  eta: 0:00:19    time: 0.0346  data: 0.0000  max mem: 5880
      ITM Evaluation: [5700/6156]  eta: 0:00:16    time: 0.0344  data: 0.0000  max mem: 5880
      ITM Evaluation: [5800/6156]  eta: 0:00:12    time: 0.0339  data: 0.0000  max mem: 5880
      ITM Evaluation: [5900/6156]  eta: 0:00:09    time: 0.0340  data: 0.0000  max mem: 5880
      ITM Evaluation: [6000/6156]  eta: 0:00:05    time: 0.0347  data: 0.0000  max mem: 5880
      ITM Evaluation: [6100/6156]  eta: 0:00:01    time: 0.0351  data: 0.0000  max mem: 5880
      ITM Evaluation: [6155/6156]  eta: 0:00:00    time: 0.0348  data: 0.0000  max mem: 5880
      ITM Evaluation: Total time: 0:03:37 (0.0354 s / it)
     total_time 217.92772150039673
     Computing matching score time 0:03:37
### TTA ITM Score: 
+-------+--------+--------+--------+--------+--------+
| epoch |   R1   |   R5   |  R10   |  mAP   |  mINP  |
+-------+--------+--------+--------+--------+--------+
|  -999 | 70.760 | 87.378 | 92.268 | 63.849 | 48.174 |
|  -999 | 76.170 | 89.457 | 93.600 | 65.570 | 47.372 |
|   0   | 73.847 | 88.207 | 92.398 | 64.621 | 47.512 |
|   1   | 74.025 | 88.272 | 92.625 | 64.465 | 47.017 |
|   2   | 72.823 | 86.501 | 90.335 | 60.420 | 40.080 |
|   3   | 73.977 | 88.223 | 92.316 | 64.280 | 46.785 |
|   4   | 73.944 | 88.288 | 92.430 | 64.280 | 46.710 |
|   5   | 73.424 | 87.719 | 91.910 | 63.075 | 44.540 |
|   6   | 73.554 | 87.930 | 91.878 | 63.135 | 44.509 |
|   7   | 73.554 | 88.093 | 92.170 | 63.594 | 45.398 |
|   8   | 73.538 | 87.914 | 91.959 | 63.196 | 44.632 |
|   9   | 73.506 | 87.865 | 91.520 | 62.490 | 43.290 |
|   10  | 73.343 | 87.979 | 91.845 | 63.113 | 44.558 |
|   11  | 73.359 | 87.979 | 91.715 | 63.037 | 44.431 |
|   12  | 73.311 | 87.930 | 91.520 | 62.577 | 43.533 |
|   13  | 73.311 | 87.930 | 91.634 | 62.961 | 44.286 |
|   14  | 73.327 | 87.963 | 91.585 | 62.788 | 43.932 |
+-------+--------+--------+--------+--------+--------+
     logs:  {'epo': 14, 'R1': 73.327, 'R5': 87.963, 'R10': 91.585, 'mAP': 62.788, 'mINP': 43.932, 'lr': 0.000107, 'entropy': 0.114217, 'loss': 2.706011}
      TTA Epoch: [15] [  0/109]  eta: 0:01:43  lr: 0.000104  entropy: 0.0888  loss: 2.6977  time: 0.9490  data: 0.8130  max mem: 5880
      TTA Epoch: [15] [100/109]  eta: 0:00:00  lr: 0.000098  entropy: 0.0863  loss: 2.6939  time: 0.0528  data: 0.0001  max mem: 5880
      TTA Epoch: [15] [108/109]  eta: 0:00:00  lr: 0.000097  entropy: 0.1180  loss: 2.7037  time: 0.0503  data: 0.0001  max mem: 5880
      TTA Epoch: [15] Total time: 0:00:07 (0.0665 s / it)
     Averaged stats: lr: 0.0001  entropy: 0.1156  loss: 2.7065
     itm tta time 0:00:07
     Computing matching score
      ITM Evaluation: [   0/6156]  eta: 0:04:44    time: 0.0462  data: 0.0115  max mem: 5880
      ITM Evaluation: [ 100/6156]  eta: 0:03:27    time: 0.0339  data: 0.0000  max mem: 5880
      ITM Evaluation: [ 200/6156]  eta: 0:03:23    time: 0.0349  data: 0.0000  max mem: 5880
      ITM Evaluation: [ 300/6156]  eta: 0:03:19    time: 0.0329  data: 0.0000  max mem: 5880
      ITM Evaluation: [ 400/6156]  eta: 0:03:14    time: 0.0328  data: 0.0000  max mem: 5880
      ITM Evaluation: [ 500/6156]  eta: 0:03:11    time: 0.0344  data: 0.0000  max mem: 5880
      ITM Evaluation: [ 600/6156]  eta: 0:03:08    time: 0.0343  data: 0.0000  max mem: 5880
      ITM Evaluation: [ 700/6156]  eta: 0:03:06    time: 0.0348  data: 0.0000  max mem: 5880
      ITM Evaluation: [ 800/6156]  eta: 0:03:03    time: 0.0346  data: 0.0000  max mem: 5880
      ITM Evaluation: [ 900/6156]  eta: 0:03:00    time: 0.0348  data: 0.0000  max mem: 5880
      ITM Evaluation: [1000/6156]  eta: 0:02:56    time: 0.0350  data: 0.0000  max mem: 5880
      ITM Evaluation: [1100/6156]  eta: 0:02:53    time: 0.0340  data: 0.0000  max mem: 5880
      ITM Evaluation: [1200/6156]  eta: 0:02:50    time: 0.0352  data: 0.0000  max mem: 5880
      ITM Evaluation: [1300/6156]  eta: 0:02:46    time: 0.0338  data: 0.0000  max mem: 5880
      ITM Evaluation: [1400/6156]  eta: 0:02:43    time: 0.0366  data: 0.0000  max mem: 5880
      ITM Evaluation: [1500/6156]  eta: 0:02:40    time: 0.0349  data: 0.0000  max mem: 5880
      ITM Evaluation: [1600/6156]  eta: 0:02:37    time: 0.0355  data: 0.0000  max mem: 5880
      ITM Evaluation: [1700/6156]  eta: 0:02:33    time: 0.0371  data: 0.0000  max mem: 5880
      ITM Evaluation: [1800/6156]  eta: 0:02:30    time: 0.0348  data: 0.0000  max mem: 5880
      ITM Evaluation: [1900/6156]  eta: 0:02:26    time: 0.0352  data: 0.0000  max mem: 5880
      ITM Evaluation: [2000/6156]  eta: 0:02:23    time: 0.0347  data: 0.0000  max mem: 5880
      ITM Evaluation: [2100/6156]  eta: 0:02:19    time: 0.0339  data: 0.0000  max mem: 5880
      ITM Evaluation: [2200/6156]  eta: 0:02:16    time: 0.0341  data: 0.0000  max mem: 5880
      ITM Evaluation: [2300/6156]  eta: 0:02:12    time: 0.0343  data: 0.0000  max mem: 5880
      ITM Evaluation: [2400/6156]  eta: 0:02:09    time: 0.0366  data: 0.0000  max mem: 5880
      ITM Evaluation: [2500/6156]  eta: 0:02:06    time: 0.0358  data: 0.0000  max mem: 5880
      ITM Evaluation: [2600/6156]  eta: 0:02:02    time: 0.0357  data: 0.0000  max mem: 5880
      ITM Evaluation: [2700/6156]  eta: 0:01:59    time: 0.0347  data: 0.0000  max mem: 5880
      ITM Evaluation: [2800/6156]  eta: 0:01:55    time: 0.0341  data: 0.0000  max mem: 5880
      ITM Evaluation: [2900/6156]  eta: 0:01:52    time: 0.0348  data: 0.0000  max mem: 5880
      ITM Evaluation: [3000/6156]  eta: 0:01:48    time: 0.0352  data: 0.0000  max mem: 5880
      ITM Evaluation: [3100/6156]  eta: 0:01:45    time: 0.0346  data: 0.0000  max mem: 5880
      ITM Evaluation: [3200/6156]  eta: 0:01:42    time: 0.0349  data: 0.0000  max mem: 5880
      ITM Evaluation: [3300/6156]  eta: 0:01:38    time: 0.0349  data: 0.0000  max mem: 5880
      ITM Evaluation: [3400/6156]  eta: 0:01:35    time: 0.0337  data: 0.0000  max mem: 5880
      ITM Evaluation: [3500/6156]  eta: 0:01:31    time: 0.0349  data: 0.0000  max mem: 5880
      ITM Evaluation: [3600/6156]  eta: 0:01:28    time: 0.0371  data: 0.0000  max mem: 5880
      ITM Evaluation: [3700/6156]  eta: 0:01:24    time: 0.0346  data: 0.0000  max mem: 5880
      ITM Evaluation: [3800/6156]  eta: 0:01:21    time: 0.0346  data: 0.0000  max mem: 5880
      ITM Evaluation: [3900/6156]  eta: 0:01:18    time: 0.0360  data: 0.0000  max mem: 5880
      ITM Evaluation: [4000/6156]  eta: 0:01:14    time: 0.0343  data: 0.0000  max mem: 5880
      ITM Evaluation: [4100/6156]  eta: 0:01:11    time: 0.0353  data: 0.0000  max mem: 5880
      ITM Evaluation: [4200/6156]  eta: 0:01:07    time: 0.0337  data: 0.0000  max mem: 5880
      ITM Evaluation: [4300/6156]  eta: 0:01:04    time: 0.0341  data: 0.0000  max mem: 5880
      ITM Evaluation: [4400/6156]  eta: 0:01:00    time: 0.0344  data: 0.0000  max mem: 5880
      ITM Evaluation: [4500/6156]  eta: 0:00:57    time: 0.0345  data: 0.0000  max mem: 5880
      ITM Evaluation: [4600/6156]  eta: 0:00:53    time: 0.0354  data: 0.0000  max mem: 5880
      ITM Evaluation: [4700/6156]  eta: 0:00:50    time: 0.0347  data: 0.0000  max mem: 5880
      ITM Evaluation: [4800/6156]  eta: 0:00:46    time: 0.0351  data: 0.0000  max mem: 5880
      ITM Evaluation: [4900/6156]  eta: 0:00:43    time: 0.0354  data: 0.0000  max mem: 5880
      ITM Evaluation: [5000/6156]  eta: 0:00:39    time: 0.0338  data: 0.0000  max mem: 5880
      ITM Evaluation: [5100/6156]  eta: 0:00:36    time: 0.0340  data: 0.0000  max mem: 5880
      ITM Evaluation: [5200/6156]  eta: 0:00:33    time: 0.0343  data: 0.0000  max mem: 5880
      ITM Evaluation: [5300/6156]  eta: 0:00:29    time: 0.0338  data: 0.0000  max mem: 5880
      ITM Evaluation: [5400/6156]  eta: 0:00:26    time: 0.0335  data: 0.0000  max mem: 5880
      ITM Evaluation: [5500/6156]  eta: 0:00:22    time: 0.0347  data: 0.0000  max mem: 5880
      ITM Evaluation: [5600/6156]  eta: 0:00:19    time: 0.0353  data: 0.0000  max mem: 5880
      ITM Evaluation: [5700/6156]  eta: 0:00:15    time: 0.0347  data: 0.0000  max mem: 5880
      ITM Evaluation: [5800/6156]  eta: 0:00:12    time: 0.0351  data: 0.0000  max mem: 5880
      ITM Evaluation: [5900/6156]  eta: 0:00:08    time: 0.0350  data: 0.0000  max mem: 5880
      ITM Evaluation: [6000/6156]  eta: 0:00:05    time: 0.0346  data: 0.0000  max mem: 5880
      ITM Evaluation: [6100/6156]  eta: 0:00:01    time: 0.0348  data: 0.0000  max mem: 5880
      ITM Evaluation: [6155/6156]  eta: 0:00:00    time: 0.0344  data: 0.0000  max mem: 5880
      ITM Evaluation: Total time: 0:03:33 (0.0346 s / it)
     total_time 213.12204146385193
     Computing matching score time 0:03:33
### TTA ITM Score: 
+-------+--------+--------+--------+--------+--------+
| epoch |   R1   |   R5   |  R10   |  mAP   |  mINP  |
+-------+--------+--------+--------+--------+--------+
|  -999 | 70.760 | 87.378 | 92.268 | 63.849 | 48.174 |
|  -999 | 76.170 | 89.457 | 93.600 | 65.570 | 47.372 |
|   0   | 73.847 | 88.207 | 92.398 | 64.621 | 47.512 |
|   1   | 74.025 | 88.272 | 92.625 | 64.465 | 47.017 |
|   2   | 72.823 | 86.501 | 90.335 | 60.420 | 40.080 |
|   3   | 73.977 | 88.223 | 92.316 | 64.280 | 46.785 |
|   4   | 73.944 | 88.288 | 92.430 | 64.280 | 46.710 |
|   5   | 73.424 | 87.719 | 91.910 | 63.075 | 44.540 |
|   6   | 73.554 | 87.930 | 91.878 | 63.135 | 44.509 |
|   7   | 73.554 | 88.093 | 92.170 | 63.594 | 45.398 |
|   8   | 73.538 | 87.914 | 91.959 | 63.196 | 44.632 |
|   9   | 73.506 | 87.865 | 91.520 | 62.490 | 43.290 |
|   10  | 73.343 | 87.979 | 91.845 | 63.113 | 44.558 |
|   11  | 73.359 | 87.979 | 91.715 | 63.037 | 44.431 |
|   12  | 73.311 | 87.930 | 91.520 | 62.577 | 43.533 |
|   13  | 73.311 | 87.930 | 91.634 | 62.961 | 44.286 |
|   14  | 73.327 | 87.963 | 91.585 | 62.788 | 43.932 |
|   15  | 73.359 | 88.028 | 91.732 | 63.033 | 44.366 |
+-------+--------+--------+--------+--------+--------+
     logs:  {'epo': 15, 'R1': 73.359, 'R5': 88.028, 'R10': 91.732, 'mAP': 63.033, 'mINP': 44.366, 'lr': 0.000101, 'entropy': 0.115556, 'loss': 2.706543}
      TTA Epoch: [16] [  0/109]  eta: 0:01:57  lr: 0.000097  entropy: 0.1426  loss: 2.7199  time: 1.0744  data: 0.9002  max mem: 5880
      TTA Epoch: [16] [100/109]  eta: 0:00:00  lr: 0.000091  entropy: 0.1671  loss: 2.7277  time: 0.0502  data: 0.0001  max mem: 5880
      TTA Epoch: [16] [108/109]  eta: 0:00:00  lr: 0.000090  entropy: 0.1122  loss: 2.7062  time: 0.0463  data: 0.0001  max mem: 5880
      TTA Epoch: [16] Total time: 0:00:07 (0.0660 s / it)
     Averaged stats: lr: 0.0001  entropy: 0.1119  loss: 2.7052
     itm tta time 0:00:07
     Computing matching score
      ITM Evaluation: [   0/6156]  eta: 0:04:03    time: 0.0396  data: 0.0067  max mem: 5880
      ITM Evaluation: [ 100/6156]  eta: 0:03:30    time: 0.0346  data: 0.0000  max mem: 5880
      ITM Evaluation: [ 200/6156]  eta: 0:03:27    time: 0.0353  data: 0.0000  max mem: 5880
      ITM Evaluation: [ 300/6156]  eta: 0:03:22    time: 0.0340  data: 0.0000  max mem: 5880
      ITM Evaluation: [ 400/6156]  eta: 0:03:18    time: 0.0347  data: 0.0000  max mem: 5880
      ITM Evaluation: [ 500/6156]  eta: 0:03:15    time: 0.0344  data: 0.0000  max mem: 5880
      ITM Evaluation: [ 600/6156]  eta: 0:03:11    time: 0.0338  data: 0.0000  max mem: 5880
      ITM Evaluation: [ 700/6156]  eta: 0:03:08    time: 0.0350  data: 0.0000  max mem: 5880
      ITM Evaluation: [ 800/6156]  eta: 0:03:04    time: 0.0337  data: 0.0000  max mem: 5880
      ITM Evaluation: [ 900/6156]  eta: 0:03:01    time: 0.0337  data: 0.0000  max mem: 5880
      ITM Evaluation: [1000/6156]  eta: 0:02:57    time: 0.0348  data: 0.0000  max mem: 5880
      ITM Evaluation: [1100/6156]  eta: 0:02:54    time: 0.0341  data: 0.0000  max mem: 5880
      ITM Evaluation: [1200/6156]  eta: 0:02:50    time: 0.0335  data: 0.0000  max mem: 5880
      ITM Evaluation: [1300/6156]  eta: 0:02:47    time: 0.0344  data: 0.0000  max mem: 5880
      ITM Evaluation: [1400/6156]  eta: 0:02:43    time: 0.0339  data: 0.0000  max mem: 5880
      ITM Evaluation: [1500/6156]  eta: 0:02:40    time: 0.0343  data: 0.0000  max mem: 5880
      ITM Evaluation: [1600/6156]  eta: 0:02:37    time: 0.0360  data: 0.0000  max mem: 5880
      ITM Evaluation: [1700/6156]  eta: 0:02:34    time: 0.0363  data: 0.0000  max mem: 5880
      ITM Evaluation: [1800/6156]  eta: 0:02:30    time: 0.0356  data: 0.0000  max mem: 5880
      ITM Evaluation: [1900/6156]  eta: 0:02:27    time: 0.0338  data: 0.0000  max mem: 5880
      ITM Evaluation: [2000/6156]  eta: 0:02:23    time: 0.0343  data: 0.0000  max mem: 5880
      ITM Evaluation: [2100/6156]  eta: 0:02:20    time: 0.0335  data: 0.0000  max mem: 5880
      ITM Evaluation: [2200/6156]  eta: 0:02:17    time: 0.0355  data: 0.0000  max mem: 5880
      ITM Evaluation: [2300/6156]  eta: 0:02:13    time: 0.0348  data: 0.0000  max mem: 5880
      ITM Evaluation: [2400/6156]  eta: 0:02:10    time: 0.0345  data: 0.0000  max mem: 5880
      ITM Evaluation: [2500/6156]  eta: 0:02:06    time: 0.0348  data: 0.0000  max mem: 5880
      ITM Evaluation: [2600/6156]  eta: 0:02:03    time: 0.0360  data: 0.0000  max mem: 5880
      ITM Evaluation: [2700/6156]  eta: 0:02:00    time: 0.0338  data: 0.0000  max mem: 5880
      ITM Evaluation: [2800/6156]  eta: 0:01:56    time: 0.0341  data: 0.0000  max mem: 5880
      ITM Evaluation: [2900/6156]  eta: 0:01:53    time: 0.0343  data: 0.0000  max mem: 5880
      ITM Evaluation: [3000/6156]  eta: 0:01:49    time: 0.0351  data: 0.0000  max mem: 5880
      ITM Evaluation: [3100/6156]  eta: 0:01:46    time: 0.0358  data: 0.0000  max mem: 5880
      ITM Evaluation: [3200/6156]  eta: 0:01:42    time: 0.0354  data: 0.0000  max mem: 5880
      ITM Evaluation: [3300/6156]  eta: 0:01:39    time: 0.0336  data: 0.0000  max mem: 5880
      ITM Evaluation: [3400/6156]  eta: 0:01:35    time: 0.0404  data: 0.0000  max mem: 5880
      ITM Evaluation: [3500/6156]  eta: 0:01:32    time: 0.0354  data: 0.0000  max mem: 5880
      ITM Evaluation: [3600/6156]  eta: 0:01:29    time: 0.0387  data: 0.0000  max mem: 5880
      ITM Evaluation: [3700/6156]  eta: 0:01:25    time: 0.0342  data: 0.0000  max mem: 5880
      ITM Evaluation: [3800/6156]  eta: 0:01:21    time: 0.0346  data: 0.0000  max mem: 5880
      ITM Evaluation: [3900/6156]  eta: 0:01:18    time: 0.0345  data: 0.0000  max mem: 5880
      ITM Evaluation: [4000/6156]  eta: 0:01:15    time: 0.0369  data: 0.0000  max mem: 5880
      ITM Evaluation: [4100/6156]  eta: 0:01:11    time: 0.0341  data: 0.0000  max mem: 5880
      ITM Evaluation: [4200/6156]  eta: 0:01:08    time: 0.0340  data: 0.0000  max mem: 5880
      ITM Evaluation: [4300/6156]  eta: 0:01:04    time: 0.0335  data: 0.0000  max mem: 5880
      ITM Evaluation: [4400/6156]  eta: 0:01:01    time: 0.0339  data: 0.0000  max mem: 5880
      ITM Evaluation: [4500/6156]  eta: 0:00:57    time: 0.0342  data: 0.0000  max mem: 5880
      ITM Evaluation: [4600/6156]  eta: 0:00:54    time: 0.0372  data: 0.0000  max mem: 5880
      ITM Evaluation: [4700/6156]  eta: 0:00:50    time: 0.0358  data: 0.0000  max mem: 5880
      ITM Evaluation: [4800/6156]  eta: 0:00:47    time: 0.0334  data: 0.0000  max mem: 5880
      ITM Evaluation: [4900/6156]  eta: 0:00:43    time: 0.0349  data: 0.0000  max mem: 5880
      ITM Evaluation: [5000/6156]  eta: 0:00:40    time: 0.0354  data: 0.0000  max mem: 5880
      ITM Evaluation: [5100/6156]  eta: 0:00:36    time: 0.0394  data: 0.0000  max mem: 5880
      ITM Evaluation: [5200/6156]  eta: 0:00:33    time: 0.0353  data: 0.0000  max mem: 5880
      ITM Evaluation: [5300/6156]  eta: 0:00:29    time: 0.0359  data: 0.0000  max mem: 5880
      ITM Evaluation: [5400/6156]  eta: 0:00:26    time: 0.0349  data: 0.0000  max mem: 5880
      ITM Evaluation: [5500/6156]  eta: 0:00:22    time: 0.0341  data: 0.0000  max mem: 5880
      ITM Evaluation: [5600/6156]  eta: 0:00:19    time: 0.0343  data: 0.0000  max mem: 5880
      ITM Evaluation: [5700/6156]  eta: 0:00:15    time: 0.0346  data: 0.0000  max mem: 5880
      ITM Evaluation: [5800/6156]  eta: 0:00:12    time: 0.0358  data: 0.0000  max mem: 5880
      ITM Evaluation: [5900/6156]  eta: 0:00:08    time: 0.0342  data: 0.0000  max mem: 5880
      ITM Evaluation: [6000/6156]  eta: 0:00:05    time: 0.0349  data: 0.0000  max mem: 5880
      ITM Evaluation: [6100/6156]  eta: 0:00:01    time: 0.0360  data: 0.0000  max mem: 5880
      ITM Evaluation: [6155/6156]  eta: 0:00:00    time: 0.0364  data: 0.0000  max mem: 5880
      ITM Evaluation: Total time: 0:03:35 (0.0350 s / it)
     total_time 215.36500644683838
     Computing matching score time 0:03:35
### TTA ITM Score: 
+-------+--------+--------+--------+--------+--------+
| epoch |   R1   |   R5   |  R10   |  mAP   |  mINP  |
+-------+--------+--------+--------+--------+--------+
|  -999 | 70.760 | 87.378 | 92.268 | 63.849 | 48.174 |
|  -999 | 76.170 | 89.457 | 93.600 | 65.570 | 47.372 |
|   0   | 73.847 | 88.207 | 92.398 | 64.621 | 47.512 |
|   1   | 74.025 | 88.272 | 92.625 | 64.465 | 47.017 |
|   2   | 72.823 | 86.501 | 90.335 | 60.420 | 40.080 |
|   3   | 73.977 | 88.223 | 92.316 | 64.280 | 46.785 |
|   4   | 73.944 | 88.288 | 92.430 | 64.280 | 46.710 |
|   5   | 73.424 | 87.719 | 91.910 | 63.075 | 44.540 |
|   6   | 73.554 | 87.930 | 91.878 | 63.135 | 44.509 |
|   7   | 73.554 | 88.093 | 92.170 | 63.594 | 45.398 |
|   8   | 73.538 | 87.914 | 91.959 | 63.196 | 44.632 |
|   9   | 73.506 | 87.865 | 91.520 | 62.490 | 43.290 |
|   10  | 73.343 | 87.979 | 91.845 | 63.113 | 44.558 |
|   11  | 73.359 | 87.979 | 91.715 | 63.037 | 44.431 |
|   12  | 73.311 | 87.930 | 91.520 | 62.577 | 43.533 |
|   13  | 73.311 | 87.930 | 91.634 | 62.961 | 44.286 |
|   14  | 73.327 | 87.963 | 91.585 | 62.788 | 43.932 |
|   15  | 73.359 | 88.028 | 91.732 | 63.033 | 44.366 |
|   16  | 73.262 | 87.995 | 91.634 | 62.734 | 43.834 |
+-------+--------+--------+--------+--------+--------+
     logs:  {'epo': 16, 'R1': 73.262, 'R5': 87.995, 'R10': 91.634, 'mAP': 62.734, 'mINP': 43.834, 'lr': 9.4e-05, 'entropy': 0.111868, 'loss': 2.705157}
      TTA Epoch: [17] [  0/109]  eta: 0:01:23  lr: 0.000090  entropy: 0.1294  loss: 2.7094  time: 0.7647  data: 0.6437  max mem: 5880
      TTA Epoch: [17] [100/109]  eta: 0:00:00  lr: 0.000084  entropy: 0.0260  loss: 2.6693  time: 0.0484  data: 0.0002  max mem: 5880
      TTA Epoch: [17] [108/109]  eta: 0:00:00  lr: 0.000084  entropy: 0.0956  loss: 2.6964  time: 0.0473  data: 0.0001  max mem: 5880
      TTA Epoch: [17] Total time: 0:00:06 (0.0587 s / it)
     Averaged stats: lr: 0.0001  entropy: 0.1094  loss: 2.7042
     itm tta time 0:00:06
     Computing matching score
      ITM Evaluation: [   0/6156]  eta: 0:04:05    time: 0.0399  data: 0.0064  max mem: 5880
      ITM Evaluation: [ 100/6156]  eta: 0:03:26    time: 0.0347  data: 0.0000  max mem: 5880
      ITM Evaluation: [ 200/6156]  eta: 0:03:22    time: 0.0337  data: 0.0000  max mem: 5880
      ITM Evaluation: [ 300/6156]  eta: 0:03:18    time: 0.0333  data: 0.0000  max mem: 5880
      ITM Evaluation: [ 400/6156]  eta: 0:03:16    time: 0.0345  data: 0.0000  max mem: 5880
      ITM Evaluation: [ 500/6156]  eta: 0:03:13    time: 0.0339  data: 0.0000  max mem: 5880
      ITM Evaluation: [ 600/6156]  eta: 0:03:10    time: 0.0354  data: 0.0000  max mem: 5880
      ITM Evaluation: [ 700/6156]  eta: 0:03:07    time: 0.0349  data: 0.0000  max mem: 5880
      ITM Evaluation: [ 800/6156]  eta: 0:03:07    time: 0.0404  data: 0.0000  max mem: 5880
      ITM Evaluation: [ 900/6156]  eta: 0:03:04    time: 0.0353  data: 0.0000  max mem: 5880
      ITM Evaluation: [1000/6156]  eta: 0:03:00    time: 0.0342  data: 0.0000  max mem: 5880
      ITM Evaluation: [1100/6156]  eta: 0:02:56    time: 0.0350  data: 0.0000  max mem: 5880
      ITM Evaluation: [1200/6156]  eta: 0:02:53    time: 0.0366  data: 0.0000  max mem: 5880
      ITM Evaluation: [1300/6156]  eta: 0:02:50    time: 0.0361  data: 0.0000  max mem: 5880
      ITM Evaluation: [1400/6156]  eta: 0:02:47    time: 0.0359  data: 0.0000  max mem: 5880
      ITM Evaluation: [1500/6156]  eta: 0:02:44    time: 0.0372  data: 0.0000  max mem: 5880
      ITM Evaluation: [1600/6156]  eta: 0:02:41    time: 0.0342  data: 0.0000  max mem: 5880
      ITM Evaluation: [1700/6156]  eta: 0:02:37    time: 0.0350  data: 0.0000  max mem: 5880
      ITM Evaluation: [1800/6156]  eta: 0:02:33    time: 0.0342  data: 0.0000  max mem: 5880
      ITM Evaluation: [1900/6156]  eta: 0:02:29    time: 0.0340  data: 0.0000  max mem: 5880
      ITM Evaluation: [2000/6156]  eta: 0:02:26    time: 0.0365  data: 0.0000  max mem: 5880
      ITM Evaluation: [2100/6156]  eta: 0:02:23    time: 0.0350  data: 0.0000  max mem: 5880
      ITM Evaluation: [2200/6156]  eta: 0:02:19    time: 0.0345  data: 0.0000  max mem: 5880
      ITM Evaluation: [2300/6156]  eta: 0:02:15    time: 0.0342  data: 0.0000  max mem: 5880
      ITM Evaluation: [2400/6156]  eta: 0:02:12    time: 0.0373  data: 0.0000  max mem: 5880
      ITM Evaluation: [2500/6156]  eta: 0:02:08    time: 0.0343  data: 0.0000  max mem: 5880
      ITM Evaluation: [2600/6156]  eta: 0:02:05    time: 0.0334  data: 0.0000  max mem: 5880
      ITM Evaluation: [2700/6156]  eta: 0:02:01    time: 0.0343  data: 0.0000  max mem: 5880
      ITM Evaluation: [2800/6156]  eta: 0:01:57    time: 0.0352  data: 0.0000  max mem: 5880
      ITM Evaluation: [2900/6156]  eta: 0:01:54    time: 0.0333  data: 0.0000  max mem: 5880
      ITM Evaluation: [3000/6156]  eta: 0:01:50    time: 0.0336  data: 0.0000  max mem: 5880
      ITM Evaluation: [3100/6156]  eta: 0:01:47    time: 0.0345  data: 0.0000  max mem: 5880
      ITM Evaluation: [3200/6156]  eta: 0:01:43    time: 0.0335  data: 0.0000  max mem: 5880
      ITM Evaluation: [3300/6156]  eta: 0:01:40    time: 0.0335  data: 0.0000  max mem: 5880
      ITM Evaluation: [3400/6156]  eta: 0:01:36    time: 0.0358  data: 0.0000  max mem: 5880
      ITM Evaluation: [3500/6156]  eta: 0:01:33    time: 0.0340  data: 0.0000  max mem: 5880
      ITM Evaluation: [3600/6156]  eta: 0:01:29    time: 0.0352  data: 0.0000  max mem: 5880
      ITM Evaluation: [3700/6156]  eta: 0:01:25    time: 0.0341  data: 0.0000  max mem: 5880
      ITM Evaluation: [3800/6156]  eta: 0:01:22    time: 0.0364  data: 0.0000  max mem: 5880
      ITM Evaluation: [3900/6156]  eta: 0:01:18    time: 0.0339  data: 0.0000  max mem: 5880
      ITM Evaluation: [4000/6156]  eta: 0:01:15    time: 0.0354  data: 0.0000  max mem: 5880
      ITM Evaluation: [4100/6156]  eta: 0:01:12    time: 0.0359  data: 0.0000  max mem: 5880
      ITM Evaluation: [4200/6156]  eta: 0:01:08    time: 0.0338  data: 0.0000  max mem: 5880
      ITM Evaluation: [4300/6156]  eta: 0:01:05    time: 0.0360  data: 0.0000  max mem: 5880
      ITM Evaluation: [4400/6156]  eta: 0:01:01    time: 0.0351  data: 0.0000  max mem: 5880
      ITM Evaluation: [4500/6156]  eta: 0:00:57    time: 0.0343  data: 0.0000  max mem: 5880
      ITM Evaluation: [4600/6156]  eta: 0:00:54    time: 0.0358  data: 0.0000  max mem: 5880
      ITM Evaluation: [4700/6156]  eta: 0:00:50    time: 0.0345  data: 0.0000  max mem: 5880
      ITM Evaluation: [4800/6156]  eta: 0:00:47    time: 0.0353  data: 0.0000  max mem: 5880
      ITM Evaluation: [4900/6156]  eta: 0:00:44    time: 0.0349  data: 0.0000  max mem: 5880
      ITM Evaluation: [5000/6156]  eta: 0:00:40    time: 0.0365  data: 0.0000  max mem: 5880
      ITM Evaluation: [5100/6156]  eta: 0:00:37    time: 0.0356  data: 0.0000  max mem: 5880
      ITM Evaluation: [5200/6156]  eta: 0:00:33    time: 0.0372  data: 0.0000  max mem: 5880
      ITM Evaluation: [5300/6156]  eta: 0:00:30    time: 0.0358  data: 0.0000  max mem: 5880
      ITM Evaluation: [5400/6156]  eta: 0:00:26    time: 0.0349  data: 0.0000  max mem: 5880
      ITM Evaluation: [5500/6156]  eta: 0:00:23    time: 0.0356  data: 0.0000  max mem: 5880
      ITM Evaluation: [5600/6156]  eta: 0:00:19    time: 0.0340  data: 0.0000  max mem: 5880
      ITM Evaluation: [5700/6156]  eta: 0:00:16    time: 0.0346  data: 0.0000  max mem: 5880
      ITM Evaluation: [5800/6156]  eta: 0:00:12    time: 0.0353  data: 0.0000  max mem: 5880
      ITM Evaluation: [5900/6156]  eta: 0:00:09    time: 0.0355  data: 0.0000  max mem: 5880
      ITM Evaluation: [6000/6156]  eta: 0:00:05    time: 0.0353  data: 0.0000  max mem: 5880
      ITM Evaluation: [6100/6156]  eta: 0:00:01    time: 0.0358  data: 0.0000  max mem: 5880
      ITM Evaluation: [6155/6156]  eta: 0:00:00    time: 0.0354  data: 0.0000  max mem: 5880
      ITM Evaluation: Total time: 0:03:36 (0.0352 s / it)
     total_time 216.87071299552917
     Computing matching score time 0:03:36
### TTA ITM Score: 
+-------+--------+--------+--------+--------+--------+
| epoch |   R1   |   R5   |  R10   |  mAP   |  mINP  |
+-------+--------+--------+--------+--------+--------+
|  -999 | 70.760 | 87.378 | 92.268 | 63.849 | 48.174 |
|  -999 | 76.170 | 89.457 | 93.600 | 65.570 | 47.372 |
|   0   | 73.847 | 88.207 | 92.398 | 64.621 | 47.512 |
|   1   | 74.025 | 88.272 | 92.625 | 64.465 | 47.017 |
|   2   | 72.823 | 86.501 | 90.335 | 60.420 | 40.080 |
|   3   | 73.977 | 88.223 | 92.316 | 64.280 | 46.785 |
|   4   | 73.944 | 88.288 | 92.430 | 64.280 | 46.710 |
|   5   | 73.424 | 87.719 | 91.910 | 63.075 | 44.540 |
|   6   | 73.554 | 87.930 | 91.878 | 63.135 | 44.509 |
|   7   | 73.554 | 88.093 | 92.170 | 63.594 | 45.398 |
|   8   | 73.538 | 87.914 | 91.959 | 63.196 | 44.632 |
|   9   | 73.506 | 87.865 | 91.520 | 62.490 | 43.290 |
|   10  | 73.343 | 87.979 | 91.845 | 63.113 | 44.558 |
|   11  | 73.359 | 87.979 | 91.715 | 63.037 | 44.431 |
|   12  | 73.311 | 87.930 | 91.520 | 62.577 | 43.533 |
|   13  | 73.311 | 87.930 | 91.634 | 62.961 | 44.286 |
|   14  | 73.327 | 87.963 | 91.585 | 62.788 | 43.932 |
|   15  | 73.359 | 88.028 | 91.732 | 63.033 | 44.366 |
|   16  | 73.262 | 87.995 | 91.634 | 62.734 | 43.834 |
|   17  | 73.457 | 87.995 | 91.699 | 62.829 | 43.984 |
+-------+--------+--------+--------+--------+--------+
     logs:  {'epo': 17, 'R1': 73.457, 'R5': 87.995, 'R10': 91.699, 'mAP': 62.829, 'mINP': 43.984, 'lr': 8.7e-05, 'entropy': 0.109367, 'loss': 2.704212}
      TTA Epoch: [18] [  0/109]  eta: 0:01:13  lr: 0.000084  entropy: 0.0646  loss: 2.6884  time: 0.6703  data: 0.5454  max mem: 5880
      TTA Epoch: [18] [100/109]  eta: 0:00:00  lr: 0.000077  entropy: 0.0515  loss: 2.6838  time: 0.0478  data: 0.0001  max mem: 5880
      TTA Epoch: [18] [108/109]  eta: 0:00:00  lr: 0.000077  entropy: 0.0301  loss: 2.6739  time: 0.0449  data: 0.0001  max mem: 5880
      TTA Epoch: [18] Total time: 0:00:06 (0.0571 s / it)
     Averaged stats: lr: 0.0001  entropy: 0.1107  loss: 2.7047
     itm tta time 0:00:06
     Computing matching score
      ITM Evaluation: [   0/6156]  eta: 0:05:31    time: 0.0538  data: 0.0182  max mem: 5880
      ITM Evaluation: [ 100/6156]  eta: 0:03:38    time: 0.0358  data: 0.0000  max mem: 5880
      ITM Evaluation: [ 200/6156]  eta: 0:03:32    time: 0.0342  data: 0.0000  max mem: 5880
      ITM Evaluation: [ 300/6156]  eta: 0:03:29    time: 0.0366  data: 0.0000  max mem: 5880
      ITM Evaluation: [ 400/6156]  eta: 0:03:27    time: 0.0376  data: 0.0000  max mem: 5880
      ITM Evaluation: [ 500/6156]  eta: 0:03:24    time: 0.0370  data: 0.0000  max mem: 5880
      ITM Evaluation: [ 600/6156]  eta: 0:03:20    time: 0.0369  data: 0.0000  max mem: 5880
      ITM Evaluation: [ 700/6156]  eta: 0:03:20    time: 0.0391  data: 0.0000  max mem: 5880
      ITM Evaluation: [ 800/6156]  eta: 0:03:16    time: 0.0367  data: 0.0000  max mem: 5880
      ITM Evaluation: [ 900/6156]  eta: 0:03:12    time: 0.0346  data: 0.0000  max mem: 5880
      ITM Evaluation: [1000/6156]  eta: 0:03:08    time: 0.0365  data: 0.0000  max mem: 5880
      ITM Evaluation: [1100/6156]  eta: 0:03:04    time: 0.0370  data: 0.0000  max mem: 5880
      ITM Evaluation: [1200/6156]  eta: 0:03:02    time: 0.0416  data: 0.0000  max mem: 5880
      ITM Evaluation: [1300/6156]  eta: 0:02:57    time: 0.0317  data: 0.0000  max mem: 5880
      ITM Evaluation: [1400/6156]  eta: 0:02:52    time: 0.0323  data: 0.0000  max mem: 5880
      ITM Evaluation: [1500/6156]  eta: 0:02:47    time: 0.0320  data: 0.0000  max mem: 5880
      ITM Evaluation: [1600/6156]  eta: 0:02:42    time: 0.0318  data: 0.0000  max mem: 5880
      ITM Evaluation: [1700/6156]  eta: 0:02:38    time: 0.0330  data: 0.0000  max mem: 5880
      ITM Evaluation: [1800/6156]  eta: 0:02:33    time: 0.0321  data: 0.0000  max mem: 5880
      ITM Evaluation: [1900/6156]  eta: 0:02:29    time: 0.0316  data: 0.0000  max mem: 5880
      ITM Evaluation: [2000/6156]  eta: 0:02:25    time: 0.0317  data: 0.0000  max mem: 5880
      ITM Evaluation: [2100/6156]  eta: 0:02:21    time: 0.0328  data: 0.0000  max mem: 5880
      ITM Evaluation: [2200/6156]  eta: 0:02:18    time: 0.0463  data: 0.0000  max mem: 5880
      ITM Evaluation: [2300/6156]  eta: 0:02:15    time: 0.0354  data: 0.0000  max mem: 5880
      ITM Evaluation: [2400/6156]  eta: 0:02:12    time: 0.0349  data: 0.0000  max mem: 5880
      ITM Evaluation: [2500/6156]  eta: 0:02:08    time: 0.0321  data: 0.0000  max mem: 5880
      ITM Evaluation: [2600/6156]  eta: 0:02:04    time: 0.0319  data: 0.0000  max mem: 5880
      ITM Evaluation: [2700/6156]  eta: 0:02:00    time: 0.0333  data: 0.0000  max mem: 5880
      ITM Evaluation: [2800/6156]  eta: 0:01:57    time: 0.0329  data: 0.0000  max mem: 5880
      ITM Evaluation: [2900/6156]  eta: 0:01:53    time: 0.0507  data: 0.0000  max mem: 5880
      ITM Evaluation: [3000/6156]  eta: 0:01:50    time: 0.0383  data: 0.0000  max mem: 5880
      ITM Evaluation: [3100/6156]  eta: 0:01:47    time: 0.0373  data: 0.0000  max mem: 5880
      ITM Evaluation: [3200/6156]  eta: 0:01:43    time: 0.0374  data: 0.0000  max mem: 5880
      ITM Evaluation: [3300/6156]  eta: 0:01:40    time: 0.0369  data: 0.0000  max mem: 5880
      ITM Evaluation: [3400/6156]  eta: 0:01:37    time: 0.0385  data: 0.0000  max mem: 5880
      ITM Evaluation: [3500/6156]  eta: 0:01:33    time: 0.0403  data: 0.0000  max mem: 5880
      ITM Evaluation: [3600/6156]  eta: 0:01:30    time: 0.0372  data: 0.0000  max mem: 5880
      ITM Evaluation: [3700/6156]  eta: 0:01:26    time: 0.0334  data: 0.0000  max mem: 5880
      ITM Evaluation: [3800/6156]  eta: 0:01:23    time: 0.0338  data: 0.0000  max mem: 5880
      ITM Evaluation: [3900/6156]  eta: 0:01:19    time: 0.0339  data: 0.0000  max mem: 5880
      ITM Evaluation: [4000/6156]  eta: 0:01:16    time: 0.0340  data: 0.0000  max mem: 5880
      ITM Evaluation: [4100/6156]  eta: 0:01:12    time: 0.0340  data: 0.0000  max mem: 5880
      ITM Evaluation: [4200/6156]  eta: 0:01:08    time: 0.0338  data: 0.0000  max mem: 5880
      ITM Evaluation: [4300/6156]  eta: 0:01:05    time: 0.0325  data: 0.0000  max mem: 5880
      ITM Evaluation: [4400/6156]  eta: 0:01:01    time: 0.0341  data: 0.0000  max mem: 5880
      ITM Evaluation: [4500/6156]  eta: 0:00:58    time: 0.0348  data: 0.0000  max mem: 5880
      ITM Evaluation: [4600/6156]  eta: 0:00:54    time: 0.0400  data: 0.0000  max mem: 5880
      ITM Evaluation: [4700/6156]  eta: 0:00:51    time: 0.0384  data: 0.0000  max mem: 5880
      ITM Evaluation: [4800/6156]  eta: 0:00:47    time: 0.0359  data: 0.0000  max mem: 5880
      ITM Evaluation: [4900/6156]  eta: 0:00:44    time: 0.0344  data: 0.0000  max mem: 5880
      ITM Evaluation: [5000/6156]  eta: 0:00:40    time: 0.0339  data: 0.0000  max mem: 5880
      ITM Evaluation: [5100/6156]  eta: 0:00:37    time: 0.0353  data: 0.0000  max mem: 5880
      ITM Evaluation: [5200/6156]  eta: 0:00:33    time: 0.0353  data: 0.0000  max mem: 5880
      ITM Evaluation: [5300/6156]  eta: 0:00:30    time: 0.0349  data: 0.0000  max mem: 5880
      ITM Evaluation: [5400/6156]  eta: 0:00:26    time: 0.0349  data: 0.0000  max mem: 5880
      ITM Evaluation: [5500/6156]  eta: 0:00:23    time: 0.0349  data: 0.0000  max mem: 5880
      ITM Evaluation: [5600/6156]  eta: 0:00:19    time: 0.0364  data: 0.0000  max mem: 5880
      ITM Evaluation: [5700/6156]  eta: 0:00:16    time: 0.0350  data: 0.0000  max mem: 5880
      ITM Evaluation: [5800/6156]  eta: 0:00:12    time: 0.0409  data: 0.0000  max mem: 5880
      ITM Evaluation: [5900/6156]  eta: 0:00:09    time: 0.0380  data: 0.0000  max mem: 5880
      ITM Evaluation: [6000/6156]  eta: 0:00:05    time: 0.0353  data: 0.0000  max mem: 5880
      ITM Evaluation: [6100/6156]  eta: 0:00:01    time: 0.0350  data: 0.0000  max mem: 5880
      ITM Evaluation: [6155/6156]  eta: 0:00:00    time: 0.0354  data: 0.0000  max mem: 5880
      ITM Evaluation: Total time: 0:03:38 (0.0355 s / it)
     total_time 218.45790195465088
     Computing matching score time 0:03:38
### TTA ITM Score: 
+-------+--------+--------+--------+--------+--------+
| epoch |   R1   |   R5   |  R10   |  mAP   |  mINP  |
+-------+--------+--------+--------+--------+--------+
|  -999 | 70.760 | 87.378 | 92.268 | 63.849 | 48.174 |
|  -999 | 76.170 | 89.457 | 93.600 | 65.570 | 47.372 |
|   0   | 73.847 | 88.207 | 92.398 | 64.621 | 47.512 |
|   1   | 74.025 | 88.272 | 92.625 | 64.465 | 47.017 |
|   2   | 72.823 | 86.501 | 90.335 | 60.420 | 40.080 |
|   3   | 73.977 | 88.223 | 92.316 | 64.280 | 46.785 |
|   4   | 73.944 | 88.288 | 92.430 | 64.280 | 46.710 |
|   5   | 73.424 | 87.719 | 91.910 | 63.075 | 44.540 |
|   6   | 73.554 | 87.930 | 91.878 | 63.135 | 44.509 |
|   7   | 73.554 | 88.093 | 92.170 | 63.594 | 45.398 |
|   8   | 73.538 | 87.914 | 91.959 | 63.196 | 44.632 |
|   9   | 73.506 | 87.865 | 91.520 | 62.490 | 43.290 |
|   10  | 73.343 | 87.979 | 91.845 | 63.113 | 44.558 |
|   11  | 73.359 | 87.979 | 91.715 | 63.037 | 44.431 |
|   12  | 73.311 | 87.930 | 91.520 | 62.577 | 43.533 |
|   13  | 73.311 | 87.930 | 91.634 | 62.961 | 44.286 |
|   14  | 73.327 | 87.963 | 91.585 | 62.788 | 43.932 |
|   15  | 73.359 | 88.028 | 91.732 | 63.033 | 44.366 |
|   16  | 73.262 | 87.995 | 91.634 | 62.734 | 43.834 |
|   17  | 73.457 | 87.995 | 91.699 | 62.829 | 43.984 |
|   18  | 73.408 | 87.995 | 91.699 | 62.755 | 43.861 |
+-------+--------+--------+--------+--------+--------+
     logs:  {'epo': 18, 'R1': 73.408, 'R5': 87.995, 'R10': 91.699, 'mAP': 62.755, 'mINP': 43.861, 'lr': 8e-05, 'entropy': 0.110672, 'loss': 2.7047}
      TTA Epoch: [19] [  0/109]  eta: 0:01:25  lr: 0.000077  entropy: 0.0118  loss: 2.6654  time: 0.7834  data: 0.6574  max mem: 5880
      TTA Epoch: [19] [100/109]  eta: 0:00:00  lr: 0.000070  entropy: 0.0448  loss: 2.6762  time: 0.0499  data: 0.0001  max mem: 5880
      TTA Epoch: [19] [108/109]  eta: 0:00:00  lr: 0.000070  entropy: 0.1425  loss: 2.7144  time: 0.0472  data: 0.0001  max mem: 5880
      TTA Epoch: [19] Total time: 0:00:06 (0.0571 s / it)
     Averaged stats: lr: 0.0001  entropy: 0.1158  loss: 2.7066
     itm tta time 0:00:06
     Computing matching score
      ITM Evaluation: [   0/6156]  eta: 0:05:00    time: 0.0489  data: 0.0066  max mem: 5880
      ITM Evaluation: [ 100/6156]  eta: 0:03:35    time: 0.0365  data: 0.0000  max mem: 5880
      ITM Evaluation: [ 200/6156]  eta: 0:03:31    time: 0.0355  data: 0.0000  max mem: 5880
      ITM Evaluation: [ 300/6156]  eta: 0:03:29    time: 0.0364  data: 0.0000  max mem: 5880
      ITM Evaluation: [ 400/6156]  eta: 0:03:26    time: 0.0366  data: 0.0000  max mem: 5880
      ITM Evaluation: [ 500/6156]  eta: 0:03:26    time: 0.0404  data: 0.0000  max mem: 5880
      ITM Evaluation: [ 600/6156]  eta: 0:03:25    time: 0.0382  data: 0.0000  max mem: 5880
      ITM Evaluation: [ 700/6156]  eta: 0:03:20    time: 0.0356  data: 0.0000  max mem: 5880
      ITM Evaluation: [ 800/6156]  eta: 0:03:16    time: 0.0361  data: 0.0000  max mem: 5880
      ITM Evaluation: [ 900/6156]  eta: 0:03:12    time: 0.0359  data: 0.0000  max mem: 5880
      ITM Evaluation: [1000/6156]  eta: 0:03:08    time: 0.0360  data: 0.0000  max mem: 5880
      ITM Evaluation: [1100/6156]  eta: 0:03:04    time: 0.0356  data: 0.0000  max mem: 5880
      ITM Evaluation: [1200/6156]  eta: 0:03:00    time: 0.0363  data: 0.0000  max mem: 5880
      ITM Evaluation: [1300/6156]  eta: 0:02:56    time: 0.0355  data: 0.0000  max mem: 5880
      ITM Evaluation: [1400/6156]  eta: 0:02:52    time: 0.0350  data: 0.0000  max mem: 5880
      ITM Evaluation: [1500/6156]  eta: 0:02:48    time: 0.0364  data: 0.0000  max mem: 5880
      ITM Evaluation: [1600/6156]  eta: 0:02:45    time: 0.0386  data: 0.0000  max mem: 5880
      ITM Evaluation: [1700/6156]  eta: 0:02:42    time: 0.0399  data: 0.0000  max mem: 5880
      ITM Evaluation: [1800/6156]  eta: 0:02:39    time: 0.0347  data: 0.0000  max mem: 5880
      ITM Evaluation: [1900/6156]  eta: 0:02:35    time: 0.0378  data: 0.0000  max mem: 5880
      ITM Evaluation: [2000/6156]  eta: 0:02:31    time: 0.0358  data: 0.0000  max mem: 5880
      ITM Evaluation: [2100/6156]  eta: 0:02:27    time: 0.0357  data: 0.0000  max mem: 5880
      ITM Evaluation: [2200/6156]  eta: 0:02:24    time: 0.0357  data: 0.0000  max mem: 5880
      ITM Evaluation: [2300/6156]  eta: 0:02:20    time: 0.0355  data: 0.0000  max mem: 5880
      ITM Evaluation: [2400/6156]  eta: 0:02:16    time: 0.0357  data: 0.0000  max mem: 5880
      ITM Evaluation: [2500/6156]  eta: 0:02:12    time: 0.0357  data: 0.0000  max mem: 5880
      ITM Evaluation: [2600/6156]  eta: 0:02:09    time: 0.0362  data: 0.0000  max mem: 5880
      ITM Evaluation: [2700/6156]  eta: 0:02:05    time: 0.0388  data: 0.0000  max mem: 5880
      ITM Evaluation: [2800/6156]  eta: 0:02:02    time: 0.0384  data: 0.0000  max mem: 5880
      ITM Evaluation: [2900/6156]  eta: 0:01:58    time: 0.0382  data: 0.0000  max mem: 5880
      ITM Evaluation: [3000/6156]  eta: 0:01:55    time: 0.0353  data: 0.0000  max mem: 5880
      ITM Evaluation: [3100/6156]  eta: 0:01:51    time: 0.0340  data: 0.0000  max mem: 5880
      ITM Evaluation: [3200/6156]  eta: 0:01:47    time: 0.0347  data: 0.0000  max mem: 5880
      ITM Evaluation: [3300/6156]  eta: 0:01:43    time: 0.0352  data: 0.0000  max mem: 5880
      ITM Evaluation: [3400/6156]  eta: 0:01:40    time: 0.0345  data: 0.0000  max mem: 5880
      ITM Evaluation: [3500/6156]  eta: 0:01:36    time: 0.0356  data: 0.0000  max mem: 5880
      ITM Evaluation: [3600/6156]  eta: 0:01:32    time: 0.0341  data: 0.0000  max mem: 5880
      ITM Evaluation: [3700/6156]  eta: 0:01:28    time: 0.0351  data: 0.0000  max mem: 5880
      ITM Evaluation: [3800/6156]  eta: 0:01:25    time: 0.0344  data: 0.0000  max mem: 5880
      ITM Evaluation: [3900/6156]  eta: 0:01:21    time: 0.0391  data: 0.0000  max mem: 5880
      ITM Evaluation: [4000/6156]  eta: 0:01:18    time: 0.0387  data: 0.0000  max mem: 5880
      ITM Evaluation: [4100/6156]  eta: 0:01:14    time: 0.0348  data: 0.0000  max mem: 5880
      ITM Evaluation: [4200/6156]  eta: 0:01:10    time: 0.0342  data: 0.0000  max mem: 5880
      ITM Evaluation: [4300/6156]  eta: 0:01:07    time: 0.0341  data: 0.0000  max mem: 5880
      ITM Evaluation: [4400/6156]  eta: 0:01:03    time: 0.0354  data: 0.0000  max mem: 5880
      ITM Evaluation: [4500/6156]  eta: 0:00:59    time: 0.0352  data: 0.0000  max mem: 5880
      ITM Evaluation: [4600/6156]  eta: 0:00:56    time: 0.0346  data: 0.0000  max mem: 5880
      ITM Evaluation: [4700/6156]  eta: 0:00:52    time: 0.0353  data: 0.0000  max mem: 5880
      ITM Evaluation: [4800/6156]  eta: 0:00:48    time: 0.0358  data: 0.0000  max mem: 5880
      ITM Evaluation: [4900/6156]  eta: 0:00:45    time: 0.0348  data: 0.0000  max mem: 5880
      ITM Evaluation: [5000/6156]  eta: 0:00:41    time: 0.0380  data: 0.0000  max mem: 5880
      ITM Evaluation: [5100/6156]  eta: 0:00:38    time: 0.0397  data: 0.0000  max mem: 5880
      ITM Evaluation: [5200/6156]  eta: 0:00:34    time: 0.0354  data: 0.0000  max mem: 5880
      ITM Evaluation: [5300/6156]  eta: 0:00:30    time: 0.0351  data: 0.0000  max mem: 5880
      ITM Evaluation: [5400/6156]  eta: 0:00:27    time: 0.0344  data: 0.0000  max mem: 5880
      ITM Evaluation: [5500/6156]  eta: 0:00:23    time: 0.0344  data: 0.0000  max mem: 5880
      ITM Evaluation: [5600/6156]  eta: 0:00:20    time: 0.0338  data: 0.0000  max mem: 5880
      ITM Evaluation: [5700/6156]  eta: 0:00:16    time: 0.0351  data: 0.0000  max mem: 5880
      ITM Evaluation: [5800/6156]  eta: 0:00:12    time: 0.0344  data: 0.0000  max mem: 5880
      ITM Evaluation: [5900/6156]  eta: 0:00:09    time: 0.0361  data: 0.0000  max mem: 5880
      ITM Evaluation: [6000/6156]  eta: 0:00:05    time: 0.0336  data: 0.0000  max mem: 5880
      ITM Evaluation: [6100/6156]  eta: 0:00:02    time: 0.0338  data: 0.0000  max mem: 5880
      ITM Evaluation: [6155/6156]  eta: 0:00:00    time: 0.0353  data: 0.0000  max mem: 5880
      ITM Evaluation: Total time: 0:03:40 (0.0359 s / it)
     total_time 220.89015650749207
     Computing matching score time 0:03:40
### TTA ITM Score: 
+-------+--------+--------+--------+--------+--------+
| epoch |   R1   |   R5   |  R10   |  mAP   |  mINP  |
+-------+--------+--------+--------+--------+--------+
|  -999 | 70.760 | 87.378 | 92.268 | 63.849 | 48.174 |
|  -999 | 76.170 | 89.457 | 93.600 | 65.570 | 47.372 |
|   0   | 73.847 | 88.207 | 92.398 | 64.621 | 47.512 |
|   1   | 74.025 | 88.272 | 92.625 | 64.465 | 47.017 |
|   2   | 72.823 | 86.501 | 90.335 | 60.420 | 40.080 |
|   3   | 73.977 | 88.223 | 92.316 | 64.280 | 46.785 |
|   4   | 73.944 | 88.288 | 92.430 | 64.280 | 46.710 |
|   5   | 73.424 | 87.719 | 91.910 | 63.075 | 44.540 |
|   6   | 73.554 | 87.930 | 91.878 | 63.135 | 44.509 |
|   7   | 73.554 | 88.093 | 92.170 | 63.594 | 45.398 |
|   8   | 73.538 | 87.914 | 91.959 | 63.196 | 44.632 |
|   9   | 73.506 | 87.865 | 91.520 | 62.490 | 43.290 |
|   10  | 73.343 | 87.979 | 91.845 | 63.113 | 44.558 |
|   11  | 73.359 | 87.979 | 91.715 | 63.037 | 44.431 |
|   12  | 73.311 | 87.930 | 91.520 | 62.577 | 43.533 |
|   13  | 73.311 | 87.930 | 91.634 | 62.961 | 44.286 |
|   14  | 73.327 | 87.963 | 91.585 | 62.788 | 43.932 |
|   15  | 73.359 | 88.028 | 91.732 | 63.033 | 44.366 |
|   16  | 73.262 | 87.995 | 91.634 | 62.734 | 43.834 |
|   17  | 73.457 | 87.995 | 91.699 | 62.829 | 43.984 |
|   18  | 73.408 | 87.995 | 91.699 | 62.755 | 43.861 |
|   19  | 73.473 | 88.077 | 91.764 | 62.999 | 44.240 |
+-------+--------+--------+--------+--------+--------+
     logs:  {'epo': 19, 'R1': 73.473, 'R5': 88.077, 'R10': 91.764, 'mAP': 62.999, 'mINP': 44.24, 'lr': 7.3e-05, 'entropy': 0.115805, 'loss': 2.706603}
      TTA Epoch: [20] [  0/109]  eta: 0:01:36  lr: 0.000070  entropy: 0.1093  loss: 2.7016  time: 0.8826  data: 0.7923  max mem: 5880
      TTA Epoch: [20] [100/109]  eta: 0:00:00  lr: 0.000064  entropy: 0.0849  loss: 2.6961  time: 0.0448  data: 0.0001  max mem: 5880
      TTA Epoch: [20] [108/109]  eta: 0:00:00  lr: 0.000063  entropy: 0.1913  loss: 2.7313  time: 0.0422  data: 0.0001  max mem: 5880
      TTA Epoch: [20] Total time: 0:00:05 (0.0534 s / it)
     Averaged stats: lr: 0.0001  entropy: 0.1111  loss: 2.7049
     itm tta time 0:00:06
     Computing matching score
      ITM Evaluation: [   0/6156]  eta: 0:03:57    time: 0.0386  data: 0.0063  max mem: 5880
      ITM Evaluation: [ 100/6156]  eta: 0:03:21    time: 0.0326  data: 0.0000  max mem: 5880
      ITM Evaluation: [ 200/6156]  eta: 0:03:17    time: 0.0328  data: 0.0000  max mem: 5880
      ITM Evaluation: [ 300/6156]  eta: 0:03:15    time: 0.0331  data: 0.0000  max mem: 5880
      ITM Evaluation: [ 400/6156]  eta: 0:03:11    time: 0.0337  data: 0.0000  max mem: 5880
      ITM Evaluation: [ 500/6156]  eta: 0:03:09    time: 0.0344  data: 0.0000  max mem: 5880
      ITM Evaluation: [ 600/6156]  eta: 0:03:05    time: 0.0341  data: 0.0000  max mem: 5880
      ITM Evaluation: [ 700/6156]  eta: 0:03:01    time: 0.0327  data: 0.0000  max mem: 5880
      ITM Evaluation: [ 800/6156]  eta: 0:02:58    time: 0.0338  data: 0.0000  max mem: 5880
      ITM Evaluation: [ 900/6156]  eta: 0:02:57    time: 0.0377  data: 0.0000  max mem: 5880
      ITM Evaluation: [1000/6156]  eta: 0:02:55    time: 0.0363  data: 0.0000  max mem: 5880
      ITM Evaluation: [1100/6156]  eta: 0:02:51    time: 0.0346  data: 0.0000  max mem: 5880
      ITM Evaluation: [1200/6156]  eta: 0:02:48    time: 0.0333  data: 0.0000  max mem: 5880
      ITM Evaluation: [1300/6156]  eta: 0:02:44    time: 0.0334  data: 0.0000  max mem: 5880
      ITM Evaluation: [1400/6156]  eta: 0:02:41    time: 0.0330  data: 0.0000  max mem: 5880
      ITM Evaluation: [1500/6156]  eta: 0:02:37    time: 0.0332  data: 0.0000  max mem: 5880
      ITM Evaluation: [1600/6156]  eta: 0:02:34    time: 0.0337  data: 0.0000  max mem: 5880
      ITM Evaluation: [1700/6156]  eta: 0:02:30    time: 0.0332  data: 0.0000  max mem: 5880
      ITM Evaluation: [1800/6156]  eta: 0:02:27    time: 0.0329  data: 0.0000  max mem: 5880
      ITM Evaluation: [1900/6156]  eta: 0:02:23    time: 0.0336  data: 0.0000  max mem: 5880
      ITM Evaluation: [2000/6156]  eta: 0:02:20    time: 0.0321  data: 0.0000  max mem: 5880
      ITM Evaluation: [2100/6156]  eta: 0:02:17    time: 0.0376  data: 0.0000  max mem: 5880
      ITM Evaluation: [2200/6156]  eta: 0:02:14    time: 0.0360  data: 0.0000  max mem: 5880
      ITM Evaluation: [2300/6156]  eta: 0:02:11    time: 0.0349  data: 0.0000  max mem: 5880
      ITM Evaluation: [2400/6156]  eta: 0:02:07    time: 0.0357  data: 0.0000  max mem: 5880
      ITM Evaluation: [2500/6156]  eta: 0:02:04    time: 0.0335  data: 0.0000  max mem: 5880
      ITM Evaluation: [2600/6156]  eta: 0:02:00    time: 0.0327  data: 0.0000  max mem: 5880
      ITM Evaluation: [2700/6156]  eta: 0:01:57    time: 0.0339  data: 0.0000  max mem: 5880
      ITM Evaluation: [2800/6156]  eta: 0:01:53    time: 0.0339  data: 0.0000  max mem: 5880
      ITM Evaluation: [2900/6156]  eta: 0:01:50    time: 0.0344  data: 0.0000  max mem: 5880
      ITM Evaluation: [3000/6156]  eta: 0:01:47    time: 0.0339  data: 0.0000  max mem: 5880
      ITM Evaluation: [3100/6156]  eta: 0:01:43    time: 0.0345  data: 0.0000  max mem: 5880
      ITM Evaluation: [3200/6156]  eta: 0:01:40    time: 0.0341  data: 0.0000  max mem: 5880
      ITM Evaluation: [3300/6156]  eta: 0:01:37    time: 0.0372  data: 0.0000  max mem: 5880
      ITM Evaluation: [3400/6156]  eta: 0:01:34    time: 0.0369  data: 0.0000  max mem: 5880
      ITM Evaluation: [3500/6156]  eta: 0:01:30    time: 0.0330  data: 0.0000  max mem: 5880
      ITM Evaluation: [3600/6156]  eta: 0:01:27    time: 0.0342  data: 0.0000  max mem: 5880
      ITM Evaluation: [3700/6156]  eta: 0:01:23    time: 0.0333  data: 0.0000  max mem: 5880
      ITM Evaluation: [3800/6156]  eta: 0:01:20    time: 0.0340  data: 0.0000  max mem: 5880
      ITM Evaluation: [3900/6156]  eta: 0:01:16    time: 0.0333  data: 0.0000  max mem: 5880
      ITM Evaluation: [4000/6156]  eta: 0:01:13    time: 0.0331  data: 0.0000  max mem: 5880
      ITM Evaluation: [4100/6156]  eta: 0:01:09    time: 0.0327  data: 0.0000  max mem: 5880
      ITM Evaluation: [4200/6156]  eta: 0:01:06    time: 0.0335  data: 0.0000  max mem: 5880
      ITM Evaluation: [4300/6156]  eta: 0:01:03    time: 0.0335  data: 0.0000  max mem: 5880
      ITM Evaluation: [4400/6156]  eta: 0:00:59    time: 0.0346  data: 0.0000  max mem: 5880
      ITM Evaluation: [4500/6156]  eta: 0:00:56    time: 0.0373  data: 0.0000  max mem: 5880
      ITM Evaluation: [4600/6156]  eta: 0:00:53    time: 0.0364  data: 0.0000  max mem: 5880
      ITM Evaluation: [4700/6156]  eta: 0:00:49    time: 0.0333  data: 0.0000  max mem: 5880
      ITM Evaluation: [4800/6156]  eta: 0:00:46    time: 0.0326  data: 0.0000  max mem: 5880
      ITM Evaluation: [4900/6156]  eta: 0:00:42    time: 0.0339  data: 0.0000  max mem: 5880
      ITM Evaluation: [5000/6156]  eta: 0:00:39    time: 0.0350  data: 0.0000  max mem: 5880
      ITM Evaluation: [5100/6156]  eta: 0:00:36    time: 0.0335  data: 0.0000  max mem: 5880
      ITM Evaluation: [5200/6156]  eta: 0:00:32    time: 0.0340  data: 0.0000  max mem: 5880
      ITM Evaluation: [5300/6156]  eta: 0:00:29    time: 0.0344  data: 0.0000  max mem: 5880
      ITM Evaluation: [5400/6156]  eta: 0:00:25    time: 0.0337  data: 0.0000  max mem: 5880
      ITM Evaluation: [5500/6156]  eta: 0:00:22    time: 0.0337  data: 0.0000  max mem: 5880
      ITM Evaluation: [5600/6156]  eta: 0:00:18    time: 0.0330  data: 0.0000  max mem: 5880
      ITM Evaluation: [5700/6156]  eta: 0:00:15    time: 0.0375  data: 0.0000  max mem: 5880
      ITM Evaluation: [5800/6156]  eta: 0:00:12    time: 0.0366  data: 0.0000  max mem: 5880
      ITM Evaluation: [5900/6156]  eta: 0:00:08    time: 0.0338  data: 0.0000  max mem: 5880
      ITM Evaluation: [6000/6156]  eta: 0:00:05    time: 0.0329  data: 0.0000  max mem: 5880
      ITM Evaluation: [6100/6156]  eta: 0:00:01    time: 0.0332  data: 0.0000  max mem: 5880
      ITM Evaluation: [6155/6156]  eta: 0:00:00    time: 0.0343  data: 0.0000  max mem: 5880
      ITM Evaluation: Total time: 0:03:30 (0.0342 s / it)
     total_time 210.5065336227417
     Computing matching score time 0:03:30
### TTA ITM Score: 
+-------+--------+--------+--------+--------+--------+
| epoch |   R1   |   R5   |  R10   |  mAP   |  mINP  |
+-------+--------+--------+--------+--------+--------+
|  -999 | 70.760 | 87.378 | 92.268 | 63.849 | 48.174 |
|  -999 | 76.170 | 89.457 | 93.600 | 65.570 | 47.372 |
|   0   | 73.847 | 88.207 | 92.398 | 64.621 | 47.512 |
|   1   | 74.025 | 88.272 | 92.625 | 64.465 | 47.017 |
|   2   | 72.823 | 86.501 | 90.335 | 60.420 | 40.080 |
|   3   | 73.977 | 88.223 | 92.316 | 64.280 | 46.785 |
|   4   | 73.944 | 88.288 | 92.430 | 64.280 | 46.710 |
|   5   | 73.424 | 87.719 | 91.910 | 63.075 | 44.540 |
|   6   | 73.554 | 87.930 | 91.878 | 63.135 | 44.509 |
|   7   | 73.554 | 88.093 | 92.170 | 63.594 | 45.398 |
|   8   | 73.538 | 87.914 | 91.959 | 63.196 | 44.632 |
|   9   | 73.506 | 87.865 | 91.520 | 62.490 | 43.290 |
|   10  | 73.343 | 87.979 | 91.845 | 63.113 | 44.558 |
|   11  | 73.359 | 87.979 | 91.715 | 63.037 | 44.431 |
|   12  | 73.311 | 87.930 | 91.520 | 62.577 | 43.533 |
|   13  | 73.311 | 87.930 | 91.634 | 62.961 | 44.286 |
|   14  | 73.327 | 87.963 | 91.585 | 62.788 | 43.932 |
|   15  | 73.359 | 88.028 | 91.732 | 63.033 | 44.366 |
|   16  | 73.262 | 87.995 | 91.634 | 62.734 | 43.834 |
|   17  | 73.457 | 87.995 | 91.699 | 62.829 | 43.984 |
|   18  | 73.408 | 87.995 | 91.699 | 62.755 | 43.861 |
|   19  | 73.473 | 88.077 | 91.764 | 62.999 | 44.240 |
|   20  | 73.457 | 88.125 | 92.040 | 63.284 | 44.814 |
+-------+--------+--------+--------+--------+--------+
     logs:  {'epo': 20, 'R1': 73.457, 'R5': 88.125, 'R10': 92.04, 'mAP': 63.284, 'mINP': 44.814, 'lr': 6.7e-05, 'entropy': 0.111113, 'loss': 2.704862}
      TTA Epoch: [21] [  0/109]  eta: 0:01:18  lr: 0.000063  entropy: 0.2860  loss: 2.7687  time: 0.7172  data: 0.6098  max mem: 5880
      TTA Epoch: [21] [100/109]  eta: 0:00:00  lr: 0.000057  entropy: 0.0880  loss: 2.6964  time: 0.0517  data: 0.0001  max mem: 5880
      TTA Epoch: [21] [108/109]  eta: 0:00:00  lr: 0.000056  entropy: 0.1402  loss: 2.7208  time: 0.0441  data: 0.0001  max mem: 5880
      TTA Epoch: [21] Total time: 0:00:06 (0.0553 s / it)
     Averaged stats: lr: 0.0001  entropy: 0.1105  loss: 2.7046
     itm tta time 0:00:06
     Computing matching score
      ITM Evaluation: [   0/6156]  eta: 0:04:47    time: 0.0467  data: 0.0062  max mem: 5880
      ITM Evaluation: [ 100/6156]  eta: 0:03:22    time: 0.0338  data: 0.0000  max mem: 5880
      ITM Evaluation: [ 200/6156]  eta: 0:03:19    time: 0.0330  data: 0.0000  max mem: 5880
      ITM Evaluation: [ 300/6156]  eta: 0:03:16    time: 0.0341  data: 0.0000  max mem: 5880
      ITM Evaluation: [ 400/6156]  eta: 0:03:13    time: 0.0354  data: 0.0000  max mem: 5880
      ITM Evaluation: [ 500/6156]  eta: 0:03:13    time: 0.0367  data: 0.0000  max mem: 5880
      ITM Evaluation: [ 600/6156]  eta: 0:03:12    time: 0.0348  data: 0.0000  max mem: 5880
      ITM Evaluation: [ 700/6156]  eta: 0:03:07    time: 0.0339  data: 0.0000  max mem: 5880
      ITM Evaluation: [ 800/6156]  eta: 0:03:03    time: 0.0333  data: 0.0000  max mem: 5880
      ITM Evaluation: [ 900/6156]  eta: 0:02:59    time: 0.0335  data: 0.0000  max mem: 5880
      ITM Evaluation: [1000/6156]  eta: 0:02:56    time: 0.0329  data: 0.0000  max mem: 5880
      ITM Evaluation: [1100/6156]  eta: 0:02:52    time: 0.0324  data: 0.0000  max mem: 5880
      ITM Evaluation: [1200/6156]  eta: 0:02:48    time: 0.0341  data: 0.0000  max mem: 5880
      ITM Evaluation: [1300/6156]  eta: 0:02:45    time: 0.0334  data: 0.0000  max mem: 5880
      ITM Evaluation: [1400/6156]  eta: 0:02:41    time: 0.0329  data: 0.0000  max mem: 5880
      ITM Evaluation: [1500/6156]  eta: 0:02:37    time: 0.0343  data: 0.0000  max mem: 5880
      ITM Evaluation: [1600/6156]  eta: 0:02:34    time: 0.0357  data: 0.0000  max mem: 5880
      ITM Evaluation: [1700/6156]  eta: 0:02:31    time: 0.0367  data: 0.0000  max mem: 5880
      ITM Evaluation: [1800/6156]  eta: 0:02:29    time: 0.0346  data: 0.0000  max mem: 5880
      ITM Evaluation: [1900/6156]  eta: 0:02:25    time: 0.0343  data: 0.0000  max mem: 5880
      ITM Evaluation: [2000/6156]  eta: 0:02:22    time: 0.0341  data: 0.0000  max mem: 5880
      ITM Evaluation: [2100/6156]  eta: 0:02:18    time: 0.0339  data: 0.0000  max mem: 5880
      ITM Evaluation: [2200/6156]  eta: 0:02:15    time: 0.0334  data: 0.0000  max mem: 5880
      ITM Evaluation: [2300/6156]  eta: 0:02:11    time: 0.0326  data: 0.0000  max mem: 5880
      ITM Evaluation: [2400/6156]  eta: 0:02:07    time: 0.0334  data: 0.0000  max mem: 5880
      ITM Evaluation: [2500/6156]  eta: 0:02:04    time: 0.0333  data: 0.0000  max mem: 5880
      ITM Evaluation: [2600/6156]  eta: 0:02:00    time: 0.0337  data: 0.0000  max mem: 5880
      ITM Evaluation: [2700/6156]  eta: 0:01:57    time: 0.0332  data: 0.0000  max mem: 5880
      ITM Evaluation: [2800/6156]  eta: 0:01:54    time: 0.0354  data: 0.0000  max mem: 5880
      ITM Evaluation: [2900/6156]  eta: 0:01:50    time: 0.0380  data: 0.0000  max mem: 5880
      ITM Evaluation: [3000/6156]  eta: 0:01:47    time: 0.0366  data: 0.0000  max mem: 5880
      ITM Evaluation: [3100/6156]  eta: 0:01:44    time: 0.0341  data: 0.0000  max mem: 5880
      ITM Evaluation: [3200/6156]  eta: 0:01:41    time: 0.0367  data: 0.0000  max mem: 5880
      ITM Evaluation: [3300/6156]  eta: 0:01:38    time: 0.0351  data: 0.0000  max mem: 5880
      ITM Evaluation: [3400/6156]  eta: 0:01:34    time: 0.0361  data: 0.0000  max mem: 5880
      ITM Evaluation: [3500/6156]  eta: 0:01:31    time: 0.0364  data: 0.0000  max mem: 5880
      ITM Evaluation: [3600/6156]  eta: 0:01:28    time: 0.0363  data: 0.0000  max mem: 5880
      ITM Evaluation: [3700/6156]  eta: 0:01:24    time: 0.0365  data: 0.0000  max mem: 5880
      ITM Evaluation: [3800/6156]  eta: 0:01:21    time: 0.0359  data: 0.0000  max mem: 5880
      ITM Evaluation: [3900/6156]  eta: 0:01:18    time: 0.0380  data: 0.0000  max mem: 5880
      ITM Evaluation: [4000/6156]  eta: 0:01:14    time: 0.0393  data: 0.0000  max mem: 5880
      ITM Evaluation: [4100/6156]  eta: 0:01:11    time: 0.0396  data: 0.0000  max mem: 5880
      ITM Evaluation: [4200/6156]  eta: 0:01:08    time: 0.0353  data: 0.0000  max mem: 5880
      ITM Evaluation: [4300/6156]  eta: 0:01:04    time: 0.0346  data: 0.0000  max mem: 5880
      ITM Evaluation: [4400/6156]  eta: 0:01:01    time: 0.0359  data: 0.0000  max mem: 5880
      ITM Evaluation: [4500/6156]  eta: 0:00:58    time: 0.0378  data: 0.0000  max mem: 5880
      ITM Evaluation: [4600/6156]  eta: 0:00:54    time: 0.0406  data: 0.0000  max mem: 5880
      ITM Evaluation: [4700/6156]  eta: 0:00:51    time: 0.0445  data: 0.0000  max mem: 5880
      ITM Evaluation: [4800/6156]  eta: 0:00:48    time: 0.0394  data: 0.0000  max mem: 5880
      ITM Evaluation: [4900/6156]  eta: 0:00:44    time: 0.0385  data: 0.0000  max mem: 5880
      ITM Evaluation: [5000/6156]  eta: 0:00:41    time: 0.0378  data: 0.0000  max mem: 5880
      ITM Evaluation: [5100/6156]  eta: 0:00:37    time: 0.0360  data: 0.0000  max mem: 5880
      ITM Evaluation: [5200/6156]  eta: 0:00:34    time: 0.0389  data: 0.0000  max mem: 5880
      ITM Evaluation: [5300/6156]  eta: 0:00:30    time: 0.0381  data: 0.0000  max mem: 5880
      ITM Evaluation: [5400/6156]  eta: 0:00:27    time: 0.0384  data: 0.0000  max mem: 5880
      ITM Evaluation: [5500/6156]  eta: 0:00:23    time: 0.0387  data: 0.0000  max mem: 5880
      ITM Evaluation: [5600/6156]  eta: 0:00:19    time: 0.0367  data: 0.0000  max mem: 5880
      ITM Evaluation: [5700/6156]  eta: 0:00:16    time: 0.0402  data: 0.0000  max mem: 5880
      ITM Evaluation: [5800/6156]  eta: 0:00:12    time: 0.0357  data: 0.0000  max mem: 5880
      ITM Evaluation: [5900/6156]  eta: 0:00:09    time: 0.0349  data: 0.0000  max mem: 5880
      ITM Evaluation: [6000/6156]  eta: 0:00:05    time: 0.0338  data: 0.0000  max mem: 5880
      ITM Evaluation: [6100/6156]  eta: 0:00:02    time: 0.0328  data: 0.0000  max mem: 5880
      ITM Evaluation: [6155/6156]  eta: 0:00:00    time: 0.0326  data: 0.0000  max mem: 5880
      ITM Evaluation: Total time: 0:03:41 (0.0359 s / it)
     total_time 221.29258942604065
     Computing matching score time 0:03:41
### TTA ITM Score: 
+-------+--------+--------+--------+--------+--------+
| epoch |   R1   |   R5   |  R10   |  mAP   |  mINP  |
+-------+--------+--------+--------+--------+--------+
|  -999 | 70.760 | 87.378 | 92.268 | 63.849 | 48.174 |
|  -999 | 76.170 | 89.457 | 93.600 | 65.570 | 47.372 |
|   0   | 73.847 | 88.207 | 92.398 | 64.621 | 47.512 |
|   1   | 74.025 | 88.272 | 92.625 | 64.465 | 47.017 |
|   2   | 72.823 | 86.501 | 90.335 | 60.420 | 40.080 |
|   3   | 73.977 | 88.223 | 92.316 | 64.280 | 46.785 |
|   4   | 73.944 | 88.288 | 92.430 | 64.280 | 46.710 |
|   5   | 73.424 | 87.719 | 91.910 | 63.075 | 44.540 |
|   6   | 73.554 | 87.930 | 91.878 | 63.135 | 44.509 |
|   7   | 73.554 | 88.093 | 92.170 | 63.594 | 45.398 |
|   8   | 73.538 | 87.914 | 91.959 | 63.196 | 44.632 |
|   9   | 73.506 | 87.865 | 91.520 | 62.490 | 43.290 |
|   10  | 73.343 | 87.979 | 91.845 | 63.113 | 44.558 |
|   11  | 73.359 | 87.979 | 91.715 | 63.037 | 44.431 |
|   12  | 73.311 | 87.930 | 91.520 | 62.577 | 43.533 |
|   13  | 73.311 | 87.930 | 91.634 | 62.961 | 44.286 |
|   14  | 73.327 | 87.963 | 91.585 | 62.788 | 43.932 |
|   15  | 73.359 | 88.028 | 91.732 | 63.033 | 44.366 |
|   16  | 73.262 | 87.995 | 91.634 | 62.734 | 43.834 |
|   17  | 73.457 | 87.995 | 91.699 | 62.829 | 43.984 |
|   18  | 73.408 | 87.995 | 91.699 | 62.755 | 43.861 |
|   19  | 73.473 | 88.077 | 91.764 | 62.999 | 44.240 |
|   20  | 73.457 | 88.125 | 92.040 | 63.284 | 44.814 |
|   21  | 73.424 | 88.093 | 92.008 | 63.229 | 44.730 |
+-------+--------+--------+--------+--------+--------+
     logs:  {'epo': 21, 'R1': 73.424, 'R5': 88.093, 'R10': 92.008, 'mAP': 63.229, 'mINP': 44.73, 'lr': 6e-05, 'entropy': 0.110547, 'loss': 2.704629}
      TTA Epoch: [22] [  0/109]  eta: 0:01:17  lr: 0.000056  entropy: 0.3135  loss: 2.7774  time: 0.7152  data: 0.5904  max mem: 5880
      TTA Epoch: [22] [100/109]  eta: 0:00:00  lr: 0.000050  entropy: 0.0386  loss: 2.6763  time: 0.0465  data: 0.0001  max mem: 5880
      TTA Epoch: [22] [108/109]  eta: 0:00:00  lr: 0.000050  entropy: 0.0175  loss: 2.6667  time: 0.0438  data: 0.0001  max mem: 5880
      TTA Epoch: [22] Total time: 0:00:05 (0.0529 s / it)
     Averaged stats: lr: 0.0001  entropy: 0.0996  loss: 2.7005
     itm tta time 0:00:05
     Computing matching score
      ITM Evaluation: [   0/6156]  eta: 0:03:57    time: 0.0385  data: 0.0063  max mem: 5880
      ITM Evaluation: [ 100/6156]  eta: 0:03:21    time: 0.0328  data: 0.0000  max mem: 5880
      ITM Evaluation: [ 200/6156]  eta: 0:03:17    time: 0.0324  data: 0.0000  max mem: 5880
      ITM Evaluation: [ 300/6156]  eta: 0:03:13    time: 0.0327  data: 0.0000  max mem: 5880
      ITM Evaluation: [ 400/6156]  eta: 0:03:11    time: 0.0363  data: 0.0000  max mem: 5880
      ITM Evaluation: [ 500/6156]  eta: 0:03:13    time: 0.0381  data: 0.0000  max mem: 5880
      ITM Evaluation: [ 600/6156]  eta: 0:03:10    time: 0.0354  data: 0.0000  max mem: 5880
      ITM Evaluation: [ 700/6156]  eta: 0:03:06    time: 0.0339  data: 0.0000  max mem: 5880
      ITM Evaluation: [ 800/6156]  eta: 0:03:02    time: 0.0329  data: 0.0000  max mem: 5880
      ITM Evaluation: [ 900/6156]  eta: 0:02:58    time: 0.0333  data: 0.0000  max mem: 5880
      ITM Evaluation: [1000/6156]  eta: 0:02:54    time: 0.0333  data: 0.0000  max mem: 5880
      ITM Evaluation: [1100/6156]  eta: 0:02:50    time: 0.0332  data: 0.0000  max mem: 5880
      ITM Evaluation: [1200/6156]  eta: 0:02:47    time: 0.0335  data: 0.0000  max mem: 5880
      ITM Evaluation: [1300/6156]  eta: 0:02:43    time: 0.0330  data: 0.0000  max mem: 5880
      ITM Evaluation: [1400/6156]  eta: 0:02:39    time: 0.0316  data: 0.0000  max mem: 5880
      ITM Evaluation: [1500/6156]  eta: 0:02:36    time: 0.0328  data: 0.0000  max mem: 5880
      ITM Evaluation: [1600/6156]  eta: 0:02:32    time: 0.0342  data: 0.0000  max mem: 5880
      ITM Evaluation: [1700/6156]  eta: 0:02:29    time: 0.0354  data: 0.0000  max mem: 5880
      ITM Evaluation: [1800/6156]  eta: 0:02:26    time: 0.0360  data: 0.0000  max mem: 5880
      ITM Evaluation: [1900/6156]  eta: 0:02:23    time: 0.0326  data: 0.0000  max mem: 5880
      ITM Evaluation: [2000/6156]  eta: 0:02:19    time: 0.0332  data: 0.0000  max mem: 5880
      ITM Evaluation: [2100/6156]  eta: 0:02:16    time: 0.0331  data: 0.0000  max mem: 5880
      ITM Evaluation: [2200/6156]  eta: 0:02:12    time: 0.0326  data: 0.0000  max mem: 5880
      ITM Evaluation: [2300/6156]  eta: 0:02:09    time: 0.0327  data: 0.0000  max mem: 5880
      ITM Evaluation: [2400/6156]  eta: 0:02:05    time: 0.0329  data: 0.0000  max mem: 5880
      ITM Evaluation: [2500/6156]  eta: 0:02:02    time: 0.0333  data: 0.0000  max mem: 5880
      ITM Evaluation: [2600/6156]  eta: 0:01:59    time: 0.0331  data: 0.0000  max mem: 5880
      ITM Evaluation: [2700/6156]  eta: 0:01:55    time: 0.0328  data: 0.0000  max mem: 5880
      ITM Evaluation: [2800/6156]  eta: 0:01:52    time: 0.0323  data: 0.0000  max mem: 5880
      ITM Evaluation: [2900/6156]  eta: 0:01:49    time: 0.0361  data: 0.0000  max mem: 5880
      ITM Evaluation: [3000/6156]  eta: 0:01:46    time: 0.0361  data: 0.0000  max mem: 5880
      ITM Evaluation: [3100/6156]  eta: 0:01:42    time: 0.0331  data: 0.0000  max mem: 5880
      ITM Evaluation: [3200/6156]  eta: 0:01:39    time: 0.0335  data: 0.0000  max mem: 5880
      ITM Evaluation: [3300/6156]  eta: 0:01:36    time: 0.0359  data: 0.0000  max mem: 5880
      ITM Evaluation: [3400/6156]  eta: 0:01:32    time: 0.0339  data: 0.0000  max mem: 5880
      ITM Evaluation: [3500/6156]  eta: 0:01:29    time: 0.0355  data: 0.0000  max mem: 5880
      ITM Evaluation: [3600/6156]  eta: 0:01:26    time: 0.0412  data: 0.0000  max mem: 5880
      ITM Evaluation: [3700/6156]  eta: 0:01:23    time: 0.0360  data: 0.0000  max mem: 5880
      ITM Evaluation: [3800/6156]  eta: 0:01:19    time: 0.0331  data: 0.0000  max mem: 5880
      ITM Evaluation: [3900/6156]  eta: 0:01:16    time: 0.0341  data: 0.0000  max mem: 5880
      ITM Evaluation: [4000/6156]  eta: 0:01:12    time: 0.0339  data: 0.0000  max mem: 5880
      ITM Evaluation: [4100/6156]  eta: 0:01:09    time: 0.0351  data: 0.0000  max mem: 5880
      ITM Evaluation: [4200/6156]  eta: 0:01:06    time: 0.0341  data: 0.0000  max mem: 5880
      ITM Evaluation: [4300/6156]  eta: 0:01:02    time: 0.0326  data: 0.0000  max mem: 5880
      ITM Evaluation: [4400/6156]  eta: 0:00:59    time: 0.0313  data: 0.0000  max mem: 5880
      ITM Evaluation: [4500/6156]  eta: 0:00:55    time: 0.0333  data: 0.0000  max mem: 5880
      ITM Evaluation: [4600/6156]  eta: 0:00:52    time: 0.0331  data: 0.0000  max mem: 5880
      ITM Evaluation: [4700/6156]  eta: 0:00:49    time: 0.0332  data: 0.0000  max mem: 5880
      ITM Evaluation: [4800/6156]  eta: 0:00:45    time: 0.0332  data: 0.0000  max mem: 5880
      ITM Evaluation: [4900/6156]  eta: 0:00:42    time: 0.0331  data: 0.0000  max mem: 5880
      ITM Evaluation: [5000/6156]  eta: 0:00:38    time: 0.0324  data: 0.0000  max mem: 5880
      ITM Evaluation: [5100/6156]  eta: 0:00:35    time: 0.0329  data: 0.0000  max mem: 5880
      ITM Evaluation: [5200/6156]  eta: 0:00:32    time: 0.0327  data: 0.0000  max mem: 5880
      ITM Evaluation: [5300/6156]  eta: 0:00:28    time: 0.0353  data: 0.0000  max mem: 5880
      ITM Evaluation: [5400/6156]  eta: 0:00:25    time: 0.0355  data: 0.0000  max mem: 5880
      ITM Evaluation: [5500/6156]  eta: 0:00:22    time: 0.0330  data: 0.0000  max mem: 5880
      ITM Evaluation: [5600/6156]  eta: 0:00:18    time: 0.0334  data: 0.0000  max mem: 5880
      ITM Evaluation: [5700/6156]  eta: 0:00:15    time: 0.0330  data: 0.0000  max mem: 5880
      ITM Evaluation: [5800/6156]  eta: 0:00:12    time: 0.0341  data: 0.0000  max mem: 5880
      ITM Evaluation: [5900/6156]  eta: 0:00:08    time: 0.0343  data: 0.0000  max mem: 5880
      ITM Evaluation: [6000/6156]  eta: 0:00:05    time: 0.0396  data: 0.0000  max mem: 5880
      ITM Evaluation: [6100/6156]  eta: 0:00:01    time: 0.0346  data: 0.0000  max mem: 5880
      ITM Evaluation: [6155/6156]  eta: 0:00:00    time: 0.0333  data: 0.0000  max mem: 5880
      ITM Evaluation: Total time: 0:03:28 (0.0339 s / it)
     total_time 208.6263554096222
     Computing matching score time 0:03:28
### TTA ITM Score: 
+-------+--------+--------+--------+--------+--------+
| epoch |   R1   |   R5   |  R10   |  mAP   |  mINP  |
+-------+--------+--------+--------+--------+--------+
|  -999 | 70.760 | 87.378 | 92.268 | 63.849 | 48.174 |
|  -999 | 76.170 | 89.457 | 93.600 | 65.570 | 47.372 |
|   0   | 73.847 | 88.207 | 92.398 | 64.621 | 47.512 |
|   1   | 74.025 | 88.272 | 92.625 | 64.465 | 47.017 |
|   2   | 72.823 | 86.501 | 90.335 | 60.420 | 40.080 |
|   3   | 73.977 | 88.223 | 92.316 | 64.280 | 46.785 |
|   4   | 73.944 | 88.288 | 92.430 | 64.280 | 46.710 |
|   5   | 73.424 | 87.719 | 91.910 | 63.075 | 44.540 |
|   6   | 73.554 | 87.930 | 91.878 | 63.135 | 44.509 |
|   7   | 73.554 | 88.093 | 92.170 | 63.594 | 45.398 |
|   8   | 73.538 | 87.914 | 91.959 | 63.196 | 44.632 |
|   9   | 73.506 | 87.865 | 91.520 | 62.490 | 43.290 |
|   10  | 73.343 | 87.979 | 91.845 | 63.113 | 44.558 |
|   11  | 73.359 | 87.979 | 91.715 | 63.037 | 44.431 |
|   12  | 73.311 | 87.930 | 91.520 | 62.577 | 43.533 |
|   13  | 73.311 | 87.930 | 91.634 | 62.961 | 44.286 |
|   14  | 73.327 | 87.963 | 91.585 | 62.788 | 43.932 |
|   15  | 73.359 | 88.028 | 91.732 | 63.033 | 44.366 |
|   16  | 73.262 | 87.995 | 91.634 | 62.734 | 43.834 |
|   17  | 73.457 | 87.995 | 91.699 | 62.829 | 43.984 |
|   18  | 73.408 | 87.995 | 91.699 | 62.755 | 43.861 |
|   19  | 73.473 | 88.077 | 91.764 | 62.999 | 44.240 |
|   20  | 73.457 | 88.125 | 92.040 | 63.284 | 44.814 |
|   21  | 73.424 | 88.093 | 92.008 | 63.229 | 44.730 |
|   22  | 73.359 | 88.028 | 91.894 | 62.990 | 44.278 |
+-------+--------+--------+--------+--------+--------+
     logs:  {'epo': 22, 'R1': 73.359, 'R5': 88.028, 'R10': 91.894, 'mAP': 62.99, 'mINP': 44.278, 'lr': 5.3e-05, 'entropy': 0.099619, 'loss': 2.700531}
      TTA Epoch: [23] [  0/109]  eta: 0:01:14  lr: 0.000050  entropy: 0.1633  loss: 2.7257  time: 0.6790  data: 0.5680  max mem: 5880
      TTA Epoch: [23] [100/109]  eta: 0:00:00  lr: 0.000043  entropy: 0.0505  loss: 2.6810  time: 0.0468  data: 0.0001  max mem: 5880
      TTA Epoch: [23] [108/109]  eta: 0:00:00  lr: 0.000043  entropy: 0.0611  loss: 2.6909  time: 0.0549  data: 0.0001  max mem: 5880
      TTA Epoch: [23] Total time: 0:00:06 (0.0570 s / it)
     Averaged stats: lr: 0.0000  entropy: 0.1039  loss: 2.7022
     itm tta time 0:00:06
     Computing matching score
      ITM Evaluation: [   0/6156]  eta: 0:05:30    time: 0.0536  data: 0.0169  max mem: 5880
      ITM Evaluation: [ 100/6156]  eta: 0:03:44    time: 0.0364  data: 0.0000  max mem: 5880
      ITM Evaluation: [ 200/6156]  eta: 0:03:33    time: 0.0343  data: 0.0000  max mem: 5880
      ITM Evaluation: [ 300/6156]  eta: 0:03:38    time: 0.0481  data: 0.0000  max mem: 5880
      ITM Evaluation: [ 400/6156]  eta: 0:03:32    time: 0.0369  data: 0.0000  max mem: 5880
      ITM Evaluation: [ 500/6156]  eta: 0:03:25    time: 0.0334  data: 0.0000  max mem: 5880
      ITM Evaluation: [ 600/6156]  eta: 0:03:19    time: 0.0342  data: 0.0000  max mem: 5880
      ITM Evaluation: [ 700/6156]  eta: 0:03:15    time: 0.0342  data: 0.0000  max mem: 5880
      ITM Evaluation: [ 800/6156]  eta: 0:03:12    time: 0.0338  data: 0.0000  max mem: 5880
      ITM Evaluation: [ 900/6156]  eta: 0:03:07    time: 0.0341  data: 0.0000  max mem: 5880
      ITM Evaluation: [1000/6156]  eta: 0:03:03    time: 0.0346  data: 0.0000  max mem: 5880
      ITM Evaluation: [1100/6156]  eta: 0:03:00    time: 0.0377  data: 0.0000  max mem: 5880
      ITM Evaluation: [1200/6156]  eta: 0:02:59    time: 0.0626  data: 0.0000  max mem: 5880
      ITM Evaluation: [1300/6156]  eta: 0:02:56    time: 0.0384  data: 0.0000  max mem: 5880
      ITM Evaluation: [1400/6156]  eta: 0:02:52    time: 0.0364  data: 0.0000  max mem: 5880
      ITM Evaluation: [1500/6156]  eta: 0:02:48    time: 0.0363  data: 0.0000  max mem: 5880
      ITM Evaluation: [1600/6156]  eta: 0:02:45    time: 0.0369  data: 0.0000  max mem: 5880
      ITM Evaluation: [1700/6156]  eta: 0:02:41    time: 0.0346  data: 0.0000  max mem: 5880
      ITM Evaluation: [1800/6156]  eta: 0:02:37    time: 0.0362  data: 0.0000  max mem: 5880
      ITM Evaluation: [1900/6156]  eta: 0:02:33    time: 0.0336  data: 0.0000  max mem: 5880
      ITM Evaluation: [2000/6156]  eta: 0:02:30    time: 0.0336  data: 0.0000  max mem: 5880
      ITM Evaluation: [2100/6156]  eta: 0:02:26    time: 0.0348  data: 0.0000  max mem: 5880
      ITM Evaluation: [2200/6156]  eta: 0:02:22    time: 0.0365  data: 0.0000  max mem: 5880
      ITM Evaluation: [2300/6156]  eta: 0:02:19    time: 0.0381  data: 0.0000  max mem: 5880
      ITM Evaluation: [2400/6156]  eta: 0:02:15    time: 0.0354  data: 0.0000  max mem: 5880
      ITM Evaluation: [2500/6156]  eta: 0:02:11    time: 0.0356  data: 0.0000  max mem: 5880
      ITM Evaluation: [2600/6156]  eta: 0:02:07    time: 0.0325  data: 0.0000  max mem: 5880
      ITM Evaluation: [2700/6156]  eta: 0:02:04    time: 0.0362  data: 0.0000  max mem: 5880
      ITM Evaluation: [2800/6156]  eta: 0:02:00    time: 0.0363  data: 0.0000  max mem: 5880
      ITM Evaluation: [2900/6156]  eta: 0:01:57    time: 0.0410  data: 0.0000  max mem: 5880
      ITM Evaluation: [3000/6156]  eta: 0:01:54    time: 0.0386  data: 0.0000  max mem: 5880
      ITM Evaluation: [3100/6156]  eta: 0:01:51    time: 0.0378  data: 0.0000  max mem: 5880
      ITM Evaluation: [3200/6156]  eta: 0:01:47    time: 0.0375  data: 0.0000  max mem: 5880
      ITM Evaluation: [3300/6156]  eta: 0:01:44    time: 0.0376  data: 0.0000  max mem: 5880
      ITM Evaluation: [3400/6156]  eta: 0:01:41    time: 0.0390  data: 0.0000  max mem: 5880
      ITM Evaluation: [3500/6156]  eta: 0:01:37    time: 0.0367  data: 0.0000  max mem: 5880
      ITM Evaluation: [3600/6156]  eta: 0:01:33    time: 0.0335  data: 0.0000  max mem: 5880
      ITM Evaluation: [3700/6156]  eta: 0:01:29    time: 0.0334  data: 0.0000  max mem: 5880
      ITM Evaluation: [3800/6156]  eta: 0:01:26    time: 0.0335  data: 0.0000  max mem: 5880
      ITM Evaluation: [3900/6156]  eta: 0:01:22    time: 0.0354  data: 0.0000  max mem: 5880
      ITM Evaluation: [4000/6156]  eta: 0:01:18    time: 0.0404  data: 0.0000  max mem: 5880
      ITM Evaluation: [4100/6156]  eta: 0:01:15    time: 0.0340  data: 0.0000  max mem: 5880
      ITM Evaluation: [4200/6156]  eta: 0:01:11    time: 0.0331  data: 0.0000  max mem: 5880
      ITM Evaluation: [4300/6156]  eta: 0:01:07    time: 0.0331  data: 0.0000  max mem: 5880
      ITM Evaluation: [4400/6156]  eta: 0:01:03    time: 0.0383  data: 0.0000  max mem: 5880
      ITM Evaluation: [4500/6156]  eta: 0:01:00    time: 0.0349  data: 0.0000  max mem: 5880
      ITM Evaluation: [4600/6156]  eta: 0:00:56    time: 0.0571  data: 0.0000  max mem: 5880
      ITM Evaluation: [4700/6156]  eta: 0:00:53    time: 0.0396  data: 0.0000  max mem: 5880
      ITM Evaluation: [4800/6156]  eta: 0:00:49    time: 0.0372  data: 0.0000  max mem: 5880
      ITM Evaluation: [4900/6156]  eta: 0:00:46    time: 0.0392  data: 0.0000  max mem: 5880
      ITM Evaluation: [5000/6156]  eta: 0:00:42    time: 0.0537  data: 0.0000  max mem: 5880
      ITM Evaluation: [5100/6156]  eta: 0:00:39    time: 0.0416  data: 0.0000  max mem: 5880
      ITM Evaluation: [5200/6156]  eta: 0:00:35    time: 0.0389  data: 0.0000  max mem: 5880
      ITM Evaluation: [5300/6156]  eta: 0:00:31    time: 0.0352  data: 0.0000  max mem: 5880
      ITM Evaluation: [5400/6156]  eta: 0:00:27    time: 0.0362  data: 0.0000  max mem: 5880
      ITM Evaluation: [5500/6156]  eta: 0:00:24    time: 0.0349  data: 0.0000  max mem: 5880
      ITM Evaluation: [5600/6156]  eta: 0:00:20    time: 0.0379  data: 0.0000  max mem: 5880
      ITM Evaluation: [5700/6156]  eta: 0:00:16    time: 0.0360  data: 0.0000  max mem: 5880
      ITM Evaluation: [5800/6156]  eta: 0:00:13    time: 0.0406  data: 0.0000  max mem: 5880
      ITM Evaluation: [5900/6156]  eta: 0:00:09    time: 0.0355  data: 0.0000  max mem: 5880
      ITM Evaluation: [6000/6156]  eta: 0:00:05    time: 0.0409  data: 0.0000  max mem: 5880
      ITM Evaluation: [6100/6156]  eta: 0:00:02    time: 0.0375  data: 0.0000  max mem: 5880
      ITM Evaluation: [6155/6156]  eta: 0:00:00    time: 0.0408  data: 0.0000  max mem: 5880
      ITM Evaluation: Total time: 0:03:48 (0.0371 s / it)
     total_time 228.30604696273804
     Computing matching score time 0:03:48
### TTA ITM Score: 
+-------+--------+--------+--------+--------+--------+
| epoch |   R1   |   R5   |  R10   |  mAP   |  mINP  |
+-------+--------+--------+--------+--------+--------+
|  -999 | 70.760 | 87.378 | 92.268 | 63.849 | 48.174 |
|  -999 | 76.170 | 89.457 | 93.600 | 65.570 | 47.372 |
|   0   | 73.847 | 88.207 | 92.398 | 64.621 | 47.512 |
|   1   | 74.025 | 88.272 | 92.625 | 64.465 | 47.017 |
|   2   | 72.823 | 86.501 | 90.335 | 60.420 | 40.080 |
|   3   | 73.977 | 88.223 | 92.316 | 64.280 | 46.785 |
|   4   | 73.944 | 88.288 | 92.430 | 64.280 | 46.710 |
|   5   | 73.424 | 87.719 | 91.910 | 63.075 | 44.540 |
|   6   | 73.554 | 87.930 | 91.878 | 63.135 | 44.509 |
|   7   | 73.554 | 88.093 | 92.170 | 63.594 | 45.398 |
|   8   | 73.538 | 87.914 | 91.959 | 63.196 | 44.632 |
|   9   | 73.506 | 87.865 | 91.520 | 62.490 | 43.290 |
|   10  | 73.343 | 87.979 | 91.845 | 63.113 | 44.558 |
|   11  | 73.359 | 87.979 | 91.715 | 63.037 | 44.431 |
|   12  | 73.311 | 87.930 | 91.520 | 62.577 | 43.533 |
|   13  | 73.311 | 87.930 | 91.634 | 62.961 | 44.286 |
|   14  | 73.327 | 87.963 | 91.585 | 62.788 | 43.932 |
|   15  | 73.359 | 88.028 | 91.732 | 63.033 | 44.366 |
|   16  | 73.262 | 87.995 | 91.634 | 62.734 | 43.834 |
|   17  | 73.457 | 87.995 | 91.699 | 62.829 | 43.984 |
|   18  | 73.408 | 87.995 | 91.699 | 62.755 | 43.861 |
|   19  | 73.473 | 88.077 | 91.764 | 62.999 | 44.240 |
|   20  | 73.457 | 88.125 | 92.040 | 63.284 | 44.814 |
|   21  | 73.424 | 88.093 | 92.008 | 63.229 | 44.730 |
|   22  | 73.359 | 88.028 | 91.894 | 62.990 | 44.278 |
|   23  | 73.376 | 88.012 | 91.813 | 62.863 | 44.046 |
+-------+--------+--------+--------+--------+--------+
     logs:  {'epo': 23, 'R1': 73.376, 'R5': 88.012, 'R10': 91.813, 'mAP': 62.863, 'mINP': 44.046, 'lr': 4.6e-05, 'entropy': 0.103908, 'loss': 2.702164}
      TTA Epoch: [24] [  0/109]  eta: 0:01:24  lr: 0.000043  entropy: 0.0905  loss: 2.6971  time: 0.7764  data: 0.6620  max mem: 5880
      TTA Epoch: [24] [100/109]  eta: 0:00:00  lr: 0.000036  entropy: 0.0389  loss: 2.6737  time: 0.0483  data: 0.0001  max mem: 5880
      TTA Epoch: [24] [108/109]  eta: 0:00:00  lr: 0.000036  entropy: 0.1075  loss: 2.7061  time: 0.0455  data: 0.0001  max mem: 5880
      TTA Epoch: [24] Total time: 0:00:06 (0.0585 s / it)
     Averaged stats: lr: 0.0000  entropy: 0.1038  loss: 2.7021
     itm tta time 0:00:06
     Computing matching score
      ITM Evaluation: [   0/6156]  eta: 0:04:40    time: 0.0455  data: 0.0095  max mem: 5880
      ITM Evaluation: [ 100/6156]  eta: 0:03:34    time: 0.0344  data: 0.0000  max mem: 5880
      ITM Evaluation: [ 200/6156]  eta: 0:03:33    time: 0.0351  data: 0.0000  max mem: 5880
      ITM Evaluation: [ 300/6156]  eta: 0:03:27    time: 0.0346  data: 0.0000  max mem: 5880
      ITM Evaluation: [ 400/6156]  eta: 0:03:24    time: 0.0360  data: 0.0000  max mem: 5880
      ITM Evaluation: [ 500/6156]  eta: 0:03:20    time: 0.0359  data: 0.0000  max mem: 5880
      ITM Evaluation: [ 600/6156]  eta: 0:03:16    time: 0.0351  data: 0.0000  max mem: 5880
      ITM Evaluation: [ 700/6156]  eta: 0:03:13    time: 0.0373  data: 0.0000  max mem: 5880
      ITM Evaluation: [ 800/6156]  eta: 0:03:12    time: 0.0411  data: 0.0000  max mem: 5880
      ITM Evaluation: [ 900/6156]  eta: 0:03:12    time: 0.0383  data: 0.0000  max mem: 5880
      ITM Evaluation: [1000/6156]  eta: 0:03:09    time: 0.0415  data: 0.0000  max mem: 5880
      ITM Evaluation: [1100/6156]  eta: 0:03:07    time: 0.0352  data: 0.0000  max mem: 5880
      ITM Evaluation: [1200/6156]  eta: 0:03:02    time: 0.0380  data: 0.0000  max mem: 5880
      ITM Evaluation: [1300/6156]  eta: 0:02:58    time: 0.0342  data: 0.0000  max mem: 5880
      ITM Evaluation: [1400/6156]  eta: 0:02:54    time: 0.0349  data: 0.0000  max mem: 5880
      ITM Evaluation: [1500/6156]  eta: 0:02:50    time: 0.0355  data: 0.0000  max mem: 5880
      ITM Evaluation: [1600/6156]  eta: 0:02:46    time: 0.0350  data: 0.0000  max mem: 5880
      ITM Evaluation: [1700/6156]  eta: 0:02:42    time: 0.0360  data: 0.0000  max mem: 5880
      ITM Evaluation: [1800/6156]  eta: 0:02:38    time: 0.0364  data: 0.0000  max mem: 5880
      ITM Evaluation: [1900/6156]  eta: 0:02:34    time: 0.0334  data: 0.0000  max mem: 5880
      ITM Evaluation: [2000/6156]  eta: 0:02:30    time: 0.0359  data: 0.0000  max mem: 5880
      ITM Evaluation: [2100/6156]  eta: 0:02:27    time: 0.0378  data: 0.0000  max mem: 5880
      ITM Evaluation: [2200/6156]  eta: 0:02:24    time: 0.0347  data: 0.0000  max mem: 5880
      ITM Evaluation: [2300/6156]  eta: 0:02:20    time: 0.0345  data: 0.0000  max mem: 5880
      ITM Evaluation: [2400/6156]  eta: 0:02:16    time: 0.0352  data: 0.0000  max mem: 5880
      ITM Evaluation: [2500/6156]  eta: 0:02:12    time: 0.0335  data: 0.0000  max mem: 5880
      ITM Evaluation: [2600/6156]  eta: 0:02:09    time: 0.0358  data: 0.0000  max mem: 5880
      ITM Evaluation: [2700/6156]  eta: 0:02:05    time: 0.0357  data: 0.0000  max mem: 5880
      ITM Evaluation: [2800/6156]  eta: 0:02:01    time: 0.0397  data: 0.0000  max mem: 5880
      ITM Evaluation: [2900/6156]  eta: 0:01:58    time: 0.0372  data: 0.0000  max mem: 5880
      ITM Evaluation: [3000/6156]  eta: 0:01:54    time: 0.0345  data: 0.0000  max mem: 5880
      ITM Evaluation: [3100/6156]  eta: 0:01:50    time: 0.0341  data: 0.0000  max mem: 5880
      ITM Evaluation: [3200/6156]  eta: 0:01:47    time: 0.0455  data: 0.0000  max mem: 5880
      ITM Evaluation: [3300/6156]  eta: 0:01:44    time: 0.0354  data: 0.0000  max mem: 5880
      ITM Evaluation: [3400/6156]  eta: 0:01:40    time: 0.0349  data: 0.0000  max mem: 5880
      ITM Evaluation: [3500/6156]  eta: 0:01:36    time: 0.0339  data: 0.0000  max mem: 5880
      ITM Evaluation: [3600/6156]  eta: 0:01:32    time: 0.0332  data: 0.0000  max mem: 5880
      ITM Evaluation: [3700/6156]  eta: 0:01:29    time: 0.0344  data: 0.0000  max mem: 5880
      ITM Evaluation: [3800/6156]  eta: 0:01:25    time: 0.0388  data: 0.0000  max mem: 5880
      ITM Evaluation: [3900/6156]  eta: 0:01:21    time: 0.0354  data: 0.0000  max mem: 5880
      ITM Evaluation: [4000/6156]  eta: 0:01:18    time: 0.0368  data: 0.0000  max mem: 5880
      ITM Evaluation: [4100/6156]  eta: 0:01:14    time: 0.0353  data: 0.0000  max mem: 5880
      ITM Evaluation: [4200/6156]  eta: 0:01:11    time: 0.0398  data: 0.0000  max mem: 5880
      ITM Evaluation: [4300/6156]  eta: 0:01:07    time: 0.0364  data: 0.0000  max mem: 5880
      ITM Evaluation: [4400/6156]  eta: 0:01:03    time: 0.0341  data: 0.0000  max mem: 5880
      ITM Evaluation: [4500/6156]  eta: 0:01:00    time: 0.0403  data: 0.0000  max mem: 5880
      ITM Evaluation: [4600/6156]  eta: 0:00:56    time: 0.0339  data: 0.0000  max mem: 5880
      ITM Evaluation: [4700/6156]  eta: 0:00:53    time: 0.0326  data: 0.0000  max mem: 5880
      ITM Evaluation: [4800/6156]  eta: 0:00:49    time: 0.0329  data: 0.0000  max mem: 5880
      ITM Evaluation: [4900/6156]  eta: 0:00:45    time: 0.0332  data: 0.0000  max mem: 5880
      ITM Evaluation: [5000/6156]  eta: 0:00:42    time: 0.0337  data: 0.0000  max mem: 5880
      ITM Evaluation: [5100/6156]  eta: 0:00:38    time: 0.0325  data: 0.0000  max mem: 5880
      ITM Evaluation: [5200/6156]  eta: 0:00:34    time: 0.0324  data: 0.0000  max mem: 5880
      ITM Evaluation: [5300/6156]  eta: 0:00:30    time: 0.0344  data: 0.0000  max mem: 5880
      ITM Evaluation: [5400/6156]  eta: 0:00:27    time: 0.0336  data: 0.0000  max mem: 5880
      ITM Evaluation: [5500/6156]  eta: 0:00:23    time: 0.0331  data: 0.0000  max mem: 5880
      ITM Evaluation: [5600/6156]  eta: 0:00:20    time: 0.0863  data: 0.0000  max mem: 5880
      ITM Evaluation: [5700/6156]  eta: 0:00:16    time: 0.0380  data: 0.0000  max mem: 5880
      ITM Evaluation: [5800/6156]  eta: 0:00:12    time: 0.0367  data: 0.0000  max mem: 5880
      ITM Evaluation: [5900/6156]  eta: 0:00:09    time: 0.0346  data: 0.0000  max mem: 5880
      ITM Evaluation: [6000/6156]  eta: 0:00:05    time: 0.0343  data: 0.0000  max mem: 5880
      ITM Evaluation: [6100/6156]  eta: 0:00:02    time: 0.0345  data: 0.0000  max mem: 5880
      ITM Evaluation: [6155/6156]  eta: 0:00:00    time: 0.0353  data: 0.0000  max mem: 5880
      ITM Evaluation: Total time: 0:03:43 (0.0363 s / it)
     total_time 223.41763019561768
     Computing matching score time 0:03:43
### TTA ITM Score: 
+-------+--------+--------+--------+--------+--------+
| epoch |   R1   |   R5   |  R10   |  mAP   |  mINP  |
+-------+--------+--------+--------+--------+--------+
|  -999 | 70.760 | 87.378 | 92.268 | 63.849 | 48.174 |
|  -999 | 76.170 | 89.457 | 93.600 | 65.570 | 47.372 |
|   0   | 73.847 | 88.207 | 92.398 | 64.621 | 47.512 |
|   1   | 74.025 | 88.272 | 92.625 | 64.465 | 47.017 |
|   2   | 72.823 | 86.501 | 90.335 | 60.420 | 40.080 |
|   3   | 73.977 | 88.223 | 92.316 | 64.280 | 46.785 |
|   4   | 73.944 | 88.288 | 92.430 | 64.280 | 46.710 |
|   5   | 73.424 | 87.719 | 91.910 | 63.075 | 44.540 |
|   6   | 73.554 | 87.930 | 91.878 | 63.135 | 44.509 |
|   7   | 73.554 | 88.093 | 92.170 | 63.594 | 45.398 |
|   8   | 73.538 | 87.914 | 91.959 | 63.196 | 44.632 |
|   9   | 73.506 | 87.865 | 91.520 | 62.490 | 43.290 |
|   10  | 73.343 | 87.979 | 91.845 | 63.113 | 44.558 |
|   11  | 73.359 | 87.979 | 91.715 | 63.037 | 44.431 |
|   12  | 73.311 | 87.930 | 91.520 | 62.577 | 43.533 |
|   13  | 73.311 | 87.930 | 91.634 | 62.961 | 44.286 |
|   14  | 73.327 | 87.963 | 91.585 | 62.788 | 43.932 |
|   15  | 73.359 | 88.028 | 91.732 | 63.033 | 44.366 |
|   16  | 73.262 | 87.995 | 91.634 | 62.734 | 43.834 |
|   17  | 73.457 | 87.995 | 91.699 | 62.829 | 43.984 |
|   18  | 73.408 | 87.995 | 91.699 | 62.755 | 43.861 |
|   19  | 73.473 | 88.077 | 91.764 | 62.999 | 44.240 |
|   20  | 73.457 | 88.125 | 92.040 | 63.284 | 44.814 |
|   21  | 73.424 | 88.093 | 92.008 | 63.229 | 44.730 |
|   22  | 73.359 | 88.028 | 91.894 | 62.990 | 44.278 |
|   23  | 73.376 | 88.012 | 91.813 | 62.863 | 44.046 |
|   24  | 73.376 | 87.947 | 91.797 | 62.783 | 43.887 |
+-------+--------+--------+--------+--------+--------+
     logs:  {'epo': 24, 'R1': 73.376, 'R5': 87.947, 'R10': 91.797, 'mAP': 62.783, 'mINP': 43.887, 'lr': 3.9e-05, 'entropy': 0.103761, 'loss': 2.702074}
      TTA Epoch: [25] [  0/109]  eta: 0:02:18  lr: 0.000036  entropy: 0.1073  loss: 2.7070  time: 1.2745  data: 1.1620  max mem: 5880
      TTA Epoch: [25] [100/109]  eta: 0:00:00  lr: 0.000030  entropy: 0.0665  loss: 2.6930  time: 0.0640  data: 0.0002  max mem: 5880
      TTA Epoch: [25] [108/109]  eta: 0:00:00  lr: 0.000029  entropy: 0.1079  loss: 2.6993  time: 0.0666  data: 0.0002  max mem: 5880
      TTA Epoch: [25] Total time: 0:00:07 (0.0730 s / it)
     Averaged stats: lr: 0.0000  entropy: 0.1044  loss: 2.7023
     itm tta time 0:00:08
     Computing matching score
      ITM Evaluation: [   0/6156]  eta: 0:04:19    time: 0.0422  data: 0.0083  max mem: 5880
      ITM Evaluation: [ 100/6156]  eta: 0:03:48    time: 0.0389  data: 0.0000  max mem: 5880
      ITM Evaluation: [ 200/6156]  eta: 0:03:45    time: 0.0376  data: 0.0000  max mem: 5880
      ITM Evaluation: [ 300/6156]  eta: 0:03:39    time: 0.0380  data: 0.0000  max mem: 5880
      ITM Evaluation: [ 400/6156]  eta: 0:03:33    time: 0.0363  data: 0.0000  max mem: 5880
      ITM Evaluation: [ 500/6156]  eta: 0:03:31    time: 0.0380  data: 0.0000  max mem: 5880
      ITM Evaluation: [ 600/6156]  eta: 0:03:27    time: 0.0346  data: 0.0000  max mem: 5880
      ITM Evaluation: [ 700/6156]  eta: 0:03:21    time: 0.0347  data: 0.0000  max mem: 5880
      ITM Evaluation: [ 800/6156]  eta: 0:03:16    time: 0.0353  data: 0.0000  max mem: 5880
      ITM Evaluation: [ 900/6156]  eta: 0:03:11    time: 0.0354  data: 0.0000  max mem: 5880
      ITM Evaluation: [1000/6156]  eta: 0:03:06    time: 0.0341  data: 0.0000  max mem: 5880
      ITM Evaluation: [1100/6156]  eta: 0:03:02    time: 0.0357  data: 0.0000  max mem: 5880
      ITM Evaluation: [1200/6156]  eta: 0:02:57    time: 0.0339  data: 0.0000  max mem: 5880
      ITM Evaluation: [1300/6156]  eta: 0:02:53    time: 0.0350  data: 0.0000  max mem: 5880
      ITM Evaluation: [1400/6156]  eta: 0:02:49    time: 0.0348  data: 0.0000  max mem: 5880
      ITM Evaluation: [1500/6156]  eta: 0:02:45    time: 0.0349  data: 0.0000  max mem: 5880
      ITM Evaluation: [1600/6156]  eta: 0:02:41    time: 0.0349  data: 0.0000  max mem: 5880
      ITM Evaluation: [1700/6156]  eta: 0:02:38    time: 0.0378  data: 0.0000  max mem: 5880
      ITM Evaluation: [1800/6156]  eta: 0:02:35    time: 0.0361  data: 0.0000  max mem: 5880
      ITM Evaluation: [1900/6156]  eta: 0:02:31    time: 0.0358  data: 0.0000  max mem: 5880
      ITM Evaluation: [2000/6156]  eta: 0:02:27    time: 0.0355  data: 0.0000  max mem: 5880
      ITM Evaluation: [2100/6156]  eta: 0:02:23    time: 0.0341  data: 0.0000  max mem: 5880
      ITM Evaluation: [2200/6156]  eta: 0:02:20    time: 0.0346  data: 0.0000  max mem: 5880
      ITM Evaluation: [2300/6156]  eta: 0:02:16    time: 0.0326  data: 0.0000  max mem: 5880
      ITM Evaluation: [2400/6156]  eta: 0:02:13    time: 0.0353  data: 0.0000  max mem: 5880
      ITM Evaluation: [2500/6156]  eta: 0:02:09    time: 0.0342  data: 0.0000  max mem: 5880
      ITM Evaluation: [2600/6156]  eta: 0:02:05    time: 0.0377  data: 0.0000  max mem: 5880
      ITM Evaluation: [2700/6156]  eta: 0:02:02    time: 0.0402  data: 0.0000  max mem: 5880
      ITM Evaluation: [2800/6156]  eta: 0:01:59    time: 0.0401  data: 0.0000  max mem: 5880
      ITM Evaluation: [2900/6156]  eta: 0:01:56    time: 0.0368  data: 0.0000  max mem: 5880
      ITM Evaluation: [3000/6156]  eta: 0:01:52    time: 0.0363  data: 0.0000  max mem: 5880
      ITM Evaluation: [3100/6156]  eta: 0:01:49    time: 0.0369  data: 0.0000  max mem: 5880
      ITM Evaluation: [3200/6156]  eta: 0:01:45    time: 0.0340  data: 0.0000  max mem: 5880
      ITM Evaluation: [3300/6156]  eta: 0:01:42    time: 0.0378  data: 0.0000  max mem: 5880
      ITM Evaluation: [3400/6156]  eta: 0:01:38    time: 0.0379  data: 0.0000  max mem: 5880
      ITM Evaluation: [3500/6156]  eta: 0:01:35    time: 0.0367  data: 0.0000  max mem: 5880
      ITM Evaluation: [3600/6156]  eta: 0:01:31    time: 0.0360  data: 0.0000  max mem: 5880
      ITM Evaluation: [3700/6156]  eta: 0:01:28    time: 0.0375  data: 0.0000  max mem: 5880
      ITM Evaluation: [3800/6156]  eta: 0:01:24    time: 0.0400  data: 0.0000  max mem: 5880
      ITM Evaluation: [3900/6156]  eta: 0:01:21    time: 0.0436  data: 0.0000  max mem: 5880
      ITM Evaluation: [4000/6156]  eta: 0:01:18    time: 0.0429  data: 0.0000  max mem: 5880
      ITM Evaluation: [4100/6156]  eta: 0:01:14    time: 0.0364  data: 0.0000  max mem: 5880
      ITM Evaluation: [4200/6156]  eta: 0:01:11    time: 0.0360  data: 0.0000  max mem: 5880
      ITM Evaluation: [4300/6156]  eta: 0:01:07    time: 0.0380  data: 0.0000  max mem: 5880
      ITM Evaluation: [4400/6156]  eta: 0:01:04    time: 0.0393  data: 0.0000  max mem: 5880
      ITM Evaluation: [4500/6156]  eta: 0:01:00    time: 0.0367  data: 0.0000  max mem: 5880
      ITM Evaluation: [4600/6156]  eta: 0:00:56    time: 0.0379  data: 0.0000  max mem: 5880
      ITM Evaluation: [4700/6156]  eta: 0:00:53    time: 0.0408  data: 0.0000  max mem: 5880
      ITM Evaluation: [4800/6156]  eta: 0:00:49    time: 0.0359  data: 0.0000  max mem: 5880
      ITM Evaluation: [4900/6156]  eta: 0:00:46    time: 0.0417  data: 0.0000  max mem: 5880
      ITM Evaluation: [5000/6156]  eta: 0:00:42    time: 0.0447  data: 0.0000  max mem: 5880
      ITM Evaluation: [5100/6156]  eta: 0:00:38    time: 0.0398  data: 0.0000  max mem: 5880
      ITM Evaluation: [5200/6156]  eta: 0:00:35    time: 0.0360  data: 0.0000  max mem: 5880
      ITM Evaluation: [5300/6156]  eta: 0:00:31    time: 0.0392  data: 0.0000  max mem: 5880
      ITM Evaluation: [5400/6156]  eta: 0:00:27    time: 0.0400  data: 0.0000  max mem: 5880
      ITM Evaluation: [5500/6156]  eta: 0:00:24    time: 0.0396  data: 0.0000  max mem: 5880
      ITM Evaluation: [5600/6156]  eta: 0:00:20    time: 0.0394  data: 0.0000  max mem: 5880
      ITM Evaluation: [5700/6156]  eta: 0:00:16    time: 0.0380  data: 0.0000  max mem: 5880
      ITM Evaluation: [5800/6156]  eta: 0:00:13    time: 0.0377  data: 0.0000  max mem: 5880
      ITM Evaluation: [5900/6156]  eta: 0:00:09    time: 0.0455  data: 0.0000  max mem: 5880
      ITM Evaluation: [6000/6156]  eta: 0:00:05    time: 0.0413  data: 0.0000  max mem: 5880
      ITM Evaluation: [6100/6156]  eta: 0:00:02    time: 0.0405  data: 0.0000  max mem: 5880
      ITM Evaluation: [6155/6156]  eta: 0:00:00    time: 0.0363  data: 0.0000  max mem: 5880
      ITM Evaluation: Total time: 0:03:49 (0.0373 s / it)
     total_time 229.44807481765747
     Computing matching score time 0:03:49
### TTA ITM Score: 
+-------+--------+--------+--------+--------+--------+
| epoch |   R1   |   R5   |  R10   |  mAP   |  mINP  |
+-------+--------+--------+--------+--------+--------+
|  -999 | 70.760 | 87.378 | 92.268 | 63.849 | 48.174 |
|  -999 | 76.170 | 89.457 | 93.600 | 65.570 | 47.372 |
|   0   | 73.847 | 88.207 | 92.398 | 64.621 | 47.512 |
|   1   | 74.025 | 88.272 | 92.625 | 64.465 | 47.017 |
|   2   | 72.823 | 86.501 | 90.335 | 60.420 | 40.080 |
|   3   | 73.977 | 88.223 | 92.316 | 64.280 | 46.785 |
|   4   | 73.944 | 88.288 | 92.430 | 64.280 | 46.710 |
|   5   | 73.424 | 87.719 | 91.910 | 63.075 | 44.540 |
|   6   | 73.554 | 87.930 | 91.878 | 63.135 | 44.509 |
|   7   | 73.554 | 88.093 | 92.170 | 63.594 | 45.398 |
|   8   | 73.538 | 87.914 | 91.959 | 63.196 | 44.632 |
|   9   | 73.506 | 87.865 | 91.520 | 62.490 | 43.290 |
|   10  | 73.343 | 87.979 | 91.845 | 63.113 | 44.558 |
|   11  | 73.359 | 87.979 | 91.715 | 63.037 | 44.431 |
|   12  | 73.311 | 87.930 | 91.520 | 62.577 | 43.533 |
|   13  | 73.311 | 87.930 | 91.634 | 62.961 | 44.286 |
|   14  | 73.327 | 87.963 | 91.585 | 62.788 | 43.932 |
|   15  | 73.359 | 88.028 | 91.732 | 63.033 | 44.366 |
|   16  | 73.262 | 87.995 | 91.634 | 62.734 | 43.834 |
|   17  | 73.457 | 87.995 | 91.699 | 62.829 | 43.984 |
|   18  | 73.408 | 87.995 | 91.699 | 62.755 | 43.861 |
|   19  | 73.473 | 88.077 | 91.764 | 62.999 | 44.240 |
|   20  | 73.457 | 88.125 | 92.040 | 63.284 | 44.814 |
|   21  | 73.424 | 88.093 | 92.008 | 63.229 | 44.730 |
|   22  | 73.359 | 88.028 | 91.894 | 62.990 | 44.278 |
|   23  | 73.376 | 88.012 | 91.813 | 62.863 | 44.046 |
|   24  | 73.376 | 87.947 | 91.797 | 62.783 | 43.887 |
|   25  | 73.441 | 87.914 | 91.764 | 62.840 | 43.952 |
+-------+--------+--------+--------+--------+--------+
     logs:  {'epo': 25, 'R1': 73.441, 'R5': 87.914, 'R10': 91.764, 'mAP': 62.84, 'mINP': 43.952, 'lr': 3.3e-05, 'entropy': 0.104351, 'loss': 2.70233}
      TTA Epoch: [26] [  0/109]  eta: 0:01:03  lr: 0.000029  entropy: 0.1763  loss: 2.7302  time: 0.5842  data: 0.4718  max mem: 5880
      TTA Epoch: [26] [100/109]  eta: 0:00:00  lr: 0.000023  entropy: 0.1056  loss: 2.7037  time: 0.0460  data: 0.0001  max mem: 5880
      TTA Epoch: [26] [108/109]  eta: 0:00:00  lr: 0.000022  entropy: 0.0808  loss: 2.6890  time: 0.0435  data: 0.0001  max mem: 5880
      TTA Epoch: [26] Total time: 0:00:05 (0.0537 s / it)
     Averaged stats: lr: 0.0000  entropy: 0.1064  loss: 2.7031
     itm tta time 0:00:06
     Computing matching score
      ITM Evaluation: [   0/6156]  eta: 0:04:09    time: 0.0404  data: 0.0064  max mem: 5880
      ITM Evaluation: [ 100/6156]  eta: 0:03:44    time: 0.0359  data: 0.0000  max mem: 5880
      ITM Evaluation: [ 200/6156]  eta: 0:03:43    time: 0.0387  data: 0.0000  max mem: 5880
      ITM Evaluation: [ 300/6156]  eta: 0:03:40    time: 0.0379  data: 0.0000  max mem: 5880
      ITM Evaluation: [ 400/6156]  eta: 0:03:35    time: 0.0370  data: 0.0000  max mem: 5880
      ITM Evaluation: [ 500/6156]  eta: 0:03:33    time: 0.0406  data: 0.0000  max mem: 5880
      ITM Evaluation: [ 600/6156]  eta: 0:03:33    time: 0.0426  data: 0.0000  max mem: 5880
      ITM Evaluation: [ 700/6156]  eta: 0:03:33    time: 0.0430  data: 0.0000  max mem: 5880
      ITM Evaluation: [ 800/6156]  eta: 0:03:29    time: 0.0391  data: 0.0000  max mem: 5880
      ITM Evaluation: [ 900/6156]  eta: 0:03:24    time: 0.0397  data: 0.0000  max mem: 5880
      ITM Evaluation: [1000/6156]  eta: 0:03:20    time: 0.0379  data: 0.0000  max mem: 5880
      ITM Evaluation: [1100/6156]  eta: 0:03:15    time: 0.0366  data: 0.0000  max mem: 5880
      ITM Evaluation: [1200/6156]  eta: 0:03:11    time: 0.0378  data: 0.0000  max mem: 5880
      ITM Evaluation: [1300/6156]  eta: 0:03:07    time: 0.0357  data: 0.0000  max mem: 5880
      ITM Evaluation: [1400/6156]  eta: 0:03:03    time: 0.0394  data: 0.0000  max mem: 5880
      ITM Evaluation: [1500/6156]  eta: 0:02:59    time: 0.0373  data: 0.0000  max mem: 5880
      ITM Evaluation: [1600/6156]  eta: 0:02:55    time: 0.0359  data: 0.0000  max mem: 5880
      ITM Evaluation: [1700/6156]  eta: 0:02:52    time: 0.0453  data: 0.0000  max mem: 5880
      ITM Evaluation: [1800/6156]  eta: 0:02:49    time: 0.0424  data: 0.0000  max mem: 5880
      ITM Evaluation: [1900/6156]  eta: 0:02:45    time: 0.0391  data: 0.0000  max mem: 5880
      ITM Evaluation: [2000/6156]  eta: 0:02:41    time: 0.0389  data: 0.0000  max mem: 5880
      ITM Evaluation: [2100/6156]  eta: 0:02:37    time: 0.0393  data: 0.0000  max mem: 5880
      ITM Evaluation: [2200/6156]  eta: 0:02:33    time: 0.0386  data: 0.0000  max mem: 5880
      ITM Evaluation: [2300/6156]  eta: 0:02:29    time: 0.0375  data: 0.0000  max mem: 5880
      ITM Evaluation: [2400/6156]  eta: 0:02:25    time: 0.0420  data: 0.0000  max mem: 5880
      ITM Evaluation: [2500/6156]  eta: 0:02:21    time: 0.0381  data: 0.0000  max mem: 5880
      ITM Evaluation: [2600/6156]  eta: 0:02:17    time: 0.0373  data: 0.0000  max mem: 5880
      ITM Evaluation: [2700/6156]  eta: 0:02:14    time: 0.0426  data: 0.0000  max mem: 5880
      ITM Evaluation: [2800/6156]  eta: 0:02:10    time: 0.0427  data: 0.0000  max mem: 5880
      ITM Evaluation: [2900/6156]  eta: 0:02:06    time: 0.0374  data: 0.0000  max mem: 5880
      ITM Evaluation: [3000/6156]  eta: 0:02:02    time: 0.0359  data: 0.0000  max mem: 5880
      ITM Evaluation: [3100/6156]  eta: 0:01:58    time: 0.0382  data: 0.0000  max mem: 5880
      ITM Evaluation: [3200/6156]  eta: 0:01:54    time: 0.0366  data: 0.0000  max mem: 5880
      ITM Evaluation: [3300/6156]  eta: 0:01:50    time: 0.0397  data: 0.0000  max mem: 5880
      ITM Evaluation: [3400/6156]  eta: 0:01:46    time: 0.0379  data: 0.0000  max mem: 5880
      ITM Evaluation: [3500/6156]  eta: 0:01:42    time: 0.0354  data: 0.0000  max mem: 5880
      ITM Evaluation: [3600/6156]  eta: 0:01:38    time: 0.0368  data: 0.0000  max mem: 5880
      ITM Evaluation: [3700/6156]  eta: 0:01:34    time: 0.0383  data: 0.0000  max mem: 5880
      ITM Evaluation: [3800/6156]  eta: 0:01:30    time: 0.0388  data: 0.0000  max mem: 5880
      ITM Evaluation: [3900/6156]  eta: 0:01:27    time: 0.0428  data: 0.0000  max mem: 5880
      ITM Evaluation: [4000/6156]  eta: 0:01:23    time: 0.0393  data: 0.0000  max mem: 5880
      ITM Evaluation: [4100/6156]  eta: 0:01:19    time: 0.0365  data: 0.0000  max mem: 5880
      ITM Evaluation: [4200/6156]  eta: 0:01:15    time: 0.0384  data: 0.0000  max mem: 5880
      ITM Evaluation: [4300/6156]  eta: 0:01:11    time: 0.0397  data: 0.0000  max mem: 5880
      ITM Evaluation: [4400/6156]  eta: 0:01:07    time: 0.0382  data: 0.0000  max mem: 5880
      ITM Evaluation: [4500/6156]  eta: 0:01:03    time: 0.0397  data: 0.0000  max mem: 5880
      ITM Evaluation: [4600/6156]  eta: 0:01:00    time: 0.0348  data: 0.0000  max mem: 5880
      ITM Evaluation: [4700/6156]  eta: 0:00:56    time: 0.0347  data: 0.0000  max mem: 5880
      ITM Evaluation: [4800/6156]  eta: 0:00:52    time: 0.0381  data: 0.0000  max mem: 5880
      ITM Evaluation: [4900/6156]  eta: 0:00:48    time: 0.0380  data: 0.0000  max mem: 5880
      ITM Evaluation: [5000/6156]  eta: 0:00:44    time: 0.0361  data: 0.0000  max mem: 5880
      ITM Evaluation: [5100/6156]  eta: 0:00:40    time: 0.0356  data: 0.0000  max mem: 5880
      ITM Evaluation: [5200/6156]  eta: 0:00:36    time: 0.0374  data: 0.0000  max mem: 5880
      ITM Evaluation: [5300/6156]  eta: 0:00:32    time: 0.0361  data: 0.0000  max mem: 5880
      ITM Evaluation: [5400/6156]  eta: 0:00:29    time: 0.0369  data: 0.0000  max mem: 5880
      ITM Evaluation: [5500/6156]  eta: 0:00:25    time: 0.0397  data: 0.0000  max mem: 5880
      ITM Evaluation: [5600/6156]  eta: 0:00:21    time: 0.0354  data: 0.0000  max mem: 5880
      ITM Evaluation: [5700/6156]  eta: 0:00:17    time: 0.0388  data: 0.0000  max mem: 5880
      ITM Evaluation: [5800/6156]  eta: 0:00:13    time: 0.0361  data: 0.0000  max mem: 5880
      ITM Evaluation: [5900/6156]  eta: 0:00:09    time: 0.0394  data: 0.0000  max mem: 5880
      ITM Evaluation: [6000/6156]  eta: 0:00:05    time: 0.0384  data: 0.0000  max mem: 5880
      ITM Evaluation: [6100/6156]  eta: 0:00:02    time: 0.0356  data: 0.0000  max mem: 5880
      ITM Evaluation: [6155/6156]  eta: 0:00:00    time: 0.0375  data: 0.0000  max mem: 5880
      ITM Evaluation: Total time: 0:03:56 (0.0383 s / it)
     total_time 236.1395387649536
     Computing matching score time 0:03:56
### TTA ITM Score: 
+-------+--------+--------+--------+--------+--------+
| epoch |   R1   |   R5   |  R10   |  mAP   |  mINP  |
+-------+--------+--------+--------+--------+--------+
|  -999 | 70.760 | 87.378 | 92.268 | 63.849 | 48.174 |
|  -999 | 76.170 | 89.457 | 93.600 | 65.570 | 47.372 |
|   0   | 73.847 | 88.207 | 92.398 | 64.621 | 47.512 |
|   1   | 74.025 | 88.272 | 92.625 | 64.465 | 47.017 |
|   2   | 72.823 | 86.501 | 90.335 | 60.420 | 40.080 |
|   3   | 73.977 | 88.223 | 92.316 | 64.280 | 46.785 |
|   4   | 73.944 | 88.288 | 92.430 | 64.280 | 46.710 |
|   5   | 73.424 | 87.719 | 91.910 | 63.075 | 44.540 |
|   6   | 73.554 | 87.930 | 91.878 | 63.135 | 44.509 |
|   7   | 73.554 | 88.093 | 92.170 | 63.594 | 45.398 |
|   8   | 73.538 | 87.914 | 91.959 | 63.196 | 44.632 |
|   9   | 73.506 | 87.865 | 91.520 | 62.490 | 43.290 |
|   10  | 73.343 | 87.979 | 91.845 | 63.113 | 44.558 |
|   11  | 73.359 | 87.979 | 91.715 | 63.037 | 44.431 |
|   12  | 73.311 | 87.930 | 91.520 | 62.577 | 43.533 |
|   13  | 73.311 | 87.930 | 91.634 | 62.961 | 44.286 |
|   14  | 73.327 | 87.963 | 91.585 | 62.788 | 43.932 |
|   15  | 73.359 | 88.028 | 91.732 | 63.033 | 44.366 |
|   16  | 73.262 | 87.995 | 91.634 | 62.734 | 43.834 |
|   17  | 73.457 | 87.995 | 91.699 | 62.829 | 43.984 |
|   18  | 73.408 | 87.995 | 91.699 | 62.755 | 43.861 |
|   19  | 73.473 | 88.077 | 91.764 | 62.999 | 44.240 |
|   20  | 73.457 | 88.125 | 92.040 | 63.284 | 44.814 |
|   21  | 73.424 | 88.093 | 92.008 | 63.229 | 44.730 |
|   22  | 73.359 | 88.028 | 91.894 | 62.990 | 44.278 |
|   23  | 73.376 | 88.012 | 91.813 | 62.863 | 44.046 |
|   24  | 73.376 | 87.947 | 91.797 | 62.783 | 43.887 |
|   25  | 73.441 | 87.914 | 91.764 | 62.840 | 43.952 |
|   26  | 73.441 | 87.914 | 91.715 | 62.755 | 43.816 |
+-------+--------+--------+--------+--------+--------+
     logs:  {'epo': 26, 'R1': 73.441, 'R5': 87.914, 'R10': 91.715, 'mAP': 62.755, 'mINP': 43.816, 'lr': 2.6e-05, 'entropy': 0.106415, 'loss': 2.703097}
      TTA Epoch: [27] [  0/109]  eta: 0:01:14  lr: 0.000022  entropy: 0.1370  loss: 2.7091  time: 0.6800  data: 0.5651  max mem: 5880
      TTA Epoch: [27] [100/109]  eta: 0:00:00  lr: 0.000016  entropy: 0.1834  loss: 2.7359  time: 0.0493  data: 0.0002  max mem: 5880
      TTA Epoch: [27] [108/109]  eta: 0:00:00  lr: 0.000016  entropy: 0.0570  loss: 2.6835  time: 0.0462  data: 0.0001  max mem: 5880
      TTA Epoch: [27] Total time: 0:00:05 (0.0537 s / it)
     Averaged stats: lr: 0.0000  entropy: 0.0997  loss: 2.7006
     itm tta time 0:00:06
     Computing matching score
      ITM Evaluation: [   0/6156]  eta: 0:04:03    time: 0.0395  data: 0.0072  max mem: 5880
      ITM Evaluation: [ 100/6156]  eta: 0:03:35    time: 0.0366  data: 0.0000  max mem: 5880
      ITM Evaluation: [ 200/6156]  eta: 0:03:33    time: 0.0345  data: 0.0000  max mem: 5880
      ITM Evaluation: [ 300/6156]  eta: 0:03:30    time: 0.0352  data: 0.0000  max mem: 5880
      ITM Evaluation: [ 400/6156]  eta: 0:03:27    time: 0.0357  data: 0.0000  max mem: 5880
      ITM Evaluation: [ 500/6156]  eta: 0:03:23    time: 0.0369  data: 0.0000  max mem: 5880
      ITM Evaluation: [ 600/6156]  eta: 0:03:19    time: 0.0363  data: 0.0000  max mem: 5880
      ITM Evaluation: [ 700/6156]  eta: 0:03:19    time: 0.0431  data: 0.0000  max mem: 5880
      ITM Evaluation: [ 800/6156]  eta: 0:03:18    time: 0.0396  data: 0.0000  max mem: 5880
      ITM Evaluation: [ 900/6156]  eta: 0:03:16    time: 0.0383  data: 0.0000  max mem: 5880
      ITM Evaluation: [1000/6156]  eta: 0:03:11    time: 0.0351  data: 0.0000  max mem: 5880
      ITM Evaluation: [1100/6156]  eta: 0:03:07    time: 0.0355  data: 0.0000  max mem: 5880
      ITM Evaluation: [1200/6156]  eta: 0:03:03    time: 0.0356  data: 0.0000  max mem: 5880
      ITM Evaluation: [1300/6156]  eta: 0:02:59    time: 0.0372  data: 0.0000  max mem: 5880
      ITM Evaluation: [1400/6156]  eta: 0:02:55    time: 0.0351  data: 0.0000  max mem: 5880
      ITM Evaluation: [1500/6156]  eta: 0:02:51    time: 0.0365  data: 0.0000  max mem: 5880
      ITM Evaluation: [1600/6156]  eta: 0:02:47    time: 0.0377  data: 0.0000  max mem: 5880
      ITM Evaluation: [1700/6156]  eta: 0:02:44    time: 0.0422  data: 0.0000  max mem: 5880
      ITM Evaluation: [1800/6156]  eta: 0:02:41    time: 0.0412  data: 0.0000  max mem: 5880
      ITM Evaluation: [1900/6156]  eta: 0:02:37    time: 0.0375  data: 0.0000  max mem: 5880
      ITM Evaluation: [2000/6156]  eta: 0:02:34    time: 0.0363  data: 0.0000  max mem: 5880
      ITM Evaluation: [2100/6156]  eta: 0:02:30    time: 0.0365  data: 0.0000  max mem: 5880
      ITM Evaluation: [2200/6156]  eta: 0:02:26    time: 0.0366  data: 0.0000  max mem: 5880
      ITM Evaluation: [2300/6156]  eta: 0:02:22    time: 0.0356  data: 0.0000  max mem: 5880
      ITM Evaluation: [2400/6156]  eta: 0:02:18    time: 0.0388  data: 0.0000  max mem: 5880
      ITM Evaluation: [2500/6156]  eta: 0:02:14    time: 0.0354  data: 0.0000  max mem: 5880
      ITM Evaluation: [2600/6156]  eta: 0:02:11    time: 0.0366  data: 0.0000  max mem: 5880
      ITM Evaluation: [2700/6156]  eta: 0:02:07    time: 0.0353  data: 0.0000  max mem: 5880
      ITM Evaluation: [2800/6156]  eta: 0:02:04    time: 0.0462  data: 0.0000  max mem: 5880
      ITM Evaluation: [2900/6156]  eta: 0:02:01    time: 0.0417  data: 0.0000  max mem: 5880
      ITM Evaluation: [3000/6156]  eta: 0:01:57    time: 0.0337  data: 0.0000  max mem: 5880
      ITM Evaluation: [3100/6156]  eta: 0:01:53    time: 0.0372  data: 0.0000  max mem: 5880
      ITM Evaluation: [3200/6156]  eta: 0:01:49    time: 0.0349  data: 0.0000  max mem: 5880
      ITM Evaluation: [3300/6156]  eta: 0:01:45    time: 0.0363  data: 0.0000  max mem: 5880
      ITM Evaluation: [3400/6156]  eta: 0:01:41    time: 0.0374  data: 0.0000  max mem: 5880
      ITM Evaluation: [3500/6156]  eta: 0:01:38    time: 0.0364  data: 0.0000  max mem: 5880
      ITM Evaluation: [3600/6156]  eta: 0:01:34    time: 0.0345  data: 0.0000  max mem: 5880
      ITM Evaluation: [3700/6156]  eta: 0:01:30    time: 0.0349  data: 0.0000  max mem: 5880
      ITM Evaluation: [3800/6156]  eta: 0:01:26    time: 0.0365  data: 0.0000  max mem: 5880
      ITM Evaluation: [3900/6156]  eta: 0:01:23    time: 0.0399  data: 0.0000  max mem: 5880
      ITM Evaluation: [4000/6156]  eta: 0:01:19    time: 0.0407  data: 0.0000  max mem: 5880
      ITM Evaluation: [4100/6156]  eta: 0:01:16    time: 0.0375  data: 0.0000  max mem: 5880
      ITM Evaluation: [4200/6156]  eta: 0:01:12    time: 0.0349  data: 0.0000  max mem: 5880
      ITM Evaluation: [4300/6156]  eta: 0:01:08    time: 0.0363  data: 0.0000  max mem: 5880
      ITM Evaluation: [4400/6156]  eta: 0:01:04    time: 0.0349  data: 0.0000  max mem: 5880
      ITM Evaluation: [4500/6156]  eta: 0:01:01    time: 0.0377  data: 0.0000  max mem: 5880
      ITM Evaluation: [4600/6156]  eta: 0:00:57    time: 0.0372  data: 0.0000  max mem: 5880
      ITM Evaluation: [4700/6156]  eta: 0:00:53    time: 0.0358  data: 0.0000  max mem: 5880
      ITM Evaluation: [4800/6156]  eta: 0:00:49    time: 0.0349  data: 0.0000  max mem: 5880
      ITM Evaluation: [4900/6156]  eta: 0:00:46    time: 0.0375  data: 0.0000  max mem: 5880
      ITM Evaluation: [5000/6156]  eta: 0:00:42    time: 0.0391  data: 0.0000  max mem: 5880
      ITM Evaluation: [5100/6156]  eta: 0:00:38    time: 0.0378  data: 0.0000  max mem: 5880
      ITM Evaluation: [5200/6156]  eta: 0:00:35    time: 0.0363  data: 0.0000  max mem: 5880
      ITM Evaluation: [5300/6156]  eta: 0:00:31    time: 0.0379  data: 0.0000  max mem: 5880
      ITM Evaluation: [5400/6156]  eta: 0:00:27    time: 0.0371  data: 0.0000  max mem: 5880
      ITM Evaluation: [5500/6156]  eta: 0:00:24    time: 0.0365  data: 0.0000  max mem: 5880
      ITM Evaluation: [5600/6156]  eta: 0:00:20    time: 0.0343  data: 0.0000  max mem: 5880
      ITM Evaluation: [5700/6156]  eta: 0:00:16    time: 0.0381  data: 0.0000  max mem: 5880
      ITM Evaluation: [5800/6156]  eta: 0:00:13    time: 0.0344  data: 0.0000  max mem: 5880
      ITM Evaluation: [5900/6156]  eta: 0:00:09    time: 0.0403  data: 0.0000  max mem: 5880
      ITM Evaluation: [6000/6156]  eta: 0:00:05    time: 0.0369  data: 0.0000  max mem: 5880
      ITM Evaluation: [6100/6156]  eta: 0:00:02    time: 0.0384  data: 0.0000  max mem: 5880
      ITM Evaluation: [6155/6156]  eta: 0:00:00    time: 0.0427  data: 0.0000  max mem: 5880
      ITM Evaluation: Total time: 0:03:47 (0.0369 s / it)
     total_time 227.28845119476318
     Computing matching score time 0:03:47
### TTA ITM Score: 
+-------+--------+--------+--------+--------+--------+
| epoch |   R1   |   R5   |  R10   |  mAP   |  mINP  |
+-------+--------+--------+--------+--------+--------+
|  -999 | 70.760 | 87.378 | 92.268 | 63.849 | 48.174 |
|  -999 | 76.170 | 89.457 | 93.600 | 65.570 | 47.372 |
|   0   | 73.847 | 88.207 | 92.398 | 64.621 | 47.512 |
|   1   | 74.025 | 88.272 | 92.625 | 64.465 | 47.017 |
|   2   | 72.823 | 86.501 | 90.335 | 60.420 | 40.080 |
|   3   | 73.977 | 88.223 | 92.316 | 64.280 | 46.785 |
|   4   | 73.944 | 88.288 | 92.430 | 64.280 | 46.710 |
|   5   | 73.424 | 87.719 | 91.910 | 63.075 | 44.540 |
|   6   | 73.554 | 87.930 | 91.878 | 63.135 | 44.509 |
|   7   | 73.554 | 88.093 | 92.170 | 63.594 | 45.398 |
|   8   | 73.538 | 87.914 | 91.959 | 63.196 | 44.632 |
|   9   | 73.506 | 87.865 | 91.520 | 62.490 | 43.290 |
|   10  | 73.343 | 87.979 | 91.845 | 63.113 | 44.558 |
|   11  | 73.359 | 87.979 | 91.715 | 63.037 | 44.431 |
|   12  | 73.311 | 87.930 | 91.520 | 62.577 | 43.533 |
|   13  | 73.311 | 87.930 | 91.634 | 62.961 | 44.286 |
|   14  | 73.327 | 87.963 | 91.585 | 62.788 | 43.932 |
|   15  | 73.359 | 88.028 | 91.732 | 63.033 | 44.366 |
|   16  | 73.262 | 87.995 | 91.634 | 62.734 | 43.834 |
|   17  | 73.457 | 87.995 | 91.699 | 62.829 | 43.984 |
|   18  | 73.408 | 87.995 | 91.699 | 62.755 | 43.861 |
|   19  | 73.473 | 88.077 | 91.764 | 62.999 | 44.240 |
|   20  | 73.457 | 88.125 | 92.040 | 63.284 | 44.814 |
|   21  | 73.424 | 88.093 | 92.008 | 63.229 | 44.730 |
|   22  | 73.359 | 88.028 | 91.894 | 62.990 | 44.278 |
|   23  | 73.376 | 88.012 | 91.813 | 62.863 | 44.046 |
|   24  | 73.376 | 87.947 | 91.797 | 62.783 | 43.887 |
|   25  | 73.441 | 87.914 | 91.764 | 62.840 | 43.952 |
|   26  | 73.441 | 87.914 | 91.715 | 62.755 | 43.816 |
|   27  | 73.457 | 87.914 | 91.667 | 62.737 | 43.786 |
+-------+--------+--------+--------+--------+--------+
     logs:  {'epo': 27, 'R1': 73.457, 'R5': 87.914, 'R10': 91.667, 'mAP': 62.737, 'mINP': 43.786, 'lr': 1.9e-05, 'entropy': 0.099747, 'loss': 2.700624}
      TTA Epoch: [28] [  0/109]  eta: 0:01:33  lr: 0.000015  entropy: 0.2494  loss: 2.7545  time: 0.8607  data: 0.6573  max mem: 5880
      TTA Epoch: [28] [100/109]  eta: 0:00:00  lr: 0.000009  entropy: 0.1363  loss: 2.7137  time: 0.0481  data: 0.0001  max mem: 5880
      TTA Epoch: [28] [108/109]  eta: 0:00:00  lr: 0.000009  entropy: 0.1303  loss: 2.7143  time: 0.0450  data: 0.0001  max mem: 5880
      TTA Epoch: [28] Total time: 0:00:06 (0.0567 s / it)
     Averaged stats: lr: 0.0000  entropy: 0.0976  loss: 2.6998
     itm tta time 0:00:06
     Computing matching score
      ITM Evaluation: [   0/6156]  eta: 0:04:22    time: 0.0427  data: 0.0063  max mem: 5880
      ITM Evaluation: [ 100/6156]  eta: 0:03:48    time: 0.0382  data: 0.0000  max mem: 5880
      ITM Evaluation: [ 200/6156]  eta: 0:03:45    time: 0.0385  data: 0.0000  max mem: 5880
      ITM Evaluation: [ 300/6156]  eta: 0:03:42    time: 0.0364  data: 0.0000  max mem: 5880
      ITM Evaluation: [ 400/6156]  eta: 0:03:41    time: 0.0415  data: 0.0000  max mem: 5880
      ITM Evaluation: [ 500/6156]  eta: 0:03:37    time: 0.0357  data: 0.0000  max mem: 5880
      ITM Evaluation: [ 600/6156]  eta: 0:03:33    time: 0.0388  data: 0.0000  max mem: 5880
      ITM Evaluation: [ 700/6156]  eta: 0:03:29    time: 0.0407  data: 0.0000  max mem: 5880
      ITM Evaluation: [ 800/6156]  eta: 0:03:28    time: 0.0425  data: 0.0000  max mem: 5880
      ITM Evaluation: [ 900/6156]  eta: 0:03:24    time: 0.0361  data: 0.0000  max mem: 5880
      ITM Evaluation: [1000/6156]  eta: 0:03:19    time: 0.0357  data: 0.0000  max mem: 5880
      ITM Evaluation: [1100/6156]  eta: 0:03:15    time: 0.0397  data: 0.0000  max mem: 5880
      ITM Evaluation: [1200/6156]  eta: 0:03:11    time: 0.0381  data: 0.0000  max mem: 5880
      ITM Evaluation: [1300/6156]  eta: 0:03:07    time: 0.0378  data: 0.0000  max mem: 5880
      ITM Evaluation: [1400/6156]  eta: 0:03:03    time: 0.0365  data: 0.0000  max mem: 5880
      ITM Evaluation: [1500/6156]  eta: 0:03:00    time: 0.0390  data: 0.0000  max mem: 5880
      ITM Evaluation: [1600/6156]  eta: 0:02:56    time: 0.0389  data: 0.0000  max mem: 5880
      ITM Evaluation: [1700/6156]  eta: 0:02:52    time: 0.0392  data: 0.0000  max mem: 5880
      ITM Evaluation: [1800/6156]  eta: 0:02:48    time: 0.0417  data: 0.0000  max mem: 5880
      ITM Evaluation: [1900/6156]  eta: 0:02:45    time: 0.0395  data: 0.0000  max mem: 5880
      ITM Evaluation: [2000/6156]  eta: 0:02:40    time: 0.0377  data: 0.0000  max mem: 5880
      ITM Evaluation: [2100/6156]  eta: 0:02:36    time: 0.0370  data: 0.0000  max mem: 5880
      ITM Evaluation: [2200/6156]  eta: 0:02:32    time: 0.0374  data: 0.0000  max mem: 5880
      ITM Evaluation: [2300/6156]  eta: 0:02:29    time: 0.0410  data: 0.0000  max mem: 5880
      ITM Evaluation: [2400/6156]  eta: 0:02:25    time: 0.0384  data: 0.0000  max mem: 5880
      ITM Evaluation: [2500/6156]  eta: 0:02:21    time: 0.0353  data: 0.0000  max mem: 5880
      ITM Evaluation: [2600/6156]  eta: 0:02:17    time: 0.0378  data: 0.0000  max mem: 5880
      ITM Evaluation: [2700/6156]  eta: 0:02:13    time: 0.0416  data: 0.0000  max mem: 5880
      ITM Evaluation: [2800/6156]  eta: 0:02:10    time: 0.0435  data: 0.0000  max mem: 5880
      ITM Evaluation: [2900/6156]  eta: 0:02:06    time: 0.0400  data: 0.0000  max mem: 5880
      ITM Evaluation: [3000/6156]  eta: 0:02:02    time: 0.0381  data: 0.0000  max mem: 5880
      ITM Evaluation: [3100/6156]  eta: 0:01:58    time: 0.0379  data: 0.0000  max mem: 5880
      ITM Evaluation: [3200/6156]  eta: 0:01:54    time: 0.0407  data: 0.0000  max mem: 5880
      ITM Evaluation: [3300/6156]  eta: 0:01:51    time: 0.0410  data: 0.0000  max mem: 5880
      ITM Evaluation: [3400/6156]  eta: 0:01:47    time: 0.0396  data: 0.0000  max mem: 5880
      ITM Evaluation: [3500/6156]  eta: 0:01:43    time: 0.0382  data: 0.0000  max mem: 5880
      ITM Evaluation: [3600/6156]  eta: 0:01:39    time: 0.0392  data: 0.0000  max mem: 5880
      ITM Evaluation: [3700/6156]  eta: 0:01:35    time: 0.0384  data: 0.0000  max mem: 5880
      ITM Evaluation: [3800/6156]  eta: 0:01:31    time: 0.0460  data: 0.0000  max mem: 5880
      ITM Evaluation: [3900/6156]  eta: 0:01:27    time: 0.0379  data: 0.0000  max mem: 5880
      ITM Evaluation: [4000/6156]  eta: 0:01:24    time: 0.0401  data: 0.0000  max mem: 5880
      ITM Evaluation: [4100/6156]  eta: 0:01:20    time: 0.0376  data: 0.0000  max mem: 5880
      ITM Evaluation: [4200/6156]  eta: 0:01:16    time: 0.0396  data: 0.0000  max mem: 5880
      ITM Evaluation: [4300/6156]  eta: 0:01:12    time: 0.0393  data: 0.0000  max mem: 5880
      ITM Evaluation: [4400/6156]  eta: 0:01:08    time: 0.0374  data: 0.0000  max mem: 5880
      ITM Evaluation: [4500/6156]  eta: 0:01:04    time: 0.0372  data: 0.0000  max mem: 5880
      ITM Evaluation: [4600/6156]  eta: 0:01:00    time: 0.0376  data: 0.0000  max mem: 5880
      ITM Evaluation: [4700/6156]  eta: 0:00:56    time: 0.0405  data: 0.0000  max mem: 5880
      ITM Evaluation: [4800/6156]  eta: 0:00:52    time: 0.0390  data: 0.0000  max mem: 5880
      ITM Evaluation: [4900/6156]  eta: 0:00:49    time: 0.0401  data: 0.0000  max mem: 5880
      ITM Evaluation: [5000/6156]  eta: 0:00:45    time: 0.0361  data: 0.0000  max mem: 5880
      ITM Evaluation: [5100/6156]  eta: 0:00:41    time: 0.0378  data: 0.0000  max mem: 5880
      ITM Evaluation: [5200/6156]  eta: 0:00:37    time: 0.0358  data: 0.0000  max mem: 5880
      ITM Evaluation: [5300/6156]  eta: 0:00:33    time: 0.0379  data: 0.0000  max mem: 5880
      ITM Evaluation: [5400/6156]  eta: 0:00:29    time: 0.0391  data: 0.0000  max mem: 5880
      ITM Evaluation: [5500/6156]  eta: 0:00:25    time: 0.0391  data: 0.0000  max mem: 5880
      ITM Evaluation: [5600/6156]  eta: 0:00:21    time: 0.0371  data: 0.0000  max mem: 5880
      ITM Evaluation: [5700/6156]  eta: 0:00:17    time: 0.0428  data: 0.0000  max mem: 5880
      ITM Evaluation: [5800/6156]  eta: 0:00:13    time: 0.0404  data: 0.0000  max mem: 5880
      ITM Evaluation: [5900/6156]  eta: 0:00:09    time: 0.0366  data: 0.0000  max mem: 5880
      ITM Evaluation: [6000/6156]  eta: 0:00:06    time: 0.0345  data: 0.0000  max mem: 5880
      ITM Evaluation: [6100/6156]  eta: 0:00:02    time: 0.0405  data: 0.0000  max mem: 5880
      ITM Evaluation: [6155/6156]  eta: 0:00:00    time: 0.0354  data: 0.0000  max mem: 5880
      ITM Evaluation: Total time: 0:03:59 (0.0389 s / it)
     total_time 239.68891644477844
     Computing matching score time 0:03:59
### TTA ITM Score: 
+-------+--------+--------+--------+--------+--------+
| epoch |   R1   |   R5   |  R10   |  mAP   |  mINP  |
+-------+--------+--------+--------+--------+--------+
|  -999 | 70.760 | 87.378 | 92.268 | 63.849 | 48.174 |
|  -999 | 76.170 | 89.457 | 93.600 | 65.570 | 47.372 |
|   0   | 73.847 | 88.207 | 92.398 | 64.621 | 47.512 |
|   1   | 74.025 | 88.272 | 92.625 | 64.465 | 47.017 |
|   2   | 72.823 | 86.501 | 90.335 | 60.420 | 40.080 |
|   3   | 73.977 | 88.223 | 92.316 | 64.280 | 46.785 |
|   4   | 73.944 | 88.288 | 92.430 | 64.280 | 46.710 |
|   5   | 73.424 | 87.719 | 91.910 | 63.075 | 44.540 |
|   6   | 73.554 | 87.930 | 91.878 | 63.135 | 44.509 |
|   7   | 73.554 | 88.093 | 92.170 | 63.594 | 45.398 |
|   8   | 73.538 | 87.914 | 91.959 | 63.196 | 44.632 |
|   9   | 73.506 | 87.865 | 91.520 | 62.490 | 43.290 |
|   10  | 73.343 | 87.979 | 91.845 | 63.113 | 44.558 |
|   11  | 73.359 | 87.979 | 91.715 | 63.037 | 44.431 |
|   12  | 73.311 | 87.930 | 91.520 | 62.577 | 43.533 |
|   13  | 73.311 | 87.930 | 91.634 | 62.961 | 44.286 |
|   14  | 73.327 | 87.963 | 91.585 | 62.788 | 43.932 |
|   15  | 73.359 | 88.028 | 91.732 | 63.033 | 44.366 |
|   16  | 73.262 | 87.995 | 91.634 | 62.734 | 43.834 |
|   17  | 73.457 | 87.995 | 91.699 | 62.829 | 43.984 |
|   18  | 73.408 | 87.995 | 91.699 | 62.755 | 43.861 |
|   19  | 73.473 | 88.077 | 91.764 | 62.999 | 44.240 |
|   20  | 73.457 | 88.125 | 92.040 | 63.284 | 44.814 |
|   21  | 73.424 | 88.093 | 92.008 | 63.229 | 44.730 |
|   22  | 73.359 | 88.028 | 91.894 | 62.990 | 44.278 |
|   23  | 73.376 | 88.012 | 91.813 | 62.863 | 44.046 |
|   24  | 73.376 | 87.947 | 91.797 | 62.783 | 43.887 |
|   25  | 73.441 | 87.914 | 91.764 | 62.840 | 43.952 |
|   26  | 73.441 | 87.914 | 91.715 | 62.755 | 43.816 |
|   27  | 73.457 | 87.914 | 91.667 | 62.737 | 43.786 |
|   28  | 73.473 | 87.930 | 91.650 | 62.680 | 43.676 |
+-------+--------+--------+--------+--------+--------+
     logs:  {'epo': 28, 'R1': 73.473, 'R5': 87.93, 'R10': 91.65, 'mAP': 62.68, 'mINP': 43.676, 'lr': 1.2e-05, 'entropy': 0.097557, 'loss': 2.699774}
      TTA Epoch: [29] [  0/109]  eta: 0:01:02  lr: 0.000009  entropy: 0.0838  loss: 2.6940  time: 0.5702  data: 0.4776  max mem: 5880
      TTA Epoch: [29] [100/109]  eta: 0:00:00  lr: 0.000002  entropy: 0.1637  loss: 2.7209  time: 0.0498  data: 0.0001  max mem: 5880
      TTA Epoch: [29] [108/109]  eta: 0:00:00  lr: 0.000002  entropy: 0.0590  loss: 2.6890  time: 0.0457  data: 0.0001  max mem: 5880
      TTA Epoch: [29] Total time: 0:00:05 (0.0517 s / it)
     Averaged stats: lr: 0.0000  entropy: 0.1030  loss: 2.7019
     itm tta time 0:00:05
     Computing matching score
      ITM Evaluation: [   0/6156]  eta: 0:04:07    time: 0.0403  data: 0.0070  max mem: 5880
      ITM Evaluation: [ 100/6156]  eta: 0:03:42    time: 0.0353  data: 0.0000  max mem: 5880
      ITM Evaluation: [ 200/6156]  eta: 0:03:40    time: 0.0375  data: 0.0000  max mem: 5880
      ITM Evaluation: [ 300/6156]  eta: 0:03:35    time: 0.0363  data: 0.0000  max mem: 5880
      ITM Evaluation: [ 400/6156]  eta: 0:03:36    time: 0.0408  data: 0.0000  max mem: 5880
      ITM Evaluation: [ 500/6156]  eta: 0:03:35    time: 0.0373  data: 0.0000  max mem: 5880
      ITM Evaluation: [ 600/6156]  eta: 0:03:31    time: 0.0365  data: 0.0000  max mem: 5880
      ITM Evaluation: [ 700/6156]  eta: 0:03:29    time: 0.0429  data: 0.0000  max mem: 5880
      ITM Evaluation: [ 800/6156]  eta: 0:03:25    time: 0.0355  data: 0.0000  max mem: 5880
      ITM Evaluation: [ 900/6156]  eta: 0:03:21    time: 0.0354  data: 0.0000  max mem: 5880
      ITM Evaluation: [1000/6156]  eta: 0:03:16    time: 0.0390  data: 0.0000  max mem: 5880
      ITM Evaluation: [1100/6156]  eta: 0:03:12    time: 0.0378  data: 0.0000  max mem: 5880
      ITM Evaluation: [1200/6156]  eta: 0:03:08    time: 0.0365  data: 0.0000  max mem: 5880
      ITM Evaluation: [1300/6156]  eta: 0:03:04    time: 0.0403  data: 0.0000  max mem: 5880
      ITM Evaluation: [1400/6156]  eta: 0:03:01    time: 0.0409  data: 0.0000  max mem: 5880
      ITM Evaluation: [1500/6156]  eta: 0:02:58    time: 0.0386  data: 0.0000  max mem: 5880
      ITM Evaluation: [1600/6156]  eta: 0:02:54    time: 0.0406  data: 0.0000  max mem: 5880
      ITM Evaluation: [1700/6156]  eta: 0:02:50    time: 0.0381  data: 0.0000  max mem: 5880
      ITM Evaluation: [1800/6156]  eta: 0:02:46    time: 0.0379  data: 0.0000  max mem: 5880
      ITM Evaluation: [1900/6156]  eta: 0:02:42    time: 0.0363  data: 0.0000  max mem: 5880
      ITM Evaluation: [2000/6156]  eta: 0:02:38    time: 0.0373  data: 0.0000  max mem: 5880
      ITM Evaluation: [2100/6156]  eta: 0:02:35    time: 0.0432  data: 0.0000  max mem: 5880
      ITM Evaluation: [2200/6156]  eta: 0:02:31    time: 0.0373  data: 0.0000  max mem: 5880
      ITM Evaluation: [2300/6156]  eta: 0:02:27    time: 0.0377  data: 0.0000  max mem: 5880
      ITM Evaluation: [2400/6156]  eta: 0:02:24    time: 0.0418  data: 0.0000  max mem: 5880
      ITM Evaluation: [2500/6156]  eta: 0:02:20    time: 0.0386  data: 0.0000  max mem: 5880
      ITM Evaluation: [2600/6156]  eta: 0:02:17    time: 0.0427  data: 0.0000  max mem: 5880
      ITM Evaluation: [2700/6156]  eta: 0:02:13    time: 0.0391  data: 0.0000  max mem: 5880
      ITM Evaluation: [2800/6156]  eta: 0:02:09    time: 0.0389  data: 0.0000  max mem: 5880
      ITM Evaluation: [2900/6156]  eta: 0:02:05    time: 0.0393  data: 0.0000  max mem: 5880
      ITM Evaluation: [3000/6156]  eta: 0:02:02    time: 0.0382  data: 0.0000  max mem: 5880
      ITM Evaluation: [3100/6156]  eta: 0:01:58    time: 0.0378  data: 0.0000  max mem: 5880
      ITM Evaluation: [3200/6156]  eta: 0:01:54    time: 0.0382  data: 0.0000  max mem: 5880
      ITM Evaluation: [3300/6156]  eta: 0:01:50    time: 0.0412  data: 0.0000  max mem: 5880
      ITM Evaluation: [3400/6156]  eta: 0:01:46    time: 0.0440  data: 0.0000  max mem: 5880
      ITM Evaluation: [3500/6156]  eta: 0:01:43    time: 0.0451  data: 0.0000  max mem: 5880
      ITM Evaluation: [3600/6156]  eta: 0:01:39    time: 0.0374  data: 0.0000  max mem: 5880
      ITM Evaluation: [3700/6156]  eta: 0:01:35    time: 0.0382  data: 0.0000  max mem: 5880
      ITM Evaluation: [3800/6156]  eta: 0:01:31    time: 0.0346  data: 0.0000  max mem: 5880
      ITM Evaluation: [3900/6156]  eta: 0:01:27    time: 0.0374  data: 0.0000  max mem: 5880
      ITM Evaluation: [4000/6156]  eta: 0:01:23    time: 0.0375  data: 0.0000  max mem: 5880
      ITM Evaluation: [4100/6156]  eta: 0:01:19    time: 0.0362  data: 0.0000  max mem: 5880
      ITM Evaluation: [4200/6156]  eta: 0:01:15    time: 0.0388  data: 0.0000  max mem: 5880
      ITM Evaluation: [4300/6156]  eta: 0:01:11    time: 0.0350  data: 0.0000  max mem: 5880
      ITM Evaluation: [4400/6156]  eta: 0:01:07    time: 0.0383  data: 0.0000  max mem: 5880
      ITM Evaluation: [4500/6156]  eta: 0:01:04    time: 0.0429  data: 0.0000  max mem: 5880
      ITM Evaluation: [4600/6156]  eta: 0:01:00    time: 0.0365  data: 0.0000  max mem: 5880
      ITM Evaluation: [4700/6156]  eta: 0:00:56    time: 0.0351  data: 0.0000  max mem: 5880
      ITM Evaluation: [4800/6156]  eta: 0:00:52    time: 0.0371  data: 0.0000  max mem: 5880
      ITM Evaluation: [4900/6156]  eta: 0:00:48    time: 0.0377  data: 0.0000  max mem: 5880
      ITM Evaluation: [5000/6156]  eta: 0:00:44    time: 0.0386  data: 0.0000  max mem: 5880
      ITM Evaluation: [5100/6156]  eta: 0:00:40    time: 0.0357  data: 0.0000  max mem: 5880
      ITM Evaluation: [5200/6156]  eta: 0:00:36    time: 0.0384  data: 0.0000  max mem: 5880
      ITM Evaluation: [5300/6156]  eta: 0:00:33    time: 0.0407  data: 0.0000  max mem: 5880
      ITM Evaluation: [5400/6156]  eta: 0:00:29    time: 0.0388  data: 0.0000  max mem: 5880
      ITM Evaluation: [5500/6156]  eta: 0:00:25    time: 0.0450  data: 0.0000  max mem: 5880
      ITM Evaluation: [5600/6156]  eta: 0:00:21    time: 0.0376  data: 0.0000  max mem: 5880
      ITM Evaluation: [5700/6156]  eta: 0:00:17    time: 0.0364  data: 0.0000  max mem: 5880
      ITM Evaluation: [5800/6156]  eta: 0:00:13    time: 0.0404  data: 0.0000  max mem: 5880
      ITM Evaluation: [5900/6156]  eta: 0:00:09    time: 0.0355  data: 0.0000  max mem: 5880
      ITM Evaluation: [6000/6156]  eta: 0:00:06    time: 0.0381  data: 0.0000  max mem: 5880
      ITM Evaluation: [6100/6156]  eta: 0:00:02    time: 0.0383  data: 0.0000  max mem: 5880
      ITM Evaluation: [6155/6156]  eta: 0:00:00    time: 0.0370  data: 0.0000  max mem: 5880
      ITM Evaluation: Total time: 0:03:57 (0.0386 s / it)
     total_time 237.6981918811798
     Computing matching score time 0:03:57
### TTA ITM Score: 
+-------+--------+--------+--------+--------+--------+
| epoch |   R1   |   R5   |  R10   |  mAP   |  mINP  |
+-------+--------+--------+--------+--------+--------+
|  -999 | 70.760 | 87.378 | 92.268 | 63.849 | 48.174 |
|  -999 | 76.170 | 89.457 | 93.600 | 65.570 | 47.372 |
|   0   | 73.847 | 88.207 | 92.398 | 64.621 | 47.512 |
|   1   | 74.025 | 88.272 | 92.625 | 64.465 | 47.017 |
|   2   | 72.823 | 86.501 | 90.335 | 60.420 | 40.080 |
|   3   | 73.977 | 88.223 | 92.316 | 64.280 | 46.785 |
|   4   | 73.944 | 88.288 | 92.430 | 64.280 | 46.710 |
|   5   | 73.424 | 87.719 | 91.910 | 63.075 | 44.540 |
|   6   | 73.554 | 87.930 | 91.878 | 63.135 | 44.509 |
|   7   | 73.554 | 88.093 | 92.170 | 63.594 | 45.398 |
|   8   | 73.538 | 87.914 | 91.959 | 63.196 | 44.632 |
|   9   | 73.506 | 87.865 | 91.520 | 62.490 | 43.290 |
|   10  | 73.343 | 87.979 | 91.845 | 63.113 | 44.558 |
|   11  | 73.359 | 87.979 | 91.715 | 63.037 | 44.431 |
|   12  | 73.311 | 87.930 | 91.520 | 62.577 | 43.533 |
|   13  | 73.311 | 87.930 | 91.634 | 62.961 | 44.286 |
|   14  | 73.327 | 87.963 | 91.585 | 62.788 | 43.932 |
|   15  | 73.359 | 88.028 | 91.732 | 63.033 | 44.366 |
|   16  | 73.262 | 87.995 | 91.634 | 62.734 | 43.834 |
|   17  | 73.457 | 87.995 | 91.699 | 62.829 | 43.984 |
|   18  | 73.408 | 87.995 | 91.699 | 62.755 | 43.861 |
|   19  | 73.473 | 88.077 | 91.764 | 62.999 | 44.240 |
|   20  | 73.457 | 88.125 | 92.040 | 63.284 | 44.814 |
|   21  | 73.424 | 88.093 | 92.008 | 63.229 | 44.730 |
|   22  | 73.359 | 88.028 | 91.894 | 62.990 | 44.278 |
|   23  | 73.376 | 88.012 | 91.813 | 62.863 | 44.046 |
|   24  | 73.376 | 87.947 | 91.797 | 62.783 | 43.887 |
|   25  | 73.441 | 87.914 | 91.764 | 62.840 | 43.952 |
|   26  | 73.441 | 87.914 | 91.715 | 62.755 | 43.816 |
|   27  | 73.457 | 87.914 | 91.667 | 62.737 | 43.786 |
|   28  | 73.473 | 87.930 | 91.650 | 62.680 | 43.676 |
|   29  | 73.441 | 87.898 | 91.618 | 62.657 | 43.640 |
+-------+--------+--------+--------+--------+--------+
     logs:  {'epo': 29, 'R1': 73.441, 'R5': 87.898, 'R10': 91.618, 'mAP': 62.657, 'mINP': 43.64, 'lr': 5e-06, 'entropy': 0.103002, 'loss': 2.701852}
### best epoch 1 : {'epo': '1', 'R1': '74.025', 'R5': '88.272', 'R10': '92.625', 'mAP': '64.465', 'mINP': '47.017', 'lr': '0.00098', 'entropy': '0.264165', 'loss': '2.762316'}
### Time 1:54:42
