Not using distributed mode
### Hyper-parameters:
     seed: 42
     device: cuda
     output_dir: output/ft_cuhk/tta/tta_exp3
     batch_size_tta: 16
     epochs: 30
     lr: 0.001
### Creating model
use_swin
load checkpoint from checkpoints/ft_cuhk/checkpoint_best.pth
missing_keys:  []
vision_encoder missing_keys:  []
unexpected_keys:  []
     Total Params Sum:  214456629
### Creating test dataset
     test_dataset: 3074
### Creating test dataloader
### be careful: func create_loader returns a list length of 1
     test_loader: 21
### Inference ITC similiarity matrix
     Computing text features for evaluation
     Computing image features for evaluation
/home/jiahao/task/APTM/reTools.py:308: UserWarning: To copy construct from a tensor, it is recommended to use sourceTensor.clone().detach() or sourceTensor.clone().detach().requires_grad_(True), rather than torch.tensor(sourceTensor).
  similarity = torch.tensor(scores_t2i)
     Computing features time 0:00:08
### Zero-Shot ITC Score: 
+-------+--------+--------+--------+--------+--------+
| epoch |   R1   |   R5   |  R10   |  mAP   |  mINP  |
+-------+--------+--------+--------+--------+--------+
|  -999 | 70.760 | 87.378 | 92.268 | 63.849 | 48.174 |
+-------+--------+--------+--------+--------+--------+
     Computing matching score
      ITM Evaluation: [   0/6156]  eta: 0:05:16    time: 0.0515  data: 0.0099  max mem: 5880
      ITM Evaluation: [ 100/6156]  eta: 0:04:03    time: 0.0409  data: 0.0000  max mem: 5880
      ITM Evaluation: [ 200/6156]  eta: 0:03:48    time: 0.0362  data: 0.0000  max mem: 5880
      ITM Evaluation: [ 300/6156]  eta: 0:03:37    time: 0.0349  data: 0.0000  max mem: 5880
      ITM Evaluation: [ 400/6156]  eta: 0:03:31    time: 0.0351  data: 0.0000  max mem: 5880
      ITM Evaluation: [ 500/6156]  eta: 0:03:26    time: 0.0361  data: 0.0000  max mem: 5880
      ITM Evaluation: [ 600/6156]  eta: 0:03:21    time: 0.0340  data: 0.0000  max mem: 5880
      ITM Evaluation: [ 700/6156]  eta: 0:03:16    time: 0.0347  data: 0.0000  max mem: 5880
      ITM Evaluation: [ 800/6156]  eta: 0:03:11    time: 0.0344  data: 0.0000  max mem: 5880
      ITM Evaluation: [ 900/6156]  eta: 0:03:07    time: 0.0342  data: 0.0000  max mem: 5880
      ITM Evaluation: [1000/6156]  eta: 0:03:03    time: 0.0352  data: 0.0000  max mem: 5880
      ITM Evaluation: [1100/6156]  eta: 0:03:01    time: 0.0386  data: 0.0000  max mem: 5880
      ITM Evaluation: [1200/6156]  eta: 0:02:58    time: 0.0377  data: 0.0000  max mem: 5880
      ITM Evaluation: [1300/6156]  eta: 0:02:55    time: 0.0348  data: 0.0000  max mem: 5880
      ITM Evaluation: [1400/6156]  eta: 0:02:51    time: 0.0355  data: 0.0000  max mem: 5880
      ITM Evaluation: [1500/6156]  eta: 0:02:47    time: 0.0350  data: 0.0000  max mem: 5880
      ITM Evaluation: [1600/6156]  eta: 0:02:43    time: 0.0348  data: 0.0000  max mem: 5880
      ITM Evaluation: [1700/6156]  eta: 0:02:39    time: 0.0350  data: 0.0000  max mem: 5880
      ITM Evaluation: [1800/6156]  eta: 0:02:35    time: 0.0343  data: 0.0000  max mem: 5880
      ITM Evaluation: [1900/6156]  eta: 0:02:31    time: 0.0356  data: 0.0000  max mem: 5880
      ITM Evaluation: [2000/6156]  eta: 0:02:28    time: 0.0351  data: 0.0000  max mem: 5880
      ITM Evaluation: [2100/6156]  eta: 0:02:24    time: 0.0356  data: 0.0000  max mem: 5880
      ITM Evaluation: [2200/6156]  eta: 0:02:20    time: 0.0339  data: 0.0000  max mem: 5880
      ITM Evaluation: [2300/6156]  eta: 0:02:17    time: 0.0362  data: 0.0000  max mem: 5880
      ITM Evaluation: [2400/6156]  eta: 0:02:13    time: 0.0360  data: 0.0000  max mem: 5880
      ITM Evaluation: [2500/6156]  eta: 0:02:10    time: 0.0342  data: 0.0000  max mem: 5880
      ITM Evaluation: [2600/6156]  eta: 0:02:06    time: 0.0336  data: 0.0000  max mem: 5880
      ITM Evaluation: [2700/6156]  eta: 0:02:02    time: 0.0344  data: 0.0000  max mem: 5880
      ITM Evaluation: [2800/6156]  eta: 0:01:59    time: 0.0351  data: 0.0000  max mem: 5880
      ITM Evaluation: [2900/6156]  eta: 0:01:55    time: 0.0340  data: 0.0000  max mem: 5880
      ITM Evaluation: [3000/6156]  eta: 0:01:51    time: 0.0349  data: 0.0000  max mem: 5880
      ITM Evaluation: [3100/6156]  eta: 0:01:48    time: 0.0356  data: 0.0000  max mem: 5880
      ITM Evaluation: [3200/6156]  eta: 0:01:44    time: 0.0366  data: 0.0000  max mem: 5880
      ITM Evaluation: [3300/6156]  eta: 0:01:41    time: 0.0351  data: 0.0000  max mem: 5880
      ITM Evaluation: [3400/6156]  eta: 0:01:37    time: 0.0370  data: 0.0000  max mem: 5880
      ITM Evaluation: [3500/6156]  eta: 0:01:34    time: 0.0364  data: 0.0000  max mem: 5880
      ITM Evaluation: [3600/6156]  eta: 0:01:30    time: 0.0346  data: 0.0000  max mem: 5880
      ITM Evaluation: [3700/6156]  eta: 0:01:27    time: 0.0351  data: 0.0000  max mem: 5880
      ITM Evaluation: [3800/6156]  eta: 0:01:23    time: 0.0357  data: 0.0000  max mem: 5880
      ITM Evaluation: [3900/6156]  eta: 0:01:20    time: 0.0349  data: 0.0000  max mem: 5880
      ITM Evaluation: [4000/6156]  eta: 0:01:16    time: 0.0353  data: 0.0000  max mem: 5880
      ITM Evaluation: [4100/6156]  eta: 0:01:13    time: 0.0400  data: 0.0000  max mem: 5880
      ITM Evaluation: [4200/6156]  eta: 0:01:09    time: 0.0332  data: 0.0000  max mem: 5880
      ITM Evaluation: [4300/6156]  eta: 0:01:05    time: 0.0339  data: 0.0000  max mem: 5880
      ITM Evaluation: [4400/6156]  eta: 0:01:02    time: 0.0342  data: 0.0000  max mem: 5880
      ITM Evaluation: [4500/6156]  eta: 0:00:58    time: 0.0334  data: 0.0000  max mem: 5880
      ITM Evaluation: [4600/6156]  eta: 0:00:55    time: 0.0354  data: 0.0000  max mem: 5880
      ITM Evaluation: [4700/6156]  eta: 0:00:51    time: 0.0355  data: 0.0000  max mem: 5880
      ITM Evaluation: [4800/6156]  eta: 0:00:48    time: 0.0363  data: 0.0000  max mem: 5880
      ITM Evaluation: [4900/6156]  eta: 0:00:44    time: 0.0344  data: 0.0000  max mem: 5880
      ITM Evaluation: [5000/6156]  eta: 0:00:40    time: 0.0342  data: 0.0000  max mem: 5880
      ITM Evaluation: [5100/6156]  eta: 0:00:37    time: 0.0338  data: 0.0000  max mem: 5880
      ITM Evaluation: [5200/6156]  eta: 0:00:33    time: 0.0502  data: 0.0000  max mem: 5880
      ITM Evaluation: [5300/6156]  eta: 0:00:30    time: 0.0341  data: 0.0000  max mem: 5880
      ITM Evaluation: [5400/6156]  eta: 0:00:26    time: 0.0346  data: 0.0000  max mem: 5880
      ITM Evaluation: [5500/6156]  eta: 0:00:23    time: 0.0327  data: 0.0000  max mem: 5880
      ITM Evaluation: [5600/6156]  eta: 0:00:19    time: 0.0327  data: 0.0000  max mem: 5880
      ITM Evaluation: [5700/6156]  eta: 0:00:16    time: 0.0332  data: 0.0000  max mem: 5880
      ITM Evaluation: [5800/6156]  eta: 0:00:12    time: 0.0345  data: 0.0000  max mem: 5880
      ITM Evaluation: [5900/6156]  eta: 0:00:09    time: 0.0346  data: 0.0000  max mem: 5880
      ITM Evaluation: [6000/6156]  eta: 0:00:05    time: 0.0336  data: 0.0000  max mem: 5880
      ITM Evaluation: [6100/6156]  eta: 0:00:01    time: 0.0339  data: 0.0000  max mem: 5880
      ITM Evaluation: [6155/6156]  eta: 0:00:00    time: 0.0345  data: 0.0000  max mem: 5880
      ITM Evaluation: Total time: 0:03:36 (0.0352 s / it)
     total_time 216.9193308353424
     Computing matching score time 0:03:36
### Zero-Shot ITM Score: 
+-------+--------+--------+--------+--------+--------+
| epoch |   R1   |   R5   |  R10   |  mAP   |  mINP  |
+-------+--------+--------+--------+--------+--------+
|  -999 | 70.760 | 87.378 | 92.268 | 63.849 | 48.174 |
|  -999 | 76.170 | 89.457 | 93.600 | 65.570 | 47.372 |
+-------+--------+--------+--------+--------+--------+
### TTA:
### Compute ITC Uncertainty
     preprocess_tta_coefficients  start
     sample selection ...
     number of sample after sample_selection: 6156
     uncertainty ...
     preprocess_tta_coefficients  end
### Creating tta dataset
     tta_dataset: 6156
### Creating tta dataloader
### be careful: func create_loader returns a list length of 1
     tta_loader: 384
### Configure adapted weights
     TTA Dropout Modules: 
 [('vision_encoder.pos_drop', Dropout(p=0.0, inplace=False), True), ('vision_encoder.layers.0.blocks.0.attn.attn_drop', Dropout(p=0.0, inplace=False), True), ('vision_encoder.layers.0.blocks.0.attn.proj_drop', Dropout(p=0.0, inplace=False), True), ('vision_encoder.layers.0.blocks.0.mlp.drop', Dropout(p=0.0, inplace=False), True), ('vision_encoder.layers.0.blocks.1.attn.attn_drop', Dropout(p=0.0, inplace=False), True), ('vision_encoder.layers.0.blocks.1.attn.proj_drop', Dropout(p=0.0, inplace=False), True), ('vision_encoder.layers.0.blocks.1.mlp.drop', Dropout(p=0.0, inplace=False), True), ('vision_encoder.layers.1.blocks.0.attn.attn_drop', Dropout(p=0.0, inplace=False), True), ('vision_encoder.layers.1.blocks.0.attn.proj_drop', Dropout(p=0.0, inplace=False), True), ('vision_encoder.layers.1.blocks.0.mlp.drop', Dropout(p=0.0, inplace=False), True), ('vision_encoder.layers.1.blocks.1.attn.attn_drop', Dropout(p=0.0, inplace=False), True), ('vision_encoder.layers.1.blocks.1.attn.proj_drop', Dropout(p=0.0, inplace=False), True), ('vision_encoder.layers.1.blocks.1.mlp.drop', Dropout(p=0.0, inplace=False), True), ('vision_encoder.layers.2.blocks.0.attn.attn_drop', Dropout(p=0.0, inplace=False), True), ('vision_encoder.layers.2.blocks.0.attn.proj_drop', Dropout(p=0.0, inplace=False), True), ('vision_encoder.layers.2.blocks.0.mlp.drop', Dropout(p=0.0, inplace=False), True), ('vision_encoder.layers.2.blocks.1.attn.attn_drop', Dropout(p=0.0, inplace=False), True), ('vision_encoder.layers.2.blocks.1.attn.proj_drop', Dropout(p=0.0, inplace=False), True), ('vision_encoder.layers.2.blocks.1.mlp.drop', Dropout(p=0.0, inplace=False), True), ('vision_encoder.layers.2.blocks.2.attn.attn_drop', Dropout(p=0.0, inplace=False), True), ('vision_encoder.layers.2.blocks.2.attn.proj_drop', Dropout(p=0.0, inplace=False), True), ('vision_encoder.layers.2.blocks.2.mlp.drop', Dropout(p=0.0, inplace=False), True), ('vision_encoder.layers.2.blocks.3.attn.attn_drop', Dropout(p=0.0, inplace=False), True), ('vision_encoder.layers.2.blocks.3.attn.proj_drop', Dropout(p=0.0, inplace=False), True), ('vision_encoder.layers.2.blocks.3.mlp.drop', Dropout(p=0.0, inplace=False), True), ('vision_encoder.layers.2.blocks.4.attn.attn_drop', Dropout(p=0.0, inplace=False), True), ('vision_encoder.layers.2.blocks.4.attn.proj_drop', Dropout(p=0.0, inplace=False), True), ('vision_encoder.layers.2.blocks.4.mlp.drop', Dropout(p=0.0, inplace=False), True), ('vision_encoder.layers.2.blocks.5.attn.attn_drop', Dropout(p=0.0, inplace=False), True), ('vision_encoder.layers.2.blocks.5.attn.proj_drop', Dropout(p=0.0, inplace=False), True), ('vision_encoder.layers.2.blocks.5.mlp.drop', Dropout(p=0.0, inplace=False), True), ('vision_encoder.layers.2.blocks.6.attn.attn_drop', Dropout(p=0.0, inplace=False), True), ('vision_encoder.layers.2.blocks.6.attn.proj_drop', Dropout(p=0.0, inplace=False), True), ('vision_encoder.layers.2.blocks.6.mlp.drop', Dropout(p=0.0, inplace=False), True), ('vision_encoder.layers.2.blocks.7.attn.attn_drop', Dropout(p=0.0, inplace=False), True), ('vision_encoder.layers.2.blocks.7.attn.proj_drop', Dropout(p=0.0, inplace=False), True), ('vision_encoder.layers.2.blocks.7.mlp.drop', Dropout(p=0.0, inplace=False), True), ('vision_encoder.layers.2.blocks.8.attn.attn_drop', Dropout(p=0.0, inplace=False), True), ('vision_encoder.layers.2.blocks.8.attn.proj_drop', Dropout(p=0.0, inplace=False), True), ('vision_encoder.layers.2.blocks.8.mlp.drop', Dropout(p=0.0, inplace=False), True), ('vision_encoder.layers.2.blocks.9.attn.attn_drop', Dropout(p=0.0, inplace=False), True), ('vision_encoder.layers.2.blocks.9.attn.proj_drop', Dropout(p=0.0, inplace=False), True), ('vision_encoder.layers.2.blocks.9.mlp.drop', Dropout(p=0.0, inplace=False), True), ('vision_encoder.layers.2.blocks.10.attn.attn_drop', Dropout(p=0.0, inplace=False), True), ('vision_encoder.layers.2.blocks.10.attn.proj_drop', Dropout(p=0.0, inplace=False), True), ('vision_encoder.layers.2.blocks.10.mlp.drop', Dropout(p=0.0, inplace=False), True), ('vision_encoder.layers.2.blocks.11.attn.attn_drop', Dropout(p=0.0, inplace=False), True), ('vision_encoder.layers.2.blocks.11.attn.proj_drop', Dropout(p=0.0, inplace=False), True), ('vision_encoder.layers.2.blocks.11.mlp.drop', Dropout(p=0.0, inplace=False), True), ('vision_encoder.layers.2.blocks.12.attn.attn_drop', Dropout(p=0.0, inplace=False), True), ('vision_encoder.layers.2.blocks.12.attn.proj_drop', Dropout(p=0.0, inplace=False), True), ('vision_encoder.layers.2.blocks.12.mlp.drop', Dropout(p=0.0, inplace=False), True), ('vision_encoder.layers.2.blocks.13.attn.attn_drop', Dropout(p=0.0, inplace=False), True), ('vision_encoder.layers.2.blocks.13.attn.proj_drop', Dropout(p=0.0, inplace=False), True), ('vision_encoder.layers.2.blocks.13.mlp.drop', Dropout(p=0.0, inplace=False), True), ('vision_encoder.layers.2.blocks.14.attn.attn_drop', Dropout(p=0.0, inplace=False), True), ('vision_encoder.layers.2.blocks.14.attn.proj_drop', Dropout(p=0.0, inplace=False), True), ('vision_encoder.layers.2.blocks.14.mlp.drop', Dropout(p=0.0, inplace=False), True), ('vision_encoder.layers.2.blocks.15.attn.attn_drop', Dropout(p=0.0, inplace=False), True), ('vision_encoder.layers.2.blocks.15.attn.proj_drop', Dropout(p=0.0, inplace=False), True), ('vision_encoder.layers.2.blocks.15.mlp.drop', Dropout(p=0.0, inplace=False), True), ('vision_encoder.layers.2.blocks.16.attn.attn_drop', Dropout(p=0.0, inplace=False), True), ('vision_encoder.layers.2.blocks.16.attn.proj_drop', Dropout(p=0.0, inplace=False), True), ('vision_encoder.layers.2.blocks.16.mlp.drop', Dropout(p=0.0, inplace=False), True), ('vision_encoder.layers.2.blocks.17.attn.attn_drop', Dropout(p=0.0, inplace=False), True), ('vision_encoder.layers.2.blocks.17.attn.proj_drop', Dropout(p=0.0, inplace=False), True), ('vision_encoder.layers.2.blocks.17.mlp.drop', Dropout(p=0.0, inplace=False), True), ('vision_encoder.layers.3.blocks.0.attn.attn_drop', Dropout(p=0.0, inplace=False), True), ('vision_encoder.layers.3.blocks.0.attn.proj_drop', Dropout(p=0.0, inplace=False), True), ('vision_encoder.layers.3.blocks.0.mlp.drop', Dropout(p=0.0, inplace=False), True), ('vision_encoder.layers.3.blocks.1.attn.attn_drop', Dropout(p=0.0, inplace=False), True), ('vision_encoder.layers.3.blocks.1.attn.proj_drop', Dropout(p=0.0, inplace=False), True), ('vision_encoder.layers.3.blocks.1.mlp.drop', Dropout(p=0.0, inplace=False), True), ('text_encoder.bert.embeddings.dropout', Dropout(p=0.1, inplace=False), True), ('text_encoder.bert.encoder.layer.0.attention.self.dropout', Dropout(p=0.1, inplace=False), True), ('text_encoder.bert.encoder.layer.0.attention.output.dropout', Dropout(p=0.1, inplace=False), True), ('text_encoder.bert.encoder.layer.0.output.dropout', Dropout(p=0.1, inplace=False), True), ('text_encoder.bert.encoder.layer.1.attention.self.dropout', Dropout(p=0.1, inplace=False), True), ('text_encoder.bert.encoder.layer.1.attention.output.dropout', Dropout(p=0.1, inplace=False), True), ('text_encoder.bert.encoder.layer.1.output.dropout', Dropout(p=0.1, inplace=False), True), ('text_encoder.bert.encoder.layer.2.attention.self.dropout', Dropout(p=0.1, inplace=False), True), ('text_encoder.bert.encoder.layer.2.attention.output.dropout', Dropout(p=0.1, inplace=False), True), ('text_encoder.bert.encoder.layer.2.output.dropout', Dropout(p=0.1, inplace=False), True), ('text_encoder.bert.encoder.layer.3.attention.self.dropout', Dropout(p=0.1, inplace=False), True), ('text_encoder.bert.encoder.layer.3.attention.output.dropout', Dropout(p=0.1, inplace=False), True), ('text_encoder.bert.encoder.layer.3.output.dropout', Dropout(p=0.1, inplace=False), True), ('text_encoder.bert.encoder.layer.4.attention.self.dropout', Dropout(p=0.1, inplace=False), True), ('text_encoder.bert.encoder.layer.4.attention.output.dropout', Dropout(p=0.1, inplace=False), True), ('text_encoder.bert.encoder.layer.4.output.dropout', Dropout(p=0.1, inplace=False), True), ('text_encoder.bert.encoder.layer.5.attention.self.dropout', Dropout(p=0.1, inplace=False), True), ('text_encoder.bert.encoder.layer.5.attention.output.dropout', Dropout(p=0.1, inplace=False), True), ('text_encoder.bert.encoder.layer.5.output.dropout', Dropout(p=0.1, inplace=False), True), ('text_encoder.bert.encoder.layer.6.attention.self.dropout', Dropout(p=0.1, inplace=False), True), ('text_encoder.bert.encoder.layer.6.attention.output.dropout', Dropout(p=0.1, inplace=False), True), ('text_encoder.bert.encoder.layer.6.crossattention.self.dropout', Dropout(p=0.1, inplace=False), True), ('text_encoder.bert.encoder.layer.6.crossattention.output.dropout', Dropout(p=0.1, inplace=False), True), ('text_encoder.bert.encoder.layer.6.output.dropout', Dropout(p=0.1, inplace=False), True), ('text_encoder.bert.encoder.layer.7.attention.self.dropout', Dropout(p=0.1, inplace=False), True), ('text_encoder.bert.encoder.layer.7.attention.output.dropout', Dropout(p=0.1, inplace=False), True), ('text_encoder.bert.encoder.layer.7.crossattention.self.dropout', Dropout(p=0.1, inplace=False), True), ('text_encoder.bert.encoder.layer.7.crossattention.output.dropout', Dropout(p=0.1, inplace=False), True), ('text_encoder.bert.encoder.layer.7.output.dropout', Dropout(p=0.1, inplace=False), True), ('text_encoder.bert.encoder.layer.8.attention.self.dropout', Dropout(p=0.1, inplace=False), True), ('text_encoder.bert.encoder.layer.8.attention.output.dropout', Dropout(p=0.1, inplace=False), True), ('text_encoder.bert.encoder.layer.8.crossattention.self.dropout', Dropout(p=0.1, inplace=False), True), ('text_encoder.bert.encoder.layer.8.crossattention.output.dropout', Dropout(p=0.1, inplace=False), True), ('text_encoder.bert.encoder.layer.8.output.dropout', Dropout(p=0.1, inplace=False), True), ('text_encoder.bert.encoder.layer.9.attention.self.dropout', Dropout(p=0.1, inplace=False), True), ('text_encoder.bert.encoder.layer.9.attention.output.dropout', Dropout(p=0.1, inplace=False), True), ('text_encoder.bert.encoder.layer.9.crossattention.self.dropout', Dropout(p=0.1, inplace=False), True), ('text_encoder.bert.encoder.layer.9.crossattention.output.dropout', Dropout(p=0.1, inplace=False), True), ('text_encoder.bert.encoder.layer.9.output.dropout', Dropout(p=0.1, inplace=False), True), ('text_encoder.bert.encoder.layer.10.attention.self.dropout', Dropout(p=0.1, inplace=False), True), ('text_encoder.bert.encoder.layer.10.attention.output.dropout', Dropout(p=0.1, inplace=False), True), ('text_encoder.bert.encoder.layer.10.crossattention.self.dropout', Dropout(p=0.1, inplace=False), True), ('text_encoder.bert.encoder.layer.10.crossattention.output.dropout', Dropout(p=0.1, inplace=False), True), ('text_encoder.bert.encoder.layer.10.output.dropout', Dropout(p=0.1, inplace=False), True), ('text_encoder.bert.encoder.layer.11.attention.self.dropout', Dropout(p=0.1, inplace=False), True), ('text_encoder.bert.encoder.layer.11.attention.output.dropout', Dropout(p=0.1, inplace=False), True), ('text_encoder.bert.encoder.layer.11.crossattention.self.dropout', Dropout(p=0.1, inplace=False), True), ('text_encoder.bert.encoder.layer.11.crossattention.output.dropout', Dropout(p=0.1, inplace=False), True), ('text_encoder.bert.encoder.layer.11.output.dropout', Dropout(p=0.1, inplace=False), True)]
     TTA Require Gradient Params: 
 [('text_encoder.bert.embeddings.LayerNorm.weight', torch.Size([768])), ('text_encoder.bert.embeddings.LayerNorm.bias', torch.Size([768])), ('text_encoder.bert.encoder.layer.6.attention.output.LayerNorm.weight', torch.Size([768])), ('text_encoder.bert.encoder.layer.6.attention.output.LayerNorm.bias', torch.Size([768])), ('text_encoder.bert.encoder.layer.6.crossattention.output.LayerNorm.weight', torch.Size([768])), ('text_encoder.bert.encoder.layer.6.crossattention.output.LayerNorm.bias', torch.Size([768])), ('text_encoder.bert.encoder.layer.6.output.LayerNorm.weight', torch.Size([768])), ('text_encoder.bert.encoder.layer.6.output.LayerNorm.bias', torch.Size([768])), ('text_encoder.bert.encoder.layer.7.attention.output.LayerNorm.weight', torch.Size([768])), ('text_encoder.bert.encoder.layer.7.attention.output.LayerNorm.bias', torch.Size([768])), ('text_encoder.bert.encoder.layer.7.crossattention.output.LayerNorm.weight', torch.Size([768])), ('text_encoder.bert.encoder.layer.7.crossattention.output.LayerNorm.bias', torch.Size([768])), ('text_encoder.bert.encoder.layer.7.output.LayerNorm.weight', torch.Size([768])), ('text_encoder.bert.encoder.layer.7.output.LayerNorm.bias', torch.Size([768])), ('text_encoder.bert.encoder.layer.8.attention.output.LayerNorm.weight', torch.Size([768])), ('text_encoder.bert.encoder.layer.8.attention.output.LayerNorm.bias', torch.Size([768])), ('text_encoder.bert.encoder.layer.8.crossattention.output.LayerNorm.weight', torch.Size([768])), ('text_encoder.bert.encoder.layer.8.crossattention.output.LayerNorm.bias', torch.Size([768])), ('text_encoder.bert.encoder.layer.8.output.LayerNorm.weight', torch.Size([768])), ('text_encoder.bert.encoder.layer.8.output.LayerNorm.bias', torch.Size([768])), ('text_encoder.bert.encoder.layer.9.attention.output.LayerNorm.weight', torch.Size([768])), ('text_encoder.bert.encoder.layer.9.attention.output.LayerNorm.bias', torch.Size([768])), ('text_encoder.bert.encoder.layer.9.crossattention.output.LayerNorm.weight', torch.Size([768])), ('text_encoder.bert.encoder.layer.9.crossattention.output.LayerNorm.bias', torch.Size([768])), ('text_encoder.bert.encoder.layer.9.output.LayerNorm.weight', torch.Size([768])), ('text_encoder.bert.encoder.layer.9.output.LayerNorm.bias', torch.Size([768])), ('text_encoder.bert.encoder.layer.10.attention.output.LayerNorm.weight', torch.Size([768])), ('text_encoder.bert.encoder.layer.10.attention.output.LayerNorm.bias', torch.Size([768])), ('text_encoder.bert.encoder.layer.10.crossattention.output.LayerNorm.weight', torch.Size([768])), ('text_encoder.bert.encoder.layer.10.crossattention.output.LayerNorm.bias', torch.Size([768])), ('text_encoder.bert.encoder.layer.10.output.LayerNorm.weight', torch.Size([768])), ('text_encoder.bert.encoder.layer.10.output.LayerNorm.bias', torch.Size([768])), ('text_encoder.bert.encoder.layer.11.attention.output.LayerNorm.weight', torch.Size([768])), ('text_encoder.bert.encoder.layer.11.attention.output.LayerNorm.bias', torch.Size([768])), ('text_encoder.bert.encoder.layer.11.crossattention.output.LayerNorm.weight', torch.Size([768])), ('text_encoder.bert.encoder.layer.11.crossattention.output.LayerNorm.bias', torch.Size([768])), ('text_encoder.bert.encoder.layer.11.output.LayerNorm.weight', torch.Size([768])), ('text_encoder.bert.encoder.layer.11.output.LayerNorm.bias', torch.Size([768])), ('text_encoder.cls.predictions.transform.LayerNorm.weight', torch.Size([768])), ('text_encoder.cls.predictions.transform.LayerNorm.bias', torch.Size([768])), ('itm_head.1.weight', torch.Size([1536])), ('itm_head.1.bias', torch.Size([1536]))]
     TTA Dropout Modules Number: 
 122
     TTA Require Gradient Params Sum: 
 33792
     lr:  0.001    lr_mult:  2
     model has 'init_params',  363
     num_tta_steps:  11550
     num_warmup_steps:  100
     sched: step
### Start ITM Test Time Adaptation
      TTA Epoch: [0] [  0/384]  eta: 0:03:23  lr: 0.000010  entropy: 1.0100  loss: 3.0680  time: 0.5309  data: 0.3999  max mem: 5880
      TTA Epoch: [0] [100/384]  eta: 0:00:21  lr: 0.001000  entropy: 0.4018  loss: 2.8432  time: 0.0667  data: 0.0001  max mem: 5880
      TTA Epoch: [0] [200/384]  eta: 0:00:12  lr: 0.000991  entropy: 0.2060  loss: 2.7703  time: 0.0568  data: 0.0001  max mem: 5880
      TTA Epoch: [0] [300/384]  eta: 0:00:05  lr: 0.000982  entropy: 0.2847  loss: 2.7991  time: 0.0451  data: 0.0001  max mem: 5880
      TTA Epoch: [0] [383/384]  eta: 0:00:00  lr: 0.000975  entropy: 0.1676  loss: 2.7559  time: 0.0420  data: 0.0001  max mem: 5880
      TTA Epoch: [0] Total time: 0:00:22 (0.0594 s / it)
     Averaged stats: lr: 0.0009  entropy: 0.3917  loss: 2.8390
     itm tta time 0:00:22
     Computing matching score
      ITM Evaluation: [   0/6156]  eta: 0:04:19    time: 0.0421  data: 0.0058  max mem: 5880
      ITM Evaluation: [ 100/6156]  eta: 0:03:24    time: 0.0336  data: 0.0000  max mem: 5880
      ITM Evaluation: [ 200/6156]  eta: 0:03:20    time: 0.0333  data: 0.0000  max mem: 5880
      ITM Evaluation: [ 300/6156]  eta: 0:03:16    time: 0.0333  data: 0.0000  max mem: 5880
      ITM Evaluation: [ 400/6156]  eta: 0:03:12    time: 0.0335  data: 0.0000  max mem: 5880
      ITM Evaluation: [ 500/6156]  eta: 0:03:09    time: 0.0330  data: 0.0000  max mem: 5880
      ITM Evaluation: [ 600/6156]  eta: 0:03:06    time: 0.0342  data: 0.0000  max mem: 5880
      ITM Evaluation: [ 700/6156]  eta: 0:03:03    time: 0.0342  data: 0.0000  max mem: 5880
      ITM Evaluation: [ 800/6156]  eta: 0:03:00    time: 0.0337  data: 0.0000  max mem: 5880
      ITM Evaluation: [ 900/6156]  eta: 0:02:57    time: 0.0348  data: 0.0000  max mem: 5880
      ITM Evaluation: [1000/6156]  eta: 0:02:54    time: 0.0348  data: 0.0000  max mem: 5880
      ITM Evaluation: [1100/6156]  eta: 0:02:51    time: 0.0359  data: 0.0000  max mem: 5880
      ITM Evaluation: [1200/6156]  eta: 0:02:48    time: 0.0339  data: 0.0000  max mem: 5880
      ITM Evaluation: [1300/6156]  eta: 0:02:44    time: 0.0338  data: 0.0000  max mem: 5880
      ITM Evaluation: [1400/6156]  eta: 0:02:41    time: 0.0339  data: 0.0000  max mem: 5880
      ITM Evaluation: [1500/6156]  eta: 0:02:37    time: 0.0345  data: 0.0000  max mem: 5880
      ITM Evaluation: [1600/6156]  eta: 0:02:34    time: 0.0339  data: 0.0000  max mem: 5880
      ITM Evaluation: [1700/6156]  eta: 0:02:31    time: 0.0352  data: 0.0000  max mem: 5880
      ITM Evaluation: [1800/6156]  eta: 0:02:27    time: 0.0349  data: 0.0000  max mem: 5880
      ITM Evaluation: [1900/6156]  eta: 0:02:24    time: 0.0336  data: 0.0000  max mem: 5880
      ITM Evaluation: [2000/6156]  eta: 0:02:21    time: 0.0363  data: 0.0000  max mem: 5880
      ITM Evaluation: [2100/6156]  eta: 0:02:18    time: 0.0368  data: 0.0000  max mem: 5880
      ITM Evaluation: [2200/6156]  eta: 0:02:15    time: 0.0391  data: 0.0000  max mem: 5880
      ITM Evaluation: [2300/6156]  eta: 0:02:13    time: 0.0382  data: 0.0000  max mem: 5880
      ITM Evaluation: [2400/6156]  eta: 0:02:09    time: 0.0352  data: 0.0000  max mem: 5880
      ITM Evaluation: [2500/6156]  eta: 0:02:06    time: 0.0349  data: 0.0000  max mem: 5880
      ITM Evaluation: [2600/6156]  eta: 0:02:03    time: 0.0348  data: 0.0000  max mem: 5880
      ITM Evaluation: [2700/6156]  eta: 0:01:59    time: 0.0354  data: 0.0000  max mem: 5880
      ITM Evaluation: [2800/6156]  eta: 0:01:56    time: 0.0343  data: 0.0000  max mem: 5880
      ITM Evaluation: [2900/6156]  eta: 0:01:52    time: 0.0347  data: 0.0000  max mem: 5880
      ITM Evaluation: [3000/6156]  eta: 0:01:49    time: 0.0346  data: 0.0000  max mem: 5880
      ITM Evaluation: [3100/6156]  eta: 0:01:46    time: 0.0357  data: 0.0000  max mem: 5880
      ITM Evaluation: [3200/6156]  eta: 0:01:42    time: 0.0363  data: 0.0000  max mem: 5880
      ITM Evaluation: [3300/6156]  eta: 0:01:39    time: 0.0383  data: 0.0000  max mem: 5880
      ITM Evaluation: [3400/6156]  eta: 0:01:36    time: 0.0362  data: 0.0000  max mem: 5880
      ITM Evaluation: [3500/6156]  eta: 0:01:32    time: 0.0359  data: 0.0000  max mem: 5880
      ITM Evaluation: [3600/6156]  eta: 0:01:29    time: 0.0364  data: 0.0000  max mem: 5880
      ITM Evaluation: [3700/6156]  eta: 0:01:25    time: 0.0378  data: 0.0000  max mem: 5880
      ITM Evaluation: [3800/6156]  eta: 0:01:22    time: 0.0378  data: 0.0000  max mem: 5880
      ITM Evaluation: [3900/6156]  eta: 0:01:19    time: 0.0355  data: 0.0000  max mem: 5880
      ITM Evaluation: [4000/6156]  eta: 0:01:15    time: 0.0345  data: 0.0000  max mem: 5880
      ITM Evaluation: [4100/6156]  eta: 0:01:12    time: 0.0351  data: 0.0000  max mem: 5880
      ITM Evaluation: [4200/6156]  eta: 0:01:08    time: 0.0349  data: 0.0000  max mem: 5880
      ITM Evaluation: [4300/6156]  eta: 0:01:05    time: 0.0354  data: 0.0000  max mem: 5880
      ITM Evaluation: [4400/6156]  eta: 0:01:01    time: 0.0361  data: 0.0000  max mem: 5880
      ITM Evaluation: [4500/6156]  eta: 0:00:58    time: 0.0361  data: 0.0000  max mem: 5880
      ITM Evaluation: [4600/6156]  eta: 0:00:54    time: 0.0357  data: 0.0000  max mem: 5880
      ITM Evaluation: [4700/6156]  eta: 0:00:51    time: 0.0355  data: 0.0000  max mem: 5880
      ITM Evaluation: [4800/6156]  eta: 0:00:47    time: 0.0408  data: 0.0000  max mem: 5880
      ITM Evaluation: [4900/6156]  eta: 0:00:44    time: 0.0373  data: 0.0000  max mem: 5880
      ITM Evaluation: [5000/6156]  eta: 0:00:40    time: 0.0374  data: 0.0000  max mem: 5880
      ITM Evaluation: [5100/6156]  eta: 0:00:37    time: 0.0357  data: 0.0000  max mem: 5880
      ITM Evaluation: [5200/6156]  eta: 0:00:33    time: 0.0371  data: 0.0000  max mem: 5880
      ITM Evaluation: [5300/6156]  eta: 0:00:30    time: 0.0361  data: 0.0000  max mem: 5880
      ITM Evaluation: [5400/6156]  eta: 0:00:26    time: 0.0358  data: 0.0000  max mem: 5880
      ITM Evaluation: [5500/6156]  eta: 0:00:23    time: 0.0364  data: 0.0000  max mem: 5880
      ITM Evaluation: [5600/6156]  eta: 0:00:19    time: 0.0361  data: 0.0000  max mem: 5880
      ITM Evaluation: [5700/6156]  eta: 0:00:16    time: 0.0364  data: 0.0000  max mem: 5880
      ITM Evaluation: [5800/6156]  eta: 0:00:12    time: 0.0392  data: 0.0000  max mem: 5880
      ITM Evaluation: [5900/6156]  eta: 0:00:09    time: 0.0367  data: 0.0000  max mem: 5880
      ITM Evaluation: [6000/6156]  eta: 0:00:05    time: 0.0387  data: 0.0000  max mem: 5880
      ITM Evaluation: [6100/6156]  eta: 0:00:01    time: 0.0389  data: 0.0000  max mem: 5880
      ITM Evaluation: [6155/6156]  eta: 0:00:00    time: 0.0386  data: 0.0000  max mem: 5880
      ITM Evaluation: Total time: 0:03:39 (0.0357 s / it)
     total_time 219.7682557106018
     Computing matching score time 0:03:39
### TTA ITM Score: 
+-------+--------+--------+--------+--------+--------+
| epoch |   R1   |   R5   |  R10   |  mAP   |  mINP  |
+-------+--------+--------+--------+--------+--------+
|  -999 | 70.760 | 87.378 | 92.268 | 63.849 | 48.174 |
|  -999 | 76.170 | 89.457 | 93.600 | 65.570 | 47.372 |
|   0   | 70.533 | 88.775 | 92.788 | 63.228 | 46.439 |
+-------+--------+--------+--------+--------+--------+
     logs:  {'epo': 0, 'R1': 70.533, 'R5': 88.775, 'R10': 92.788, 'mAP': 63.228, 'mINP': 46.439, 'lr': 0.000862, 'entropy': 0.391682, 'loss': 2.83896}
      TTA Epoch: [1] [  0/384]  eta: 0:03:31  lr: 0.000975  entropy: 0.1768  loss: 2.7595  time: 0.5505  data: 0.4276  max mem: 5880
      TTA Epoch: [1] [100/384]  eta: 0:00:15  lr: 0.000483  entropy: 0.2503  loss: 2.7866  time: 0.0478  data: 0.0001  max mem: 5880
      TTA Epoch: [1] [200/384]  eta: 0:00:09  lr: 0.000479  entropy: 0.2925  loss: 2.8018  time: 0.0492  data: 0.0001  max mem: 5880
      TTA Epoch: [1] [300/384]  eta: 0:00:04  lr: 0.000474  entropy: 0.4234  loss: 2.8509  time: 0.0485  data: 0.0001  max mem: 5880
      TTA Epoch: [1] [383/384]  eta: 0:00:00  lr: 0.000188  entropy: 0.2458  loss: 2.7848  time: 0.0441  data: 0.0001  max mem: 5880
      TTA Epoch: [1] Total time: 0:00:19 (0.0497 s / it)
     Averaged stats: lr: 0.0004  entropy: 0.2020  loss: 2.7686
     itm tta time 0:00:19
     Computing matching score
      ITM Evaluation: [   0/6156]  eta: 0:05:02    time: 0.0492  data: 0.0106  max mem: 5880
      ITM Evaluation: [ 100/6156]  eta: 0:03:47    time: 0.0373  data: 0.0000  max mem: 5880
      ITM Evaluation: [ 200/6156]  eta: 0:03:41    time: 0.0361  data: 0.0000  max mem: 5880
      ITM Evaluation: [ 300/6156]  eta: 0:03:35    time: 0.0359  data: 0.0000  max mem: 5880
      ITM Evaluation: [ 400/6156]  eta: 0:03:32    time: 0.0375  data: 0.0000  max mem: 5880
      ITM Evaluation: [ 500/6156]  eta: 0:03:30    time: 0.0408  data: 0.0000  max mem: 5880
      ITM Evaluation: [ 600/6156]  eta: 0:03:29    time: 0.0404  data: 0.0000  max mem: 5880
      ITM Evaluation: [ 700/6156]  eta: 0:03:26    time: 0.0377  data: 0.0000  max mem: 5880
      ITM Evaluation: [ 800/6156]  eta: 0:03:22    time: 0.0379  data: 0.0000  max mem: 5880
      ITM Evaluation: [ 900/6156]  eta: 0:03:18    time: 0.0371  data: 0.0000  max mem: 5880
      ITM Evaluation: [1000/6156]  eta: 0:03:13    time: 0.0355  data: 0.0000  max mem: 5880
      ITM Evaluation: [1100/6156]  eta: 0:03:09    time: 0.0365  data: 0.0000  max mem: 5880
      ITM Evaluation: [1200/6156]  eta: 0:03:05    time: 0.0386  data: 0.0000  max mem: 5880
      ITM Evaluation: [1300/6156]  eta: 0:03:00    time: 0.0350  data: 0.0000  max mem: 5880
      ITM Evaluation: [1400/6156]  eta: 0:02:56    time: 0.0354  data: 0.0000  max mem: 5880
      ITM Evaluation: [1500/6156]  eta: 0:02:52    time: 0.0354  data: 0.0000  max mem: 5880
      ITM Evaluation: [1600/6156]  eta: 0:02:48    time: 0.0383  data: 0.0000  max mem: 5880
      ITM Evaluation: [1700/6156]  eta: 0:02:44    time: 0.0380  data: 0.0000  max mem: 5880
      ITM Evaluation: [1800/6156]  eta: 0:02:41    time: 0.0362  data: 0.0000  max mem: 5880
      ITM Evaluation: [1900/6156]  eta: 0:02:37    time: 0.0366  data: 0.0000  max mem: 5880
      ITM Evaluation: [2000/6156]  eta: 0:02:33    time: 0.0356  data: 0.0000  max mem: 5880
      ITM Evaluation: [2100/6156]  eta: 0:02:29    time: 0.0357  data: 0.0000  max mem: 5880
      ITM Evaluation: [2200/6156]  eta: 0:02:25    time: 0.0376  data: 0.0000  max mem: 5880
      ITM Evaluation: [2300/6156]  eta: 0:02:22    time: 0.0362  data: 0.0000  max mem: 5880
      ITM Evaluation: [2400/6156]  eta: 0:02:18    time: 0.0360  data: 0.0000  max mem: 5880
      ITM Evaluation: [2500/6156]  eta: 0:02:14    time: 0.0358  data: 0.0000  max mem: 5880
      ITM Evaluation: [2600/6156]  eta: 0:02:10    time: 0.0364  data: 0.0000  max mem: 5880
      ITM Evaluation: [2700/6156]  eta: 0:02:07    time: 0.0362  data: 0.0000  max mem: 5880
      ITM Evaluation: [2800/6156]  eta: 0:02:03    time: 0.0393  data: 0.0000  max mem: 5880
      ITM Evaluation: [2900/6156]  eta: 0:02:00    time: 0.0387  data: 0.0000  max mem: 5880
      ITM Evaluation: [3000/6156]  eta: 0:01:56    time: 0.0358  data: 0.0000  max mem: 5880
      ITM Evaluation: [3100/6156]  eta: 0:01:52    time: 0.0359  data: 0.0000  max mem: 5880
      ITM Evaluation: [3200/6156]  eta: 0:01:48    time: 0.0361  data: 0.0000  max mem: 5880
      ITM Evaluation: [3300/6156]  eta: 0:01:45    time: 0.0371  data: 0.0000  max mem: 5880
      ITM Evaluation: [3400/6156]  eta: 0:01:41    time: 0.0366  data: 0.0000  max mem: 5880
      ITM Evaluation: [3500/6156]  eta: 0:01:37    time: 0.0361  data: 0.0000  max mem: 5880
      ITM Evaluation: [3600/6156]  eta: 0:01:34    time: 0.0357  data: 0.0000  max mem: 5880
      ITM Evaluation: [3700/6156]  eta: 0:01:30    time: 0.0363  data: 0.0000  max mem: 5880
      ITM Evaluation: [3800/6156]  eta: 0:01:26    time: 0.0351  data: 0.0000  max mem: 5880
      ITM Evaluation: [3900/6156]  eta: 0:01:22    time: 0.0382  data: 0.0000  max mem: 5880
      ITM Evaluation: [4000/6156]  eta: 0:01:19    time: 0.0382  data: 0.0000  max mem: 5880
      ITM Evaluation: [4100/6156]  eta: 0:01:15    time: 0.0384  data: 0.0000  max mem: 5880
      ITM Evaluation: [4200/6156]  eta: 0:01:12    time: 0.0359  data: 0.0000  max mem: 5880
      ITM Evaluation: [4300/6156]  eta: 0:01:08    time: 0.0389  data: 0.0000  max mem: 5880
      ITM Evaluation: [4400/6156]  eta: 0:01:04    time: 0.0385  data: 0.0000  max mem: 5880
      ITM Evaluation: [4500/6156]  eta: 0:01:01    time: 0.0365  data: 0.0000  max mem: 5880
      ITM Evaluation: [4600/6156]  eta: 0:00:57    time: 0.0368  data: 0.0000  max mem: 5880
      ITM Evaluation: [4700/6156]  eta: 0:00:53    time: 0.0359  data: 0.0000  max mem: 5880
      ITM Evaluation: [4800/6156]  eta: 0:00:49    time: 0.0328  data: 0.0000  max mem: 5880
      ITM Evaluation: [4900/6156]  eta: 0:00:46    time: 0.0332  data: 0.0000  max mem: 5880
      ITM Evaluation: [5000/6156]  eta: 0:00:42    time: 0.0326  data: 0.0000  max mem: 5880
      ITM Evaluation: [5100/6156]  eta: 0:00:38    time: 0.0352  data: 0.0000  max mem: 5880
      ITM Evaluation: [5200/6156]  eta: 0:00:34    time: 0.0343  data: 0.0000  max mem: 5880
      ITM Evaluation: [5300/6156]  eta: 0:00:31    time: 0.0361  data: 0.0000  max mem: 5880
      ITM Evaluation: [5400/6156]  eta: 0:00:27    time: 0.0349  data: 0.0000  max mem: 5880
      ITM Evaluation: [5500/6156]  eta: 0:00:23    time: 0.0348  data: 0.0000  max mem: 5880
      ITM Evaluation: [5600/6156]  eta: 0:00:20    time: 0.0332  data: 0.0000  max mem: 5880
      ITM Evaluation: [5700/6156]  eta: 0:00:16    time: 0.0328  data: 0.0000  max mem: 5880
      ITM Evaluation: [5800/6156]  eta: 0:00:12    time: 0.0336  data: 0.0000  max mem: 5880
      ITM Evaluation: [5900/6156]  eta: 0:00:09    time: 0.0332  data: 0.0000  max mem: 5880
      ITM Evaluation: [6000/6156]  eta: 0:00:05    time: 0.0330  data: 0.0000  max mem: 5880
      ITM Evaluation: [6100/6156]  eta: 0:00:02    time: 0.0334  data: 0.0000  max mem: 5880
      ITM Evaluation: [6155/6156]  eta: 0:00:00    time: 0.0327  data: 0.0000  max mem: 5880
      ITM Evaluation: Total time: 0:03:42 (0.0361 s / it)
     total_time 222.130300283432
     Computing matching score time 0:03:42
### TTA ITM Score: 
+-------+--------+--------+--------+--------+--------+
| epoch |   R1   |   R5   |  R10   |  mAP   |  mINP  |
+-------+--------+--------+--------+--------+--------+
|  -999 | 70.760 | 87.378 | 92.268 | 63.849 | 48.174 |
|  -999 | 76.170 | 89.457 | 93.600 | 65.570 | 47.372 |
|   0   | 70.533 | 88.775 | 92.788 | 63.228 | 46.439 |
|   1   | 68.486 | 88.369 | 92.576 | 61.531 | 44.327 |
+-------+--------+--------+--------+--------+--------+
     logs:  {'epo': 1, 'R1': 68.486, 'R5': 88.369, 'R10': 92.576, 'mAP': 61.531, 'mINP': 44.327, 'lr': 0.000447, 'entropy': 0.202036, 'loss': 2.768558}
      TTA Epoch: [2] [  0/384]  eta: 0:03:26  lr: 0.000188  entropy: 0.2056  loss: 2.7694  time: 0.5374  data: 0.4248  max mem: 5880
      TTA Epoch: [2] [100/384]  eta: 0:00:16  lr: 0.000187  entropy: 0.2668  loss: 2.7926  time: 0.0569  data: 0.0002  max mem: 5880
      TTA Epoch: [2] [200/384]  eta: 0:00:11  lr: 0.000185  entropy: 0.1925  loss: 2.7651  time: 0.0713  data: 0.0002  max mem: 5880
      TTA Epoch: [2] [300/384]  eta: 0:00:04  lr: 0.000183  entropy: 0.1307  loss: 2.7420  time: 0.0498  data: 0.0001  max mem: 5880
      TTA Epoch: [2] [383/384]  eta: 0:00:00  lr: 0.000182  entropy: 0.1809  loss: 2.7603  time: 0.0455  data: 0.0001  max mem: 5880
      TTA Epoch: [2] Total time: 0:00:21 (0.0564 s / it)
     Averaged stats: lr: 0.0002  entropy: 0.1833  loss: 2.7616
     itm tta time 0:00:21
     Computing matching score
      ITM Evaluation: [   0/6156]  eta: 0:04:17    time: 0.0418  data: 0.0058  max mem: 5880
      ITM Evaluation: [ 100/6156]  eta: 0:03:19    time: 0.0326  data: 0.0000  max mem: 5880
      ITM Evaluation: [ 200/6156]  eta: 0:03:16    time: 0.0328  data: 0.0000  max mem: 5880
      ITM Evaluation: [ 300/6156]  eta: 0:03:12    time: 0.0323  data: 0.0000  max mem: 5880
      ITM Evaluation: [ 400/6156]  eta: 0:03:09    time: 0.0335  data: 0.0000  max mem: 5880
      ITM Evaluation: [ 500/6156]  eta: 0:03:07    time: 0.0332  data: 0.0000  max mem: 5880
      ITM Evaluation: [ 600/6156]  eta: 0:03:03    time: 0.0325  data: 0.0000  max mem: 5880
      ITM Evaluation: [ 700/6156]  eta: 0:03:00    time: 0.0327  data: 0.0000  max mem: 5880
      ITM Evaluation: [ 800/6156]  eta: 0:02:59    time: 0.0370  data: 0.0000  max mem: 5880
      ITM Evaluation: [ 900/6156]  eta: 0:02:58    time: 0.0354  data: 0.0000  max mem: 5880
      ITM Evaluation: [1000/6156]  eta: 0:02:55    time: 0.0333  data: 0.0000  max mem: 5880
      ITM Evaluation: [1100/6156]  eta: 0:02:51    time: 0.0341  data: 0.0000  max mem: 5880
      ITM Evaluation: [1200/6156]  eta: 0:02:48    time: 0.0353  data: 0.0000  max mem: 5880
      ITM Evaluation: [1300/6156]  eta: 0:02:45    time: 0.0348  data: 0.0000  max mem: 5880
      ITM Evaluation: [1400/6156]  eta: 0:02:42    time: 0.0348  data: 0.0000  max mem: 5880
      ITM Evaluation: [1500/6156]  eta: 0:02:38    time: 0.0327  data: 0.0000  max mem: 5880
      ITM Evaluation: [1600/6156]  eta: 0:02:34    time: 0.0327  data: 0.0000  max mem: 5880
      ITM Evaluation: [1700/6156]  eta: 0:02:31    time: 0.0329  data: 0.0000  max mem: 5880
      ITM Evaluation: [1800/6156]  eta: 0:02:27    time: 0.0346  data: 0.0000  max mem: 5880
      ITM Evaluation: [1900/6156]  eta: 0:02:24    time: 0.0352  data: 0.0000  max mem: 5880
      ITM Evaluation: [2000/6156]  eta: 0:02:21    time: 0.0350  data: 0.0000  max mem: 5880
      ITM Evaluation: [2100/6156]  eta: 0:02:18    time: 0.0353  data: 0.0000  max mem: 5880
      ITM Evaluation: [2200/6156]  eta: 0:02:14    time: 0.0345  data: 0.0000  max mem: 5880
      ITM Evaluation: [2300/6156]  eta: 0:02:11    time: 0.0330  data: 0.0000  max mem: 5880
      ITM Evaluation: [2400/6156]  eta: 0:02:07    time: 0.0324  data: 0.0000  max mem: 5880
      ITM Evaluation: [2500/6156]  eta: 0:02:04    time: 0.0337  data: 0.0000  max mem: 5880
      ITM Evaluation: [2600/6156]  eta: 0:02:00    time: 0.0328  data: 0.0000  max mem: 5880
      ITM Evaluation: [2700/6156]  eta: 0:01:57    time: 0.0323  data: 0.0000  max mem: 5880
      ITM Evaluation: [2800/6156]  eta: 0:01:53    time: 0.0330  data: 0.0000  max mem: 5880
      ITM Evaluation: [2900/6156]  eta: 0:01:50    time: 0.0361  data: 0.0000  max mem: 5880
      ITM Evaluation: [3000/6156]  eta: 0:01:47    time: 0.0350  data: 0.0000  max mem: 5880
      ITM Evaluation: [3100/6156]  eta: 0:01:43    time: 0.0340  data: 0.0000  max mem: 5880
      ITM Evaluation: [3200/6156]  eta: 0:01:40    time: 0.0336  data: 0.0000  max mem: 5880
      ITM Evaluation: [3300/6156]  eta: 0:01:36    time: 0.0352  data: 0.0000  max mem: 5880
      ITM Evaluation: [3400/6156]  eta: 0:01:33    time: 0.0359  data: 0.0000  max mem: 5880
      ITM Evaluation: [3500/6156]  eta: 0:01:30    time: 0.0337  data: 0.0000  max mem: 5880
      ITM Evaluation: [3600/6156]  eta: 0:01:26    time: 0.0327  data: 0.0000  max mem: 5880
      ITM Evaluation: [3700/6156]  eta: 0:01:23    time: 0.0332  data: 0.0000  max mem: 5880
      ITM Evaluation: [3800/6156]  eta: 0:01:19    time: 0.0336  data: 0.0000  max mem: 5880
      ITM Evaluation: [3900/6156]  eta: 0:01:16    time: 0.0332  data: 0.0000  max mem: 5880
      ITM Evaluation: [4000/6156]  eta: 0:01:13    time: 0.0362  data: 0.0000  max mem: 5880
      ITM Evaluation: [4100/6156]  eta: 0:01:09    time: 0.0340  data: 0.0000  max mem: 5880
      ITM Evaluation: [4200/6156]  eta: 0:01:06    time: 0.0337  data: 0.0000  max mem: 5880
      ITM Evaluation: [4300/6156]  eta: 0:01:02    time: 0.0327  data: 0.0000  max mem: 5880
      ITM Evaluation: [4400/6156]  eta: 0:00:59    time: 0.0332  data: 0.0000  max mem: 5880
      ITM Evaluation: [4500/6156]  eta: 0:00:56    time: 0.0356  data: 0.0000  max mem: 5880
      ITM Evaluation: [4600/6156]  eta: 0:00:52    time: 0.0350  data: 0.0000  max mem: 5880
      ITM Evaluation: [4700/6156]  eta: 0:00:49    time: 0.0341  data: 0.0000  max mem: 5880
      ITM Evaluation: [4800/6156]  eta: 0:00:46    time: 0.0343  data: 0.0000  max mem: 5880
      ITM Evaluation: [4900/6156]  eta: 0:00:42    time: 0.0325  data: 0.0000  max mem: 5880
      ITM Evaluation: [5000/6156]  eta: 0:00:39    time: 0.0331  data: 0.0000  max mem: 5880
      ITM Evaluation: [5100/6156]  eta: 0:00:35    time: 0.0351  data: 0.0000  max mem: 5880
      ITM Evaluation: [5200/6156]  eta: 0:00:32    time: 0.0329  data: 0.0000  max mem: 5880
      ITM Evaluation: [5300/6156]  eta: 0:00:29    time: 0.0333  data: 0.0000  max mem: 5880
      ITM Evaluation: [5400/6156]  eta: 0:00:25    time: 0.0343  data: 0.0000  max mem: 5880
      ITM Evaluation: [5500/6156]  eta: 0:00:22    time: 0.0351  data: 0.0000  max mem: 5880
      ITM Evaluation: [5600/6156]  eta: 0:00:18    time: 0.0333  data: 0.0000  max mem: 5880
      ITM Evaluation: [5700/6156]  eta: 0:00:15    time: 0.0332  data: 0.0000  max mem: 5880
      ITM Evaluation: [5800/6156]  eta: 0:00:12    time: 0.0347  data: 0.0000  max mem: 5880
      ITM Evaluation: [5900/6156]  eta: 0:00:08    time: 0.0356  data: 0.0000  max mem: 5880
      ITM Evaluation: [6000/6156]  eta: 0:00:05    time: 0.0352  data: 0.0000  max mem: 5880
      ITM Evaluation: [6100/6156]  eta: 0:00:01    time: 0.0328  data: 0.0000  max mem: 5880
      ITM Evaluation: [6155/6156]  eta: 0:00:00    time: 0.0331  data: 0.0000  max mem: 5880
      ITM Evaluation: Total time: 0:03:28 (0.0339 s / it)
     total_time 208.96441221237183
     Computing matching score time 0:03:28
### TTA ITM Score: 
+-------+--------+--------+--------+--------+--------+
| epoch |   R1   |   R5   |  R10   |  mAP   |  mINP  |
+-------+--------+--------+--------+--------+--------+
|  -999 | 70.760 | 87.378 | 92.268 | 63.849 | 48.174 |
|  -999 | 76.170 | 89.457 | 93.600 | 65.570 | 47.372 |
|   0   | 70.533 | 88.775 | 92.788 | 63.228 | 46.439 |
|   1   | 68.486 | 88.369 | 92.576 | 61.531 | 44.327 |
|   2   | 66.780 | 88.320 | 92.625 | 60.569 | 43.879 |
+-------+--------+--------+--------+--------+--------+
     logs:  {'epo': 2, 'R1': 66.78, 'R5': 88.32, 'R10': 92.625, 'mAP': 60.569, 'mINP': 43.879, 'lr': 0.000185, 'entropy': 0.183333, 'loss': 2.761616}
      TTA Epoch: [3] [  0/384]  eta: 0:03:17  lr: 0.000182  entropy: 0.1595  loss: 2.7523  time: 0.5149  data: 0.4254  max mem: 5880
      TTA Epoch: [3] [100/384]  eta: 0:00:15  lr: 0.000180  entropy: 0.0935  loss: 2.7279  time: 0.0472  data: 0.0001  max mem: 5880
      TTA Epoch: [3] [200/384]  eta: 0:00:09  lr: 0.000178  entropy: 0.1979  loss: 2.7668  time: 0.0461  data: 0.0001  max mem: 5880
      TTA Epoch: [3] [300/384]  eta: 0:00:04  lr: 0.000176  entropy: 0.2361  loss: 2.7813  time: 0.0458  data: 0.0001  max mem: 5880
      TTA Epoch: [3] [383/384]  eta: 0:00:00  lr: 0.000175  entropy: 0.0847  loss: 2.7252  time: 0.0429  data: 0.0001  max mem: 5880
      TTA Epoch: [3] Total time: 0:00:18 (0.0486 s / it)
     Averaged stats: lr: 0.0002  entropy: 0.1668  loss: 2.7555
     itm tta time 0:00:18
     Computing matching score
      ITM Evaluation: [   0/6156]  eta: 0:03:49    time: 0.0373  data: 0.0057  max mem: 5880
      ITM Evaluation: [ 100/6156]  eta: 0:03:20    time: 0.0332  data: 0.0000  max mem: 5880
      ITM Evaluation: [ 200/6156]  eta: 0:03:17    time: 0.0336  data: 0.0000  max mem: 5880
      ITM Evaluation: [ 300/6156]  eta: 0:03:15    time: 0.0351  data: 0.0000  max mem: 5880
      ITM Evaluation: [ 400/6156]  eta: 0:03:15    time: 0.0360  data: 0.0000  max mem: 5880
      ITM Evaluation: [ 500/6156]  eta: 0:03:13    time: 0.0349  data: 0.0000  max mem: 5880
      ITM Evaluation: [ 600/6156]  eta: 0:03:09    time: 0.0326  data: 0.0000  max mem: 5880
      ITM Evaluation: [ 700/6156]  eta: 0:03:06    time: 0.0335  data: 0.0000  max mem: 5880
      ITM Evaluation: [ 800/6156]  eta: 0:03:03    time: 0.0332  data: 0.0000  max mem: 5880
      ITM Evaluation: [ 900/6156]  eta: 0:02:59    time: 0.0345  data: 0.0000  max mem: 5880
      ITM Evaluation: [1000/6156]  eta: 0:02:56    time: 0.0351  data: 0.0000  max mem: 5880
      ITM Evaluation: [1100/6156]  eta: 0:02:53    time: 0.0347  data: 0.0000  max mem: 5880
      ITM Evaluation: [1200/6156]  eta: 0:02:50    time: 0.0333  data: 0.0000  max mem: 5880
      ITM Evaluation: [1300/6156]  eta: 0:02:46    time: 0.0341  data: 0.0000  max mem: 5880
      ITM Evaluation: [1400/6156]  eta: 0:02:42    time: 0.0339  data: 0.0000  max mem: 5880
      ITM Evaluation: [1500/6156]  eta: 0:02:38    time: 0.0326  data: 0.0000  max mem: 5880
      ITM Evaluation: [1600/6156]  eta: 0:02:35    time: 0.0346  data: 0.0000  max mem: 5880
      ITM Evaluation: [1700/6156]  eta: 0:02:32    time: 0.0389  data: 0.0000  max mem: 5880
      ITM Evaluation: [1800/6156]  eta: 0:02:29    time: 0.0363  data: 0.0000  max mem: 5880
      ITM Evaluation: [1900/6156]  eta: 0:02:26    time: 0.0325  data: 0.0000  max mem: 5880
      ITM Evaluation: [2000/6156]  eta: 0:02:22    time: 0.0335  data: 0.0000  max mem: 5880
      ITM Evaluation: [2100/6156]  eta: 0:02:19    time: 0.0344  data: 0.0000  max mem: 5880
      ITM Evaluation: [2200/6156]  eta: 0:02:15    time: 0.0347  data: 0.0000  max mem: 5880
      ITM Evaluation: [2300/6156]  eta: 0:02:12    time: 0.0347  data: 0.0000  max mem: 5880
      ITM Evaluation: [2400/6156]  eta: 0:02:08    time: 0.0353  data: 0.0000  max mem: 5880
      ITM Evaluation: [2500/6156]  eta: 0:02:05    time: 0.0348  data: 0.0000  max mem: 5880
      ITM Evaluation: [2600/6156]  eta: 0:02:02    time: 0.0357  data: 0.0000  max mem: 5880
      ITM Evaluation: [2700/6156]  eta: 0:01:58    time: 0.0354  data: 0.0000  max mem: 5880
      ITM Evaluation: [2800/6156]  eta: 0:01:55    time: 0.0383  data: 0.0000  max mem: 5880
      ITM Evaluation: [2900/6156]  eta: 0:01:52    time: 0.0372  data: 0.0000  max mem: 5880
      ITM Evaluation: [3000/6156]  eta: 0:01:49    time: 0.0374  data: 0.0000  max mem: 5880
      ITM Evaluation: [3100/6156]  eta: 0:01:46    time: 0.0347  data: 0.0000  max mem: 5880
      ITM Evaluation: [3200/6156]  eta: 0:01:42    time: 0.0347  data: 0.0000  max mem: 5880
      ITM Evaluation: [3300/6156]  eta: 0:01:39    time: 0.0346  data: 0.0000  max mem: 5880
      ITM Evaluation: [3400/6156]  eta: 0:01:35    time: 0.0344  data: 0.0000  max mem: 5880
      ITM Evaluation: [3500/6156]  eta: 0:01:32    time: 0.0349  data: 0.0000  max mem: 5880
      ITM Evaluation: [3600/6156]  eta: 0:01:28    time: 0.0356  data: 0.0000  max mem: 5880
      ITM Evaluation: [3700/6156]  eta: 0:01:25    time: 0.0344  data: 0.0000  max mem: 5880
      ITM Evaluation: [3800/6156]  eta: 0:01:21    time: 0.0356  data: 0.0000  max mem: 5880
      ITM Evaluation: [3900/6156]  eta: 0:01:18    time: 0.0351  data: 0.0000  max mem: 5880
      ITM Evaluation: [4000/6156]  eta: 0:01:15    time: 0.0367  data: 0.0000  max mem: 5880
      ITM Evaluation: [4100/6156]  eta: 0:01:11    time: 0.0371  data: 0.0000  max mem: 5880
      ITM Evaluation: [4200/6156]  eta: 0:01:08    time: 0.0358  data: 0.0000  max mem: 5880
      ITM Evaluation: [4300/6156]  eta: 0:01:04    time: 0.0351  data: 0.0000  max mem: 5880
      ITM Evaluation: [4400/6156]  eta: 0:01:01    time: 0.0344  data: 0.0000  max mem: 5880
      ITM Evaluation: [4500/6156]  eta: 0:00:57    time: 0.0339  data: 0.0000  max mem: 5880
      ITM Evaluation: [4600/6156]  eta: 0:00:54    time: 0.0350  data: 0.0000  max mem: 5880
      ITM Evaluation: [4700/6156]  eta: 0:00:50    time: 0.0357  data: 0.0000  max mem: 5880
      ITM Evaluation: [4800/6156]  eta: 0:00:47    time: 0.0350  data: 0.0000  max mem: 5880
      ITM Evaluation: [4900/6156]  eta: 0:00:43    time: 0.0372  data: 0.0000  max mem: 5880
      ITM Evaluation: [5000/6156]  eta: 0:00:40    time: 0.0366  data: 0.0000  max mem: 5880
      ITM Evaluation: [5100/6156]  eta: 0:00:36    time: 0.0345  data: 0.0000  max mem: 5880
      ITM Evaluation: [5200/6156]  eta: 0:00:33    time: 0.0382  data: 0.0000  max mem: 5880
      ITM Evaluation: [5300/6156]  eta: 0:00:29    time: 0.0373  data: 0.0000  max mem: 5880
      ITM Evaluation: [5400/6156]  eta: 0:00:26    time: 0.0361  data: 0.0000  max mem: 5880
      ITM Evaluation: [5500/6156]  eta: 0:00:22    time: 0.0345  data: 0.0000  max mem: 5880
      ITM Evaluation: [5600/6156]  eta: 0:00:19    time: 0.0361  data: 0.0000  max mem: 5880
      ITM Evaluation: [5700/6156]  eta: 0:00:16    time: 0.0369  data: 0.0000  max mem: 5880
      ITM Evaluation: [5800/6156]  eta: 0:00:12    time: 0.0363  data: 0.0000  max mem: 5880
      ITM Evaluation: [5900/6156]  eta: 0:00:08    time: 0.0363  data: 0.0000  max mem: 5880
      ITM Evaluation: [6000/6156]  eta: 0:00:05    time: 0.0362  data: 0.0000  max mem: 5880
      ITM Evaluation: [6100/6156]  eta: 0:00:01    time: 0.0355  data: 0.0000  max mem: 5880
      ITM Evaluation: [6155/6156]  eta: 0:00:00    time: 0.0350  data: 0.0000  max mem: 5880
      ITM Evaluation: Total time: 0:03:36 (0.0352 s / it)
     total_time 216.76839089393616
     Computing matching score time 0:03:36
### TTA ITM Score: 
+-------+--------+--------+--------+--------+--------+
| epoch |   R1   |   R5   |  R10   |  mAP   |  mINP  |
+-------+--------+--------+--------+--------+--------+
|  -999 | 70.760 | 87.378 | 92.268 | 63.849 | 48.174 |
|  -999 | 76.170 | 89.457 | 93.600 | 65.570 | 47.372 |
|   0   | 70.533 | 88.775 | 92.788 | 63.228 | 46.439 |
|   1   | 68.486 | 88.369 | 92.576 | 61.531 | 44.327 |
|   2   | 66.780 | 88.320 | 92.625 | 60.569 | 43.879 |
|   3   | 64.084 | 87.427 | 92.008 | 58.508 | 41.216 |
+-------+--------+--------+--------+--------+--------+
     logs:  {'epo': 3, 'R1': 64.084, 'R5': 87.427, 'R10': 92.008, 'mAP': 58.508, 'mINP': 41.216, 'lr': 0.000178, 'entropy': 0.166762, 'loss': 2.755464}
      TTA Epoch: [4] [  0/384]  eta: 0:03:19  lr: 0.000175  entropy: 0.1790  loss: 2.7600  time: 0.5201  data: 0.4044  max mem: 5880
      TTA Epoch: [4] [100/384]  eta: 0:00:16  lr: 0.000173  entropy: 0.2465  loss: 2.7851  time: 0.0634  data: 0.0001  max mem: 5880
      TTA Epoch: [4] [200/384]  eta: 0:00:11  lr: 0.000171  entropy: 0.3491  loss: 2.8234  time: 0.0609  data: 0.0002  max mem: 5880
      TTA Epoch: [4] [300/384]  eta: 0:00:04  lr: 0.000170  entropy: 0.1248  loss: 2.7403  time: 0.0529  data: 0.0001  max mem: 5880
      TTA Epoch: [4] [383/384]  eta: 0:00:00  lr: 0.000168  entropy: 0.1834  loss: 2.7618  time: 0.0467  data: 0.0002  max mem: 5880
      TTA Epoch: [4] Total time: 0:00:22 (0.0574 s / it)
     Averaged stats: lr: 0.0002  entropy: 0.1588  loss: 2.7525
     itm tta time 0:00:22
     Computing matching score
      ITM Evaluation: [   0/6156]  eta: 0:04:31    time: 0.0442  data: 0.0078  max mem: 5880
      ITM Evaluation: [ 100/6156]  eta: 0:03:34    time: 0.0355  data: 0.0000  max mem: 5880
      ITM Evaluation: [ 200/6156]  eta: 0:03:34    time: 0.0359  data: 0.0000  max mem: 5880
      ITM Evaluation: [ 300/6156]  eta: 0:03:32    time: 0.0356  data: 0.0000  max mem: 5880
      ITM Evaluation: [ 400/6156]  eta: 0:03:28    time: 0.0369  data: 0.0000  max mem: 5880
      ITM Evaluation: [ 500/6156]  eta: 0:03:24    time: 0.0360  data: 0.0000  max mem: 5880
      ITM Evaluation: [ 600/6156]  eta: 0:03:19    time: 0.0352  data: 0.0000  max mem: 5880
      ITM Evaluation: [ 700/6156]  eta: 0:03:16    time: 0.0364  data: 0.0000  max mem: 5880
      ITM Evaluation: [ 800/6156]  eta: 0:03:13    time: 0.0367  data: 0.0000  max mem: 5880
      ITM Evaluation: [ 900/6156]  eta: 0:03:10    time: 0.0381  data: 0.0000  max mem: 5880
      ITM Evaluation: [1000/6156]  eta: 0:03:07    time: 0.0372  data: 0.0000  max mem: 5880
      ITM Evaluation: [1100/6156]  eta: 0:03:03    time: 0.0359  data: 0.0000  max mem: 5880
      ITM Evaluation: [1200/6156]  eta: 0:03:01    time: 0.0394  data: 0.0000  max mem: 5880
      ITM Evaluation: [1300/6156]  eta: 0:02:57    time: 0.0363  data: 0.0000  max mem: 5880
      ITM Evaluation: [1400/6156]  eta: 0:02:53    time: 0.0378  data: 0.0000  max mem: 5880
      ITM Evaluation: [1500/6156]  eta: 0:02:50    time: 0.0378  data: 0.0000  max mem: 5880
      ITM Evaluation: [1600/6156]  eta: 0:02:46    time: 0.0357  data: 0.0000  max mem: 5880
      ITM Evaluation: [1700/6156]  eta: 0:02:42    time: 0.0362  data: 0.0000  max mem: 5880
      ITM Evaluation: [1800/6156]  eta: 0:02:39    time: 0.0364  data: 0.0000  max mem: 5880
      ITM Evaluation: [1900/6156]  eta: 0:02:35    time: 0.0363  data: 0.0000  max mem: 5880
      ITM Evaluation: [2000/6156]  eta: 0:02:31    time: 0.0352  data: 0.0000  max mem: 5880
      ITM Evaluation: [2100/6156]  eta: 0:02:27    time: 0.0358  data: 0.0000  max mem: 5880
      ITM Evaluation: [2200/6156]  eta: 0:02:24    time: 0.0367  data: 0.0000  max mem: 5880
      ITM Evaluation: [2300/6156]  eta: 0:02:20    time: 0.0379  data: 0.0000  max mem: 5880
      ITM Evaluation: [2400/6156]  eta: 0:02:17    time: 0.0367  data: 0.0000  max mem: 5880
      ITM Evaluation: [2500/6156]  eta: 0:02:13    time: 0.0347  data: 0.0000  max mem: 5880
      ITM Evaluation: [2600/6156]  eta: 0:02:09    time: 0.0359  data: 0.0000  max mem: 5880
      ITM Evaluation: [2700/6156]  eta: 0:02:05    time: 0.0349  data: 0.0000  max mem: 5880
      ITM Evaluation: [2800/6156]  eta: 0:02:01    time: 0.0343  data: 0.0000  max mem: 5880
      ITM Evaluation: [2900/6156]  eta: 0:01:58    time: 0.0345  data: 0.0000  max mem: 5880
      ITM Evaluation: [3000/6156]  eta: 0:01:54    time: 0.0357  data: 0.0000  max mem: 5880
      ITM Evaluation: [3100/6156]  eta: 0:01:50    time: 0.0349  data: 0.0000  max mem: 5880
      ITM Evaluation: [3200/6156]  eta: 0:01:46    time: 0.0357  data: 0.0000  max mem: 5880
      ITM Evaluation: [3300/6156]  eta: 0:01:43    time: 0.0387  data: 0.0000  max mem: 5880
      ITM Evaluation: [3400/6156]  eta: 0:01:39    time: 0.0369  data: 0.0000  max mem: 5880
      ITM Evaluation: [3500/6156]  eta: 0:01:36    time: 0.0379  data: 0.0000  max mem: 5880
      ITM Evaluation: [3600/6156]  eta: 0:01:32    time: 0.0370  data: 0.0000  max mem: 5880
      ITM Evaluation: [3700/6156]  eta: 0:01:29    time: 0.0350  data: 0.0000  max mem: 5880
      ITM Evaluation: [3800/6156]  eta: 0:01:25    time: 0.0356  data: 0.0000  max mem: 5880
      ITM Evaluation: [3900/6156]  eta: 0:01:21    time: 0.0336  data: 0.0000  max mem: 5880
      ITM Evaluation: [4000/6156]  eta: 0:01:17    time: 0.0337  data: 0.0000  max mem: 5880
      ITM Evaluation: [4100/6156]  eta: 0:01:14    time: 0.0338  data: 0.0000  max mem: 5880
      ITM Evaluation: [4200/6156]  eta: 0:01:10    time: 0.0342  data: 0.0000  max mem: 5880
      ITM Evaluation: [4300/6156]  eta: 0:01:06    time: 0.0394  data: 0.0000  max mem: 5880
      ITM Evaluation: [4400/6156]  eta: 0:01:03    time: 0.0361  data: 0.0000  max mem: 5880
      ITM Evaluation: [4500/6156]  eta: 0:00:59    time: 0.0346  data: 0.0000  max mem: 5880
      ITM Evaluation: [4600/6156]  eta: 0:00:56    time: 0.0376  data: 0.0000  max mem: 5880
      ITM Evaluation: [4700/6156]  eta: 0:00:52    time: 0.0371  data: 0.0000  max mem: 5880
      ITM Evaluation: [4800/6156]  eta: 0:00:48    time: 0.0390  data: 0.0000  max mem: 5880
      ITM Evaluation: [4900/6156]  eta: 0:00:45    time: 0.0340  data: 0.0000  max mem: 5880
      ITM Evaluation: [5000/6156]  eta: 0:00:41    time: 0.0334  data: 0.0000  max mem: 5880
      ITM Evaluation: [5100/6156]  eta: 0:00:37    time: 0.0336  data: 0.0000  max mem: 5880
      ITM Evaluation: [5200/6156]  eta: 0:00:34    time: 0.0344  data: 0.0000  max mem: 5880
      ITM Evaluation: [5300/6156]  eta: 0:00:30    time: 0.0339  data: 0.0000  max mem: 5880
      ITM Evaluation: [5400/6156]  eta: 0:00:27    time: 0.0344  data: 0.0000  max mem: 5880
      ITM Evaluation: [5500/6156]  eta: 0:00:23    time: 0.0366  data: 0.0000  max mem: 5880
      ITM Evaluation: [5600/6156]  eta: 0:00:19    time: 0.0346  data: 0.0000  max mem: 5880
      ITM Evaluation: [5700/6156]  eta: 0:00:16    time: 0.0343  data: 0.0000  max mem: 5880
      ITM Evaluation: [5800/6156]  eta: 0:00:12    time: 0.0356  data: 0.0000  max mem: 5880
      ITM Evaluation: [5900/6156]  eta: 0:00:09    time: 0.0366  data: 0.0000  max mem: 5880
      ITM Evaluation: [6000/6156]  eta: 0:00:05    time: 0.0355  data: 0.0000  max mem: 5880
      ITM Evaluation: [6100/6156]  eta: 0:00:02    time: 0.0341  data: 0.0000  max mem: 5880
      ITM Evaluation: [6155/6156]  eta: 0:00:00    time: 0.0345  data: 0.0000  max mem: 5880
      ITM Evaluation: Total time: 0:03:40 (0.0358 s / it)
     total_time 220.48952341079712
     Computing matching score time 0:03:40
### TTA ITM Score: 
+-------+--------+--------+--------+--------+--------+
| epoch |   R1   |   R5   |  R10   |  mAP   |  mINP  |
+-------+--------+--------+--------+--------+--------+
|  -999 | 70.760 | 87.378 | 92.268 | 63.849 | 48.174 |
|  -999 | 76.170 | 89.457 | 93.600 | 65.570 | 47.372 |
|   0   | 70.533 | 88.775 | 92.788 | 63.228 | 46.439 |
|   1   | 68.486 | 88.369 | 92.576 | 61.531 | 44.327 |
|   2   | 66.780 | 88.320 | 92.625 | 60.569 | 43.879 |
|   3   | 64.084 | 87.427 | 92.008 | 58.508 | 41.216 |
|   4   | 62.086 | 87.281 | 92.479 | 57.892 | 41.793 |
+-------+--------+--------+--------+--------+--------+
     logs:  {'epo': 4, 'R1': 62.086, 'R5': 87.281, 'R10': 92.479, 'mAP': 57.892, 'mINP': 41.793, 'lr': 0.000172, 'entropy': 0.158752, 'loss': 2.752493}
      TTA Epoch: [5] [  0/384]  eta: 0:03:25  lr: 0.000168  entropy: 0.0592  loss: 2.7159  time: 0.5343  data: 0.4194  max mem: 5880
      TTA Epoch: [5] [100/384]  eta: 0:00:15  lr: 0.000166  entropy: 0.1902  loss: 2.7646  time: 0.0485  data: 0.0001  max mem: 5880
      TTA Epoch: [5] [200/384]  eta: 0:00:09  lr: 0.000165  entropy: 0.1356  loss: 2.7443  time: 0.0469  data: 0.0001  max mem: 5880
      TTA Epoch: [5] [300/384]  eta: 0:00:04  lr: 0.000163  entropy: 0.2501  loss: 2.7866  time: 0.0584  data: 0.0001  max mem: 5880
      TTA Epoch: [5] [383/384]  eta: 0:00:00  lr: 0.000162  entropy: 0.1718  loss: 2.7574  time: 0.0422  data: 0.0001  max mem: 5880
      TTA Epoch: [5] Total time: 0:00:19 (0.0497 s / it)
     Averaged stats: lr: 0.0002  entropy: 0.1573  loss: 2.7520
     itm tta time 0:00:19
     Computing matching score
      ITM Evaluation: [   0/6156]  eta: 0:05:09    time: 0.0503  data: 0.0107  max mem: 5880
      ITM Evaluation: [ 100/6156]  eta: 0:03:23    time: 0.0338  data: 0.0000  max mem: 5880
      ITM Evaluation: [ 200/6156]  eta: 0:03:19    time: 0.0331  data: 0.0000  max mem: 5880
      ITM Evaluation: [ 300/6156]  eta: 0:03:19    time: 0.0363  data: 0.0000  max mem: 5880
      ITM Evaluation: [ 400/6156]  eta: 0:03:17    time: 0.0355  data: 0.0000  max mem: 5880
      ITM Evaluation: [ 500/6156]  eta: 0:03:15    time: 0.0347  data: 0.0000  max mem: 5880
      ITM Evaluation: [ 600/6156]  eta: 0:03:11    time: 0.0346  data: 0.0000  max mem: 5880
      ITM Evaluation: [ 700/6156]  eta: 0:03:07    time: 0.0336  data: 0.0000  max mem: 5880
      ITM Evaluation: [ 800/6156]  eta: 0:03:03    time: 0.0332  data: 0.0000  max mem: 5880
      ITM Evaluation: [ 900/6156]  eta: 0:02:59    time: 0.0360  data: 0.0000  max mem: 5880
      ITM Evaluation: [1000/6156]  eta: 0:02:56    time: 0.0335  data: 0.0000  max mem: 5880
      ITM Evaluation: [1100/6156]  eta: 0:02:52    time: 0.0328  data: 0.0000  max mem: 5880
      ITM Evaluation: [1200/6156]  eta: 0:02:48    time: 0.0341  data: 0.0000  max mem: 5880
      ITM Evaluation: [1300/6156]  eta: 0:02:45    time: 0.0350  data: 0.0000  max mem: 5880
      ITM Evaluation: [1400/6156]  eta: 0:02:42    time: 0.0337  data: 0.0000  max mem: 5880
      ITM Evaluation: [1500/6156]  eta: 0:02:38    time: 0.0332  data: 0.0000  max mem: 5880
      ITM Evaluation: [1600/6156]  eta: 0:02:35    time: 0.0361  data: 0.0000  max mem: 5880
      ITM Evaluation: [1700/6156]  eta: 0:02:33    time: 0.0476  data: 0.0000  max mem: 5880
      ITM Evaluation: [1800/6156]  eta: 0:02:29    time: 0.0324  data: 0.0000  max mem: 5880
      ITM Evaluation: [1900/6156]  eta: 0:02:25    time: 0.0325  data: 0.0000  max mem: 5880
      ITM Evaluation: [2000/6156]  eta: 0:02:22    time: 0.0330  data: 0.0000  max mem: 5880
      ITM Evaluation: [2100/6156]  eta: 0:02:18    time: 0.0314  data: 0.0000  max mem: 5880
      ITM Evaluation: [2200/6156]  eta: 0:02:14    time: 0.0318  data: 0.0000  max mem: 5880
      ITM Evaluation: [2300/6156]  eta: 0:02:10    time: 0.0310  data: 0.0000  max mem: 5880
      ITM Evaluation: [2400/6156]  eta: 0:02:06    time: 0.0312  data: 0.0000  max mem: 5880
      ITM Evaluation: [2500/6156]  eta: 0:02:02    time: 0.0314  data: 0.0000  max mem: 5880
      ITM Evaluation: [2600/6156]  eta: 0:01:59    time: 0.0315  data: 0.0000  max mem: 5880
      ITM Evaluation: [2700/6156]  eta: 0:01:55    time: 0.0320  data: 0.0000  max mem: 5880
      ITM Evaluation: [2800/6156]  eta: 0:01:52    time: 0.0316  data: 0.0000  max mem: 5880
      ITM Evaluation: [2900/6156]  eta: 0:01:49    time: 0.0328  data: 0.0000  max mem: 5880
      ITM Evaluation: [3000/6156]  eta: 0:01:45    time: 0.0315  data: 0.0000  max mem: 5880
      ITM Evaluation: [3100/6156]  eta: 0:01:42    time: 0.0325  data: 0.0000  max mem: 5880
      ITM Evaluation: [3200/6156]  eta: 0:01:38    time: 0.0325  data: 0.0000  max mem: 5880
      ITM Evaluation: [3300/6156]  eta: 0:01:35    time: 0.0314  data: 0.0000  max mem: 5880
      ITM Evaluation: [3400/6156]  eta: 0:01:31    time: 0.0314  data: 0.0000  max mem: 5880
      ITM Evaluation: [3500/6156]  eta: 0:01:28    time: 0.0436  data: 0.0000  max mem: 5880
      ITM Evaluation: [3600/6156]  eta: 0:01:25    time: 0.0333  data: 0.0000  max mem: 5880
      ITM Evaluation: [3700/6156]  eta: 0:01:21    time: 0.0328  data: 0.0000  max mem: 5880
      ITM Evaluation: [3800/6156]  eta: 0:01:18    time: 0.0336  data: 0.0000  max mem: 5880
      ITM Evaluation: [3900/6156]  eta: 0:01:15    time: 0.0332  data: 0.0000  max mem: 5880
      ITM Evaluation: [4000/6156]  eta: 0:01:11    time: 0.0329  data: 0.0000  max mem: 5880
      ITM Evaluation: [4100/6156]  eta: 0:01:08    time: 0.0327  data: 0.0000  max mem: 5880
      ITM Evaluation: [4200/6156]  eta: 0:01:05    time: 0.0327  data: 0.0000  max mem: 5880
      ITM Evaluation: [4300/6156]  eta: 0:01:01    time: 0.0338  data: 0.0000  max mem: 5880
      ITM Evaluation: [4400/6156]  eta: 0:00:58    time: 0.0339  data: 0.0000  max mem: 5880
      ITM Evaluation: [4500/6156]  eta: 0:00:55    time: 0.0361  data: 0.0000  max mem: 5880
      ITM Evaluation: [4600/6156]  eta: 0:00:51    time: 0.0342  data: 0.0000  max mem: 5880
      ITM Evaluation: [4700/6156]  eta: 0:00:48    time: 0.0323  data: 0.0000  max mem: 5880
      ITM Evaluation: [4800/6156]  eta: 0:00:45    time: 0.0324  data: 0.0000  max mem: 5880
      ITM Evaluation: [4900/6156]  eta: 0:00:41    time: 0.0322  data: 0.0000  max mem: 5880
      ITM Evaluation: [5000/6156]  eta: 0:00:38    time: 0.0324  data: 0.0000  max mem: 5880
      ITM Evaluation: [5100/6156]  eta: 0:00:35    time: 0.0326  data: 0.0000  max mem: 5880
      ITM Evaluation: [5200/6156]  eta: 0:00:31    time: 0.0326  data: 0.0000  max mem: 5880
      ITM Evaluation: [5300/6156]  eta: 0:00:28    time: 0.0324  data: 0.0000  max mem: 5880
      ITM Evaluation: [5400/6156]  eta: 0:00:25    time: 0.0326  data: 0.0000  max mem: 5880
      ITM Evaluation: [5500/6156]  eta: 0:00:21    time: 0.0326  data: 0.0000  max mem: 5880
      ITM Evaluation: [5600/6156]  eta: 0:00:18    time: 0.0332  data: 0.0000  max mem: 5880
      ITM Evaluation: [5700/6156]  eta: 0:00:15    time: 0.0329  data: 0.0000  max mem: 5880
      ITM Evaluation: [5800/6156]  eta: 0:00:11    time: 0.0333  data: 0.0000  max mem: 5880
      ITM Evaluation: [5900/6156]  eta: 0:00:08    time: 0.0322  data: 0.0000  max mem: 5880
      ITM Evaluation: [6000/6156]  eta: 0:00:05    time: 0.0326  data: 0.0000  max mem: 5880
      ITM Evaluation: [6100/6156]  eta: 0:00:01    time: 0.0317  data: 0.0000  max mem: 5880
      ITM Evaluation: [6155/6156]  eta: 0:00:00    time: 0.0317  data: 0.0000  max mem: 5880
      ITM Evaluation: Total time: 0:03:24 (0.0332 s / it)
     total_time 204.4124298095703
     Computing matching score time 0:03:24
### TTA ITM Score: 
+-------+--------+--------+--------+--------+--------+
| epoch |   R1   |   R5   |  R10   |  mAP   |  mINP  |
+-------+--------+--------+--------+--------+--------+
|  -999 | 70.760 | 87.378 | 92.268 | 63.849 | 48.174 |
|  -999 | 76.170 | 89.457 | 93.600 | 65.570 | 47.372 |
|   0   | 70.533 | 88.775 | 92.788 | 63.228 | 46.439 |
|   1   | 68.486 | 88.369 | 92.576 | 61.531 | 44.327 |
|   2   | 66.780 | 88.320 | 92.625 | 60.569 | 43.879 |
|   3   | 64.084 | 87.427 | 92.008 | 58.508 | 41.216 |
|   4   | 62.086 | 87.281 | 92.479 | 57.892 | 41.793 |
|   5   | 62.313 | 87.216 | 92.528 | 58.108 | 42.017 |
+-------+--------+--------+--------+--------+--------+
     logs:  {'epo': 5, 'R1': 62.313, 'R5': 87.216, 'R10': 92.528, 'mAP': 58.108, 'mINP': 42.017, 'lr': 0.000165, 'entropy': 0.157302, 'loss': 2.751953}
      TTA Epoch: [6] [  0/384]  eta: 0:03:02  lr: 0.000162  entropy: 0.0582  loss: 2.7155  time: 0.4746  data: 0.3700  max mem: 5880
      TTA Epoch: [6] [100/384]  eta: 0:00:13  lr: 0.000160  entropy: 0.1559  loss: 2.7514  time: 0.0445  data: 0.0001  max mem: 5880
      TTA Epoch: [6] [200/384]  eta: 0:00:08  lr: 0.000158  entropy: 0.3003  loss: 2.8050  time: 0.0480  data: 0.0001  max mem: 5880
      TTA Epoch: [6] [300/384]  eta: 0:00:03  lr: 0.000156  entropy: 0.0736  loss: 2.7210  time: 0.0427  data: 0.0001  max mem: 5880
      TTA Epoch: [6] [383/384]  eta: 0:00:00  lr: 0.000155  entropy: 0.1172  loss: 2.7370  time: 0.0434  data: 0.0001  max mem: 5880
      TTA Epoch: [6] Total time: 0:00:18 (0.0471 s / it)
     Averaged stats: lr: 0.0002  entropy: 0.1518  loss: 2.7499
     itm tta time 0:00:18
     Computing matching score
      ITM Evaluation: [   0/6156]  eta: 0:05:07    time: 0.0499  data: 0.0072  max mem: 5880
      ITM Evaluation: [ 100/6156]  eta: 0:03:38    time: 0.0355  data: 0.0000  max mem: 5880
      ITM Evaluation: [ 200/6156]  eta: 0:03:37    time: 0.0377  data: 0.0000  max mem: 5880
      ITM Evaluation: [ 300/6156]  eta: 0:03:32    time: 0.0352  data: 0.0000  max mem: 5880
      ITM Evaluation: [ 400/6156]  eta: 0:03:25    time: 0.0343  data: 0.0000  max mem: 5880
      ITM Evaluation: [ 500/6156]  eta: 0:03:20    time: 0.0335  data: 0.0000  max mem: 5880
      ITM Evaluation: [ 600/6156]  eta: 0:03:15    time: 0.0347  data: 0.0000  max mem: 5880
      ITM Evaluation: [ 700/6156]  eta: 0:03:11    time: 0.0344  data: 0.0000  max mem: 5880
      ITM Evaluation: [ 800/6156]  eta: 0:03:08    time: 0.0344  data: 0.0000  max mem: 5880
      ITM Evaluation: [ 900/6156]  eta: 0:03:04    time: 0.0336  data: 0.0000  max mem: 5880
      ITM Evaluation: [1000/6156]  eta: 0:03:00    time: 0.0337  data: 0.0000  max mem: 5880
      ITM Evaluation: [1100/6156]  eta: 0:02:56    time: 0.0339  data: 0.0000  max mem: 5880
      ITM Evaluation: [1200/6156]  eta: 0:02:52    time: 0.0346  data: 0.0000  max mem: 5880
      ITM Evaluation: [1300/6156]  eta: 0:02:49    time: 0.0365  data: 0.0000  max mem: 5880
      ITM Evaluation: [1400/6156]  eta: 0:02:46    time: 0.0353  data: 0.0000  max mem: 5880
      ITM Evaluation: [1500/6156]  eta: 0:02:42    time: 0.0364  data: 0.0000  max mem: 5880
      ITM Evaluation: [1600/6156]  eta: 0:02:39    time: 0.0343  data: 0.0000  max mem: 5880
      ITM Evaluation: [1700/6156]  eta: 0:02:35    time: 0.0344  data: 0.0000  max mem: 5880
      ITM Evaluation: [1800/6156]  eta: 0:02:32    time: 0.0358  data: 0.0000  max mem: 5880
      ITM Evaluation: [1900/6156]  eta: 0:02:29    time: 0.0373  data: 0.0000  max mem: 5880
      ITM Evaluation: [2000/6156]  eta: 0:02:25    time: 0.0342  data: 0.0000  max mem: 5880
      ITM Evaluation: [2100/6156]  eta: 0:02:21    time: 0.0347  data: 0.0000  max mem: 5880
      ITM Evaluation: [2200/6156]  eta: 0:02:18    time: 0.0354  data: 0.0000  max mem: 5880
      ITM Evaluation: [2300/6156]  eta: 0:02:14    time: 0.0348  data: 0.0000  max mem: 5880
      ITM Evaluation: [2400/6156]  eta: 0:02:11    time: 0.0347  data: 0.0000  max mem: 5880
      ITM Evaluation: [2500/6156]  eta: 0:02:07    time: 0.0365  data: 0.0000  max mem: 5880
      ITM Evaluation: [2600/6156]  eta: 0:02:04    time: 0.0358  data: 0.0000  max mem: 5880
      ITM Evaluation: [2700/6156]  eta: 0:02:01    time: 0.0364  data: 0.0000  max mem: 5880
      ITM Evaluation: [2800/6156]  eta: 0:01:57    time: 0.0340  data: 0.0000  max mem: 5880
      ITM Evaluation: [2900/6156]  eta: 0:01:53    time: 0.0343  data: 0.0000  max mem: 5880
      ITM Evaluation: [3000/6156]  eta: 0:01:50    time: 0.0335  data: 0.0000  max mem: 5880
      ITM Evaluation: [3100/6156]  eta: 0:01:46    time: 0.0337  data: 0.0000  max mem: 5880
      ITM Evaluation: [3200/6156]  eta: 0:01:43    time: 0.0337  data: 0.0000  max mem: 5880
      ITM Evaluation: [3300/6156]  eta: 0:01:39    time: 0.0331  data: 0.0000  max mem: 5880
      ITM Evaluation: [3400/6156]  eta: 0:01:35    time: 0.0332  data: 0.0000  max mem: 5880
      ITM Evaluation: [3500/6156]  eta: 0:01:32    time: 0.0353  data: 0.0000  max mem: 5880
      ITM Evaluation: [3600/6156]  eta: 0:01:29    time: 0.0335  data: 0.0000  max mem: 5880
      ITM Evaluation: [3700/6156]  eta: 0:01:25    time: 0.0333  data: 0.0000  max mem: 5880
      ITM Evaluation: [3800/6156]  eta: 0:01:22    time: 0.0366  data: 0.0000  max mem: 5880
      ITM Evaluation: [3900/6156]  eta: 0:01:18    time: 0.0385  data: 0.0000  max mem: 5880
      ITM Evaluation: [4000/6156]  eta: 0:01:15    time: 0.0368  data: 0.0000  max mem: 5880
      ITM Evaluation: [4100/6156]  eta: 0:01:11    time: 0.0333  data: 0.0000  max mem: 5880
      ITM Evaluation: [4200/6156]  eta: 0:01:08    time: 0.0334  data: 0.0000  max mem: 5880
      ITM Evaluation: [4300/6156]  eta: 0:01:04    time: 0.0340  data: 0.0000  max mem: 5880
      ITM Evaluation: [4400/6156]  eta: 0:01:01    time: 0.0349  data: 0.0000  max mem: 5880
      ITM Evaluation: [4500/6156]  eta: 0:00:57    time: 0.0342  data: 0.0000  max mem: 5880
      ITM Evaluation: [4600/6156]  eta: 0:00:54    time: 0.0339  data: 0.0000  max mem: 5880
      ITM Evaluation: [4700/6156]  eta: 0:00:50    time: 0.0345  data: 0.0000  max mem: 5880
      ITM Evaluation: [4800/6156]  eta: 0:00:47    time: 0.0335  data: 0.0000  max mem: 5880
      ITM Evaluation: [4900/6156]  eta: 0:00:43    time: 0.0335  data: 0.0000  max mem: 5880
      ITM Evaluation: [5000/6156]  eta: 0:00:40    time: 0.0376  data: 0.0000  max mem: 5880
      ITM Evaluation: [5100/6156]  eta: 0:00:36    time: 0.0374  data: 0.0000  max mem: 5880
      ITM Evaluation: [5200/6156]  eta: 0:00:33    time: 0.0378  data: 0.0000  max mem: 5880
      ITM Evaluation: [5300/6156]  eta: 0:00:29    time: 0.0347  data: 0.0000  max mem: 5880
      ITM Evaluation: [5400/6156]  eta: 0:00:26    time: 0.0338  data: 0.0000  max mem: 5880
      ITM Evaluation: [5500/6156]  eta: 0:00:22    time: 0.0338  data: 0.0000  max mem: 5880
      ITM Evaluation: [5600/6156]  eta: 0:00:19    time: 0.0341  data: 0.0000  max mem: 5880
      ITM Evaluation: [5700/6156]  eta: 0:00:15    time: 0.0347  data: 0.0000  max mem: 5880
      ITM Evaluation: [5800/6156]  eta: 0:00:12    time: 0.0337  data: 0.0000  max mem: 5880
      ITM Evaluation: [5900/6156]  eta: 0:00:08    time: 0.0336  data: 0.0000  max mem: 5880
      ITM Evaluation: [6000/6156]  eta: 0:00:05    time: 0.0333  data: 0.0000  max mem: 5880
      ITM Evaluation: [6100/6156]  eta: 0:00:01    time: 0.0342  data: 0.0000  max mem: 5880
      ITM Evaluation: [6155/6156]  eta: 0:00:00    time: 0.0362  data: 0.0000  max mem: 5880
      ITM Evaluation: Total time: 0:03:33 (0.0347 s / it)
     total_time 213.94615077972412
     Computing matching score time 0:03:33
### TTA ITM Score: 
+-------+--------+--------+--------+--------+--------+
| epoch |   R1   |   R5   |  R10   |  mAP   |  mINP  |
+-------+--------+--------+--------+--------+--------+
|  -999 | 70.760 | 87.378 | 92.268 | 63.849 | 48.174 |
|  -999 | 76.170 | 89.457 | 93.600 | 65.570 | 47.372 |
|   0   | 70.533 | 88.775 | 92.788 | 63.228 | 46.439 |
|   1   | 68.486 | 88.369 | 92.576 | 61.531 | 44.327 |
|   2   | 66.780 | 88.320 | 92.625 | 60.569 | 43.879 |
|   3   | 64.084 | 87.427 | 92.008 | 58.508 | 41.216 |
|   4   | 62.086 | 87.281 | 92.479 | 57.892 | 41.793 |
|   5   | 62.313 | 87.216 | 92.528 | 58.108 | 42.017 |
|   6   | 63.580 | 87.524 | 92.560 | 58.669 | 42.168 |
+-------+--------+--------+--------+--------+--------+
     logs:  {'epo': 6, 'R1': 63.58, 'R5': 87.524, 'R10': 92.56, 'mAP': 58.669, 'mINP': 42.168, 'lr': 0.000158, 'entropy': 0.151773, 'loss': 2.749901}
      TTA Epoch: [7] [  0/384]  eta: 0:04:01  lr: 0.000155  entropy: 0.1789  loss: 2.7597  time: 0.6278  data: 0.5039  max mem: 5880
      TTA Epoch: [7] [100/384]  eta: 0:00:18  lr: 0.000153  entropy: 0.2576  loss: 2.7892  time: 0.0573  data: 0.0002  max mem: 5880
      TTA Epoch: [7] [200/384]  eta: 0:00:10  lr: 0.000151  entropy: 0.1372  loss: 2.7443  time: 0.0489  data: 0.0001  max mem: 5880
      TTA Epoch: [7] [300/384]  eta: 0:00:04  lr: 0.000150  entropy: 0.1503  loss: 2.7495  time: 0.0483  data: 0.0001  max mem: 5880
      TTA Epoch: [7] [383/384]  eta: 0:00:00  lr: 0.000148  entropy: 0.2139  loss: 2.7732  time: 0.0457  data: 0.0001  max mem: 5880
      TTA Epoch: [7] Total time: 0:00:20 (0.0529 s / it)
     Averaged stats: lr: 0.0002  entropy: 0.1492  loss: 2.7489
     itm tta time 0:00:20
     Computing matching score
      ITM Evaluation: [   0/6156]  eta: 0:05:11    time: 0.0505  data: 0.0059  max mem: 5880
      ITM Evaluation: [ 100/6156]  eta: 0:03:28    time: 0.0350  data: 0.0000  max mem: 5880
      ITM Evaluation: [ 200/6156]  eta: 0:03:24    time: 0.0337  data: 0.0000  max mem: 5880
      ITM Evaluation: [ 300/6156]  eta: 0:03:22    time: 0.0364  data: 0.0000  max mem: 5880
      ITM Evaluation: [ 400/6156]  eta: 0:03:20    time: 0.0363  data: 0.0000  max mem: 5880
      ITM Evaluation: [ 500/6156]  eta: 0:03:16    time: 0.0345  data: 0.0000  max mem: 5880
      ITM Evaluation: [ 600/6156]  eta: 0:03:12    time: 0.0342  data: 0.0000  max mem: 5880
      ITM Evaluation: [ 700/6156]  eta: 0:03:09    time: 0.0358  data: 0.0000  max mem: 5880
      ITM Evaluation: [ 800/6156]  eta: 0:03:06    time: 0.0369  data: 0.0000  max mem: 5880
      ITM Evaluation: [ 900/6156]  eta: 0:03:04    time: 0.0363  data: 0.0000  max mem: 5880
      ITM Evaluation: [1000/6156]  eta: 0:03:00    time: 0.0335  data: 0.0000  max mem: 5880
      ITM Evaluation: [1100/6156]  eta: 0:02:56    time: 0.0334  data: 0.0000  max mem: 5880
      ITM Evaluation: [1200/6156]  eta: 0:02:52    time: 0.0340  data: 0.0000  max mem: 5880
      ITM Evaluation: [1300/6156]  eta: 0:02:48    time: 0.0338  data: 0.0000  max mem: 5880
      ITM Evaluation: [1400/6156]  eta: 0:02:44    time: 0.0351  data: 0.0000  max mem: 5880
      ITM Evaluation: [1500/6156]  eta: 0:02:41    time: 0.0358  data: 0.0000  max mem: 5880
      ITM Evaluation: [1600/6156]  eta: 0:02:37    time: 0.0337  data: 0.0000  max mem: 5880
      ITM Evaluation: [1700/6156]  eta: 0:02:34    time: 0.0339  data: 0.0000  max mem: 5880
      ITM Evaluation: [1800/6156]  eta: 0:02:30    time: 0.0346  data: 0.0000  max mem: 5880
      ITM Evaluation: [1900/6156]  eta: 0:02:27    time: 0.0365  data: 0.0000  max mem: 5880
      ITM Evaluation: [2000/6156]  eta: 0:02:24    time: 0.0355  data: 0.0000  max mem: 5880
      ITM Evaluation: [2100/6156]  eta: 0:02:21    time: 0.0358  data: 0.0000  max mem: 5880
      ITM Evaluation: [2200/6156]  eta: 0:02:17    time: 0.0340  data: 0.0000  max mem: 5880
      ITM Evaluation: [2300/6156]  eta: 0:02:13    time: 0.0335  data: 0.0000  max mem: 5880
      ITM Evaluation: [2400/6156]  eta: 0:02:10    time: 0.0341  data: 0.0000  max mem: 5880
      ITM Evaluation: [2500/6156]  eta: 0:02:06    time: 0.0350  data: 0.0000  max mem: 5880
      ITM Evaluation: [2600/6156]  eta: 0:02:03    time: 0.0324  data: 0.0000  max mem: 5880
      ITM Evaluation: [2700/6156]  eta: 0:01:59    time: 0.0336  data: 0.0000  max mem: 5880
      ITM Evaluation: [2800/6156]  eta: 0:01:56    time: 0.0335  data: 0.0000  max mem: 5880
      ITM Evaluation: [2900/6156]  eta: 0:01:52    time: 0.0336  data: 0.0000  max mem: 5880
      ITM Evaluation: [3000/6156]  eta: 0:01:48    time: 0.0336  data: 0.0000  max mem: 5880
      ITM Evaluation: [3100/6156]  eta: 0:01:45    time: 0.0331  data: 0.0000  max mem: 5880
      ITM Evaluation: [3200/6156]  eta: 0:01:42    time: 0.0365  data: 0.0000  max mem: 5880
      ITM Evaluation: [3300/6156]  eta: 0:01:38    time: 0.0358  data: 0.0000  max mem: 5880
      ITM Evaluation: [3400/6156]  eta: 0:01:35    time: 0.0347  data: 0.0000  max mem: 5880
      ITM Evaluation: [3500/6156]  eta: 0:01:31    time: 0.0340  data: 0.0000  max mem: 5880
      ITM Evaluation: [3600/6156]  eta: 0:01:28    time: 0.0342  data: 0.0000  max mem: 5880
      ITM Evaluation: [3700/6156]  eta: 0:01:24    time: 0.0352  data: 0.0000  max mem: 5880
      ITM Evaluation: [3800/6156]  eta: 0:01:21    time: 0.0337  data: 0.0000  max mem: 5880
      ITM Evaluation: [3900/6156]  eta: 0:01:17    time: 0.0368  data: 0.0000  max mem: 5880
      ITM Evaluation: [4000/6156]  eta: 0:01:14    time: 0.0340  data: 0.0000  max mem: 5880
      ITM Evaluation: [4100/6156]  eta: 0:01:10    time: 0.0341  data: 0.0000  max mem: 5880
      ITM Evaluation: [4200/6156]  eta: 0:01:07    time: 0.0353  data: 0.0000  max mem: 5880
      ITM Evaluation: [4300/6156]  eta: 0:01:04    time: 0.0357  data: 0.0000  max mem: 5880
      ITM Evaluation: [4400/6156]  eta: 0:01:00    time: 0.0374  data: 0.0000  max mem: 5880
      ITM Evaluation: [4500/6156]  eta: 0:00:57    time: 0.0403  data: 0.0000  max mem: 5880
      ITM Evaluation: [4600/6156]  eta: 0:00:54    time: 0.0465  data: 0.0000  max mem: 5880
      ITM Evaluation: [4700/6156]  eta: 0:00:50    time: 0.0364  data: 0.0000  max mem: 5880
      ITM Evaluation: [4800/6156]  eta: 0:00:47    time: 0.0354  data: 0.0000  max mem: 5880
      ITM Evaluation: [4900/6156]  eta: 0:00:43    time: 0.0361  data: 0.0000  max mem: 5880
      ITM Evaluation: [5000/6156]  eta: 0:00:40    time: 0.0347  data: 0.0000  max mem: 5880
      ITM Evaluation: [5100/6156]  eta: 0:00:36    time: 0.0342  data: 0.0000  max mem: 5880
      ITM Evaluation: [5200/6156]  eta: 0:00:33    time: 0.0347  data: 0.0000  max mem: 5880
      ITM Evaluation: [5300/6156]  eta: 0:00:29    time: 0.0348  data: 0.0000  max mem: 5880
      ITM Evaluation: [5400/6156]  eta: 0:00:26    time: 0.0350  data: 0.0000  max mem: 5880
      ITM Evaluation: [5500/6156]  eta: 0:00:22    time: 0.0352  data: 0.0000  max mem: 5880
      ITM Evaluation: [5600/6156]  eta: 0:00:19    time: 0.0381  data: 0.0000  max mem: 5880
      ITM Evaluation: [5700/6156]  eta: 0:00:16    time: 0.0409  data: 0.0000  max mem: 5880
      ITM Evaluation: [5800/6156]  eta: 0:00:12    time: 0.0367  data: 0.0000  max mem: 5880
      ITM Evaluation: [5900/6156]  eta: 0:00:08    time: 0.0356  data: 0.0000  max mem: 5880
      ITM Evaluation: [6000/6156]  eta: 0:00:05    time: 0.0354  data: 0.0000  max mem: 5880
      ITM Evaluation: [6100/6156]  eta: 0:00:01    time: 0.0356  data: 0.0000  max mem: 5880
      ITM Evaluation: [6155/6156]  eta: 0:00:00    time: 0.0355  data: 0.0000  max mem: 5880
      ITM Evaluation: Total time: 0:03:36 (0.0352 s / it)
     total_time 216.65326619148254
     Computing matching score time 0:03:36
### TTA ITM Score: 
+-------+--------+--------+--------+--------+--------+
| epoch |   R1   |   R5   |  R10   |  mAP   |  mINP  |
+-------+--------+--------+--------+--------+--------+
|  -999 | 70.760 | 87.378 | 92.268 | 63.849 | 48.174 |
|  -999 | 76.170 | 89.457 | 93.600 | 65.570 | 47.372 |
|   0   | 70.533 | 88.775 | 92.788 | 63.228 | 46.439 |
|   1   | 68.486 | 88.369 | 92.576 | 61.531 | 44.327 |
|   2   | 66.780 | 88.320 | 92.625 | 60.569 | 43.879 |
|   3   | 64.084 | 87.427 | 92.008 | 58.508 | 41.216 |
|   4   | 62.086 | 87.281 | 92.479 | 57.892 | 41.793 |
|   5   | 62.313 | 87.216 | 92.528 | 58.108 | 42.017 |
|   6   | 63.580 | 87.524 | 92.560 | 58.669 | 42.168 |
|   7   | 56.189 | 85.429 | 91.992 | 54.560 | 39.607 |
+-------+--------+--------+--------+--------+--------+
     logs:  {'epo': 7, 'R1': 56.189, 'R5': 85.429, 'R10': 91.992, 'mAP': 54.56, 'mINP': 39.607, 'lr': 0.000151, 'entropy': 0.149173, 'loss': 2.748935}
      TTA Epoch: [8] [  0/384]  eta: 0:03:52  lr: 0.000148  entropy: 0.1141  loss: 2.7357  time: 0.6042  data: 0.4604  max mem: 5880
      TTA Epoch: [8] [100/384]  eta: 0:00:15  lr: 0.000146  entropy: 0.1464  loss: 2.7481  time: 0.0481  data: 0.0001  max mem: 5880
      TTA Epoch: [8] [200/384]  eta: 0:00:09  lr: 0.000145  entropy: 0.1213  loss: 2.7384  time: 0.0500  data: 0.0001  max mem: 5880
      TTA Epoch: [8] [300/384]  eta: 0:00:04  lr: 0.000143  entropy: 0.1718  loss: 2.7569  time: 0.0545  data: 0.0002  max mem: 5880
      TTA Epoch: [8] [383/384]  eta: 0:00:00  lr: 0.000141  entropy: 0.1957  loss: 2.7666  time: 0.0431  data: 0.0001  max mem: 5880
      TTA Epoch: [8] Total time: 0:00:19 (0.0504 s / it)
     Averaged stats: lr: 0.0001  entropy: 0.1471  loss: 2.7482
     itm tta time 0:00:19
     Computing matching score
      ITM Evaluation: [   0/6156]  eta: 0:05:11    time: 0.0506  data: 0.0116  max mem: 5880
      ITM Evaluation: [ 100/6156]  eta: 0:03:55    time: 0.0379  data: 0.0000  max mem: 5880
      ITM Evaluation: [ 200/6156]  eta: 0:03:51    time: 0.0399  data: 0.0000  max mem: 5880
      ITM Evaluation: [ 300/6156]  eta: 0:03:42    time: 0.0354  data: 0.0000  max mem: 5880
      ITM Evaluation: [ 400/6156]  eta: 0:03:35    time: 0.0357  data: 0.0000  max mem: 5880
      ITM Evaluation: [ 500/6156]  eta: 0:03:29    time: 0.0360  data: 0.0000  max mem: 5880
      ITM Evaluation: [ 600/6156]  eta: 0:03:24    time: 0.0351  data: 0.0000  max mem: 5880
      ITM Evaluation: [ 700/6156]  eta: 0:03:19    time: 0.0350  data: 0.0000  max mem: 5880
      ITM Evaluation: [ 800/6156]  eta: 0:03:14    time: 0.0352  data: 0.0000  max mem: 5880
      ITM Evaluation: [ 900/6156]  eta: 0:03:11    time: 0.0364  data: 0.0000  max mem: 5880
      ITM Evaluation: [1000/6156]  eta: 0:03:07    time: 0.0358  data: 0.0000  max mem: 5880
      ITM Evaluation: [1100/6156]  eta: 0:03:03    time: 0.0365  data: 0.0000  max mem: 5880
      ITM Evaluation: [1200/6156]  eta: 0:03:00    time: 0.0398  data: 0.0000  max mem: 5880
      ITM Evaluation: [1300/6156]  eta: 0:02:58    time: 0.0392  data: 0.0000  max mem: 5880
      ITM Evaluation: [1400/6156]  eta: 0:02:55    time: 0.0390  data: 0.0000  max mem: 5880
      ITM Evaluation: [1500/6156]  eta: 0:02:52    time: 0.0372  data: 0.0000  max mem: 5880
      ITM Evaluation: [1600/6156]  eta: 0:02:48    time: 0.0365  data: 0.0000  max mem: 5880
      ITM Evaluation: [1700/6156]  eta: 0:02:44    time: 0.0354  data: 0.0000  max mem: 5880
      ITM Evaluation: [1800/6156]  eta: 0:02:41    time: 0.0368  data: 0.0000  max mem: 5880
      ITM Evaluation: [1900/6156]  eta: 0:02:37    time: 0.0368  data: 0.0000  max mem: 5880
      ITM Evaluation: [2000/6156]  eta: 0:02:33    time: 0.0365  data: 0.0000  max mem: 5880
      ITM Evaluation: [2100/6156]  eta: 0:02:29    time: 0.0358  data: 0.0000  max mem: 5880
      ITM Evaluation: [2200/6156]  eta: 0:02:26    time: 0.0359  data: 0.0000  max mem: 5880
      ITM Evaluation: [2300/6156]  eta: 0:02:22    time: 0.0353  data: 0.0000  max mem: 5880
      ITM Evaluation: [2400/6156]  eta: 0:02:18    time: 0.0373  data: 0.0000  max mem: 5880
      ITM Evaluation: [2500/6156]  eta: 0:02:14    time: 0.0372  data: 0.0000  max mem: 5880
      ITM Evaluation: [2600/6156]  eta: 0:02:11    time: 0.0376  data: 0.0000  max mem: 5880
      ITM Evaluation: [2700/6156]  eta: 0:02:07    time: 0.0351  data: 0.0000  max mem: 5880
      ITM Evaluation: [2800/6156]  eta: 0:02:03    time: 0.0350  data: 0.0000  max mem: 5880
      ITM Evaluation: [2900/6156]  eta: 0:01:59    time: 0.0363  data: 0.0000  max mem: 5880
      ITM Evaluation: [3000/6156]  eta: 0:01:56    time: 0.0381  data: 0.0000  max mem: 5880
      ITM Evaluation: [3100/6156]  eta: 0:01:52    time: 0.0360  data: 0.0000  max mem: 5880
      ITM Evaluation: [3200/6156]  eta: 0:01:48    time: 0.0368  data: 0.0000  max mem: 5880
      ITM Evaluation: [3300/6156]  eta: 0:01:44    time: 0.0358  data: 0.0000  max mem: 5880
      ITM Evaluation: [3400/6156]  eta: 0:01:41    time: 0.0382  data: 0.0000  max mem: 5880
      ITM Evaluation: [3500/6156]  eta: 0:01:37    time: 0.0361  data: 0.0000  max mem: 5880
      ITM Evaluation: [3600/6156]  eta: 0:01:33    time: 0.0379  data: 0.0000  max mem: 5880
      ITM Evaluation: [3700/6156]  eta: 0:01:30    time: 0.0375  data: 0.0000  max mem: 5880
      ITM Evaluation: [3800/6156]  eta: 0:01:26    time: 0.0378  data: 0.0000  max mem: 5880
      ITM Evaluation: [3900/6156]  eta: 0:01:22    time: 0.0347  data: 0.0000  max mem: 5880
      ITM Evaluation: [4000/6156]  eta: 0:01:19    time: 0.0384  data: 0.0000  max mem: 5880
      ITM Evaluation: [4100/6156]  eta: 0:01:15    time: 0.0365  data: 0.0000  max mem: 5880
      ITM Evaluation: [4200/6156]  eta: 0:01:11    time: 0.0350  data: 0.0000  max mem: 5880
      ITM Evaluation: [4300/6156]  eta: 0:01:08    time: 0.0354  data: 0.0000  max mem: 5880
      ITM Evaluation: [4400/6156]  eta: 0:01:04    time: 0.0353  data: 0.0000  max mem: 5880
      ITM Evaluation: [4500/6156]  eta: 0:01:00    time: 0.0356  data: 0.0000  max mem: 5880
      ITM Evaluation: [4600/6156]  eta: 0:00:56    time: 0.0357  data: 0.0000  max mem: 5880
      ITM Evaluation: [4700/6156]  eta: 0:00:53    time: 0.0362  data: 0.0000  max mem: 5880
      ITM Evaluation: [4800/6156]  eta: 0:00:49    time: 0.0390  data: 0.0000  max mem: 5880
      ITM Evaluation: [4900/6156]  eta: 0:00:45    time: 0.0382  data: 0.0000  max mem: 5880
      ITM Evaluation: [5000/6156]  eta: 0:00:42    time: 0.0406  data: 0.0000  max mem: 5880
      ITM Evaluation: [5100/6156]  eta: 0:00:38    time: 0.0386  data: 0.0000  max mem: 5880
      ITM Evaluation: [5200/6156]  eta: 0:00:35    time: 0.0361  data: 0.0000  max mem: 5880
      ITM Evaluation: [5300/6156]  eta: 0:00:31    time: 0.0360  data: 0.0000  max mem: 5880
      ITM Evaluation: [5400/6156]  eta: 0:00:27    time: 0.0357  data: 0.0000  max mem: 5880
      ITM Evaluation: [5500/6156]  eta: 0:00:24    time: 0.0366  data: 0.0000  max mem: 5880
      ITM Evaluation: [5600/6156]  eta: 0:00:20    time: 0.0364  data: 0.0000  max mem: 5880
      ITM Evaluation: [5700/6156]  eta: 0:00:16    time: 0.0362  data: 0.0000  max mem: 5880
      ITM Evaluation: [5800/6156]  eta: 0:00:13    time: 0.0354  data: 0.0000  max mem: 5880
      ITM Evaluation: [5900/6156]  eta: 0:00:09    time: 0.0355  data: 0.0000  max mem: 5880
      ITM Evaluation: [6000/6156]  eta: 0:00:05    time: 0.0378  data: 0.0000  max mem: 5880
      ITM Evaluation: [6100/6156]  eta: 0:00:02    time: 0.0396  data: 0.0000  max mem: 5880
      ITM Evaluation: [6155/6156]  eta: 0:00:00    time: 0.0407  data: 0.0000  max mem: 5880
      ITM Evaluation: Total time: 0:03:46 (0.0367 s / it)
     total_time 226.15382075309753
     Computing matching score time 0:03:46
### TTA ITM Score: 
+-------+--------+--------+--------+--------+--------+
| epoch |   R1   |   R5   |  R10   |  mAP   |  mINP  |
+-------+--------+--------+--------+--------+--------+
|  -999 | 70.760 | 87.378 | 92.268 | 63.849 | 48.174 |
|  -999 | 76.170 | 89.457 | 93.600 | 65.570 | 47.372 |
|   0   | 70.533 | 88.775 | 92.788 | 63.228 | 46.439 |
|   1   | 68.486 | 88.369 | 92.576 | 61.531 | 44.327 |
|   2   | 66.780 | 88.320 | 92.625 | 60.569 | 43.879 |
|   3   | 64.084 | 87.427 | 92.008 | 58.508 | 41.216 |
|   4   | 62.086 | 87.281 | 92.479 | 57.892 | 41.793 |
|   5   | 62.313 | 87.216 | 92.528 | 58.108 | 42.017 |
|   6   | 63.580 | 87.524 | 92.560 | 58.669 | 42.168 |
|   7   | 56.189 | 85.429 | 91.992 | 54.560 | 39.607 |
|   8   | 58.463 | 85.965 | 92.073 | 55.664 | 40.059 |
+-------+--------+--------+--------+--------+--------+
     logs:  {'epo': 8, 'R1': 58.463, 'R5': 85.965, 'R10': 92.073, 'mAP': 55.664, 'mINP': 40.059, 'lr': 0.000145, 'entropy': 0.147114, 'loss': 2.74817}
      TTA Epoch: [9] [  0/384]  eta: 0:03:22  lr: 0.000141  entropy: 0.1432  loss: 2.7469  time: 0.5278  data: 0.4107  max mem: 5880
      TTA Epoch: [9] [100/384]  eta: 0:00:14  lr: 0.000140  entropy: 0.0824  loss: 2.7244  time: 0.0475  data: 0.0001  max mem: 5880
      TTA Epoch: [9] [200/384]  eta: 0:00:09  lr: 0.000138  entropy: 0.1660  loss: 2.7552  time: 0.0500  data: 0.0001  max mem: 5880
      TTA Epoch: [9] [300/384]  eta: 0:00:04  lr: 0.000136  entropy: 0.1554  loss: 2.7511  time: 0.0522  data: 0.0001  max mem: 5880
      TTA Epoch: [9] [383/384]  eta: 0:00:00  lr: 0.000135  entropy: 0.2308  loss: 2.7793  time: 0.0462  data: 0.0001  max mem: 5880
      TTA Epoch: [9] Total time: 0:00:19 (0.0506 s / it)
     Averaged stats: lr: 0.0001  entropy: 0.1477  loss: 2.7484
     itm tta time 0:00:19
     Computing matching score
      ITM Evaluation: [   0/6156]  eta: 0:04:38    time: 0.0453  data: 0.0096  max mem: 5880
      ITM Evaluation: [ 100/6156]  eta: 0:03:39    time: 0.0354  data: 0.0000  max mem: 5880
      ITM Evaluation: [ 200/6156]  eta: 0:03:35    time: 0.0361  data: 0.0000  max mem: 5880
      ITM Evaluation: [ 300/6156]  eta: 0:03:31    time: 0.0359  data: 0.0000  max mem: 5880
      ITM Evaluation: [ 400/6156]  eta: 0:03:33    time: 0.0398  data: 0.0000  max mem: 5880
      ITM Evaluation: [ 500/6156]  eta: 0:03:32    time: 0.0389  data: 0.0000  max mem: 5880
      ITM Evaluation: [ 600/6156]  eta: 0:03:28    time: 0.0361  data: 0.0000  max mem: 5880
      ITM Evaluation: [ 700/6156]  eta: 0:03:23    time: 0.0355  data: 0.0000  max mem: 5880
      ITM Evaluation: [ 800/6156]  eta: 0:03:19    time: 0.0365  data: 0.0000  max mem: 5880
      ITM Evaluation: [ 900/6156]  eta: 0:03:14    time: 0.0356  data: 0.0000  max mem: 5880
      ITM Evaluation: [1000/6156]  eta: 0:03:10    time: 0.0351  data: 0.0000  max mem: 5880
      ITM Evaluation: [1100/6156]  eta: 0:03:06    time: 0.0359  data: 0.0000  max mem: 5880
      ITM Evaluation: [1200/6156]  eta: 0:03:02    time: 0.0355  data: 0.0000  max mem: 5880
      ITM Evaluation: [1300/6156]  eta: 0:02:57    time: 0.0357  data: 0.0000  max mem: 5880
      ITM Evaluation: [1400/6156]  eta: 0:02:54    time: 0.0368  data: 0.0000  max mem: 5880
      ITM Evaluation: [1500/6156]  eta: 0:02:50    time: 0.0416  data: 0.0000  max mem: 5880
      ITM Evaluation: [1600/6156]  eta: 0:02:47    time: 0.0387  data: 0.0000  max mem: 5880
      ITM Evaluation: [1700/6156]  eta: 0:02:44    time: 0.0381  data: 0.0000  max mem: 5880
      ITM Evaluation: [1800/6156]  eta: 0:02:41    time: 0.0361  data: 0.0000  max mem: 5880
      ITM Evaluation: [1900/6156]  eta: 0:02:37    time: 0.0351  data: 0.0000  max mem: 5880
      ITM Evaluation: [2000/6156]  eta: 0:02:33    time: 0.0363  data: 0.0000  max mem: 5880
      ITM Evaluation: [2100/6156]  eta: 0:02:29    time: 0.0359  data: 0.0000  max mem: 5880
      ITM Evaluation: [2200/6156]  eta: 0:02:25    time: 0.0357  data: 0.0000  max mem: 5880
      ITM Evaluation: [2300/6156]  eta: 0:02:21    time: 0.0357  data: 0.0000  max mem: 5880
      ITM Evaluation: [2400/6156]  eta: 0:02:18    time: 0.0358  data: 0.0000  max mem: 5880
      ITM Evaluation: [2500/6156]  eta: 0:02:14    time: 0.0363  data: 0.0000  max mem: 5880
      ITM Evaluation: [2600/6156]  eta: 0:02:10    time: 0.0363  data: 0.0000  max mem: 5880
      ITM Evaluation: [2700/6156]  eta: 0:02:07    time: 0.0382  data: 0.0000  max mem: 5880
      ITM Evaluation: [2800/6156]  eta: 0:02:03    time: 0.0388  data: 0.0000  max mem: 5880
      ITM Evaluation: [2900/6156]  eta: 0:02:00    time: 0.0369  data: 0.0000  max mem: 5880
      ITM Evaluation: [3000/6156]  eta: 0:01:56    time: 0.0358  data: 0.0000  max mem: 5880
      ITM Evaluation: [3100/6156]  eta: 0:01:52    time: 0.0356  data: 0.0000  max mem: 5880
      ITM Evaluation: [3200/6156]  eta: 0:01:48    time: 0.0360  data: 0.0000  max mem: 5880
      ITM Evaluation: [3300/6156]  eta: 0:01:44    time: 0.0365  data: 0.0000  max mem: 5880
      ITM Evaluation: [3400/6156]  eta: 0:01:41    time: 0.0366  data: 0.0000  max mem: 5880
      ITM Evaluation: [3500/6156]  eta: 0:01:37    time: 0.0367  data: 0.0000  max mem: 5880
      ITM Evaluation: [3600/6156]  eta: 0:01:33    time: 0.0377  data: 0.0000  max mem: 5880
      ITM Evaluation: [3700/6156]  eta: 0:01:30    time: 0.0357  data: 0.0000  max mem: 5880
      ITM Evaluation: [3800/6156]  eta: 0:01:26    time: 0.0357  data: 0.0000  max mem: 5880
      ITM Evaluation: [3900/6156]  eta: 0:01:22    time: 0.0376  data: 0.0000  max mem: 5880
      ITM Evaluation: [4000/6156]  eta: 0:01:19    time: 0.0372  data: 0.0000  max mem: 5880
      ITM Evaluation: [4100/6156]  eta: 0:01:15    time: 0.0369  data: 0.0000  max mem: 5880
      ITM Evaluation: [4200/6156]  eta: 0:01:12    time: 0.0358  data: 0.0000  max mem: 5880
      ITM Evaluation: [4300/6156]  eta: 0:01:08    time: 0.0363  data: 0.0000  max mem: 5880
      ITM Evaluation: [4400/6156]  eta: 0:01:04    time: 0.0321  data: 0.0000  max mem: 5880
      ITM Evaluation: [4500/6156]  eta: 0:01:00    time: 0.0326  data: 0.0000  max mem: 5880
      ITM Evaluation: [4600/6156]  eta: 0:00:56    time: 0.0344  data: 0.0000  max mem: 5880
      ITM Evaluation: [4700/6156]  eta: 0:00:53    time: 0.0353  data: 0.0000  max mem: 5880
      ITM Evaluation: [4800/6156]  eta: 0:00:49    time: 0.0322  data: 0.0000  max mem: 5880
      ITM Evaluation: [4900/6156]  eta: 0:00:45    time: 0.0324  data: 0.0000  max mem: 5880
      ITM Evaluation: [5000/6156]  eta: 0:00:41    time: 0.0324  data: 0.0000  max mem: 5880
      ITM Evaluation: [5100/6156]  eta: 0:00:38    time: 0.0347  data: 0.0000  max mem: 5880
      ITM Evaluation: [5200/6156]  eta: 0:00:34    time: 0.0354  data: 0.0000  max mem: 5880
      ITM Evaluation: [5300/6156]  eta: 0:00:30    time: 0.0350  data: 0.0000  max mem: 5880
      ITM Evaluation: [5400/6156]  eta: 0:00:27    time: 0.0327  data: 0.0000  max mem: 5880
      ITM Evaluation: [5500/6156]  eta: 0:00:23    time: 0.0323  data: 0.0000  max mem: 5880
      ITM Evaluation: [5600/6156]  eta: 0:00:20    time: 0.0329  data: 0.0000  max mem: 5880
      ITM Evaluation: [5700/6156]  eta: 0:00:16    time: 0.0340  data: 0.0000  max mem: 5880
      ITM Evaluation: [5800/6156]  eta: 0:00:12    time: 0.0354  data: 0.0000  max mem: 5880
      ITM Evaluation: [5900/6156]  eta: 0:00:09    time: 0.0329  data: 0.0000  max mem: 5880
      ITM Evaluation: [6000/6156]  eta: 0:00:05    time: 0.0326  data: 0.0000  max mem: 5880
      ITM Evaluation: [6100/6156]  eta: 0:00:02    time: 0.0326  data: 0.0000  max mem: 5880
      ITM Evaluation: [6155/6156]  eta: 0:00:00    time: 0.0339  data: 0.0000  max mem: 5880
      ITM Evaluation: Total time: 0:03:40 (0.0357 s / it)
     total_time 220.1301748752594
     Computing matching score time 0:03:40
### TTA ITM Score: 
+-------+--------+--------+--------+--------+--------+
| epoch |   R1   |   R5   |  R10   |  mAP   |  mINP  |
+-------+--------+--------+--------+--------+--------+
|  -999 | 70.760 | 87.378 | 92.268 | 63.849 | 48.174 |
|  -999 | 76.170 | 89.457 | 93.600 | 65.570 | 47.372 |
|   0   | 70.533 | 88.775 | 92.788 | 63.228 | 46.439 |
|   1   | 68.486 | 88.369 | 92.576 | 61.531 | 44.327 |
|   2   | 66.780 | 88.320 | 92.625 | 60.569 | 43.879 |
|   3   | 64.084 | 87.427 | 92.008 | 58.508 | 41.216 |
|   4   | 62.086 | 87.281 | 92.479 | 57.892 | 41.793 |
|   5   | 62.313 | 87.216 | 92.528 | 58.108 | 42.017 |
|   6   | 63.580 | 87.524 | 92.560 | 58.669 | 42.168 |
|   7   | 56.189 | 85.429 | 91.992 | 54.560 | 39.607 |
|   8   | 58.463 | 85.965 | 92.073 | 55.664 | 40.059 |
|   9   | 60.299 | 86.858 | 91.959 | 56.785 | 40.385 |
+-------+--------+--------+--------+--------+--------+
     logs:  {'epo': 9, 'R1': 60.299, 'R5': 86.858, 'R10': 91.959, 'mAP': 56.785, 'mINP': 40.385, 'lr': 0.000138, 'entropy': 0.147749, 'loss': 2.748408}
      TTA Epoch: [10] [  0/384]  eta: 0:03:58  lr: 0.000135  entropy: 0.1727  loss: 2.7578  time: 0.6215  data: 0.5173  max mem: 5880
      TTA Epoch: [10] [100/384]  eta: 0:00:16  lr: 0.000133  entropy: 0.1314  loss: 2.7424  time: 0.0531  data: 0.0001  max mem: 5880
      TTA Epoch: [10] [200/384]  eta: 0:00:10  lr: 0.000131  entropy: 0.1693  loss: 2.7557  time: 0.0514  data: 0.0001  max mem: 5880
      TTA Epoch: [10] [300/384]  eta: 0:00:04  lr: 0.000129  entropy: 0.1462  loss: 2.7478  time: 0.0485  data: 0.0002  max mem: 5880
      TTA Epoch: [10] [383/384]  eta: 0:00:00  lr: 0.000128  entropy: 0.0883  loss: 2.7269  time: 0.0453  data: 0.0001  max mem: 5880
      TTA Epoch: [10] Total time: 0:00:21 (0.0549 s / it)
     Averaged stats: lr: 0.0001  entropy: 0.1386  loss: 2.7450
     itm tta time 0:00:21
     Computing matching score
      ITM Evaluation: [   0/6156]  eta: 0:04:01    time: 0.0392  data: 0.0069  max mem: 5880
      ITM Evaluation: [ 100/6156]  eta: 0:03:20    time: 0.0327  data: 0.0000  max mem: 5880
      ITM Evaluation: [ 200/6156]  eta: 0:03:15    time: 0.0327  data: 0.0000  max mem: 5880
      ITM Evaluation: [ 300/6156]  eta: 0:03:12    time: 0.0327  data: 0.0000  max mem: 5880
      ITM Evaluation: [ 400/6156]  eta: 0:03:08    time: 0.0319  data: 0.0000  max mem: 5880
      ITM Evaluation: [ 500/6156]  eta: 0:03:05    time: 0.0329  data: 0.0000  max mem: 5880
      ITM Evaluation: [ 600/6156]  eta: 0:03:01    time: 0.0321  data: 0.0000  max mem: 5880
      ITM Evaluation: [ 700/6156]  eta: 0:02:58    time: 0.0346  data: 0.0000  max mem: 5880
      ITM Evaluation: [ 800/6156]  eta: 0:02:56    time: 0.0337  data: 0.0000  max mem: 5880
      ITM Evaluation: [ 900/6156]  eta: 0:02:55    time: 0.0343  data: 0.0000  max mem: 5880
      ITM Evaluation: [1000/6156]  eta: 0:02:51    time: 0.0322  data: 0.0000  max mem: 5880
      ITM Evaluation: [1100/6156]  eta: 0:02:48    time: 0.0337  data: 0.0000  max mem: 5880
      ITM Evaluation: [1200/6156]  eta: 0:02:45    time: 0.0317  data: 0.0000  max mem: 5880
      ITM Evaluation: [1300/6156]  eta: 0:02:41    time: 0.0330  data: 0.0000  max mem: 5880
      ITM Evaluation: [1400/6156]  eta: 0:02:38    time: 0.0327  data: 0.0000  max mem: 5880
      ITM Evaluation: [1500/6156]  eta: 0:02:34    time: 0.0323  data: 0.0000  max mem: 5880
      ITM Evaluation: [1600/6156]  eta: 0:02:31    time: 0.0314  data: 0.0000  max mem: 5880
      ITM Evaluation: [1700/6156]  eta: 0:02:27    time: 0.0320  data: 0.0000  max mem: 5880
      ITM Evaluation: [1800/6156]  eta: 0:02:24    time: 0.0326  data: 0.0000  max mem: 5880
      ITM Evaluation: [1900/6156]  eta: 0:02:20    time: 0.0332  data: 0.0000  max mem: 5880
      ITM Evaluation: [2000/6156]  eta: 0:02:17    time: 0.0353  data: 0.0000  max mem: 5880
      ITM Evaluation: [2100/6156]  eta: 0:02:14    time: 0.0348  data: 0.0000  max mem: 5880
      ITM Evaluation: [2200/6156]  eta: 0:02:12    time: 0.0349  data: 0.0000  max mem: 5880
      ITM Evaluation: [2300/6156]  eta: 0:02:08    time: 0.0338  data: 0.0000  max mem: 5880
      ITM Evaluation: [2400/6156]  eta: 0:02:05    time: 0.0327  data: 0.0000  max mem: 5880
      ITM Evaluation: [2500/6156]  eta: 0:02:01    time: 0.0321  data: 0.0000  max mem: 5880
      ITM Evaluation: [2600/6156]  eta: 0:01:58    time: 0.0327  data: 0.0000  max mem: 5880
      ITM Evaluation: [2700/6156]  eta: 0:01:54    time: 0.0325  data: 0.0000  max mem: 5880
      ITM Evaluation: [2800/6156]  eta: 0:01:51    time: 0.0322  data: 0.0000  max mem: 5880
      ITM Evaluation: [2900/6156]  eta: 0:01:48    time: 0.0324  data: 0.0000  max mem: 5880
      ITM Evaluation: [3000/6156]  eta: 0:01:44    time: 0.0325  data: 0.0000  max mem: 5880
      ITM Evaluation: [3100/6156]  eta: 0:01:41    time: 0.0330  data: 0.0000  max mem: 5880
      ITM Evaluation: [3200/6156]  eta: 0:01:38    time: 0.0352  data: 0.0000  max mem: 5880
      ITM Evaluation: [3300/6156]  eta: 0:01:35    time: 0.0370  data: 0.0000  max mem: 5880
      ITM Evaluation: [3400/6156]  eta: 0:01:31    time: 0.0347  data: 0.0000  max mem: 5880
      ITM Evaluation: [3500/6156]  eta: 0:01:28    time: 0.0332  data: 0.0000  max mem: 5880
      ITM Evaluation: [3600/6156]  eta: 0:01:25    time: 0.0328  data: 0.0000  max mem: 5880
      ITM Evaluation: [3700/6156]  eta: 0:01:21    time: 0.0320  data: 0.0000  max mem: 5880
      ITM Evaluation: [3800/6156]  eta: 0:01:18    time: 0.0326  data: 0.0000  max mem: 5880
      ITM Evaluation: [3900/6156]  eta: 0:01:15    time: 0.0321  data: 0.0000  max mem: 5880
      ITM Evaluation: [4000/6156]  eta: 0:01:11    time: 0.0329  data: 0.0000  max mem: 5880
      ITM Evaluation: [4100/6156]  eta: 0:01:08    time: 0.0330  data: 0.0000  max mem: 5880
      ITM Evaluation: [4200/6156]  eta: 0:01:05    time: 0.0330  data: 0.0000  max mem: 5880
      ITM Evaluation: [4300/6156]  eta: 0:01:01    time: 0.0329  data: 0.0000  max mem: 5880
      ITM Evaluation: [4400/6156]  eta: 0:00:58    time: 0.0333  data: 0.0000  max mem: 5880
      ITM Evaluation: [4500/6156]  eta: 0:00:55    time: 0.0376  data: 0.0000  max mem: 5880
      ITM Evaluation: [4600/6156]  eta: 0:00:52    time: 0.0378  data: 0.0000  max mem: 5880
      ITM Evaluation: [4700/6156]  eta: 0:00:48    time: 0.0360  data: 0.0000  max mem: 5880
      ITM Evaluation: [4800/6156]  eta: 0:00:45    time: 0.0336  data: 0.0000  max mem: 5880
      ITM Evaluation: [4900/6156]  eta: 0:00:42    time: 0.0344  data: 0.0000  max mem: 5880
      ITM Evaluation: [5000/6156]  eta: 0:00:38    time: 0.0339  data: 0.0000  max mem: 5880
      ITM Evaluation: [5100/6156]  eta: 0:00:35    time: 0.0339  data: 0.0000  max mem: 5880
      ITM Evaluation: [5200/6156]  eta: 0:00:32    time: 0.0332  data: 0.0000  max mem: 5880
      ITM Evaluation: [5300/6156]  eta: 0:00:28    time: 0.0347  data: 0.0000  max mem: 5880
      ITM Evaluation: [5400/6156]  eta: 0:00:25    time: 0.0337  data: 0.0000  max mem: 5880
      ITM Evaluation: [5500/6156]  eta: 0:00:21    time: 0.0333  data: 0.0000  max mem: 5880
      ITM Evaluation: [5600/6156]  eta: 0:00:18    time: 0.0342  data: 0.0000  max mem: 5880
      ITM Evaluation: [5700/6156]  eta: 0:00:15    time: 0.0349  data: 0.0000  max mem: 5880
      ITM Evaluation: [5800/6156]  eta: 0:00:11    time: 0.0350  data: 0.0000  max mem: 5880
      ITM Evaluation: [5900/6156]  eta: 0:00:08    time: 0.0347  data: 0.0000  max mem: 5880
      ITM Evaluation: [6000/6156]  eta: 0:00:05    time: 0.0331  data: 0.0000  max mem: 5880
      ITM Evaluation: [6100/6156]  eta: 0:00:01    time: 0.0334  data: 0.0000  max mem: 5880
      ITM Evaluation: [6155/6156]  eta: 0:00:00    time: 0.0333  data: 0.0000  max mem: 5880
      ITM Evaluation: Total time: 0:03:26 (0.0336 s / it)
     total_time 206.97021389007568
     Computing matching score time 0:03:26
### TTA ITM Score: 
+-------+--------+--------+--------+--------+--------+
| epoch |   R1   |   R5   |  R10   |  mAP   |  mINP  |
+-------+--------+--------+--------+--------+--------+
|  -999 | 70.760 | 87.378 | 92.268 | 63.849 | 48.174 |
|  -999 | 76.170 | 89.457 | 93.600 | 65.570 | 47.372 |
|   0   | 70.533 | 88.775 | 92.788 | 63.228 | 46.439 |
|   1   | 68.486 | 88.369 | 92.576 | 61.531 | 44.327 |
|   2   | 66.780 | 88.320 | 92.625 | 60.569 | 43.879 |
|   3   | 64.084 | 87.427 | 92.008 | 58.508 | 41.216 |
|   4   | 62.086 | 87.281 | 92.479 | 57.892 | 41.793 |
|   5   | 62.313 | 87.216 | 92.528 | 58.108 | 42.017 |
|   6   | 63.580 | 87.524 | 92.560 | 58.669 | 42.168 |
|   7   | 56.189 | 85.429 | 91.992 | 54.560 | 39.607 |
|   8   | 58.463 | 85.965 | 92.073 | 55.664 | 40.059 |
|   9   | 60.299 | 86.858 | 91.959 | 56.785 | 40.385 |
|   10  | 60.429 | 86.842 | 92.544 | 56.971 | 40.936 |
+-------+--------+--------+--------+--------+--------+
     logs:  {'epo': 10, 'R1': 60.429, 'R5': 86.842, 'R10': 92.544, 'mAP': 56.971, 'mINP': 40.936, 'lr': 0.000131, 'entropy': 0.138564, 'loss': 2.744996}
      TTA Epoch: [11] [  0/384]  eta: 0:03:24  lr: 0.000128  entropy: 0.1923  loss: 2.7652  time: 0.5313  data: 0.4190  max mem: 5880
      TTA Epoch: [11] [100/384]  eta: 0:00:14  lr: 0.000126  entropy: 0.0838  loss: 2.7252  time: 0.0460  data: 0.0001  max mem: 5880
      TTA Epoch: [11] [200/384]  eta: 0:00:09  lr: 0.000124  entropy: 0.1107  loss: 2.7341  time: 0.0479  data: 0.0001  max mem: 5880
      TTA Epoch: [11] [300/384]  eta: 0:00:04  lr: 0.000123  entropy: 0.1548  loss: 2.7512  time: 0.0498  data: 0.0001  max mem: 5880
      TTA Epoch: [11] [383/384]  eta: 0:00:00  lr: 0.000121  entropy: 0.2212  loss: 2.7762  time: 0.0471  data: 0.0001  max mem: 5880
      TTA Epoch: [11] Total time: 0:00:19 (0.0512 s / it)
     Averaged stats: lr: 0.0001  entropy: 0.1346  loss: 2.7435
     itm tta time 0:00:19
     Computing matching score
      ITM Evaluation: [   0/6156]  eta: 0:17:26    time: 0.1701  data: 0.1373  max mem: 5880
      ITM Evaluation: [ 100/6156]  eta: 0:04:00    time: 0.0486  data: 0.0000  max mem: 5880
      ITM Evaluation: [ 200/6156]  eta: 0:03:34    time: 0.0339  data: 0.0000  max mem: 5880
      ITM Evaluation: [ 300/6156]  eta: 0:03:25    time: 0.0327  data: 0.0000  max mem: 5880
      ITM Evaluation: [ 400/6156]  eta: 0:03:17    time: 0.0318  data: 0.0000  max mem: 5880
      ITM Evaluation: [ 500/6156]  eta: 0:03:10    time: 0.0311  data: 0.0000  max mem: 5880
      ITM Evaluation: [ 600/6156]  eta: 0:03:05    time: 0.0312  data: 0.0000  max mem: 5880
      ITM Evaluation: [ 700/6156]  eta: 0:03:00    time: 0.0308  data: 0.0000  max mem: 5880
      ITM Evaluation: [ 800/6156]  eta: 0:02:55    time: 0.0315  data: 0.0000  max mem: 5880
      ITM Evaluation: [ 900/6156]  eta: 0:02:51    time: 0.0310  data: 0.0000  max mem: 5880
      ITM Evaluation: [1000/6156]  eta: 0:02:47    time: 0.0314  data: 0.0000  max mem: 5880
      ITM Evaluation: [1100/6156]  eta: 0:02:43    time: 0.0313  data: 0.0000  max mem: 5880
      ITM Evaluation: [1200/6156]  eta: 0:02:40    time: 0.0313  data: 0.0000  max mem: 5880
      ITM Evaluation: [1300/6156]  eta: 0:02:38    time: 0.0316  data: 0.0000  max mem: 5880
      ITM Evaluation: [1400/6156]  eta: 0:02:34    time: 0.0311  data: 0.0000  max mem: 5880
      ITM Evaluation: [1500/6156]  eta: 0:02:30    time: 0.0316  data: 0.0000  max mem: 5880
      ITM Evaluation: [1600/6156]  eta: 0:02:27    time: 0.0329  data: 0.0000  max mem: 5880
      ITM Evaluation: [1700/6156]  eta: 0:02:24    time: 0.0310  data: 0.0000  max mem: 5880
      ITM Evaluation: [1800/6156]  eta: 0:02:20    time: 0.0308  data: 0.0000  max mem: 5880
      ITM Evaluation: [1900/6156]  eta: 0:02:17    time: 0.0307  data: 0.0000  max mem: 5880
      ITM Evaluation: [2000/6156]  eta: 0:02:14    time: 0.0339  data: 0.0000  max mem: 5880
      ITM Evaluation: [2100/6156]  eta: 0:02:11    time: 0.0322  data: 0.0000  max mem: 5880
      ITM Evaluation: [2200/6156]  eta: 0:02:08    time: 0.0324  data: 0.0000  max mem: 5880
      ITM Evaluation: [2300/6156]  eta: 0:02:04    time: 0.0326  data: 0.0000  max mem: 5880
      ITM Evaluation: [2400/6156]  eta: 0:02:01    time: 0.0333  data: 0.0000  max mem: 5880
      ITM Evaluation: [2500/6156]  eta: 0:01:58    time: 0.0317  data: 0.0000  max mem: 5880
      ITM Evaluation: [2600/6156]  eta: 0:01:54    time: 0.0317  data: 0.0000  max mem: 5880
      ITM Evaluation: [2700/6156]  eta: 0:01:51    time: 0.0316  data: 0.0000  max mem: 5880
      ITM Evaluation: [2800/6156]  eta: 0:01:48    time: 0.0336  data: 0.0000  max mem: 5880
      ITM Evaluation: [2900/6156]  eta: 0:01:45    time: 0.0331  data: 0.0000  max mem: 5880
      ITM Evaluation: [3000/6156]  eta: 0:01:42    time: 0.0323  data: 0.0000  max mem: 5880
      ITM Evaluation: [3100/6156]  eta: 0:01:38    time: 0.0319  data: 0.0000  max mem: 5880
      ITM Evaluation: [3200/6156]  eta: 0:01:35    time: 0.0322  data: 0.0000  max mem: 5880
      ITM Evaluation: [3300/6156]  eta: 0:01:32    time: 0.0329  data: 0.0000  max mem: 5880
      ITM Evaluation: [3400/6156]  eta: 0:01:29    time: 0.0324  data: 0.0000  max mem: 5880
      ITM Evaluation: [3500/6156]  eta: 0:01:26    time: 0.0319  data: 0.0000  max mem: 5880
      ITM Evaluation: [3600/6156]  eta: 0:01:22    time: 0.0321  data: 0.0000  max mem: 5880
      ITM Evaluation: [3700/6156]  eta: 0:01:19    time: 0.0317  data: 0.0000  max mem: 5880
      ITM Evaluation: [3800/6156]  eta: 0:01:16    time: 0.0323  data: 0.0000  max mem: 5880
      ITM Evaluation: [3900/6156]  eta: 0:01:13    time: 0.0315  data: 0.0000  max mem: 5880
      ITM Evaluation: [4000/6156]  eta: 0:01:09    time: 0.0322  data: 0.0000  max mem: 5880
      ITM Evaluation: [4100/6156]  eta: 0:01:06    time: 0.0330  data: 0.0000  max mem: 5880
      ITM Evaluation: [4200/6156]  eta: 0:01:03    time: 0.0329  data: 0.0000  max mem: 5880
      ITM Evaluation: [4300/6156]  eta: 0:01:00    time: 0.0334  data: 0.0000  max mem: 5880
      ITM Evaluation: [4400/6156]  eta: 0:00:56    time: 0.0326  data: 0.0000  max mem: 5880
      ITM Evaluation: [4500/6156]  eta: 0:00:53    time: 0.0319  data: 0.0000  max mem: 5880
      ITM Evaluation: [4600/6156]  eta: 0:00:50    time: 0.0322  data: 0.0000  max mem: 5880
      ITM Evaluation: [4700/6156]  eta: 0:00:47    time: 0.0335  data: 0.0000  max mem: 5880
      ITM Evaluation: [4800/6156]  eta: 0:00:43    time: 0.0323  data: 0.0000  max mem: 5880
      ITM Evaluation: [4900/6156]  eta: 0:00:40    time: 0.0328  data: 0.0000  max mem: 5880
      ITM Evaluation: [5000/6156]  eta: 0:00:37    time: 0.0321  data: 0.0000  max mem: 5880
      ITM Evaluation: [5100/6156]  eta: 0:00:34    time: 0.0330  data: 0.0000  max mem: 5880
      ITM Evaluation: [5200/6156]  eta: 0:00:31    time: 0.0325  data: 0.0000  max mem: 5880
      ITM Evaluation: [5300/6156]  eta: 0:00:27    time: 0.0340  data: 0.0000  max mem: 5880
      ITM Evaluation: [5400/6156]  eta: 0:00:24    time: 0.0352  data: 0.0000  max mem: 5880
      ITM Evaluation: [5500/6156]  eta: 0:00:21    time: 0.0358  data: 0.0000  max mem: 5880
      ITM Evaluation: [5600/6156]  eta: 0:00:18    time: 0.0358  data: 0.0000  max mem: 5880
      ITM Evaluation: [5700/6156]  eta: 0:00:14    time: 0.0328  data: 0.0000  max mem: 5880
      ITM Evaluation: [5800/6156]  eta: 0:00:11    time: 0.0341  data: 0.0000  max mem: 5880
      ITM Evaluation: [5900/6156]  eta: 0:00:08    time: 0.0330  data: 0.0000  max mem: 5880
      ITM Evaluation: [6000/6156]  eta: 0:00:05    time: 0.0325  data: 0.0000  max mem: 5880
      ITM Evaluation: [6100/6156]  eta: 0:00:01    time: 0.0324  data: 0.0000  max mem: 5880
      ITM Evaluation: [6155/6156]  eta: 0:00:00    time: 0.0329  data: 0.0000  max mem: 5880
      ITM Evaluation: Total time: 0:03:21 (0.0327 s / it)
     total_time 201.0893521308899
     Computing matching score time 0:03:21
### TTA ITM Score: 
+-------+--------+--------+--------+--------+--------+
| epoch |   R1   |   R5   |  R10   |  mAP   |  mINP  |
+-------+--------+--------+--------+--------+--------+
|  -999 | 70.760 | 87.378 | 92.268 | 63.849 | 48.174 |
|  -999 | 76.170 | 89.457 | 93.600 | 65.570 | 47.372 |
|   0   | 70.533 | 88.775 | 92.788 | 63.228 | 46.439 |
|   1   | 68.486 | 88.369 | 92.576 | 61.531 | 44.327 |
|   2   | 66.780 | 88.320 | 92.625 | 60.569 | 43.879 |
|   3   | 64.084 | 87.427 | 92.008 | 58.508 | 41.216 |
|   4   | 62.086 | 87.281 | 92.479 | 57.892 | 41.793 |
|   5   | 62.313 | 87.216 | 92.528 | 58.108 | 42.017 |
|   6   | 63.580 | 87.524 | 92.560 | 58.669 | 42.168 |
|   7   | 56.189 | 85.429 | 91.992 | 54.560 | 39.607 |
|   8   | 58.463 | 85.965 | 92.073 | 55.664 | 40.059 |
|   9   | 60.299 | 86.858 | 91.959 | 56.785 | 40.385 |
|   10  | 60.429 | 86.842 | 92.544 | 56.971 | 40.936 |
|   11  | 60.851 | 87.086 | 92.560 | 57.182 | 41.237 |
+-------+--------+--------+--------+--------+--------+
     logs:  {'epo': 11, 'R1': 60.851, 'R5': 87.086, 'R10': 92.56, 'mAP': 57.182, 'mINP': 41.237, 'lr': 0.000125, 'entropy': 0.134598, 'loss': 2.743524}
      TTA Epoch: [12] [  0/384]  eta: 0:03:46  lr: 0.000121  entropy: 0.0219  loss: 2.7015  time: 0.5889  data: 0.4907  max mem: 5880
      TTA Epoch: [12] [100/384]  eta: 0:00:15  lr: 0.000120  entropy: 0.1610  loss: 2.7534  time: 0.0478  data: 0.0001  max mem: 5880
      TTA Epoch: [12] [200/384]  eta: 0:00:09  lr: 0.000118  entropy: 0.2102  loss: 2.7716  time: 0.0503  data: 0.0001  max mem: 5880
      TTA Epoch: [12] [300/384]  eta: 0:00:04  lr: 0.000116  entropy: 0.0763  loss: 2.7218  time: 0.0571  data: 0.0002  max mem: 5880
      TTA Epoch: [12] [383/384]  eta: 0:00:00  lr: 0.000115  entropy: 0.1002  loss: 2.7309  time: 0.0565  data: 0.0001  max mem: 5880
      TTA Epoch: [12] Total time: 0:00:21 (0.0548 s / it)
     Averaged stats: lr: 0.0001  entropy: 0.1306  loss: 2.7421
     itm tta time 0:00:21
     Computing matching score
      ITM Evaluation: [   0/6156]  eta: 0:04:06    time: 0.0400  data: 0.0070  max mem: 5880
      ITM Evaluation: [ 100/6156]  eta: 0:03:34    time: 0.0341  data: 0.0000  max mem: 5880
      ITM Evaluation: [ 200/6156]  eta: 0:03:24    time: 0.0327  data: 0.0000  max mem: 5880
      ITM Evaluation: [ 300/6156]  eta: 0:03:17    time: 0.0318  data: 0.0000  max mem: 5880
      ITM Evaluation: [ 400/6156]  eta: 0:03:12    time: 0.0328  data: 0.0000  max mem: 5880
      ITM Evaluation: [ 500/6156]  eta: 0:03:08    time: 0.0325  data: 0.0000  max mem: 5880
      ITM Evaluation: [ 600/6156]  eta: 0:03:04    time: 0.0328  data: 0.0000  max mem: 5880
      ITM Evaluation: [ 700/6156]  eta: 0:03:00    time: 0.0328  data: 0.0000  max mem: 5880
      ITM Evaluation: [ 800/6156]  eta: 0:02:57    time: 0.0323  data: 0.0000  max mem: 5880
      ITM Evaluation: [ 900/6156]  eta: 0:02:53    time: 0.0328  data: 0.0000  max mem: 5880
      ITM Evaluation: [1000/6156]  eta: 0:02:49    time: 0.0326  data: 0.0000  max mem: 5880
      ITM Evaluation: [1100/6156]  eta: 0:02:46    time: 0.0344  data: 0.0000  max mem: 5880
      ITM Evaluation: [1200/6156]  eta: 0:02:44    time: 0.0348  data: 0.0000  max mem: 5880
      ITM Evaluation: [1300/6156]  eta: 0:02:42    time: 0.0341  data: 0.0000  max mem: 5880
      ITM Evaluation: [1400/6156]  eta: 0:02:38    time: 0.0322  data: 0.0000  max mem: 5880
      ITM Evaluation: [1500/6156]  eta: 0:02:35    time: 0.0322  data: 0.0000  max mem: 5880
      ITM Evaluation: [1600/6156]  eta: 0:02:31    time: 0.0329  data: 0.0000  max mem: 5880
      ITM Evaluation: [1700/6156]  eta: 0:02:27    time: 0.0314  data: 0.0000  max mem: 5880
      ITM Evaluation: [1800/6156]  eta: 0:02:24    time: 0.0325  data: 0.0000  max mem: 5880
      ITM Evaluation: [1900/6156]  eta: 0:02:20    time: 0.0328  data: 0.0000  max mem: 5880
      ITM Evaluation: [2000/6156]  eta: 0:02:17    time: 0.0330  data: 0.0000  max mem: 5880
      ITM Evaluation: [2100/6156]  eta: 0:02:13    time: 0.0331  data: 0.0000  max mem: 5880
      ITM Evaluation: [2200/6156]  eta: 0:02:10    time: 0.0325  data: 0.0000  max mem: 5880
      ITM Evaluation: [2300/6156]  eta: 0:02:07    time: 0.0331  data: 0.0000  max mem: 5880
      ITM Evaluation: [2400/6156]  eta: 0:02:04    time: 0.0344  data: 0.0000  max mem: 5880
      ITM Evaluation: [2500/6156]  eta: 0:02:01    time: 0.0369  data: 0.0000  max mem: 5880
      ITM Evaluation: [2600/6156]  eta: 0:01:58    time: 0.0354  data: 0.0000  max mem: 5880
      ITM Evaluation: [2700/6156]  eta: 0:01:54    time: 0.0321  data: 0.0000  max mem: 5880
      ITM Evaluation: [2800/6156]  eta: 0:01:51    time: 0.0327  data: 0.0000  max mem: 5880
      ITM Evaluation: [2900/6156]  eta: 0:01:48    time: 0.0323  data: 0.0000  max mem: 5880
      ITM Evaluation: [3000/6156]  eta: 0:01:44    time: 0.0328  data: 0.0000  max mem: 5880
      ITM Evaluation: [3100/6156]  eta: 0:01:41    time: 0.0329  data: 0.0000  max mem: 5880
      ITM Evaluation: [3200/6156]  eta: 0:01:37    time: 0.0331  data: 0.0000  max mem: 5880
      ITM Evaluation: [3300/6156]  eta: 0:01:34    time: 0.0333  data: 0.0000  max mem: 5880
      ITM Evaluation: [3400/6156]  eta: 0:01:31    time: 0.0335  data: 0.0000  max mem: 5880
      ITM Evaluation: [3500/6156]  eta: 0:01:28    time: 0.0343  data: 0.0000  max mem: 5880
      ITM Evaluation: [3600/6156]  eta: 0:01:24    time: 0.0332  data: 0.0000  max mem: 5880
      ITM Evaluation: [3700/6156]  eta: 0:01:21    time: 0.0339  data: 0.0000  max mem: 5880
      ITM Evaluation: [3800/6156]  eta: 0:01:18    time: 0.0343  data: 0.0000  max mem: 5880
      ITM Evaluation: [3900/6156]  eta: 0:01:15    time: 0.0330  data: 0.0000  max mem: 5880
      ITM Evaluation: [4000/6156]  eta: 0:01:11    time: 0.0326  data: 0.0000  max mem: 5880
      ITM Evaluation: [4100/6156]  eta: 0:01:08    time: 0.0326  data: 0.0000  max mem: 5880
      ITM Evaluation: [4200/6156]  eta: 0:01:05    time: 0.0327  data: 0.0000  max mem: 5880
      ITM Evaluation: [4300/6156]  eta: 0:01:01    time: 0.0329  data: 0.0000  max mem: 5880
      ITM Evaluation: [4400/6156]  eta: 0:00:58    time: 0.0328  data: 0.0000  max mem: 5880
      ITM Evaluation: [4500/6156]  eta: 0:00:55    time: 0.0326  data: 0.0000  max mem: 5880
      ITM Evaluation: [4600/6156]  eta: 0:00:51    time: 0.0336  data: 0.0000  max mem: 5880
      ITM Evaluation: [4700/6156]  eta: 0:00:48    time: 0.0338  data: 0.0000  max mem: 5880
      ITM Evaluation: [4800/6156]  eta: 0:00:45    time: 0.0327  data: 0.0000  max mem: 5880
      ITM Evaluation: [4900/6156]  eta: 0:00:41    time: 0.0329  data: 0.0000  max mem: 5880
      ITM Evaluation: [5000/6156]  eta: 0:00:38    time: 0.0344  data: 0.0000  max mem: 5880
      ITM Evaluation: [5100/6156]  eta: 0:00:35    time: 0.0348  data: 0.0000  max mem: 5880
      ITM Evaluation: [5200/6156]  eta: 0:00:31    time: 0.0360  data: 0.0000  max mem: 5880
      ITM Evaluation: [5300/6156]  eta: 0:00:28    time: 0.0323  data: 0.0000  max mem: 5880
      ITM Evaluation: [5400/6156]  eta: 0:00:25    time: 0.0330  data: 0.0000  max mem: 5880
      ITM Evaluation: [5500/6156]  eta: 0:00:21    time: 0.0321  data: 0.0000  max mem: 5880
      ITM Evaluation: [5600/6156]  eta: 0:00:18    time: 0.0327  data: 0.0000  max mem: 5880
      ITM Evaluation: [5700/6156]  eta: 0:00:15    time: 0.0343  data: 0.0000  max mem: 5880
      ITM Evaluation: [5800/6156]  eta: 0:00:11    time: 0.0346  data: 0.0000  max mem: 5880
      ITM Evaluation: [5900/6156]  eta: 0:00:08    time: 0.0337  data: 0.0000  max mem: 5880
      ITM Evaluation: [6000/6156]  eta: 0:00:05    time: 0.0342  data: 0.0000  max mem: 5880
      ITM Evaluation: [6100/6156]  eta: 0:00:01    time: 0.0336  data: 0.0000  max mem: 5880
      ITM Evaluation: [6155/6156]  eta: 0:00:00    time: 0.0319  data: 0.0000  max mem: 5880
      ITM Evaluation: Total time: 0:03:25 (0.0334 s / it)
     total_time 205.79384303092957
     Computing matching score time 0:03:25
### TTA ITM Score: 
+-------+--------+--------+--------+--------+--------+
| epoch |   R1   |   R5   |  R10   |  mAP   |  mINP  |
+-------+--------+--------+--------+--------+--------+
|  -999 | 70.760 | 87.378 | 92.268 | 63.849 | 48.174 |
|  -999 | 76.170 | 89.457 | 93.600 | 65.570 | 47.372 |
|   0   | 70.533 | 88.775 | 92.788 | 63.228 | 46.439 |
|   1   | 68.486 | 88.369 | 92.576 | 61.531 | 44.327 |
|   2   | 66.780 | 88.320 | 92.625 | 60.569 | 43.879 |
|   3   | 64.084 | 87.427 | 92.008 | 58.508 | 41.216 |
|   4   | 62.086 | 87.281 | 92.479 | 57.892 | 41.793 |
|   5   | 62.313 | 87.216 | 92.528 | 58.108 | 42.017 |
|   6   | 63.580 | 87.524 | 92.560 | 58.669 | 42.168 |
|   7   | 56.189 | 85.429 | 91.992 | 54.560 | 39.607 |
|   8   | 58.463 | 85.965 | 92.073 | 55.664 | 40.059 |
|   9   | 60.299 | 86.858 | 91.959 | 56.785 | 40.385 |
|   10  | 60.429 | 86.842 | 92.544 | 56.971 | 40.936 |
|   11  | 60.851 | 87.086 | 92.560 | 57.182 | 41.237 |
|   12  | 58.804 | 86.485 | 92.398 | 56.176 | 40.588 |
+-------+--------+--------+--------+--------+--------+
     logs:  {'epo': 12, 'R1': 58.804, 'R5': 86.485, 'R10': 92.398, 'mAP': 56.176, 'mINP': 40.588, 'lr': 0.000118, 'entropy': 0.130629, 'loss': 2.742052}
      TTA Epoch: [13] [  0/384]  eta: 0:04:15  lr: 0.000115  entropy: 0.1595  loss: 2.7528  time: 0.6663  data: 0.4834  max mem: 5880
      TTA Epoch: [13] [100/384]  eta: 0:00:17  lr: 0.000113  entropy: 0.1132  loss: 2.7354  time: 0.0530  data: 0.0001  max mem: 5880
      TTA Epoch: [13] [200/384]  eta: 0:00:10  lr: 0.000111  entropy: 0.1592  loss: 2.7528  time: 0.0529  data: 0.0001  max mem: 5880
      TTA Epoch: [13] [300/384]  eta: 0:00:04  lr: 0.000109  entropy: 0.1215  loss: 2.7384  time: 0.0518  data: 0.0001  max mem: 5880
      TTA Epoch: [13] [383/384]  eta: 0:00:00  lr: 0.000108  entropy: 0.1040  loss: 2.7321  time: 0.0465  data: 0.0001  max mem: 5880
      TTA Epoch: [13] Total time: 0:00:20 (0.0541 s / it)
     Averaged stats: lr: 0.0001  entropy: 0.1340  loss: 2.7433
     itm tta time 0:00:21
     Computing matching score
      ITM Evaluation: [   0/6156]  eta: 0:04:38    time: 0.0452  data: 0.0071  max mem: 5880
      ITM Evaluation: [ 100/6156]  eta: 0:03:27    time: 0.0334  data: 0.0000  max mem: 5880
      ITM Evaluation: [ 200/6156]  eta: 0:03:22    time: 0.0331  data: 0.0000  max mem: 5880
      ITM Evaluation: [ 300/6156]  eta: 0:03:16    time: 0.0327  data: 0.0000  max mem: 5880
      ITM Evaluation: [ 400/6156]  eta: 0:03:11    time: 0.0321  data: 0.0000  max mem: 5880
      ITM Evaluation: [ 500/6156]  eta: 0:03:07    time: 0.0332  data: 0.0000  max mem: 5880
      ITM Evaluation: [ 600/6156]  eta: 0:03:03    time: 0.0325  data: 0.0000  max mem: 5880
      ITM Evaluation: [ 700/6156]  eta: 0:03:02    time: 0.0358  data: 0.0000  max mem: 5880
      ITM Evaluation: [ 800/6156]  eta: 0:03:00    time: 0.0355  data: 0.0000  max mem: 5880
      ITM Evaluation: [ 900/6156]  eta: 0:02:58    time: 0.0337  data: 0.0000  max mem: 5880
      ITM Evaluation: [1000/6156]  eta: 0:02:54    time: 0.0341  data: 0.0000  max mem: 5880
      ITM Evaluation: [1100/6156]  eta: 0:02:51    time: 0.0337  data: 0.0000  max mem: 5880
      ITM Evaluation: [1200/6156]  eta: 0:02:47    time: 0.0343  data: 0.0000  max mem: 5880
      ITM Evaluation: [1300/6156]  eta: 0:02:44    time: 0.0333  data: 0.0000  max mem: 5880
      ITM Evaluation: [1400/6156]  eta: 0:02:41    time: 0.0356  data: 0.0000  max mem: 5880
      ITM Evaluation: [1500/6156]  eta: 0:02:38    time: 0.0358  data: 0.0000  max mem: 5880
      ITM Evaluation: [1600/6156]  eta: 0:02:35    time: 0.0347  data: 0.0000  max mem: 5880
      ITM Evaluation: [1700/6156]  eta: 0:02:31    time: 0.0348  data: 0.0000  max mem: 5880
      ITM Evaluation: [1800/6156]  eta: 0:02:28    time: 0.0358  data: 0.0000  max mem: 5880
      ITM Evaluation: [1900/6156]  eta: 0:02:25    time: 0.0369  data: 0.0000  max mem: 5880
      ITM Evaluation: [2000/6156]  eta: 0:02:23    time: 0.0390  data: 0.0000  max mem: 5880
      ITM Evaluation: [2100/6156]  eta: 0:02:20    time: 0.0407  data: 0.0000  max mem: 5880
      ITM Evaluation: [2200/6156]  eta: 0:02:18    time: 0.0357  data: 0.0000  max mem: 5880
      ITM Evaluation: [2300/6156]  eta: 0:02:14    time: 0.0353  data: 0.0000  max mem: 5880
      ITM Evaluation: [2400/6156]  eta: 0:02:11    time: 0.0372  data: 0.0000  max mem: 5880
      ITM Evaluation: [2500/6156]  eta: 0:02:08    time: 0.0377  data: 0.0000  max mem: 5880
      ITM Evaluation: [2600/6156]  eta: 0:02:05    time: 0.0375  data: 0.0000  max mem: 5880
      ITM Evaluation: [2700/6156]  eta: 0:02:01    time: 0.0370  data: 0.0000  max mem: 5880
      ITM Evaluation: [2800/6156]  eta: 0:01:58    time: 0.0372  data: 0.0000  max mem: 5880
      ITM Evaluation: [2900/6156]  eta: 0:01:55    time: 0.0365  data: 0.0000  max mem: 5880
      ITM Evaluation: [3000/6156]  eta: 0:01:51    time: 0.0381  data: 0.0000  max mem: 5880
      ITM Evaluation: [3100/6156]  eta: 0:01:48    time: 0.0402  data: 0.0000  max mem: 5880
      ITM Evaluation: [3200/6156]  eta: 0:01:46    time: 0.0448  data: 0.0000  max mem: 5880
      ITM Evaluation: [3300/6156]  eta: 0:01:42    time: 0.0411  data: 0.0000  max mem: 5880
      ITM Evaluation: [3400/6156]  eta: 0:01:39    time: 0.0356  data: 0.0000  max mem: 5880
      ITM Evaluation: [3500/6156]  eta: 0:01:35    time: 0.0345  data: 0.0000  max mem: 5880
      ITM Evaluation: [3600/6156]  eta: 0:01:31    time: 0.0368  data: 0.0000  max mem: 5880
      ITM Evaluation: [3700/6156]  eta: 0:01:28    time: 0.0395  data: 0.0000  max mem: 5880
      ITM Evaluation: [3800/6156]  eta: 0:01:25    time: 0.0370  data: 0.0000  max mem: 5880
      ITM Evaluation: [3900/6156]  eta: 0:01:21    time: 0.0419  data: 0.0000  max mem: 5880
      ITM Evaluation: [4000/6156]  eta: 0:01:18    time: 0.0403  data: 0.0000  max mem: 5880
      ITM Evaluation: [4100/6156]  eta: 0:01:15    time: 0.0439  data: 0.0000  max mem: 5880
      ITM Evaluation: [4200/6156]  eta: 0:01:11    time: 0.0396  data: 0.0000  max mem: 5880
      ITM Evaluation: [4300/6156]  eta: 0:01:08    time: 0.0468  data: 0.0000  max mem: 5880
      ITM Evaluation: [4400/6156]  eta: 0:01:05    time: 0.0448  data: 0.0000  max mem: 5880
      ITM Evaluation: [4500/6156]  eta: 0:01:01    time: 0.0411  data: 0.0000  max mem: 5880
      ITM Evaluation: [4600/6156]  eta: 0:00:58    time: 0.0350  data: 0.0000  max mem: 5880
      ITM Evaluation: [4700/6156]  eta: 0:00:54    time: 0.0348  data: 0.0000  max mem: 5880
      ITM Evaluation: [4800/6156]  eta: 0:00:50    time: 0.0395  data: 0.0000  max mem: 5880
      ITM Evaluation: [4900/6156]  eta: 0:00:46    time: 0.0375  data: 0.0000  max mem: 5880
      ITM Evaluation: [5000/6156]  eta: 0:00:43    time: 0.0345  data: 0.0000  max mem: 5880
      ITM Evaluation: [5100/6156]  eta: 0:00:39    time: 0.0351  data: 0.0000  max mem: 5880
      ITM Evaluation: [5200/6156]  eta: 0:00:35    time: 0.0342  data: 0.0000  max mem: 5880
      ITM Evaluation: [5300/6156]  eta: 0:00:31    time: 0.0350  data: 0.0000  max mem: 5880
      ITM Evaluation: [5400/6156]  eta: 0:00:28    time: 0.0353  data: 0.0000  max mem: 5880
      ITM Evaluation: [5500/6156]  eta: 0:00:24    time: 0.0344  data: 0.0000  max mem: 5880
      ITM Evaluation: [5600/6156]  eta: 0:00:20    time: 0.0368  data: 0.0000  max mem: 5880
      ITM Evaluation: [5700/6156]  eta: 0:00:16    time: 0.0358  data: 0.0000  max mem: 5880
      ITM Evaluation: [5800/6156]  eta: 0:00:13    time: 0.0368  data: 0.0000  max mem: 5880
      ITM Evaluation: [5900/6156]  eta: 0:00:09    time: 0.0397  data: 0.0000  max mem: 5880
      ITM Evaluation: [6000/6156]  eta: 0:00:05    time: 0.0367  data: 0.0000  max mem: 5880
      ITM Evaluation: [6100/6156]  eta: 0:00:02    time: 0.0354  data: 0.0000  max mem: 5880
      ITM Evaluation: [6155/6156]  eta: 0:00:00    time: 0.0353  data: 0.0000  max mem: 5880
      ITM Evaluation: Total time: 0:03:48 (0.0371 s / it)
     total_time 228.54822278022766
     Computing matching score time 0:03:48
### TTA ITM Score: 
+-------+--------+--------+--------+--------+--------+
| epoch |   R1   |   R5   |  R10   |  mAP   |  mINP  |
+-------+--------+--------+--------+--------+--------+
|  -999 | 70.760 | 87.378 | 92.268 | 63.849 | 48.174 |
|  -999 | 76.170 | 89.457 | 93.600 | 65.570 | 47.372 |
|   0   | 70.533 | 88.775 | 92.788 | 63.228 | 46.439 |
|   1   | 68.486 | 88.369 | 92.576 | 61.531 | 44.327 |
|   2   | 66.780 | 88.320 | 92.625 | 60.569 | 43.879 |
|   3   | 64.084 | 87.427 | 92.008 | 58.508 | 41.216 |
|   4   | 62.086 | 87.281 | 92.479 | 57.892 | 41.793 |
|   5   | 62.313 | 87.216 | 92.528 | 58.108 | 42.017 |
|   6   | 63.580 | 87.524 | 92.560 | 58.669 | 42.168 |
|   7   | 56.189 | 85.429 | 91.992 | 54.560 | 39.607 |
|   8   | 58.463 | 85.965 | 92.073 | 55.664 | 40.059 |
|   9   | 60.299 | 86.858 | 91.959 | 56.785 | 40.385 |
|   10  | 60.429 | 86.842 | 92.544 | 56.971 | 40.936 |
|   11  | 60.851 | 87.086 | 92.560 | 57.182 | 41.237 |
|   12  | 58.804 | 86.485 | 92.398 | 56.176 | 40.588 |
|   13  | 58.723 | 86.371 | 92.300 | 55.986 | 40.291 |
+-------+--------+--------+--------+--------+--------+
     logs:  {'epo': 13, 'R1': 58.723, 'R5': 86.371, 'R10': 92.3, 'mAP': 55.986, 'mINP': 40.291, 'lr': 0.000111, 'entropy': 0.134042, 'loss': 2.743318}
      TTA Epoch: [14] [  0/384]  eta: 0:03:26  lr: 0.000108  entropy: 0.2145  loss: 2.7732  time: 0.5379  data: 0.4399  max mem: 5880
      TTA Epoch: [14] [100/384]  eta: 0:00:15  lr: 0.000106  entropy: 0.2908  loss: 2.8016  time: 0.0446  data: 0.0001  max mem: 5880
      TTA Epoch: [14] [200/384]  eta: 0:00:09  lr: 0.000104  entropy: 0.2290  loss: 2.7784  time: 0.0449  data: 0.0001  max mem: 5880
      TTA Epoch: [14] [300/384]  eta: 0:00:04  lr: 0.000103  entropy: 0.1081  loss: 2.7338  time: 0.0470  data: 0.0001  max mem: 5880
      TTA Epoch: [14] [383/384]  eta: 0:00:00  lr: 0.000101  entropy: 0.0850  loss: 2.7249  time: 0.0435  data: 0.0001  max mem: 5880
      TTA Epoch: [14] Total time: 0:00:18 (0.0486 s / it)
     Averaged stats: lr: 0.0001  entropy: 0.1279  loss: 2.7410
     itm tta time 0:00:18
     Computing matching score
      ITM Evaluation: [   0/6156]  eta: 0:05:27    time: 0.0532  data: 0.0084  max mem: 5880
      ITM Evaluation: [ 100/6156]  eta: 0:03:35    time: 0.0350  data: 0.0000  max mem: 5880
      ITM Evaluation: [ 200/6156]  eta: 0:03:32    time: 0.0353  data: 0.0000  max mem: 5880
      ITM Evaluation: [ 300/6156]  eta: 0:03:30    time: 0.0367  data: 0.0000  max mem: 5880
      ITM Evaluation: [ 400/6156]  eta: 0:03:26    time: 0.0348  data: 0.0000  max mem: 5880
      ITM Evaluation: [ 500/6156]  eta: 0:03:21    time: 0.0349  data: 0.0000  max mem: 5880
      ITM Evaluation: [ 600/6156]  eta: 0:03:17    time: 0.0349  data: 0.0000  max mem: 5880
      ITM Evaluation: [ 700/6156]  eta: 0:03:14    time: 0.0358  data: 0.0000  max mem: 5880
      ITM Evaluation: [ 800/6156]  eta: 0:03:10    time: 0.0352  data: 0.0000  max mem: 5880
      ITM Evaluation: [ 900/6156]  eta: 0:03:06    time: 0.0357  data: 0.0000  max mem: 5880
      ITM Evaluation: [1000/6156]  eta: 0:03:04    time: 0.0362  data: 0.0000  max mem: 5880
      ITM Evaluation: [1100/6156]  eta: 0:03:00    time: 0.0357  data: 0.0000  max mem: 5880
      ITM Evaluation: [1200/6156]  eta: 0:02:56    time: 0.0356  data: 0.0000  max mem: 5880
      ITM Evaluation: [1300/6156]  eta: 0:02:53    time: 0.0372  data: 0.0000  max mem: 5880
      ITM Evaluation: [1400/6156]  eta: 0:02:50    time: 0.0348  data: 0.0000  max mem: 5880
      ITM Evaluation: [1500/6156]  eta: 0:02:46    time: 0.0355  data: 0.0000  max mem: 5880
      ITM Evaluation: [1600/6156]  eta: 0:02:42    time: 0.0347  data: 0.0000  max mem: 5880
      ITM Evaluation: [1700/6156]  eta: 0:02:39    time: 0.0351  data: 0.0000  max mem: 5880
      ITM Evaluation: [1800/6156]  eta: 0:02:35    time: 0.0358  data: 0.0000  max mem: 5880
      ITM Evaluation: [1900/6156]  eta: 0:02:31    time: 0.0354  data: 0.0000  max mem: 5880
      ITM Evaluation: [2000/6156]  eta: 0:02:28    time: 0.0370  data: 0.0000  max mem: 5880
      ITM Evaluation: [2100/6156]  eta: 0:02:24    time: 0.0353  data: 0.0000  max mem: 5880
      ITM Evaluation: [2200/6156]  eta: 0:02:21    time: 0.0354  data: 0.0000  max mem: 5880
      ITM Evaluation: [2300/6156]  eta: 0:02:17    time: 0.0362  data: 0.0000  max mem: 5880
      ITM Evaluation: [2400/6156]  eta: 0:02:14    time: 0.0374  data: 0.0000  max mem: 5880
      ITM Evaluation: [2500/6156]  eta: 0:02:10    time: 0.0353  data: 0.0000  max mem: 5880
      ITM Evaluation: [2600/6156]  eta: 0:02:07    time: 0.0358  data: 0.0000  max mem: 5880
      ITM Evaluation: [2700/6156]  eta: 0:02:03    time: 0.0355  data: 0.0000  max mem: 5880
      ITM Evaluation: [2800/6156]  eta: 0:01:59    time: 0.0352  data: 0.0000  max mem: 5880
      ITM Evaluation: [2900/6156]  eta: 0:01:56    time: 0.0353  data: 0.0000  max mem: 5880
      ITM Evaluation: [3000/6156]  eta: 0:01:52    time: 0.0374  data: 0.0000  max mem: 5880
      ITM Evaluation: [3100/6156]  eta: 0:01:49    time: 0.0365  data: 0.0000  max mem: 5880
      ITM Evaluation: [3200/6156]  eta: 0:01:45    time: 0.0350  data: 0.0000  max mem: 5880
      ITM Evaluation: [3300/6156]  eta: 0:01:42    time: 0.0357  data: 0.0000  max mem: 5880
      ITM Evaluation: [3400/6156]  eta: 0:01:38    time: 0.0370  data: 0.0000  max mem: 5880
      ITM Evaluation: [3500/6156]  eta: 0:01:35    time: 0.0365  data: 0.0000  max mem: 5880
      ITM Evaluation: [3600/6156]  eta: 0:01:31    time: 0.0352  data: 0.0000  max mem: 5880
      ITM Evaluation: [3700/6156]  eta: 0:01:27    time: 0.0353  data: 0.0000  max mem: 5880
      ITM Evaluation: [3800/6156]  eta: 0:01:24    time: 0.0327  data: 0.0000  max mem: 5880
      ITM Evaluation: [3900/6156]  eta: 0:01:20    time: 0.0334  data: 0.0000  max mem: 5880
      ITM Evaluation: [4000/6156]  eta: 0:01:16    time: 0.0319  data: 0.0000  max mem: 5880
      ITM Evaluation: [4100/6156]  eta: 0:01:13    time: 0.0335  data: 0.0000  max mem: 5880
      ITM Evaluation: [4200/6156]  eta: 0:01:09    time: 0.0322  data: 0.0000  max mem: 5880
      ITM Evaluation: [4300/6156]  eta: 0:01:05    time: 0.0328  data: 0.0000  max mem: 5880
      ITM Evaluation: [4400/6156]  eta: 0:01:02    time: 0.0332  data: 0.0000  max mem: 5880
      ITM Evaluation: [4500/6156]  eta: 0:00:58    time: 0.0346  data: 0.0000  max mem: 5880
      ITM Evaluation: [4600/6156]  eta: 0:00:54    time: 0.0324  data: 0.0000  max mem: 5880
      ITM Evaluation: [4700/6156]  eta: 0:00:51    time: 0.0326  data: 0.0000  max mem: 5880
      ITM Evaluation: [4800/6156]  eta: 0:00:47    time: 0.0326  data: 0.0000  max mem: 5880
      ITM Evaluation: [4900/6156]  eta: 0:00:44    time: 0.0332  data: 0.0000  max mem: 5880
      ITM Evaluation: [5000/6156]  eta: 0:00:40    time: 0.0318  data: 0.0000  max mem: 5880
      ITM Evaluation: [5100/6156]  eta: 0:00:36    time: 0.0321  data: 0.0000  max mem: 5880
      ITM Evaluation: [5200/6156]  eta: 0:00:33    time: 0.0344  data: 0.0000  max mem: 5880
      ITM Evaluation: [5300/6156]  eta: 0:00:29    time: 0.0326  data: 0.0000  max mem: 5880
      ITM Evaluation: [5400/6156]  eta: 0:00:26    time: 0.0328  data: 0.0000  max mem: 5880
      ITM Evaluation: [5500/6156]  eta: 0:00:22    time: 0.0322  data: 0.0000  max mem: 5880
      ITM Evaluation: [5600/6156]  eta: 0:00:19    time: 0.0329  data: 0.0000  max mem: 5880
      ITM Evaluation: [5700/6156]  eta: 0:00:15    time: 0.0321  data: 0.0000  max mem: 5880
      ITM Evaluation: [5800/6156]  eta: 0:00:12    time: 0.0328  data: 0.0000  max mem: 5880
      ITM Evaluation: [5900/6156]  eta: 0:00:08    time: 0.0335  data: 0.0000  max mem: 5880
      ITM Evaluation: [6000/6156]  eta: 0:00:05    time: 0.0335  data: 0.0000  max mem: 5880
      ITM Evaluation: [6100/6156]  eta: 0:00:01    time: 0.0325  data: 0.0000  max mem: 5880
      ITM Evaluation: [6155/6156]  eta: 0:00:00    time: 0.0326  data: 0.0000  max mem: 5880
      ITM Evaluation: Total time: 0:03:33 (0.0347 s / it)
     total_time 213.5622866153717
     Computing matching score time 0:03:33
### TTA ITM Score: 
+-------+--------+--------+--------+--------+--------+
| epoch |   R1   |   R5   |  R10   |  mAP   |  mINP  |
+-------+--------+--------+--------+--------+--------+
|  -999 | 70.760 | 87.378 | 92.268 | 63.849 | 48.174 |
|  -999 | 76.170 | 89.457 | 93.600 | 65.570 | 47.372 |
|   0   | 70.533 | 88.775 | 92.788 | 63.228 | 46.439 |
|   1   | 68.486 | 88.369 | 92.576 | 61.531 | 44.327 |
|   2   | 66.780 | 88.320 | 92.625 | 60.569 | 43.879 |
|   3   | 64.084 | 87.427 | 92.008 | 58.508 | 41.216 |
|   4   | 62.086 | 87.281 | 92.479 | 57.892 | 41.793 |
|   5   | 62.313 | 87.216 | 92.528 | 58.108 | 42.017 |
|   6   | 63.580 | 87.524 | 92.560 | 58.669 | 42.168 |
|   7   | 56.189 | 85.429 | 91.992 | 54.560 | 39.607 |
|   8   | 58.463 | 85.965 | 92.073 | 55.664 | 40.059 |
|   9   | 60.299 | 86.858 | 91.959 | 56.785 | 40.385 |
|   10  | 60.429 | 86.842 | 92.544 | 56.971 | 40.936 |
|   11  | 60.851 | 87.086 | 92.560 | 57.182 | 41.237 |
|   12  | 58.804 | 86.485 | 92.398 | 56.176 | 40.588 |
|   13  | 58.723 | 86.371 | 92.300 | 55.986 | 40.291 |
|   14  | 62.476 | 87.297 | 92.641 | 57.848 | 41.441 |
+-------+--------+--------+--------+--------+--------+
     logs:  {'epo': 14, 'R1': 62.476, 'R5': 87.297, 'R10': 92.641, 'mAP': 57.848, 'mINP': 41.441, 'lr': 0.000105, 'entropy': 0.127874, 'loss': 2.741028}
      TTA Epoch: [15] [  0/384]  eta: 0:03:27  lr: 0.000101  entropy: 0.2201  loss: 2.7754  time: 0.5391  data: 0.4228  max mem: 5880
      TTA Epoch: [15] [100/384]  eta: 0:00:15  lr: 0.000099  entropy: 0.1323  loss: 2.7423  time: 0.0482  data: 0.0002  max mem: 5880
      TTA Epoch: [15] [200/384]  eta: 0:00:09  lr: 0.000098  entropy: 0.0393  loss: 2.7082  time: 0.0469  data: 0.0001  max mem: 5880
      TTA Epoch: [15] [300/384]  eta: 0:00:04  lr: 0.000096  entropy: 0.0467  loss: 2.7108  time: 0.0654  data: 0.0002  max mem: 5880
      TTA Epoch: [15] [383/384]  eta: 0:00:00  lr: 0.000094  entropy: 0.0764  loss: 2.7218  time: 0.0451  data: 0.0001  max mem: 5880
      TTA Epoch: [15] Total time: 0:00:19 (0.0518 s / it)
     Averaged stats: lr: 0.0001  entropy: 0.1252  loss: 2.7400
     itm tta time 0:00:20
     Computing matching score
      ITM Evaluation: [   0/6156]  eta: 0:03:57    time: 0.0385  data: 0.0059  max mem: 5880
      ITM Evaluation: [ 100/6156]  eta: 0:03:16    time: 0.0330  data: 0.0000  max mem: 5880
      ITM Evaluation: [ 200/6156]  eta: 0:03:12    time: 0.0327  data: 0.0000  max mem: 5880
      ITM Evaluation: [ 300/6156]  eta: 0:03:09    time: 0.0325  data: 0.0000  max mem: 5880
      ITM Evaluation: [ 400/6156]  eta: 0:03:06    time: 0.0327  data: 0.0000  max mem: 5880
      ITM Evaluation: [ 500/6156]  eta: 0:03:03    time: 0.0323  data: 0.0000  max mem: 5880
      ITM Evaluation: [ 600/6156]  eta: 0:03:01    time: 0.0348  data: 0.0000  max mem: 5880
      ITM Evaluation: [ 700/6156]  eta: 0:02:58    time: 0.0328  data: 0.0000  max mem: 5880
      ITM Evaluation: [ 800/6156]  eta: 0:02:55    time: 0.0328  data: 0.0000  max mem: 5880
      ITM Evaluation: [ 900/6156]  eta: 0:02:51    time: 0.0320  data: 0.0000  max mem: 5880
      ITM Evaluation: [1000/6156]  eta: 0:02:49    time: 0.0348  data: 0.0000  max mem: 5880
      ITM Evaluation: [1100/6156]  eta: 0:02:46    time: 0.0332  data: 0.0000  max mem: 5880
      ITM Evaluation: [1200/6156]  eta: 0:02:42    time: 0.0324  data: 0.0000  max mem: 5880
      ITM Evaluation: [1300/6156]  eta: 0:02:39    time: 0.0329  data: 0.0000  max mem: 5880
      ITM Evaluation: [1400/6156]  eta: 0:02:36    time: 0.0321  data: 0.0000  max mem: 5880
      ITM Evaluation: [1500/6156]  eta: 0:02:32    time: 0.0324  data: 0.0000  max mem: 5880
      ITM Evaluation: [1600/6156]  eta: 0:02:29    time: 0.0335  data: 0.0000  max mem: 5880
      ITM Evaluation: [1700/6156]  eta: 0:02:26    time: 0.0348  data: 0.0000  max mem: 5880
      ITM Evaluation: [1800/6156]  eta: 0:02:23    time: 0.0335  data: 0.0000  max mem: 5880
      ITM Evaluation: [1900/6156]  eta: 0:02:19    time: 0.0322  data: 0.0000  max mem: 5880
      ITM Evaluation: [2000/6156]  eta: 0:02:16    time: 0.0333  data: 0.0000  max mem: 5880
      ITM Evaluation: [2100/6156]  eta: 0:02:13    time: 0.0351  data: 0.0000  max mem: 5880
      ITM Evaluation: [2200/6156]  eta: 0:02:10    time: 0.0332  data: 0.0000  max mem: 5880
      ITM Evaluation: [2300/6156]  eta: 0:02:07    time: 0.0326  data: 0.0000  max mem: 5880
      ITM Evaluation: [2400/6156]  eta: 0:02:03    time: 0.0321  data: 0.0000  max mem: 5880
      ITM Evaluation: [2500/6156]  eta: 0:02:00    time: 0.0325  data: 0.0000  max mem: 5880
      ITM Evaluation: [2600/6156]  eta: 0:01:57    time: 0.0330  data: 0.0000  max mem: 5880
      ITM Evaluation: [2700/6156]  eta: 0:01:53    time: 0.0340  data: 0.0000  max mem: 5880
      ITM Evaluation: [2800/6156]  eta: 0:01:50    time: 0.0347  data: 0.0000  max mem: 5880
      ITM Evaluation: [2900/6156]  eta: 0:01:47    time: 0.0333  data: 0.0000  max mem: 5880
      ITM Evaluation: [3000/6156]  eta: 0:01:44    time: 0.0330  data: 0.0000  max mem: 5880
      ITM Evaluation: [3100/6156]  eta: 0:01:40    time: 0.0318  data: 0.0000  max mem: 5880
      ITM Evaluation: [3200/6156]  eta: 0:01:37    time: 0.0340  data: 0.0000  max mem: 5880
      ITM Evaluation: [3300/6156]  eta: 0:01:34    time: 0.0321  data: 0.0000  max mem: 5880
      ITM Evaluation: [3400/6156]  eta: 0:01:30    time: 0.0323  data: 0.0000  max mem: 5880
      ITM Evaluation: [3500/6156]  eta: 0:01:27    time: 0.0324  data: 0.0000  max mem: 5880
      ITM Evaluation: [3600/6156]  eta: 0:01:24    time: 0.0321  data: 0.0000  max mem: 5880
      ITM Evaluation: [3700/6156]  eta: 0:01:20    time: 0.0327  data: 0.0000  max mem: 5880
      ITM Evaluation: [3800/6156]  eta: 0:01:17    time: 0.0328  data: 0.0000  max mem: 5880
      ITM Evaluation: [3900/6156]  eta: 0:01:14    time: 0.0320  data: 0.0000  max mem: 5880
      ITM Evaluation: [4000/6156]  eta: 0:01:11    time: 0.0343  data: 0.0000  max mem: 5880
      ITM Evaluation: [4100/6156]  eta: 0:01:07    time: 0.0328  data: 0.0000  max mem: 5880
      ITM Evaluation: [4200/6156]  eta: 0:01:04    time: 0.0329  data: 0.0000  max mem: 5880
      ITM Evaluation: [4300/6156]  eta: 0:01:01    time: 0.0359  data: 0.0000  max mem: 5880
      ITM Evaluation: [4400/6156]  eta: 0:00:58    time: 0.0327  data: 0.0000  max mem: 5880
      ITM Evaluation: [4500/6156]  eta: 0:00:54    time: 0.0326  data: 0.0000  max mem: 5880
      ITM Evaluation: [4600/6156]  eta: 0:00:51    time: 0.0326  data: 0.0000  max mem: 5880
      ITM Evaluation: [4700/6156]  eta: 0:00:48    time: 0.0320  data: 0.0000  max mem: 5880
      ITM Evaluation: [4800/6156]  eta: 0:00:44    time: 0.0320  data: 0.0000  max mem: 5880
      ITM Evaluation: [4900/6156]  eta: 0:00:41    time: 0.0326  data: 0.0000  max mem: 5880
      ITM Evaluation: [5000/6156]  eta: 0:00:38    time: 0.0326  data: 0.0000  max mem: 5880
      ITM Evaluation: [5100/6156]  eta: 0:00:34    time: 0.0343  data: 0.0000  max mem: 5880
      ITM Evaluation: [5200/6156]  eta: 0:00:31    time: 0.0328  data: 0.0000  max mem: 5880
      ITM Evaluation: [5300/6156]  eta: 0:00:28    time: 0.0321  data: 0.0000  max mem: 5880
      ITM Evaluation: [5400/6156]  eta: 0:00:24    time: 0.0368  data: 0.0000  max mem: 5880
      ITM Evaluation: [5500/6156]  eta: 0:00:21    time: 0.0360  data: 0.0000  max mem: 5880
      ITM Evaluation: [5600/6156]  eta: 0:00:18    time: 0.0357  data: 0.0000  max mem: 5880
      ITM Evaluation: [5700/6156]  eta: 0:00:15    time: 0.0326  data: 0.0000  max mem: 5880
      ITM Evaluation: [5800/6156]  eta: 0:00:11    time: 0.0327  data: 0.0000  max mem: 5880
      ITM Evaluation: [5900/6156]  eta: 0:00:08    time: 0.0330  data: 0.0000  max mem: 5880
      ITM Evaluation: [6000/6156]  eta: 0:00:05    time: 0.0321  data: 0.0000  max mem: 5880
      ITM Evaluation: [6100/6156]  eta: 0:00:01    time: 0.0332  data: 0.0000  max mem: 5880
      ITM Evaluation: [6155/6156]  eta: 0:00:00    time: 0.0364  data: 0.0000  max mem: 5880
      ITM Evaluation: Total time: 0:03:24 (0.0331 s / it)
     total_time 204.10087037086487
     Computing matching score time 0:03:24
### TTA ITM Score: 
+-------+--------+--------+--------+--------+--------+
| epoch |   R1   |   R5   |  R10   |  mAP   |  mINP  |
+-------+--------+--------+--------+--------+--------+
|  -999 | 70.760 | 87.378 | 92.268 | 63.849 | 48.174 |
|  -999 | 76.170 | 89.457 | 93.600 | 65.570 | 47.372 |
|   0   | 70.533 | 88.775 | 92.788 | 63.228 | 46.439 |
|   1   | 68.486 | 88.369 | 92.576 | 61.531 | 44.327 |
|   2   | 66.780 | 88.320 | 92.625 | 60.569 | 43.879 |
|   3   | 64.084 | 87.427 | 92.008 | 58.508 | 41.216 |
|   4   | 62.086 | 87.281 | 92.479 | 57.892 | 41.793 |
|   5   | 62.313 | 87.216 | 92.528 | 58.108 | 42.017 |
|   6   | 63.580 | 87.524 | 92.560 | 58.669 | 42.168 |
|   7   | 56.189 | 85.429 | 91.992 | 54.560 | 39.607 |
|   8   | 58.463 | 85.965 | 92.073 | 55.664 | 40.059 |
|   9   | 60.299 | 86.858 | 91.959 | 56.785 | 40.385 |
|   10  | 60.429 | 86.842 | 92.544 | 56.971 | 40.936 |
|   11  | 60.851 | 87.086 | 92.560 | 57.182 | 41.237 |
|   12  | 58.804 | 86.485 | 92.398 | 56.176 | 40.588 |
|   13  | 58.723 | 86.371 | 92.300 | 55.986 | 40.291 |
|   14  | 62.476 | 87.297 | 92.641 | 57.848 | 41.441 |
|   15  | 62.248 | 87.216 | 92.593 | 57.696 | 41.430 |
+-------+--------+--------+--------+--------+--------+
     logs:  {'epo': 15, 'R1': 62.248, 'R5': 87.216, 'R10': 92.593, 'mAP': 57.696, 'mINP': 41.43, 'lr': 9.8e-05, 'entropy': 0.125227, 'loss': 2.740044}
      TTA Epoch: [16] [  0/384]  eta: 0:03:55  lr: 0.000094  entropy: 0.0995  loss: 2.7306  time: 0.6140  data: 0.4950  max mem: 5880
      TTA Epoch: [16] [100/384]  eta: 0:00:15  lr: 0.000093  entropy: 0.1003  loss: 2.7307  time: 0.0469  data: 0.0001  max mem: 5880
      TTA Epoch: [16] [200/384]  eta: 0:00:09  lr: 0.000091  entropy: 0.1632  loss: 2.7538  time: 0.0500  data: 0.0001  max mem: 5880
      TTA Epoch: [16] [300/384]  eta: 0:00:04  lr: 0.000089  entropy: 0.1022  loss: 2.7313  time: 0.0576  data: 0.0002  max mem: 5880
      TTA Epoch: [16] [383/384]  eta: 0:00:00  lr: 0.000088  entropy: 0.0798  loss: 2.7233  time: 0.0461  data: 0.0001  max mem: 5880
      TTA Epoch: [16] Total time: 0:00:19 (0.0513 s / it)
     Averaged stats: lr: 0.0001  entropy: 0.1208  loss: 2.7384
     itm tta time 0:00:19
     Computing matching score
      ITM Evaluation: [   0/6156]  eta: 0:04:09    time: 0.0405  data: 0.0068  max mem: 5880
      ITM Evaluation: [ 100/6156]  eta: 0:03:20    time: 0.0329  data: 0.0000  max mem: 5880
      ITM Evaluation: [ 200/6156]  eta: 0:03:14    time: 0.0318  data: 0.0000  max mem: 5880
      ITM Evaluation: [ 300/6156]  eta: 0:03:11    time: 0.0324  data: 0.0000  max mem: 5880
      ITM Evaluation: [ 400/6156]  eta: 0:03:08    time: 0.0336  data: 0.0000  max mem: 5880
      ITM Evaluation: [ 500/6156]  eta: 0:03:06    time: 0.0338  data: 0.0000  max mem: 5880
      ITM Evaluation: [ 600/6156]  eta: 0:03:03    time: 0.0326  data: 0.0000  max mem: 5880
      ITM Evaluation: [ 700/6156]  eta: 0:02:59    time: 0.0322  data: 0.0000  max mem: 5880
      ITM Evaluation: [ 800/6156]  eta: 0:02:56    time: 0.0331  data: 0.0000  max mem: 5880
      ITM Evaluation: [ 900/6156]  eta: 0:02:52    time: 0.0346  data: 0.0000  max mem: 5880
      ITM Evaluation: [1000/6156]  eta: 0:02:51    time: 0.0365  data: 0.0000  max mem: 5880
      ITM Evaluation: [1100/6156]  eta: 0:02:49    time: 0.0351  data: 0.0000  max mem: 5880
      ITM Evaluation: [1200/6156]  eta: 0:02:46    time: 0.0346  data: 0.0000  max mem: 5880
      ITM Evaluation: [1300/6156]  eta: 0:02:43    time: 0.0336  data: 0.0000  max mem: 5880
      ITM Evaluation: [1400/6156]  eta: 0:02:40    time: 0.0337  data: 0.0000  max mem: 5880
      ITM Evaluation: [1500/6156]  eta: 0:02:36    time: 0.0347  data: 0.0000  max mem: 5880
      ITM Evaluation: [1600/6156]  eta: 0:02:33    time: 0.0343  data: 0.0000  max mem: 5880
      ITM Evaluation: [1700/6156]  eta: 0:02:30    time: 0.0329  data: 0.0000  max mem: 5880
      ITM Evaluation: [1800/6156]  eta: 0:02:26    time: 0.0336  data: 0.0000  max mem: 5880
      ITM Evaluation: [1900/6156]  eta: 0:02:22    time: 0.0328  data: 0.0000  max mem: 5880
      ITM Evaluation: [2000/6156]  eta: 0:02:19    time: 0.0324  data: 0.0000  max mem: 5880
      ITM Evaluation: [2100/6156]  eta: 0:02:16    time: 0.0353  data: 0.0000  max mem: 5880
      ITM Evaluation: [2200/6156]  eta: 0:02:12    time: 0.0325  data: 0.0000  max mem: 5880
      ITM Evaluation: [2300/6156]  eta: 0:02:09    time: 0.0319  data: 0.0000  max mem: 5880
      ITM Evaluation: [2400/6156]  eta: 0:02:05    time: 0.0315  data: 0.0000  max mem: 5880
      ITM Evaluation: [2500/6156]  eta: 0:02:02    time: 0.0322  data: 0.0000  max mem: 5880
      ITM Evaluation: [2600/6156]  eta: 0:01:58    time: 0.0343  data: 0.0000  max mem: 5880
      ITM Evaluation: [2700/6156]  eta: 0:01:55    time: 0.0325  data: 0.0000  max mem: 5880
      ITM Evaluation: [2800/6156]  eta: 0:01:51    time: 0.0317  data: 0.0000  max mem: 5880
      ITM Evaluation: [2900/6156]  eta: 0:01:48    time: 0.0335  data: 0.0000  max mem: 5880
      ITM Evaluation: [3000/6156]  eta: 0:01:45    time: 0.0325  data: 0.0000  max mem: 5880
      ITM Evaluation: [3100/6156]  eta: 0:01:41    time: 0.0324  data: 0.0000  max mem: 5880
      ITM Evaluation: [3200/6156]  eta: 0:01:38    time: 0.0357  data: 0.0000  max mem: 5880
      ITM Evaluation: [3300/6156]  eta: 0:01:35    time: 0.0320  data: 0.0000  max mem: 5880
      ITM Evaluation: [3400/6156]  eta: 0:01:31    time: 0.0322  data: 0.0000  max mem: 5880
      ITM Evaluation: [3500/6156]  eta: 0:01:28    time: 0.0326  data: 0.0000  max mem: 5880
      ITM Evaluation: [3600/6156]  eta: 0:01:24    time: 0.0322  data: 0.0000  max mem: 5880
      ITM Evaluation: [3700/6156]  eta: 0:01:21    time: 0.0328  data: 0.0000  max mem: 5880
      ITM Evaluation: [3800/6156]  eta: 0:01:18    time: 0.0331  data: 0.0000  max mem: 5880
      ITM Evaluation: [3900/6156]  eta: 0:01:14    time: 0.0332  data: 0.0000  max mem: 5880
      ITM Evaluation: [4000/6156]  eta: 0:01:11    time: 0.0330  data: 0.0000  max mem: 5880
      ITM Evaluation: [4100/6156]  eta: 0:01:08    time: 0.0327  data: 0.0000  max mem: 5880
      ITM Evaluation: [4200/6156]  eta: 0:01:04    time: 0.0329  data: 0.0000  max mem: 5880
      ITM Evaluation: [4300/6156]  eta: 0:01:01    time: 0.0345  data: 0.0000  max mem: 5880
      ITM Evaluation: [4400/6156]  eta: 0:00:58    time: 0.0325  data: 0.0000  max mem: 5880
      ITM Evaluation: [4500/6156]  eta: 0:00:54    time: 0.0329  data: 0.0000  max mem: 5880
      ITM Evaluation: [4600/6156]  eta: 0:00:51    time: 0.0331  data: 0.0000  max mem: 5880
      ITM Evaluation: [4700/6156]  eta: 0:00:48    time: 0.0321  data: 0.0000  max mem: 5880
      ITM Evaluation: [4800/6156]  eta: 0:00:44    time: 0.0322  data: 0.0000  max mem: 5880
      ITM Evaluation: [4900/6156]  eta: 0:00:41    time: 0.0342  data: 0.0000  max mem: 5880
      ITM Evaluation: [5000/6156]  eta: 0:00:38    time: 0.0333  data: 0.0000  max mem: 5880
      ITM Evaluation: [5100/6156]  eta: 0:00:35    time: 0.0325  data: 0.0000  max mem: 5880
      ITM Evaluation: [5200/6156]  eta: 0:00:31    time: 0.0326  data: 0.0000  max mem: 5880
      ITM Evaluation: [5300/6156]  eta: 0:00:28    time: 0.0324  data: 0.0000  max mem: 5880
      ITM Evaluation: [5400/6156]  eta: 0:00:25    time: 0.0343  data: 0.0000  max mem: 5880
      ITM Evaluation: [5500/6156]  eta: 0:00:21    time: 0.0326  data: 0.0000  max mem: 5880
      ITM Evaluation: [5600/6156]  eta: 0:00:18    time: 0.0330  data: 0.0000  max mem: 5880
      ITM Evaluation: [5700/6156]  eta: 0:00:15    time: 0.0325  data: 0.0000  max mem: 5880
      ITM Evaluation: [5800/6156]  eta: 0:00:11    time: 0.0487  data: 0.0000  max mem: 5880
      ITM Evaluation: [5900/6156]  eta: 0:00:08    time: 0.0302  data: 0.0000  max mem: 5880
      ITM Evaluation: [6000/6156]  eta: 0:00:05    time: 0.0312  data: 0.0000  max mem: 5880
      ITM Evaluation: [6100/6156]  eta: 0:00:01    time: 0.0309  data: 0.0000  max mem: 5880
      ITM Evaluation: [6155/6156]  eta: 0:00:00    time: 0.0305  data: 0.0000  max mem: 5880
      ITM Evaluation: Total time: 0:03:23 (0.0331 s / it)
     total_time 203.6861698627472
     Computing matching score time 0:03:23
### TTA ITM Score: 
+-------+--------+--------+--------+--------+--------+
| epoch |   R1   |   R5   |  R10   |  mAP   |  mINP  |
+-------+--------+--------+--------+--------+--------+
|  -999 | 70.760 | 87.378 | 92.268 | 63.849 | 48.174 |
|  -999 | 76.170 | 89.457 | 93.600 | 65.570 | 47.372 |
|   0   | 70.533 | 88.775 | 92.788 | 63.228 | 46.439 |
|   1   | 68.486 | 88.369 | 92.576 | 61.531 | 44.327 |
|   2   | 66.780 | 88.320 | 92.625 | 60.569 | 43.879 |
|   3   | 64.084 | 87.427 | 92.008 | 58.508 | 41.216 |
|   4   | 62.086 | 87.281 | 92.479 | 57.892 | 41.793 |
|   5   | 62.313 | 87.216 | 92.528 | 58.108 | 42.017 |
|   6   | 63.580 | 87.524 | 92.560 | 58.669 | 42.168 |
|   7   | 56.189 | 85.429 | 91.992 | 54.560 | 39.607 |
|   8   | 58.463 | 85.965 | 92.073 | 55.664 | 40.059 |
|   9   | 60.299 | 86.858 | 91.959 | 56.785 | 40.385 |
|   10  | 60.429 | 86.842 | 92.544 | 56.971 | 40.936 |
|   11  | 60.851 | 87.086 | 92.560 | 57.182 | 41.237 |
|   12  | 58.804 | 86.485 | 92.398 | 56.176 | 40.588 |
|   13  | 58.723 | 86.371 | 92.300 | 55.986 | 40.291 |
|   14  | 62.476 | 87.297 | 92.641 | 57.848 | 41.441 |
|   15  | 62.248 | 87.216 | 92.593 | 57.696 | 41.430 |
|   16  | 62.654 | 87.346 | 92.625 | 57.997 | 41.518 |
+-------+--------+--------+--------+--------+--------+
     logs:  {'epo': 16, 'R1': 62.654, 'R5': 87.346, 'R10': 92.625, 'mAP': 57.997, 'mINP': 41.518, 'lr': 9.1e-05, 'entropy': 0.120821, 'loss': 2.73841}
      TTA Epoch: [17] [  0/384]  eta: 0:03:23  lr: 0.000088  entropy: 0.1104  loss: 2.7346  time: 0.5308  data: 0.4259  max mem: 5880
      TTA Epoch: [17] [100/384]  eta: 0:00:13  lr: 0.000086  entropy: 0.0351  loss: 2.7068  time: 0.0408  data: 0.0001  max mem: 5880
      TTA Epoch: [17] [200/384]  eta: 0:00:08  lr: 0.000084  entropy: 0.0973  loss: 2.7295  time: 0.0406  data: 0.0001  max mem: 5880
      TTA Epoch: [17] [300/384]  eta: 0:00:03  lr: 0.000083  entropy: 0.1920  loss: 2.7651  time: 0.0419  data: 0.0001  max mem: 5880
      TTA Epoch: [17] [383/384]  eta: 0:00:00  lr: 0.000081  entropy: 0.0204  loss: 2.7010  time: 0.0389  data: 0.0001  max mem: 5880
      TTA Epoch: [17] Total time: 0:00:16 (0.0426 s / it)
     Averaged stats: lr: 0.0001  entropy: 0.1190  loss: 2.7377
     itm tta time 0:00:16
     Computing matching score
      ITM Evaluation: [   0/6156]  eta: 0:04:02    time: 0.0393  data: 0.0070  max mem: 5880
      ITM Evaluation: [ 100/6156]  eta: 0:03:06    time: 0.0308  data: 0.0000  max mem: 5880
      ITM Evaluation: [ 200/6156]  eta: 0:03:35    time: 0.0732  data: 0.0000  max mem: 5880
      ITM Evaluation: [ 300/6156]  eta: 0:03:23    time: 0.0326  data: 0.0000  max mem: 5880
      ITM Evaluation: [ 400/6156]  eta: 0:03:14    time: 0.0300  data: 0.0000  max mem: 5880
      ITM Evaluation: [ 500/6156]  eta: 0:03:07    time: 0.0302  data: 0.0000  max mem: 5880
      ITM Evaluation: [ 600/6156]  eta: 0:03:01    time: 0.0304  data: 0.0000  max mem: 5880
      ITM Evaluation: [ 700/6156]  eta: 0:02:56    time: 0.0304  data: 0.0000  max mem: 5880
      ITM Evaluation: [ 800/6156]  eta: 0:02:51    time: 0.0303  data: 0.0000  max mem: 5880
      ITM Evaluation: [ 900/6156]  eta: 0:02:47    time: 0.0302  data: 0.0000  max mem: 5880
      ITM Evaluation: [1000/6156]  eta: 0:02:45    time: 0.0327  data: 0.0000  max mem: 5880
      ITM Evaluation: [1100/6156]  eta: 0:02:42    time: 0.0320  data: 0.0000  max mem: 5880
      ITM Evaluation: [1200/6156]  eta: 0:02:39    time: 0.0323  data: 0.0000  max mem: 5880
      ITM Evaluation: [1300/6156]  eta: 0:02:36    time: 0.0321  data: 0.0000  max mem: 5880
      ITM Evaluation: [1400/6156]  eta: 0:02:32    time: 0.0340  data: 0.0000  max mem: 5880
      ITM Evaluation: [1500/6156]  eta: 0:02:30    time: 0.0327  data: 0.0000  max mem: 5880
      ITM Evaluation: [1600/6156]  eta: 0:02:27    time: 0.0326  data: 0.0000  max mem: 5880
      ITM Evaluation: [1700/6156]  eta: 0:02:23    time: 0.0313  data: 0.0000  max mem: 5880
      ITM Evaluation: [1800/6156]  eta: 0:02:20    time: 0.0317  data: 0.0000  max mem: 5880
      ITM Evaluation: [1900/6156]  eta: 0:02:17    time: 0.0316  data: 0.0000  max mem: 5880
      ITM Evaluation: [2000/6156]  eta: 0:02:13    time: 0.0323  data: 0.0000  max mem: 5880
      ITM Evaluation: [2100/6156]  eta: 0:02:10    time: 0.0318  data: 0.0000  max mem: 5880
      ITM Evaluation: [2200/6156]  eta: 0:02:07    time: 0.0321  data: 0.0000  max mem: 5880
      ITM Evaluation: [2300/6156]  eta: 0:02:03    time: 0.0317  data: 0.0000  max mem: 5880
      ITM Evaluation: [2400/6156]  eta: 0:02:00    time: 0.0315  data: 0.0000  max mem: 5880
      ITM Evaluation: [2500/6156]  eta: 0:01:57    time: 0.0317  data: 0.0000  max mem: 5880
      ITM Evaluation: [2600/6156]  eta: 0:01:54    time: 0.0335  data: 0.0000  max mem: 5880
      ITM Evaluation: [2700/6156]  eta: 0:01:51    time: 0.0344  data: 0.0000  max mem: 5880
      ITM Evaluation: [2800/6156]  eta: 0:01:48    time: 0.0324  data: 0.0000  max mem: 5880
      ITM Evaluation: [2900/6156]  eta: 0:01:44    time: 0.0320  data: 0.0000  max mem: 5880
      ITM Evaluation: [3000/6156]  eta: 0:01:41    time: 0.0328  data: 0.0000  max mem: 5880
      ITM Evaluation: [3100/6156]  eta: 0:01:38    time: 0.0328  data: 0.0000  max mem: 5880
      ITM Evaluation: [3200/6156]  eta: 0:01:35    time: 0.0319  data: 0.0000  max mem: 5880
      ITM Evaluation: [3300/6156]  eta: 0:01:31    time: 0.0315  data: 0.0000  max mem: 5880
      ITM Evaluation: [3400/6156]  eta: 0:01:28    time: 0.0320  data: 0.0000  max mem: 5880
      ITM Evaluation: [3500/6156]  eta: 0:01:25    time: 0.0318  data: 0.0000  max mem: 5880
      ITM Evaluation: [3600/6156]  eta: 0:01:22    time: 0.0314  data: 0.0000  max mem: 5880
      ITM Evaluation: [3700/6156]  eta: 0:01:18    time: 0.0309  data: 0.0000  max mem: 5880
      ITM Evaluation: [3800/6156]  eta: 0:01:15    time: 0.0327  data: 0.0000  max mem: 5880
      ITM Evaluation: [3900/6156]  eta: 0:01:12    time: 0.0314  data: 0.0000  max mem: 5880
      ITM Evaluation: [4000/6156]  eta: 0:01:09    time: 0.0321  data: 0.0000  max mem: 5880
      ITM Evaluation: [4100/6156]  eta: 0:01:06    time: 0.0318  data: 0.0000  max mem: 5880
      ITM Evaluation: [4200/6156]  eta: 0:01:02    time: 0.0387  data: 0.0000  max mem: 5880
      ITM Evaluation: [4300/6156]  eta: 0:00:59    time: 0.0334  data: 0.0000  max mem: 5880
      ITM Evaluation: [4400/6156]  eta: 0:00:56    time: 0.0330  data: 0.0000  max mem: 5880
      ITM Evaluation: [4500/6156]  eta: 0:00:53    time: 0.0332  data: 0.0000  max mem: 5880
      ITM Evaluation: [4600/6156]  eta: 0:00:50    time: 0.0328  data: 0.0000  max mem: 5880
      ITM Evaluation: [4700/6156]  eta: 0:00:46    time: 0.0335  data: 0.0000  max mem: 5880
      ITM Evaluation: [4800/6156]  eta: 0:00:43    time: 0.0330  data: 0.0000  max mem: 5880
      ITM Evaluation: [4900/6156]  eta: 0:00:40    time: 0.0350  data: 0.0000  max mem: 5880
      ITM Evaluation: [5000/6156]  eta: 0:00:37    time: 0.0356  data: 0.0000  max mem: 5880
      ITM Evaluation: [5100/6156]  eta: 0:00:34    time: 0.0324  data: 0.0000  max mem: 5880
      ITM Evaluation: [5200/6156]  eta: 0:00:31    time: 0.0323  data: 0.0000  max mem: 5880
      ITM Evaluation: [5300/6156]  eta: 0:00:27    time: 0.0332  data: 0.0000  max mem: 5880
      ITM Evaluation: [5400/6156]  eta: 0:00:24    time: 0.0339  data: 0.0000  max mem: 5880
      ITM Evaluation: [5500/6156]  eta: 0:00:21    time: 0.0334  data: 0.0000  max mem: 5880
      ITM Evaluation: [5600/6156]  eta: 0:00:18    time: 0.0329  data: 0.0000  max mem: 5880
      ITM Evaluation: [5700/6156]  eta: 0:00:14    time: 0.0326  data: 0.0000  max mem: 5880
      ITM Evaluation: [5800/6156]  eta: 0:00:11    time: 0.0333  data: 0.0000  max mem: 5880
      ITM Evaluation: [5900/6156]  eta: 0:00:08    time: 0.0333  data: 0.0000  max mem: 5880
      ITM Evaluation: [6000/6156]  eta: 0:00:05    time: 0.0330  data: 0.0000  max mem: 5880
      ITM Evaluation: [6100/6156]  eta: 0:00:01    time: 0.0380  data: 0.0000  max mem: 5880
      ITM Evaluation: [6155/6156]  eta: 0:00:00    time: 0.0342  data: 0.0000  max mem: 5880
      ITM Evaluation: Total time: 0:03:20 (0.0326 s / it)
     total_time 200.9830436706543
     Computing matching score time 0:03:20
### TTA ITM Score: 
+-------+--------+--------+--------+--------+--------+
| epoch |   R1   |   R5   |  R10   |  mAP   |  mINP  |
+-------+--------+--------+--------+--------+--------+
|  -999 | 70.760 | 87.378 | 92.268 | 63.849 | 48.174 |
|  -999 | 76.170 | 89.457 | 93.600 | 65.570 | 47.372 |
|   0   | 70.533 | 88.775 | 92.788 | 63.228 | 46.439 |
|   1   | 68.486 | 88.369 | 92.576 | 61.531 | 44.327 |
|   2   | 66.780 | 88.320 | 92.625 | 60.569 | 43.879 |
|   3   | 64.084 | 87.427 | 92.008 | 58.508 | 41.216 |
|   4   | 62.086 | 87.281 | 92.479 | 57.892 | 41.793 |
|   5   | 62.313 | 87.216 | 92.528 | 58.108 | 42.017 |
|   6   | 63.580 | 87.524 | 92.560 | 58.669 | 42.168 |
|   7   | 56.189 | 85.429 | 91.992 | 54.560 | 39.607 |
|   8   | 58.463 | 85.965 | 92.073 | 55.664 | 40.059 |
|   9   | 60.299 | 86.858 | 91.959 | 56.785 | 40.385 |
|   10  | 60.429 | 86.842 | 92.544 | 56.971 | 40.936 |
|   11  | 60.851 | 87.086 | 92.560 | 57.182 | 41.237 |
|   12  | 58.804 | 86.485 | 92.398 | 56.176 | 40.588 |
|   13  | 58.723 | 86.371 | 92.300 | 55.986 | 40.291 |
|   14  | 62.476 | 87.297 | 92.641 | 57.848 | 41.441 |
|   15  | 62.248 | 87.216 | 92.593 | 57.696 | 41.430 |
|   16  | 62.654 | 87.346 | 92.625 | 57.997 | 41.518 |
|   17  | 63.369 | 87.687 | 92.706 | 58.403 | 41.673 |
+-------+--------+--------+--------+--------+--------+
     logs:  {'epo': 17, 'R1': 63.369, 'R5': 87.687, 'R10': 92.706, 'mAP': 58.403, 'mINP': 41.673, 'lr': 8.4e-05, 'entropy': 0.119023, 'loss': 2.737741}
      TTA Epoch: [18] [  0/384]  eta: 0:03:42  lr: 0.000081  entropy: 0.1937  loss: 2.7654  time: 0.5798  data: 0.4762  max mem: 5880
      TTA Epoch: [18] [100/384]  eta: 0:00:14  lr: 0.000079  entropy: 0.0951  loss: 2.7291  time: 0.0448  data: 0.0001  max mem: 5880
      TTA Epoch: [18] [200/384]  eta: 0:00:08  lr: 0.000078  entropy: 0.2423  loss: 2.7837  time: 0.0439  data: 0.0001  max mem: 5880
      TTA Epoch: [18] [300/384]  eta: 0:00:03  lr: 0.000076  entropy: 0.1726  loss: 2.7578  time: 0.0494  data: 0.0001  max mem: 5880
      TTA Epoch: [18] [383/384]  eta: 0:00:00  lr: 0.000074  entropy: 0.0694  loss: 2.7190  time: 0.0467  data: 0.0001  max mem: 5880
      TTA Epoch: [18] Total time: 0:00:18 (0.0479 s / it)
     Averaged stats: lr: 0.0001  entropy: 0.1209  loss: 2.7384
     itm tta time 0:00:18
     Computing matching score
      ITM Evaluation: [   0/6156]  eta: 0:03:56    time: 0.0385  data: 0.0065  max mem: 5880
      ITM Evaluation: [ 100/6156]  eta: 0:03:17    time: 0.0333  data: 0.0000  max mem: 5880
      ITM Evaluation: [ 200/6156]  eta: 0:03:13    time: 0.0325  data: 0.0000  max mem: 5880
      ITM Evaluation: [ 300/6156]  eta: 0:03:10    time: 0.0329  data: 0.0000  max mem: 5880
      ITM Evaluation: [ 400/6156]  eta: 0:03:09    time: 0.0371  data: 0.0000  max mem: 5880
      ITM Evaluation: [ 500/6156]  eta: 0:03:10    time: 0.0390  data: 0.0000  max mem: 5880
      ITM Evaluation: [ 600/6156]  eta: 0:03:06    time: 0.0321  data: 0.0000  max mem: 5880
      ITM Evaluation: [ 700/6156]  eta: 0:03:02    time: 0.0326  data: 0.0000  max mem: 5880
      ITM Evaluation: [ 800/6156]  eta: 0:02:58    time: 0.0324  data: 0.0000  max mem: 5880
      ITM Evaluation: [ 900/6156]  eta: 0:02:54    time: 0.0337  data: 0.0000  max mem: 5880
      ITM Evaluation: [1000/6156]  eta: 0:02:50    time: 0.0320  data: 0.0000  max mem: 5880
      ITM Evaluation: [1100/6156]  eta: 0:02:47    time: 0.0327  data: 0.0000  max mem: 5880
      ITM Evaluation: [1200/6156]  eta: 0:02:43    time: 0.0327  data: 0.0000  max mem: 5880
      ITM Evaluation: [1300/6156]  eta: 0:02:40    time: 0.0327  data: 0.0000  max mem: 5880
      ITM Evaluation: [1400/6156]  eta: 0:02:37    time: 0.0326  data: 0.0000  max mem: 5880
      ITM Evaluation: [1500/6156]  eta: 0:02:33    time: 0.0332  data: 0.0000  max mem: 5880
      ITM Evaluation: [1600/6156]  eta: 0:02:31    time: 0.0353  data: 0.0000  max mem: 5880
      ITM Evaluation: [1700/6156]  eta: 0:02:28    time: 0.0336  data: 0.0000  max mem: 5880
      ITM Evaluation: [1800/6156]  eta: 0:02:24    time: 0.0321  data: 0.0000  max mem: 5880
      ITM Evaluation: [1900/6156]  eta: 0:02:21    time: 0.0327  data: 0.0000  max mem: 5880
      ITM Evaluation: [2000/6156]  eta: 0:02:17    time: 0.0323  data: 0.0000  max mem: 5880
      ITM Evaluation: [2100/6156]  eta: 0:02:14    time: 0.0322  data: 0.0000  max mem: 5880
      ITM Evaluation: [2200/6156]  eta: 0:02:11    time: 0.0332  data: 0.0000  max mem: 5880
      ITM Evaluation: [2300/6156]  eta: 0:02:07    time: 0.0344  data: 0.0000  max mem: 5880
      ITM Evaluation: [2400/6156]  eta: 0:02:04    time: 0.0330  data: 0.0000  max mem: 5880
      ITM Evaluation: [2500/6156]  eta: 0:02:01    time: 0.0342  data: 0.0000  max mem: 5880
      ITM Evaluation: [2600/6156]  eta: 0:01:57    time: 0.0347  data: 0.0000  max mem: 5880
      ITM Evaluation: [2700/6156]  eta: 0:01:54    time: 0.0356  data: 0.0000  max mem: 5880
      ITM Evaluation: [2800/6156]  eta: 0:01:52    time: 0.0364  data: 0.0000  max mem: 5880
      ITM Evaluation: [2900/6156]  eta: 0:01:49    time: 0.0341  data: 0.0000  max mem: 5880
      ITM Evaluation: [3000/6156]  eta: 0:01:45    time: 0.0339  data: 0.0000  max mem: 5880
      ITM Evaluation: [3100/6156]  eta: 0:01:42    time: 0.0347  data: 0.0000  max mem: 5880
      ITM Evaluation: [3200/6156]  eta: 0:01:39    time: 0.0338  data: 0.0000  max mem: 5880
      ITM Evaluation: [3300/6156]  eta: 0:01:35    time: 0.0344  data: 0.0000  max mem: 5880
      ITM Evaluation: [3400/6156]  eta: 0:01:32    time: 0.0343  data: 0.0000  max mem: 5880
      ITM Evaluation: [3500/6156]  eta: 0:01:29    time: 0.0338  data: 0.0000  max mem: 5880
      ITM Evaluation: [3600/6156]  eta: 0:01:25    time: 0.0344  data: 0.0000  max mem: 5880
      ITM Evaluation: [3700/6156]  eta: 0:01:22    time: 0.0360  data: 0.0000  max mem: 5880
      ITM Evaluation: [3800/6156]  eta: 0:01:19    time: 0.0327  data: 0.0000  max mem: 5880
      ITM Evaluation: [3900/6156]  eta: 0:01:15    time: 0.0355  data: 0.0000  max mem: 5880
      ITM Evaluation: [4000/6156]  eta: 0:01:12    time: 0.0345  data: 0.0000  max mem: 5880
      ITM Evaluation: [4100/6156]  eta: 0:01:09    time: 0.0341  data: 0.0000  max mem: 5880
      ITM Evaluation: [4200/6156]  eta: 0:01:06    time: 0.0344  data: 0.0000  max mem: 5880
      ITM Evaluation: [4300/6156]  eta: 0:01:02    time: 0.0344  data: 0.0000  max mem: 5880
      ITM Evaluation: [4400/6156]  eta: 0:00:59    time: 0.0348  data: 0.0000  max mem: 5880
      ITM Evaluation: [4500/6156]  eta: 0:00:55    time: 0.0340  data: 0.0000  max mem: 5880
      ITM Evaluation: [4600/6156]  eta: 0:00:52    time: 0.0352  data: 0.0000  max mem: 5880
      ITM Evaluation: [4700/6156]  eta: 0:00:49    time: 0.0356  data: 0.0000  max mem: 5880
      ITM Evaluation: [4800/6156]  eta: 0:00:46    time: 0.0360  data: 0.0000  max mem: 5880
      ITM Evaluation: [4900/6156]  eta: 0:00:42    time: 0.0351  data: 0.0000  max mem: 5880
      ITM Evaluation: [5000/6156]  eta: 0:00:39    time: 0.0368  data: 0.0000  max mem: 5880
      ITM Evaluation: [5100/6156]  eta: 0:00:35    time: 0.0344  data: 0.0000  max mem: 5880
      ITM Evaluation: [5200/6156]  eta: 0:00:32    time: 0.0342  data: 0.0000  max mem: 5880
      ITM Evaluation: [5300/6156]  eta: 0:00:29    time: 0.0346  data: 0.0000  max mem: 5880
      ITM Evaluation: [5400/6156]  eta: 0:00:25    time: 0.0340  data: 0.0000  max mem: 5880
      ITM Evaluation: [5500/6156]  eta: 0:00:22    time: 0.0341  data: 0.0000  max mem: 5880
      ITM Evaluation: [5600/6156]  eta: 0:00:18    time: 0.0340  data: 0.0000  max mem: 5880
      ITM Evaluation: [5700/6156]  eta: 0:00:15    time: 0.0342  data: 0.0000  max mem: 5880
      ITM Evaluation: [5800/6156]  eta: 0:00:12    time: 0.0360  data: 0.0000  max mem: 5880
      ITM Evaluation: [5900/6156]  eta: 0:00:08    time: 0.0357  data: 0.0000  max mem: 5880
      ITM Evaluation: [6000/6156]  eta: 0:00:05    time: 0.0337  data: 0.0000  max mem: 5880
      ITM Evaluation: [6100/6156]  eta: 0:00:01    time: 0.0376  data: 0.0000  max mem: 5880
      ITM Evaluation: [6155/6156]  eta: 0:00:00    time: 0.0353  data: 0.0000  max mem: 5880
      ITM Evaluation: Total time: 0:03:30 (0.0342 s / it)
     total_time 210.49300289154053
     Computing matching score time 0:03:30
### TTA ITM Score: 
+-------+--------+--------+--------+--------+--------+
| epoch |   R1   |   R5   |  R10   |  mAP   |  mINP  |
+-------+--------+--------+--------+--------+--------+
|  -999 | 70.760 | 87.378 | 92.268 | 63.849 | 48.174 |
|  -999 | 76.170 | 89.457 | 93.600 | 65.570 | 47.372 |
|   0   | 70.533 | 88.775 | 92.788 | 63.228 | 46.439 |
|   1   | 68.486 | 88.369 | 92.576 | 61.531 | 44.327 |
|   2   | 66.780 | 88.320 | 92.625 | 60.569 | 43.879 |
|   3   | 64.084 | 87.427 | 92.008 | 58.508 | 41.216 |
|   4   | 62.086 | 87.281 | 92.479 | 57.892 | 41.793 |
|   5   | 62.313 | 87.216 | 92.528 | 58.108 | 42.017 |
|   6   | 63.580 | 87.524 | 92.560 | 58.669 | 42.168 |
|   7   | 56.189 | 85.429 | 91.992 | 54.560 | 39.607 |
|   8   | 58.463 | 85.965 | 92.073 | 55.664 | 40.059 |
|   9   | 60.299 | 86.858 | 91.959 | 56.785 | 40.385 |
|   10  | 60.429 | 86.842 | 92.544 | 56.971 | 40.936 |
|   11  | 60.851 | 87.086 | 92.560 | 57.182 | 41.237 |
|   12  | 58.804 | 86.485 | 92.398 | 56.176 | 40.588 |
|   13  | 58.723 | 86.371 | 92.300 | 55.986 | 40.291 |
|   14  | 62.476 | 87.297 | 92.641 | 57.848 | 41.441 |
|   15  | 62.248 | 87.216 | 92.593 | 57.696 | 41.430 |
|   16  | 62.654 | 87.346 | 92.625 | 57.997 | 41.518 |
|   17  | 63.369 | 87.687 | 92.706 | 58.403 | 41.673 |
|   18  | 66.634 | 88.174 | 92.771 | 60.305 | 43.241 |
+-------+--------+--------+--------+--------+--------+
     logs:  {'epo': 18, 'R1': 66.634, 'R5': 88.174, 'R10': 92.771, 'mAP': 60.305, 'mINP': 43.241, 'lr': 7.8e-05, 'entropy': 0.12087, 'loss': 2.738427}
      TTA Epoch: [19] [  0/384]  eta: 0:03:43  lr: 0.000074  entropy: 0.0104  loss: 2.6979  time: 0.5821  data: 0.4745  max mem: 5880
      TTA Epoch: [19] [100/384]  eta: 0:00:14  lr: 0.000073  entropy: 0.0574  loss: 2.7139  time: 0.0462  data: 0.0001  max mem: 5880
      TTA Epoch: [19] [200/384]  eta: 0:00:09  lr: 0.000071  entropy: 0.1851  loss: 2.7627  time: 0.0502  data: 0.0001  max mem: 5880
      TTA Epoch: [19] [300/384]  eta: 0:00:04  lr: 0.000069  entropy: 0.2576  loss: 2.7892  time: 0.0500  data: 0.0001  max mem: 5880
      TTA Epoch: [19] [383/384]  eta: 0:00:00  lr: 0.000068  entropy: 0.0386  loss: 2.7079  time: 0.0454  data: 0.0001  max mem: 5880
      TTA Epoch: [19] Total time: 0:00:19 (0.0506 s / it)
     Averaged stats: lr: 0.0001  entropy: 0.1207  loss: 2.7384
     itm tta time 0:00:19
     Computing matching score
      ITM Evaluation: [   0/6156]  eta: 0:04:08    time: 0.0404  data: 0.0062  max mem: 5880
      ITM Evaluation: [ 100/6156]  eta: 0:03:36    time: 0.0359  data: 0.0000  max mem: 5880
      ITM Evaluation: [ 200/6156]  eta: 0:03:33    time: 0.0345  data: 0.0000  max mem: 5880
      ITM Evaluation: [ 300/6156]  eta: 0:03:26    time: 0.0344  data: 0.0000  max mem: 5880
      ITM Evaluation: [ 400/6156]  eta: 0:03:24    time: 0.0364  data: 0.0000  max mem: 5880
      ITM Evaluation: [ 500/6156]  eta: 0:03:21    time: 0.0350  data: 0.0000  max mem: 5880
      ITM Evaluation: [ 600/6156]  eta: 0:03:17    time: 0.0344  data: 0.0000  max mem: 5880
      ITM Evaluation: [ 700/6156]  eta: 0:03:13    time: 0.0353  data: 0.0000  max mem: 5880
      ITM Evaluation: [ 800/6156]  eta: 0:03:08    time: 0.0350  data: 0.0000  max mem: 5880
      ITM Evaluation: [ 900/6156]  eta: 0:03:04    time: 0.0339  data: 0.0000  max mem: 5880
      ITM Evaluation: [1000/6156]  eta: 0:03:00    time: 0.0345  data: 0.0000  max mem: 5880
      ITM Evaluation: [1100/6156]  eta: 0:02:57    time: 0.0359  data: 0.0000  max mem: 5880
      ITM Evaluation: [1200/6156]  eta: 0:02:54    time: 0.0375  data: 0.0000  max mem: 5880
      ITM Evaluation: [1300/6156]  eta: 0:02:50    time: 0.0343  data: 0.0000  max mem: 5880
      ITM Evaluation: [1400/6156]  eta: 0:02:46    time: 0.0341  data: 0.0000  max mem: 5880
      ITM Evaluation: [1500/6156]  eta: 0:02:43    time: 0.0364  data: 0.0000  max mem: 5880
      ITM Evaluation: [1600/6156]  eta: 0:02:39    time: 0.0348  data: 0.0000  max mem: 5880
      ITM Evaluation: [1700/6156]  eta: 0:02:36    time: 0.0350  data: 0.0000  max mem: 5880
      ITM Evaluation: [1800/6156]  eta: 0:02:32    time: 0.0349  data: 0.0000  max mem: 5880
      ITM Evaluation: [1900/6156]  eta: 0:02:29    time: 0.0354  data: 0.0000  max mem: 5880
      ITM Evaluation: [2000/6156]  eta: 0:02:25    time: 0.0355  data: 0.0000  max mem: 5880
      ITM Evaluation: [2100/6156]  eta: 0:02:22    time: 0.0354  data: 0.0000  max mem: 5880
      ITM Evaluation: [2200/6156]  eta: 0:02:19    time: 0.0369  data: 0.0000  max mem: 5880
      ITM Evaluation: [2300/6156]  eta: 0:02:15    time: 0.0347  data: 0.0000  max mem: 5880
      ITM Evaluation: [2400/6156]  eta: 0:02:12    time: 0.0358  data: 0.0000  max mem: 5880
      ITM Evaluation: [2500/6156]  eta: 0:02:08    time: 0.0344  data: 0.0000  max mem: 5880
      ITM Evaluation: [2600/6156]  eta: 0:02:05    time: 0.0378  data: 0.0000  max mem: 5880
      ITM Evaluation: [2700/6156]  eta: 0:02:02    time: 0.0347  data: 0.0000  max mem: 5880
      ITM Evaluation: [2800/6156]  eta: 0:01:58    time: 0.0345  data: 0.0000  max mem: 5880
      ITM Evaluation: [2900/6156]  eta: 0:01:54    time: 0.0350  data: 0.0000  max mem: 5880
      ITM Evaluation: [3000/6156]  eta: 0:01:51    time: 0.0349  data: 0.0000  max mem: 5880
      ITM Evaluation: [3100/6156]  eta: 0:01:47    time: 0.0345  data: 0.0000  max mem: 5880
      ITM Evaluation: [3200/6156]  eta: 0:01:44    time: 0.0366  data: 0.0000  max mem: 5880
      ITM Evaluation: [3300/6156]  eta: 0:01:40    time: 0.0358  data: 0.0000  max mem: 5880
      ITM Evaluation: [3400/6156]  eta: 0:01:37    time: 0.0352  data: 0.0000  max mem: 5880
      ITM Evaluation: [3500/6156]  eta: 0:01:33    time: 0.0357  data: 0.0000  max mem: 5880
      ITM Evaluation: [3600/6156]  eta: 0:01:30    time: 0.0352  data: 0.0000  max mem: 5880
      ITM Evaluation: [3700/6156]  eta: 0:01:26    time: 0.0374  data: 0.0000  max mem: 5880
      ITM Evaluation: [3800/6156]  eta: 0:01:23    time: 0.0354  data: 0.0000  max mem: 5880
      ITM Evaluation: [3900/6156]  eta: 0:01:19    time: 0.0354  data: 0.0000  max mem: 5880
      ITM Evaluation: [4000/6156]  eta: 0:01:16    time: 0.0355  data: 0.0000  max mem: 5880
      ITM Evaluation: [4100/6156]  eta: 0:01:12    time: 0.0350  data: 0.0000  max mem: 5880
      ITM Evaluation: [4200/6156]  eta: 0:01:09    time: 0.0359  data: 0.0000  max mem: 5880
      ITM Evaluation: [4300/6156]  eta: 0:01:05    time: 0.0363  data: 0.0000  max mem: 5880
      ITM Evaluation: [4400/6156]  eta: 0:01:02    time: 0.0360  data: 0.0000  max mem: 5880
      ITM Evaluation: [4500/6156]  eta: 0:00:58    time: 0.0357  data: 0.0000  max mem: 5880
      ITM Evaluation: [4600/6156]  eta: 0:00:55    time: 0.0351  data: 0.0000  max mem: 5880
      ITM Evaluation: [4700/6156]  eta: 0:00:51    time: 0.0358  data: 0.0000  max mem: 5880
      ITM Evaluation: [4800/6156]  eta: 0:00:48    time: 0.0369  data: 0.0000  max mem: 5880
      ITM Evaluation: [4900/6156]  eta: 0:00:44    time: 0.0353  data: 0.0000  max mem: 5880
      ITM Evaluation: [5000/6156]  eta: 0:00:40    time: 0.0358  data: 0.0000  max mem: 5880
      ITM Evaluation: [5100/6156]  eta: 0:00:37    time: 0.0359  data: 0.0000  max mem: 5880
      ITM Evaluation: [5200/6156]  eta: 0:00:33    time: 0.0356  data: 0.0000  max mem: 5880
      ITM Evaluation: [5300/6156]  eta: 0:00:30    time: 0.0346  data: 0.0000  max mem: 5880
      ITM Evaluation: [5400/6156]  eta: 0:00:26    time: 0.0346  data: 0.0000  max mem: 5880
      ITM Evaluation: [5500/6156]  eta: 0:00:23    time: 0.0353  data: 0.0000  max mem: 5880
      ITM Evaluation: [5600/6156]  eta: 0:00:19    time: 0.0349  data: 0.0000  max mem: 5880
      ITM Evaluation: [5700/6156]  eta: 0:00:16    time: 0.0349  data: 0.0000  max mem: 5880
      ITM Evaluation: [5800/6156]  eta: 0:00:12    time: 0.0361  data: 0.0000  max mem: 5880
      ITM Evaluation: [5900/6156]  eta: 0:00:09    time: 0.0369  data: 0.0000  max mem: 5880
      ITM Evaluation: [6000/6156]  eta: 0:00:05    time: 0.0354  data: 0.0000  max mem: 5880
      ITM Evaluation: [6100/6156]  eta: 0:00:01    time: 0.0354  data: 0.0000  max mem: 5880
      ITM Evaluation: [6155/6156]  eta: 0:00:00    time: 0.0344  data: 0.0000  max mem: 5880
      ITM Evaluation: Total time: 0:03:38 (0.0355 s / it)
     total_time 218.5135519504547
     Computing matching score time 0:03:38
### TTA ITM Score: 
+-------+--------+--------+--------+--------+--------+
| epoch |   R1   |   R5   |  R10   |  mAP   |  mINP  |
+-------+--------+--------+--------+--------+--------+
|  -999 | 70.760 | 87.378 | 92.268 | 63.849 | 48.174 |
|  -999 | 76.170 | 89.457 | 93.600 | 65.570 | 47.372 |
|   0   | 70.533 | 88.775 | 92.788 | 63.228 | 46.439 |
|   1   | 68.486 | 88.369 | 92.576 | 61.531 | 44.327 |
|   2   | 66.780 | 88.320 | 92.625 | 60.569 | 43.879 |
|   3   | 64.084 | 87.427 | 92.008 | 58.508 | 41.216 |
|   4   | 62.086 | 87.281 | 92.479 | 57.892 | 41.793 |
|   5   | 62.313 | 87.216 | 92.528 | 58.108 | 42.017 |
|   6   | 63.580 | 87.524 | 92.560 | 58.669 | 42.168 |
|   7   | 56.189 | 85.429 | 91.992 | 54.560 | 39.607 |
|   8   | 58.463 | 85.965 | 92.073 | 55.664 | 40.059 |
|   9   | 60.299 | 86.858 | 91.959 | 56.785 | 40.385 |
|   10  | 60.429 | 86.842 | 92.544 | 56.971 | 40.936 |
|   11  | 60.851 | 87.086 | 92.560 | 57.182 | 41.237 |
|   12  | 58.804 | 86.485 | 92.398 | 56.176 | 40.588 |
|   13  | 58.723 | 86.371 | 92.300 | 55.986 | 40.291 |
|   14  | 62.476 | 87.297 | 92.641 | 57.848 | 41.441 |
|   15  | 62.248 | 87.216 | 92.593 | 57.696 | 41.430 |
|   16  | 62.654 | 87.346 | 92.625 | 57.997 | 41.518 |
|   17  | 63.369 | 87.687 | 92.706 | 58.403 | 41.673 |
|   18  | 66.634 | 88.174 | 92.771 | 60.305 | 43.241 |
|   19  | 64.961 | 88.028 | 92.804 | 59.544 | 42.919 |
+-------+--------+--------+--------+--------+--------+
     logs:  {'epo': 19, 'R1': 64.961, 'R5': 88.028, 'R10': 92.804, 'mAP': 59.544, 'mINP': 42.919, 'lr': 7.1e-05, 'entropy': 0.120714, 'loss': 2.73837}
      TTA Epoch: [20] [  0/384]  eta: 0:03:40  lr: 0.000068  entropy: 0.2562  loss: 2.7887  time: 0.5740  data: 0.4670  max mem: 5880
      TTA Epoch: [20] [100/384]  eta: 0:00:16  lr: 0.000066  entropy: 0.0969  loss: 2.7298  time: 0.0556  data: 0.0001  max mem: 5880
      TTA Epoch: [20] [200/384]  eta: 0:00:09  lr: 0.000064  entropy: 0.0387  loss: 2.7083  time: 0.0480  data: 0.0001  max mem: 5880
      TTA Epoch: [20] [300/384]  eta: 0:00:04  lr: 0.000062  entropy: 0.2223  loss: 2.7759  time: 0.0519  data: 0.0001  max mem: 5880
      TTA Epoch: [20] [383/384]  eta: 0:00:00  lr: 0.000061  entropy: 0.1044  loss: 2.7321  time: 0.0464  data: 0.0001  max mem: 5880
      TTA Epoch: [20] Total time: 0:00:20 (0.0521 s / it)
     Averaged stats: lr: 0.0001  entropy: 0.1153  loss: 2.7364
     itm tta time 0:00:20
     Computing matching score
      ITM Evaluation: [   0/6156]  eta: 0:04:08    time: 0.0404  data: 0.0065  max mem: 5880
      ITM Evaluation: [ 100/6156]  eta: 0:03:36    time: 0.0365  data: 0.0000  max mem: 5880
      ITM Evaluation: [ 200/6156]  eta: 0:03:38    time: 0.0376  data: 0.0000  max mem: 5880
      ITM Evaluation: [ 300/6156]  eta: 0:03:33    time: 0.0354  data: 0.0000  max mem: 5880
      ITM Evaluation: [ 400/6156]  eta: 0:03:28    time: 0.0356  data: 0.0000  max mem: 5880
      ITM Evaluation: [ 500/6156]  eta: 0:03:23    time: 0.0362  data: 0.0000  max mem: 5880
      ITM Evaluation: [ 600/6156]  eta: 0:03:21    time: 0.0373  data: 0.0000  max mem: 5880
      ITM Evaluation: [ 700/6156]  eta: 0:03:17    time: 0.0351  data: 0.0000  max mem: 5880
      ITM Evaluation: [ 800/6156]  eta: 0:03:13    time: 0.0351  data: 0.0000  max mem: 5880
      ITM Evaluation: [ 900/6156]  eta: 0:03:09    time: 0.0350  data: 0.0000  max mem: 5880
      ITM Evaluation: [1000/6156]  eta: 0:03:05    time: 0.0346  data: 0.0000  max mem: 5880
      ITM Evaluation: [1100/6156]  eta: 0:03:01    time: 0.0356  data: 0.0000  max mem: 5880
      ITM Evaluation: [1200/6156]  eta: 0:02:57    time: 0.0374  data: 0.0000  max mem: 5880
      ITM Evaluation: [1300/6156]  eta: 0:02:54    time: 0.0372  data: 0.0000  max mem: 5880
      ITM Evaluation: [1400/6156]  eta: 0:02:51    time: 0.0350  data: 0.0000  max mem: 5880
      ITM Evaluation: [1500/6156]  eta: 0:02:47    time: 0.0351  data: 0.0000  max mem: 5880
      ITM Evaluation: [1600/6156]  eta: 0:02:43    time: 0.0380  data: 0.0000  max mem: 5880
      ITM Evaluation: [1700/6156]  eta: 0:02:40    time: 0.0381  data: 0.0000  max mem: 5880
      ITM Evaluation: [1800/6156]  eta: 0:02:37    time: 0.0365  data: 0.0000  max mem: 5880
      ITM Evaluation: [1900/6156]  eta: 0:02:33    time: 0.0359  data: 0.0000  max mem: 5880
      ITM Evaluation: [2000/6156]  eta: 0:02:30    time: 0.0353  data: 0.0000  max mem: 5880
      ITM Evaluation: [2100/6156]  eta: 0:02:26    time: 0.0357  data: 0.0000  max mem: 5880
      ITM Evaluation: [2200/6156]  eta: 0:02:22    time: 0.0376  data: 0.0000  max mem: 5880
      ITM Evaluation: [2300/6156]  eta: 0:02:19    time: 0.0397  data: 0.0000  max mem: 5880
      ITM Evaluation: [2400/6156]  eta: 0:02:16    time: 0.0386  data: 0.0000  max mem: 5880
      ITM Evaluation: [2500/6156]  eta: 0:02:12    time: 0.0356  data: 0.0000  max mem: 5880
      ITM Evaluation: [2600/6156]  eta: 0:02:08    time: 0.0337  data: 0.0000  max mem: 5880
      ITM Evaluation: [2700/6156]  eta: 0:02:05    time: 0.0347  data: 0.0000  max mem: 5880
      ITM Evaluation: [2800/6156]  eta: 0:02:01    time: 0.0373  data: 0.0000  max mem: 5880
      ITM Evaluation: [2900/6156]  eta: 0:01:57    time: 0.0350  data: 0.0000  max mem: 5880
      ITM Evaluation: [3000/6156]  eta: 0:01:53    time: 0.0351  data: 0.0000  max mem: 5880
      ITM Evaluation: [3100/6156]  eta: 0:01:50    time: 0.0354  data: 0.0000  max mem: 5880
      ITM Evaluation: [3200/6156]  eta: 0:01:46    time: 0.0346  data: 0.0000  max mem: 5880
      ITM Evaluation: [3300/6156]  eta: 0:01:42    time: 0.0345  data: 0.0000  max mem: 5880
      ITM Evaluation: [3400/6156]  eta: 0:01:39    time: 0.0360  data: 0.0000  max mem: 5880
      ITM Evaluation: [3500/6156]  eta: 0:01:35    time: 0.0343  data: 0.0000  max mem: 5880
      ITM Evaluation: [3600/6156]  eta: 0:01:31    time: 0.0338  data: 0.0000  max mem: 5880
      ITM Evaluation: [3700/6156]  eta: 0:01:28    time: 0.0340  data: 0.0000  max mem: 5880
      ITM Evaluation: [3800/6156]  eta: 0:01:24    time: 0.0341  data: 0.0000  max mem: 5880
      ITM Evaluation: [3900/6156]  eta: 0:01:20    time: 0.0347  data: 0.0000  max mem: 5880
      ITM Evaluation: [4000/6156]  eta: 0:01:17    time: 0.0342  data: 0.0000  max mem: 5880
      ITM Evaluation: [4100/6156]  eta: 0:01:13    time: 0.0339  data: 0.0000  max mem: 5880
      ITM Evaluation: [4200/6156]  eta: 0:01:09    time: 0.0331  data: 0.0000  max mem: 5880
      ITM Evaluation: [4300/6156]  eta: 0:01:06    time: 0.0338  data: 0.0000  max mem: 5880
      ITM Evaluation: [4400/6156]  eta: 0:01:02    time: 0.0342  data: 0.0000  max mem: 5880
      ITM Evaluation: [4500/6156]  eta: 0:00:58    time: 0.0353  data: 0.0000  max mem: 5880
      ITM Evaluation: [4600/6156]  eta: 0:00:55    time: 0.0366  data: 0.0000  max mem: 5880
      ITM Evaluation: [4700/6156]  eta: 0:00:51    time: 0.0346  data: 0.0000  max mem: 5880
      ITM Evaluation: [4800/6156]  eta: 0:00:48    time: 0.0341  data: 0.0000  max mem: 5880
      ITM Evaluation: [4900/6156]  eta: 0:00:44    time: 0.0355  data: 0.0000  max mem: 5880
      ITM Evaluation: [5000/6156]  eta: 0:00:40    time: 0.0356  data: 0.0000  max mem: 5880
      ITM Evaluation: [5100/6156]  eta: 0:00:37    time: 0.0350  data: 0.0000  max mem: 5880
      ITM Evaluation: [5200/6156]  eta: 0:00:33    time: 0.0344  data: 0.0000  max mem: 5880
      ITM Evaluation: [5300/6156]  eta: 0:00:30    time: 0.0337  data: 0.0000  max mem: 5880
      ITM Evaluation: [5400/6156]  eta: 0:00:26    time: 0.0338  data: 0.0000  max mem: 5880
      ITM Evaluation: [5500/6156]  eta: 0:00:23    time: 0.0338  data: 0.0000  max mem: 5880
      ITM Evaluation: [5600/6156]  eta: 0:00:19    time: 0.0339  data: 0.0000  max mem: 5880
      ITM Evaluation: [5700/6156]  eta: 0:00:16    time: 0.0351  data: 0.0000  max mem: 5880
      ITM Evaluation: [5800/6156]  eta: 0:00:12    time: 0.0340  data: 0.0000  max mem: 5880
      ITM Evaluation: [5900/6156]  eta: 0:00:09    time: 0.0343  data: 0.0000  max mem: 5880
      ITM Evaluation: [6000/6156]  eta: 0:00:05    time: 0.0351  data: 0.0000  max mem: 5880
      ITM Evaluation: [6100/6156]  eta: 0:00:01    time: 0.0357  data: 0.0000  max mem: 5880
      ITM Evaluation: [6155/6156]  eta: 0:00:00    time: 0.0348  data: 0.0000  max mem: 5880
      ITM Evaluation: Total time: 0:03:37 (0.0353 s / it)
     total_time 217.275484085083
     Computing matching score time 0:03:37
### TTA ITM Score: 
+-------+--------+--------+--------+--------+--------+
| epoch |   R1   |   R5   |  R10   |  mAP   |  mINP  |
+-------+--------+--------+--------+--------+--------+
|  -999 | 70.760 | 87.378 | 92.268 | 63.849 | 48.174 |
|  -999 | 76.170 | 89.457 | 93.600 | 65.570 | 47.372 |
|   0   | 70.533 | 88.775 | 92.788 | 63.228 | 46.439 |
|   1   | 68.486 | 88.369 | 92.576 | 61.531 | 44.327 |
|   2   | 66.780 | 88.320 | 92.625 | 60.569 | 43.879 |
|   3   | 64.084 | 87.427 | 92.008 | 58.508 | 41.216 |
|   4   | 62.086 | 87.281 | 92.479 | 57.892 | 41.793 |
|   5   | 62.313 | 87.216 | 92.528 | 58.108 | 42.017 |
|   6   | 63.580 | 87.524 | 92.560 | 58.669 | 42.168 |
|   7   | 56.189 | 85.429 | 91.992 | 54.560 | 39.607 |
|   8   | 58.463 | 85.965 | 92.073 | 55.664 | 40.059 |
|   9   | 60.299 | 86.858 | 91.959 | 56.785 | 40.385 |
|   10  | 60.429 | 86.842 | 92.544 | 56.971 | 40.936 |
|   11  | 60.851 | 87.086 | 92.560 | 57.182 | 41.237 |
|   12  | 58.804 | 86.485 | 92.398 | 56.176 | 40.588 |
|   13  | 58.723 | 86.371 | 92.300 | 55.986 | 40.291 |
|   14  | 62.476 | 87.297 | 92.641 | 57.848 | 41.441 |
|   15  | 62.248 | 87.216 | 92.593 | 57.696 | 41.430 |
|   16  | 62.654 | 87.346 | 92.625 | 57.997 | 41.518 |
|   17  | 63.369 | 87.687 | 92.706 | 58.403 | 41.673 |
|   18  | 66.634 | 88.174 | 92.771 | 60.305 | 43.241 |
|   19  | 64.961 | 88.028 | 92.804 | 59.544 | 42.919 |
|   20  | 64.652 | 87.768 | 92.544 | 59.195 | 42.522 |
+-------+--------+--------+--------+--------+--------+
     logs:  {'epo': 20, 'R1': 64.652, 'R5': 87.768, 'R10': 92.544, 'mAP': 59.195, 'mINP': 42.522, 'lr': 6.4e-05, 'entropy': 0.115327, 'loss': 2.73637}
      TTA Epoch: [21] [  0/384]  eta: 0:03:22  lr: 0.000061  entropy: 0.0880  loss: 2.7268  time: 0.5282  data: 0.4202  max mem: 5880
      TTA Epoch: [21] [100/384]  eta: 0:00:15  lr: 0.000059  entropy: 0.0837  loss: 2.7239  time: 0.0493  data: 0.0002  max mem: 5880
      TTA Epoch: [21] [200/384]  eta: 0:00:09  lr: 0.000057  entropy: 0.1807  loss: 2.7604  time: 0.0487  data: 0.0001  max mem: 5880
      TTA Epoch: [21] [300/384]  eta: 0:00:04  lr: 0.000056  entropy: 0.1281  loss: 2.7408  time: 0.0511  data: 0.0001  max mem: 5880
      TTA Epoch: [21] [383/384]  eta: 0:00:00  lr: 0.000054  entropy: 0.1189  loss: 2.7373  time: 0.0527  data: 0.0002  max mem: 5880
      TTA Epoch: [21] Total time: 0:00:19 (0.0512 s / it)
     Averaged stats: lr: 0.0001  entropy: 0.1135  loss: 2.7357
     itm tta time 0:00:19
     Computing matching score
      ITM Evaluation: [   0/6156]  eta: 0:05:50    time: 0.0569  data: 0.0103  max mem: 5880
      ITM Evaluation: [ 100/6156]  eta: 0:03:32    time: 0.0340  data: 0.0000  max mem: 5880
      ITM Evaluation: [ 200/6156]  eta: 0:03:28    time: 0.0361  data: 0.0000  max mem: 5880
      ITM Evaluation: [ 300/6156]  eta: 0:03:26    time: 0.0373  data: 0.0000  max mem: 5880
      ITM Evaluation: [ 400/6156]  eta: 0:03:25    time: 0.0377  data: 0.0000  max mem: 5880
      ITM Evaluation: [ 500/6156]  eta: 0:03:20    time: 0.0346  data: 0.0000  max mem: 5880
      ITM Evaluation: [ 600/6156]  eta: 0:03:16    time: 0.0346  data: 0.0000  max mem: 5880
      ITM Evaluation: [ 700/6156]  eta: 0:03:12    time: 0.0347  data: 0.0000  max mem: 5880
      ITM Evaluation: [ 800/6156]  eta: 0:03:09    time: 0.0353  data: 0.0000  max mem: 5880
      ITM Evaluation: [ 900/6156]  eta: 0:03:05    time: 0.0349  data: 0.0000  max mem: 5880
      ITM Evaluation: [1000/6156]  eta: 0:03:01    time: 0.0376  data: 0.0000  max mem: 5880
      ITM Evaluation: [1100/6156]  eta: 0:02:59    time: 0.0372  data: 0.0000  max mem: 5880
      ITM Evaluation: [1200/6156]  eta: 0:02:55    time: 0.0340  data: 0.0000  max mem: 5880
      ITM Evaluation: [1300/6156]  eta: 0:02:51    time: 0.0355  data: 0.0000  max mem: 5880
      ITM Evaluation: [1400/6156]  eta: 0:02:48    time: 0.0350  data: 0.0000  max mem: 5880
      ITM Evaluation: [1500/6156]  eta: 0:02:44    time: 0.0346  data: 0.0000  max mem: 5880
      ITM Evaluation: [1600/6156]  eta: 0:02:41    time: 0.0355  data: 0.0000  max mem: 5880
      ITM Evaluation: [1700/6156]  eta: 0:02:37    time: 0.0348  data: 0.0000  max mem: 5880
      ITM Evaluation: [1800/6156]  eta: 0:02:33    time: 0.0346  data: 0.0000  max mem: 5880
      ITM Evaluation: [1900/6156]  eta: 0:02:30    time: 0.0350  data: 0.0000  max mem: 5880
      ITM Evaluation: [2000/6156]  eta: 0:02:26    time: 0.0349  data: 0.0000  max mem: 5880
      ITM Evaluation: [2100/6156]  eta: 0:02:22    time: 0.0368  data: 0.0000  max mem: 5880
      ITM Evaluation: [2200/6156]  eta: 0:02:19    time: 0.0364  data: 0.0000  max mem: 5880
      ITM Evaluation: [2300/6156]  eta: 0:02:16    time: 0.0345  data: 0.0000  max mem: 5880
      ITM Evaluation: [2400/6156]  eta: 0:02:12    time: 0.0375  data: 0.0000  max mem: 5880
      ITM Evaluation: [2500/6156]  eta: 0:02:09    time: 0.0359  data: 0.0000  max mem: 5880
      ITM Evaluation: [2600/6156]  eta: 0:02:05    time: 0.0342  data: 0.0000  max mem: 5880
      ITM Evaluation: [2700/6156]  eta: 0:02:01    time: 0.0338  data: 0.0000  max mem: 5880
      ITM Evaluation: [2800/6156]  eta: 0:01:58    time: 0.0361  data: 0.0000  max mem: 5880
      ITM Evaluation: [2900/6156]  eta: 0:01:54    time: 0.0352  data: 0.0000  max mem: 5880
      ITM Evaluation: [3000/6156]  eta: 0:01:51    time: 0.0347  data: 0.0000  max mem: 5880
      ITM Evaluation: [3100/6156]  eta: 0:01:47    time: 0.0344  data: 0.0000  max mem: 5880
      ITM Evaluation: [3200/6156]  eta: 0:01:44    time: 0.0359  data: 0.0000  max mem: 5880
      ITM Evaluation: [3300/6156]  eta: 0:01:40    time: 0.0339  data: 0.0000  max mem: 5880
      ITM Evaluation: [3400/6156]  eta: 0:01:37    time: 0.0336  data: 0.0000  max mem: 5880
      ITM Evaluation: [3500/6156]  eta: 0:01:33    time: 0.0341  data: 0.0000  max mem: 5880
      ITM Evaluation: [3600/6156]  eta: 0:01:29    time: 0.0340  data: 0.0000  max mem: 5880
      ITM Evaluation: [3700/6156]  eta: 0:01:26    time: 0.0341  data: 0.0000  max mem: 5880
      ITM Evaluation: [3800/6156]  eta: 0:01:22    time: 0.0337  data: 0.0000  max mem: 5880
      ITM Evaluation: [3900/6156]  eta: 0:01:19    time: 0.0333  data: 0.0000  max mem: 5880
      ITM Evaluation: [4000/6156]  eta: 0:01:15    time: 0.0335  data: 0.0000  max mem: 5880
      ITM Evaluation: [4100/6156]  eta: 0:01:12    time: 0.0343  data: 0.0000  max mem: 5880
      ITM Evaluation: [4200/6156]  eta: 0:01:08    time: 0.0366  data: 0.0000  max mem: 5880
      ITM Evaluation: [4300/6156]  eta: 0:01:05    time: 0.0360  data: 0.0000  max mem: 5880
      ITM Evaluation: [4400/6156]  eta: 0:01:01    time: 0.0337  data: 0.0000  max mem: 5880
      ITM Evaluation: [4500/6156]  eta: 0:00:57    time: 0.0347  data: 0.0000  max mem: 5880
      ITM Evaluation: [4600/6156]  eta: 0:00:54    time: 0.0349  data: 0.0000  max mem: 5880
      ITM Evaluation: [4700/6156]  eta: 0:00:50    time: 0.0359  data: 0.0000  max mem: 5880
      ITM Evaluation: [4800/6156]  eta: 0:00:47    time: 0.0354  data: 0.0000  max mem: 5880
      ITM Evaluation: [4900/6156]  eta: 0:00:43    time: 0.0356  data: 0.0000  max mem: 5880
      ITM Evaluation: [5000/6156]  eta: 0:00:40    time: 0.0350  data: 0.0000  max mem: 5880
      ITM Evaluation: [5100/6156]  eta: 0:00:36    time: 0.0343  data: 0.0000  max mem: 5880
      ITM Evaluation: [5200/6156]  eta: 0:00:33    time: 0.0339  data: 0.0000  max mem: 5880
      ITM Evaluation: [5300/6156]  eta: 0:00:29    time: 0.0366  data: 0.0000  max mem: 5880
      ITM Evaluation: [5400/6156]  eta: 0:00:26    time: 0.0336  data: 0.0000  max mem: 5880
      ITM Evaluation: [5500/6156]  eta: 0:00:22    time: 0.0344  data: 0.0000  max mem: 5880
      ITM Evaluation: [5600/6156]  eta: 0:00:19    time: 0.0350  data: 0.0000  max mem: 5880
      ITM Evaluation: [5700/6156]  eta: 0:00:15    time: 0.0342  data: 0.0000  max mem: 5880
      ITM Evaluation: [5800/6156]  eta: 0:00:12    time: 0.0351  data: 0.0000  max mem: 5880
      ITM Evaluation: [5900/6156]  eta: 0:00:08    time: 0.0340  data: 0.0000  max mem: 5880
      ITM Evaluation: [6000/6156]  eta: 0:00:05    time: 0.0344  data: 0.0000  max mem: 5880
      ITM Evaluation: [6100/6156]  eta: 0:00:01    time: 0.0340  data: 0.0000  max mem: 5880
      ITM Evaluation: [6155/6156]  eta: 0:00:00    time: 0.0339  data: 0.0000  max mem: 5880
      ITM Evaluation: Total time: 0:03:35 (0.0349 s / it)
     total_time 215.09592652320862
     Computing matching score time 0:03:35
### TTA ITM Score: 
+-------+--------+--------+--------+--------+--------+
| epoch |   R1   |   R5   |  R10   |  mAP   |  mINP  |
+-------+--------+--------+--------+--------+--------+
|  -999 | 70.760 | 87.378 | 92.268 | 63.849 | 48.174 |
|  -999 | 76.170 | 89.457 | 93.600 | 65.570 | 47.372 |
|   0   | 70.533 | 88.775 | 92.788 | 63.228 | 46.439 |
|   1   | 68.486 | 88.369 | 92.576 | 61.531 | 44.327 |
|   2   | 66.780 | 88.320 | 92.625 | 60.569 | 43.879 |
|   3   | 64.084 | 87.427 | 92.008 | 58.508 | 41.216 |
|   4   | 62.086 | 87.281 | 92.479 | 57.892 | 41.793 |
|   5   | 62.313 | 87.216 | 92.528 | 58.108 | 42.017 |
|   6   | 63.580 | 87.524 | 92.560 | 58.669 | 42.168 |
|   7   | 56.189 | 85.429 | 91.992 | 54.560 | 39.607 |
|   8   | 58.463 | 85.965 | 92.073 | 55.664 | 40.059 |
|   9   | 60.299 | 86.858 | 91.959 | 56.785 | 40.385 |
|   10  | 60.429 | 86.842 | 92.544 | 56.971 | 40.936 |
|   11  | 60.851 | 87.086 | 92.560 | 57.182 | 41.237 |
|   12  | 58.804 | 86.485 | 92.398 | 56.176 | 40.588 |
|   13  | 58.723 | 86.371 | 92.300 | 55.986 | 40.291 |
|   14  | 62.476 | 87.297 | 92.641 | 57.848 | 41.441 |
|   15  | 62.248 | 87.216 | 92.593 | 57.696 | 41.430 |
|   16  | 62.654 | 87.346 | 92.625 | 57.997 | 41.518 |
|   17  | 63.369 | 87.687 | 92.706 | 58.403 | 41.673 |
|   18  | 66.634 | 88.174 | 92.771 | 60.305 | 43.241 |
|   19  | 64.961 | 88.028 | 92.804 | 59.544 | 42.919 |
|   20  | 64.652 | 87.768 | 92.544 | 59.195 | 42.522 |
|   21  | 65.822 | 88.044 | 92.706 | 59.902 | 43.244 |
+-------+--------+--------+--------+--------+--------+
     logs:  {'epo': 21, 'R1': 65.822, 'R5': 88.044, 'R10': 92.706, 'mAP': 59.902, 'mINP': 43.244, 'lr': 5.8e-05, 'entropy': 0.11351, 'loss': 2.735695}
      TTA Epoch: [22] [  0/384]  eta: 0:03:29  lr: 0.000054  entropy: 0.1673  loss: 2.7554  time: 0.5451  data: 0.4457  max mem: 5880
      TTA Epoch: [22] [100/384]  eta: 0:00:16  lr: 0.000052  entropy: 0.0555  loss: 2.7138  time: 0.0528  data: 0.0002  max mem: 5880
      TTA Epoch: [22] [200/384]  eta: 0:00:09  lr: 0.000051  entropy: 0.1096  loss: 2.7345  time: 0.0459  data: 0.0001  max mem: 5880
      TTA Epoch: [22] [300/384]  eta: 0:00:04  lr: 0.000049  entropy: 0.1960  loss: 2.7663  time: 0.0482  data: 0.0001  max mem: 5880
      TTA Epoch: [22] [383/384]  eta: 0:00:00  lr: 0.000048  entropy: 0.1287  loss: 2.7412  time: 0.0437  data: 0.0001  max mem: 5880
      TTA Epoch: [22] Total time: 0:00:19 (0.0513 s / it)
     Averaged stats: lr: 0.0001  entropy: 0.1143  loss: 2.7360
     itm tta time 0:00:19
     Computing matching score
      ITM Evaluation: [   0/6156]  eta: 0:05:05    time: 0.0497  data: 0.0063  max mem: 5880
      ITM Evaluation: [ 100/6156]  eta: 0:03:28    time: 0.0341  data: 0.0000  max mem: 5880
      ITM Evaluation: [ 200/6156]  eta: 0:03:24    time: 0.0344  data: 0.0000  max mem: 5880
      ITM Evaluation: [ 300/6156]  eta: 0:03:20    time: 0.0352  data: 0.0000  max mem: 5880
      ITM Evaluation: [ 400/6156]  eta: 0:03:17    time: 0.0350  data: 0.0000  max mem: 5880
      ITM Evaluation: [ 500/6156]  eta: 0:03:14    time: 0.0351  data: 0.0000  max mem: 5880
      ITM Evaluation: [ 600/6156]  eta: 0:03:11    time: 0.0365  data: 0.0000  max mem: 5880
      ITM Evaluation: [ 700/6156]  eta: 0:03:09    time: 0.0369  data: 0.0000  max mem: 5880
      ITM Evaluation: [ 800/6156]  eta: 0:03:06    time: 0.0341  data: 0.0000  max mem: 5880
      ITM Evaluation: [ 900/6156]  eta: 0:03:02    time: 0.0358  data: 0.0000  max mem: 5880
      ITM Evaluation: [1000/6156]  eta: 0:03:00    time: 0.0376  data: 0.0000  max mem: 5880
      ITM Evaluation: [1100/6156]  eta: 0:02:56    time: 0.0347  data: 0.0000  max mem: 5880
      ITM Evaluation: [1200/6156]  eta: 0:02:53    time: 0.0345  data: 0.0000  max mem: 5880
      ITM Evaluation: [1300/6156]  eta: 0:02:49    time: 0.0341  data: 0.0000  max mem: 5880
      ITM Evaluation: [1400/6156]  eta: 0:02:45    time: 0.0342  data: 0.0000  max mem: 5880
      ITM Evaluation: [1500/6156]  eta: 0:02:42    time: 0.0349  data: 0.0000  max mem: 5880
      ITM Evaluation: [1600/6156]  eta: 0:02:38    time: 0.0350  data: 0.0000  max mem: 5880
      ITM Evaluation: [1700/6156]  eta: 0:02:35    time: 0.0355  data: 0.0000  max mem: 5880
      ITM Evaluation: [1800/6156]  eta: 0:02:31    time: 0.0345  data: 0.0000  max mem: 5880
      ITM Evaluation: [1900/6156]  eta: 0:02:28    time: 0.0342  data: 0.0000  max mem: 5880
      ITM Evaluation: [2000/6156]  eta: 0:02:25    time: 0.0361  data: 0.0000  max mem: 5880
      ITM Evaluation: [2100/6156]  eta: 0:02:21    time: 0.0350  data: 0.0000  max mem: 5880
      ITM Evaluation: [2200/6156]  eta: 0:02:18    time: 0.0339  data: 0.0000  max mem: 5880
      ITM Evaluation: [2300/6156]  eta: 0:02:14    time: 0.0343  data: 0.0000  max mem: 5880
      ITM Evaluation: [2400/6156]  eta: 0:02:11    time: 0.0350  data: 0.0000  max mem: 5880
      ITM Evaluation: [2500/6156]  eta: 0:02:07    time: 0.0346  data: 0.0000  max mem: 5880
      ITM Evaluation: [2600/6156]  eta: 0:02:04    time: 0.0347  data: 0.0000  max mem: 5880
      ITM Evaluation: [2700/6156]  eta: 0:02:00    time: 0.0372  data: 0.0000  max mem: 5880
      ITM Evaluation: [2800/6156]  eta: 0:01:57    time: 0.0360  data: 0.0000  max mem: 5880
      ITM Evaluation: [2900/6156]  eta: 0:01:53    time: 0.0365  data: 0.0000  max mem: 5880
      ITM Evaluation: [3000/6156]  eta: 0:01:50    time: 0.0355  data: 0.0000  max mem: 5880
      ITM Evaluation: [3100/6156]  eta: 0:01:47    time: 0.0359  data: 0.0000  max mem: 5880
      ITM Evaluation: [3200/6156]  eta: 0:01:43    time: 0.0347  data: 0.0000  max mem: 5880
      ITM Evaluation: [3300/6156]  eta: 0:01:39    time: 0.0342  data: 0.0000  max mem: 5880
      ITM Evaluation: [3400/6156]  eta: 0:01:36    time: 0.0337  data: 0.0000  max mem: 5880
      ITM Evaluation: [3500/6156]  eta: 0:01:32    time: 0.0344  data: 0.0000  max mem: 5880
      ITM Evaluation: [3600/6156]  eta: 0:01:29    time: 0.0351  data: 0.0000  max mem: 5880
      ITM Evaluation: [3700/6156]  eta: 0:01:25    time: 0.0339  data: 0.0000  max mem: 5880
      ITM Evaluation: [3800/6156]  eta: 0:01:22    time: 0.0341  data: 0.0000  max mem: 5880
      ITM Evaluation: [3900/6156]  eta: 0:01:18    time: 0.0336  data: 0.0000  max mem: 5880
      ITM Evaluation: [4000/6156]  eta: 0:01:15    time: 0.0366  data: 0.0000  max mem: 5880
      ITM Evaluation: [4100/6156]  eta: 0:01:11    time: 0.0360  data: 0.0000  max mem: 5880
      ITM Evaluation: [4200/6156]  eta: 0:01:08    time: 0.0336  data: 0.0000  max mem: 5880
      ITM Evaluation: [4300/6156]  eta: 0:01:04    time: 0.0342  data: 0.0000  max mem: 5880
      ITM Evaluation: [4400/6156]  eta: 0:01:01    time: 0.0343  data: 0.0000  max mem: 5880
      ITM Evaluation: [4500/6156]  eta: 0:00:57    time: 0.0338  data: 0.0000  max mem: 5880
      ITM Evaluation: [4600/6156]  eta: 0:00:54    time: 0.0303  data: 0.0000  max mem: 5880
      ITM Evaluation: [4700/6156]  eta: 0:00:50    time: 0.0299  data: 0.0000  max mem: 5880
      ITM Evaluation: [4800/6156]  eta: 0:00:47    time: 0.0301  data: 0.0000  max mem: 5880
      ITM Evaluation: [4900/6156]  eta: 0:00:43    time: 0.0299  data: 0.0000  max mem: 5880
      ITM Evaluation: [5000/6156]  eta: 0:00:39    time: 0.0303  data: 0.0000  max mem: 5880
      ITM Evaluation: [5100/6156]  eta: 0:00:36    time: 0.0319  data: 0.0000  max mem: 5880
      ITM Evaluation: [5200/6156]  eta: 0:00:32    time: 0.0316  data: 0.0000  max mem: 5880
      ITM Evaluation: [5300/6156]  eta: 0:00:29    time: 0.0312  data: 0.0000  max mem: 5880
      ITM Evaluation: [5400/6156]  eta: 0:00:25    time: 0.0304  data: 0.0000  max mem: 5880
      ITM Evaluation: [5500/6156]  eta: 0:00:22    time: 0.0308  data: 0.0000  max mem: 5880
      ITM Evaluation: [5600/6156]  eta: 0:00:19    time: 0.0308  data: 0.0000  max mem: 5880
      ITM Evaluation: [5700/6156]  eta: 0:00:15    time: 0.0568  data: 0.0000  max mem: 5880
      ITM Evaluation: [5800/6156]  eta: 0:00:12    time: 0.0314  data: 0.0000  max mem: 5880
      ITM Evaluation: [5900/6156]  eta: 0:00:08    time: 0.0316  data: 0.0000  max mem: 5880
      ITM Evaluation: [6000/6156]  eta: 0:00:05    time: 0.0311  data: 0.0000  max mem: 5880
      ITM Evaluation: [6100/6156]  eta: 0:00:01    time: 0.0305  data: 0.0000  max mem: 5880
      ITM Evaluation: [6155/6156]  eta: 0:00:00    time: 0.0307  data: 0.0000  max mem: 5880
      ITM Evaluation: Total time: 0:03:29 (0.0340 s / it)
     total_time 209.59372544288635
     Computing matching score time 0:03:29
### TTA ITM Score: 
+-------+--------+--------+--------+--------+--------+
| epoch |   R1   |   R5   |  R10   |  mAP   |  mINP  |
+-------+--------+--------+--------+--------+--------+
|  -999 | 70.760 | 87.378 | 92.268 | 63.849 | 48.174 |
|  -999 | 76.170 | 89.457 | 93.600 | 65.570 | 47.372 |
|   0   | 70.533 | 88.775 | 92.788 | 63.228 | 46.439 |
|   1   | 68.486 | 88.369 | 92.576 | 61.531 | 44.327 |
|   2   | 66.780 | 88.320 | 92.625 | 60.569 | 43.879 |
|   3   | 64.084 | 87.427 | 92.008 | 58.508 | 41.216 |
|   4   | 62.086 | 87.281 | 92.479 | 57.892 | 41.793 |
|   5   | 62.313 | 87.216 | 92.528 | 58.108 | 42.017 |
|   6   | 63.580 | 87.524 | 92.560 | 58.669 | 42.168 |
|   7   | 56.189 | 85.429 | 91.992 | 54.560 | 39.607 |
|   8   | 58.463 | 85.965 | 92.073 | 55.664 | 40.059 |
|   9   | 60.299 | 86.858 | 91.959 | 56.785 | 40.385 |
|   10  | 60.429 | 86.842 | 92.544 | 56.971 | 40.936 |
|   11  | 60.851 | 87.086 | 92.560 | 57.182 | 41.237 |
|   12  | 58.804 | 86.485 | 92.398 | 56.176 | 40.588 |
|   13  | 58.723 | 86.371 | 92.300 | 55.986 | 40.291 |
|   14  | 62.476 | 87.297 | 92.641 | 57.848 | 41.441 |
|   15  | 62.248 | 87.216 | 92.593 | 57.696 | 41.430 |
|   16  | 62.654 | 87.346 | 92.625 | 57.997 | 41.518 |
|   17  | 63.369 | 87.687 | 92.706 | 58.403 | 41.673 |
|   18  | 66.634 | 88.174 | 92.771 | 60.305 | 43.241 |
|   19  | 64.961 | 88.028 | 92.804 | 59.544 | 42.919 |
|   20  | 64.652 | 87.768 | 92.544 | 59.195 | 42.522 |
|   21  | 65.822 | 88.044 | 92.706 | 59.902 | 43.244 |
|   22  | 65.611 | 87.947 | 92.690 | 59.810 | 43.248 |
+-------+--------+--------+--------+--------+--------+
     logs:  {'epo': 22, 'R1': 65.611, 'R5': 87.947, 'R10': 92.69, 'mAP': 59.81, 'mINP': 43.248, 'lr': 5.1e-05, 'entropy': 0.114283, 'loss': 2.735981}
      TTA Epoch: [23] [  0/384]  eta: 0:03:05  lr: 0.000048  entropy: 0.1609  loss: 2.7527  time: 0.4843  data: 0.3984  max mem: 5880
      TTA Epoch: [23] [100/384]  eta: 0:00:14  lr: 0.000046  entropy: 0.1929  loss: 2.7656  time: 0.0483  data: 0.0001  max mem: 5880
      TTA Epoch: [23] [200/384]  eta: 0:00:09  lr: 0.000044  entropy: 0.1150  loss: 2.7361  time: 0.0497  data: 0.0001  max mem: 5880
      TTA Epoch: [23] [300/384]  eta: 0:00:04  lr: 0.000042  entropy: 0.1592  loss: 2.7531  time: 0.0593  data: 0.0001  max mem: 5880
      TTA Epoch: [23] [383/384]  eta: 0:00:00  lr: 0.000041  entropy: 0.1576  loss: 2.7521  time: 0.0545  data: 0.0001  max mem: 5880
      TTA Epoch: [23] Total time: 0:00:21 (0.0550 s / it)
     Averaged stats: lr: 0.0000  entropy: 0.1127  loss: 2.7354
     itm tta time 0:00:21
     Computing matching score
      ITM Evaluation: [   0/6156]  eta: 0:04:24    time: 0.0430  data: 0.0083  max mem: 5880
      ITM Evaluation: [ 100/6156]  eta: 0:03:17    time: 0.0325  data: 0.0000  max mem: 5880
      ITM Evaluation: [ 200/6156]  eta: 0:03:11    time: 0.0306  data: 0.0000  max mem: 5880
      ITM Evaluation: [ 300/6156]  eta: 0:03:05    time: 0.0310  data: 0.0000  max mem: 5880
      ITM Evaluation: [ 400/6156]  eta: 0:03:01    time: 0.0313  data: 0.0000  max mem: 5880
      ITM Evaluation: [ 500/6156]  eta: 0:02:58    time: 0.0312  data: 0.0000  max mem: 5880
      ITM Evaluation: [ 600/6156]  eta: 0:02:55    time: 0.0312  data: 0.0000  max mem: 5880
      ITM Evaluation: [ 700/6156]  eta: 0:02:52    time: 0.0332  data: 0.0000  max mem: 5880
      ITM Evaluation: [ 800/6156]  eta: 0:02:49    time: 0.0324  data: 0.0000  max mem: 5880
      ITM Evaluation: [ 900/6156]  eta: 0:02:46    time: 0.0315  data: 0.0000  max mem: 5880
      ITM Evaluation: [1000/6156]  eta: 0:02:43    time: 0.0317  data: 0.0000  max mem: 5880
      ITM Evaluation: [1100/6156]  eta: 0:02:40    time: 0.0313  data: 0.0000  max mem: 5880
      ITM Evaluation: [1200/6156]  eta: 0:02:37    time: 0.0326  data: 0.0000  max mem: 5880
      ITM Evaluation: [1300/6156]  eta: 0:02:34    time: 0.0328  data: 0.0000  max mem: 5880
      ITM Evaluation: [1400/6156]  eta: 0:02:31    time: 0.0331  data: 0.0000  max mem: 5880
      ITM Evaluation: [1500/6156]  eta: 0:02:28    time: 0.0315  data: 0.0000  max mem: 5880
      ITM Evaluation: [1600/6156]  eta: 0:02:24    time: 0.0314  data: 0.0000  max mem: 5880
      ITM Evaluation: [1700/6156]  eta: 0:02:21    time: 0.0318  data: 0.0000  max mem: 5880
      ITM Evaluation: [1800/6156]  eta: 0:02:18    time: 0.0313  data: 0.0000  max mem: 5880
      ITM Evaluation: [1900/6156]  eta: 0:02:15    time: 0.0323  data: 0.0000  max mem: 5880
      ITM Evaluation: [2000/6156]  eta: 0:02:11    time: 0.0321  data: 0.0000  max mem: 5880
      ITM Evaluation: [2100/6156]  eta: 0:02:08    time: 0.0313  data: 0.0000  max mem: 5880
      ITM Evaluation: [2200/6156]  eta: 0:02:05    time: 0.0314  data: 0.0000  max mem: 5880
      ITM Evaluation: [2300/6156]  eta: 0:02:02    time: 0.0319  data: 0.0000  max mem: 5880
      ITM Evaluation: [2400/6156]  eta: 0:01:59    time: 0.0320  data: 0.0000  max mem: 5880
      ITM Evaluation: [2500/6156]  eta: 0:01:55    time: 0.0335  data: 0.0000  max mem: 5880
      ITM Evaluation: [2600/6156]  eta: 0:01:52    time: 0.0328  data: 0.0000  max mem: 5880
      ITM Evaluation: [2700/6156]  eta: 0:01:49    time: 0.0324  data: 0.0000  max mem: 5880
      ITM Evaluation: [2800/6156]  eta: 0:01:46    time: 0.0314  data: 0.0000  max mem: 5880
      ITM Evaluation: [2900/6156]  eta: 0:01:43    time: 0.0333  data: 0.0000  max mem: 5880
      ITM Evaluation: [3000/6156]  eta: 0:01:40    time: 0.0333  data: 0.0000  max mem: 5880
      ITM Evaluation: [3100/6156]  eta: 0:01:37    time: 0.0339  data: 0.0000  max mem: 5880
      ITM Evaluation: [3200/6156]  eta: 0:01:34    time: 0.0332  data: 0.0000  max mem: 5880
      ITM Evaluation: [3300/6156]  eta: 0:01:31    time: 0.0327  data: 0.0000  max mem: 5880
      ITM Evaluation: [3400/6156]  eta: 0:01:28    time: 0.0336  data: 0.0000  max mem: 5880
      ITM Evaluation: [3500/6156]  eta: 0:01:25    time: 0.0342  data: 0.0000  max mem: 5880
      ITM Evaluation: [3600/6156]  eta: 0:01:22    time: 0.0334  data: 0.0000  max mem: 5880
      ITM Evaluation: [3700/6156]  eta: 0:01:19    time: 0.0351  data: 0.0000  max mem: 5880
      ITM Evaluation: [3800/6156]  eta: 0:01:16    time: 0.0352  data: 0.0000  max mem: 5880
      ITM Evaluation: [3900/6156]  eta: 0:01:12    time: 0.0353  data: 0.0000  max mem: 5880
      ITM Evaluation: [4000/6156]  eta: 0:01:09    time: 0.0325  data: 0.0000  max mem: 5880
      ITM Evaluation: [4100/6156]  eta: 0:01:06    time: 0.0339  data: 0.0000  max mem: 5880
      ITM Evaluation: [4200/6156]  eta: 0:01:03    time: 0.0339  data: 0.0000  max mem: 5880
      ITM Evaluation: [4300/6156]  eta: 0:01:00    time: 0.0329  data: 0.0000  max mem: 5880
      ITM Evaluation: [4400/6156]  eta: 0:00:57    time: 0.0329  data: 0.0000  max mem: 5880
      ITM Evaluation: [4500/6156]  eta: 0:00:53    time: 0.0328  data: 0.0000  max mem: 5880
      ITM Evaluation: [4600/6156]  eta: 0:00:50    time: 0.0339  data: 0.0000  max mem: 5880
      ITM Evaluation: [4700/6156]  eta: 0:00:47    time: 0.0340  data: 0.0000  max mem: 5880
      ITM Evaluation: [4800/6156]  eta: 0:00:44    time: 0.0333  data: 0.0000  max mem: 5880
      ITM Evaluation: [4900/6156]  eta: 0:00:40    time: 0.0331  data: 0.0000  max mem: 5880
      ITM Evaluation: [5000/6156]  eta: 0:00:37    time: 0.0358  data: 0.0000  max mem: 5880
      ITM Evaluation: [5100/6156]  eta: 0:00:34    time: 0.0353  data: 0.0000  max mem: 5880
      ITM Evaluation: [5200/6156]  eta: 0:00:31    time: 0.0339  data: 0.0000  max mem: 5880
      ITM Evaluation: [5300/6156]  eta: 0:00:28    time: 0.0349  data: 0.0000  max mem: 5880
      ITM Evaluation: [5400/6156]  eta: 0:00:24    time: 0.0331  data: 0.0000  max mem: 5880
      ITM Evaluation: [5500/6156]  eta: 0:00:21    time: 0.0323  data: 0.0000  max mem: 5880
      ITM Evaluation: [5600/6156]  eta: 0:00:18    time: 0.0335  data: 0.0000  max mem: 5880
      ITM Evaluation: [5700/6156]  eta: 0:00:14    time: 0.0329  data: 0.0000  max mem: 5880
      ITM Evaluation: [5800/6156]  eta: 0:00:11    time: 0.0338  data: 0.0000  max mem: 5880
      ITM Evaluation: [5900/6156]  eta: 0:00:08    time: 0.0335  data: 0.0000  max mem: 5880
      ITM Evaluation: [6000/6156]  eta: 0:00:05    time: 0.0335  data: 0.0000  max mem: 5880
      ITM Evaluation: [6100/6156]  eta: 0:00:01    time: 0.0332  data: 0.0000  max mem: 5880
      ITM Evaluation: [6155/6156]  eta: 0:00:00    time: 0.0355  data: 0.0000  max mem: 5880
      ITM Evaluation: Total time: 0:03:22 (0.0329 s / it)
     total_time 202.50088024139404
     Computing matching score time 0:03:22
### TTA ITM Score: 
+-------+--------+--------+--------+--------+--------+
| epoch |   R1   |   R5   |  R10   |  mAP   |  mINP  |
+-------+--------+--------+--------+--------+--------+
|  -999 | 70.760 | 87.378 | 92.268 | 63.849 | 48.174 |
|  -999 | 76.170 | 89.457 | 93.600 | 65.570 | 47.372 |
|   0   | 70.533 | 88.775 | 92.788 | 63.228 | 46.439 |
|   1   | 68.486 | 88.369 | 92.576 | 61.531 | 44.327 |
|   2   | 66.780 | 88.320 | 92.625 | 60.569 | 43.879 |
|   3   | 64.084 | 87.427 | 92.008 | 58.508 | 41.216 |
|   4   | 62.086 | 87.281 | 92.479 | 57.892 | 41.793 |
|   5   | 62.313 | 87.216 | 92.528 | 58.108 | 42.017 |
|   6   | 63.580 | 87.524 | 92.560 | 58.669 | 42.168 |
|   7   | 56.189 | 85.429 | 91.992 | 54.560 | 39.607 |
|   8   | 58.463 | 85.965 | 92.073 | 55.664 | 40.059 |
|   9   | 60.299 | 86.858 | 91.959 | 56.785 | 40.385 |
|   10  | 60.429 | 86.842 | 92.544 | 56.971 | 40.936 |
|   11  | 60.851 | 87.086 | 92.560 | 57.182 | 41.237 |
|   12  | 58.804 | 86.485 | 92.398 | 56.176 | 40.588 |
|   13  | 58.723 | 86.371 | 92.300 | 55.986 | 40.291 |
|   14  | 62.476 | 87.297 | 92.641 | 57.848 | 41.441 |
|   15  | 62.248 | 87.216 | 92.593 | 57.696 | 41.430 |
|   16  | 62.654 | 87.346 | 92.625 | 57.997 | 41.518 |
|   17  | 63.369 | 87.687 | 92.706 | 58.403 | 41.673 |
|   18  | 66.634 | 88.174 | 92.771 | 60.305 | 43.241 |
|   19  | 64.961 | 88.028 | 92.804 | 59.544 | 42.919 |
|   20  | 64.652 | 87.768 | 92.544 | 59.195 | 42.522 |
|   21  | 65.822 | 88.044 | 92.706 | 59.902 | 43.244 |
|   22  | 65.611 | 87.947 | 92.690 | 59.810 | 43.248 |
|   23  | 66.179 | 88.093 | 92.755 | 60.133 | 43.528 |
+-------+--------+--------+--------+--------+--------+
     logs:  {'epo': 23, 'R1': 66.179, 'R5': 88.093, 'R10': 92.755, 'mAP': 60.133, 'mINP': 43.528, 'lr': 4.4e-05, 'entropy': 0.112674, 'loss': 2.735383}
      TTA Epoch: [24] [  0/384]  eta: 0:04:36  lr: 0.000041  entropy: 0.0551  loss: 2.7140  time: 0.7210  data: 0.5608  max mem: 5880
      TTA Epoch: [24] [100/384]  eta: 0:00:17  lr: 0.000039  entropy: 0.1626  loss: 2.7537  time: 0.0492  data: 0.0001  max mem: 5880
      TTA Epoch: [24] [200/384]  eta: 0:00:10  lr: 0.000037  entropy: 0.0896  loss: 2.7270  time: 0.0484  data: 0.0001  max mem: 5880
      TTA Epoch: [24] [300/384]  eta: 0:00:04  lr: 0.000036  entropy: 0.1350  loss: 2.7430  time: 0.0514  data: 0.0001  max mem: 5880
      TTA Epoch: [24] [383/384]  eta: 0:00:00  lr: 0.000034  entropy: 0.0594  loss: 2.7153  time: 0.0456  data: 0.0001  max mem: 5880
      TTA Epoch: [24] Total time: 0:00:20 (0.0535 s / it)
     Averaged stats: lr: 0.0000  entropy: 0.1190  loss: 2.7377
     itm tta time 0:00:20
     Computing matching score
      ITM Evaluation: [   0/6156]  eta: 0:04:56    time: 0.0481  data: 0.0064  max mem: 5880
      ITM Evaluation: [ 100/6156]  eta: 0:03:24    time: 0.0339  data: 0.0000  max mem: 5880
      ITM Evaluation: [ 200/6156]  eta: 0:03:22    time: 0.0337  data: 0.0000  max mem: 5880
      ITM Evaluation: [ 300/6156]  eta: 0:03:18    time: 0.0337  data: 0.0000  max mem: 5880
      ITM Evaluation: [ 400/6156]  eta: 0:03:14    time: 0.0343  data: 0.0000  max mem: 5880
      ITM Evaluation: [ 500/6156]  eta: 0:03:12    time: 0.0361  data: 0.0000  max mem: 5880
      ITM Evaluation: [ 600/6156]  eta: 0:03:13    time: 0.0382  data: 0.0000  max mem: 5880
      ITM Evaluation: [ 700/6156]  eta: 0:03:11    time: 0.0333  data: 0.0000  max mem: 5880
      ITM Evaluation: [ 800/6156]  eta: 0:03:06    time: 0.0345  data: 0.0000  max mem: 5880
      ITM Evaluation: [ 900/6156]  eta: 0:03:02    time: 0.0333  data: 0.0000  max mem: 5880
      ITM Evaluation: [1000/6156]  eta: 0:02:59    time: 0.0339  data: 0.0000  max mem: 5880
      ITM Evaluation: [1100/6156]  eta: 0:02:55    time: 0.0336  data: 0.0000  max mem: 5880
      ITM Evaluation: [1200/6156]  eta: 0:02:51    time: 0.0355  data: 0.0000  max mem: 5880
      ITM Evaluation: [1300/6156]  eta: 0:02:47    time: 0.0340  data: 0.0000  max mem: 5880
      ITM Evaluation: [1400/6156]  eta: 0:02:44    time: 0.0351  data: 0.0000  max mem: 5880
      ITM Evaluation: [1500/6156]  eta: 0:02:40    time: 0.0337  data: 0.0000  max mem: 5880
      ITM Evaluation: [1600/6156]  eta: 0:02:37    time: 0.0357  data: 0.0000  max mem: 5880
      ITM Evaluation: [1700/6156]  eta: 0:02:34    time: 0.0369  data: 0.0000  max mem: 5880
      ITM Evaluation: [1800/6156]  eta: 0:02:31    time: 0.0354  data: 0.0000  max mem: 5880
      ITM Evaluation: [1900/6156]  eta: 0:02:28    time: 0.0344  data: 0.0000  max mem: 5880
      ITM Evaluation: [2000/6156]  eta: 0:02:24    time: 0.0338  data: 0.0000  max mem: 5880
      ITM Evaluation: [2100/6156]  eta: 0:02:20    time: 0.0336  data: 0.0000  max mem: 5880
      ITM Evaluation: [2200/6156]  eta: 0:02:17    time: 0.0350  data: 0.0000  max mem: 5880
      ITM Evaluation: [2300/6156]  eta: 0:02:13    time: 0.0348  data: 0.0000  max mem: 5880
      ITM Evaluation: [2400/6156]  eta: 0:02:10    time: 0.0338  data: 0.0000  max mem: 5880
      ITM Evaluation: [2500/6156]  eta: 0:02:06    time: 0.0338  data: 0.0000  max mem: 5880
      ITM Evaluation: [2600/6156]  eta: 0:02:03    time: 0.0345  data: 0.0000  max mem: 5880
      ITM Evaluation: [2700/6156]  eta: 0:01:59    time: 0.0354  data: 0.0000  max mem: 5880
      ITM Evaluation: [2800/6156]  eta: 0:01:56    time: 0.0339  data: 0.0000  max mem: 5880
      ITM Evaluation: [2900/6156]  eta: 0:01:52    time: 0.0356  data: 0.0000  max mem: 5880
      ITM Evaluation: [3000/6156]  eta: 0:01:49    time: 0.0358  data: 0.0000  max mem: 5880
      ITM Evaluation: [3100/6156]  eta: 0:01:46    time: 0.0340  data: 0.0000  max mem: 5880
      ITM Evaluation: [3200/6156]  eta: 0:01:42    time: 0.0341  data: 0.0000  max mem: 5880
      ITM Evaluation: [3300/6156]  eta: 0:01:39    time: 0.0339  data: 0.0000  max mem: 5880
      ITM Evaluation: [3400/6156]  eta: 0:01:35    time: 0.0339  data: 0.0000  max mem: 5880
      ITM Evaluation: [3500/6156]  eta: 0:01:32    time: 0.0341  data: 0.0000  max mem: 5880
      ITM Evaluation: [3600/6156]  eta: 0:01:28    time: 0.0340  data: 0.0000  max mem: 5880
      ITM Evaluation: [3700/6156]  eta: 0:01:25    time: 0.0365  data: 0.0000  max mem: 5880
      ITM Evaluation: [3800/6156]  eta: 0:01:21    time: 0.0358  data: 0.0000  max mem: 5880
      ITM Evaluation: [3900/6156]  eta: 0:01:18    time: 0.0339  data: 0.0000  max mem: 5880
      ITM Evaluation: [4000/6156]  eta: 0:01:14    time: 0.0363  data: 0.0000  max mem: 5880
      ITM Evaluation: [4100/6156]  eta: 0:01:11    time: 0.0356  data: 0.0000  max mem: 5880
      ITM Evaluation: [4200/6156]  eta: 0:01:07    time: 0.0355  data: 0.0000  max mem: 5880
      ITM Evaluation: [4300/6156]  eta: 0:01:04    time: 0.0338  data: 0.0000  max mem: 5880
      ITM Evaluation: [4400/6156]  eta: 0:01:00    time: 0.0330  data: 0.0000  max mem: 5880
      ITM Evaluation: [4500/6156]  eta: 0:00:57    time: 0.0333  data: 0.0000  max mem: 5880
      ITM Evaluation: [4600/6156]  eta: 0:00:53    time: 0.0328  data: 0.0000  max mem: 5880
      ITM Evaluation: [4700/6156]  eta: 0:00:50    time: 0.0335  data: 0.0000  max mem: 5880
      ITM Evaluation: [4800/6156]  eta: 0:00:46    time: 0.0338  data: 0.0000  max mem: 5880
      ITM Evaluation: [4900/6156]  eta: 0:00:43    time: 0.0350  data: 0.0000  max mem: 5880
      ITM Evaluation: [5000/6156]  eta: 0:00:39    time: 0.0333  data: 0.0000  max mem: 5880
      ITM Evaluation: [5100/6156]  eta: 0:00:36    time: 0.0339  data: 0.0000  max mem: 5880
      ITM Evaluation: [5200/6156]  eta: 0:00:33    time: 0.0344  data: 0.0000  max mem: 5880
      ITM Evaluation: [5300/6156]  eta: 0:00:29    time: 0.0357  data: 0.0000  max mem: 5880
      ITM Evaluation: [5400/6156]  eta: 0:00:26    time: 0.0360  data: 0.0000  max mem: 5880
      ITM Evaluation: [5500/6156]  eta: 0:00:22    time: 0.0335  data: 0.0000  max mem: 5880
      ITM Evaluation: [5600/6156]  eta: 0:00:19    time: 0.0339  data: 0.0000  max mem: 5880
      ITM Evaluation: [5700/6156]  eta: 0:00:15    time: 0.0334  data: 0.0000  max mem: 5880
      ITM Evaluation: [5800/6156]  eta: 0:00:12    time: 0.0350  data: 0.0000  max mem: 5880
      ITM Evaluation: [5900/6156]  eta: 0:00:08    time: 0.0348  data: 0.0000  max mem: 5880
      ITM Evaluation: [6000/6156]  eta: 0:00:05    time: 0.0364  data: 0.0000  max mem: 5880
      ITM Evaluation: [6100/6156]  eta: 0:00:01    time: 0.0353  data: 0.0000  max mem: 5880
      ITM Evaluation: [6155/6156]  eta: 0:00:00    time: 0.0352  data: 0.0000  max mem: 5880
      ITM Evaluation: Total time: 0:03:33 (0.0346 s / it)
     total_time 213.27374386787415
     Computing matching score time 0:03:33
### TTA ITM Score: 
+-------+--------+--------+--------+--------+--------+
| epoch |   R1   |   R5   |  R10   |  mAP   |  mINP  |
+-------+--------+--------+--------+--------+--------+
|  -999 | 70.760 | 87.378 | 92.268 | 63.849 | 48.174 |
|  -999 | 76.170 | 89.457 | 93.600 | 65.570 | 47.372 |
|   0   | 70.533 | 88.775 | 92.788 | 63.228 | 46.439 |
|   1   | 68.486 | 88.369 | 92.576 | 61.531 | 44.327 |
|   2   | 66.780 | 88.320 | 92.625 | 60.569 | 43.879 |
|   3   | 64.084 | 87.427 | 92.008 | 58.508 | 41.216 |
|   4   | 62.086 | 87.281 | 92.479 | 57.892 | 41.793 |
|   5   | 62.313 | 87.216 | 92.528 | 58.108 | 42.017 |
|   6   | 63.580 | 87.524 | 92.560 | 58.669 | 42.168 |
|   7   | 56.189 | 85.429 | 91.992 | 54.560 | 39.607 |
|   8   | 58.463 | 85.965 | 92.073 | 55.664 | 40.059 |
|   9   | 60.299 | 86.858 | 91.959 | 56.785 | 40.385 |
|   10  | 60.429 | 86.842 | 92.544 | 56.971 | 40.936 |
|   11  | 60.851 | 87.086 | 92.560 | 57.182 | 41.237 |
|   12  | 58.804 | 86.485 | 92.398 | 56.176 | 40.588 |
|   13  | 58.723 | 86.371 | 92.300 | 55.986 | 40.291 |
|   14  | 62.476 | 87.297 | 92.641 | 57.848 | 41.441 |
|   15  | 62.248 | 87.216 | 92.593 | 57.696 | 41.430 |
|   16  | 62.654 | 87.346 | 92.625 | 57.997 | 41.518 |
|   17  | 63.369 | 87.687 | 92.706 | 58.403 | 41.673 |
|   18  | 66.634 | 88.174 | 92.771 | 60.305 | 43.241 |
|   19  | 64.961 | 88.028 | 92.804 | 59.544 | 42.919 |
|   20  | 64.652 | 87.768 | 92.544 | 59.195 | 42.522 |
|   21  | 65.822 | 88.044 | 92.706 | 59.902 | 43.244 |
|   22  | 65.611 | 87.947 | 92.690 | 59.810 | 43.248 |
|   23  | 66.179 | 88.093 | 92.755 | 60.133 | 43.528 |
|   24  | 64.652 | 87.687 | 92.463 | 59.151 | 42.433 |
+-------+--------+--------+--------+--------+--------+
     logs:  {'epo': 24, 'R1': 64.652, 'R5': 87.687, 'R10': 92.463, 'mAP': 59.151, 'mINP': 42.433, 'lr': 3.7e-05, 'entropy': 0.119005, 'loss': 2.737736}
      TTA Epoch: [25] [  0/384]  eta: 0:03:55  lr: 0.000034  entropy: 0.1751  loss: 2.7593  time: 0.6127  data: 0.5101  max mem: 5880
      TTA Epoch: [25] [100/384]  eta: 0:00:15  lr: 0.000032  entropy: 0.1158  loss: 2.7368  time: 0.0512  data: 0.0001  max mem: 5880
      TTA Epoch: [25] [200/384]  eta: 0:00:10  lr: 0.000031  entropy: 0.1396  loss: 2.7456  time: 0.0615  data: 0.0002  max mem: 5880
      TTA Epoch: [25] [300/384]  eta: 0:00:04  lr: 0.000029  entropy: 0.0317  loss: 2.7055  time: 0.0521  data: 0.0001  max mem: 5880
      TTA Epoch: [25] [383/384]  eta: 0:00:00  lr: 0.000027  entropy: 0.1712  loss: 2.7573  time: 0.0447  data: 0.0001  max mem: 5880
      TTA Epoch: [25] Total time: 0:00:21 (0.0564 s / it)
     Averaged stats: lr: 0.0000  entropy: 0.1147  loss: 2.7361
     itm tta time 0:00:21
     Computing matching score
      ITM Evaluation: [   0/6156]  eta: 0:04:38    time: 0.0453  data: 0.0071  max mem: 5880
      ITM Evaluation: [ 100/6156]  eta: 0:03:29    time: 0.0346  data: 0.0000  max mem: 5880
      ITM Evaluation: [ 200/6156]  eta: 0:03:29    time: 0.0371  data: 0.0000  max mem: 5880
      ITM Evaluation: [ 300/6156]  eta: 0:03:26    time: 0.0345  data: 0.0000  max mem: 5880
      ITM Evaluation: [ 400/6156]  eta: 0:03:22    time: 0.0345  data: 0.0000  max mem: 5880
      ITM Evaluation: [ 500/6156]  eta: 0:03:18    time: 0.0348  data: 0.0000  max mem: 5880
      ITM Evaluation: [ 600/6156]  eta: 0:03:14    time: 0.0355  data: 0.0000  max mem: 5880
      ITM Evaluation: [ 700/6156]  eta: 0:03:11    time: 0.0355  data: 0.0000  max mem: 5880
      ITM Evaluation: [ 800/6156]  eta: 0:03:09    time: 0.0385  data: 0.0000  max mem: 5880
      ITM Evaluation: [ 900/6156]  eta: 0:03:07    time: 0.0372  data: 0.0000  max mem: 5880
      ITM Evaluation: [1000/6156]  eta: 0:03:04    time: 0.0369  data: 0.0000  max mem: 5880
      ITM Evaluation: [1100/6156]  eta: 0:03:01    time: 0.0385  data: 0.0000  max mem: 5880
      ITM Evaluation: [1200/6156]  eta: 0:02:57    time: 0.0347  data: 0.0000  max mem: 5880
      ITM Evaluation: [1300/6156]  eta: 0:02:54    time: 0.0372  data: 0.0000  max mem: 5880
      ITM Evaluation: [1400/6156]  eta: 0:02:50    time: 0.0338  data: 0.0000  max mem: 5880
      ITM Evaluation: [1500/6156]  eta: 0:02:46    time: 0.0344  data: 0.0000  max mem: 5880
      ITM Evaluation: [1600/6156]  eta: 0:02:43    time: 0.0346  data: 0.0000  max mem: 5880
      ITM Evaluation: [1700/6156]  eta: 0:02:39    time: 0.0352  data: 0.0000  max mem: 5880
      ITM Evaluation: [1800/6156]  eta: 0:02:35    time: 0.0343  data: 0.0000  max mem: 5880
      ITM Evaluation: [1900/6156]  eta: 0:02:31    time: 0.0355  data: 0.0000  max mem: 5880
      ITM Evaluation: [2000/6156]  eta: 0:02:28    time: 0.0354  data: 0.0000  max mem: 5880
      ITM Evaluation: [2100/6156]  eta: 0:02:24    time: 0.0358  data: 0.0000  max mem: 5880
      ITM Evaluation: [2200/6156]  eta: 0:02:21    time: 0.0386  data: 0.0000  max mem: 5880
      ITM Evaluation: [2300/6156]  eta: 0:02:17    time: 0.0365  data: 0.0000  max mem: 5880
      ITM Evaluation: [2400/6156]  eta: 0:02:14    time: 0.0349  data: 0.0000  max mem: 5880
      ITM Evaluation: [2500/6156]  eta: 0:02:10    time: 0.0342  data: 0.0000  max mem: 5880
      ITM Evaluation: [2600/6156]  eta: 0:02:06    time: 0.0341  data: 0.0000  max mem: 5880
      ITM Evaluation: [2700/6156]  eta: 0:02:03    time: 0.0349  data: 0.0000  max mem: 5880
      ITM Evaluation: [2800/6156]  eta: 0:01:59    time: 0.0343  data: 0.0000  max mem: 5880
      ITM Evaluation: [2900/6156]  eta: 0:01:55    time: 0.0344  data: 0.0000  max mem: 5880
      ITM Evaluation: [3000/6156]  eta: 0:01:52    time: 0.0352  data: 0.0000  max mem: 5880
      ITM Evaluation: [3100/6156]  eta: 0:01:48    time: 0.0344  data: 0.0000  max mem: 5880
      ITM Evaluation: [3200/6156]  eta: 0:01:44    time: 0.0349  data: 0.0000  max mem: 5880
      ITM Evaluation: [3300/6156]  eta: 0:01:41    time: 0.0371  data: 0.0000  max mem: 5880
      ITM Evaluation: [3400/6156]  eta: 0:01:37    time: 0.0379  data: 0.0000  max mem: 5880
      ITM Evaluation: [3500/6156]  eta: 0:01:34    time: 0.0382  data: 0.0000  max mem: 5880
      ITM Evaluation: [3600/6156]  eta: 0:01:31    time: 0.0348  data: 0.0000  max mem: 5880
      ITM Evaluation: [3700/6156]  eta: 0:01:27    time: 0.0347  data: 0.0000  max mem: 5880
      ITM Evaluation: [3800/6156]  eta: 0:01:23    time: 0.0337  data: 0.0000  max mem: 5880
      ITM Evaluation: [3900/6156]  eta: 0:01:20    time: 0.0355  data: 0.0000  max mem: 5880
      ITM Evaluation: [4000/6156]  eta: 0:01:16    time: 0.0348  data: 0.0000  max mem: 5880
      ITM Evaluation: [4100/6156]  eta: 0:01:13    time: 0.0349  data: 0.0000  max mem: 5880
      ITM Evaluation: [4200/6156]  eta: 0:01:09    time: 0.0351  data: 0.0000  max mem: 5880
      ITM Evaluation: [4300/6156]  eta: 0:01:05    time: 0.0346  data: 0.0000  max mem: 5880
      ITM Evaluation: [4400/6156]  eta: 0:01:02    time: 0.0349  data: 0.0000  max mem: 5880
      ITM Evaluation: [4500/6156]  eta: 0:00:58    time: 0.0387  data: 0.0000  max mem: 5880
      ITM Evaluation: [4600/6156]  eta: 0:00:55    time: 0.0379  data: 0.0000  max mem: 5880
      ITM Evaluation: [4700/6156]  eta: 0:00:51    time: 0.0349  data: 0.0000  max mem: 5880
      ITM Evaluation: [4800/6156]  eta: 0:00:48    time: 0.0352  data: 0.0000  max mem: 5880
      ITM Evaluation: [4900/6156]  eta: 0:00:44    time: 0.0349  data: 0.0000  max mem: 5880
      ITM Evaluation: [5000/6156]  eta: 0:00:41    time: 0.0342  data: 0.0000  max mem: 5880
      ITM Evaluation: [5100/6156]  eta: 0:00:37    time: 0.0346  data: 0.0000  max mem: 5880
      ITM Evaluation: [5200/6156]  eta: 0:00:33    time: 0.0353  data: 0.0000  max mem: 5880
      ITM Evaluation: [5300/6156]  eta: 0:00:30    time: 0.0350  data: 0.0000  max mem: 5880
      ITM Evaluation: [5400/6156]  eta: 0:00:26    time: 0.0337  data: 0.0000  max mem: 5880
      ITM Evaluation: [5500/6156]  eta: 0:00:23    time: 0.0348  data: 0.0000  max mem: 5880
      ITM Evaluation: [5600/6156]  eta: 0:00:19    time: 0.0391  data: 0.0000  max mem: 5880
      ITM Evaluation: [5700/6156]  eta: 0:00:16    time: 0.0398  data: 0.0000  max mem: 5880
      ITM Evaluation: [5800/6156]  eta: 0:00:12    time: 0.0365  data: 0.0000  max mem: 5880
      ITM Evaluation: [5900/6156]  eta: 0:00:09    time: 0.0338  data: 0.0000  max mem: 5880
      ITM Evaluation: [6000/6156]  eta: 0:00:05    time: 0.0356  data: 0.0000  max mem: 5880
      ITM Evaluation: [6100/6156]  eta: 0:00:01    time: 0.0352  data: 0.0000  max mem: 5880
      ITM Evaluation: [6155/6156]  eta: 0:00:00    time: 0.0356  data: 0.0000  max mem: 5880
      ITM Evaluation: Total time: 0:03:39 (0.0356 s / it)
     total_time 219.27111434936523
     Computing matching score time 0:03:39
### TTA ITM Score: 
+-------+--------+--------+--------+--------+--------+
| epoch |   R1   |   R5   |  R10   |  mAP   |  mINP  |
+-------+--------+--------+--------+--------+--------+
|  -999 | 70.760 | 87.378 | 92.268 | 63.849 | 48.174 |
|  -999 | 76.170 | 89.457 | 93.600 | 65.570 | 47.372 |
|   0   | 70.533 | 88.775 | 92.788 | 63.228 | 46.439 |
|   1   | 68.486 | 88.369 | 92.576 | 61.531 | 44.327 |
|   2   | 66.780 | 88.320 | 92.625 | 60.569 | 43.879 |
|   3   | 64.084 | 87.427 | 92.008 | 58.508 | 41.216 |
|   4   | 62.086 | 87.281 | 92.479 | 57.892 | 41.793 |
|   5   | 62.313 | 87.216 | 92.528 | 58.108 | 42.017 |
|   6   | 63.580 | 87.524 | 92.560 | 58.669 | 42.168 |
|   7   | 56.189 | 85.429 | 91.992 | 54.560 | 39.607 |
|   8   | 58.463 | 85.965 | 92.073 | 55.664 | 40.059 |
|   9   | 60.299 | 86.858 | 91.959 | 56.785 | 40.385 |
|   10  | 60.429 | 86.842 | 92.544 | 56.971 | 40.936 |
|   11  | 60.851 | 87.086 | 92.560 | 57.182 | 41.237 |
|   12  | 58.804 | 86.485 | 92.398 | 56.176 | 40.588 |
|   13  | 58.723 | 86.371 | 92.300 | 55.986 | 40.291 |
|   14  | 62.476 | 87.297 | 92.641 | 57.848 | 41.441 |
|   15  | 62.248 | 87.216 | 92.593 | 57.696 | 41.430 |
|   16  | 62.654 | 87.346 | 92.625 | 57.997 | 41.518 |
|   17  | 63.369 | 87.687 | 92.706 | 58.403 | 41.673 |
|   18  | 66.634 | 88.174 | 92.771 | 60.305 | 43.241 |
|   19  | 64.961 | 88.028 | 92.804 | 59.544 | 42.919 |
|   20  | 64.652 | 87.768 | 92.544 | 59.195 | 42.522 |
|   21  | 65.822 | 88.044 | 92.706 | 59.902 | 43.244 |
|   22  | 65.611 | 87.947 | 92.690 | 59.810 | 43.248 |
|   23  | 66.179 | 88.093 | 92.755 | 60.133 | 43.528 |
|   24  | 64.652 | 87.687 | 92.463 | 59.151 | 42.433 |
|   25  | 65.075 | 87.654 | 92.381 | 59.312 | 42.363 |
+-------+--------+--------+--------+--------+--------+
     logs:  {'epo': 25, 'R1': 65.075, 'R5': 87.654, 'R10': 92.381, 'mAP': 59.312, 'mINP': 42.363, 'lr': 3.1e-05, 'entropy': 0.114728, 'loss': 2.736145}
      TTA Epoch: [26] [  0/384]  eta: 0:03:45  lr: 0.000027  entropy: 0.1916  loss: 2.7646  time: 0.5881  data: 0.4767  max mem: 5880
      TTA Epoch: [26] [100/384]  eta: 0:00:15  lr: 0.000026  entropy: 0.2101  loss: 2.7715  time: 0.0464  data: 0.0001  max mem: 5880
      TTA Epoch: [26] [200/384]  eta: 0:00:09  lr: 0.000024  entropy: 0.0705  loss: 2.7190  time: 0.0453  data: 0.0001  max mem: 5880
      TTA Epoch: [26] [300/384]  eta: 0:00:04  lr: 0.000022  entropy: 0.1691  loss: 2.7556  time: 0.0489  data: 0.0001  max mem: 5880
      TTA Epoch: [26] [383/384]  eta: 0:00:00  lr: 0.000021  entropy: 0.1686  loss: 2.7557  time: 0.0474  data: 0.0001  max mem: 5880
      TTA Epoch: [26] Total time: 0:00:19 (0.0502 s / it)
     Averaged stats: lr: 0.0000  entropy: 0.1141  loss: 2.7359
     itm tta time 0:00:19
     Computing matching score
      ITM Evaluation: [   0/6156]  eta: 0:04:36    time: 0.0449  data: 0.0095  max mem: 5880
      ITM Evaluation: [ 100/6156]  eta: 0:03:44    time: 0.0362  data: 0.0000  max mem: 5880
      ITM Evaluation: [ 200/6156]  eta: 0:03:35    time: 0.0350  data: 0.0000  max mem: 5880
      ITM Evaluation: [ 300/6156]  eta: 0:03:29    time: 0.0344  data: 0.0000  max mem: 5880
      ITM Evaluation: [ 400/6156]  eta: 0:03:24    time: 0.0349  data: 0.0000  max mem: 5880
      ITM Evaluation: [ 500/6156]  eta: 0:03:19    time: 0.0353  data: 0.0000  max mem: 5880
      ITM Evaluation: [ 600/6156]  eta: 0:03:15    time: 0.0339  data: 0.0000  max mem: 5880
      ITM Evaluation: [ 700/6156]  eta: 0:03:11    time: 0.0344  data: 0.0000  max mem: 5880
      ITM Evaluation: [ 800/6156]  eta: 0:03:07    time: 0.0337  data: 0.0000  max mem: 5880
      ITM Evaluation: [ 900/6156]  eta: 0:03:04    time: 0.0361  data: 0.0000  max mem: 5880
      ITM Evaluation: [1000/6156]  eta: 0:03:00    time: 0.0361  data: 0.0000  max mem: 5880
      ITM Evaluation: [1100/6156]  eta: 0:02:56    time: 0.0352  data: 0.0000  max mem: 5880
      ITM Evaluation: [1200/6156]  eta: 0:02:53    time: 0.0360  data: 0.0000  max mem: 5880
      ITM Evaluation: [1300/6156]  eta: 0:02:51    time: 0.0359  data: 0.0000  max mem: 5880
      ITM Evaluation: [1400/6156]  eta: 0:02:47    time: 0.0344  data: 0.0000  max mem: 5880
      ITM Evaluation: [1500/6156]  eta: 0:02:43    time: 0.0334  data: 0.0000  max mem: 5880
      ITM Evaluation: [1600/6156]  eta: 0:02:39    time: 0.0344  data: 0.0000  max mem: 5880
      ITM Evaluation: [1700/6156]  eta: 0:02:36    time: 0.0345  data: 0.0000  max mem: 5880
      ITM Evaluation: [1800/6156]  eta: 0:02:32    time: 0.0339  data: 0.0000  max mem: 5880
      ITM Evaluation: [1900/6156]  eta: 0:02:28    time: 0.0348  data: 0.0000  max mem: 5880
      ITM Evaluation: [2000/6156]  eta: 0:02:25    time: 0.0367  data: 0.0000  max mem: 5880
      ITM Evaluation: [2100/6156]  eta: 0:02:21    time: 0.0333  data: 0.0000  max mem: 5880
      ITM Evaluation: [2200/6156]  eta: 0:02:18    time: 0.0338  data: 0.0000  max mem: 5880
      ITM Evaluation: [2300/6156]  eta: 0:02:14    time: 0.0351  data: 0.0000  max mem: 5880
      ITM Evaluation: [2400/6156]  eta: 0:02:11    time: 0.0364  data: 0.0000  max mem: 5880
      ITM Evaluation: [2500/6156]  eta: 0:02:07    time: 0.0380  data: 0.0000  max mem: 5880
      ITM Evaluation: [2600/6156]  eta: 0:02:04    time: 0.0343  data: 0.0000  max mem: 5880
      ITM Evaluation: [2700/6156]  eta: 0:02:00    time: 0.0339  data: 0.0000  max mem: 5880
      ITM Evaluation: [2800/6156]  eta: 0:01:57    time: 0.0343  data: 0.0000  max mem: 5880
      ITM Evaluation: [2900/6156]  eta: 0:01:53    time: 0.0332  data: 0.0000  max mem: 5880
      ITM Evaluation: [3000/6156]  eta: 0:01:49    time: 0.0346  data: 0.0000  max mem: 5880
      ITM Evaluation: [3100/6156]  eta: 0:01:46    time: 0.0365  data: 0.0000  max mem: 5880
      ITM Evaluation: [3200/6156]  eta: 0:01:43    time: 0.0344  data: 0.0000  max mem: 5880
      ITM Evaluation: [3300/6156]  eta: 0:01:39    time: 0.0339  data: 0.0000  max mem: 5880
      ITM Evaluation: [3400/6156]  eta: 0:01:36    time: 0.0345  data: 0.0000  max mem: 5880
      ITM Evaluation: [3500/6156]  eta: 0:01:32    time: 0.0349  data: 0.0000  max mem: 5880
      ITM Evaluation: [3600/6156]  eta: 0:01:29    time: 0.0369  data: 0.0000  max mem: 5880
      ITM Evaluation: [3700/6156]  eta: 0:01:25    time: 0.0362  data: 0.0000  max mem: 5880
      ITM Evaluation: [3800/6156]  eta: 0:01:22    time: 0.0340  data: 0.0000  max mem: 5880
      ITM Evaluation: [3900/6156]  eta: 0:01:18    time: 0.0343  data: 0.0000  max mem: 5880
      ITM Evaluation: [4000/6156]  eta: 0:01:15    time: 0.0346  data: 0.0000  max mem: 5880
      ITM Evaluation: [4100/6156]  eta: 0:01:11    time: 0.0345  data: 0.0000  max mem: 5880
      ITM Evaluation: [4200/6156]  eta: 0:01:08    time: 0.0355  data: 0.0000  max mem: 5880
      ITM Evaluation: [4300/6156]  eta: 0:01:04    time: 0.0350  data: 0.0000  max mem: 5880
      ITM Evaluation: [4400/6156]  eta: 0:01:01    time: 0.0347  data: 0.0000  max mem: 5880
      ITM Evaluation: [4500/6156]  eta: 0:00:57    time: 0.0342  data: 0.0000  max mem: 5880
      ITM Evaluation: [4600/6156]  eta: 0:00:54    time: 0.0340  data: 0.0000  max mem: 5880
      ITM Evaluation: [4700/6156]  eta: 0:00:50    time: 0.0372  data: 0.0000  max mem: 5880
      ITM Evaluation: [4800/6156]  eta: 0:00:47    time: 0.0370  data: 0.0000  max mem: 5880
      ITM Evaluation: [4900/6156]  eta: 0:00:43    time: 0.0361  data: 0.0000  max mem: 5880
      ITM Evaluation: [5000/6156]  eta: 0:00:40    time: 0.0341  data: 0.0000  max mem: 5880
      ITM Evaluation: [5100/6156]  eta: 0:00:36    time: 0.0338  data: 0.0000  max mem: 5880
      ITM Evaluation: [5200/6156]  eta: 0:00:33    time: 0.0342  data: 0.0000  max mem: 5880
      ITM Evaluation: [5300/6156]  eta: 0:00:29    time: 0.0357  data: 0.0000  max mem: 5880
      ITM Evaluation: [5400/6156]  eta: 0:00:26    time: 0.0341  data: 0.0000  max mem: 5880
      ITM Evaluation: [5500/6156]  eta: 0:00:22    time: 0.0337  data: 0.0000  max mem: 5880
      ITM Evaluation: [5600/6156]  eta: 0:00:19    time: 0.0343  data: 0.0000  max mem: 5880
      ITM Evaluation: [5700/6156]  eta: 0:00:15    time: 0.0336  data: 0.0000  max mem: 5880
      ITM Evaluation: [5800/6156]  eta: 0:00:12    time: 0.0337  data: 0.0000  max mem: 5880
      ITM Evaluation: [5900/6156]  eta: 0:00:08    time: 0.0356  data: 0.0000  max mem: 5880
      ITM Evaluation: [6000/6156]  eta: 0:00:05    time: 0.0367  data: 0.0000  max mem: 5880
      ITM Evaluation: [6100/6156]  eta: 0:00:01    time: 0.0347  data: 0.0000  max mem: 5880
      ITM Evaluation: [6155/6156]  eta: 0:00:00    time: 0.0347  data: 0.0000  max mem: 5880
      ITM Evaluation: Total time: 0:03:34 (0.0349 s / it)
     total_time 214.78022384643555
     Computing matching score time 0:03:34
### TTA ITM Score: 
+-------+--------+--------+--------+--------+--------+
| epoch |   R1   |   R5   |  R10   |  mAP   |  mINP  |
+-------+--------+--------+--------+--------+--------+
|  -999 | 70.760 | 87.378 | 92.268 | 63.849 | 48.174 |
|  -999 | 76.170 | 89.457 | 93.600 | 65.570 | 47.372 |
|   0   | 70.533 | 88.775 | 92.788 | 63.228 | 46.439 |
|   1   | 68.486 | 88.369 | 92.576 | 61.531 | 44.327 |
|   2   | 66.780 | 88.320 | 92.625 | 60.569 | 43.879 |
|   3   | 64.084 | 87.427 | 92.008 | 58.508 | 41.216 |
|   4   | 62.086 | 87.281 | 92.479 | 57.892 | 41.793 |
|   5   | 62.313 | 87.216 | 92.528 | 58.108 | 42.017 |
|   6   | 63.580 | 87.524 | 92.560 | 58.669 | 42.168 |
|   7   | 56.189 | 85.429 | 91.992 | 54.560 | 39.607 |
|   8   | 58.463 | 85.965 | 92.073 | 55.664 | 40.059 |
|   9   | 60.299 | 86.858 | 91.959 | 56.785 | 40.385 |
|   10  | 60.429 | 86.842 | 92.544 | 56.971 | 40.936 |
|   11  | 60.851 | 87.086 | 92.560 | 57.182 | 41.237 |
|   12  | 58.804 | 86.485 | 92.398 | 56.176 | 40.588 |
|   13  | 58.723 | 86.371 | 92.300 | 55.986 | 40.291 |
|   14  | 62.476 | 87.297 | 92.641 | 57.848 | 41.441 |
|   15  | 62.248 | 87.216 | 92.593 | 57.696 | 41.430 |
|   16  | 62.654 | 87.346 | 92.625 | 57.997 | 41.518 |
|   17  | 63.369 | 87.687 | 92.706 | 58.403 | 41.673 |
|   18  | 66.634 | 88.174 | 92.771 | 60.305 | 43.241 |
|   19  | 64.961 | 88.028 | 92.804 | 59.544 | 42.919 |
|   20  | 64.652 | 87.768 | 92.544 | 59.195 | 42.522 |
|   21  | 65.822 | 88.044 | 92.706 | 59.902 | 43.244 |
|   22  | 65.611 | 87.947 | 92.690 | 59.810 | 43.248 |
|   23  | 66.179 | 88.093 | 92.755 | 60.133 | 43.528 |
|   24  | 64.652 | 87.687 | 92.463 | 59.151 | 42.433 |
|   25  | 65.075 | 87.654 | 92.381 | 59.312 | 42.363 |
|   26  | 64.766 | 87.752 | 92.544 | 59.253 | 42.519 |
+-------+--------+--------+--------+--------+--------+
     logs:  {'epo': 26, 'R1': 64.766, 'R5': 87.752, 'R10': 92.544, 'mAP': 59.253, 'mINP': 42.519, 'lr': 2.4e-05, 'entropy': 0.114147, 'loss': 2.735932}
      TTA Epoch: [27] [  0/384]  eta: 0:03:34  lr: 0.000021  entropy: 0.1245  loss: 2.7397  time: 0.5599  data: 0.4599  max mem: 5880
      TTA Epoch: [27] [100/384]  eta: 0:00:15  lr: 0.000019  entropy: 0.1350  loss: 2.7439  time: 0.0541  data: 0.0001  max mem: 5880
      TTA Epoch: [27] [200/384]  eta: 0:00:09  lr: 0.000017  entropy: 0.0355  loss: 2.7071  time: 0.0507  data: 0.0001  max mem: 5880
      TTA Epoch: [27] [300/384]  eta: 0:00:04  lr: 0.000015  entropy: 0.1735  loss: 2.7577  time: 0.0467  data: 0.0001  max mem: 5880
      TTA Epoch: [27] [383/384]  eta: 0:00:00  lr: 0.000014  entropy: 0.0726  loss: 2.7201  time: 0.0437  data: 0.0001  max mem: 5880
      TTA Epoch: [27] Total time: 0:00:18 (0.0493 s / it)
     Averaged stats: lr: 0.0000  entropy: 0.1091  loss: 2.7340
     itm tta time 0:00:19
     Computing matching score
      ITM Evaluation: [   0/6156]  eta: 0:04:27    time: 0.0434  data: 0.0063  max mem: 5880
      ITM Evaluation: [ 100/6156]  eta: 0:03:29    time: 0.0345  data: 0.0000  max mem: 5880
      ITM Evaluation: [ 200/6156]  eta: 0:03:26    time: 0.0345  data: 0.0000  max mem: 5880
      ITM Evaluation: [ 300/6156]  eta: 0:03:25    time: 0.0366  data: 0.0000  max mem: 5880
      ITM Evaluation: [ 400/6156]  eta: 0:03:22    time: 0.0359  data: 0.0000  max mem: 5880
      ITM Evaluation: [ 500/6156]  eta: 0:03:20    time: 0.0350  data: 0.0000  max mem: 5880
      ITM Evaluation: [ 600/6156]  eta: 0:03:16    time: 0.0352  data: 0.0000  max mem: 5880
      ITM Evaluation: [ 700/6156]  eta: 0:03:12    time: 0.0342  data: 0.0000  max mem: 5880
      ITM Evaluation: [ 800/6156]  eta: 0:03:08    time: 0.0342  data: 0.0000  max mem: 5880
      ITM Evaluation: [ 900/6156]  eta: 0:03:04    time: 0.0338  data: 0.0000  max mem: 5880
      ITM Evaluation: [1000/6156]  eta: 0:03:00    time: 0.0345  data: 0.0000  max mem: 5880
      ITM Evaluation: [1100/6156]  eta: 0:02:56    time: 0.0349  data: 0.0000  max mem: 5880
      ITM Evaluation: [1200/6156]  eta: 0:02:53    time: 0.0344  data: 0.0000  max mem: 5880
      ITM Evaluation: [1300/6156]  eta: 0:02:49    time: 0.0341  data: 0.0000  max mem: 5880
      ITM Evaluation: [1400/6156]  eta: 0:02:45    time: 0.0344  data: 0.0000  max mem: 5880
      ITM Evaluation: [1500/6156]  eta: 0:02:42    time: 0.0372  data: 0.0000  max mem: 5880
      ITM Evaluation: [1600/6156]  eta: 0:02:39    time: 0.0378  data: 0.0000  max mem: 5880
      ITM Evaluation: [1700/6156]  eta: 0:02:37    time: 0.0370  data: 0.0000  max mem: 5880
      ITM Evaluation: [1800/6156]  eta: 0:02:33    time: 0.0351  data: 0.0000  max mem: 5880
      ITM Evaluation: [1900/6156]  eta: 0:02:29    time: 0.0348  data: 0.0000  max mem: 5880
      ITM Evaluation: [2000/6156]  eta: 0:02:26    time: 0.0346  data: 0.0000  max mem: 5880
      ITM Evaluation: [2100/6156]  eta: 0:02:22    time: 0.0343  data: 0.0000  max mem: 5880
      ITM Evaluation: [2200/6156]  eta: 0:02:18    time: 0.0347  data: 0.0000  max mem: 5880
      ITM Evaluation: [2300/6156]  eta: 0:02:15    time: 0.0350  data: 0.0000  max mem: 5880
      ITM Evaluation: [2400/6156]  eta: 0:02:11    time: 0.0343  data: 0.0000  max mem: 5880
      ITM Evaluation: [2500/6156]  eta: 0:02:08    time: 0.0342  data: 0.0000  max mem: 5880
      ITM Evaluation: [2600/6156]  eta: 0:02:04    time: 0.0351  data: 0.0000  max mem: 5880
      ITM Evaluation: [2700/6156]  eta: 0:02:01    time: 0.0386  data: 0.0000  max mem: 5880
      ITM Evaluation: [2800/6156]  eta: 0:01:58    time: 0.0361  data: 0.0000  max mem: 5880
      ITM Evaluation: [2900/6156]  eta: 0:01:54    time: 0.0339  data: 0.0000  max mem: 5880
      ITM Evaluation: [3000/6156]  eta: 0:01:50    time: 0.0335  data: 0.0000  max mem: 5880
      ITM Evaluation: [3100/6156]  eta: 0:01:47    time: 0.0335  data: 0.0000  max mem: 5880
      ITM Evaluation: [3200/6156]  eta: 0:01:43    time: 0.0336  data: 0.0000  max mem: 5880
      ITM Evaluation: [3300/6156]  eta: 0:01:40    time: 0.0340  data: 0.0000  max mem: 5880
      ITM Evaluation: [3400/6156]  eta: 0:01:36    time: 0.0332  data: 0.0000  max mem: 5880
      ITM Evaluation: [3500/6156]  eta: 0:01:32    time: 0.0347  data: 0.0000  max mem: 5880
      ITM Evaluation: [3600/6156]  eta: 0:01:29    time: 0.0348  data: 0.0000  max mem: 5880
      ITM Evaluation: [3700/6156]  eta: 0:01:25    time: 0.0335  data: 0.0000  max mem: 5880
      ITM Evaluation: [3800/6156]  eta: 0:01:22    time: 0.0368  data: 0.0000  max mem: 5880
      ITM Evaluation: [3900/6156]  eta: 0:01:19    time: 0.0371  data: 0.0000  max mem: 5880
      ITM Evaluation: [4000/6156]  eta: 0:01:15    time: 0.0347  data: 0.0000  max mem: 5880
      ITM Evaluation: [4100/6156]  eta: 0:01:12    time: 0.0340  data: 0.0000  max mem: 5880
      ITM Evaluation: [4200/6156]  eta: 0:01:08    time: 0.0339  data: 0.0000  max mem: 5880
      ITM Evaluation: [4300/6156]  eta: 0:01:04    time: 0.0340  data: 0.0000  max mem: 5880
      ITM Evaluation: [4400/6156]  eta: 0:01:01    time: 0.0344  data: 0.0000  max mem: 5880
      ITM Evaluation: [4500/6156]  eta: 0:00:57    time: 0.0340  data: 0.0000  max mem: 5880
      ITM Evaluation: [4600/6156]  eta: 0:00:54    time: 0.0336  data: 0.0000  max mem: 5880
      ITM Evaluation: [4700/6156]  eta: 0:00:50    time: 0.0335  data: 0.0000  max mem: 5880
      ITM Evaluation: [4800/6156]  eta: 0:00:47    time: 0.0361  data: 0.0000  max mem: 5880
      ITM Evaluation: [4900/6156]  eta: 0:00:43    time: 0.0362  data: 0.0000  max mem: 5880
      ITM Evaluation: [5000/6156]  eta: 0:00:40    time: 0.0354  data: 0.0000  max mem: 5880
      ITM Evaluation: [5100/6156]  eta: 0:00:36    time: 0.0386  data: 0.0000  max mem: 5880
      ITM Evaluation: [5200/6156]  eta: 0:00:33    time: 0.0330  data: 0.0000  max mem: 5880
      ITM Evaluation: [5300/6156]  eta: 0:00:29    time: 0.0341  data: 0.0000  max mem: 5880
      ITM Evaluation: [5400/6156]  eta: 0:00:26    time: 0.0341  data: 0.0000  max mem: 5880
      ITM Evaluation: [5500/6156]  eta: 0:00:22    time: 0.0337  data: 0.0000  max mem: 5880
      ITM Evaluation: [5600/6156]  eta: 0:00:19    time: 0.0343  data: 0.0000  max mem: 5880
      ITM Evaluation: [5700/6156]  eta: 0:00:15    time: 0.0336  data: 0.0000  max mem: 5880
      ITM Evaluation: [5800/6156]  eta: 0:00:12    time: 0.0342  data: 0.0000  max mem: 5880
      ITM Evaluation: [5900/6156]  eta: 0:00:08    time: 0.0352  data: 0.0000  max mem: 5880
      ITM Evaluation: [6000/6156]  eta: 0:00:05    time: 0.0339  data: 0.0000  max mem: 5880
      ITM Evaluation: [6100/6156]  eta: 0:00:01    time: 0.0332  data: 0.0000  max mem: 5880
      ITM Evaluation: [6155/6156]  eta: 0:00:00    time: 0.0358  data: 0.0000  max mem: 5880
      ITM Evaluation: Total time: 0:03:34 (0.0349 s / it)
     total_time 214.9620611667633
     Computing matching score time 0:03:34
### TTA ITM Score: 
+-------+--------+--------+--------+--------+--------+
| epoch |   R1   |   R5   |  R10   |  mAP   |  mINP  |
+-------+--------+--------+--------+--------+--------+
|  -999 | 70.760 | 87.378 | 92.268 | 63.849 | 48.174 |
|  -999 | 76.170 | 89.457 | 93.600 | 65.570 | 47.372 |
|   0   | 70.533 | 88.775 | 92.788 | 63.228 | 46.439 |
|   1   | 68.486 | 88.369 | 92.576 | 61.531 | 44.327 |
|   2   | 66.780 | 88.320 | 92.625 | 60.569 | 43.879 |
|   3   | 64.084 | 87.427 | 92.008 | 58.508 | 41.216 |
|   4   | 62.086 | 87.281 | 92.479 | 57.892 | 41.793 |
|   5   | 62.313 | 87.216 | 92.528 | 58.108 | 42.017 |
|   6   | 63.580 | 87.524 | 92.560 | 58.669 | 42.168 |
|   7   | 56.189 | 85.429 | 91.992 | 54.560 | 39.607 |
|   8   | 58.463 | 85.965 | 92.073 | 55.664 | 40.059 |
|   9   | 60.299 | 86.858 | 91.959 | 56.785 | 40.385 |
|   10  | 60.429 | 86.842 | 92.544 | 56.971 | 40.936 |
|   11  | 60.851 | 87.086 | 92.560 | 57.182 | 41.237 |
|   12  | 58.804 | 86.485 | 92.398 | 56.176 | 40.588 |
|   13  | 58.723 | 86.371 | 92.300 | 55.986 | 40.291 |
|   14  | 62.476 | 87.297 | 92.641 | 57.848 | 41.441 |
|   15  | 62.248 | 87.216 | 92.593 | 57.696 | 41.430 |
|   16  | 62.654 | 87.346 | 92.625 | 57.997 | 41.518 |
|   17  | 63.369 | 87.687 | 92.706 | 58.403 | 41.673 |
|   18  | 66.634 | 88.174 | 92.771 | 60.305 | 43.241 |
|   19  | 64.961 | 88.028 | 92.804 | 59.544 | 42.919 |
|   20  | 64.652 | 87.768 | 92.544 | 59.195 | 42.522 |
|   21  | 65.822 | 88.044 | 92.706 | 59.902 | 43.244 |
|   22  | 65.611 | 87.947 | 92.690 | 59.810 | 43.248 |
|   23  | 66.179 | 88.093 | 92.755 | 60.133 | 43.528 |
|   24  | 64.652 | 87.687 | 92.463 | 59.151 | 42.433 |
|   25  | 65.075 | 87.654 | 92.381 | 59.312 | 42.363 |
|   26  | 64.766 | 87.752 | 92.544 | 59.253 | 42.519 |
|   27  | 64.717 | 87.752 | 92.511 | 59.272 | 42.578 |
+-------+--------+--------+--------+--------+--------+
     logs:  {'epo': 27, 'R1': 64.717, 'R5': 87.752, 'R10': 92.511, 'mAP': 59.272, 'mINP': 42.578, 'lr': 1.7e-05, 'entropy': 0.109068, 'loss': 2.734045}
      TTA Epoch: [28] [  0/384]  eta: 0:04:32  lr: 0.000014  entropy: 0.1183  loss: 2.7371  time: 0.7103  data: 0.5907  max mem: 5880
      TTA Epoch: [28] [100/384]  eta: 0:00:16  lr: 0.000012  entropy: 0.0989  loss: 2.7300  time: 0.0483  data: 0.0001  max mem: 5880
      TTA Epoch: [28] [200/384]  eta: 0:00:10  lr: 0.000010  entropy: 0.2292  loss: 2.7785  time: 0.0507  data: 0.0001  max mem: 5880
      TTA Epoch: [28] [300/384]  eta: 0:00:04  lr: 0.000009  entropy: 0.1618  loss: 2.7536  time: 0.0505  data: 0.0001  max mem: 5880
      TTA Epoch: [28] [383/384]  eta: 0:00:00  lr: 0.000007  entropy: 0.0443  loss: 2.7097  time: 0.0483  data: 0.0001  max mem: 5880
      TTA Epoch: [28] Total time: 0:00:20 (0.0527 s / it)
     Averaged stats: lr: 0.0000  entropy: 0.1152  loss: 2.7363
     itm tta time 0:00:20
     Computing matching score
      ITM Evaluation: [   0/6156]  eta: 0:04:33    time: 0.0444  data: 0.0077  max mem: 5880
      ITM Evaluation: [ 100/6156]  eta: 0:03:32    time: 0.0365  data: 0.0000  max mem: 5880
      ITM Evaluation: [ 200/6156]  eta: 0:03:28    time: 0.0335  data: 0.0000  max mem: 5880
      ITM Evaluation: [ 300/6156]  eta: 0:03:22    time: 0.0337  data: 0.0000  max mem: 5880
      ITM Evaluation: [ 400/6156]  eta: 0:03:18    time: 0.0339  data: 0.0000  max mem: 5880
      ITM Evaluation: [ 500/6156]  eta: 0:03:16    time: 0.0352  data: 0.0000  max mem: 5880
      ITM Evaluation: [ 600/6156]  eta: 0:03:14    time: 0.0373  data: 0.0000  max mem: 5880
      ITM Evaluation: [ 700/6156]  eta: 0:03:11    time: 0.0342  data: 0.0000  max mem: 5880
      ITM Evaluation: [ 800/6156]  eta: 0:03:07    time: 0.0340  data: 0.0000  max mem: 5880
      ITM Evaluation: [ 900/6156]  eta: 0:03:03    time: 0.0339  data: 0.0000  max mem: 5880
      ITM Evaluation: [1000/6156]  eta: 0:02:59    time: 0.0344  data: 0.0000  max mem: 5880
      ITM Evaluation: [1100/6156]  eta: 0:02:55    time: 0.0343  data: 0.0000  max mem: 5880
      ITM Evaluation: [1200/6156]  eta: 0:02:52    time: 0.0357  data: 0.0000  max mem: 5880
      ITM Evaluation: [1300/6156]  eta: 0:02:49    time: 0.0342  data: 0.0000  max mem: 5880
      ITM Evaluation: [1400/6156]  eta: 0:02:45    time: 0.0351  data: 0.0000  max mem: 5880
      ITM Evaluation: [1500/6156]  eta: 0:02:41    time: 0.0353  data: 0.0000  max mem: 5880
      ITM Evaluation: [1600/6156]  eta: 0:02:38    time: 0.0358  data: 0.0000  max mem: 5880
      ITM Evaluation: [1700/6156]  eta: 0:02:35    time: 0.0368  data: 0.0000  max mem: 5880
      ITM Evaluation: [1800/6156]  eta: 0:02:32    time: 0.0348  data: 0.0000  max mem: 5880
      ITM Evaluation: [1900/6156]  eta: 0:02:28    time: 0.0348  data: 0.0000  max mem: 5880
      ITM Evaluation: [2000/6156]  eta: 0:02:25    time: 0.0358  data: 0.0000  max mem: 5880
      ITM Evaluation: [2100/6156]  eta: 0:02:21    time: 0.0353  data: 0.0000  max mem: 5880
      ITM Evaluation: [2200/6156]  eta: 0:02:18    time: 0.0365  data: 0.0000  max mem: 5880
      ITM Evaluation: [2300/6156]  eta: 0:02:15    time: 0.0363  data: 0.0000  max mem: 5880
      ITM Evaluation: [2400/6156]  eta: 0:02:11    time: 0.0352  data: 0.0000  max mem: 5880
      ITM Evaluation: [2500/6156]  eta: 0:02:08    time: 0.0340  data: 0.0000  max mem: 5880
      ITM Evaluation: [2600/6156]  eta: 0:02:04    time: 0.0351  data: 0.0000  max mem: 5880
      ITM Evaluation: [2700/6156]  eta: 0:02:00    time: 0.0340  data: 0.0000  max mem: 5880
      ITM Evaluation: [2800/6156]  eta: 0:01:57    time: 0.0371  data: 0.0000  max mem: 5880
      ITM Evaluation: [2900/6156]  eta: 0:01:54    time: 0.0370  data: 0.0000  max mem: 5880
      ITM Evaluation: [3000/6156]  eta: 0:01:50    time: 0.0350  data: 0.0000  max mem: 5880
      ITM Evaluation: [3100/6156]  eta: 0:01:47    time: 0.0342  data: 0.0000  max mem: 5880
      ITM Evaluation: [3200/6156]  eta: 0:01:43    time: 0.0356  data: 0.0000  max mem: 5880
      ITM Evaluation: [3300/6156]  eta: 0:01:40    time: 0.0360  data: 0.0000  max mem: 5880
      ITM Evaluation: [3400/6156]  eta: 0:01:36    time: 0.0364  data: 0.0000  max mem: 5880
      ITM Evaluation: [3500/6156]  eta: 0:01:33    time: 0.0340  data: 0.0000  max mem: 5880
      ITM Evaluation: [3600/6156]  eta: 0:01:29    time: 0.0343  data: 0.0000  max mem: 5880
      ITM Evaluation: [3700/6156]  eta: 0:01:26    time: 0.0343  data: 0.0000  max mem: 5880
      ITM Evaluation: [3800/6156]  eta: 0:01:22    time: 0.0347  data: 0.0000  max mem: 5880
      ITM Evaluation: [3900/6156]  eta: 0:01:19    time: 0.0441  data: 0.0000  max mem: 5880
      ITM Evaluation: [4000/6156]  eta: 0:01:15    time: 0.0331  data: 0.0000  max mem: 5880
      ITM Evaluation: [4100/6156]  eta: 0:01:12    time: 0.0325  data: 0.0000  max mem: 5880
      ITM Evaluation: [4200/6156]  eta: 0:01:08    time: 0.0317  data: 0.0000  max mem: 5880
      ITM Evaluation: [4300/6156]  eta: 0:01:04    time: 0.0318  data: 0.0000  max mem: 5880
      ITM Evaluation: [4400/6156]  eta: 0:01:01    time: 0.0324  data: 0.0000  max mem: 5880
      ITM Evaluation: [4500/6156]  eta: 0:00:57    time: 0.0332  data: 0.0000  max mem: 5880
      ITM Evaluation: [4600/6156]  eta: 0:00:54    time: 0.0326  data: 0.0000  max mem: 5880
      ITM Evaluation: [4700/6156]  eta: 0:00:50    time: 0.0323  data: 0.0000  max mem: 5880
      ITM Evaluation: [4800/6156]  eta: 0:00:47    time: 0.0326  data: 0.0000  max mem: 5880
      ITM Evaluation: [4900/6156]  eta: 0:00:43    time: 0.0328  data: 0.0000  max mem: 5880
      ITM Evaluation: [5000/6156]  eta: 0:00:40    time: 0.0329  data: 0.0000  max mem: 5880
      ITM Evaluation: [5100/6156]  eta: 0:00:36    time: 0.0345  data: 0.0000  max mem: 5880
      ITM Evaluation: [5200/6156]  eta: 0:00:33    time: 0.0347  data: 0.0000  max mem: 5880
      ITM Evaluation: [5300/6156]  eta: 0:00:29    time: 0.0331  data: 0.0000  max mem: 5880
      ITM Evaluation: [5400/6156]  eta: 0:00:26    time: 0.0332  data: 0.0000  max mem: 5880
      ITM Evaluation: [5500/6156]  eta: 0:00:22    time: 0.0329  data: 0.0000  max mem: 5880
      ITM Evaluation: [5600/6156]  eta: 0:00:19    time: 0.0327  data: 0.0000  max mem: 5880
      ITM Evaluation: [5700/6156]  eta: 0:00:15    time: 0.0382  data: 0.0000  max mem: 5880
      ITM Evaluation: [5800/6156]  eta: 0:00:12    time: 0.0333  data: 0.0000  max mem: 5880
      ITM Evaluation: [5900/6156]  eta: 0:00:08    time: 0.0337  data: 0.0000  max mem: 5880
      ITM Evaluation: [6000/6156]  eta: 0:00:05    time: 0.0336  data: 0.0000  max mem: 5880
      ITM Evaluation: [6100/6156]  eta: 0:00:01    time: 0.0334  data: 0.0000  max mem: 5880
      ITM Evaluation: [6155/6156]  eta: 0:00:00    time: 0.0333  data: 0.0000  max mem: 5880
      ITM Evaluation: Total time: 0:03:32 (0.0346 s / it)
     total_time 213.06109523773193
     Computing matching score time 0:03:33
### TTA ITM Score: 
+-------+--------+--------+--------+--------+--------+
| epoch |   R1   |   R5   |  R10   |  mAP   |  mINP  |
+-------+--------+--------+--------+--------+--------+
|  -999 | 70.760 | 87.378 | 92.268 | 63.849 | 48.174 |
|  -999 | 76.170 | 89.457 | 93.600 | 65.570 | 47.372 |
|   0   | 70.533 | 88.775 | 92.788 | 63.228 | 46.439 |
|   1   | 68.486 | 88.369 | 92.576 | 61.531 | 44.327 |
|   2   | 66.780 | 88.320 | 92.625 | 60.569 | 43.879 |
|   3   | 64.084 | 87.427 | 92.008 | 58.508 | 41.216 |
|   4   | 62.086 | 87.281 | 92.479 | 57.892 | 41.793 |
|   5   | 62.313 | 87.216 | 92.528 | 58.108 | 42.017 |
|   6   | 63.580 | 87.524 | 92.560 | 58.669 | 42.168 |
|   7   | 56.189 | 85.429 | 91.992 | 54.560 | 39.607 |
|   8   | 58.463 | 85.965 | 92.073 | 55.664 | 40.059 |
|   9   | 60.299 | 86.858 | 91.959 | 56.785 | 40.385 |
|   10  | 60.429 | 86.842 | 92.544 | 56.971 | 40.936 |
|   11  | 60.851 | 87.086 | 92.560 | 57.182 | 41.237 |
|   12  | 58.804 | 86.485 | 92.398 | 56.176 | 40.588 |
|   13  | 58.723 | 86.371 | 92.300 | 55.986 | 40.291 |
|   14  | 62.476 | 87.297 | 92.641 | 57.848 | 41.441 |
|   15  | 62.248 | 87.216 | 92.593 | 57.696 | 41.430 |
|   16  | 62.654 | 87.346 | 92.625 | 57.997 | 41.518 |
|   17  | 63.369 | 87.687 | 92.706 | 58.403 | 41.673 |
|   18  | 66.634 | 88.174 | 92.771 | 60.305 | 43.241 |
|   19  | 64.961 | 88.028 | 92.804 | 59.544 | 42.919 |
|   20  | 64.652 | 87.768 | 92.544 | 59.195 | 42.522 |
|   21  | 65.822 | 88.044 | 92.706 | 59.902 | 43.244 |
|   22  | 65.611 | 87.947 | 92.690 | 59.810 | 43.248 |
|   23  | 66.179 | 88.093 | 92.755 | 60.133 | 43.528 |
|   24  | 64.652 | 87.687 | 92.463 | 59.151 | 42.433 |
|   25  | 65.075 | 87.654 | 92.381 | 59.312 | 42.363 |
|   26  | 64.766 | 87.752 | 92.544 | 59.253 | 42.519 |
|   27  | 64.717 | 87.752 | 92.511 | 59.272 | 42.578 |
|   28  | 64.864 | 87.752 | 92.495 | 59.319 | 42.586 |
+-------+--------+--------+--------+--------+--------+
     logs:  {'epo': 28, 'R1': 64.864, 'R5': 87.752, 'R10': 92.495, 'mAP': 59.319, 'mINP': 42.586, 'lr': 1.1e-05, 'entropy': 0.115216, 'loss': 2.736328}
      TTA Epoch: [29] [  0/384]  eta: 0:03:56  lr: 0.000007  entropy: 0.0362  loss: 2.7072  time: 0.6154  data: 0.4947  max mem: 5880
      TTA Epoch: [29] [100/384]  eta: 0:00:17  lr: 0.000006  entropy: 0.1778  loss: 2.7596  time: 0.0506  data: 0.0001  max mem: 5880
      TTA Epoch: [29] [200/384]  eta: 0:00:10  lr: 0.000004  entropy: 0.0635  loss: 2.7170  time: 0.0476  data: 0.0001  max mem: 5880
      TTA Epoch: [29] [300/384]  eta: 0:00:04  lr: 0.000002  entropy: 0.0983  loss: 2.7302  time: 0.0471  data: 0.0001  max mem: 5880
      TTA Epoch: [29] [383/384]  eta: 0:00:00  lr: 0.000001  entropy: 0.1211  loss: 2.7383  time: 0.0442  data: 0.0001  max mem: 5880
      TTA Epoch: [29] Total time: 0:00:19 (0.0517 s / it)
     Averaged stats: lr: 0.0000  entropy: 0.1099  loss: 2.7343
     itm tta time 0:00:20
     Computing matching score
      ITM Evaluation: [   0/6156]  eta: 0:04:19    time: 0.0422  data: 0.0071  max mem: 5880
      ITM Evaluation: [ 100/6156]  eta: 0:03:18    time: 0.0326  data: 0.0000  max mem: 5880
      ITM Evaluation: [ 200/6156]  eta: 0:03:15    time: 0.0330  data: 0.0000  max mem: 5880
      ITM Evaluation: [ 300/6156]  eta: 0:03:12    time: 0.0329  data: 0.0000  max mem: 5880
      ITM Evaluation: [ 400/6156]  eta: 0:03:09    time: 0.0329  data: 0.0000  max mem: 5880
      ITM Evaluation: [ 500/6156]  eta: 0:03:05    time: 0.0325  data: 0.0000  max mem: 5880
      ITM Evaluation: [ 600/6156]  eta: 0:03:02    time: 0.0331  data: 0.0000  max mem: 5880
      ITM Evaluation: [ 700/6156]  eta: 0:02:59    time: 0.0342  data: 0.0000  max mem: 5880
      ITM Evaluation: [ 800/6156]  eta: 0:02:57    time: 0.0352  data: 0.0000  max mem: 5880
      ITM Evaluation: [ 900/6156]  eta: 0:02:55    time: 0.0341  data: 0.0000  max mem: 5880
      ITM Evaluation: [1000/6156]  eta: 0:02:51    time: 0.0336  data: 0.0000  max mem: 5880
      ITM Evaluation: [1100/6156]  eta: 0:02:48    time: 0.0328  data: 0.0000  max mem: 5880
      ITM Evaluation: [1200/6156]  eta: 0:02:44    time: 0.0327  data: 0.0000  max mem: 5880
      ITM Evaluation: [1300/6156]  eta: 0:02:41    time: 0.0328  data: 0.0000  max mem: 5880
      ITM Evaluation: [1400/6156]  eta: 0:02:37    time: 0.0332  data: 0.0000  max mem: 5880
      ITM Evaluation: [1500/6156]  eta: 0:02:34    time: 0.0330  data: 0.0000  max mem: 5880
      ITM Evaluation: [1600/6156]  eta: 0:02:31    time: 0.0330  data: 0.0000  max mem: 5880
      ITM Evaluation: [1700/6156]  eta: 0:02:27    time: 0.0332  data: 0.0000  max mem: 5880
      ITM Evaluation: [1800/6156]  eta: 0:02:24    time: 0.0329  data: 0.0000  max mem: 5880
      ITM Evaluation: [1900/6156]  eta: 0:02:21    time: 0.0333  data: 0.0000  max mem: 5880
      ITM Evaluation: [2000/6156]  eta: 0:02:18    time: 0.0387  data: 0.0000  max mem: 5880
      ITM Evaluation: [2100/6156]  eta: 0:02:16    time: 0.0377  data: 0.0000  max mem: 5880
      ITM Evaluation: [2200/6156]  eta: 0:02:13    time: 0.0373  data: 0.0000  max mem: 5880
      ITM Evaluation: [2300/6156]  eta: 0:02:10    time: 0.0344  data: 0.0000  max mem: 5880
      ITM Evaluation: [2400/6156]  eta: 0:02:06    time: 0.0344  data: 0.0000  max mem: 5880
      ITM Evaluation: [2500/6156]  eta: 0:02:03    time: 0.0347  data: 0.0000  max mem: 5880
      ITM Evaluation: [2600/6156]  eta: 0:02:00    time: 0.0337  data: 0.0000  max mem: 5880
      ITM Evaluation: [2700/6156]  eta: 0:01:57    time: 0.0371  data: 0.0000  max mem: 5880
      ITM Evaluation: [2800/6156]  eta: 0:01:54    time: 0.0370  data: 0.0000  max mem: 5880
      ITM Evaluation: [2900/6156]  eta: 0:01:51    time: 0.0371  data: 0.0000  max mem: 5880
      ITM Evaluation: [3000/6156]  eta: 0:01:47    time: 0.0344  data: 0.0000  max mem: 5880
      ITM Evaluation: [3100/6156]  eta: 0:01:44    time: 0.0365  data: 0.0000  max mem: 5880
      ITM Evaluation: [3200/6156]  eta: 0:01:41    time: 0.0389  data: 0.0000  max mem: 5880
      ITM Evaluation: [3300/6156]  eta: 0:01:38    time: 0.0386  data: 0.0000  max mem: 5880
      ITM Evaluation: [3400/6156]  eta: 0:01:35    time: 0.0367  data: 0.0000  max mem: 5880
      ITM Evaluation: [3500/6156]  eta: 0:01:31    time: 0.0346  data: 0.0000  max mem: 5880
      ITM Evaluation: [3600/6156]  eta: 0:01:28    time: 0.0347  data: 0.0000  max mem: 5880
      ITM Evaluation: [3700/6156]  eta: 0:01:24    time: 0.0355  data: 0.0000  max mem: 5880
      ITM Evaluation: [3800/6156]  eta: 0:01:21    time: 0.0341  data: 0.0000  max mem: 5880
      ITM Evaluation: [3900/6156]  eta: 0:01:17    time: 0.0346  data: 0.0000  max mem: 5880
      ITM Evaluation: [4000/6156]  eta: 0:01:14    time: 0.0348  data: 0.0000  max mem: 5880
      ITM Evaluation: [4100/6156]  eta: 0:01:11    time: 0.0343  data: 0.0000  max mem: 5880
      ITM Evaluation: [4200/6156]  eta: 0:01:07    time: 0.0373  data: 0.0000  max mem: 5880
      ITM Evaluation: [4300/6156]  eta: 0:01:04    time: 0.0352  data: 0.0000  max mem: 5880
      ITM Evaluation: [4400/6156]  eta: 0:01:00    time: 0.0362  data: 0.0000  max mem: 5880
      ITM Evaluation: [4500/6156]  eta: 0:00:57    time: 0.0367  data: 0.0000  max mem: 5880
      ITM Evaluation: [4600/6156]  eta: 0:00:54    time: 0.0351  data: 0.0000  max mem: 5880
      ITM Evaluation: [4700/6156]  eta: 0:00:50    time: 0.0356  data: 0.0000  max mem: 5880
      ITM Evaluation: [4800/6156]  eta: 0:00:47    time: 0.0350  data: 0.0000  max mem: 5880
      ITM Evaluation: [4900/6156]  eta: 0:00:43    time: 0.0350  data: 0.0000  max mem: 5880
      ITM Evaluation: [5000/6156]  eta: 0:00:40    time: 0.0365  data: 0.0000  max mem: 5880
      ITM Evaluation: [5100/6156]  eta: 0:00:36    time: 0.0361  data: 0.0000  max mem: 5880
      ITM Evaluation: [5200/6156]  eta: 0:00:33    time: 0.0397  data: 0.0000  max mem: 5880
      ITM Evaluation: [5300/6156]  eta: 0:00:29    time: 0.0356  data: 0.0000  max mem: 5880
      ITM Evaluation: [5400/6156]  eta: 0:00:26    time: 0.0370  data: 0.0000  max mem: 5880
      ITM Evaluation: [5500/6156]  eta: 0:00:22    time: 0.0361  data: 0.0000  max mem: 5880
      ITM Evaluation: [5600/6156]  eta: 0:00:19    time: 0.0378  data: 0.0000  max mem: 5880
      ITM Evaluation: [5700/6156]  eta: 0:00:15    time: 0.0378  data: 0.0000  max mem: 5880
      ITM Evaluation: [5800/6156]  eta: 0:00:12    time: 0.0350  data: 0.0000  max mem: 5880
      ITM Evaluation: [5900/6156]  eta: 0:00:08    time: 0.0355  data: 0.0000  max mem: 5880
      ITM Evaluation: [6000/6156]  eta: 0:00:05    time: 0.0348  data: 0.0000  max mem: 5880
      ITM Evaluation: [6100/6156]  eta: 0:00:01    time: 0.0354  data: 0.0000  max mem: 5880
      ITM Evaluation: [6155/6156]  eta: 0:00:00    time: 0.0361  data: 0.0000  max mem: 5880
      ITM Evaluation: Total time: 0:03:36 (0.0351 s / it)
     total_time 216.1749358177185
     Computing matching score time 0:03:36
### TTA ITM Score: 
+-------+--------+--------+--------+--------+--------+
| epoch |   R1   |   R5   |  R10   |  mAP   |  mINP  |
+-------+--------+--------+--------+--------+--------+
|  -999 | 70.760 | 87.378 | 92.268 | 63.849 | 48.174 |
|  -999 | 76.170 | 89.457 | 93.600 | 65.570 | 47.372 |
|   0   | 70.533 | 88.775 | 92.788 | 63.228 | 46.439 |
|   1   | 68.486 | 88.369 | 92.576 | 61.531 | 44.327 |
|   2   | 66.780 | 88.320 | 92.625 | 60.569 | 43.879 |
|   3   | 64.084 | 87.427 | 92.008 | 58.508 | 41.216 |
|   4   | 62.086 | 87.281 | 92.479 | 57.892 | 41.793 |
|   5   | 62.313 | 87.216 | 92.528 | 58.108 | 42.017 |
|   6   | 63.580 | 87.524 | 92.560 | 58.669 | 42.168 |
|   7   | 56.189 | 85.429 | 91.992 | 54.560 | 39.607 |
|   8   | 58.463 | 85.965 | 92.073 | 55.664 | 40.059 |
|   9   | 60.299 | 86.858 | 91.959 | 56.785 | 40.385 |
|   10  | 60.429 | 86.842 | 92.544 | 56.971 | 40.936 |
|   11  | 60.851 | 87.086 | 92.560 | 57.182 | 41.237 |
|   12  | 58.804 | 86.485 | 92.398 | 56.176 | 40.588 |
|   13  | 58.723 | 86.371 | 92.300 | 55.986 | 40.291 |
|   14  | 62.476 | 87.297 | 92.641 | 57.848 | 41.441 |
|   15  | 62.248 | 87.216 | 92.593 | 57.696 | 41.430 |
|   16  | 62.654 | 87.346 | 92.625 | 57.997 | 41.518 |
|   17  | 63.369 | 87.687 | 92.706 | 58.403 | 41.673 |
|   18  | 66.634 | 88.174 | 92.771 | 60.305 | 43.241 |
|   19  | 64.961 | 88.028 | 92.804 | 59.544 | 42.919 |
|   20  | 64.652 | 87.768 | 92.544 | 59.195 | 42.522 |
|   21  | 65.822 | 88.044 | 92.706 | 59.902 | 43.244 |
|   22  | 65.611 | 87.947 | 92.690 | 59.810 | 43.248 |
|   23  | 66.179 | 88.093 | 92.755 | 60.133 | 43.528 |
|   24  | 64.652 | 87.687 | 92.463 | 59.151 | 42.433 |
|   25  | 65.075 | 87.654 | 92.381 | 59.312 | 42.363 |
|   26  | 64.766 | 87.752 | 92.544 | 59.253 | 42.519 |
|   27  | 64.717 | 87.752 | 92.511 | 59.272 | 42.578 |
|   28  | 64.864 | 87.752 | 92.495 | 59.319 | 42.586 |
|   29  | 64.847 | 87.752 | 92.495 | 59.322 | 42.594 |
+-------+--------+--------+--------+--------+--------+
     logs:  {'epo': 29, 'R1': 64.847, 'R5': 87.752, 'R10': 92.495, 'mAP': 59.322, 'mINP': 42.594, 'lr': 4e-06, 'entropy': 0.109855, 'loss': 2.734337}
### best epoch 0 : {'epo': '0', 'R1': '70.533', 'R5': '88.775', 'R10': '92.788', 'mAP': '63.228', 'mINP': '46.439', 'lr': '0.000862', 'entropy': '0.391682', 'loss': '2.83896'}
### Time 1:57:55
