Not using distributed mode
### Hyper-parameters:
     seed: 42
     device: cuda
     output_dir: output/ft_cuhk/tta/tta_exp1.1
     batch_size_tta: 16
     epochs: 30
     lr: 0.0005
### Creating model
use_swin
load checkpoint from checkpoints/ft_cuhk/checkpoint_best.pth
missing_keys:  []
vision_encoder missing_keys:  []
unexpected_keys:  []
     Total Params Sum:  214456629
### Creating test dataset
     test_dataset: 3074
### Creating test dataloader
### be careful: func create_loader returns a list length of 1
     test_loader: 21
### Inference ITC similiarity matrix
     Computing text features for evaluation
     Computing image features for evaluation
/home/jiahao/task/APTM/reTools.py:308: UserWarning: To copy construct from a tensor, it is recommended to use sourceTensor.clone().detach() or sourceTensor.clone().detach().requires_grad_(True), rather than torch.tensor(sourceTensor).
  similarity = torch.tensor(scores_t2i)
     Computing features time 0:00:09
### Zero-Shot ITC Score: 
+-------+--------+--------+--------+--------+--------+
| epoch |   R1   |   R5   |  R10   |  mAP   |  mINP  |
+-------+--------+--------+--------+--------+--------+
|  -999 | 70.760 | 87.378 | 92.268 | 63.849 | 48.174 |
+-------+--------+--------+--------+--------+--------+
     Computing matching score
      ITM Evaluation: [   0/6156]  eta: 0:08:32    time: 0.0832  data: 0.0053  max mem: 5880
      ITM Evaluation: [ 100/6156]  eta: 0:04:53    time: 0.0435  data: 0.0000  max mem: 5880
      ITM Evaluation: [ 200/6156]  eta: 0:04:26    time: 0.0433  data: 0.0000  max mem: 5880
      ITM Evaluation: [ 300/6156]  eta: 0:04:21    time: 0.0447  data: 0.0000  max mem: 5880
      ITM Evaluation: [ 400/6156]  eta: 0:04:15    time: 0.0445  data: 0.0000  max mem: 5880
      ITM Evaluation: [ 500/6156]  eta: 0:04:11    time: 0.0441  data: 0.0000  max mem: 5880
      ITM Evaluation: [ 600/6156]  eta: 0:04:06    time: 0.0442  data: 0.0000  max mem: 5880
      ITM Evaluation: [ 700/6156]  eta: 0:04:01    time: 0.0441  data: 0.0000  max mem: 5880
      ITM Evaluation: [ 800/6156]  eta: 0:03:58    time: 0.0469  data: 0.0000  max mem: 5880
      ITM Evaluation: [ 900/6156]  eta: 0:03:59    time: 0.0580  data: 0.0000  max mem: 5880
      ITM Evaluation: [1000/6156]  eta: 0:03:56    time: 0.0437  data: 0.0000  max mem: 5880
      ITM Evaluation: [1100/6156]  eta: 0:03:50    time: 0.0442  data: 0.0000  max mem: 5880
      ITM Evaluation: [1200/6156]  eta: 0:03:44    time: 0.0415  data: 0.0000  max mem: 5880
      ITM Evaluation: [1300/6156]  eta: 0:03:39    time: 0.0445  data: 0.0000  max mem: 5880
      ITM Evaluation: [1400/6156]  eta: 0:03:34    time: 0.0464  data: 0.0000  max mem: 5880
      ITM Evaluation: [1500/6156]  eta: 0:03:28    time: 0.0427  data: 0.0000  max mem: 5880
      ITM Evaluation: [1600/6156]  eta: 0:03:24    time: 0.0434  data: 0.0000  max mem: 5880
      ITM Evaluation: [1700/6156]  eta: 0:03:19    time: 0.0398  data: 0.0000  max mem: 5880
      ITM Evaluation: [1800/6156]  eta: 0:03:15    time: 0.0471  data: 0.0000  max mem: 5880
      ITM Evaluation: [1900/6156]  eta: 0:03:11    time: 0.0399  data: 0.0000  max mem: 5880
      ITM Evaluation: [2000/6156]  eta: 0:03:07    time: 0.0450  data: 0.0000  max mem: 5880
      ITM Evaluation: [2100/6156]  eta: 0:03:01    time: 0.0380  data: 0.0000  max mem: 5880
      ITM Evaluation: [2200/6156]  eta: 0:02:56    time: 0.0435  data: 0.0000  max mem: 5880
      ITM Evaluation: [2300/6156]  eta: 0:02:51    time: 0.0431  data: 0.0000  max mem: 5880
      ITM Evaluation: [2400/6156]  eta: 0:02:46    time: 0.0434  data: 0.0000  max mem: 5880
      ITM Evaluation: [2500/6156]  eta: 0:02:41    time: 0.0407  data: 0.0000  max mem: 5880
      ITM Evaluation: [2600/6156]  eta: 0:02:37    time: 0.0412  data: 0.0000  max mem: 5880
      ITM Evaluation: [2700/6156]  eta: 0:02:32    time: 0.0453  data: 0.0000  max mem: 5880
      ITM Evaluation: [2800/6156]  eta: 0:02:28    time: 0.0495  data: 0.0000  max mem: 5880
      ITM Evaluation: [2900/6156]  eta: 0:02:24    time: 0.0429  data: 0.0000  max mem: 5880
      ITM Evaluation: [3000/6156]  eta: 0:02:19    time: 0.0454  data: 0.0000  max mem: 5880
      ITM Evaluation: [3100/6156]  eta: 0:02:14    time: 0.0422  data: 0.0000  max mem: 5880
      ITM Evaluation: [3200/6156]  eta: 0:02:10    time: 0.0422  data: 0.0000  max mem: 5880
      ITM Evaluation: [3300/6156]  eta: 0:02:05    time: 0.0431  data: 0.0000  max mem: 5880
      ITM Evaluation: [3400/6156]  eta: 0:02:01    time: 0.0431  data: 0.0000  max mem: 5880
      ITM Evaluation: [3500/6156]  eta: 0:01:56    time: 0.0391  data: 0.0000  max mem: 5880
      ITM Evaluation: [3600/6156]  eta: 0:01:52    time: 0.0418  data: 0.0000  max mem: 5880
      ITM Evaluation: [3700/6156]  eta: 0:01:47    time: 0.0487  data: 0.0000  max mem: 5880
      ITM Evaluation: [3800/6156]  eta: 0:01:43    time: 0.0383  data: 0.0000  max mem: 5880
      ITM Evaluation: [3900/6156]  eta: 0:01:39    time: 0.0388  data: 0.0000  max mem: 5880
      ITM Evaluation: [4000/6156]  eta: 0:01:34    time: 0.0439  data: 0.0000  max mem: 5880
      ITM Evaluation: [4100/6156]  eta: 0:01:30    time: 0.0388  data: 0.0000  max mem: 5880
      ITM Evaluation: [4200/6156]  eta: 0:01:25    time: 0.0387  data: 0.0000  max mem: 5880
      ITM Evaluation: [4300/6156]  eta: 0:01:21    time: 0.0427  data: 0.0000  max mem: 5880
      ITM Evaluation: [4400/6156]  eta: 0:01:16    time: 0.0405  data: 0.0000  max mem: 5880
      ITM Evaluation: [4500/6156]  eta: 0:01:12    time: 0.0407  data: 0.0000  max mem: 5880
      ITM Evaluation: [4600/6156]  eta: 0:01:07    time: 0.0423  data: 0.0000  max mem: 5880
      ITM Evaluation: [4700/6156]  eta: 0:01:03    time: 0.0462  data: 0.0000  max mem: 5880
      ITM Evaluation: [4800/6156]  eta: 0:00:59    time: 0.0426  data: 0.0000  max mem: 5880
      ITM Evaluation: [4900/6156]  eta: 0:00:54    time: 0.0431  data: 0.0000  max mem: 5880
      ITM Evaluation: [5000/6156]  eta: 0:00:50    time: 0.0443  data: 0.0000  max mem: 5880
      ITM Evaluation: [5100/6156]  eta: 0:00:45    time: 0.0410  data: 0.0000  max mem: 5880
      ITM Evaluation: [5200/6156]  eta: 0:00:41    time: 0.0420  data: 0.0000  max mem: 5880
      ITM Evaluation: [5300/6156]  eta: 0:00:37    time: 0.0385  data: 0.0000  max mem: 5880
      ITM Evaluation: [5400/6156]  eta: 0:00:32    time: 0.0451  data: 0.0000  max mem: 5880
      ITM Evaluation: [5500/6156]  eta: 0:00:28    time: 0.0403  data: 0.0000  max mem: 5880
      ITM Evaluation: [5600/6156]  eta: 0:00:24    time: 0.0508  data: 0.0000  max mem: 5880
      ITM Evaluation: [5700/6156]  eta: 0:00:19    time: 0.0426  data: 0.0000  max mem: 5880
      ITM Evaluation: [5800/6156]  eta: 0:00:15    time: 0.0442  data: 0.0000  max mem: 5880
      ITM Evaluation: [5900/6156]  eta: 0:00:11    time: 0.0411  data: 0.0000  max mem: 5880
      ITM Evaluation: [6000/6156]  eta: 0:00:06    time: 0.0417  data: 0.0000  max mem: 5880
      ITM Evaluation: [6100/6156]  eta: 0:00:02    time: 0.0417  data: 0.0000  max mem: 5880
      ITM Evaluation: [6155/6156]  eta: 0:00:00    time: 0.0362  data: 0.0000  max mem: 5880
      ITM Evaluation: Total time: 0:04:26 (0.0434 s / it)
     total_time 266.95555663108826
     Computing matching score time 0:04:26
### Zero-Shot ITM Score: 
+-------+--------+--------+--------+--------+--------+
| epoch |   R1   |   R5   |  R10   |  mAP   |  mINP  |
+-------+--------+--------+--------+--------+--------+
|  -999 | 70.760 | 87.378 | 92.268 | 63.849 | 48.174 |
|  -999 | 76.170 | 89.457 | 93.600 | 65.570 | 47.372 |
+-------+--------+--------+--------+--------+--------+
### TTA:
### Compute ITC Uncertainty
     preprocess_tta_coefficients  start
     sample selection ...
     number of sample after sample_selection: 1749
     uncertainty ...
     preprocess_tta_coefficients  end
### Creating tta dataset
     tta_dataset: 1749
### Creating tta dataloader
### be careful: func create_loader returns a list length of 1
     tta_loader: 109
### Configure adapted weights
     TTA Dropout Modules: 
 [('vision_encoder.pos_drop', Dropout(p=0.0, inplace=False), True), ('vision_encoder.layers.0.blocks.0.attn.attn_drop', Dropout(p=0.0, inplace=False), True), ('vision_encoder.layers.0.blocks.0.attn.proj_drop', Dropout(p=0.0, inplace=False), True), ('vision_encoder.layers.0.blocks.0.mlp.drop', Dropout(p=0.0, inplace=False), True), ('vision_encoder.layers.0.blocks.1.attn.attn_drop', Dropout(p=0.0, inplace=False), True), ('vision_encoder.layers.0.blocks.1.attn.proj_drop', Dropout(p=0.0, inplace=False), True), ('vision_encoder.layers.0.blocks.1.mlp.drop', Dropout(p=0.0, inplace=False), True), ('vision_encoder.layers.1.blocks.0.attn.attn_drop', Dropout(p=0.0, inplace=False), True), ('vision_encoder.layers.1.blocks.0.attn.proj_drop', Dropout(p=0.0, inplace=False), True), ('vision_encoder.layers.1.blocks.0.mlp.drop', Dropout(p=0.0, inplace=False), True), ('vision_encoder.layers.1.blocks.1.attn.attn_drop', Dropout(p=0.0, inplace=False), True), ('vision_encoder.layers.1.blocks.1.attn.proj_drop', Dropout(p=0.0, inplace=False), True), ('vision_encoder.layers.1.blocks.1.mlp.drop', Dropout(p=0.0, inplace=False), True), ('vision_encoder.layers.2.blocks.0.attn.attn_drop', Dropout(p=0.0, inplace=False), True), ('vision_encoder.layers.2.blocks.0.attn.proj_drop', Dropout(p=0.0, inplace=False), True), ('vision_encoder.layers.2.blocks.0.mlp.drop', Dropout(p=0.0, inplace=False), True), ('vision_encoder.layers.2.blocks.1.attn.attn_drop', Dropout(p=0.0, inplace=False), True), ('vision_encoder.layers.2.blocks.1.attn.proj_drop', Dropout(p=0.0, inplace=False), True), ('vision_encoder.layers.2.blocks.1.mlp.drop', Dropout(p=0.0, inplace=False), True), ('vision_encoder.layers.2.blocks.2.attn.attn_drop', Dropout(p=0.0, inplace=False), True), ('vision_encoder.layers.2.blocks.2.attn.proj_drop', Dropout(p=0.0, inplace=False), True), ('vision_encoder.layers.2.blocks.2.mlp.drop', Dropout(p=0.0, inplace=False), True), ('vision_encoder.layers.2.blocks.3.attn.attn_drop', Dropout(p=0.0, inplace=False), True), ('vision_encoder.layers.2.blocks.3.attn.proj_drop', Dropout(p=0.0, inplace=False), True), ('vision_encoder.layers.2.blocks.3.mlp.drop', Dropout(p=0.0, inplace=False), True), ('vision_encoder.layers.2.blocks.4.attn.attn_drop', Dropout(p=0.0, inplace=False), True), ('vision_encoder.layers.2.blocks.4.attn.proj_drop', Dropout(p=0.0, inplace=False), True), ('vision_encoder.layers.2.blocks.4.mlp.drop', Dropout(p=0.0, inplace=False), True), ('vision_encoder.layers.2.blocks.5.attn.attn_drop', Dropout(p=0.0, inplace=False), True), ('vision_encoder.layers.2.blocks.5.attn.proj_drop', Dropout(p=0.0, inplace=False), True), ('vision_encoder.layers.2.blocks.5.mlp.drop', Dropout(p=0.0, inplace=False), True), ('vision_encoder.layers.2.blocks.6.attn.attn_drop', Dropout(p=0.0, inplace=False), True), ('vision_encoder.layers.2.blocks.6.attn.proj_drop', Dropout(p=0.0, inplace=False), True), ('vision_encoder.layers.2.blocks.6.mlp.drop', Dropout(p=0.0, inplace=False), True), ('vision_encoder.layers.2.blocks.7.attn.attn_drop', Dropout(p=0.0, inplace=False), True), ('vision_encoder.layers.2.blocks.7.attn.proj_drop', Dropout(p=0.0, inplace=False), True), ('vision_encoder.layers.2.blocks.7.mlp.drop', Dropout(p=0.0, inplace=False), True), ('vision_encoder.layers.2.blocks.8.attn.attn_drop', Dropout(p=0.0, inplace=False), True), ('vision_encoder.layers.2.blocks.8.attn.proj_drop', Dropout(p=0.0, inplace=False), True), ('vision_encoder.layers.2.blocks.8.mlp.drop', Dropout(p=0.0, inplace=False), True), ('vision_encoder.layers.2.blocks.9.attn.attn_drop', Dropout(p=0.0, inplace=False), True), ('vision_encoder.layers.2.blocks.9.attn.proj_drop', Dropout(p=0.0, inplace=False), True), ('vision_encoder.layers.2.blocks.9.mlp.drop', Dropout(p=0.0, inplace=False), True), ('vision_encoder.layers.2.blocks.10.attn.attn_drop', Dropout(p=0.0, inplace=False), True), ('vision_encoder.layers.2.blocks.10.attn.proj_drop', Dropout(p=0.0, inplace=False), True), ('vision_encoder.layers.2.blocks.10.mlp.drop', Dropout(p=0.0, inplace=False), True), ('vision_encoder.layers.2.blocks.11.attn.attn_drop', Dropout(p=0.0, inplace=False), True), ('vision_encoder.layers.2.blocks.11.attn.proj_drop', Dropout(p=0.0, inplace=False), True), ('vision_encoder.layers.2.blocks.11.mlp.drop', Dropout(p=0.0, inplace=False), True), ('vision_encoder.layers.2.blocks.12.attn.attn_drop', Dropout(p=0.0, inplace=False), True), ('vision_encoder.layers.2.blocks.12.attn.proj_drop', Dropout(p=0.0, inplace=False), True), ('vision_encoder.layers.2.blocks.12.mlp.drop', Dropout(p=0.0, inplace=False), True), ('vision_encoder.layers.2.blocks.13.attn.attn_drop', Dropout(p=0.0, inplace=False), True), ('vision_encoder.layers.2.blocks.13.attn.proj_drop', Dropout(p=0.0, inplace=False), True), ('vision_encoder.layers.2.blocks.13.mlp.drop', Dropout(p=0.0, inplace=False), True), ('vision_encoder.layers.2.blocks.14.attn.attn_drop', Dropout(p=0.0, inplace=False), True), ('vision_encoder.layers.2.blocks.14.attn.proj_drop', Dropout(p=0.0, inplace=False), True), ('vision_encoder.layers.2.blocks.14.mlp.drop', Dropout(p=0.0, inplace=False), True), ('vision_encoder.layers.2.blocks.15.attn.attn_drop', Dropout(p=0.0, inplace=False), True), ('vision_encoder.layers.2.blocks.15.attn.proj_drop', Dropout(p=0.0, inplace=False), True), ('vision_encoder.layers.2.blocks.15.mlp.drop', Dropout(p=0.0, inplace=False), True), ('vision_encoder.layers.2.blocks.16.attn.attn_drop', Dropout(p=0.0, inplace=False), True), ('vision_encoder.layers.2.blocks.16.attn.proj_drop', Dropout(p=0.0, inplace=False), True), ('vision_encoder.layers.2.blocks.16.mlp.drop', Dropout(p=0.0, inplace=False), True), ('vision_encoder.layers.2.blocks.17.attn.attn_drop', Dropout(p=0.0, inplace=False), True), ('vision_encoder.layers.2.blocks.17.attn.proj_drop', Dropout(p=0.0, inplace=False), True), ('vision_encoder.layers.2.blocks.17.mlp.drop', Dropout(p=0.0, inplace=False), True), ('vision_encoder.layers.3.blocks.0.attn.attn_drop', Dropout(p=0.0, inplace=False), True), ('vision_encoder.layers.3.blocks.0.attn.proj_drop', Dropout(p=0.0, inplace=False), True), ('vision_encoder.layers.3.blocks.0.mlp.drop', Dropout(p=0.0, inplace=False), True), ('vision_encoder.layers.3.blocks.1.attn.attn_drop', Dropout(p=0.0, inplace=False), True), ('vision_encoder.layers.3.blocks.1.attn.proj_drop', Dropout(p=0.0, inplace=False), True), ('vision_encoder.layers.3.blocks.1.mlp.drop', Dropout(p=0.0, inplace=False), True), ('text_encoder.bert.embeddings.dropout', Dropout(p=0.1, inplace=False), True), ('text_encoder.bert.encoder.layer.0.attention.self.dropout', Dropout(p=0.1, inplace=False), True), ('text_encoder.bert.encoder.layer.0.attention.output.dropout', Dropout(p=0.1, inplace=False), True), ('text_encoder.bert.encoder.layer.0.output.dropout', Dropout(p=0.1, inplace=False), True), ('text_encoder.bert.encoder.layer.1.attention.self.dropout', Dropout(p=0.1, inplace=False), True), ('text_encoder.bert.encoder.layer.1.attention.output.dropout', Dropout(p=0.1, inplace=False), True), ('text_encoder.bert.encoder.layer.1.output.dropout', Dropout(p=0.1, inplace=False), True), ('text_encoder.bert.encoder.layer.2.attention.self.dropout', Dropout(p=0.1, inplace=False), True), ('text_encoder.bert.encoder.layer.2.attention.output.dropout', Dropout(p=0.1, inplace=False), True), ('text_encoder.bert.encoder.layer.2.output.dropout', Dropout(p=0.1, inplace=False), True), ('text_encoder.bert.encoder.layer.3.attention.self.dropout', Dropout(p=0.1, inplace=False), True), ('text_encoder.bert.encoder.layer.3.attention.output.dropout', Dropout(p=0.1, inplace=False), True), ('text_encoder.bert.encoder.layer.3.output.dropout', Dropout(p=0.1, inplace=False), True), ('text_encoder.bert.encoder.layer.4.attention.self.dropout', Dropout(p=0.1, inplace=False), True), ('text_encoder.bert.encoder.layer.4.attention.output.dropout', Dropout(p=0.1, inplace=False), True), ('text_encoder.bert.encoder.layer.4.output.dropout', Dropout(p=0.1, inplace=False), True), ('text_encoder.bert.encoder.layer.5.attention.self.dropout', Dropout(p=0.1, inplace=False), True), ('text_encoder.bert.encoder.layer.5.attention.output.dropout', Dropout(p=0.1, inplace=False), True), ('text_encoder.bert.encoder.layer.5.output.dropout', Dropout(p=0.1, inplace=False), True), ('text_encoder.bert.encoder.layer.6.attention.self.dropout', Dropout(p=0.1, inplace=False), True), ('text_encoder.bert.encoder.layer.6.attention.output.dropout', Dropout(p=0.1, inplace=False), True), ('text_encoder.bert.encoder.layer.6.crossattention.self.dropout', Dropout(p=0.1, inplace=False), True), ('text_encoder.bert.encoder.layer.6.crossattention.output.dropout', Dropout(p=0.1, inplace=False), True), ('text_encoder.bert.encoder.layer.6.output.dropout', Dropout(p=0.1, inplace=False), True), ('text_encoder.bert.encoder.layer.7.attention.self.dropout', Dropout(p=0.1, inplace=False), True), ('text_encoder.bert.encoder.layer.7.attention.output.dropout', Dropout(p=0.1, inplace=False), True), ('text_encoder.bert.encoder.layer.7.crossattention.self.dropout', Dropout(p=0.1, inplace=False), True), ('text_encoder.bert.encoder.layer.7.crossattention.output.dropout', Dropout(p=0.1, inplace=False), True), ('text_encoder.bert.encoder.layer.7.output.dropout', Dropout(p=0.1, inplace=False), True), ('text_encoder.bert.encoder.layer.8.attention.self.dropout', Dropout(p=0.1, inplace=False), True), ('text_encoder.bert.encoder.layer.8.attention.output.dropout', Dropout(p=0.1, inplace=False), True), ('text_encoder.bert.encoder.layer.8.crossattention.self.dropout', Dropout(p=0.1, inplace=False), True), ('text_encoder.bert.encoder.layer.8.crossattention.output.dropout', Dropout(p=0.1, inplace=False), True), ('text_encoder.bert.encoder.layer.8.output.dropout', Dropout(p=0.1, inplace=False), True), ('text_encoder.bert.encoder.layer.9.attention.self.dropout', Dropout(p=0.1, inplace=False), True), ('text_encoder.bert.encoder.layer.9.attention.output.dropout', Dropout(p=0.1, inplace=False), True), ('text_encoder.bert.encoder.layer.9.crossattention.self.dropout', Dropout(p=0.1, inplace=False), True), ('text_encoder.bert.encoder.layer.9.crossattention.output.dropout', Dropout(p=0.1, inplace=False), True), ('text_encoder.bert.encoder.layer.9.output.dropout', Dropout(p=0.1, inplace=False), True), ('text_encoder.bert.encoder.layer.10.attention.self.dropout', Dropout(p=0.1, inplace=False), True), ('text_encoder.bert.encoder.layer.10.attention.output.dropout', Dropout(p=0.1, inplace=False), True), ('text_encoder.bert.encoder.layer.10.crossattention.self.dropout', Dropout(p=0.1, inplace=False), True), ('text_encoder.bert.encoder.layer.10.crossattention.output.dropout', Dropout(p=0.1, inplace=False), True), ('text_encoder.bert.encoder.layer.10.output.dropout', Dropout(p=0.1, inplace=False), True), ('text_encoder.bert.encoder.layer.11.attention.self.dropout', Dropout(p=0.1, inplace=False), True), ('text_encoder.bert.encoder.layer.11.attention.output.dropout', Dropout(p=0.1, inplace=False), True), ('text_encoder.bert.encoder.layer.11.crossattention.self.dropout', Dropout(p=0.1, inplace=False), True), ('text_encoder.bert.encoder.layer.11.crossattention.output.dropout', Dropout(p=0.1, inplace=False), True), ('text_encoder.bert.encoder.layer.11.output.dropout', Dropout(p=0.1, inplace=False), True)]
     TTA Require Gradient Params: 
 [('text_encoder.bert.embeddings.LayerNorm.weight', torch.Size([768])), ('text_encoder.bert.embeddings.LayerNorm.bias', torch.Size([768])), ('text_encoder.bert.encoder.layer.6.attention.output.LayerNorm.weight', torch.Size([768])), ('text_encoder.bert.encoder.layer.6.attention.output.LayerNorm.bias', torch.Size([768])), ('text_encoder.bert.encoder.layer.6.crossattention.output.LayerNorm.weight', torch.Size([768])), ('text_encoder.bert.encoder.layer.6.crossattention.output.LayerNorm.bias', torch.Size([768])), ('text_encoder.bert.encoder.layer.6.output.LayerNorm.weight', torch.Size([768])), ('text_encoder.bert.encoder.layer.6.output.LayerNorm.bias', torch.Size([768])), ('text_encoder.bert.encoder.layer.7.attention.output.LayerNorm.weight', torch.Size([768])), ('text_encoder.bert.encoder.layer.7.attention.output.LayerNorm.bias', torch.Size([768])), ('text_encoder.bert.encoder.layer.7.crossattention.output.LayerNorm.weight', torch.Size([768])), ('text_encoder.bert.encoder.layer.7.crossattention.output.LayerNorm.bias', torch.Size([768])), ('text_encoder.bert.encoder.layer.7.output.LayerNorm.weight', torch.Size([768])), ('text_encoder.bert.encoder.layer.7.output.LayerNorm.bias', torch.Size([768])), ('text_encoder.bert.encoder.layer.8.attention.output.LayerNorm.weight', torch.Size([768])), ('text_encoder.bert.encoder.layer.8.attention.output.LayerNorm.bias', torch.Size([768])), ('text_encoder.bert.encoder.layer.8.crossattention.output.LayerNorm.weight', torch.Size([768])), ('text_encoder.bert.encoder.layer.8.crossattention.output.LayerNorm.bias', torch.Size([768])), ('text_encoder.bert.encoder.layer.8.output.LayerNorm.weight', torch.Size([768])), ('text_encoder.bert.encoder.layer.8.output.LayerNorm.bias', torch.Size([768])), ('text_encoder.bert.encoder.layer.9.attention.output.LayerNorm.weight', torch.Size([768])), ('text_encoder.bert.encoder.layer.9.attention.output.LayerNorm.bias', torch.Size([768])), ('text_encoder.bert.encoder.layer.9.crossattention.output.LayerNorm.weight', torch.Size([768])), ('text_encoder.bert.encoder.layer.9.crossattention.output.LayerNorm.bias', torch.Size([768])), ('text_encoder.bert.encoder.layer.9.output.LayerNorm.weight', torch.Size([768])), ('text_encoder.bert.encoder.layer.9.output.LayerNorm.bias', torch.Size([768])), ('text_encoder.bert.encoder.layer.10.attention.output.LayerNorm.weight', torch.Size([768])), ('text_encoder.bert.encoder.layer.10.attention.output.LayerNorm.bias', torch.Size([768])), ('text_encoder.bert.encoder.layer.10.crossattention.output.LayerNorm.weight', torch.Size([768])), ('text_encoder.bert.encoder.layer.10.crossattention.output.LayerNorm.bias', torch.Size([768])), ('text_encoder.bert.encoder.layer.10.output.LayerNorm.weight', torch.Size([768])), ('text_encoder.bert.encoder.layer.10.output.LayerNorm.bias', torch.Size([768])), ('text_encoder.bert.encoder.layer.11.attention.output.LayerNorm.weight', torch.Size([768])), ('text_encoder.bert.encoder.layer.11.attention.output.LayerNorm.bias', torch.Size([768])), ('text_encoder.bert.encoder.layer.11.crossattention.output.LayerNorm.weight', torch.Size([768])), ('text_encoder.bert.encoder.layer.11.crossattention.output.LayerNorm.bias', torch.Size([768])), ('text_encoder.bert.encoder.layer.11.output.LayerNorm.weight', torch.Size([768])), ('text_encoder.bert.encoder.layer.11.output.LayerNorm.bias', torch.Size([768])), ('text_encoder.cls.predictions.transform.LayerNorm.weight', torch.Size([768])), ('text_encoder.cls.predictions.transform.LayerNorm.bias', torch.Size([768])), ('itm_head.1.weight', torch.Size([1536])), ('itm_head.1.bias', torch.Size([1536]))]
     TTA Dropout Modules Number: 
 122
     TTA Require Gradient Params Sum: 
 33792
     lr:  0.0005    lr_mult:  2
     model has 'init_params',  363
     num_tta_steps:  3300
     num_warmup_steps:  100
     sched: step
### Start ITM Test Time Adaptation
      TTA Epoch: [0] [  0/109]  eta: 0:01:04  lr: 0.000005  entropy: 0.8146  loss: 0.8146  time: 0.5882  data: 0.4966  max mem: 5880
      TTA Epoch: [0] [100/109]  eta: 0:00:00  lr: 0.000500  entropy: 0.4089  loss: 0.4089  time: 0.0492  data: 0.0001  max mem: 5880
      TTA Epoch: [0] [108/109]  eta: 0:00:00  lr: 0.000499  entropy: 0.1918  loss: 0.1918  time: 0.0478  data: 0.0001  max mem: 5880
      TTA Epoch: [0] Total time: 0:00:06 (0.0639 s / it)
     Averaged stats: lr: 0.0003  entropy: 0.6162  loss: 0.6162
     itm tta time 0:00:07
     Computing matching score
      ITM Evaluation: [   0/6156]  eta: 0:05:10    time: 0.0504  data: 0.0117  max mem: 5880
      ITM Evaluation: [ 100/6156]  eta: 0:03:46    time: 0.0383  data: 0.0000  max mem: 5880
      ITM Evaluation: [ 200/6156]  eta: 0:03:49    time: 0.0399  data: 0.0000  max mem: 5880
      ITM Evaluation: [ 300/6156]  eta: 0:03:46    time: 0.0404  data: 0.0000  max mem: 5880
      ITM Evaluation: [ 400/6156]  eta: 0:03:48    time: 0.0423  data: 0.0000  max mem: 5880
      ITM Evaluation: [ 500/6156]  eta: 0:03:48    time: 0.0436  data: 0.0000  max mem: 5880
      ITM Evaluation: [ 600/6156]  eta: 0:03:46    time: 0.0446  data: 0.0000  max mem: 5880
      ITM Evaluation: [ 700/6156]  eta: 0:03:43    time: 0.0444  data: 0.0000  max mem: 5880
      ITM Evaluation: [ 800/6156]  eta: 0:03:40    time: 0.0432  data: 0.0000  max mem: 5880
      ITM Evaluation: [ 900/6156]  eta: 0:03:37    time: 0.0456  data: 0.0000  max mem: 5880
      ITM Evaluation: [1000/6156]  eta: 0:03:33    time: 0.0418  data: 0.0000  max mem: 5880
      ITM Evaluation: [1100/6156]  eta: 0:03:32    time: 0.0489  data: 0.0000  max mem: 5880
      ITM Evaluation: [1200/6156]  eta: 0:03:30    time: 0.0521  data: 0.0000  max mem: 5880
      ITM Evaluation: [1300/6156]  eta: 0:03:27    time: 0.0468  data: 0.0000  max mem: 5880
      ITM Evaluation: [1400/6156]  eta: 0:03:25    time: 0.0517  data: 0.0000  max mem: 5880
      ITM Evaluation: [1500/6156]  eta: 0:03:22    time: 0.0430  data: 0.0000  max mem: 5880
      ITM Evaluation: [1600/6156]  eta: 0:03:19    time: 0.0457  data: 0.0000  max mem: 5880
      ITM Evaluation: [1700/6156]  eta: 0:03:17    time: 0.0435  data: 0.0000  max mem: 5880
      ITM Evaluation: [1800/6156]  eta: 0:03:12    time: 0.0432  data: 0.0000  max mem: 5880
      ITM Evaluation: [1900/6156]  eta: 0:03:07    time: 0.0412  data: 0.0000  max mem: 5880
      ITM Evaluation: [2000/6156]  eta: 0:03:02    time: 0.0418  data: 0.0000  max mem: 5880
      ITM Evaluation: [2100/6156]  eta: 0:02:57    time: 0.0417  data: 0.0000  max mem: 5880
      ITM Evaluation: [2200/6156]  eta: 0:02:53    time: 0.0413  data: 0.0000  max mem: 5880
      ITM Evaluation: [2300/6156]  eta: 0:02:48    time: 0.0466  data: 0.0000  max mem: 5880
      ITM Evaluation: [2400/6156]  eta: 0:02:43    time: 0.0404  data: 0.0000  max mem: 5880
      ITM Evaluation: [2500/6156]  eta: 0:02:39    time: 0.0461  data: 0.0000  max mem: 5880
      ITM Evaluation: [2600/6156]  eta: 0:02:35    time: 0.0477  data: 0.0000  max mem: 5880
      ITM Evaluation: [2700/6156]  eta: 0:02:31    time: 0.0477  data: 0.0000  max mem: 5880
      ITM Evaluation: [2800/6156]  eta: 0:02:27    time: 0.0470  data: 0.0000  max mem: 5880
      ITM Evaluation: [2900/6156]  eta: 0:02:24    time: 0.0519  data: 0.0000  max mem: 5880
      ITM Evaluation: [3000/6156]  eta: 0:02:19    time: 0.0405  data: 0.0000  max mem: 5880
      ITM Evaluation: [3100/6156]  eta: 0:02:15    time: 0.0445  data: 0.0000  max mem: 5880
      ITM Evaluation: [3200/6156]  eta: 0:02:10    time: 0.0403  data: 0.0000  max mem: 5880
      ITM Evaluation: [3300/6156]  eta: 0:02:06    time: 0.0435  data: 0.0000  max mem: 5880
      ITM Evaluation: [3400/6156]  eta: 0:02:01    time: 0.0399  data: 0.0000  max mem: 5880
      ITM Evaluation: [3500/6156]  eta: 0:01:56    time: 0.0403  data: 0.0000  max mem: 5880
      ITM Evaluation: [3600/6156]  eta: 0:01:52    time: 0.0426  data: 0.0000  max mem: 5880
      ITM Evaluation: [3700/6156]  eta: 0:01:47    time: 0.0415  data: 0.0000  max mem: 5880
      ITM Evaluation: [3800/6156]  eta: 0:01:43    time: 0.0488  data: 0.0000  max mem: 5880
      ITM Evaluation: [3900/6156]  eta: 0:01:39    time: 0.0504  data: 0.0000  max mem: 5880
      ITM Evaluation: [4000/6156]  eta: 0:01:35    time: 0.0411  data: 0.0000  max mem: 5880
      ITM Evaluation: [4100/6156]  eta: 0:01:30    time: 0.0401  data: 0.0000  max mem: 5880
      ITM Evaluation: [4200/6156]  eta: 0:01:25    time: 0.0393  data: 0.0000  max mem: 5880
      ITM Evaluation: [4300/6156]  eta: 0:01:21    time: 0.0418  data: 0.0000  max mem: 5880
      ITM Evaluation: [4400/6156]  eta: 0:01:17    time: 0.0395  data: 0.0000  max mem: 5880
      ITM Evaluation: [4500/6156]  eta: 0:01:12    time: 0.0441  data: 0.0000  max mem: 5880
      ITM Evaluation: [4600/6156]  eta: 0:01:08    time: 0.0427  data: 0.0000  max mem: 5880
      ITM Evaluation: [4700/6156]  eta: 0:01:03    time: 0.0433  data: 0.0000  max mem: 5880
      ITM Evaluation: [4800/6156]  eta: 0:00:59    time: 0.0476  data: 0.0000  max mem: 5880
      ITM Evaluation: [4900/6156]  eta: 0:00:55    time: 0.0486  data: 0.0000  max mem: 5880
      ITM Evaluation: [5000/6156]  eta: 0:00:50    time: 0.0446  data: 0.0000  max mem: 5880
      ITM Evaluation: [5100/6156]  eta: 0:00:46    time: 0.0442  data: 0.0000  max mem: 5880
      ITM Evaluation: [5200/6156]  eta: 0:00:42    time: 0.0448  data: 0.0000  max mem: 5880
      ITM Evaluation: [5300/6156]  eta: 0:00:37    time: 0.0400  data: 0.0000  max mem: 5880
      ITM Evaluation: [5400/6156]  eta: 0:00:33    time: 0.0439  data: 0.0000  max mem: 5880
      ITM Evaluation: [5500/6156]  eta: 0:00:28    time: 0.0428  data: 0.0000  max mem: 5880
      ITM Evaluation: [5600/6156]  eta: 0:00:24    time: 0.0442  data: 0.0000  max mem: 5880
      ITM Evaluation: [5700/6156]  eta: 0:00:19    time: 0.0443  data: 0.0000  max mem: 5880
      ITM Evaluation: [5800/6156]  eta: 0:00:15    time: 0.0516  data: 0.0000  max mem: 5880
      ITM Evaluation: [5900/6156]  eta: 0:00:11    time: 0.0548  data: 0.0000  max mem: 5880
      ITM Evaluation: [6000/6156]  eta: 0:00:06    time: 0.0503  data: 0.0000  max mem: 5880
      ITM Evaluation: [6100/6156]  eta: 0:00:02    time: 0.0468  data: 0.0000  max mem: 5880
      ITM Evaluation: [6155/6156]  eta: 0:00:00    time: 0.0387  data: 0.0000  max mem: 5880
      ITM Evaluation: Total time: 0:04:32 (0.0443 s / it)
     total_time 272.65442276000977
     Computing matching score time 0:04:32
### TTA ITM Score: 
+-------+--------+--------+--------+--------+--------+
| epoch |   R1   |   R5   |  R10   |  mAP   |  mINP  |
+-------+--------+--------+--------+--------+--------+
|  -999 | 70.760 | 87.378 | 92.268 | 63.849 | 48.174 |
|  -999 | 76.170 | 89.457 | 93.600 | 65.570 | 47.372 |
|   0   | 74.480 | 88.824 | 92.966 | 65.319 | 48.348 |
+-------+--------+--------+--------+--------+--------+
     logs:  {'epo': 0, 'R1': 74.48, 'R5': 88.824, 'R10': 92.966, 'mAP': 65.319, 'mINP': 48.348, 'lr': 0.000273, 'entropy': 0.616222, 'loss': 0.616222}
      TTA Epoch: [1] [  0/109]  eta: 0:01:14  lr: 0.000498  entropy: 0.3118  loss: 0.3118  time: 0.6847  data: 0.6053  max mem: 5880
      TTA Epoch: [1] [100/109]  eta: 0:00:00  lr: 0.000483  entropy: 0.1536  loss: 0.1536  time: 0.0507  data: 0.0001  max mem: 5880
      TTA Epoch: [1] [108/109]  eta: 0:00:00  lr: 0.000482  entropy: 0.1629  loss: 0.1629  time: 0.0463  data: 0.0001  max mem: 5880
      TTA Epoch: [1] Total time: 0:00:06 (0.0572 s / it)
     Averaged stats: lr: 0.0005  entropy: 0.2840  loss: 0.2840
     itm tta time 0:00:06
     Computing matching score
      ITM Evaluation: [   0/6156]  eta: 0:05:27    time: 0.0533  data: 0.0045  max mem: 5880
      ITM Evaluation: [ 100/6156]  eta: 0:04:21    time: 0.0421  data: 0.0000  max mem: 5880
      ITM Evaluation: [ 200/6156]  eta: 0:04:15    time: 0.0419  data: 0.0000  max mem: 5880
      ITM Evaluation: [ 300/6156]  eta: 0:04:08    time: 0.0407  data: 0.0000  max mem: 5880
      ITM Evaluation: [ 400/6156]  eta: 0:04:03    time: 0.0434  data: 0.0000  max mem: 5880
      ITM Evaluation: [ 500/6156]  eta: 0:04:01    time: 0.0463  data: 0.0000  max mem: 5880
      ITM Evaluation: [ 600/6156]  eta: 0:03:59    time: 0.0475  data: 0.0000  max mem: 5880
      ITM Evaluation: [ 700/6156]  eta: 0:04:00    time: 0.0496  data: 0.0000  max mem: 5880
      ITM Evaluation: [ 800/6156]  eta: 0:03:56    time: 0.0403  data: 0.0000  max mem: 5880
      ITM Evaluation: [ 900/6156]  eta: 0:03:49    time: 0.0402  data: 0.0000  max mem: 5880
      ITM Evaluation: [1000/6156]  eta: 0:03:45    time: 0.0452  data: 0.0000  max mem: 5880
      ITM Evaluation: [1100/6156]  eta: 0:03:40    time: 0.0421  data: 0.0000  max mem: 5880
      ITM Evaluation: [1200/6156]  eta: 0:03:35    time: 0.0436  data: 0.0000  max mem: 5880
      ITM Evaluation: [1300/6156]  eta: 0:03:31    time: 0.0467  data: 0.0000  max mem: 5880
      ITM Evaluation: [1400/6156]  eta: 0:03:27    time: 0.0466  data: 0.0000  max mem: 5880
      ITM Evaluation: [1500/6156]  eta: 0:03:22    time: 0.0410  data: 0.0000  max mem: 5880
      ITM Evaluation: [1600/6156]  eta: 0:03:18    time: 0.0499  data: 0.0000  max mem: 5880
      ITM Evaluation: [1700/6156]  eta: 0:03:15    time: 0.0478  data: 0.0000  max mem: 5880
      ITM Evaluation: [1800/6156]  eta: 0:03:10    time: 0.0421  data: 0.0000  max mem: 5880
      ITM Evaluation: [1900/6156]  eta: 0:03:06    time: 0.0423  data: 0.0000  max mem: 5880
      ITM Evaluation: [2000/6156]  eta: 0:03:01    time: 0.0422  data: 0.0000  max mem: 5880
      ITM Evaluation: [2100/6156]  eta: 0:02:56    time: 0.0409  data: 0.0000  max mem: 5880
      ITM Evaluation: [2200/6156]  eta: 0:02:52    time: 0.0436  data: 0.0000  max mem: 5880
      ITM Evaluation: [2300/6156]  eta: 0:02:48    time: 0.0433  data: 0.0000  max mem: 5880
      ITM Evaluation: [2400/6156]  eta: 0:02:43    time: 0.0447  data: 0.0000  max mem: 5880
      ITM Evaluation: [2500/6156]  eta: 0:02:39    time: 0.0422  data: 0.0000  max mem: 5880
      ITM Evaluation: [2600/6156]  eta: 0:02:35    time: 0.0489  data: 0.0000  max mem: 5880
      ITM Evaluation: [2700/6156]  eta: 0:02:31    time: 0.0496  data: 0.0000  max mem: 5880
      ITM Evaluation: [2800/6156]  eta: 0:02:27    time: 0.0429  data: 0.0000  max mem: 5880
      ITM Evaluation: [2900/6156]  eta: 0:02:23    time: 0.0423  data: 0.0000  max mem: 5880
      ITM Evaluation: [3000/6156]  eta: 0:02:18    time: 0.0429  data: 0.0000  max mem: 5880
      ITM Evaluation: [3100/6156]  eta: 0:02:13    time: 0.0427  data: 0.0000  max mem: 5880
      ITM Evaluation: [3200/6156]  eta: 0:02:09    time: 0.0412  data: 0.0000  max mem: 5880
      ITM Evaluation: [3300/6156]  eta: 0:02:04    time: 0.0427  data: 0.0000  max mem: 5880
      ITM Evaluation: [3400/6156]  eta: 0:02:00    time: 0.0451  data: 0.0000  max mem: 5880
      ITM Evaluation: [3500/6156]  eta: 0:01:56    time: 0.0434  data: 0.0000  max mem: 5880
      ITM Evaluation: [3600/6156]  eta: 0:01:52    time: 0.0486  data: 0.0000  max mem: 5880
      ITM Evaluation: [3700/6156]  eta: 0:01:48    time: 0.0444  data: 0.0000  max mem: 5880
      ITM Evaluation: [3800/6156]  eta: 0:01:43    time: 0.0428  data: 0.0000  max mem: 5880
      ITM Evaluation: [3900/6156]  eta: 0:01:39    time: 0.0732  data: 0.0000  max mem: 5880
      ITM Evaluation: [4000/6156]  eta: 0:01:34    time: 0.0359  data: 0.0000  max mem: 5880
      ITM Evaluation: [4100/6156]  eta: 0:01:30    time: 0.0348  data: 0.0000  max mem: 5880
      ITM Evaluation: [4200/6156]  eta: 0:01:25    time: 0.0338  data: 0.0000  max mem: 5880
      ITM Evaluation: [4300/6156]  eta: 0:01:20    time: 0.0357  data: 0.0000  max mem: 5880
      ITM Evaluation: [4400/6156]  eta: 0:01:15    time: 0.0343  data: 0.0000  max mem: 5880
      ITM Evaluation: [4500/6156]  eta: 0:01:11    time: 0.0344  data: 0.0000  max mem: 5880
      ITM Evaluation: [4600/6156]  eta: 0:01:06    time: 0.0345  data: 0.0000  max mem: 5880
      ITM Evaluation: [4700/6156]  eta: 0:01:02    time: 0.0390  data: 0.0000  max mem: 5880
      ITM Evaluation: [4800/6156]  eta: 0:00:57    time: 0.0349  data: 0.0000  max mem: 5880
      ITM Evaluation: [4900/6156]  eta: 0:00:53    time: 0.0668  data: 0.0000  max mem: 5880
      ITM Evaluation: [5000/6156]  eta: 0:00:49    time: 0.0359  data: 0.0000  max mem: 5880
      ITM Evaluation: [5100/6156]  eta: 0:00:44    time: 0.0409  data: 0.0000  max mem: 5880
      ITM Evaluation: [5200/6156]  eta: 0:00:40    time: 0.0354  data: 0.0000  max mem: 5880
      ITM Evaluation: [5300/6156]  eta: 0:00:36    time: 0.0359  data: 0.0000  max mem: 5880
      ITM Evaluation: [5400/6156]  eta: 0:00:31    time: 0.0361  data: 0.0000  max mem: 5880
      ITM Evaluation: [5500/6156]  eta: 0:00:27    time: 0.0352  data: 0.0000  max mem: 5880
      ITM Evaluation: [5600/6156]  eta: 0:00:23    time: 0.0507  data: 0.0000  max mem: 5880
      ITM Evaluation: [5700/6156]  eta: 0:00:19    time: 0.0519  data: 0.0000  max mem: 5880
      ITM Evaluation: [5800/6156]  eta: 0:00:15    time: 0.0532  data: 0.0000  max mem: 5880
      ITM Evaluation: [5900/6156]  eta: 0:00:10    time: 0.0457  data: 0.0000  max mem: 5880
      ITM Evaluation: [6000/6156]  eta: 0:00:06    time: 0.0464  data: 0.0000  max mem: 5880
      ITM Evaluation: [6100/6156]  eta: 0:00:02    time: 0.0460  data: 0.0000  max mem: 5880
      ITM Evaluation: [6155/6156]  eta: 0:00:00    time: 0.0442  data: 0.0000  max mem: 5880
      ITM Evaluation: Total time: 0:04:22 (0.0426 s / it)
     total_time 262.23648595809937
     Computing matching score time 0:04:22
### TTA ITM Score: 
+-------+--------+--------+--------+--------+--------+
| epoch |   R1   |   R5   |  R10   |  mAP   |  mINP  |
+-------+--------+--------+--------+--------+--------+
|  -999 | 70.760 | 87.378 | 92.268 | 63.849 | 48.174 |
|  -999 | 76.170 | 89.457 | 93.600 | 65.570 | 47.372 |
|   0   | 74.480 | 88.824 | 92.966 | 65.319 | 48.348 |
|   1   | 73.944 | 88.710 | 92.901 | 65.016 | 48.086 |
+-------+--------+--------+--------+--------+--------+
     logs:  {'epo': 1, 'R1': 73.944, 'R5': 88.71, 'R10': 92.901, 'mAP': 65.016, 'mINP': 48.086, 'lr': 0.00049, 'entropy': 0.28402, 'loss': 0.28402}
      TTA Epoch: [2] [  0/109]  eta: 0:01:31  lr: 0.000481  entropy: 0.2204  loss: 0.2204  time: 0.8367  data: 0.7263  max mem: 5880
      TTA Epoch: [2] [100/109]  eta: 0:00:00  lr: 0.000466  entropy: 0.2346  loss: 0.2346  time: 0.0662  data: 0.0003  max mem: 5880
      TTA Epoch: [2] [108/109]  eta: 0:00:00  lr: 0.000465  entropy: 0.1350  loss: 0.1350  time: 0.0602  data: 0.0003  max mem: 5880
      TTA Epoch: [2] Total time: 0:00:08 (0.0770 s / it)
     Averaged stats: lr: 0.0005  entropy: 0.2353  loss: 0.2353
     itm tta time 0:00:08
     Computing matching score
      ITM Evaluation: [   0/6156]  eta: 0:08:03    time: 0.0786  data: 0.0104  max mem: 5880
      ITM Evaluation: [ 100/6156]  eta: 0:04:59    time: 0.0521  data: 0.0000  max mem: 5880
      ITM Evaluation: [ 200/6156]  eta: 0:04:59    time: 0.0530  data: 0.0000  max mem: 5880
      ITM Evaluation: [ 300/6156]  eta: 0:04:48    time: 0.0452  data: 0.0000  max mem: 5880
      ITM Evaluation: [ 400/6156]  eta: 0:04:40    time: 0.0443  data: 0.0000  max mem: 5880
      ITM Evaluation: [ 500/6156]  eta: 0:04:28    time: 0.0432  data: 0.0000  max mem: 5880
      ITM Evaluation: [ 600/6156]  eta: 0:04:19    time: 0.0415  data: 0.0000  max mem: 5880
      ITM Evaluation: [ 700/6156]  eta: 0:04:12    time: 0.0439  data: 0.0000  max mem: 5880
      ITM Evaluation: [ 800/6156]  eta: 0:04:06    time: 0.0440  data: 0.0000  max mem: 5880
      ITM Evaluation: [ 900/6156]  eta: 0:04:00    time: 0.0433  data: 0.0000  max mem: 5880
      ITM Evaluation: [1000/6156]  eta: 0:03:54    time: 0.0437  data: 0.0000  max mem: 5880
      ITM Evaluation: [1100/6156]  eta: 0:03:48    time: 0.0404  data: 0.0000  max mem: 5880
      ITM Evaluation: [1200/6156]  eta: 0:03:43    time: 0.0511  data: 0.0000  max mem: 5880
      ITM Evaluation: [1300/6156]  eta: 0:03:40    time: 0.0481  data: 0.0000  max mem: 5880
      ITM Evaluation: [1400/6156]  eta: 0:03:37    time: 0.0521  data: 0.0000  max mem: 5880
      ITM Evaluation: [1500/6156]  eta: 0:03:31    time: 0.0429  data: 0.0000  max mem: 5880
      ITM Evaluation: [1600/6156]  eta: 0:03:26    time: 0.0430  data: 0.0000  max mem: 5880
      ITM Evaluation: [1700/6156]  eta: 0:03:20    time: 0.0458  data: 0.0000  max mem: 5880
      ITM Evaluation: [1800/6156]  eta: 0:03:15    time: 0.0424  data: 0.0000  max mem: 5880
      ITM Evaluation: [1900/6156]  eta: 0:03:10    time: 0.0404  data: 0.0000  max mem: 5880
      ITM Evaluation: [2000/6156]  eta: 0:03:05    time: 0.0409  data: 0.0000  max mem: 5880
      ITM Evaluation: [2100/6156]  eta: 0:03:00    time: 0.0422  data: 0.0000  max mem: 5880
      ITM Evaluation: [2200/6156]  eta: 0:02:56    time: 0.0448  data: 0.0000  max mem: 5880
      ITM Evaluation: [2300/6156]  eta: 0:02:53    time: 0.0530  data: 0.0000  max mem: 5880
      ITM Evaluation: [2400/6156]  eta: 0:02:49    time: 0.0483  data: 0.0000  max mem: 5880
      ITM Evaluation: [2500/6156]  eta: 0:02:44    time: 0.0416  data: 0.0000  max mem: 5880
      ITM Evaluation: [2600/6156]  eta: 0:02:39    time: 0.0422  data: 0.0000  max mem: 5880
      ITM Evaluation: [2700/6156]  eta: 0:02:34    time: 0.0417  data: 0.0000  max mem: 5880
      ITM Evaluation: [2800/6156]  eta: 0:02:29    time: 0.0422  data: 0.0000  max mem: 5880
      ITM Evaluation: [2900/6156]  eta: 0:02:25    time: 0.0411  data: 0.0000  max mem: 5880
      ITM Evaluation: [3000/6156]  eta: 0:02:20    time: 0.0439  data: 0.0000  max mem: 5880
      ITM Evaluation: [3100/6156]  eta: 0:02:15    time: 0.0405  data: 0.0000  max mem: 5880
      ITM Evaluation: [3200/6156]  eta: 0:02:11    time: 0.0498  data: 0.0000  max mem: 5880
      ITM Evaluation: [3300/6156]  eta: 0:02:07    time: 0.0474  data: 0.0000  max mem: 5880
      ITM Evaluation: [3400/6156]  eta: 0:02:03    time: 0.0406  data: 0.0000  max mem: 5880
      ITM Evaluation: [3500/6156]  eta: 0:01:59    time: 0.0491  data: 0.0000  max mem: 5880
      ITM Evaluation: [3600/6156]  eta: 0:01:55    time: 0.0542  data: 0.0000  max mem: 5880
      ITM Evaluation: [3700/6156]  eta: 0:01:50    time: 0.0423  data: 0.0000  max mem: 5880
      ITM Evaluation: [3800/6156]  eta: 0:01:45    time: 0.0418  data: 0.0000  max mem: 5880
      ITM Evaluation: [3900/6156]  eta: 0:01:41    time: 0.0439  data: 0.0000  max mem: 5880
      ITM Evaluation: [4000/6156]  eta: 0:01:36    time: 0.0426  data: 0.0000  max mem: 5880
      ITM Evaluation: [4100/6156]  eta: 0:01:32    time: 0.0430  data: 0.0000  max mem: 5880
      ITM Evaluation: [4200/6156]  eta: 0:01:27    time: 0.0434  data: 0.0000  max mem: 5880
      ITM Evaluation: [4300/6156]  eta: 0:01:23    time: 0.0422  data: 0.0000  max mem: 5880
      ITM Evaluation: [4400/6156]  eta: 0:01:18    time: 0.0428  data: 0.0000  max mem: 5880
      ITM Evaluation: [4500/6156]  eta: 0:01:14    time: 0.0452  data: 0.0000  max mem: 5880
      ITM Evaluation: [4600/6156]  eta: 0:01:09    time: 0.0455  data: 0.0000  max mem: 5880
      ITM Evaluation: [4700/6156]  eta: 0:01:05    time: 0.0434  data: 0.0000  max mem: 5880
      ITM Evaluation: [4800/6156]  eta: 0:01:00    time: 0.0427  data: 0.0000  max mem: 5880
      ITM Evaluation: [4900/6156]  eta: 0:00:56    time: 0.0414  data: 0.0000  max mem: 5880
      ITM Evaluation: [5000/6156]  eta: 0:00:51    time: 0.0411  data: 0.0000  max mem: 5880
      ITM Evaluation: [5100/6156]  eta: 0:00:47    time: 0.0415  data: 0.0000  max mem: 5880
      ITM Evaluation: [5200/6156]  eta: 0:00:42    time: 0.0426  data: 0.0000  max mem: 5880
      ITM Evaluation: [5300/6156]  eta: 0:00:38    time: 0.0416  data: 0.0000  max mem: 5880
      ITM Evaluation: [5400/6156]  eta: 0:00:33    time: 0.0410  data: 0.0000  max mem: 5880
      ITM Evaluation: [5500/6156]  eta: 0:00:29    time: 0.0457  data: 0.0000  max mem: 5880
      ITM Evaluation: [5600/6156]  eta: 0:00:24    time: 0.0478  data: 0.0000  max mem: 5880
      ITM Evaluation: [5700/6156]  eta: 0:00:20    time: 0.0498  data: 0.0000  max mem: 5880
      ITM Evaluation: [5800/6156]  eta: 0:00:15    time: 0.0427  data: 0.0000  max mem: 5880
      ITM Evaluation: [5900/6156]  eta: 0:00:11    time: 0.0430  data: 0.0000  max mem: 5880
      ITM Evaluation: [6000/6156]  eta: 0:00:06    time: 0.0414  data: 0.0000  max mem: 5880
      ITM Evaluation: [6100/6156]  eta: 0:00:02    time: 0.0416  data: 0.0000  max mem: 5880
      ITM Evaluation: [6155/6156]  eta: 0:00:00    time: 0.0404  data: 0.0000  max mem: 5880
      ITM Evaluation: Total time: 0:04:33 (0.0445 s / it)
     total_time 274.0382194519043
     Computing matching score time 0:04:34
### TTA ITM Score: 
+-------+--------+--------+--------+--------+--------+
| epoch |   R1   |   R5   |  R10   |  mAP   |  mINP  |
+-------+--------+--------+--------+--------+--------+
|  -999 | 70.760 | 87.378 | 92.268 | 63.849 | 48.174 |
|  -999 | 76.170 | 89.457 | 93.600 | 65.570 | 47.372 |
|   0   | 74.480 | 88.824 | 92.966 | 65.319 | 48.348 |
|   1   | 73.944 | 88.710 | 92.901 | 65.016 | 48.086 |
|   2   | 73.700 | 88.710 | 93.015 | 64.844 | 47.881 |
+-------+--------+--------+--------+--------+--------+
     logs:  {'epo': 2, 'R1': 73.7, 'R5': 88.71, 'R10': 93.015, 'mAP': 64.844, 'mINP': 47.881, 'lr': 0.000473, 'entropy': 0.235341, 'loss': 0.235341}
      TTA Epoch: [3] [  0/109]  eta: 0:01:13  lr: 0.000464  entropy: 0.1792  loss: 0.1792  time: 0.6707  data: 0.5784  max mem: 5880
      TTA Epoch: [3] [100/109]  eta: 0:00:00  lr: 0.000224  entropy: 0.3270  loss: 0.3270  time: 0.0530  data: 0.0003  max mem: 5880
      TTA Epoch: [3] [108/109]  eta: 0:00:00  lr: 0.000224  entropy: 0.2186  loss: 0.2186  time: 0.0474  data: 0.0003  max mem: 5880
      TTA Epoch: [3] Total time: 0:00:06 (0.0582 s / it)
     Averaged stats: lr: 0.0004  entropy: 0.2137  loss: 0.2137
     itm tta time 0:00:06
     Computing matching score
      ITM Evaluation: [   0/6156]  eta: 0:05:00    time: 0.0488  data: 0.0042  max mem: 5880
      ITM Evaluation: [ 100/6156]  eta: 0:04:18    time: 0.0433  data: 0.0000  max mem: 5880
      ITM Evaluation: [ 200/6156]  eta: 0:04:25    time: 0.0447  data: 0.0000  max mem: 5880
      ITM Evaluation: [ 300/6156]  eta: 0:04:26    time: 0.0472  data: 0.0000  max mem: 5880
      ITM Evaluation: [ 400/6156]  eta: 0:04:19    time: 0.0401  data: 0.0000  max mem: 5880
      ITM Evaluation: [ 500/6156]  eta: 0:04:10    time: 0.0432  data: 0.0000  max mem: 5880
      ITM Evaluation: [ 600/6156]  eta: 0:04:03    time: 0.0410  data: 0.0000  max mem: 5880
      ITM Evaluation: [ 700/6156]  eta: 0:03:56    time: 0.0403  data: 0.0000  max mem: 5880
      ITM Evaluation: [ 800/6156]  eta: 0:03:51    time: 0.0411  data: 0.0000  max mem: 5880
      ITM Evaluation: [ 900/6156]  eta: 0:03:46    time: 0.0435  data: 0.0000  max mem: 5880
      ITM Evaluation: [1000/6156]  eta: 0:03:41    time: 0.0421  data: 0.0000  max mem: 5880
      ITM Evaluation: [1100/6156]  eta: 0:03:37    time: 0.0437  data: 0.0000  max mem: 5880
      ITM Evaluation: [1200/6156]  eta: 0:03:34    time: 0.0499  data: 0.0000  max mem: 5880
      ITM Evaluation: [1300/6156]  eta: 0:03:32    time: 0.0470  data: 0.0000  max mem: 5880
      ITM Evaluation: [1400/6156]  eta: 0:03:29    time: 0.0423  data: 0.0000  max mem: 5880
      ITM Evaluation: [1500/6156]  eta: 0:03:23    time: 0.0423  data: 0.0000  max mem: 5880
      ITM Evaluation: [1600/6156]  eta: 0:03:19    time: 0.0419  data: 0.0000  max mem: 5880
      ITM Evaluation: [1700/6156]  eta: 0:03:14    time: 0.0390  data: 0.0000  max mem: 5880
      ITM Evaluation: [1800/6156]  eta: 0:03:09    time: 0.0390  data: 0.0000  max mem: 5880
      ITM Evaluation: [1900/6156]  eta: 0:03:04    time: 0.0421  data: 0.0000  max mem: 5880
      ITM Evaluation: [2000/6156]  eta: 0:03:00    time: 0.0447  data: 0.0000  max mem: 5880
      ITM Evaluation: [2100/6156]  eta: 0:02:55    time: 0.0445  data: 0.0000  max mem: 5880
      ITM Evaluation: [2200/6156]  eta: 0:02:51    time: 0.0499  data: 0.0000  max mem: 5880
      ITM Evaluation: [2300/6156]  eta: 0:02:48    time: 0.0542  data: 0.0000  max mem: 5880
      ITM Evaluation: [2400/6156]  eta: 0:02:44    time: 0.0432  data: 0.0000  max mem: 5880
      ITM Evaluation: [2500/6156]  eta: 0:02:40    time: 0.0435  data: 0.0000  max mem: 5880
      ITM Evaluation: [2600/6156]  eta: 0:02:35    time: 0.0435  data: 0.0000  max mem: 5880
      ITM Evaluation: [2700/6156]  eta: 0:02:30    time: 0.0435  data: 0.0000  max mem: 5880
      ITM Evaluation: [2800/6156]  eta: 0:02:26    time: 0.0457  data: 0.0000  max mem: 5880
      ITM Evaluation: [2900/6156]  eta: 0:02:22    time: 0.0471  data: 0.0000  max mem: 5880
      ITM Evaluation: [3000/6156]  eta: 0:02:17    time: 0.0449  data: 0.0000  max mem: 5880
      ITM Evaluation: [3100/6156]  eta: 0:02:13    time: 0.0438  data: 0.0000  max mem: 5880
      ITM Evaluation: [3200/6156]  eta: 0:02:09    time: 0.0483  data: 0.0000  max mem: 5880
      ITM Evaluation: [3300/6156]  eta: 0:02:05    time: 0.0472  data: 0.0000  max mem: 5880
      ITM Evaluation: [3400/6156]  eta: 0:02:01    time: 0.0389  data: 0.0000  max mem: 5880
      ITM Evaluation: [3500/6156]  eta: 0:01:56    time: 0.0435  data: 0.0000  max mem: 5880
      ITM Evaluation: [3600/6156]  eta: 0:01:52    time: 0.0410  data: 0.0000  max mem: 5880
      ITM Evaluation: [3700/6156]  eta: 0:01:47    time: 0.0409  data: 0.0000  max mem: 5880
      ITM Evaluation: [3800/6156]  eta: 0:01:43    time: 0.0446  data: 0.0000  max mem: 5880
      ITM Evaluation: [3900/6156]  eta: 0:01:38    time: 0.0429  data: 0.0000  max mem: 5880
      ITM Evaluation: [4000/6156]  eta: 0:01:34    time: 0.0420  data: 0.0000  max mem: 5880
      ITM Evaluation: [4100/6156]  eta: 0:01:29    time: 0.0432  data: 0.0000  max mem: 5880
      ITM Evaluation: [4200/6156]  eta: 0:01:25    time: 0.0479  data: 0.0000  max mem: 5880
      ITM Evaluation: [4300/6156]  eta: 0:01:21    time: 0.0511  data: 0.0000  max mem: 5880
      ITM Evaluation: [4400/6156]  eta: 0:01:17    time: 0.0401  data: 0.0000  max mem: 5880
      ITM Evaluation: [4500/6156]  eta: 0:01:12    time: 0.0415  data: 0.0000  max mem: 5880
      ITM Evaluation: [4600/6156]  eta: 0:01:08    time: 0.0424  data: 0.0000  max mem: 5880
      ITM Evaluation: [4700/6156]  eta: 0:01:03    time: 0.0413  data: 0.0000  max mem: 5880
      ITM Evaluation: [4800/6156]  eta: 0:00:59    time: 0.0427  data: 0.0000  max mem: 5880
      ITM Evaluation: [4900/6156]  eta: 0:00:54    time: 0.0435  data: 0.0000  max mem: 5880
      ITM Evaluation: [5000/6156]  eta: 0:00:50    time: 0.0437  data: 0.0000  max mem: 5880
      ITM Evaluation: [5100/6156]  eta: 0:00:46    time: 0.0431  data: 0.0000  max mem: 5880
      ITM Evaluation: [5200/6156]  eta: 0:00:41    time: 0.0459  data: 0.0000  max mem: 5880
      ITM Evaluation: [5300/6156]  eta: 0:00:37    time: 0.0519  data: 0.0000  max mem: 5880
      ITM Evaluation: [5400/6156]  eta: 0:00:33    time: 0.0423  data: 0.0000  max mem: 5880
      ITM Evaluation: [5500/6156]  eta: 0:00:28    time: 0.0458  data: 0.0000  max mem: 5880
      ITM Evaluation: [5600/6156]  eta: 0:00:24    time: 0.0420  data: 0.0000  max mem: 5880
      ITM Evaluation: [5700/6156]  eta: 0:00:20    time: 0.0445  data: 0.0000  max mem: 5880
      ITM Evaluation: [5800/6156]  eta: 0:00:15    time: 0.0410  data: 0.0000  max mem: 5880
      ITM Evaluation: [5900/6156]  eta: 0:00:11    time: 0.0415  data: 0.0000  max mem: 5880
      ITM Evaluation: [6000/6156]  eta: 0:00:06    time: 0.0441  data: 0.0000  max mem: 5880
      ITM Evaluation: [6100/6156]  eta: 0:00:02    time: 0.0431  data: 0.0000  max mem: 5880
      ITM Evaluation: [6155/6156]  eta: 0:00:00    time: 0.0462  data: 0.0000  max mem: 5880
      ITM Evaluation: Total time: 0:04:29 (0.0438 s / it)
     total_time 269.8892207145691
     Computing matching score time 0:04:29
### TTA ITM Score: 
+-------+--------+--------+--------+--------+--------+
| epoch |   R1   |   R5   |  R10   |  mAP   |  mINP  |
+-------+--------+--------+--------+--------+--------+
|  -999 | 70.760 | 87.378 | 92.268 | 63.849 | 48.174 |
|  -999 | 76.170 | 89.457 | 93.600 | 65.570 | 47.372 |
|   0   | 74.480 | 88.824 | 92.966 | 65.319 | 48.348 |
|   1   | 73.944 | 88.710 | 92.901 | 65.016 | 48.086 |
|   2   | 73.700 | 88.710 | 93.015 | 64.844 | 47.881 |
|   3   | 73.408 | 88.791 | 92.723 | 64.421 | 46.985 |
+-------+--------+--------+--------+--------+--------+
     logs:  {'epo': 3, 'R1': 73.408, 'R5': 88.791, 'R10': 92.723, 'mAP': 64.421, 'mINP': 46.985, 'lr': 0.00038, 'entropy': 0.213729, 'loss': 0.213729}
      TTA Epoch: [4] [  0/109]  eta: 0:01:20  lr: 0.000224  entropy: 0.1827  loss: 0.1827  time: 0.7363  data: 0.6342  max mem: 5880
      TTA Epoch: [4] [100/109]  eta: 0:00:00  lr: 0.000216  entropy: 0.1345  loss: 0.1345  time: 0.0507  data: 0.0001  max mem: 5880
      TTA Epoch: [4] [108/109]  eta: 0:00:00  lr: 0.000215  entropy: 0.1757  loss: 0.1757  time: 0.0464  data: 0.0001  max mem: 5880
      TTA Epoch: [4] Total time: 0:00:07 (0.0675 s / it)
     Averaged stats: lr: 0.0002  entropy: 0.1893  loss: 0.1893
     itm tta time 0:00:07
     Computing matching score
      ITM Evaluation: [   0/6156]  eta: 0:04:59    time: 0.0487  data: 0.0043  max mem: 5880
      ITM Evaluation: [ 100/6156]  eta: 0:04:16    time: 0.0407  data: 0.0000  max mem: 5880
      ITM Evaluation: [ 200/6156]  eta: 0:04:12    time: 0.0429  data: 0.0000  max mem: 5880
      ITM Evaluation: [ 300/6156]  eta: 0:04:04    time: 0.0429  data: 0.0000  max mem: 5880
      ITM Evaluation: [ 400/6156]  eta: 0:04:03    time: 0.0453  data: 0.0000  max mem: 5880
      ITM Evaluation: [ 500/6156]  eta: 0:04:00    time: 0.0422  data: 0.0000  max mem: 5880
      ITM Evaluation: [ 600/6156]  eta: 0:03:57    time: 0.0469  data: 0.0000  max mem: 5880
      ITM Evaluation: [ 700/6156]  eta: 0:03:54    time: 0.0436  data: 0.0000  max mem: 5880
      ITM Evaluation: [ 800/6156]  eta: 0:03:54    time: 0.0531  data: 0.0000  max mem: 5880
      ITM Evaluation: [ 900/6156]  eta: 0:03:53    time: 0.0518  data: 0.0000  max mem: 5880
      ITM Evaluation: [1000/6156]  eta: 0:03:48    time: 0.0429  data: 0.0000  max mem: 5880
      ITM Evaluation: [1100/6156]  eta: 0:03:43    time: 0.0433  data: 0.0000  max mem: 5880
      ITM Evaluation: [1200/6156]  eta: 0:03:39    time: 0.0441  data: 0.0000  max mem: 5880
      ITM Evaluation: [1300/6156]  eta: 0:03:34    time: 0.0417  data: 0.0000  max mem: 5880
      ITM Evaluation: [1400/6156]  eta: 0:03:30    time: 0.0449  data: 0.0000  max mem: 5880
      ITM Evaluation: [1500/6156]  eta: 0:03:26    time: 0.0464  data: 0.0000  max mem: 5880
      ITM Evaluation: [1600/6156]  eta: 0:03:21    time: 0.0475  data: 0.0000  max mem: 5880
      ITM Evaluation: [1700/6156]  eta: 0:03:17    time: 0.0519  data: 0.0000  max mem: 5880
      ITM Evaluation: [1800/6156]  eta: 0:03:14    time: 0.0493  data: 0.0000  max mem: 5880
      ITM Evaluation: [1900/6156]  eta: 0:03:10    time: 0.0435  data: 0.0000  max mem: 5880
      ITM Evaluation: [2000/6156]  eta: 0:03:07    time: 0.0455  data: 0.0000  max mem: 5880
      ITM Evaluation: [2100/6156]  eta: 0:03:03    time: 0.0471  data: 0.0000  max mem: 5880
      ITM Evaluation: [2200/6156]  eta: 0:02:58    time: 0.0429  data: 0.0000  max mem: 5880
      ITM Evaluation: [2300/6156]  eta: 0:02:53    time: 0.0454  data: 0.0000  max mem: 5880
      ITM Evaluation: [2400/6156]  eta: 0:02:49    time: 0.0481  data: 0.0000  max mem: 5880
      ITM Evaluation: [2500/6156]  eta: 0:02:44    time: 0.0445  data: 0.0000  max mem: 5880
      ITM Evaluation: [2600/6156]  eta: 0:02:39    time: 0.0411  data: 0.0000  max mem: 5880
      ITM Evaluation: [2700/6156]  eta: 0:02:34    time: 0.0402  data: 0.0000  max mem: 5880
      ITM Evaluation: [2800/6156]  eta: 0:02:30    time: 0.0437  data: 0.0000  max mem: 5880
      ITM Evaluation: [2900/6156]  eta: 0:02:25    time: 0.0427  data: 0.0000  max mem: 5880
      ITM Evaluation: [3000/6156]  eta: 0:02:21    time: 0.0451  data: 0.0000  max mem: 5880
      ITM Evaluation: [3100/6156]  eta: 0:02:17    time: 0.0471  data: 0.0000  max mem: 5880
      ITM Evaluation: [3200/6156]  eta: 0:02:12    time: 0.0444  data: 0.0000  max mem: 5880
      ITM Evaluation: [3300/6156]  eta: 0:02:08    time: 0.0440  data: 0.0000  max mem: 5880
      ITM Evaluation: [3400/6156]  eta: 0:02:03    time: 0.0409  data: 0.0000  max mem: 5880
      ITM Evaluation: [3500/6156]  eta: 0:01:58    time: 0.0437  data: 0.0000  max mem: 5880
      ITM Evaluation: [3600/6156]  eta: 0:01:54    time: 0.0438  data: 0.0000  max mem: 5880
      ITM Evaluation: [3700/6156]  eta: 0:01:49    time: 0.0448  data: 0.0000  max mem: 5880
      ITM Evaluation: [3800/6156]  eta: 0:01:45    time: 0.0438  data: 0.0000  max mem: 5880
      ITM Evaluation: [3900/6156]  eta: 0:01:40    time: 0.0419  data: 0.0000  max mem: 5880
      ITM Evaluation: [4000/6156]  eta: 0:01:36    time: 0.0495  data: 0.0000  max mem: 5880
      ITM Evaluation: [4100/6156]  eta: 0:01:32    time: 0.0555  data: 0.0000  max mem: 5880
      ITM Evaluation: [4200/6156]  eta: 0:01:27    time: 0.0433  data: 0.0000  max mem: 5880
      ITM Evaluation: [4300/6156]  eta: 0:01:23    time: 0.0449  data: 0.0000  max mem: 5880
      ITM Evaluation: [4400/6156]  eta: 0:01:18    time: 0.0468  data: 0.0000  max mem: 5880
      ITM Evaluation: [4500/6156]  eta: 0:01:14    time: 0.0447  data: 0.0000  max mem: 5880
      ITM Evaluation: [4600/6156]  eta: 0:01:09    time: 0.0425  data: 0.0000  max mem: 5880
      ITM Evaluation: [4700/6156]  eta: 0:01:05    time: 0.0419  data: 0.0000  max mem: 5880
      ITM Evaluation: [4800/6156]  eta: 0:01:00    time: 0.0414  data: 0.0000  max mem: 5880
      ITM Evaluation: [4900/6156]  eta: 0:00:56    time: 0.0539  data: 0.0000  max mem: 5880
      ITM Evaluation: [5000/6156]  eta: 0:00:51    time: 0.0451  data: 0.0000  max mem: 5880
      ITM Evaluation: [5100/6156]  eta: 0:00:47    time: 0.0498  data: 0.0000  max mem: 5880
      ITM Evaluation: [5200/6156]  eta: 0:00:42    time: 0.0437  data: 0.0000  max mem: 5880
      ITM Evaluation: [5300/6156]  eta: 0:00:38    time: 0.0416  data: 0.0000  max mem: 5880
      ITM Evaluation: [5400/6156]  eta: 0:00:33    time: 0.0430  data: 0.0000  max mem: 5880
      ITM Evaluation: [5500/6156]  eta: 0:00:29    time: 0.0442  data: 0.0000  max mem: 5880
      ITM Evaluation: [5600/6156]  eta: 0:00:24    time: 0.0417  data: 0.0000  max mem: 5880
      ITM Evaluation: [5700/6156]  eta: 0:00:20    time: 0.0485  data: 0.0000  max mem: 5880
      ITM Evaluation: [5800/6156]  eta: 0:00:15    time: 0.0418  data: 0.0000  max mem: 5880
      ITM Evaluation: [5900/6156]  eta: 0:00:11    time: 0.0609  data: 0.0000  max mem: 5880
      ITM Evaluation: [6000/6156]  eta: 0:00:06    time: 0.0537  data: 0.0000  max mem: 5880
      ITM Evaluation: [6100/6156]  eta: 0:00:02    time: 0.0457  data: 0.0000  max mem: 5880
      ITM Evaluation: [6155/6156]  eta: 0:00:00    time: 0.0430  data: 0.0000  max mem: 5880
      ITM Evaluation: Total time: 0:04:35 (0.0448 s / it)
     total_time 276.06838178634644
     Computing matching score time 0:04:36
### TTA ITM Score: 
+-------+--------+--------+--------+--------+--------+
| epoch |   R1   |   R5   |  R10   |  mAP   |  mINP  |
+-------+--------+--------+--------+--------+--------+
|  -999 | 70.760 | 87.378 | 92.268 | 63.849 | 48.174 |
|  -999 | 76.170 | 89.457 | 93.600 | 65.570 | 47.372 |
|   0   | 74.480 | 88.824 | 92.966 | 65.319 | 48.348 |
|   1   | 73.944 | 88.710 | 92.901 | 65.016 | 48.086 |
|   2   | 73.700 | 88.710 | 93.015 | 64.844 | 47.881 |
|   3   | 73.408 | 88.791 | 92.723 | 64.421 | 46.985 |
|   4   | 73.538 | 88.629 | 92.804 | 64.421 | 47.075 |
+-------+--------+--------+--------+--------+--------+
     logs:  {'epo': 4, 'R1': 73.538, 'R5': 88.629, 'R10': 92.804, 'mAP': 64.421, 'mINP': 47.075, 'lr': 0.000219, 'entropy': 0.189316, 'loss': 0.189316}
      TTA Epoch: [5] [  0/109]  eta: 0:01:16  lr: 0.000215  entropy: 0.1205  loss: 0.1205  time: 0.7058  data: 0.6247  max mem: 5880
      TTA Epoch: [5] [100/109]  eta: 0:00:00  lr: 0.000207  entropy: 0.0737  loss: 0.0737  time: 0.0551  data: 0.0002  max mem: 5880
      TTA Epoch: [5] [108/109]  eta: 0:00:00  lr: 0.000207  entropy: 0.1531  loss: 0.1531  time: 0.0494  data: 0.0002  max mem: 5880
      TTA Epoch: [5] Total time: 0:00:06 (0.0599 s / it)
     Averaged stats: lr: 0.0002  entropy: 0.1876  loss: 0.1876
     itm tta time 0:00:06
     Computing matching score
      ITM Evaluation: [   0/6156]  eta: 0:04:16    time: 0.0417  data: 0.0041  max mem: 5880
      ITM Evaluation: [ 100/6156]  eta: 0:04:24    time: 0.0424  data: 0.0000  max mem: 5880
      ITM Evaluation: [ 200/6156]  eta: 0:04:22    time: 0.0426  data: 0.0000  max mem: 5880
      ITM Evaluation: [ 300/6156]  eta: 0:04:17    time: 0.0447  data: 0.0000  max mem: 5880
      ITM Evaluation: [ 400/6156]  eta: 0:04:13    time: 0.0427  data: 0.0000  max mem: 5880
      ITM Evaluation: [ 500/6156]  eta: 0:04:08    time: 0.0448  data: 0.0000  max mem: 5880
      ITM Evaluation: [ 600/6156]  eta: 0:04:09    time: 0.0468  data: 0.0000  max mem: 5880
      ITM Evaluation: [ 700/6156]  eta: 0:04:08    time: 0.0531  data: 0.0000  max mem: 5880
      ITM Evaluation: [ 800/6156]  eta: 0:04:02    time: 0.0432  data: 0.0000  max mem: 5880
      ITM Evaluation: [ 900/6156]  eta: 0:03:57    time: 0.0445  data: 0.0000  max mem: 5880
      ITM Evaluation: [1000/6156]  eta: 0:03:52    time: 0.0448  data: 0.0000  max mem: 5880
      ITM Evaluation: [1100/6156]  eta: 0:03:47    time: 0.0434  data: 0.0000  max mem: 5880
      ITM Evaluation: [1200/6156]  eta: 0:03:42    time: 0.0428  data: 0.0000  max mem: 5880
      ITM Evaluation: [1300/6156]  eta: 0:03:37    time: 0.0432  data: 0.0000  max mem: 5880
      ITM Evaluation: [1400/6156]  eta: 0:03:33    time: 0.0431  data: 0.0000  max mem: 5880
      ITM Evaluation: [1500/6156]  eta: 0:03:29    time: 0.0498  data: 0.0000  max mem: 5880
      ITM Evaluation: [1600/6156]  eta: 0:03:25    time: 0.0447  data: 0.0000  max mem: 5880
      ITM Evaluation: [1700/6156]  eta: 0:03:21    time: 0.0453  data: 0.0000  max mem: 5880
      ITM Evaluation: [1800/6156]  eta: 0:03:16    time: 0.0408  data: 0.0000  max mem: 5880
      ITM Evaluation: [1900/6156]  eta: 0:03:11    time: 0.0409  data: 0.0000  max mem: 5880
      ITM Evaluation: [2000/6156]  eta: 0:03:06    time: 0.0404  data: 0.0000  max mem: 5880
      ITM Evaluation: [2100/6156]  eta: 0:03:00    time: 0.0417  data: 0.0000  max mem: 5880
      ITM Evaluation: [2200/6156]  eta: 0:02:55    time: 0.0402  data: 0.0000  max mem: 5880
      ITM Evaluation: [2300/6156]  eta: 0:02:50    time: 0.0418  data: 0.0000  max mem: 5880
      ITM Evaluation: [2400/6156]  eta: 0:02:45    time: 0.0414  data: 0.0000  max mem: 5880
      ITM Evaluation: [2500/6156]  eta: 0:02:41    time: 0.0450  data: 0.0000  max mem: 5880
      ITM Evaluation: [2600/6156]  eta: 0:02:37    time: 0.0465  data: 0.0000  max mem: 5880
      ITM Evaluation: [2700/6156]  eta: 0:02:34    time: 0.0525  data: 0.0000  max mem: 5880
      ITM Evaluation: [2800/6156]  eta: 0:02:29    time: 0.0412  data: 0.0000  max mem: 5880
      ITM Evaluation: [2900/6156]  eta: 0:02:24    time: 0.0406  data: 0.0000  max mem: 5880
      ITM Evaluation: [3000/6156]  eta: 0:02:20    time: 0.0433  data: 0.0000  max mem: 5880
      ITM Evaluation: [3100/6156]  eta: 0:02:15    time: 0.0393  data: 0.0000  max mem: 5880
      ITM Evaluation: [3200/6156]  eta: 0:02:10    time: 0.0414  data: 0.0000  max mem: 5880
      ITM Evaluation: [3300/6156]  eta: 0:02:06    time: 0.0420  data: 0.0000  max mem: 5880
      ITM Evaluation: [3400/6156]  eta: 0:02:01    time: 0.0445  data: 0.0000  max mem: 5880
      ITM Evaluation: [3500/6156]  eta: 0:01:57    time: 0.0464  data: 0.0000  max mem: 5880
      ITM Evaluation: [3600/6156]  eta: 0:01:53    time: 0.0483  data: 0.0000  max mem: 5880
      ITM Evaluation: [3700/6156]  eta: 0:01:48    time: 0.0499  data: 0.0000  max mem: 5880
      ITM Evaluation: [3800/6156]  eta: 0:01:44    time: 0.0420  data: 0.0000  max mem: 5880
      ITM Evaluation: [3900/6156]  eta: 0:01:39    time: 0.0410  data: 0.0000  max mem: 5880
      ITM Evaluation: [4000/6156]  eta: 0:01:35    time: 0.0399  data: 0.0000  max mem: 5880
      ITM Evaluation: [4100/6156]  eta: 0:01:30    time: 0.0446  data: 0.0000  max mem: 5880
      ITM Evaluation: [4200/6156]  eta: 0:01:26    time: 0.0424  data: 0.0000  max mem: 5880
      ITM Evaluation: [4300/6156]  eta: 0:01:21    time: 0.0449  data: 0.0000  max mem: 5880
      ITM Evaluation: [4400/6156]  eta: 0:01:17    time: 0.0441  data: 0.0000  max mem: 5880
      ITM Evaluation: [4500/6156]  eta: 0:01:12    time: 0.0452  data: 0.0000  max mem: 5880
      ITM Evaluation: [4600/6156]  eta: 0:01:08    time: 0.0470  data: 0.0000  max mem: 5880
      ITM Evaluation: [4700/6156]  eta: 0:01:04    time: 0.0487  data: 0.0000  max mem: 5880
      ITM Evaluation: [4800/6156]  eta: 0:01:00    time: 0.0417  data: 0.0000  max mem: 5880
      ITM Evaluation: [4900/6156]  eta: 0:00:55    time: 0.0397  data: 0.0000  max mem: 5880
      ITM Evaluation: [5000/6156]  eta: 0:00:51    time: 0.0435  data: 0.0000  max mem: 5880
      ITM Evaluation: [5100/6156]  eta: 0:00:46    time: 0.0430  data: 0.0000  max mem: 5880
      ITM Evaluation: [5200/6156]  eta: 0:00:42    time: 0.0435  data: 0.0000  max mem: 5880
      ITM Evaluation: [5300/6156]  eta: 0:00:37    time: 0.0391  data: 0.0000  max mem: 5880
      ITM Evaluation: [5400/6156]  eta: 0:00:33    time: 0.0451  data: 0.0000  max mem: 5880
      ITM Evaluation: [5500/6156]  eta: 0:00:28    time: 0.0466  data: 0.0000  max mem: 5880
      ITM Evaluation: [5600/6156]  eta: 0:00:24    time: 0.0478  data: 0.0000  max mem: 5880
      ITM Evaluation: [5700/6156]  eta: 0:00:20    time: 0.0517  data: 0.0000  max mem: 5880
      ITM Evaluation: [5800/6156]  eta: 0:00:15    time: 0.0424  data: 0.0000  max mem: 5880
      ITM Evaluation: [5900/6156]  eta: 0:00:11    time: 0.0424  data: 0.0000  max mem: 5880
      ITM Evaluation: [6000/6156]  eta: 0:00:06    time: 0.0411  data: 0.0000  max mem: 5880
      ITM Evaluation: [6100/6156]  eta: 0:00:02    time: 0.0447  data: 0.0000  max mem: 5880
      ITM Evaluation: [6155/6156]  eta: 0:00:00    time: 0.0416  data: 0.0000  max mem: 5880
      ITM Evaluation: Total time: 0:04:30 (0.0440 s / it)
     total_time 271.0510609149933
     Computing matching score time 0:04:31
### TTA ITM Score: 
+-------+--------+--------+--------+--------+--------+
| epoch |   R1   |   R5   |  R10   |  mAP   |  mINP  |
+-------+--------+--------+--------+--------+--------+
|  -999 | 70.760 | 87.378 | 92.268 | 63.849 | 48.174 |
|  -999 | 76.170 | 89.457 | 93.600 | 65.570 | 47.372 |
|   0   | 74.480 | 88.824 | 92.966 | 65.319 | 48.348 |
|   1   | 73.944 | 88.710 | 92.901 | 65.016 | 48.086 |
|   2   | 73.700 | 88.710 | 93.015 | 64.844 | 47.881 |
|   3   | 73.408 | 88.791 | 92.723 | 64.421 | 46.985 |
|   4   | 73.538 | 88.629 | 92.804 | 64.421 | 47.075 |
|   5   | 73.457 | 88.580 | 92.609 | 64.360 | 47.053 |
+-------+--------+--------+--------+--------+--------+
     logs:  {'epo': 5, 'R1': 73.457, 'R5': 88.58, 'R10': 92.609, 'mAP': 64.36, 'mINP': 47.053, 'lr': 0.000211, 'entropy': 0.18761, 'loss': 0.18761}
      TTA Epoch: [6] [  0/109]  eta: 0:01:14  lr: 0.000207  entropy: 0.0695  loss: 0.0695  time: 0.6863  data: 0.5757  max mem: 5880
      TTA Epoch: [6] [100/109]  eta: 0:00:00  lr: 0.000080  entropy: 0.1083  loss: 0.1083  time: 0.0542  data: 0.0001  max mem: 5880
      TTA Epoch: [6] [108/109]  eta: 0:00:00  lr: 0.000079  entropy: 0.2263  loss: 0.2263  time: 0.0478  data: 0.0001  max mem: 5880
      TTA Epoch: [6] Total time: 0:00:06 (0.0578 s / it)
     Averaged stats: lr: 0.0001  entropy: 0.1833  loss: 0.1833
     itm tta time 0:00:06
     Computing matching score
      ITM Evaluation: [   0/6156]  eta: 0:05:10    time: 0.0504  data: 0.0041  max mem: 5880
      ITM Evaluation: [ 100/6156]  eta: 0:04:18    time: 0.0434  data: 0.0000  max mem: 5880
      ITM Evaluation: [ 200/6156]  eta: 0:04:29    time: 0.0454  data: 0.0000  max mem: 5880
      ITM Evaluation: [ 300/6156]  eta: 0:04:28    time: 0.0456  data: 0.0000  max mem: 5880
      ITM Evaluation: [ 400/6156]  eta: 0:04:20    time: 0.0432  data: 0.0000  max mem: 5880
      ITM Evaluation: [ 500/6156]  eta: 0:04:14    time: 0.0448  data: 0.0000  max mem: 5880
      ITM Evaluation: [ 600/6156]  eta: 0:04:08    time: 0.0440  data: 0.0000  max mem: 5880
      ITM Evaluation: [ 700/6156]  eta: 0:04:03    time: 0.0434  data: 0.0000  max mem: 5880
      ITM Evaluation: [ 800/6156]  eta: 0:03:58    time: 0.0421  data: 0.0000  max mem: 5880
      ITM Evaluation: [ 900/6156]  eta: 0:03:53    time: 0.0444  data: 0.0000  max mem: 5880
      ITM Evaluation: [1000/6156]  eta: 0:03:48    time: 0.0432  data: 0.0000  max mem: 5880
      ITM Evaluation: [1100/6156]  eta: 0:03:44    time: 0.0527  data: 0.0000  max mem: 5880
      ITM Evaluation: [1200/6156]  eta: 0:03:42    time: 0.0512  data: 0.0000  max mem: 5880
      ITM Evaluation: [1300/6156]  eta: 0:03:37    time: 0.0424  data: 0.0000  max mem: 5880
      ITM Evaluation: [1400/6156]  eta: 0:03:32    time: 0.0418  data: 0.0000  max mem: 5880
      ITM Evaluation: [1500/6156]  eta: 0:03:27    time: 0.0426  data: 0.0000  max mem: 5880
      ITM Evaluation: [1600/6156]  eta: 0:03:22    time: 0.0412  data: 0.0000  max mem: 5880
      ITM Evaluation: [1700/6156]  eta: 0:03:17    time: 0.0441  data: 0.0000  max mem: 5880
      ITM Evaluation: [1800/6156]  eta: 0:03:12    time: 0.0441  data: 0.0000  max mem: 5880
      ITM Evaluation: [1900/6156]  eta: 0:03:08    time: 0.0461  data: 0.0000  max mem: 5880
      ITM Evaluation: [2000/6156]  eta: 0:03:03    time: 0.0432  data: 0.0000  max mem: 5880
      ITM Evaluation: [2100/6156]  eta: 0:02:59    time: 0.0532  data: 0.0000  max mem: 5880
      ITM Evaluation: [2200/6156]  eta: 0:02:55    time: 0.0471  data: 0.0000  max mem: 5880
      ITM Evaluation: [2300/6156]  eta: 0:02:51    time: 0.0406  data: 0.0000  max mem: 5880
      ITM Evaluation: [2400/6156]  eta: 0:02:46    time: 0.0431  data: 0.0000  max mem: 5880
      ITM Evaluation: [2500/6156]  eta: 0:02:41    time: 0.0441  data: 0.0000  max mem: 5880
      ITM Evaluation: [2600/6156]  eta: 0:02:37    time: 0.0405  data: 0.0000  max mem: 5880
      ITM Evaluation: [2700/6156]  eta: 0:02:32    time: 0.0433  data: 0.0000  max mem: 5880
      ITM Evaluation: [2800/6156]  eta: 0:02:27    time: 0.0388  data: 0.0000  max mem: 5880
      ITM Evaluation: [2900/6156]  eta: 0:02:23    time: 0.0428  data: 0.0000  max mem: 5880
      ITM Evaluation: [3000/6156]  eta: 0:02:18    time: 0.0413  data: 0.0000  max mem: 5880
      ITM Evaluation: [3100/6156]  eta: 0:02:14    time: 0.0460  data: 0.0000  max mem: 5880
      ITM Evaluation: [3200/6156]  eta: 0:02:10    time: 0.0501  data: 0.0000  max mem: 5880
      ITM Evaluation: [3300/6156]  eta: 0:02:06    time: 0.0469  data: 0.0000  max mem: 5880
      ITM Evaluation: [3400/6156]  eta: 0:02:02    time: 0.0451  data: 0.0000  max mem: 5880
      ITM Evaluation: [3500/6156]  eta: 0:01:57    time: 0.0423  data: 0.0000  max mem: 5880
      ITM Evaluation: [3600/6156]  eta: 0:01:53    time: 0.0438  data: 0.0000  max mem: 5880
      ITM Evaluation: [3700/6156]  eta: 0:01:48    time: 0.0416  data: 0.0000  max mem: 5880
      ITM Evaluation: [3800/6156]  eta: 0:01:43    time: 0.0414  data: 0.0000  max mem: 5880
      ITM Evaluation: [3900/6156]  eta: 0:01:39    time: 0.0383  data: 0.0000  max mem: 5880
      ITM Evaluation: [4000/6156]  eta: 0:01:34    time: 0.0405  data: 0.0000  max mem: 5880
      ITM Evaluation: [4100/6156]  eta: 0:01:30    time: 0.0467  data: 0.0000  max mem: 5880
      ITM Evaluation: [4200/6156]  eta: 0:01:26    time: 0.0540  data: 0.0000  max mem: 5880
      ITM Evaluation: [4300/6156]  eta: 0:01:22    time: 0.0398  data: 0.0000  max mem: 5880
      ITM Evaluation: [4400/6156]  eta: 0:01:17    time: 0.0433  data: 0.0000  max mem: 5880
      ITM Evaluation: [4500/6156]  eta: 0:01:13    time: 0.0427  data: 0.0000  max mem: 5880
      ITM Evaluation: [4600/6156]  eta: 0:01:08    time: 0.0424  data: 0.0000  max mem: 5880
      ITM Evaluation: [4700/6156]  eta: 0:01:04    time: 0.0443  data: 0.0000  max mem: 5880
      ITM Evaluation: [4800/6156]  eta: 0:00:59    time: 0.0423  data: 0.0000  max mem: 5880
      ITM Evaluation: [4900/6156]  eta: 0:00:55    time: 0.0427  data: 0.0000  max mem: 5880
      ITM Evaluation: [5000/6156]  eta: 0:00:50    time: 0.0421  data: 0.0000  max mem: 5880
      ITM Evaluation: [5100/6156]  eta: 0:00:46    time: 0.0423  data: 0.0000  max mem: 5880
      ITM Evaluation: [5200/6156]  eta: 0:00:42    time: 0.0495  data: 0.0000  max mem: 5880
      ITM Evaluation: [5300/6156]  eta: 0:00:37    time: 0.0416  data: 0.0000  max mem: 5880
      ITM Evaluation: [5400/6156]  eta: 0:00:33    time: 0.0435  data: 0.0000  max mem: 5880
      ITM Evaluation: [5500/6156]  eta: 0:00:28    time: 0.0429  data: 0.0000  max mem: 5880
      ITM Evaluation: [5600/6156]  eta: 0:00:24    time: 0.0447  data: 0.0000  max mem: 5880
      ITM Evaluation: [5700/6156]  eta: 0:00:20    time: 0.0433  data: 0.0000  max mem: 5880
      ITM Evaluation: [5800/6156]  eta: 0:00:15    time: 0.0459  data: 0.0000  max mem: 5880
      ITM Evaluation: [5900/6156]  eta: 0:00:11    time: 0.0443  data: 0.0000  max mem: 5880
      ITM Evaluation: [6000/6156]  eta: 0:00:06    time: 0.0476  data: 0.0000  max mem: 5880
      ITM Evaluation: [6100/6156]  eta: 0:00:02    time: 0.0502  data: 0.0000  max mem: 5880
      ITM Evaluation: [6155/6156]  eta: 0:00:00    time: 0.0445  data: 0.0000  max mem: 5880
      ITM Evaluation: Total time: 0:04:32 (0.0442 s / it)
     total_time 272.31741881370544
     Computing matching score time 0:04:32
### TTA ITM Score: 
+-------+--------+--------+--------+--------+--------+
| epoch |   R1   |   R5   |  R10   |  mAP   |  mINP  |
+-------+--------+--------+--------+--------+--------+
|  -999 | 70.760 | 87.378 | 92.268 | 63.849 | 48.174 |
|  -999 | 76.170 | 89.457 | 93.600 | 65.570 | 47.372 |
|   0   | 74.480 | 88.824 | 92.966 | 65.319 | 48.348 |
|   1   | 73.944 | 88.710 | 92.901 | 65.016 | 48.086 |
|   2   | 73.700 | 88.710 | 93.015 | 64.844 | 47.881 |
|   3   | 73.408 | 88.791 | 92.723 | 64.421 | 46.985 |
|   4   | 73.538 | 88.629 | 92.804 | 64.421 | 47.075 |
|   5   | 73.457 | 88.580 | 92.609 | 64.360 | 47.053 |
|   6   | 73.441 | 88.580 | 92.723 | 64.307 | 46.975 |
+-------+--------+--------+--------+--------+--------+
     logs:  {'epo': 6, 'R1': 73.441, 'R5': 88.58, 'R10': 92.723, 'mAP': 64.307, 'mINP': 46.975, 'lr': 0.000132, 'entropy': 0.183305, 'loss': 0.183305}
      TTA Epoch: [7] [  0/109]  eta: 0:01:37  lr: 0.000079  entropy: 0.2335  loss: 0.2335  time: 0.8976  data: 0.8013  max mem: 5880
      TTA Epoch: [7] [100/109]  eta: 0:00:00  lr: 0.000076  entropy: 0.2711  loss: 0.2711  time: 0.0491  data: 0.0001  max mem: 5880
      TTA Epoch: [7] [108/109]  eta: 0:00:00  lr: 0.000076  entropy: 0.0384  loss: 0.0384  time: 0.0454  data: 0.0001  max mem: 5880
      TTA Epoch: [7] Total time: 0:00:05 (0.0533 s / it)
     Averaged stats: lr: 0.0001  entropy: 0.1727  loss: 0.1727
     itm tta time 0:00:05
     Computing matching score
      ITM Evaluation: [   0/6156]  eta: 0:04:33    time: 0.0445  data: 0.0044  max mem: 5880
      ITM Evaluation: [ 100/6156]  eta: 0:03:25    time: 0.0337  data: 0.0000  max mem: 5880
      ITM Evaluation: [ 200/6156]  eta: 0:03:22    time: 0.0341  data: 0.0000  max mem: 5880
      ITM Evaluation: [ 300/6156]  eta: 0:03:21    time: 0.0348  data: 0.0000  max mem: 5880
      ITM Evaluation: [ 400/6156]  eta: 0:03:18    time: 0.0353  data: 0.0000  max mem: 5880
      ITM Evaluation: [ 500/6156]  eta: 0:03:16    time: 0.0344  data: 0.0000  max mem: 5880
      ITM Evaluation: [ 600/6156]  eta: 0:03:12    time: 0.0348  data: 0.0000  max mem: 5880
      ITM Evaluation: [ 700/6156]  eta: 0:03:08    time: 0.0352  data: 0.0000  max mem: 5880
      ITM Evaluation: [ 800/6156]  eta: 0:03:07    time: 0.0385  data: 0.0000  max mem: 5880
      ITM Evaluation: [ 900/6156]  eta: 0:03:11    time: 0.0701  data: 0.0000  max mem: 5880
      ITM Evaluation: [1000/6156]  eta: 0:03:09    time: 0.0382  data: 0.0000  max mem: 5880
      ITM Evaluation: [1100/6156]  eta: 0:03:07    time: 0.0404  data: 0.0000  max mem: 5880
      ITM Evaluation: [1200/6156]  eta: 0:03:04    time: 0.0377  data: 0.0000  max mem: 5880
      ITM Evaluation: [1300/6156]  eta: 0:03:01    time: 0.0351  data: 0.0000  max mem: 5880
      ITM Evaluation: [1400/6156]  eta: 0:02:57    time: 0.0385  data: 0.0000  max mem: 5880
      ITM Evaluation: [1500/6156]  eta: 0:02:53    time: 0.0359  data: 0.0000  max mem: 5880
      ITM Evaluation: [1600/6156]  eta: 0:02:50    time: 0.0392  data: 0.0000  max mem: 5880
      ITM Evaluation: [1700/6156]  eta: 0:02:48    time: 0.0450  data: 0.0000  max mem: 5880
      ITM Evaluation: [1800/6156]  eta: 0:02:46    time: 0.0450  data: 0.0000  max mem: 5880
      ITM Evaluation: [1900/6156]  eta: 0:02:43    time: 0.0438  data: 0.0000  max mem: 5880
      ITM Evaluation: [2000/6156]  eta: 0:02:40    time: 0.0433  data: 0.0000  max mem: 5880
      ITM Evaluation: [2100/6156]  eta: 0:02:38    time: 0.0513  data: 0.0000  max mem: 5880
      ITM Evaluation: [2200/6156]  eta: 0:02:36    time: 0.0465  data: 0.0000  max mem: 5880
      ITM Evaluation: [2300/6156]  eta: 0:02:33    time: 0.0467  data: 0.0000  max mem: 5880
      ITM Evaluation: [2400/6156]  eta: 0:02:30    time: 0.0441  data: 0.0000  max mem: 5880
      ITM Evaluation: [2500/6156]  eta: 0:02:26    time: 0.0410  data: 0.0000  max mem: 5880
      ITM Evaluation: [2600/6156]  eta: 0:02:23    time: 0.0403  data: 0.0000  max mem: 5880
      ITM Evaluation: [2700/6156]  eta: 0:02:19    time: 0.0399  data: 0.0000  max mem: 5880
      ITM Evaluation: [2800/6156]  eta: 0:02:15    time: 0.0424  data: 0.0000  max mem: 5880
      ITM Evaluation: [2900/6156]  eta: 0:02:11    time: 0.0437  data: 0.0000  max mem: 5880
      ITM Evaluation: [3000/6156]  eta: 0:02:08    time: 0.0451  data: 0.0000  max mem: 5880
      ITM Evaluation: [3100/6156]  eta: 0:02:04    time: 0.0575  data: 0.0000  max mem: 5880
      ITM Evaluation: [3200/6156]  eta: 0:02:01    time: 0.0484  data: 0.0000  max mem: 5880
      ITM Evaluation: [3300/6156]  eta: 0:01:57    time: 0.0434  data: 0.0000  max mem: 5880
      ITM Evaluation: [3400/6156]  eta: 0:01:53    time: 0.0435  data: 0.0000  max mem: 5880
      ITM Evaluation: [3500/6156]  eta: 0:01:49    time: 0.0417  data: 0.0000  max mem: 5880
      ITM Evaluation: [3600/6156]  eta: 0:01:45    time: 0.0434  data: 0.0000  max mem: 5880
      ITM Evaluation: [3700/6156]  eta: 0:01:41    time: 0.0426  data: 0.0000  max mem: 5880
      ITM Evaluation: [3800/6156]  eta: 0:01:37    time: 0.0421  data: 0.0000  max mem: 5880
      ITM Evaluation: [3900/6156]  eta: 0:01:33    time: 0.0483  data: 0.0000  max mem: 5880
      ITM Evaluation: [4000/6156]  eta: 0:01:29    time: 0.0429  data: 0.0000  max mem: 5880
      ITM Evaluation: [4100/6156]  eta: 0:01:25    time: 0.0521  data: 0.0000  max mem: 5880
      ITM Evaluation: [4200/6156]  eta: 0:01:21    time: 0.0466  data: 0.0000  max mem: 5880
      ITM Evaluation: [4300/6156]  eta: 0:01:18    time: 0.0520  data: 0.0000  max mem: 5880
      ITM Evaluation: [4400/6156]  eta: 0:01:14    time: 0.0443  data: 0.0000  max mem: 5880
      ITM Evaluation: [4500/6156]  eta: 0:01:09    time: 0.0417  data: 0.0000  max mem: 5880
      ITM Evaluation: [4600/6156]  eta: 0:01:05    time: 0.0427  data: 0.0000  max mem: 5880
      ITM Evaluation: [4700/6156]  eta: 0:01:01    time: 0.0438  data: 0.0000  max mem: 5880
      ITM Evaluation: [4800/6156]  eta: 0:00:57    time: 0.0423  data: 0.0000  max mem: 5880
      ITM Evaluation: [4900/6156]  eta: 0:00:53    time: 0.0435  data: 0.0000  max mem: 5880
      ITM Evaluation: [5000/6156]  eta: 0:00:48    time: 0.0429  data: 0.0000  max mem: 5880
      ITM Evaluation: [5100/6156]  eta: 0:00:44    time: 0.0525  data: 0.0000  max mem: 5880
      ITM Evaluation: [5200/6156]  eta: 0:00:40    time: 0.0431  data: 0.0000  max mem: 5880
      ITM Evaluation: [5300/6156]  eta: 0:00:36    time: 0.0427  data: 0.0000  max mem: 5880
      ITM Evaluation: [5400/6156]  eta: 0:00:32    time: 0.0452  data: 0.0000  max mem: 5880
      ITM Evaluation: [5500/6156]  eta: 0:00:27    time: 0.0436  data: 0.0000  max mem: 5880
      ITM Evaluation: [5600/6156]  eta: 0:00:23    time: 0.0436  data: 0.0000  max mem: 5880
      ITM Evaluation: [5700/6156]  eta: 0:00:19    time: 0.0436  data: 0.0000  max mem: 5880
      ITM Evaluation: [5800/6156]  eta: 0:00:15    time: 0.0412  data: 0.0000  max mem: 5880
      ITM Evaluation: [5900/6156]  eta: 0:00:10    time: 0.0405  data: 0.0000  max mem: 5880
      ITM Evaluation: [6000/6156]  eta: 0:00:06    time: 0.0432  data: 0.0000  max mem: 5880
      ITM Evaluation: [6100/6156]  eta: 0:00:02    time: 0.0508  data: 0.0000  max mem: 5880
      ITM Evaluation: [6155/6156]  eta: 0:00:00    time: 0.0519  data: 0.0000  max mem: 5880
      ITM Evaluation: Total time: 0:04:23 (0.0428 s / it)
     total_time 263.51957082748413
     Computing matching score time 0:04:23
### TTA ITM Score: 
+-------+--------+--------+--------+--------+--------+
| epoch |   R1   |   R5   |  R10   |  mAP   |  mINP  |
+-------+--------+--------+--------+--------+--------+
|  -999 | 70.760 | 87.378 | 92.268 | 63.849 | 48.174 |
|  -999 | 76.170 | 89.457 | 93.600 | 65.570 | 47.372 |
|   0   | 74.480 | 88.824 | 92.966 | 65.319 | 48.348 |
|   1   | 73.944 | 88.710 | 92.901 | 65.016 | 48.086 |
|   2   | 73.700 | 88.710 | 93.015 | 64.844 | 47.881 |
|   3   | 73.408 | 88.791 | 92.723 | 64.421 | 46.985 |
|   4   | 73.538 | 88.629 | 92.804 | 64.421 | 47.075 |
|   5   | 73.457 | 88.580 | 92.609 | 64.360 | 47.053 |
|   6   | 73.441 | 88.580 | 92.723 | 64.307 | 46.975 |
|   7   | 73.441 | 88.613 | 92.739 | 64.344 | 47.062 |
+-------+--------+--------+--------+--------+--------+
     logs:  {'epo': 7, 'R1': 73.441, 'R5': 88.613, 'R10': 92.739, 'mAP': 64.344, 'mINP': 47.062, 'lr': 7.8e-05, 'entropy': 0.17265, 'loss': 0.17265}
      TTA Epoch: [8] [  0/109]  eta: 0:01:30  lr: 0.000076  entropy: 0.2141  loss: 0.2141  time: 0.8271  data: 0.7421  max mem: 5880
      TTA Epoch: [8] [100/109]  eta: 0:00:00  lr: 0.000073  entropy: 0.1711  loss: 0.1711  time: 0.0520  data: 0.0002  max mem: 5880
      TTA Epoch: [8] [108/109]  eta: 0:00:00  lr: 0.000072  entropy: 0.0832  loss: 0.0832  time: 0.0485  data: 0.0002  max mem: 5880
      TTA Epoch: [8] Total time: 0:00:07 (0.0659 s / it)
     Averaged stats: lr: 0.0001  entropy: 0.1759  loss: 0.1759
     itm tta time 0:00:07
     Computing matching score
      ITM Evaluation: [   0/6156]  eta: 0:04:49    time: 0.0470  data: 0.0046  max mem: 5880
      ITM Evaluation: [ 100/6156]  eta: 0:04:15    time: 0.0442  data: 0.0000  max mem: 5880
      ITM Evaluation: [ 200/6156]  eta: 0:04:10    time: 0.0402  data: 0.0000  max mem: 5880
      ITM Evaluation: [ 300/6156]  eta: 0:04:03    time: 0.0422  data: 0.0000  max mem: 5880
      ITM Evaluation: [ 400/6156]  eta: 0:04:00    time: 0.0423  data: 0.0000  max mem: 5880
      ITM Evaluation: [ 500/6156]  eta: 0:03:56    time: 0.0430  data: 0.0000  max mem: 5880
      ITM Evaluation: [ 600/6156]  eta: 0:03:53    time: 0.0431  data: 0.0000  max mem: 5880
      ITM Evaluation: [ 700/6156]  eta: 0:03:51    time: 0.0506  data: 0.0000  max mem: 5880
      ITM Evaluation: [ 800/6156]  eta: 0:03:50    time: 0.0455  data: 0.0000  max mem: 5880
      ITM Evaluation: [ 900/6156]  eta: 0:03:49    time: 0.0446  data: 0.0000  max mem: 5880
      ITM Evaluation: [1000/6156]  eta: 0:03:44    time: 0.0446  data: 0.0000  max mem: 5880
      ITM Evaluation: [1100/6156]  eta: 0:03:39    time: 0.0422  data: 0.0000  max mem: 5880
      ITM Evaluation: [1200/6156]  eta: 0:03:33    time: 0.0403  data: 0.0000  max mem: 5880
      ITM Evaluation: [1300/6156]  eta: 0:03:28    time: 0.0424  data: 0.0000  max mem: 5880
      ITM Evaluation: [1400/6156]  eta: 0:03:23    time: 0.0445  data: 0.0000  max mem: 5880
      ITM Evaluation: [1500/6156]  eta: 0:03:19    time: 0.0453  data: 0.0000  max mem: 5880
      ITM Evaluation: [1600/6156]  eta: 0:03:15    time: 0.0441  data: 0.0000  max mem: 5880
      ITM Evaluation: [1700/6156]  eta: 0:03:12    time: 0.0500  data: 0.0000  max mem: 5880
      ITM Evaluation: [1800/6156]  eta: 0:03:09    time: 0.0502  data: 0.0000  max mem: 5880
      ITM Evaluation: [1900/6156]  eta: 0:03:05    time: 0.0427  data: 0.0000  max mem: 5880
      ITM Evaluation: [2000/6156]  eta: 0:03:00    time: 0.0393  data: 0.0000  max mem: 5880
      ITM Evaluation: [2100/6156]  eta: 0:02:55    time: 0.0387  data: 0.0000  max mem: 5880
      ITM Evaluation: [2200/6156]  eta: 0:02:51    time: 0.0408  data: 0.0000  max mem: 5880
      ITM Evaluation: [2300/6156]  eta: 0:02:46    time: 0.0412  data: 0.0000  max mem: 5880
      ITM Evaluation: [2400/6156]  eta: 0:02:41    time: 0.0427  data: 0.0000  max mem: 5880
      ITM Evaluation: [2500/6156]  eta: 0:02:37    time: 0.0470  data: 0.0000  max mem: 5880
      ITM Evaluation: [2600/6156]  eta: 0:02:33    time: 0.0422  data: 0.0000  max mem: 5880
      ITM Evaluation: [2700/6156]  eta: 0:02:28    time: 0.0432  data: 0.0000  max mem: 5880
      ITM Evaluation: [2800/6156]  eta: 0:02:25    time: 0.0481  data: 0.0000  max mem: 5880
      ITM Evaluation: [2900/6156]  eta: 0:02:21    time: 0.0528  data: 0.0000  max mem: 5880
      ITM Evaluation: [3000/6156]  eta: 0:02:17    time: 0.0377  data: 0.0000  max mem: 5880
      ITM Evaluation: [3100/6156]  eta: 0:02:12    time: 0.0429  data: 0.0000  max mem: 5880
      ITM Evaluation: [3200/6156]  eta: 0:02:08    time: 0.0419  data: 0.0000  max mem: 5880
      ITM Evaluation: [3300/6156]  eta: 0:02:03    time: 0.0419  data: 0.0000  max mem: 5880
      ITM Evaluation: [3400/6156]  eta: 0:01:59    time: 0.0398  data: 0.0000  max mem: 5880
      ITM Evaluation: [3500/6156]  eta: 0:01:54    time: 0.0440  data: 0.0000  max mem: 5880
      ITM Evaluation: [3600/6156]  eta: 0:01:50    time: 0.0404  data: 0.0000  max mem: 5880
      ITM Evaluation: [3700/6156]  eta: 0:01:45    time: 0.0445  data: 0.0000  max mem: 5880
      ITM Evaluation: [3800/6156]  eta: 0:01:41    time: 0.0499  data: 0.0000  max mem: 5880
      ITM Evaluation: [3900/6156]  eta: 0:01:37    time: 0.0465  data: 0.0000  max mem: 5880
      ITM Evaluation: [4000/6156]  eta: 0:01:33    time: 0.0430  data: 0.0000  max mem: 5880
      ITM Evaluation: [4100/6156]  eta: 0:01:29    time: 0.0456  data: 0.0000  max mem: 5880
      ITM Evaluation: [4200/6156]  eta: 0:01:24    time: 0.0431  data: 0.0000  max mem: 5880
      ITM Evaluation: [4300/6156]  eta: 0:01:20    time: 0.0371  data: 0.0000  max mem: 5880
      ITM Evaluation: [4400/6156]  eta: 0:01:15    time: 0.0406  data: 0.0000  max mem: 5880
      ITM Evaluation: [4500/6156]  eta: 0:01:11    time: 0.0431  data: 0.0000  max mem: 5880
      ITM Evaluation: [4600/6156]  eta: 0:01:07    time: 0.0409  data: 0.0000  max mem: 5880
      ITM Evaluation: [4700/6156]  eta: 0:01:02    time: 0.0403  data: 0.0000  max mem: 5880
      ITM Evaluation: [4800/6156]  eta: 0:00:58    time: 0.0407  data: 0.0000  max mem: 5880
      ITM Evaluation: [4900/6156]  eta: 0:00:54    time: 0.0563  data: 0.0000  max mem: 5880
      ITM Evaluation: [5000/6156]  eta: 0:00:50    time: 0.0438  data: 0.0000  max mem: 5880
      ITM Evaluation: [5100/6156]  eta: 0:00:45    time: 0.0423  data: 0.0000  max mem: 5880
      ITM Evaluation: [5200/6156]  eta: 0:00:41    time: 0.0391  data: 0.0000  max mem: 5880
      ITM Evaluation: [5300/6156]  eta: 0:00:36    time: 0.0435  data: 0.0000  max mem: 5880
      ITM Evaluation: [5400/6156]  eta: 0:00:32    time: 0.0436  data: 0.0000  max mem: 5880
      ITM Evaluation: [5500/6156]  eta: 0:00:28    time: 0.0451  data: 0.0000  max mem: 5880
      ITM Evaluation: [5600/6156]  eta: 0:00:23    time: 0.0418  data: 0.0000  max mem: 5880
      ITM Evaluation: [5700/6156]  eta: 0:00:19    time: 0.0392  data: 0.0000  max mem: 5880
      ITM Evaluation: [5800/6156]  eta: 0:00:15    time: 0.0380  data: 0.0000  max mem: 5880
      ITM Evaluation: [5900/6156]  eta: 0:00:11    time: 0.0502  data: 0.0000  max mem: 5880
      ITM Evaluation: [6000/6156]  eta: 0:00:06    time: 0.0570  data: 0.0000  max mem: 5880
      ITM Evaluation: [6100/6156]  eta: 0:00:02    time: 0.0417  data: 0.0000  max mem: 5880
      ITM Evaluation: [6155/6156]  eta: 0:00:00    time: 0.0414  data: 0.0000  max mem: 5880
      ITM Evaluation: Total time: 0:04:27 (0.0434 s / it)
     total_time 267.14358162879944
     Computing matching score time 0:04:27
### TTA ITM Score: 
+-------+--------+--------+--------+--------+--------+
| epoch |   R1   |   R5   |  R10   |  mAP   |  mINP  |
+-------+--------+--------+--------+--------+--------+
|  -999 | 70.760 | 87.378 | 92.268 | 63.849 | 48.174 |
|  -999 | 76.170 | 89.457 | 93.600 | 65.570 | 47.372 |
|   0   | 74.480 | 88.824 | 92.966 | 65.319 | 48.348 |
|   1   | 73.944 | 88.710 | 92.901 | 65.016 | 48.086 |
|   2   | 73.700 | 88.710 | 93.015 | 64.844 | 47.881 |
|   3   | 73.408 | 88.791 | 92.723 | 64.421 | 46.985 |
|   4   | 73.538 | 88.629 | 92.804 | 64.421 | 47.075 |
|   5   | 73.457 | 88.580 | 92.609 | 64.360 | 47.053 |
|   6   | 73.441 | 88.580 | 92.723 | 64.307 | 46.975 |
|   7   | 73.441 | 88.613 | 92.739 | 64.344 | 47.062 |
|   8   | 73.343 | 88.613 | 92.706 | 64.232 | 46.838 |
+-------+--------+--------+--------+--------+--------+
     logs:  {'epo': 8, 'R1': 73.343, 'R5': 88.613, 'R10': 92.706, 'mAP': 64.232, 'mINP': 46.838, 'lr': 7.4e-05, 'entropy': 0.175931, 'loss': 0.175931}
      TTA Epoch: [9] [  0/109]  eta: 0:01:14  lr: 0.000072  entropy: 0.1362  loss: 0.1362  time: 0.6831  data: 0.5820  max mem: 5880
      TTA Epoch: [9] [100/109]  eta: 0:00:00  lr: 0.000069  entropy: 0.2722  loss: 0.2722  time: 0.0547  data: 0.0001  max mem: 5880
      TTA Epoch: [9] [108/109]  eta: 0:00:00  lr: 0.000069  entropy: 0.2342  loss: 0.2342  time: 0.0474  data: 0.0001  max mem: 5880
      TTA Epoch: [9] Total time: 0:00:06 (0.0583 s / it)
     Averaged stats: lr: 0.0001  entropy: 0.1626  loss: 0.1626
     itm tta time 0:00:06
     Computing matching score
      ITM Evaluation: [   0/6156]  eta: 0:03:52    time: 0.0378  data: 0.0041  max mem: 5880
      ITM Evaluation: [ 100/6156]  eta: 0:03:50    time: 0.0390  data: 0.0000  max mem: 5880
      ITM Evaluation: [ 200/6156]  eta: 0:03:49    time: 0.0382  data: 0.0000  max mem: 5880
      ITM Evaluation: [ 300/6156]  eta: 0:03:48    time: 0.0409  data: 0.0000  max mem: 5880
      ITM Evaluation: [ 400/6156]  eta: 0:03:43    time: 0.0385  data: 0.0000  max mem: 5880
      ITM Evaluation: [ 500/6156]  eta: 0:03:39    time: 0.0371  data: 0.0000  max mem: 5880
      ITM Evaluation: [ 600/6156]  eta: 0:03:43    time: 0.0476  data: 0.0000  max mem: 5880
      ITM Evaluation: [ 700/6156]  eta: 0:03:45    time: 0.0469  data: 0.0000  max mem: 5880
      ITM Evaluation: [ 800/6156]  eta: 0:03:41    time: 0.0383  data: 0.0000  max mem: 5880
      ITM Evaluation: [ 900/6156]  eta: 0:03:35    time: 0.0377  data: 0.0000  max mem: 5880
      ITM Evaluation: [1000/6156]  eta: 0:03:31    time: 0.0421  data: 0.0000  max mem: 5880
      ITM Evaluation: [1100/6156]  eta: 0:03:27    time: 0.0421  data: 0.0000  max mem: 5880
      ITM Evaluation: [1200/6156]  eta: 0:03:23    time: 0.0432  data: 0.0000  max mem: 5880
      ITM Evaluation: [1300/6156]  eta: 0:03:18    time: 0.0429  data: 0.0000  max mem: 5880
      ITM Evaluation: [1400/6156]  eta: 0:03:14    time: 0.0430  data: 0.0000  max mem: 5880
      ITM Evaluation: [1500/6156]  eta: 0:03:10    time: 0.0407  data: 0.0000  max mem: 5880
      ITM Evaluation: [1600/6156]  eta: 0:03:07    time: 0.0466  data: 0.0000  max mem: 5880
      ITM Evaluation: [1700/6156]  eta: 0:03:05    time: 0.0477  data: 0.0000  max mem: 5880
      ITM Evaluation: [1800/6156]  eta: 0:03:01    time: 0.0391  data: 0.0000  max mem: 5880
      ITM Evaluation: [1900/6156]  eta: 0:02:57    time: 0.0435  data: 0.0000  max mem: 5880
      ITM Evaluation: [2000/6156]  eta: 0:02:53    time: 0.0385  data: 0.0000  max mem: 5880
      ITM Evaluation: [2100/6156]  eta: 0:02:49    time: 0.0428  data: 0.0000  max mem: 5880
      ITM Evaluation: [2200/6156]  eta: 0:02:44    time: 0.0390  data: 0.0000  max mem: 5880
      ITM Evaluation: [2300/6156]  eta: 0:02:40    time: 0.0456  data: 0.0000  max mem: 5880
      ITM Evaluation: [2400/6156]  eta: 0:02:36    time: 0.0422  data: 0.0000  max mem: 5880
      ITM Evaluation: [2500/6156]  eta: 0:02:32    time: 0.0413  data: 0.0000  max mem: 5880
      ITM Evaluation: [2600/6156]  eta: 0:02:29    time: 0.0461  data: 0.0000  max mem: 5880
      ITM Evaluation: [2700/6156]  eta: 0:02:25    time: 0.0489  data: 0.0000  max mem: 5880
      ITM Evaluation: [2800/6156]  eta: 0:02:21    time: 0.0420  data: 0.0000  max mem: 5880
      ITM Evaluation: [2900/6156]  eta: 0:02:17    time: 0.0416  data: 0.0000  max mem: 5880
      ITM Evaluation: [3000/6156]  eta: 0:02:13    time: 0.0407  data: 0.0000  max mem: 5880
      ITM Evaluation: [3100/6156]  eta: 0:02:08    time: 0.0414  data: 0.0000  max mem: 5880
      ITM Evaluation: [3200/6156]  eta: 0:02:04    time: 0.0420  data: 0.0000  max mem: 5880
      ITM Evaluation: [3300/6156]  eta: 0:02:00    time: 0.0410  data: 0.0000  max mem: 5880
      ITM Evaluation: [3400/6156]  eta: 0:01:56    time: 0.0372  data: 0.0000  max mem: 5880
      ITM Evaluation: [3500/6156]  eta: 0:01:51    time: 0.0424  data: 0.0000  max mem: 5880
      ITM Evaluation: [3600/6156]  eta: 0:01:47    time: 0.0507  data: 0.0000  max mem: 5880
      ITM Evaluation: [3700/6156]  eta: 0:01:44    time: 0.0505  data: 0.0000  max mem: 5880
      ITM Evaluation: [3800/6156]  eta: 0:01:40    time: 0.0391  data: 0.0000  max mem: 5880
      ITM Evaluation: [3900/6156]  eta: 0:01:36    time: 0.0514  data: 0.0000  max mem: 5880
      ITM Evaluation: [4000/6156]  eta: 0:01:32    time: 0.0448  data: 0.0000  max mem: 5880
      ITM Evaluation: [4100/6156]  eta: 0:01:28    time: 0.0450  data: 0.0000  max mem: 5880
      ITM Evaluation: [4200/6156]  eta: 0:01:24    time: 0.0412  data: 0.0000  max mem: 5880
      ITM Evaluation: [4300/6156]  eta: 0:01:19    time: 0.0372  data: 0.0000  max mem: 5880
      ITM Evaluation: [4400/6156]  eta: 0:01:15    time: 0.0394  data: 0.0000  max mem: 5880
      ITM Evaluation: [4500/6156]  eta: 0:01:10    time: 0.0377  data: 0.0000  max mem: 5880
      ITM Evaluation: [4600/6156]  eta: 0:01:06    time: 0.0414  data: 0.0000  max mem: 5880
      ITM Evaluation: [4700/6156]  eta: 0:01:02    time: 0.0388  data: 0.0000  max mem: 5880
      ITM Evaluation: [4800/6156]  eta: 0:00:57    time: 0.0417  data: 0.0000  max mem: 5880
      ITM Evaluation: [4900/6156]  eta: 0:00:53    time: 0.0431  data: 0.0000  max mem: 5880
      ITM Evaluation: [5000/6156]  eta: 0:00:49    time: 0.0426  data: 0.0000  max mem: 5880
      ITM Evaluation: [5100/6156]  eta: 0:00:44    time: 0.0425  data: 0.0000  max mem: 5880
      ITM Evaluation: [5200/6156]  eta: 0:00:40    time: 0.0466  data: 0.0000  max mem: 5880
      ITM Evaluation: [5300/6156]  eta: 0:00:36    time: 0.0515  data: 0.0000  max mem: 5880
      ITM Evaluation: [5400/6156]  eta: 0:00:32    time: 0.0427  data: 0.0000  max mem: 5880
      ITM Evaluation: [5500/6156]  eta: 0:00:28    time: 0.0404  data: 0.0000  max mem: 5880
      ITM Evaluation: [5600/6156]  eta: 0:00:23    time: 0.0419  data: 0.0000  max mem: 5880
      ITM Evaluation: [5700/6156]  eta: 0:00:19    time: 0.0414  data: 0.0000  max mem: 5880
      ITM Evaluation: [5800/6156]  eta: 0:00:15    time: 0.0429  data: 0.0000  max mem: 5880
      ITM Evaluation: [5900/6156]  eta: 0:00:10    time: 0.0424  data: 0.0000  max mem: 5880
      ITM Evaluation: [6000/6156]  eta: 0:00:06    time: 0.0418  data: 0.0000  max mem: 5880
      ITM Evaluation: [6100/6156]  eta: 0:00:02    time: 0.0426  data: 0.0000  max mem: 5880
      ITM Evaluation: [6155/6156]  eta: 0:00:00    time: 0.0433  data: 0.0000  max mem: 5880
      ITM Evaluation: Total time: 0:04:23 (0.0428 s / it)
     total_time 263.5446901321411
     Computing matching score time 0:04:23
### TTA ITM Score: 
+-------+--------+--------+--------+--------+--------+
| epoch |   R1   |   R5   |  R10   |  mAP   |  mINP  |
+-------+--------+--------+--------+--------+--------+
|  -999 | 70.760 | 87.378 | 92.268 | 63.849 | 48.174 |
|  -999 | 76.170 | 89.457 | 93.600 | 65.570 | 47.372 |
|   0   | 74.480 | 88.824 | 92.966 | 65.319 | 48.348 |
|   1   | 73.944 | 88.710 | 92.901 | 65.016 | 48.086 |
|   2   | 73.700 | 88.710 | 93.015 | 64.844 | 47.881 |
|   3   | 73.408 | 88.791 | 92.723 | 64.421 | 46.985 |
|   4   | 73.538 | 88.629 | 92.804 | 64.421 | 47.075 |
|   5   | 73.457 | 88.580 | 92.609 | 64.360 | 47.053 |
|   6   | 73.441 | 88.580 | 92.723 | 64.307 | 46.975 |
|   7   | 73.441 | 88.613 | 92.739 | 64.344 | 47.062 |
|   8   | 73.343 | 88.613 | 92.706 | 64.232 | 46.838 |
|   9   | 73.343 | 88.580 | 92.641 | 64.089 | 46.534 |
+-------+--------+--------+--------+--------+--------+
     logs:  {'epo': 9, 'R1': 73.343, 'R5': 88.58, 'R10': 92.641, 'mAP': 64.089, 'mINP': 46.534, 'lr': 7.1e-05, 'entropy': 0.162623, 'loss': 0.162623}
      TTA Epoch: [10] [  0/109]  eta: 0:01:23  lr: 0.000069  entropy: 0.1912  loss: 0.1912  time: 0.7681  data: 0.6817  max mem: 5880
      TTA Epoch: [10] [100/109]  eta: 0:00:00  lr: 0.000066  entropy: 0.2433  loss: 0.2433  time: 0.0621  data: 0.0002  max mem: 5880
      TTA Epoch: [10] [108/109]  eta: 0:00:00  lr: 0.000066  entropy: 0.1665  loss: 0.1665  time: 0.0561  data: 0.0002  max mem: 5880
      TTA Epoch: [10] Total time: 0:00:07 (0.0684 s / it)
     Averaged stats: lr: 0.0001  entropy: 0.1720  loss: 0.1720
     itm tta time 0:00:07
     Computing matching score
      ITM Evaluation: [   0/6156]  eta: 0:07:59    time: 0.0779  data: 0.0114  max mem: 5880
      ITM Evaluation: [ 100/6156]  eta: 0:04:41    time: 0.0465  data: 0.0000  max mem: 5880
      ITM Evaluation: [ 200/6156]  eta: 0:04:40    time: 0.0457  data: 0.0000  max mem: 5880
      ITM Evaluation: [ 300/6156]  eta: 0:04:28    time: 0.0424  data: 0.0000  max mem: 5880
      ITM Evaluation: [ 400/6156]  eta: 0:04:18    time: 0.0405  data: 0.0000  max mem: 5880
      ITM Evaluation: [ 500/6156]  eta: 0:04:09    time: 0.0392  data: 0.0000  max mem: 5880
      ITM Evaluation: [ 600/6156]  eta: 0:04:03    time: 0.0436  data: 0.0000  max mem: 5880
      ITM Evaluation: [ 700/6156]  eta: 0:03:57    time: 0.0404  data: 0.0000  max mem: 5880
      ITM Evaluation: [ 800/6156]  eta: 0:03:51    time: 0.0398  data: 0.0000  max mem: 5880
      ITM Evaluation: [ 900/6156]  eta: 0:03:47    time: 0.0429  data: 0.0000  max mem: 5880
      ITM Evaluation: [1000/6156]  eta: 0:03:42    time: 0.0421  data: 0.0000  max mem: 5880
      ITM Evaluation: [1100/6156]  eta: 0:03:41    time: 0.0526  data: 0.0000  max mem: 5880
      ITM Evaluation: [1200/6156]  eta: 0:03:44    time: 0.0611  data: 0.0000  max mem: 5880
      ITM Evaluation: [1300/6156]  eta: 0:03:38    time: 0.0456  data: 0.0000  max mem: 5880
      ITM Evaluation: [1400/6156]  eta: 0:03:33    time: 0.0403  data: 0.0000  max mem: 5880
      ITM Evaluation: [1500/6156]  eta: 0:03:28    time: 0.0423  data: 0.0000  max mem: 5880
      ITM Evaluation: [1600/6156]  eta: 0:03:23    time: 0.0448  data: 0.0000  max mem: 5880
      ITM Evaluation: [1700/6156]  eta: 0:03:18    time: 0.0436  data: 0.0000  max mem: 5880
      ITM Evaluation: [1800/6156]  eta: 0:03:13    time: 0.0417  data: 0.0000  max mem: 5880
      ITM Evaluation: [1900/6156]  eta: 0:03:08    time: 0.0419  data: 0.0000  max mem: 5880
      ITM Evaluation: [2000/6156]  eta: 0:03:03    time: 0.0469  data: 0.0000  max mem: 5880
      ITM Evaluation: [2100/6156]  eta: 0:03:00    time: 0.0551  data: 0.0000  max mem: 5880
      ITM Evaluation: [2200/6156]  eta: 0:02:56    time: 0.0426  data: 0.0000  max mem: 5880
      ITM Evaluation: [2300/6156]  eta: 0:02:51    time: 0.0404  data: 0.0000  max mem: 5880
      ITM Evaluation: [2400/6156]  eta: 0:02:47    time: 0.0444  data: 0.0000  max mem: 5880
      ITM Evaluation: [2500/6156]  eta: 0:02:42    time: 0.0399  data: 0.0000  max mem: 5880
      ITM Evaluation: [2600/6156]  eta: 0:02:37    time: 0.0407  data: 0.0000  max mem: 5880
      ITM Evaluation: [2700/6156]  eta: 0:02:32    time: 0.0412  data: 0.0000  max mem: 5880
      ITM Evaluation: [2800/6156]  eta: 0:02:28    time: 0.0419  data: 0.0000  max mem: 5880
      ITM Evaluation: [2900/6156]  eta: 0:02:23    time: 0.0436  data: 0.0000  max mem: 5880
      ITM Evaluation: [3000/6156]  eta: 0:02:19    time: 0.0466  data: 0.0000  max mem: 5880
      ITM Evaluation: [3100/6156]  eta: 0:02:15    time: 0.0488  data: 0.0000  max mem: 5880
      ITM Evaluation: [3200/6156]  eta: 0:02:11    time: 0.0437  data: 0.0000  max mem: 5880
      ITM Evaluation: [3300/6156]  eta: 0:02:06    time: 0.0429  data: 0.0000  max mem: 5880
      ITM Evaluation: [3400/6156]  eta: 0:02:02    time: 0.0419  data: 0.0000  max mem: 5880
      ITM Evaluation: [3500/6156]  eta: 0:01:57    time: 0.0417  data: 0.0000  max mem: 5880
      ITM Evaluation: [3600/6156]  eta: 0:01:52    time: 0.0417  data: 0.0000  max mem: 5880
      ITM Evaluation: [3700/6156]  eta: 0:01:48    time: 0.0436  data: 0.0000  max mem: 5880
      ITM Evaluation: [3800/6156]  eta: 0:01:44    time: 0.0458  data: 0.0000  max mem: 5880
      ITM Evaluation: [3900/6156]  eta: 0:01:39    time: 0.0418  data: 0.0000  max mem: 5880
      ITM Evaluation: [4000/6156]  eta: 0:01:35    time: 0.0544  data: 0.0000  max mem: 5880
      ITM Evaluation: [4100/6156]  eta: 0:01:31    time: 0.0506  data: 0.0000  max mem: 5880
      ITM Evaluation: [4200/6156]  eta: 0:01:27    time: 0.0503  data: 0.0000  max mem: 5880
      ITM Evaluation: [4300/6156]  eta: 0:01:22    time: 0.0436  data: 0.0000  max mem: 5880
      ITM Evaluation: [4400/6156]  eta: 0:01:18    time: 0.0432  data: 0.0000  max mem: 5880
      ITM Evaluation: [4500/6156]  eta: 0:01:13    time: 0.0430  data: 0.0000  max mem: 5880
      ITM Evaluation: [4600/6156]  eta: 0:01:09    time: 0.0437  data: 0.0000  max mem: 5880
      ITM Evaluation: [4700/6156]  eta: 0:01:04    time: 0.0449  data: 0.0000  max mem: 5880
      ITM Evaluation: [4800/6156]  eta: 0:01:00    time: 0.0424  data: 0.0000  max mem: 5880
      ITM Evaluation: [4900/6156]  eta: 0:00:55    time: 0.0411  data: 0.0000  max mem: 5880
      ITM Evaluation: [5000/6156]  eta: 0:00:51    time: 0.0491  data: 0.0000  max mem: 5880
      ITM Evaluation: [5100/6156]  eta: 0:00:46    time: 0.0534  data: 0.0000  max mem: 5880
      ITM Evaluation: [5200/6156]  eta: 0:00:42    time: 0.0475  data: 0.0000  max mem: 5880
      ITM Evaluation: [5300/6156]  eta: 0:00:38    time: 0.0476  data: 0.0000  max mem: 5880
      ITM Evaluation: [5400/6156]  eta: 0:00:33    time: 0.0420  data: 0.0000  max mem: 5880
      ITM Evaluation: [5500/6156]  eta: 0:00:29    time: 0.0410  data: 0.0000  max mem: 5880
      ITM Evaluation: [5600/6156]  eta: 0:00:24    time: 0.0416  data: 0.0000  max mem: 5880
      ITM Evaluation: [5700/6156]  eta: 0:00:20    time: 0.0421  data: 0.0000  max mem: 5880
      ITM Evaluation: [5800/6156]  eta: 0:00:15    time: 0.0399  data: 0.0000  max mem: 5880
      ITM Evaluation: [5900/6156]  eta: 0:00:11    time: 0.0430  data: 0.0000  max mem: 5880
      ITM Evaluation: [6000/6156]  eta: 0:00:06    time: 0.0429  data: 0.0000  max mem: 5880
      ITM Evaluation: [6100/6156]  eta: 0:00:02    time: 0.0402  data: 0.0000  max mem: 5880
      ITM Evaluation: [6155/6156]  eta: 0:00:00    time: 0.0412  data: 0.0000  max mem: 5880
      ITM Evaluation: Total time: 0:04:34 (0.0445 s / it)
     total_time 274.17763018608093
     Computing matching score time 0:04:34
### TTA ITM Score: 
+-------+--------+--------+--------+--------+--------+
| epoch |   R1   |   R5   |  R10   |  mAP   |  mINP  |
+-------+--------+--------+--------+--------+--------+
|  -999 | 70.760 | 87.378 | 92.268 | 63.849 | 48.174 |
|  -999 | 76.170 | 89.457 | 93.600 | 65.570 | 47.372 |
|   0   | 74.480 | 88.824 | 92.966 | 65.319 | 48.348 |
|   1   | 73.944 | 88.710 | 92.901 | 65.016 | 48.086 |
|   2   | 73.700 | 88.710 | 93.015 | 64.844 | 47.881 |
|   3   | 73.408 | 88.791 | 92.723 | 64.421 | 46.985 |
|   4   | 73.538 | 88.629 | 92.804 | 64.421 | 47.075 |
|   5   | 73.457 | 88.580 | 92.609 | 64.360 | 47.053 |
|   6   | 73.441 | 88.580 | 92.723 | 64.307 | 46.975 |
|   7   | 73.441 | 88.613 | 92.739 | 64.344 | 47.062 |
|   8   | 73.343 | 88.613 | 92.706 | 64.232 | 46.838 |
|   9   | 73.343 | 88.580 | 92.641 | 64.089 | 46.534 |
|   10  | 73.343 | 88.499 | 92.609 | 63.963 | 46.270 |
+-------+--------+--------+--------+--------+--------+
     logs:  {'epo': 10, 'R1': 73.343, 'R5': 88.499, 'R10': 92.609, 'mAP': 63.963, 'mINP': 46.27, 'lr': 6.7e-05, 'entropy': 0.172033, 'loss': 0.172033}
      TTA Epoch: [11] [  0/109]  eta: 0:01:23  lr: 0.000066  entropy: 0.1873  loss: 0.1873  time: 0.7704  data: 0.6625  max mem: 5880
      TTA Epoch: [11] [100/109]  eta: 0:00:00  lr: 0.000063  entropy: 0.1770  loss: 0.1770  time: 0.0534  data: 0.0002  max mem: 5880
      TTA Epoch: [11] [108/109]  eta: 0:00:00  lr: 0.000062  entropy: 0.1248  loss: 0.1248  time: 0.0495  data: 0.0002  max mem: 5880
      TTA Epoch: [11] Total time: 0:00:07 (0.0691 s / it)
     Averaged stats: lr: 0.0001  entropy: 0.1637  loss: 0.1637
     itm tta time 0:00:07
     Computing matching score
      ITM Evaluation: [   0/6156]  eta: 0:06:39    time: 0.0649  data: 0.0047  max mem: 5880
      ITM Evaluation: [ 100/6156]  eta: 0:04:20    time: 0.0409  data: 0.0000  max mem: 5880
      ITM Evaluation: [ 200/6156]  eta: 0:04:15    time: 0.0413  data: 0.0000  max mem: 5880
      ITM Evaluation: [ 300/6156]  eta: 0:04:10    time: 0.0429  data: 0.0000  max mem: 5880
      ITM Evaluation: [ 400/6156]  eta: 0:04:06    time: 0.0443  data: 0.0000  max mem: 5880
      ITM Evaluation: [ 500/6156]  eta: 0:04:02    time: 0.0433  data: 0.0000  max mem: 5880
      ITM Evaluation: [ 600/6156]  eta: 0:03:58    time: 0.0434  data: 0.0000  max mem: 5880
      ITM Evaluation: [ 700/6156]  eta: 0:03:54    time: 0.0445  data: 0.0000  max mem: 5880
      ITM Evaluation: [ 800/6156]  eta: 0:03:52    time: 0.0454  data: 0.0000  max mem: 5880
      ITM Evaluation: [ 900/6156]  eta: 0:03:49    time: 0.0463  data: 0.0000  max mem: 5880
      ITM Evaluation: [1000/6156]  eta: 0:03:45    time: 0.0436  data: 0.0000  max mem: 5880
      ITM Evaluation: [1100/6156]  eta: 0:03:41    time: 0.0437  data: 0.0000  max mem: 5880
      ITM Evaluation: [1200/6156]  eta: 0:03:36    time: 0.0460  data: 0.0000  max mem: 5880
      ITM Evaluation: [1300/6156]  eta: 0:03:31    time: 0.0416  data: 0.0000  max mem: 5880
      ITM Evaluation: [1400/6156]  eta: 0:03:26    time: 0.0400  data: 0.0000  max mem: 5880
      ITM Evaluation: [1500/6156]  eta: 0:03:22    time: 0.0474  data: 0.0000  max mem: 5880
      ITM Evaluation: [1600/6156]  eta: 0:03:18    time: 0.0439  data: 0.0000  max mem: 5880
      ITM Evaluation: [1700/6156]  eta: 0:03:14    time: 0.0517  data: 0.0000  max mem: 5880
      ITM Evaluation: [1800/6156]  eta: 0:03:11    time: 0.0486  data: 0.0000  max mem: 5880
      ITM Evaluation: [1900/6156]  eta: 0:03:08    time: 0.0479  data: 0.0000  max mem: 5880
      ITM Evaluation: [2000/6156]  eta: 0:03:03    time: 0.0411  data: 0.0000  max mem: 5880
      ITM Evaluation: [2100/6156]  eta: 0:02:58    time: 0.0460  data: 0.0000  max mem: 5880
      ITM Evaluation: [2200/6156]  eta: 0:02:54    time: 0.0441  data: 0.0000  max mem: 5880
      ITM Evaluation: [2300/6156]  eta: 0:02:49    time: 0.0415  data: 0.0000  max mem: 5880
      ITM Evaluation: [2400/6156]  eta: 0:02:44    time: 0.0410  data: 0.0000  max mem: 5880
      ITM Evaluation: [2500/6156]  eta: 0:02:40    time: 0.0423  data: 0.0000  max mem: 5880
      ITM Evaluation: [2600/6156]  eta: 0:02:35    time: 0.0438  data: 0.0000  max mem: 5880
      ITM Evaluation: [2700/6156]  eta: 0:02:31    time: 0.0436  data: 0.0000  max mem: 5880
      ITM Evaluation: [2800/6156]  eta: 0:02:27    time: 0.0516  data: 0.0000  max mem: 5880
      ITM Evaluation: [2900/6156]  eta: 0:02:23    time: 0.0474  data: 0.0000  max mem: 5880
      ITM Evaluation: [3000/6156]  eta: 0:02:19    time: 0.0441  data: 0.0000  max mem: 5880
      ITM Evaluation: [3100/6156]  eta: 0:02:15    time: 0.0414  data: 0.0000  max mem: 5880
      ITM Evaluation: [3200/6156]  eta: 0:02:10    time: 0.0421  data: 0.0000  max mem: 5880
      ITM Evaluation: [3300/6156]  eta: 0:02:05    time: 0.0379  data: 0.0000  max mem: 5880
      ITM Evaluation: [3400/6156]  eta: 0:02:01    time: 0.0437  data: 0.0000  max mem: 5880
      ITM Evaluation: [3500/6156]  eta: 0:01:56    time: 0.0416  data: 0.0000  max mem: 5880
      ITM Evaluation: [3600/6156]  eta: 0:01:51    time: 0.0409  data: 0.0000  max mem: 5880
      ITM Evaluation: [3700/6156]  eta: 0:01:47    time: 0.0409  data: 0.0000  max mem: 5880
      ITM Evaluation: [3800/6156]  eta: 0:01:42    time: 0.0433  data: 0.0000  max mem: 5880
      ITM Evaluation: [3900/6156]  eta: 0:01:38    time: 0.0489  data: 0.0000  max mem: 5880
      ITM Evaluation: [4000/6156]  eta: 0:01:34    time: 0.0456  data: 0.0000  max mem: 5880
      ITM Evaluation: [4100/6156]  eta: 0:01:30    time: 0.0403  data: 0.0000  max mem: 5880
      ITM Evaluation: [4200/6156]  eta: 0:01:25    time: 0.0434  data: 0.0000  max mem: 5880
      ITM Evaluation: [4300/6156]  eta: 0:01:21    time: 0.0436  data: 0.0000  max mem: 5880
      ITM Evaluation: [4400/6156]  eta: 0:01:16    time: 0.0461  data: 0.0000  max mem: 5880
      ITM Evaluation: [4500/6156]  eta: 0:01:12    time: 0.0402  data: 0.0000  max mem: 5880
      ITM Evaluation: [4600/6156]  eta: 0:01:07    time: 0.0420  data: 0.0000  max mem: 5880
      ITM Evaluation: [4700/6156]  eta: 0:01:03    time: 0.0408  data: 0.0000  max mem: 5880
      ITM Evaluation: [4800/6156]  eta: 0:00:58    time: 0.0427  data: 0.0000  max mem: 5880
      ITM Evaluation: [4900/6156]  eta: 0:00:54    time: 0.0510  data: 0.0000  max mem: 5880
      ITM Evaluation: [5000/6156]  eta: 0:00:50    time: 0.0426  data: 0.0000  max mem: 5880
      ITM Evaluation: [5100/6156]  eta: 0:00:45    time: 0.0408  data: 0.0000  max mem: 5880
      ITM Evaluation: [5200/6156]  eta: 0:00:41    time: 0.0406  data: 0.0000  max mem: 5880
      ITM Evaluation: [5300/6156]  eta: 0:00:37    time: 0.0388  data: 0.0000  max mem: 5880
      ITM Evaluation: [5400/6156]  eta: 0:00:32    time: 0.0407  data: 0.0000  max mem: 5880
      ITM Evaluation: [5500/6156]  eta: 0:00:28    time: 0.0366  data: 0.0000  max mem: 5880
      ITM Evaluation: [5600/6156]  eta: 0:00:24    time: 0.0380  data: 0.0000  max mem: 5880
      ITM Evaluation: [5700/6156]  eta: 0:00:19    time: 0.0396  data: 0.0000  max mem: 5880
      ITM Evaluation: [5800/6156]  eta: 0:00:15    time: 0.0400  data: 0.0000  max mem: 5880
      ITM Evaluation: [5900/6156]  eta: 0:00:11    time: 0.0463  data: 0.0000  max mem: 5880
      ITM Evaluation: [6000/6156]  eta: 0:00:06    time: 0.0399  data: 0.0000  max mem: 5880
      ITM Evaluation: [6100/6156]  eta: 0:00:02    time: 0.0511  data: 0.0000  max mem: 5880
      ITM Evaluation: [6155/6156]  eta: 0:00:00    time: 0.0424  data: 0.0000  max mem: 5880
      ITM Evaluation: Total time: 0:04:26 (0.0433 s / it)
     total_time 266.52693796157837
     Computing matching score time 0:04:26
### TTA ITM Score: 
+-------+--------+--------+--------+--------+--------+
| epoch |   R1   |   R5   |  R10   |  mAP   |  mINP  |
+-------+--------+--------+--------+--------+--------+
|  -999 | 70.760 | 87.378 | 92.268 | 63.849 | 48.174 |
|  -999 | 76.170 | 89.457 | 93.600 | 65.570 | 47.372 |
|   0   | 74.480 | 88.824 | 92.966 | 65.319 | 48.348 |
|   1   | 73.944 | 88.710 | 92.901 | 65.016 | 48.086 |
|   2   | 73.700 | 88.710 | 93.015 | 64.844 | 47.881 |
|   3   | 73.408 | 88.791 | 92.723 | 64.421 | 46.985 |
|   4   | 73.538 | 88.629 | 92.804 | 64.421 | 47.075 |
|   5   | 73.457 | 88.580 | 92.609 | 64.360 | 47.053 |
|   6   | 73.441 | 88.580 | 92.723 | 64.307 | 46.975 |
|   7   | 73.441 | 88.613 | 92.739 | 64.344 | 47.062 |
|   8   | 73.343 | 88.613 | 92.706 | 64.232 | 46.838 |
|   9   | 73.343 | 88.580 | 92.641 | 64.089 | 46.534 |
|   10  | 73.343 | 88.499 | 92.609 | 63.963 | 46.270 |
|   11  | 73.441 | 88.596 | 92.625 | 64.141 | 46.611 |
+-------+--------+--------+--------+--------+--------+
     logs:  {'epo': 11, 'R1': 73.441, 'R5': 88.596, 'R10': 92.625, 'mAP': 64.141, 'mINP': 46.611, 'lr': 6.4e-05, 'entropy': 0.163693, 'loss': 0.163693}
      TTA Epoch: [12] [  0/109]  eta: 0:01:19  lr: 0.000062  entropy: 0.2827  loss: 0.2827  time: 0.7279  data: 0.6339  max mem: 5880
      TTA Epoch: [12] [100/109]  eta: 0:00:00  lr: 0.000059  entropy: 0.1273  loss: 0.1273  time: 0.0528  data: 0.0001  max mem: 5880
      TTA Epoch: [12] [108/109]  eta: 0:00:00  lr: 0.000059  entropy: 0.0645  loss: 0.0645  time: 0.0470  data: 0.0001  max mem: 5880
      TTA Epoch: [12] Total time: 0:00:06 (0.0580 s / it)
     Averaged stats: lr: 0.0001  entropy: 0.1633  loss: 0.1633
     itm tta time 0:00:06
     Computing matching score
      ITM Evaluation: [   0/6156]  eta: 0:05:40    time: 0.0553  data: 0.0083  max mem: 5880
      ITM Evaluation: [ 100/6156]  eta: 0:03:59    time: 0.0401  data: 0.0000  max mem: 5880
      ITM Evaluation: [ 200/6156]  eta: 0:03:55    time: 0.0364  data: 0.0000  max mem: 5880
      ITM Evaluation: [ 300/6156]  eta: 0:03:55    time: 0.0442  data: 0.0000  max mem: 5880
      ITM Evaluation: [ 400/6156]  eta: 0:03:54    time: 0.0418  data: 0.0000  max mem: 5880
      ITM Evaluation: [ 500/6156]  eta: 0:03:51    time: 0.0412  data: 0.0000  max mem: 5880
      ITM Evaluation: [ 600/6156]  eta: 0:03:48    time: 0.0457  data: 0.0000  max mem: 5880
      ITM Evaluation: [ 700/6156]  eta: 0:03:46    time: 0.0458  data: 0.0000  max mem: 5880
      ITM Evaluation: [ 800/6156]  eta: 0:03:46    time: 0.0464  data: 0.0000  max mem: 5880
      ITM Evaluation: [ 900/6156]  eta: 0:03:42    time: 0.0416  data: 0.0000  max mem: 5880
      ITM Evaluation: [1000/6156]  eta: 0:03:35    time: 0.0362  data: 0.0000  max mem: 5880
      ITM Evaluation: [1100/6156]  eta: 0:03:30    time: 0.0418  data: 0.0000  max mem: 5880
      ITM Evaluation: [1200/6156]  eta: 0:03:25    time: 0.0411  data: 0.0000  max mem: 5880
      ITM Evaluation: [1300/6156]  eta: 0:03:21    time: 0.0435  data: 0.0000  max mem: 5880
      ITM Evaluation: [1400/6156]  eta: 0:03:17    time: 0.0441  data: 0.0000  max mem: 5880
      ITM Evaluation: [1500/6156]  eta: 0:03:13    time: 0.0422  data: 0.0000  max mem: 5880
      ITM Evaluation: [1600/6156]  eta: 0:03:09    time: 0.0424  data: 0.0000  max mem: 5880
      ITM Evaluation: [1700/6156]  eta: 0:03:06    time: 0.0464  data: 0.0000  max mem: 5880
      ITM Evaluation: [1800/6156]  eta: 0:03:03    time: 0.0452  data: 0.0000  max mem: 5880
      ITM Evaluation: [1900/6156]  eta: 0:02:59    time: 0.0378  data: 0.0000  max mem: 5880
      ITM Evaluation: [2000/6156]  eta: 0:02:54    time: 0.0451  data: 0.0000  max mem: 5880
      ITM Evaluation: [2100/6156]  eta: 0:02:50    time: 0.0400  data: 0.0000  max mem: 5880
      ITM Evaluation: [2200/6156]  eta: 0:02:46    time: 0.0433  data: 0.0000  max mem: 5880
      ITM Evaluation: [2300/6156]  eta: 0:02:42    time: 0.0418  data: 0.0000  max mem: 5880
      ITM Evaluation: [2400/6156]  eta: 0:02:37    time: 0.0399  data: 0.0000  max mem: 5880
      ITM Evaluation: [2500/6156]  eta: 0:02:33    time: 0.0399  data: 0.0000  max mem: 5880
      ITM Evaluation: [2600/6156]  eta: 0:02:29    time: 0.0350  data: 0.0000  max mem: 5880
      ITM Evaluation: [2700/6156]  eta: 0:02:24    time: 0.0383  data: 0.0000  max mem: 5880
      ITM Evaluation: [2800/6156]  eta: 0:02:19    time: 0.0351  data: 0.0000  max mem: 5880
      ITM Evaluation: [2900/6156]  eta: 0:02:15    time: 0.0363  data: 0.0000  max mem: 5880
      ITM Evaluation: [3000/6156]  eta: 0:02:10    time: 0.0339  data: 0.0000  max mem: 5880
      ITM Evaluation: [3100/6156]  eta: 0:02:05    time: 0.0370  data: 0.0000  max mem: 5880
      ITM Evaluation: [3200/6156]  eta: 0:02:00    time: 0.0324  data: 0.0000  max mem: 5880
      ITM Evaluation: [3300/6156]  eta: 0:01:55    time: 0.0341  data: 0.0000  max mem: 5880
      ITM Evaluation: [3400/6156]  eta: 0:01:51    time: 0.0352  data: 0.0000  max mem: 5880
      ITM Evaluation: [3500/6156]  eta: 0:01:46    time: 0.0329  data: 0.0000  max mem: 5880
      ITM Evaluation: [3600/6156]  eta: 0:01:42    time: 0.0338  data: 0.0000  max mem: 5880
      ITM Evaluation: [3700/6156]  eta: 0:01:38    time: 0.0364  data: 0.0000  max mem: 5880
      ITM Evaluation: [3800/6156]  eta: 0:01:34    time: 0.0315  data: 0.0000  max mem: 5880
      ITM Evaluation: [3900/6156]  eta: 0:01:30    time: 0.0404  data: 0.0000  max mem: 5880
      ITM Evaluation: [4000/6156]  eta: 0:01:26    time: 0.0385  data: 0.0000  max mem: 5880
      ITM Evaluation: [4100/6156]  eta: 0:01:21    time: 0.0340  data: 0.0000  max mem: 5880
      ITM Evaluation: [4200/6156]  eta: 0:01:17    time: 0.0387  data: 0.0000  max mem: 5880
      ITM Evaluation: [4300/6156]  eta: 0:01:13    time: 0.0343  data: 0.0000  max mem: 5880
      ITM Evaluation: [4400/6156]  eta: 0:01:09    time: 0.0345  data: 0.0000  max mem: 5880
      ITM Evaluation: [4500/6156]  eta: 0:01:05    time: 0.0427  data: 0.0000  max mem: 5880
      ITM Evaluation: [4600/6156]  eta: 0:01:01    time: 0.0422  data: 0.0000  max mem: 5880
      ITM Evaluation: [4700/6156]  eta: 0:00:57    time: 0.0400  data: 0.0000  max mem: 5880
      ITM Evaluation: [4800/6156]  eta: 0:00:54    time: 0.0450  data: 0.0000  max mem: 5880
      ITM Evaluation: [4900/6156]  eta: 0:00:50    time: 0.0527  data: 0.0000  max mem: 5880
      ITM Evaluation: [5000/6156]  eta: 0:00:46    time: 0.0353  data: 0.0000  max mem: 5880
      ITM Evaluation: [5100/6156]  eta: 0:00:42    time: 0.0501  data: 0.0000  max mem: 5880
      ITM Evaluation: [5200/6156]  eta: 0:00:38    time: 0.0372  data: 0.0000  max mem: 5880
      ITM Evaluation: [5300/6156]  eta: 0:00:34    time: 0.0374  data: 0.0000  max mem: 5880
      ITM Evaluation: [5400/6156]  eta: 0:00:30    time: 0.0396  data: 0.0000  max mem: 5880
      ITM Evaluation: [5500/6156]  eta: 0:00:26    time: 0.0389  data: 0.0000  max mem: 5880
      ITM Evaluation: [5600/6156]  eta: 0:00:22    time: 0.0367  data: 0.0000  max mem: 5880
      ITM Evaluation: [5700/6156]  eta: 0:00:18    time: 0.0397  data: 0.0000  max mem: 5880
      ITM Evaluation: [5800/6156]  eta: 0:00:14    time: 0.0416  data: 0.0000  max mem: 5880
      ITM Evaluation: [5900/6156]  eta: 0:00:10    time: 0.0364  data: 0.0000  max mem: 5880
      ITM Evaluation: [6000/6156]  eta: 0:00:06    time: 0.0395  data: 0.0000  max mem: 5880
      ITM Evaluation: [6100/6156]  eta: 0:00:02    time: 0.0550  data: 0.0000  max mem: 5880
      ITM Evaluation: [6155/6156]  eta: 0:00:00    time: 0.0498  data: 0.0000  max mem: 5880
      ITM Evaluation: Total time: 0:04:08 (0.0403 s / it)
     total_time 248.33423376083374
     Computing matching score time 0:04:08
### TTA ITM Score: 
+-------+--------+--------+--------+--------+--------+
| epoch |   R1   |   R5   |  R10   |  mAP   |  mINP  |
+-------+--------+--------+--------+--------+--------+
|  -999 | 70.760 | 87.378 | 92.268 | 63.849 | 48.174 |
|  -999 | 76.170 | 89.457 | 93.600 | 65.570 | 47.372 |
|   0   | 74.480 | 88.824 | 92.966 | 65.319 | 48.348 |
|   1   | 73.944 | 88.710 | 92.901 | 65.016 | 48.086 |
|   2   | 73.700 | 88.710 | 93.015 | 64.844 | 47.881 |
|   3   | 73.408 | 88.791 | 92.723 | 64.421 | 46.985 |
|   4   | 73.538 | 88.629 | 92.804 | 64.421 | 47.075 |
|   5   | 73.457 | 88.580 | 92.609 | 64.360 | 47.053 |
|   6   | 73.441 | 88.580 | 92.723 | 64.307 | 46.975 |
|   7   | 73.441 | 88.613 | 92.739 | 64.344 | 47.062 |
|   8   | 73.343 | 88.613 | 92.706 | 64.232 | 46.838 |
|   9   | 73.343 | 88.580 | 92.641 | 64.089 | 46.534 |
|   10  | 73.343 | 88.499 | 92.609 | 63.963 | 46.270 |
|   11  | 73.441 | 88.596 | 92.625 | 64.141 | 46.611 |
|   12  | 73.506 | 88.580 | 92.609 | 64.079 | 46.461 |
+-------+--------+--------+--------+--------+--------+
     logs:  {'epo': 12, 'R1': 73.506, 'R5': 88.58, 'R10': 92.609, 'mAP': 64.079, 'mINP': 46.461, 'lr': 6.1e-05, 'entropy': 0.163313, 'loss': 0.163313}
      TTA Epoch: [13] [  0/109]  eta: 0:01:20  lr: 0.000059  entropy: 0.1266  loss: 0.1266  time: 0.7414  data: 0.6461  max mem: 5880
      TTA Epoch: [13] [100/109]  eta: 0:00:00  lr: 0.000056  entropy: 0.2270  loss: 0.2270  time: 0.0550  data: 0.0002  max mem: 5880
      TTA Epoch: [13] [108/109]  eta: 0:00:00  lr: 0.000055  entropy: 0.4586  loss: 0.4586  time: 0.0470  data: 0.0002  max mem: 5880
      TTA Epoch: [13] Total time: 0:00:06 (0.0597 s / it)
     Averaged stats: lr: 0.0001  entropy: 0.1620  loss: 0.1620
     itm tta time 0:00:06
     Computing matching score
      ITM Evaluation: [   0/6156]  eta: 0:04:07    time: 0.0402  data: 0.0042  max mem: 5880
      ITM Evaluation: [ 100/6156]  eta: 0:04:03    time: 0.0406  data: 0.0000  max mem: 5880
      ITM Evaluation: [ 200/6156]  eta: 0:03:56    time: 0.0383  data: 0.0000  max mem: 5880
      ITM Evaluation: [ 300/6156]  eta: 0:03:57    time: 0.0418  data: 0.0000  max mem: 5880
      ITM Evaluation: [ 400/6156]  eta: 0:03:57    time: 0.0438  data: 0.0000  max mem: 5880
      ITM Evaluation: [ 500/6156]  eta: 0:03:54    time: 0.0454  data: 0.0000  max mem: 5880
      ITM Evaluation: [ 600/6156]  eta: 0:03:51    time: 0.0434  data: 0.0000  max mem: 5880
      ITM Evaluation: [ 700/6156]  eta: 0:03:49    time: 0.0504  data: 0.0000  max mem: 5880
      ITM Evaluation: [ 800/6156]  eta: 0:03:48    time: 0.0472  data: 0.0000  max mem: 5880
      ITM Evaluation: [ 900/6156]  eta: 0:03:47    time: 0.0466  data: 0.0000  max mem: 5880
      ITM Evaluation: [1000/6156]  eta: 0:03:43    time: 0.0429  data: 0.0000  max mem: 5880
      ITM Evaluation: [1100/6156]  eta: 0:03:38    time: 0.0406  data: 0.0000  max mem: 5880
      ITM Evaluation: [1200/6156]  eta: 0:03:33    time: 0.0409  data: 0.0000  max mem: 5880
      ITM Evaluation: [1300/6156]  eta: 0:03:29    time: 0.0440  data: 0.0000  max mem: 5880
      ITM Evaluation: [1400/6156]  eta: 0:03:25    time: 0.0422  data: 0.0000  max mem: 5880
      ITM Evaluation: [1500/6156]  eta: 0:03:20    time: 0.0419  data: 0.0000  max mem: 5880
      ITM Evaluation: [1600/6156]  eta: 0:03:16    time: 0.0443  data: 0.0000  max mem: 5880
      ITM Evaluation: [1700/6156]  eta: 0:03:12    time: 0.0456  data: 0.0000  max mem: 5880
      ITM Evaluation: [1800/6156]  eta: 0:03:08    time: 0.0501  data: 0.0000  max mem: 5880
      ITM Evaluation: [1900/6156]  eta: 0:03:05    time: 0.0498  data: 0.0000  max mem: 5880
      ITM Evaluation: [2000/6156]  eta: 0:03:01    time: 0.0434  data: 0.0000  max mem: 5880
      ITM Evaluation: [2100/6156]  eta: 0:02:56    time: 0.0405  data: 0.0000  max mem: 5880
      ITM Evaluation: [2200/6156]  eta: 0:02:52    time: 0.0434  data: 0.0000  max mem: 5880
      ITM Evaluation: [2300/6156]  eta: 0:02:47    time: 0.0428  data: 0.0000  max mem: 5880
      ITM Evaluation: [2400/6156]  eta: 0:02:43    time: 0.0425  data: 0.0000  max mem: 5880
      ITM Evaluation: [2500/6156]  eta: 0:02:38    time: 0.0440  data: 0.0000  max mem: 5880
      ITM Evaluation: [2600/6156]  eta: 0:02:34    time: 0.0410  data: 0.0000  max mem: 5880
      ITM Evaluation: [2700/6156]  eta: 0:02:29    time: 0.0421  data: 0.0000  max mem: 5880
      ITM Evaluation: [2800/6156]  eta: 0:02:25    time: 0.0516  data: 0.0000  max mem: 5880
      ITM Evaluation: [2900/6156]  eta: 0:02:22    time: 0.0472  data: 0.0000  max mem: 5880
      ITM Evaluation: [3000/6156]  eta: 0:02:18    time: 0.0436  data: 0.0000  max mem: 5880
      ITM Evaluation: [3100/6156]  eta: 0:02:13    time: 0.0421  data: 0.0000  max mem: 5880
      ITM Evaluation: [3200/6156]  eta: 0:02:09    time: 0.0448  data: 0.0000  max mem: 5880
      ITM Evaluation: [3300/6156]  eta: 0:02:04    time: 0.0393  data: 0.0000  max mem: 5880
      ITM Evaluation: [3400/6156]  eta: 0:02:00    time: 0.0434  data: 0.0000  max mem: 5880
      ITM Evaluation: [3500/6156]  eta: 0:01:55    time: 0.0397  data: 0.0000  max mem: 5880
      ITM Evaluation: [3600/6156]  eta: 0:01:51    time: 0.0420  data: 0.0000  max mem: 5880
      ITM Evaluation: [3700/6156]  eta: 0:01:47    time: 0.0416  data: 0.0000  max mem: 5880
      ITM Evaluation: [3800/6156]  eta: 0:01:42    time: 0.0480  data: 0.0000  max mem: 5880
      ITM Evaluation: [3900/6156]  eta: 0:01:38    time: 0.0514  data: 0.0000  max mem: 5880
      ITM Evaluation: [4000/6156]  eta: 0:01:34    time: 0.0503  data: 0.0000  max mem: 5880
      ITM Evaluation: [4100/6156]  eta: 0:01:30    time: 0.0438  data: 0.0000  max mem: 5880
      ITM Evaluation: [4200/6156]  eta: 0:01:25    time: 0.0431  data: 0.0000  max mem: 5880
      ITM Evaluation: [4300/6156]  eta: 0:01:21    time: 0.0447  data: 0.0000  max mem: 5880
      ITM Evaluation: [4400/6156]  eta: 0:01:16    time: 0.0377  data: 0.0000  max mem: 5880
      ITM Evaluation: [4500/6156]  eta: 0:01:12    time: 0.0374  data: 0.0000  max mem: 5880
      ITM Evaluation: [4600/6156]  eta: 0:01:07    time: 0.0424  data: 0.0000  max mem: 5880
      ITM Evaluation: [4700/6156]  eta: 0:01:03    time: 0.0437  data: 0.0000  max mem: 5880
      ITM Evaluation: [4800/6156]  eta: 0:00:58    time: 0.0383  data: 0.0000  max mem: 5880
      ITM Evaluation: [4900/6156]  eta: 0:00:54    time: 0.0473  data: 0.0000  max mem: 5880
      ITM Evaluation: [5000/6156]  eta: 0:00:50    time: 0.0436  data: 0.0000  max mem: 5880
      ITM Evaluation: [5100/6156]  eta: 0:00:46    time: 0.0466  data: 0.0000  max mem: 5880
      ITM Evaluation: [5200/6156]  eta: 0:00:41    time: 0.0414  data: 0.0000  max mem: 5880
      ITM Evaluation: [5300/6156]  eta: 0:00:37    time: 0.0430  data: 0.0000  max mem: 5880
      ITM Evaluation: [5400/6156]  eta: 0:00:32    time: 0.0410  data: 0.0000  max mem: 5880
      ITM Evaluation: [5500/6156]  eta: 0:00:28    time: 0.0459  data: 0.0000  max mem: 5880
      ITM Evaluation: [5600/6156]  eta: 0:00:24    time: 0.0441  data: 0.0000  max mem: 5880
      ITM Evaluation: [5700/6156]  eta: 0:00:19    time: 0.0401  data: 0.0000  max mem: 5880
      ITM Evaluation: [5800/6156]  eta: 0:00:15    time: 0.0410  data: 0.0000  max mem: 5880
      ITM Evaluation: [5900/6156]  eta: 0:00:11    time: 0.0373  data: 0.0000  max mem: 5880
      ITM Evaluation: [6000/6156]  eta: 0:00:06    time: 0.0498  data: 0.0000  max mem: 5880
      ITM Evaluation: [6100/6156]  eta: 0:00:02    time: 0.0495  data: 0.0000  max mem: 5880
      ITM Evaluation: [6155/6156]  eta: 0:00:00    time: 0.0555  data: 0.0000  max mem: 5880
      ITM Evaluation: Total time: 0:04:27 (0.0435 s / it)
     total_time 268.02600836753845
     Computing matching score time 0:04:28
### TTA ITM Score: 
+-------+--------+--------+--------+--------+--------+
| epoch |   R1   |   R5   |  R10   |  mAP   |  mINP  |
+-------+--------+--------+--------+--------+--------+
|  -999 | 70.760 | 87.378 | 92.268 | 63.849 | 48.174 |
|  -999 | 76.170 | 89.457 | 93.600 | 65.570 | 47.372 |
|   0   | 74.480 | 88.824 | 92.966 | 65.319 | 48.348 |
|   1   | 73.944 | 88.710 | 92.901 | 65.016 | 48.086 |
|   2   | 73.700 | 88.710 | 93.015 | 64.844 | 47.881 |
|   3   | 73.408 | 88.791 | 92.723 | 64.421 | 46.985 |
|   4   | 73.538 | 88.629 | 92.804 | 64.421 | 47.075 |
|   5   | 73.457 | 88.580 | 92.609 | 64.360 | 47.053 |
|   6   | 73.441 | 88.580 | 92.723 | 64.307 | 46.975 |
|   7   | 73.441 | 88.613 | 92.739 | 64.344 | 47.062 |
|   8   | 73.343 | 88.613 | 92.706 | 64.232 | 46.838 |
|   9   | 73.343 | 88.580 | 92.641 | 64.089 | 46.534 |
|   10  | 73.343 | 88.499 | 92.609 | 63.963 | 46.270 |
|   11  | 73.441 | 88.596 | 92.625 | 64.141 | 46.611 |
|   12  | 73.506 | 88.580 | 92.609 | 64.079 | 46.461 |
|   13  | 73.473 | 88.548 | 92.739 | 64.178 | 46.687 |
+-------+--------+--------+--------+--------+--------+
     logs:  {'epo': 13, 'R1': 73.473, 'R5': 88.548, 'R10': 92.739, 'mAP': 64.178, 'mINP': 46.687, 'lr': 5.7e-05, 'entropy': 0.161969, 'loss': 0.161969}
      TTA Epoch: [14] [  0/109]  eta: 0:01:06  lr: 0.000055  entropy: 0.1005  loss: 0.1005  time: 0.6131  data: 0.5228  max mem: 5880
      TTA Epoch: [14] [100/109]  eta: 0:00:00  lr: 0.000052  entropy: 0.1488  loss: 0.1488  time: 0.0497  data: 0.0001  max mem: 5880
      TTA Epoch: [14] [108/109]  eta: 0:00:00  lr: 0.000052  entropy: 0.2653  loss: 0.2653  time: 0.0454  data: 0.0001  max mem: 5880
      TTA Epoch: [14] Total time: 0:00:06 (0.0560 s / it)
     Averaged stats: lr: 0.0001  entropy: 0.1616  loss: 0.1616
     itm tta time 0:00:06
     Computing matching score
      ITM Evaluation: [   0/6156]  eta: 0:04:59    time: 0.0487  data: 0.0042  max mem: 5880
      ITM Evaluation: [ 100/6156]  eta: 0:04:16    time: 0.0423  data: 0.0000  max mem: 5880
      ITM Evaluation: [ 200/6156]  eta: 0:04:00    time: 0.0364  data: 0.0000  max mem: 5880
      ITM Evaluation: [ 300/6156]  eta: 0:03:56    time: 0.0430  data: 0.0000  max mem: 5880
      ITM Evaluation: [ 400/6156]  eta: 0:03:51    time: 0.0391  data: 0.0000  max mem: 5880
      ITM Evaluation: [ 500/6156]  eta: 0:03:45    time: 0.0388  data: 0.0000  max mem: 5880
      ITM Evaluation: [ 600/6156]  eta: 0:03:41    time: 0.0386  data: 0.0000  max mem: 5880
      ITM Evaluation: [ 700/6156]  eta: 0:03:41    time: 0.0484  data: 0.0000  max mem: 5880
      ITM Evaluation: [ 800/6156]  eta: 0:03:44    time: 0.0488  data: 0.0000  max mem: 5880
      ITM Evaluation: [ 900/6156]  eta: 0:03:42    time: 0.0398  data: 0.0000  max mem: 5880
      ITM Evaluation: [1000/6156]  eta: 0:03:37    time: 0.0437  data: 0.0000  max mem: 5880
      ITM Evaluation: [1100/6156]  eta: 0:03:33    time: 0.0410  data: 0.0000  max mem: 5880
      ITM Evaluation: [1200/6156]  eta: 0:03:29    time: 0.0429  data: 0.0000  max mem: 5880
      ITM Evaluation: [1300/6156]  eta: 0:03:24    time: 0.0432  data: 0.0000  max mem: 5880
      ITM Evaluation: [1400/6156]  eta: 0:03:19    time: 0.0410  data: 0.0000  max mem: 5880
      ITM Evaluation: [1500/6156]  eta: 0:03:15    time: 0.0412  data: 0.0000  max mem: 5880
      ITM Evaluation: [1600/6156]  eta: 0:03:10    time: 0.0417  data: 0.0000  max mem: 5880
      ITM Evaluation: [1700/6156]  eta: 0:03:07    time: 0.0515  data: 0.0000  max mem: 5880
      ITM Evaluation: [1800/6156]  eta: 0:03:06    time: 0.0536  data: 0.0000  max mem: 5880
      ITM Evaluation: [1900/6156]  eta: 0:03:03    time: 0.0427  data: 0.0000  max mem: 5880
      ITM Evaluation: [2000/6156]  eta: 0:02:58    time: 0.0415  data: 0.0000  max mem: 5880
      ITM Evaluation: [2100/6156]  eta: 0:02:54    time: 0.0436  data: 0.0000  max mem: 5880
      ITM Evaluation: [2200/6156]  eta: 0:02:49    time: 0.0391  data: 0.0000  max mem: 5880
      ITM Evaluation: [2300/6156]  eta: 0:02:44    time: 0.0405  data: 0.0000  max mem: 5880
      ITM Evaluation: [2400/6156]  eta: 0:02:40    time: 0.0422  data: 0.0000  max mem: 5880
      ITM Evaluation: [2500/6156]  eta: 0:02:36    time: 0.0422  data: 0.0000  max mem: 5880
      ITM Evaluation: [2600/6156]  eta: 0:02:31    time: 0.0438  data: 0.0000  max mem: 5880
      ITM Evaluation: [2700/6156]  eta: 0:02:27    time: 0.0492  data: 0.0000  max mem: 5880
      ITM Evaluation: [2800/6156]  eta: 0:02:24    time: 0.0492  data: 0.0000  max mem: 5880
      ITM Evaluation: [2900/6156]  eta: 0:02:20    time: 0.0449  data: 0.0000  max mem: 5880
      ITM Evaluation: [3000/6156]  eta: 0:02:16    time: 0.0409  data: 0.0000  max mem: 5880
      ITM Evaluation: [3100/6156]  eta: 0:02:12    time: 0.0416  data: 0.0000  max mem: 5880
      ITM Evaluation: [3200/6156]  eta: 0:02:07    time: 0.0407  data: 0.0000  max mem: 5880
      ITM Evaluation: [3300/6156]  eta: 0:02:03    time: 0.0407  data: 0.0000  max mem: 5880
      ITM Evaluation: [3400/6156]  eta: 0:01:58    time: 0.0424  data: 0.0000  max mem: 5880
      ITM Evaluation: [3500/6156]  eta: 0:01:54    time: 0.0420  data: 0.0000  max mem: 5880
      ITM Evaluation: [3600/6156]  eta: 0:01:50    time: 0.0427  data: 0.0000  max mem: 5880
      ITM Evaluation: [3700/6156]  eta: 0:01:45    time: 0.0432  data: 0.0000  max mem: 5880
      ITM Evaluation: [3800/6156]  eta: 0:01:41    time: 0.0511  data: 0.0000  max mem: 5880
      ITM Evaluation: [3900/6156]  eta: 0:01:37    time: 0.0505  data: 0.0000  max mem: 5880
      ITM Evaluation: [4000/6156]  eta: 0:01:33    time: 0.0429  data: 0.0000  max mem: 5880
      ITM Evaluation: [4100/6156]  eta: 0:01:29    time: 0.0386  data: 0.0000  max mem: 5880
      ITM Evaluation: [4200/6156]  eta: 0:01:24    time: 0.0424  data: 0.0000  max mem: 5880
      ITM Evaluation: [4300/6156]  eta: 0:01:20    time: 0.0437  data: 0.0000  max mem: 5880
      ITM Evaluation: [4400/6156]  eta: 0:01:16    time: 0.0414  data: 0.0000  max mem: 5880
      ITM Evaluation: [4500/6156]  eta: 0:01:11    time: 0.0393  data: 0.0000  max mem: 5880
      ITM Evaluation: [4600/6156]  eta: 0:01:07    time: 0.0413  data: 0.0000  max mem: 5880
      ITM Evaluation: [4700/6156]  eta: 0:01:02    time: 0.0421  data: 0.0000  max mem: 5880
      ITM Evaluation: [4800/6156]  eta: 0:00:58    time: 0.0487  data: 0.0000  max mem: 5880
      ITM Evaluation: [4900/6156]  eta: 0:00:54    time: 0.0503  data: 0.0000  max mem: 5880
      ITM Evaluation: [5000/6156]  eta: 0:00:50    time: 0.0491  data: 0.0000  max mem: 5880
      ITM Evaluation: [5100/6156]  eta: 0:00:46    time: 0.0412  data: 0.0000  max mem: 5880
      ITM Evaluation: [5200/6156]  eta: 0:00:41    time: 0.0412  data: 0.0000  max mem: 5880
      ITM Evaluation: [5300/6156]  eta: 0:00:37    time: 0.0416  data: 0.0000  max mem: 5880
      ITM Evaluation: [5400/6156]  eta: 0:00:32    time: 0.0456  data: 0.0000  max mem: 5880
      ITM Evaluation: [5500/6156]  eta: 0:00:28    time: 0.0378  data: 0.0000  max mem: 5880
      ITM Evaluation: [5600/6156]  eta: 0:00:24    time: 0.0385  data: 0.0000  max mem: 5880
      ITM Evaluation: [5700/6156]  eta: 0:00:19    time: 0.0416  data: 0.0000  max mem: 5880
      ITM Evaluation: [5800/6156]  eta: 0:00:15    time: 0.0387  data: 0.0000  max mem: 5880
      ITM Evaluation: [5900/6156]  eta: 0:00:11    time: 0.0484  data: 0.0000  max mem: 5880
      ITM Evaluation: [6000/6156]  eta: 0:00:06    time: 0.0525  data: 0.0000  max mem: 5880
      ITM Evaluation: [6100/6156]  eta: 0:00:02    time: 0.0391  data: 0.0000  max mem: 5880
      ITM Evaluation: [6155/6156]  eta: 0:00:00    time: 0.0428  data: 0.0000  max mem: 5880
      ITM Evaluation: Total time: 0:04:27 (0.0434 s / it)
     total_time 267.4731845855713
     Computing matching score time 0:04:27
### TTA ITM Score: 
+-------+--------+--------+--------+--------+--------+
| epoch |   R1   |   R5   |  R10   |  mAP   |  mINP  |
+-------+--------+--------+--------+--------+--------+
|  -999 | 70.760 | 87.378 | 92.268 | 63.849 | 48.174 |
|  -999 | 76.170 | 89.457 | 93.600 | 65.570 | 47.372 |
|   0   | 74.480 | 88.824 | 92.966 | 65.319 | 48.348 |
|   1   | 73.944 | 88.710 | 92.901 | 65.016 | 48.086 |
|   2   | 73.700 | 88.710 | 93.015 | 64.844 | 47.881 |
|   3   | 73.408 | 88.791 | 92.723 | 64.421 | 46.985 |
|   4   | 73.538 | 88.629 | 92.804 | 64.421 | 47.075 |
|   5   | 73.457 | 88.580 | 92.609 | 64.360 | 47.053 |
|   6   | 73.441 | 88.580 | 92.723 | 64.307 | 46.975 |
|   7   | 73.441 | 88.613 | 92.739 | 64.344 | 47.062 |
|   8   | 73.343 | 88.613 | 92.706 | 64.232 | 46.838 |
|   9   | 73.343 | 88.580 | 92.641 | 64.089 | 46.534 |
|   10  | 73.343 | 88.499 | 92.609 | 63.963 | 46.270 |
|   11  | 73.441 | 88.596 | 92.625 | 64.141 | 46.611 |
|   12  | 73.506 | 88.580 | 92.609 | 64.079 | 46.461 |
|   13  | 73.473 | 88.548 | 92.739 | 64.178 | 46.687 |
|   14  | 73.489 | 88.467 | 92.690 | 64.005 | 46.311 |
+-------+--------+--------+--------+--------+--------+
     logs:  {'epo': 14, 'R1': 73.489, 'R5': 88.467, 'R10': 92.69, 'mAP': 64.005, 'mINP': 46.311, 'lr': 5.4e-05, 'entropy': 0.161626, 'loss': 0.161626}
      TTA Epoch: [15] [  0/109]  eta: 0:01:11  lr: 0.000052  entropy: 0.0563  loss: 0.0563  time: 0.6537  data: 0.5712  max mem: 5880
      TTA Epoch: [15] [100/109]  eta: 0:00:00  lr: 0.000049  entropy: 0.1513  loss: 0.1513  time: 0.0529  data: 0.0002  max mem: 5880
      TTA Epoch: [15] [108/109]  eta: 0:00:00  lr: 0.000049  entropy: 0.1335  loss: 0.1335  time: 0.0484  data: 0.0001  max mem: 5880
      TTA Epoch: [15] Total time: 0:00:06 (0.0603 s / it)
     Averaged stats: lr: 0.0001  entropy: 0.1506  loss: 0.1506
     itm tta time 0:00:06
     Computing matching score
      ITM Evaluation: [   0/6156]  eta: 0:05:34    time: 0.0543  data: 0.0054  max mem: 5880
      ITM Evaluation: [ 100/6156]  eta: 0:04:12    time: 0.0447  data: 0.0000  max mem: 5880
      ITM Evaluation: [ 200/6156]  eta: 0:04:10    time: 0.0411  data: 0.0000  max mem: 5880
      ITM Evaluation: [ 300/6156]  eta: 0:04:02    time: 0.0417  data: 0.0000  max mem: 5880
      ITM Evaluation: [ 400/6156]  eta: 0:03:56    time: 0.0402  data: 0.0000  max mem: 5880
      ITM Evaluation: [ 500/6156]  eta: 0:03:54    time: 0.0443  data: 0.0000  max mem: 5880
      ITM Evaluation: [ 600/6156]  eta: 0:03:57    time: 0.0498  data: 0.0000  max mem: 5880
      ITM Evaluation: [ 700/6156]  eta: 0:03:55    time: 0.0430  data: 0.0000  max mem: 5880
      ITM Evaluation: [ 800/6156]  eta: 0:03:50    time: 0.0398  data: 0.0000  max mem: 5880
      ITM Evaluation: [ 900/6156]  eta: 0:03:45    time: 0.0418  data: 0.0000  max mem: 5880
      ITM Evaluation: [1000/6156]  eta: 0:03:40    time: 0.0404  data: 0.0000  max mem: 5880
      ITM Evaluation: [1100/6156]  eta: 0:03:35    time: 0.0401  data: 0.0000  max mem: 5880
      ITM Evaluation: [1200/6156]  eta: 0:03:30    time: 0.0394  data: 0.0000  max mem: 5880
      ITM Evaluation: [1300/6156]  eta: 0:03:24    time: 0.0399  data: 0.0000  max mem: 5880
      ITM Evaluation: [1400/6156]  eta: 0:03:20    time: 0.0488  data: 0.0000  max mem: 5880
      ITM Evaluation: [1500/6156]  eta: 0:03:16    time: 0.0433  data: 0.0000  max mem: 5880
      ITM Evaluation: [1600/6156]  eta: 0:03:13    time: 0.0506  data: 0.0000  max mem: 5880
      ITM Evaluation: [1700/6156]  eta: 0:03:10    time: 0.0509  data: 0.0000  max mem: 5880
      ITM Evaluation: [1800/6156]  eta: 0:03:07    time: 0.0419  data: 0.0000  max mem: 5880
      ITM Evaluation: [1900/6156]  eta: 0:03:02    time: 0.0440  data: 0.0000  max mem: 5880
      ITM Evaluation: [2000/6156]  eta: 0:02:58    time: 0.0407  data: 0.0000  max mem: 5880
      ITM Evaluation: [2100/6156]  eta: 0:02:53    time: 0.0431  data: 0.0000  max mem: 5880
      ITM Evaluation: [2200/6156]  eta: 0:02:48    time: 0.0420  data: 0.0000  max mem: 5880
      ITM Evaluation: [2300/6156]  eta: 0:02:44    time: 0.0412  data: 0.0000  max mem: 5880
      ITM Evaluation: [2400/6156]  eta: 0:02:40    time: 0.0404  data: 0.0000  max mem: 5880
      ITM Evaluation: [2500/6156]  eta: 0:02:35    time: 0.0410  data: 0.0000  max mem: 5880
      ITM Evaluation: [2600/6156]  eta: 0:02:30    time: 0.0466  data: 0.0000  max mem: 5880
      ITM Evaluation: [2700/6156]  eta: 0:02:27    time: 0.0478  data: 0.0000  max mem: 5880
      ITM Evaluation: [2800/6156]  eta: 0:02:23    time: 0.0513  data: 0.0000  max mem: 5880
      ITM Evaluation: [2900/6156]  eta: 0:02:19    time: 0.0426  data: 0.0000  max mem: 5880
      ITM Evaluation: [3000/6156]  eta: 0:02:14    time: 0.0410  data: 0.0000  max mem: 5880
      ITM Evaluation: [3100/6156]  eta: 0:02:10    time: 0.0442  data: 0.0000  max mem: 5880
      ITM Evaluation: [3200/6156]  eta: 0:02:06    time: 0.0418  data: 0.0000  max mem: 5880
      ITM Evaluation: [3300/6156]  eta: 0:02:01    time: 0.0442  data: 0.0000  max mem: 5880
      ITM Evaluation: [3400/6156]  eta: 0:01:57    time: 0.0389  data: 0.0000  max mem: 5880
      ITM Evaluation: [3500/6156]  eta: 0:01:52    time: 0.0412  data: 0.0000  max mem: 5880
      ITM Evaluation: [3600/6156]  eta: 0:01:48    time: 0.0429  data: 0.0000  max mem: 5880
      ITM Evaluation: [3700/6156]  eta: 0:01:44    time: 0.0421  data: 0.0000  max mem: 5880
      ITM Evaluation: [3800/6156]  eta: 0:01:40    time: 0.0465  data: 0.0000  max mem: 5880
      ITM Evaluation: [3900/6156]  eta: 0:01:36    time: 0.0446  data: 0.0000  max mem: 5880
      ITM Evaluation: [4000/6156]  eta: 0:01:32    time: 0.0402  data: 0.0000  max mem: 5880
      ITM Evaluation: [4100/6156]  eta: 0:01:27    time: 0.0407  data: 0.0000  max mem: 5880
      ITM Evaluation: [4200/6156]  eta: 0:01:23    time: 0.0458  data: 0.0000  max mem: 5880
      ITM Evaluation: [4300/6156]  eta: 0:01:19    time: 0.0458  data: 0.0000  max mem: 5880
      ITM Evaluation: [4400/6156]  eta: 0:01:14    time: 0.0435  data: 0.0000  max mem: 5880
      ITM Evaluation: [4500/6156]  eta: 0:01:10    time: 0.0411  data: 0.0000  max mem: 5880
      ITM Evaluation: [4600/6156]  eta: 0:01:06    time: 0.0401  data: 0.0000  max mem: 5880
      ITM Evaluation: [4700/6156]  eta: 0:01:01    time: 0.0420  data: 0.0000  max mem: 5880
      ITM Evaluation: [4800/6156]  eta: 0:00:57    time: 0.0477  data: 0.0000  max mem: 5880
      ITM Evaluation: [4900/6156]  eta: 0:00:53    time: 0.0523  data: 0.0000  max mem: 5880
      ITM Evaluation: [5000/6156]  eta: 0:00:49    time: 0.0424  data: 0.0000  max mem: 5880
      ITM Evaluation: [5100/6156]  eta: 0:00:45    time: 0.0446  data: 0.0000  max mem: 5880
      ITM Evaluation: [5200/6156]  eta: 0:00:40    time: 0.0389  data: 0.0000  max mem: 5880
      ITM Evaluation: [5300/6156]  eta: 0:00:36    time: 0.0426  data: 0.0000  max mem: 5880
      ITM Evaluation: [5400/6156]  eta: 0:00:32    time: 0.0375  data: 0.0000  max mem: 5880
      ITM Evaluation: [5500/6156]  eta: 0:00:27    time: 0.0421  data: 0.0000  max mem: 5880
      ITM Evaluation: [5600/6156]  eta: 0:00:23    time: 0.0425  data: 0.0000  max mem: 5880
      ITM Evaluation: [5700/6156]  eta: 0:00:19    time: 0.0419  data: 0.0000  max mem: 5880
      ITM Evaluation: [5800/6156]  eta: 0:00:15    time: 0.0548  data: 0.0000  max mem: 5880
      ITM Evaluation: [5900/6156]  eta: 0:00:10    time: 0.0560  data: 0.0000  max mem: 5880
      ITM Evaluation: [6000/6156]  eta: 0:00:06    time: 0.0397  data: 0.0000  max mem: 5880
      ITM Evaluation: [6100/6156]  eta: 0:00:02    time: 0.0405  data: 0.0000  max mem: 5880
      ITM Evaluation: [6155/6156]  eta: 0:00:00    time: 0.0419  data: 0.0000  max mem: 5880
      ITM Evaluation: Total time: 0:04:23 (0.0428 s / it)
     total_time 263.42587971687317
     Computing matching score time 0:04:23
### TTA ITM Score: 
+-------+--------+--------+--------+--------+--------+
| epoch |   R1   |   R5   |  R10   |  mAP   |  mINP  |
+-------+--------+--------+--------+--------+--------+
|  -999 | 70.760 | 87.378 | 92.268 | 63.849 | 48.174 |
|  -999 | 76.170 | 89.457 | 93.600 | 65.570 | 47.372 |
|   0   | 74.480 | 88.824 | 92.966 | 65.319 | 48.348 |
|   1   | 73.944 | 88.710 | 92.901 | 65.016 | 48.086 |
|   2   | 73.700 | 88.710 | 93.015 | 64.844 | 47.881 |
|   3   | 73.408 | 88.791 | 92.723 | 64.421 | 46.985 |
|   4   | 73.538 | 88.629 | 92.804 | 64.421 | 47.075 |
|   5   | 73.457 | 88.580 | 92.609 | 64.360 | 47.053 |
|   6   | 73.441 | 88.580 | 92.723 | 64.307 | 46.975 |
|   7   | 73.441 | 88.613 | 92.739 | 64.344 | 47.062 |
|   8   | 73.343 | 88.613 | 92.706 | 64.232 | 46.838 |
|   9   | 73.343 | 88.580 | 92.641 | 64.089 | 46.534 |
|   10  | 73.343 | 88.499 | 92.609 | 63.963 | 46.270 |
|   11  | 73.441 | 88.596 | 92.625 | 64.141 | 46.611 |
|   12  | 73.506 | 88.580 | 92.609 | 64.079 | 46.461 |
|   13  | 73.473 | 88.548 | 92.739 | 64.178 | 46.687 |
|   14  | 73.489 | 88.467 | 92.690 | 64.005 | 46.311 |
|   15  | 73.506 | 88.483 | 92.674 | 64.015 | 46.309 |
+-------+--------+--------+--------+--------+--------+
     logs:  {'epo': 15, 'R1': 73.506, 'R5': 88.483, 'R10': 92.674, 'mAP': 64.015, 'mINP': 46.309, 'lr': 5e-05, 'entropy': 0.1506, 'loss': 0.1506}
      TTA Epoch: [16] [  0/109]  eta: 0:01:11  lr: 0.000049  entropy: 0.1506  loss: 0.1506  time: 0.6530  data: 0.5599  max mem: 5880
      TTA Epoch: [16] [100/109]  eta: 0:00:00  lr: 0.000046  entropy: 0.0692  loss: 0.0692  time: 0.0551  data: 0.0004  max mem: 5880
      TTA Epoch: [16] [108/109]  eta: 0:00:00  lr: 0.000045  entropy: 0.1682  loss: 0.1682  time: 0.0488  data: 0.0004  max mem: 5880
      TTA Epoch: [16] Total time: 0:00:06 (0.0602 s / it)
     Averaged stats: lr: 0.0000  entropy: 0.1473  loss: 0.1473
     itm tta time 0:00:06
     Computing matching score
      ITM Evaluation: [   0/6156]  eta: 0:04:21    time: 0.0425  data: 0.0042  max mem: 5880
      ITM Evaluation: [ 100/6156]  eta: 0:04:08    time: 0.0439  data: 0.0000  max mem: 5880
      ITM Evaluation: [ 200/6156]  eta: 0:04:06    time: 0.0412  data: 0.0000  max mem: 5880
      ITM Evaluation: [ 300/6156]  eta: 0:04:02    time: 0.0397  data: 0.0000  max mem: 5880
      ITM Evaluation: [ 400/6156]  eta: 0:03:57    time: 0.0421  data: 0.0000  max mem: 5880
      ITM Evaluation: [ 500/6156]  eta: 0:03:59    time: 0.0468  data: 0.0000  max mem: 5880
      ITM Evaluation: [ 600/6156]  eta: 0:04:01    time: 0.0503  data: 0.0000  max mem: 5880
      ITM Evaluation: [ 700/6156]  eta: 0:03:57    time: 0.0393  data: 0.0000  max mem: 5880
      ITM Evaluation: [ 800/6156]  eta: 0:03:51    time: 0.0392  data: 0.0000  max mem: 5880
      ITM Evaluation: [ 900/6156]  eta: 0:03:44    time: 0.0412  data: 0.0000  max mem: 5880
      ITM Evaluation: [1000/6156]  eta: 0:03:39    time: 0.0429  data: 0.0000  max mem: 5880
      ITM Evaluation: [1100/6156]  eta: 0:03:35    time: 0.0447  data: 0.0000  max mem: 5880
      ITM Evaluation: [1200/6156]  eta: 0:03:30    time: 0.0417  data: 0.0000  max mem: 5880
      ITM Evaluation: [1300/6156]  eta: 0:03:25    time: 0.0384  data: 0.0000  max mem: 5880
      ITM Evaluation: [1400/6156]  eta: 0:03:20    time: 0.0392  data: 0.0000  max mem: 5880
      ITM Evaluation: [1500/6156]  eta: 0:03:15    time: 0.0419  data: 0.0000  max mem: 5880
      ITM Evaluation: [1600/6156]  eta: 0:03:12    time: 0.0453  data: 0.0000  max mem: 5880
      ITM Evaluation: [1700/6156]  eta: 0:03:09    time: 0.0484  data: 0.0000  max mem: 5880
      ITM Evaluation: [1800/6156]  eta: 0:03:05    time: 0.0401  data: 0.0000  max mem: 5880
      ITM Evaluation: [1900/6156]  eta: 0:03:00    time: 0.0420  data: 0.0000  max mem: 5880
      ITM Evaluation: [2000/6156]  eta: 0:02:56    time: 0.0423  data: 0.0000  max mem: 5880
      ITM Evaluation: [2100/6156]  eta: 0:02:51    time: 0.0429  data: 0.0000  max mem: 5880
      ITM Evaluation: [2200/6156]  eta: 0:02:47    time: 0.0410  data: 0.0000  max mem: 5880
      ITM Evaluation: [2300/6156]  eta: 0:02:43    time: 0.0418  data: 0.0000  max mem: 5880
      ITM Evaluation: [2400/6156]  eta: 0:02:39    time: 0.0400  data: 0.0000  max mem: 5880
      ITM Evaluation: [2500/6156]  eta: 0:02:34    time: 0.0413  data: 0.0000  max mem: 5880
      ITM Evaluation: [2600/6156]  eta: 0:02:30    time: 0.0469  data: 0.0000  max mem: 5880
      ITM Evaluation: [2700/6156]  eta: 0:02:26    time: 0.0495  data: 0.0000  max mem: 5880
      ITM Evaluation: [2800/6156]  eta: 0:02:23    time: 0.0391  data: 0.0000  max mem: 5880
      ITM Evaluation: [2900/6156]  eta: 0:02:18    time: 0.0401  data: 0.0000  max mem: 5880
      ITM Evaluation: [3000/6156]  eta: 0:02:14    time: 0.0443  data: 0.0000  max mem: 5880
      ITM Evaluation: [3100/6156]  eta: 0:02:09    time: 0.0417  data: 0.0000  max mem: 5880
      ITM Evaluation: [3200/6156]  eta: 0:02:05    time: 0.0419  data: 0.0000  max mem: 5880
      ITM Evaluation: [3300/6156]  eta: 0:02:01    time: 0.0417  data: 0.0000  max mem: 5880
      ITM Evaluation: [3400/6156]  eta: 0:01:56    time: 0.0378  data: 0.0000  max mem: 5880
      ITM Evaluation: [3500/6156]  eta: 0:01:52    time: 0.0432  data: 0.0000  max mem: 5880
      ITM Evaluation: [3600/6156]  eta: 0:01:47    time: 0.0397  data: 0.0000  max mem: 5880
      ITM Evaluation: [3700/6156]  eta: 0:01:43    time: 0.0477  data: 0.0000  max mem: 5880
      ITM Evaluation: [3800/6156]  eta: 0:01:39    time: 0.0484  data: 0.0000  max mem: 5880
      ITM Evaluation: [3900/6156]  eta: 0:01:35    time: 0.0435  data: 0.0000  max mem: 5880
      ITM Evaluation: [4000/6156]  eta: 0:01:31    time: 0.0422  data: 0.0000  max mem: 5880
      ITM Evaluation: [4100/6156]  eta: 0:01:27    time: 0.0400  data: 0.0000  max mem: 5880
      ITM Evaluation: [4200/6156]  eta: 0:01:22    time: 0.0409  data: 0.0000  max mem: 5880
      ITM Evaluation: [4300/6156]  eta: 0:01:18    time: 0.0426  data: 0.0000  max mem: 5880
      ITM Evaluation: [4400/6156]  eta: 0:01:14    time: 0.0393  data: 0.0000  max mem: 5880
      ITM Evaluation: [4500/6156]  eta: 0:01:10    time: 0.0431  data: 0.0000  max mem: 5880
      ITM Evaluation: [4600/6156]  eta: 0:01:05    time: 0.0444  data: 0.0000  max mem: 5880
      ITM Evaluation: [4700/6156]  eta: 0:01:01    time: 0.0459  data: 0.0000  max mem: 5880
      ITM Evaluation: [4800/6156]  eta: 0:00:57    time: 0.0483  data: 0.0000  max mem: 5880
      ITM Evaluation: [4900/6156]  eta: 0:00:53    time: 0.0478  data: 0.0000  max mem: 5880
      ITM Evaluation: [5000/6156]  eta: 0:00:49    time: 0.0398  data: 0.0000  max mem: 5880
      ITM Evaluation: [5100/6156]  eta: 0:00:44    time: 0.0430  data: 0.0000  max mem: 5880
      ITM Evaluation: [5200/6156]  eta: 0:00:40    time: 0.0425  data: 0.0000  max mem: 5880
      ITM Evaluation: [5300/6156]  eta: 0:00:36    time: 0.0419  data: 0.0000  max mem: 5880
      ITM Evaluation: [5400/6156]  eta: 0:00:32    time: 0.0405  data: 0.0000  max mem: 5880
      ITM Evaluation: [5500/6156]  eta: 0:00:27    time: 0.0434  data: 0.0000  max mem: 5880
      ITM Evaluation: [5600/6156]  eta: 0:00:23    time: 0.0423  data: 0.0000  max mem: 5880
      ITM Evaluation: [5700/6156]  eta: 0:00:19    time: 0.0416  data: 0.0000  max mem: 5880
      ITM Evaluation: [5800/6156]  eta: 0:00:15    time: 0.0439  data: 0.0000  max mem: 5880
      ITM Evaluation: [5900/6156]  eta: 0:00:10    time: 0.0475  data: 0.0000  max mem: 5880
      ITM Evaluation: [6000/6156]  eta: 0:00:06    time: 0.0528  data: 0.0000  max mem: 5880
      ITM Evaluation: [6100/6156]  eta: 0:00:02    time: 0.0430  data: 0.0000  max mem: 5880
      ITM Evaluation: [6155/6156]  eta: 0:00:00    time: 0.0445  data: 0.0000  max mem: 5880
      ITM Evaluation: Total time: 0:04:22 (0.0427 s / it)
     total_time 262.71357440948486
     Computing matching score time 0:04:22
### TTA ITM Score: 
+-------+--------+--------+--------+--------+--------+
| epoch |   R1   |   R5   |  R10   |  mAP   |  mINP  |
+-------+--------+--------+--------+--------+--------+
|  -999 | 70.760 | 87.378 | 92.268 | 63.849 | 48.174 |
|  -999 | 76.170 | 89.457 | 93.600 | 65.570 | 47.372 |
|   0   | 74.480 | 88.824 | 92.966 | 65.319 | 48.348 |
|   1   | 73.944 | 88.710 | 92.901 | 65.016 | 48.086 |
|   2   | 73.700 | 88.710 | 93.015 | 64.844 | 47.881 |
|   3   | 73.408 | 88.791 | 92.723 | 64.421 | 46.985 |
|   4   | 73.538 | 88.629 | 92.804 | 64.421 | 47.075 |
|   5   | 73.457 | 88.580 | 92.609 | 64.360 | 47.053 |
|   6   | 73.441 | 88.580 | 92.723 | 64.307 | 46.975 |
|   7   | 73.441 | 88.613 | 92.739 | 64.344 | 47.062 |
|   8   | 73.343 | 88.613 | 92.706 | 64.232 | 46.838 |
|   9   | 73.343 | 88.580 | 92.641 | 64.089 | 46.534 |
|   10  | 73.343 | 88.499 | 92.609 | 63.963 | 46.270 |
|   11  | 73.441 | 88.596 | 92.625 | 64.141 | 46.611 |
|   12  | 73.506 | 88.580 | 92.609 | 64.079 | 46.461 |
|   13  | 73.473 | 88.548 | 92.739 | 64.178 | 46.687 |
|   14  | 73.489 | 88.467 | 92.690 | 64.005 | 46.311 |
|   15  | 73.506 | 88.483 | 92.674 | 64.015 | 46.309 |
|   16  | 73.181 | 88.548 | 92.706 | 63.934 | 46.251 |
+-------+--------+--------+--------+--------+--------+
     logs:  {'epo': 16, 'R1': 73.181, 'R5': 88.548, 'R10': 92.706, 'mAP': 63.934, 'mINP': 46.251, 'lr': 4.7e-05, 'entropy': 0.147309, 'loss': 0.147309}
      TTA Epoch: [17] [  0/109]  eta: 0:01:08  lr: 0.000045  entropy: 0.1887  loss: 0.1887  time: 0.6263  data: 0.5349  max mem: 5880
      TTA Epoch: [17] [100/109]  eta: 0:00:00  lr: 0.000042  entropy: 0.1878  loss: 0.1878  time: 0.0529  data: 0.0004  max mem: 5880
      TTA Epoch: [17] [108/109]  eta: 0:00:00  lr: 0.000042  entropy: 0.1955  loss: 0.1955  time: 0.0478  data: 0.0003  max mem: 5880
      TTA Epoch: [17] Total time: 0:00:06 (0.0584 s / it)
     Averaged stats: lr: 0.0000  entropy: 0.1541  loss: 0.1541
     itm tta time 0:00:06
     Computing matching score
      ITM Evaluation: [   0/6156]  eta: 0:04:40    time: 0.0455  data: 0.0090  max mem: 5880
      ITM Evaluation: [ 100/6156]  eta: 0:04:05    time: 0.0384  data: 0.0000  max mem: 5880
      ITM Evaluation: [ 200/6156]  eta: 0:04:05    time: 0.0428  data: 0.0000  max mem: 5880
      ITM Evaluation: [ 300/6156]  eta: 0:03:59    time: 0.0390  data: 0.0000  max mem: 5880
      ITM Evaluation: [ 400/6156]  eta: 0:03:56    time: 0.0411  data: 0.0000  max mem: 5880
      ITM Evaluation: [ 500/6156]  eta: 0:03:55    time: 0.0458  data: 0.0000  max mem: 5880
      ITM Evaluation: [ 600/6156]  eta: 0:03:53    time: 0.0448  data: 0.0000  max mem: 5880
      ITM Evaluation: [ 700/6156]  eta: 0:03:53    time: 0.0510  data: 0.0000  max mem: 5880
      ITM Evaluation: [ 800/6156]  eta: 0:03:50    time: 0.0424  data: 0.0000  max mem: 5880
      ITM Evaluation: [ 900/6156]  eta: 0:03:44    time: 0.0407  data: 0.0000  max mem: 5880
      ITM Evaluation: [1000/6156]  eta: 0:03:39    time: 0.0430  data: 0.0000  max mem: 5880
      ITM Evaluation: [1100/6156]  eta: 0:03:33    time: 0.0397  data: 0.0000  max mem: 5880
      ITM Evaluation: [1200/6156]  eta: 0:03:29    time: 0.0424  data: 0.0000  max mem: 5880
      ITM Evaluation: [1300/6156]  eta: 0:03:24    time: 0.0414  data: 0.0000  max mem: 5880
      ITM Evaluation: [1400/6156]  eta: 0:03:19    time: 0.0409  data: 0.0000  max mem: 5880
      ITM Evaluation: [1500/6156]  eta: 0:03:15    time: 0.0433  data: 0.0000  max mem: 5880
      ITM Evaluation: [1600/6156]  eta: 0:03:11    time: 0.0501  data: 0.0000  max mem: 5880
      ITM Evaluation: [1700/6156]  eta: 0:03:09    time: 0.0494  data: 0.0000  max mem: 5880
      ITM Evaluation: [1800/6156]  eta: 0:03:06    time: 0.0420  data: 0.0000  max mem: 5880
      ITM Evaluation: [1900/6156]  eta: 0:03:02    time: 0.0403  data: 0.0000  max mem: 5880
      ITM Evaluation: [2000/6156]  eta: 0:02:57    time: 0.0405  data: 0.0000  max mem: 5880
      ITM Evaluation: [2100/6156]  eta: 0:02:53    time: 0.0389  data: 0.0000  max mem: 5880
      ITM Evaluation: [2200/6156]  eta: 0:02:48    time: 0.0395  data: 0.0000  max mem: 5880
      ITM Evaluation: [2300/6156]  eta: 0:02:44    time: 0.0434  data: 0.0000  max mem: 5880
      ITM Evaluation: [2400/6156]  eta: 0:02:39    time: 0.0402  data: 0.0000  max mem: 5880
      ITM Evaluation: [2500/6156]  eta: 0:02:35    time: 0.0406  data: 0.0000  max mem: 5880
      ITM Evaluation: [2600/6156]  eta: 0:02:31    time: 0.0443  data: 0.0000  max mem: 5880
      ITM Evaluation: [2700/6156]  eta: 0:02:27    time: 0.0504  data: 0.0000  max mem: 5880
      ITM Evaluation: [2800/6156]  eta: 0:02:24    time: 0.0537  data: 0.0000  max mem: 5880
      ITM Evaluation: [2900/6156]  eta: 0:02:19    time: 0.0427  data: 0.0000  max mem: 5880
      ITM Evaluation: [3000/6156]  eta: 0:02:15    time: 0.0429  data: 0.0000  max mem: 5880
      ITM Evaluation: [3100/6156]  eta: 0:02:10    time: 0.0396  data: 0.0000  max mem: 5880
      ITM Evaluation: [3200/6156]  eta: 0:02:06    time: 0.0454  data: 0.0000  max mem: 5880
      ITM Evaluation: [3300/6156]  eta: 0:02:02    time: 0.0421  data: 0.0000  max mem: 5880
      ITM Evaluation: [3400/6156]  eta: 0:01:57    time: 0.0412  data: 0.0000  max mem: 5880
      ITM Evaluation: [3500/6156]  eta: 0:01:53    time: 0.0406  data: 0.0000  max mem: 5880
      ITM Evaluation: [3600/6156]  eta: 0:01:48    time: 0.0409  data: 0.0000  max mem: 5880
      ITM Evaluation: [3700/6156]  eta: 0:01:44    time: 0.0478  data: 0.0000  max mem: 5880
      ITM Evaluation: [3800/6156]  eta: 0:01:41    time: 0.0554  data: 0.0000  max mem: 5880
      ITM Evaluation: [3900/6156]  eta: 0:01:37    time: 0.0388  data: 0.0000  max mem: 5880
      ITM Evaluation: [4000/6156]  eta: 0:01:32    time: 0.0373  data: 0.0000  max mem: 5880
      ITM Evaluation: [4100/6156]  eta: 0:01:28    time: 0.0433  data: 0.0000  max mem: 5880
      ITM Evaluation: [4200/6156]  eta: 0:01:24    time: 0.0433  data: 0.0000  max mem: 5880
      ITM Evaluation: [4300/6156]  eta: 0:01:19    time: 0.0419  data: 0.0000  max mem: 5880
      ITM Evaluation: [4400/6156]  eta: 0:01:15    time: 0.0398  data: 0.0000  max mem: 5880
      ITM Evaluation: [4500/6156]  eta: 0:01:10    time: 0.0416  data: 0.0000  max mem: 5880
      ITM Evaluation: [4600/6156]  eta: 0:01:06    time: 0.0391  data: 0.0000  max mem: 5880
      ITM Evaluation: [4700/6156]  eta: 0:01:02    time: 0.0455  data: 0.0000  max mem: 5880
      ITM Evaluation: [4800/6156]  eta: 0:00:58    time: 0.0462  data: 0.0000  max mem: 5880
      ITM Evaluation: [4900/6156]  eta: 0:00:53    time: 0.0494  data: 0.0000  max mem: 5880
      ITM Evaluation: [5000/6156]  eta: 0:00:49    time: 0.0408  data: 0.0000  max mem: 5880
      ITM Evaluation: [5100/6156]  eta: 0:00:45    time: 0.0409  data: 0.0000  max mem: 5880
      ITM Evaluation: [5200/6156]  eta: 0:00:40    time: 0.0397  data: 0.0000  max mem: 5880
      ITM Evaluation: [5300/6156]  eta: 0:00:36    time: 0.0386  data: 0.0000  max mem: 5880
      ITM Evaluation: [5400/6156]  eta: 0:00:32    time: 0.0368  data: 0.0000  max mem: 5880
      ITM Evaluation: [5500/6156]  eta: 0:00:28    time: 0.0355  data: 0.0000  max mem: 5880
      ITM Evaluation: [5600/6156]  eta: 0:00:23    time: 0.0328  data: 0.0000  max mem: 5880
      ITM Evaluation: [5700/6156]  eta: 0:00:19    time: 0.0351  data: 0.0000  max mem: 5880
      ITM Evaluation: [5800/6156]  eta: 0:00:15    time: 0.0416  data: 0.0000  max mem: 5880
      ITM Evaluation: [5900/6156]  eta: 0:00:10    time: 0.0391  data: 0.0000  max mem: 5880
      ITM Evaluation: [6000/6156]  eta: 0:00:06    time: 0.0414  data: 0.0000  max mem: 5880
      ITM Evaluation: [6100/6156]  eta: 0:00:02    time: 0.0364  data: 0.0000  max mem: 5880
      ITM Evaluation: [6155/6156]  eta: 0:00:00    time: 0.0366  data: 0.0000  max mem: 5880
      ITM Evaluation: Total time: 0:04:19 (0.0422 s / it)
     total_time 259.89602613449097
     Computing matching score time 0:04:19
### TTA ITM Score: 
+-------+--------+--------+--------+--------+--------+
| epoch |   R1   |   R5   |  R10   |  mAP   |  mINP  |
+-------+--------+--------+--------+--------+--------+
|  -999 | 70.760 | 87.378 | 92.268 | 63.849 | 48.174 |
|  -999 | 76.170 | 89.457 | 93.600 | 65.570 | 47.372 |
|   0   | 74.480 | 88.824 | 92.966 | 65.319 | 48.348 |
|   1   | 73.944 | 88.710 | 92.901 | 65.016 | 48.086 |
|   2   | 73.700 | 88.710 | 93.015 | 64.844 | 47.881 |
|   3   | 73.408 | 88.791 | 92.723 | 64.421 | 46.985 |
|   4   | 73.538 | 88.629 | 92.804 | 64.421 | 47.075 |
|   5   | 73.457 | 88.580 | 92.609 | 64.360 | 47.053 |
|   6   | 73.441 | 88.580 | 92.723 | 64.307 | 46.975 |
|   7   | 73.441 | 88.613 | 92.739 | 64.344 | 47.062 |
|   8   | 73.343 | 88.613 | 92.706 | 64.232 | 46.838 |
|   9   | 73.343 | 88.580 | 92.641 | 64.089 | 46.534 |
|   10  | 73.343 | 88.499 | 92.609 | 63.963 | 46.270 |
|   11  | 73.441 | 88.596 | 92.625 | 64.141 | 46.611 |
|   12  | 73.506 | 88.580 | 92.609 | 64.079 | 46.461 |
|   13  | 73.473 | 88.548 | 92.739 | 64.178 | 46.687 |
|   14  | 73.489 | 88.467 | 92.690 | 64.005 | 46.311 |
|   15  | 73.506 | 88.483 | 92.674 | 64.015 | 46.309 |
|   16  | 73.181 | 88.548 | 92.706 | 63.934 | 46.251 |
|   17  | 73.343 | 88.532 | 92.723 | 64.019 | 46.385 |
+-------+--------+--------+--------+--------+--------+
     logs:  {'epo': 17, 'R1': 73.343, 'R5': 88.532, 'R10': 92.723, 'mAP': 64.019, 'mINP': 46.385, 'lr': 4.4e-05, 'entropy': 0.154062, 'loss': 0.154062}
      TTA Epoch: [18] [  0/109]  eta: 0:00:56  lr: 0.000042  entropy: 0.2134  loss: 0.2134  time: 0.5155  data: 0.4374  max mem: 5880
      TTA Epoch: [18] [100/109]  eta: 0:00:00  lr: 0.000039  entropy: 0.1073  loss: 0.1073  time: 0.0419  data: 0.0001  max mem: 5880
      TTA Epoch: [18] [108/109]  eta: 0:00:00  lr: 0.000038  entropy: 0.0838  loss: 0.0838  time: 0.0396  data: 0.0001  max mem: 5880
      TTA Epoch: [18] Total time: 0:00:05 (0.0467 s / it)
     Averaged stats: lr: 0.0000  entropy: 0.1529  loss: 0.1529
     itm tta time 0:00:05
     Computing matching score
      ITM Evaluation: [   0/6156]  eta: 0:04:00    time: 0.0390  data: 0.0042  max mem: 5880
      ITM Evaluation: [ 100/6156]  eta: 0:03:27    time: 0.0344  data: 0.0000  max mem: 5880
      ITM Evaluation: [ 200/6156]  eta: 0:04:02    time: 0.0389  data: 0.0000  max mem: 5880
      ITM Evaluation: [ 300/6156]  eta: 0:03:46    time: 0.0332  data: 0.0000  max mem: 5880
      ITM Evaluation: [ 400/6156]  eta: 0:03:36    time: 0.0354  data: 0.0000  max mem: 5880
      ITM Evaluation: [ 500/6156]  eta: 0:03:29    time: 0.0340  data: 0.0000  max mem: 5880
      ITM Evaluation: [ 600/6156]  eta: 0:03:24    time: 0.0376  data: 0.0000  max mem: 5880
      ITM Evaluation: [ 700/6156]  eta: 0:03:21    time: 0.0356  data: 0.0000  max mem: 5880
      ITM Evaluation: [ 800/6156]  eta: 0:03:17    time: 0.0353  data: 0.0000  max mem: 5880
      ITM Evaluation: [ 900/6156]  eta: 0:03:15    time: 0.0498  data: 0.0000  max mem: 5880
      ITM Evaluation: [1000/6156]  eta: 0:03:12    time: 0.0423  data: 0.0000  max mem: 5880
      ITM Evaluation: [1100/6156]  eta: 0:03:10    time: 0.0443  data: 0.0000  max mem: 5880
      ITM Evaluation: [1200/6156]  eta: 0:03:07    time: 0.0388  data: 0.0000  max mem: 5880
      ITM Evaluation: [1300/6156]  eta: 0:03:04    time: 0.0397  data: 0.0000  max mem: 5880
      ITM Evaluation: [1400/6156]  eta: 0:03:01    time: 0.0395  data: 0.0000  max mem: 5880
      ITM Evaluation: [1500/6156]  eta: 0:02:58    time: 0.0375  data: 0.0000  max mem: 5880
      ITM Evaluation: [1600/6156]  eta: 0:02:55    time: 0.0422  data: 0.0000  max mem: 5880
      ITM Evaluation: [1700/6156]  eta: 0:02:51    time: 0.0415  data: 0.0000  max mem: 5880
      ITM Evaluation: [1800/6156]  eta: 0:02:50    time: 0.0450  data: 0.0000  max mem: 5880
      ITM Evaluation: [1900/6156]  eta: 0:02:47    time: 0.0435  data: 0.0000  max mem: 5880
      ITM Evaluation: [2000/6156]  eta: 0:02:45    time: 0.0462  data: 0.0000  max mem: 5880
      ITM Evaluation: [2100/6156]  eta: 0:02:41    time: 0.0396  data: 0.0000  max mem: 5880
      ITM Evaluation: [2200/6156]  eta: 0:02:37    time: 0.0420  data: 0.0000  max mem: 5880
      ITM Evaluation: [2300/6156]  eta: 0:02:33    time: 0.0408  data: 0.0000  max mem: 5880
      ITM Evaluation: [2400/6156]  eta: 0:02:30    time: 0.0416  data: 0.0000  max mem: 5880
      ITM Evaluation: [2500/6156]  eta: 0:02:26    time: 0.0376  data: 0.0000  max mem: 5880
      ITM Evaluation: [2600/6156]  eta: 0:02:22    time: 0.0395  data: 0.0000  max mem: 5880
      ITM Evaluation: [2700/6156]  eta: 0:02:18    time: 0.0405  data: 0.0000  max mem: 5880
      ITM Evaluation: [2800/6156]  eta: 0:02:14    time: 0.0453  data: 0.0000  max mem: 5880
      ITM Evaluation: [2900/6156]  eta: 0:02:11    time: 0.0430  data: 0.0000  max mem: 5880
      ITM Evaluation: [3000/6156]  eta: 0:02:08    time: 0.0466  data: 0.0000  max mem: 5880
      ITM Evaluation: [3100/6156]  eta: 0:02:04    time: 0.0452  data: 0.0000  max mem: 5880
      ITM Evaluation: [3200/6156]  eta: 0:02:01    time: 0.0438  data: 0.0000  max mem: 5880
      ITM Evaluation: [3300/6156]  eta: 0:01:57    time: 0.0429  data: 0.0000  max mem: 5880
      ITM Evaluation: [3400/6156]  eta: 0:01:53    time: 0.0426  data: 0.0000  max mem: 5880
      ITM Evaluation: [3500/6156]  eta: 0:01:49    time: 0.0455  data: 0.0000  max mem: 5880
      ITM Evaluation: [3600/6156]  eta: 0:01:45    time: 0.0403  data: 0.0000  max mem: 5880
      ITM Evaluation: [3700/6156]  eta: 0:01:41    time: 0.0428  data: 0.0000  max mem: 5880
      ITM Evaluation: [3800/6156]  eta: 0:01:37    time: 0.0426  data: 0.0000  max mem: 5880
      ITM Evaluation: [3900/6156]  eta: 0:01:33    time: 0.0511  data: 0.0000  max mem: 5880
      ITM Evaluation: [4000/6156]  eta: 0:01:29    time: 0.0483  data: 0.0000  max mem: 5880
      ITM Evaluation: [4100/6156]  eta: 0:01:25    time: 0.0422  data: 0.0000  max mem: 5880
      ITM Evaluation: [4200/6156]  eta: 0:01:21    time: 0.0443  data: 0.0000  max mem: 5880
      ITM Evaluation: [4300/6156]  eta: 0:01:17    time: 0.0463  data: 0.0000  max mem: 5880
      ITM Evaluation: [4400/6156]  eta: 0:01:13    time: 0.0453  data: 0.0000  max mem: 5880
      ITM Evaluation: [4500/6156]  eta: 0:01:09    time: 0.0455  data: 0.0000  max mem: 5880
      ITM Evaluation: [4600/6156]  eta: 0:01:05    time: 0.0421  data: 0.0000  max mem: 5880
      ITM Evaluation: [4700/6156]  eta: 0:01:01    time: 0.0383  data: 0.0000  max mem: 5880
      ITM Evaluation: [4800/6156]  eta: 0:00:57    time: 0.0468  data: 0.0000  max mem: 5880
      ITM Evaluation: [4900/6156]  eta: 0:00:52    time: 0.0469  data: 0.0000  max mem: 5880
      ITM Evaluation: [5000/6156]  eta: 0:00:48    time: 0.0475  data: 0.0000  max mem: 5880
      ITM Evaluation: [5100/6156]  eta: 0:00:44    time: 0.0455  data: 0.0000  max mem: 5880
      ITM Evaluation: [5200/6156]  eta: 0:00:40    time: 0.0432  data: 0.0000  max mem: 5880
      ITM Evaluation: [5300/6156]  eta: 0:00:36    time: 0.0405  data: 0.0000  max mem: 5880
      ITM Evaluation: [5400/6156]  eta: 0:00:31    time: 0.0425  data: 0.0000  max mem: 5880
      ITM Evaluation: [5500/6156]  eta: 0:00:27    time: 0.0417  data: 0.0000  max mem: 5880
      ITM Evaluation: [5600/6156]  eta: 0:00:23    time: 0.0451  data: 0.0000  max mem: 5880
      ITM Evaluation: [5700/6156]  eta: 0:00:19    time: 0.0460  data: 0.0000  max mem: 5880
      ITM Evaluation: [5800/6156]  eta: 0:00:15    time: 0.0559  data: 0.0000  max mem: 5880
      ITM Evaluation: [5900/6156]  eta: 0:00:10    time: 0.0490  data: 0.0000  max mem: 5880
      ITM Evaluation: [6000/6156]  eta: 0:00:06    time: 0.0488  data: 0.0000  max mem: 5880
      ITM Evaluation: [6100/6156]  eta: 0:00:02    time: 0.0452  data: 0.0000  max mem: 5880
      ITM Evaluation: [6155/6156]  eta: 0:00:00    time: 0.0413  data: 0.0000  max mem: 5880
      ITM Evaluation: Total time: 0:04:23 (0.0428 s / it)
     total_time 263.7735421657562
     Computing matching score time 0:04:23
### TTA ITM Score: 
+-------+--------+--------+--------+--------+--------+
| epoch |   R1   |   R5   |  R10   |  mAP   |  mINP  |
+-------+--------+--------+--------+--------+--------+
|  -999 | 70.760 | 87.378 | 92.268 | 63.849 | 48.174 |
|  -999 | 76.170 | 89.457 | 93.600 | 65.570 | 47.372 |
|   0   | 74.480 | 88.824 | 92.966 | 65.319 | 48.348 |
|   1   | 73.944 | 88.710 | 92.901 | 65.016 | 48.086 |
|   2   | 73.700 | 88.710 | 93.015 | 64.844 | 47.881 |
|   3   | 73.408 | 88.791 | 92.723 | 64.421 | 46.985 |
|   4   | 73.538 | 88.629 | 92.804 | 64.421 | 47.075 |
|   5   | 73.457 | 88.580 | 92.609 | 64.360 | 47.053 |
|   6   | 73.441 | 88.580 | 92.723 | 64.307 | 46.975 |
|   7   | 73.441 | 88.613 | 92.739 | 64.344 | 47.062 |
|   8   | 73.343 | 88.613 | 92.706 | 64.232 | 46.838 |
|   9   | 73.343 | 88.580 | 92.641 | 64.089 | 46.534 |
|   10  | 73.343 | 88.499 | 92.609 | 63.963 | 46.270 |
|   11  | 73.441 | 88.596 | 92.625 | 64.141 | 46.611 |
|   12  | 73.506 | 88.580 | 92.609 | 64.079 | 46.461 |
|   13  | 73.473 | 88.548 | 92.739 | 64.178 | 46.687 |
|   14  | 73.489 | 88.467 | 92.690 | 64.005 | 46.311 |
|   15  | 73.506 | 88.483 | 92.674 | 64.015 | 46.309 |
|   16  | 73.181 | 88.548 | 92.706 | 63.934 | 46.251 |
|   17  | 73.343 | 88.532 | 92.723 | 64.019 | 46.385 |
|   18  | 73.408 | 88.467 | 92.576 | 63.885 | 46.100 |
+-------+--------+--------+--------+--------+--------+
     logs:  {'epo': 18, 'R1': 73.408, 'R5': 88.467, 'R10': 92.576, 'mAP': 63.885, 'mINP': 46.1, 'lr': 4e-05, 'entropy': 0.152883, 'loss': 0.152883}
      TTA Epoch: [19] [  0/109]  eta: 0:01:13  lr: 0.000038  entropy: 0.0709  loss: 0.0709  time: 0.6767  data: 0.5549  max mem: 5880
      TTA Epoch: [19] [100/109]  eta: 0:00:00  lr: 0.000035  entropy: 0.0243  loss: 0.0243  time: 0.0535  data: 0.0002  max mem: 5880
      TTA Epoch: [19] [108/109]  eta: 0:00:00  lr: 0.000035  entropy: 0.0768  loss: 0.0768  time: 0.0485  data: 0.0002  max mem: 5880
      TTA Epoch: [19] Total time: 0:00:06 (0.0602 s / it)
     Averaged stats: lr: 0.0000  entropy: 0.1488  loss: 0.1488
     itm tta time 0:00:06
     Computing matching score
      ITM Evaluation: [   0/6156]  eta: 0:05:06    time: 0.0497  data: 0.0056  max mem: 5880
      ITM Evaluation: [ 100/6156]  eta: 0:04:26    time: 0.0453  data: 0.0000  max mem: 5880
      ITM Evaluation: [ 200/6156]  eta: 0:04:21    time: 0.0423  data: 0.0000  max mem: 5880
      ITM Evaluation: [ 300/6156]  eta: 0:04:12    time: 0.0396  data: 0.0000  max mem: 5880
      ITM Evaluation: [ 400/6156]  eta: 0:04:09    time: 0.0449  data: 0.0000  max mem: 5880
      ITM Evaluation: [ 500/6156]  eta: 0:04:08    time: 0.0432  data: 0.0000  max mem: 5880
      ITM Evaluation: [ 600/6156]  eta: 0:04:07    time: 0.0486  data: 0.0000  max mem: 5880
      ITM Evaluation: [ 700/6156]  eta: 0:04:01    time: 0.0426  data: 0.0000  max mem: 5880
      ITM Evaluation: [ 800/6156]  eta: 0:03:56    time: 0.0423  data: 0.0000  max mem: 5880
      ITM Evaluation: [ 900/6156]  eta: 0:03:51    time: 0.0427  data: 0.0000  max mem: 5880
      ITM Evaluation: [1000/6156]  eta: 0:03:47    time: 0.0422  data: 0.0000  max mem: 5880
      ITM Evaluation: [1100/6156]  eta: 0:03:42    time: 0.0464  data: 0.0000  max mem: 5880
      ITM Evaluation: [1200/6156]  eta: 0:03:38    time: 0.0432  data: 0.0000  max mem: 5880
      ITM Evaluation: [1300/6156]  eta: 0:03:33    time: 0.0420  data: 0.0000  max mem: 5880
      ITM Evaluation: [1400/6156]  eta: 0:03:28    time: 0.0458  data: 0.0000  max mem: 5880
      ITM Evaluation: [1500/6156]  eta: 0:03:24    time: 0.0456  data: 0.0000  max mem: 5880
      ITM Evaluation: [1600/6156]  eta: 0:03:21    time: 0.0477  data: 0.0000  max mem: 5880
      ITM Evaluation: [1700/6156]  eta: 0:03:17    time: 0.0426  data: 0.0000  max mem: 5880
      ITM Evaluation: [1800/6156]  eta: 0:03:12    time: 0.0409  data: 0.0000  max mem: 5880
      ITM Evaluation: [1900/6156]  eta: 0:03:07    time: 0.0429  data: 0.0000  max mem: 5880
      ITM Evaluation: [2000/6156]  eta: 0:03:02    time: 0.0404  data: 0.0000  max mem: 5880
      ITM Evaluation: [2100/6156]  eta: 0:02:57    time: 0.0438  data: 0.0000  max mem: 5880
      ITM Evaluation: [2200/6156]  eta: 0:02:53    time: 0.0409  data: 0.0000  max mem: 5880
      ITM Evaluation: [2300/6156]  eta: 0:02:48    time: 0.0367  data: 0.0000  max mem: 5880
      ITM Evaluation: [2400/6156]  eta: 0:02:42    time: 0.0452  data: 0.0000  max mem: 5880
      ITM Evaluation: [2500/6156]  eta: 0:02:38    time: 0.0526  data: 0.0000  max mem: 5880
      ITM Evaluation: [2600/6156]  eta: 0:02:33    time: 0.0387  data: 0.0000  max mem: 5880
      ITM Evaluation: [2700/6156]  eta: 0:02:28    time: 0.0413  data: 0.0000  max mem: 5880
      ITM Evaluation: [2800/6156]  eta: 0:02:24    time: 0.0429  data: 0.0000  max mem: 5880
      ITM Evaluation: [2900/6156]  eta: 0:02:19    time: 0.0408  data: 0.0000  max mem: 5880
      ITM Evaluation: [3000/6156]  eta: 0:02:15    time: 0.0437  data: 0.0000  max mem: 5880
      ITM Evaluation: [3100/6156]  eta: 0:02:11    time: 0.0430  data: 0.0000  max mem: 5880
      ITM Evaluation: [3200/6156]  eta: 0:02:06    time: 0.0411  data: 0.0000  max mem: 5880
      ITM Evaluation: [3300/6156]  eta: 0:02:02    time: 0.0428  data: 0.0000  max mem: 5880
      ITM Evaluation: [3400/6156]  eta: 0:01:57    time: 0.0418  data: 0.0000  max mem: 5880
      ITM Evaluation: [3500/6156]  eta: 0:01:53    time: 0.0474  data: 0.0000  max mem: 5880
      ITM Evaluation: [3600/6156]  eta: 0:01:49    time: 0.0507  data: 0.0000  max mem: 5880
      ITM Evaluation: [3700/6156]  eta: 0:01:45    time: 0.0497  data: 0.0000  max mem: 5880
      ITM Evaluation: [3800/6156]  eta: 0:01:41    time: 0.0482  data: 0.0000  max mem: 5880
      ITM Evaluation: [3900/6156]  eta: 0:01:37    time: 0.0470  data: 0.0000  max mem: 5880
      ITM Evaluation: [4000/6156]  eta: 0:01:33    time: 0.0463  data: 0.0000  max mem: 5880
      ITM Evaluation: [4100/6156]  eta: 0:01:29    time: 0.0441  data: 0.0000  max mem: 5880
      ITM Evaluation: [4200/6156]  eta: 0:01:25    time: 0.0447  data: 0.0000  max mem: 5880
      ITM Evaluation: [4300/6156]  eta: 0:01:20    time: 0.0423  data: 0.0000  max mem: 5880
      ITM Evaluation: [4400/6156]  eta: 0:01:16    time: 0.0419  data: 0.0000  max mem: 5880
      ITM Evaluation: [4500/6156]  eta: 0:01:11    time: 0.0419  data: 0.0000  max mem: 5880
      ITM Evaluation: [4600/6156]  eta: 0:01:07    time: 0.0420  data: 0.0000  max mem: 5880
      ITM Evaluation: [4700/6156]  eta: 0:01:03    time: 0.0421  data: 0.0000  max mem: 5880
      ITM Evaluation: [4800/6156]  eta: 0:00:58    time: 0.0527  data: 0.0000  max mem: 5880
      ITM Evaluation: [4900/6156]  eta: 0:00:54    time: 0.0435  data: 0.0000  max mem: 5880
      ITM Evaluation: [5000/6156]  eta: 0:00:50    time: 0.0508  data: 0.0000  max mem: 5880
      ITM Evaluation: [5100/6156]  eta: 0:00:45    time: 0.0424  data: 0.0000  max mem: 5880
      ITM Evaluation: [5200/6156]  eta: 0:00:41    time: 0.0385  data: 0.0000  max mem: 5880
      ITM Evaluation: [5300/6156]  eta: 0:00:37    time: 0.0414  data: 0.0000  max mem: 5880
      ITM Evaluation: [5400/6156]  eta: 0:00:32    time: 0.0403  data: 0.0000  max mem: 5880
      ITM Evaluation: [5500/6156]  eta: 0:00:28    time: 0.0458  data: 0.0000  max mem: 5880
      ITM Evaluation: [5600/6156]  eta: 0:00:24    time: 0.0395  data: 0.0000  max mem: 5880
      ITM Evaluation: [5700/6156]  eta: 0:00:19    time: 0.0418  data: 0.0000  max mem: 5880
      ITM Evaluation: [5800/6156]  eta: 0:00:15    time: 0.0424  data: 0.0000  max mem: 5880
      ITM Evaluation: [5900/6156]  eta: 0:00:11    time: 0.0514  data: 0.0000  max mem: 5880
      ITM Evaluation: [6000/6156]  eta: 0:00:06    time: 0.0470  data: 0.0000  max mem: 5880
      ITM Evaluation: [6100/6156]  eta: 0:00:02    time: 0.0441  data: 0.0000  max mem: 5880
      ITM Evaluation: [6155/6156]  eta: 0:00:00    time: 0.0458  data: 0.0000  max mem: 5880
      ITM Evaluation: Total time: 0:04:27 (0.0435 s / it)
     total_time 267.99821186065674
     Computing matching score time 0:04:27
### TTA ITM Score: 
+-------+--------+--------+--------+--------+--------+
| epoch |   R1   |   R5   |  R10   |  mAP   |  mINP  |
+-------+--------+--------+--------+--------+--------+
|  -999 | 70.760 | 87.378 | 92.268 | 63.849 | 48.174 |
|  -999 | 76.170 | 89.457 | 93.600 | 65.570 | 47.372 |
|   0   | 74.480 | 88.824 | 92.966 | 65.319 | 48.348 |
|   1   | 73.944 | 88.710 | 92.901 | 65.016 | 48.086 |
|   2   | 73.700 | 88.710 | 93.015 | 64.844 | 47.881 |
|   3   | 73.408 | 88.791 | 92.723 | 64.421 | 46.985 |
|   4   | 73.538 | 88.629 | 92.804 | 64.421 | 47.075 |
|   5   | 73.457 | 88.580 | 92.609 | 64.360 | 47.053 |
|   6   | 73.441 | 88.580 | 92.723 | 64.307 | 46.975 |
|   7   | 73.441 | 88.613 | 92.739 | 64.344 | 47.062 |
|   8   | 73.343 | 88.613 | 92.706 | 64.232 | 46.838 |
|   9   | 73.343 | 88.580 | 92.641 | 64.089 | 46.534 |
|   10  | 73.343 | 88.499 | 92.609 | 63.963 | 46.270 |
|   11  | 73.441 | 88.596 | 92.625 | 64.141 | 46.611 |
|   12  | 73.506 | 88.580 | 92.609 | 64.079 | 46.461 |
|   13  | 73.473 | 88.548 | 92.739 | 64.178 | 46.687 |
|   14  | 73.489 | 88.467 | 92.690 | 64.005 | 46.311 |
|   15  | 73.506 | 88.483 | 92.674 | 64.015 | 46.309 |
|   16  | 73.181 | 88.548 | 92.706 | 63.934 | 46.251 |
|   17  | 73.343 | 88.532 | 92.723 | 64.019 | 46.385 |
|   18  | 73.408 | 88.467 | 92.576 | 63.885 | 46.100 |
|   19  | 73.473 | 88.467 | 92.544 | 63.898 | 46.086 |
+-------+--------+--------+--------+--------+--------+
     logs:  {'epo': 19, 'R1': 73.473, 'R5': 88.467, 'R10': 92.544, 'mAP': 63.898, 'mINP': 46.086, 'lr': 3.7e-05, 'entropy': 0.148779, 'loss': 0.148779}
      TTA Epoch: [20] [  0/109]  eta: 0:01:20  lr: 0.000035  entropy: 0.1666  loss: 0.1666  time: 0.7409  data: 0.6374  max mem: 5880
      TTA Epoch: [20] [100/109]  eta: 0:00:00  lr: 0.000032  entropy: 0.1117  loss: 0.1117  time: 0.0524  data: 0.0001  max mem: 5880
      TTA Epoch: [20] [108/109]  eta: 0:00:00  lr: 0.000032  entropy: 0.2006  loss: 0.2006  time: 0.0478  data: 0.0001  max mem: 5880
      TTA Epoch: [20] Total time: 0:00:07 (0.0656 s / it)
     Averaged stats: lr: 0.0000  entropy: 0.1466  loss: 0.1466
     itm tta time 0:00:07
     Computing matching score
      ITM Evaluation: [   0/6156]  eta: 0:06:51    time: 0.0669  data: 0.0043  max mem: 5880
      ITM Evaluation: [ 100/6156]  eta: 0:04:11    time: 0.0422  data: 0.0000  max mem: 5880
      ITM Evaluation: [ 200/6156]  eta: 0:04:09    time: 0.0422  data: 0.0000  max mem: 5880
      ITM Evaluation: [ 300/6156]  eta: 0:04:06    time: 0.0402  data: 0.0000  max mem: 5880
      ITM Evaluation: [ 400/6156]  eta: 0:04:01    time: 0.0474  data: 0.0000  max mem: 5880
      ITM Evaluation: [ 500/6156]  eta: 0:03:58    time: 0.0430  data: 0.0000  max mem: 5880
      ITM Evaluation: [ 600/6156]  eta: 0:03:53    time: 0.0425  data: 0.0000  max mem: 5880
      ITM Evaluation: [ 700/6156]  eta: 0:03:49    time: 0.0449  data: 0.0000  max mem: 5880
      ITM Evaluation: [ 800/6156]  eta: 0:03:48    time: 0.0472  data: 0.0000  max mem: 5880
      ITM Evaluation: [ 900/6156]  eta: 0:03:47    time: 0.0477  data: 0.0000  max mem: 5880
      ITM Evaluation: [1000/6156]  eta: 0:03:45    time: 0.0433  data: 0.0000  max mem: 5880
      ITM Evaluation: [1100/6156]  eta: 0:03:41    time: 0.0426  data: 0.0000  max mem: 5880
      ITM Evaluation: [1200/6156]  eta: 0:03:36    time: 0.0437  data: 0.0000  max mem: 5880
      ITM Evaluation: [1300/6156]  eta: 0:03:31    time: 0.0415  data: 0.0000  max mem: 5880
      ITM Evaluation: [1400/6156]  eta: 0:03:27    time: 0.0436  data: 0.0000  max mem: 5880
      ITM Evaluation: [1500/6156]  eta: 0:03:22    time: 0.0416  data: 0.0000  max mem: 5880
      ITM Evaluation: [1600/6156]  eta: 0:03:17    time: 0.0431  data: 0.0000  max mem: 5880
      ITM Evaluation: [1700/6156]  eta: 0:03:12    time: 0.0425  data: 0.0000  max mem: 5880
      ITM Evaluation: [1800/6156]  eta: 0:03:09    time: 0.0468  data: 0.0000  max mem: 5880
      ITM Evaluation: [1900/6156]  eta: 0:03:06    time: 0.0451  data: 0.0000  max mem: 5880
      ITM Evaluation: [2000/6156]  eta: 0:03:03    time: 0.0505  data: 0.0000  max mem: 5880
      ITM Evaluation: [2100/6156]  eta: 0:02:58    time: 0.0429  data: 0.0000  max mem: 5880
      ITM Evaluation: [2200/6156]  eta: 0:02:53    time: 0.0420  data: 0.0000  max mem: 5880
      ITM Evaluation: [2300/6156]  eta: 0:02:49    time: 0.0454  data: 0.0000  max mem: 5880
      ITM Evaluation: [2400/6156]  eta: 0:02:44    time: 0.0408  data: 0.0000  max mem: 5880
      ITM Evaluation: [2500/6156]  eta: 0:02:39    time: 0.0421  data: 0.0000  max mem: 5880
      ITM Evaluation: [2600/6156]  eta: 0:02:34    time: 0.0399  data: 0.0000  max mem: 5880
      ITM Evaluation: [2700/6156]  eta: 0:02:30    time: 0.0415  data: 0.0000  max mem: 5880
      ITM Evaluation: [2800/6156]  eta: 0:02:25    time: 0.0424  data: 0.0000  max mem: 5880
      ITM Evaluation: [2900/6156]  eta: 0:02:21    time: 0.0480  data: 0.0000  max mem: 5880
      ITM Evaluation: [3000/6156]  eta: 0:02:17    time: 0.0462  data: 0.0000  max mem: 5880
      ITM Evaluation: [3100/6156]  eta: 0:02:13    time: 0.0418  data: 0.0000  max mem: 5880
      ITM Evaluation: [3200/6156]  eta: 0:02:09    time: 0.0446  data: 0.0000  max mem: 5880
      ITM Evaluation: [3300/6156]  eta: 0:02:05    time: 0.0426  data: 0.0000  max mem: 5880
      ITM Evaluation: [3400/6156]  eta: 0:02:00    time: 0.0414  data: 0.0000  max mem: 5880
      ITM Evaluation: [3500/6156]  eta: 0:01:56    time: 0.0407  data: 0.0000  max mem: 5880
      ITM Evaluation: [3600/6156]  eta: 0:01:51    time: 0.0401  data: 0.0000  max mem: 5880
      ITM Evaluation: [3700/6156]  eta: 0:01:47    time: 0.0421  data: 0.0000  max mem: 5880
      ITM Evaluation: [3800/6156]  eta: 0:01:42    time: 0.0401  data: 0.0000  max mem: 5880
      ITM Evaluation: [3900/6156]  eta: 0:01:38    time: 0.0455  data: 0.0000  max mem: 5880
      ITM Evaluation: [4000/6156]  eta: 0:01:34    time: 0.0550  data: 0.0000  max mem: 5880
      ITM Evaluation: [4100/6156]  eta: 0:01:30    time: 0.0447  data: 0.0000  max mem: 5880
      ITM Evaluation: [4200/6156]  eta: 0:01:25    time: 0.0419  data: 0.0000  max mem: 5880
      ITM Evaluation: [4300/6156]  eta: 0:01:21    time: 0.0421  data: 0.0000  max mem: 5880
      ITM Evaluation: [4400/6156]  eta: 0:01:16    time: 0.0438  data: 0.0000  max mem: 5880
      ITM Evaluation: [4500/6156]  eta: 0:01:12    time: 0.0443  data: 0.0000  max mem: 5880
      ITM Evaluation: [4600/6156]  eta: 0:01:08    time: 0.0455  data: 0.0000  max mem: 5880
      ITM Evaluation: [4700/6156]  eta: 0:01:03    time: 0.0421  data: 0.0000  max mem: 5880
      ITM Evaluation: [4800/6156]  eta: 0:00:59    time: 0.0434  data: 0.0000  max mem: 5880
      ITM Evaluation: [4900/6156]  eta: 0:00:55    time: 0.0511  data: 0.0000  max mem: 5880
      ITM Evaluation: [5000/6156]  eta: 0:00:50    time: 0.0476  data: 0.0000  max mem: 5880
      ITM Evaluation: [5100/6156]  eta: 0:00:46    time: 0.0448  data: 0.0000  max mem: 5880
      ITM Evaluation: [5200/6156]  eta: 0:00:42    time: 0.0411  data: 0.0000  max mem: 5880
      ITM Evaluation: [5300/6156]  eta: 0:00:37    time: 0.0444  data: 0.0000  max mem: 5880
      ITM Evaluation: [5400/6156]  eta: 0:00:33    time: 0.0439  data: 0.0000  max mem: 5880
      ITM Evaluation: [5500/6156]  eta: 0:00:28    time: 0.0430  data: 0.0000  max mem: 5880
      ITM Evaluation: [5600/6156]  eta: 0:00:24    time: 0.0387  data: 0.0000  max mem: 5880
      ITM Evaluation: [5700/6156]  eta: 0:00:19    time: 0.0391  data: 0.0000  max mem: 5880
      ITM Evaluation: [5800/6156]  eta: 0:00:15    time: 0.0416  data: 0.0000  max mem: 5880
      ITM Evaluation: [5900/6156]  eta: 0:00:11    time: 0.0448  data: 0.0000  max mem: 5880
      ITM Evaluation: [6000/6156]  eta: 0:00:06    time: 0.0526  data: 0.0000  max mem: 5880
      ITM Evaluation: [6100/6156]  eta: 0:00:02    time: 0.0465  data: 0.0000  max mem: 5880
      ITM Evaluation: [6155/6156]  eta: 0:00:00    time: 0.0536  data: 0.0000  max mem: 5880
      ITM Evaluation: Total time: 0:04:30 (0.0440 s / it)
     total_time 270.8739523887634
     Computing matching score time 0:04:30
### TTA ITM Score: 
+-------+--------+--------+--------+--------+--------+
| epoch |   R1   |   R5   |  R10   |  mAP   |  mINP  |
+-------+--------+--------+--------+--------+--------+
|  -999 | 70.760 | 87.378 | 92.268 | 63.849 | 48.174 |
|  -999 | 76.170 | 89.457 | 93.600 | 65.570 | 47.372 |
|   0   | 74.480 | 88.824 | 92.966 | 65.319 | 48.348 |
|   1   | 73.944 | 88.710 | 92.901 | 65.016 | 48.086 |
|   2   | 73.700 | 88.710 | 93.015 | 64.844 | 47.881 |
|   3   | 73.408 | 88.791 | 92.723 | 64.421 | 46.985 |
|   4   | 73.538 | 88.629 | 92.804 | 64.421 | 47.075 |
|   5   | 73.457 | 88.580 | 92.609 | 64.360 | 47.053 |
|   6   | 73.441 | 88.580 | 92.723 | 64.307 | 46.975 |
|   7   | 73.441 | 88.613 | 92.739 | 64.344 | 47.062 |
|   8   | 73.343 | 88.613 | 92.706 | 64.232 | 46.838 |
|   9   | 73.343 | 88.580 | 92.641 | 64.089 | 46.534 |
|   10  | 73.343 | 88.499 | 92.609 | 63.963 | 46.270 |
|   11  | 73.441 | 88.596 | 92.625 | 64.141 | 46.611 |
|   12  | 73.506 | 88.580 | 92.609 | 64.079 | 46.461 |
|   13  | 73.473 | 88.548 | 92.739 | 64.178 | 46.687 |
|   14  | 73.489 | 88.467 | 92.690 | 64.005 | 46.311 |
|   15  | 73.506 | 88.483 | 92.674 | 64.015 | 46.309 |
|   16  | 73.181 | 88.548 | 92.706 | 63.934 | 46.251 |
|   17  | 73.343 | 88.532 | 92.723 | 64.019 | 46.385 |
|   18  | 73.408 | 88.467 | 92.576 | 63.885 | 46.100 |
|   19  | 73.473 | 88.467 | 92.544 | 63.898 | 46.086 |
|   20  | 73.457 | 88.548 | 92.674 | 64.044 | 46.366 |
+-------+--------+--------+--------+--------+--------+
     logs:  {'epo': 20, 'R1': 73.457, 'R5': 88.548, 'R10': 92.674, 'mAP': 64.044, 'mINP': 46.366, 'lr': 3.3e-05, 'entropy': 0.146612, 'loss': 0.146612}
      TTA Epoch: [21] [  0/109]  eta: 0:01:10  lr: 0.000032  entropy: 0.2927  loss: 0.2927  time: 0.6476  data: 0.5651  max mem: 5880
      TTA Epoch: [21] [100/109]  eta: 0:00:00  lr: 0.000028  entropy: 0.1105  loss: 0.1105  time: 0.0557  data: 0.0002  max mem: 5880
      TTA Epoch: [21] [108/109]  eta: 0:00:00  lr: 0.000028  entropy: 0.1313  loss: 0.1313  time: 0.0486  data: 0.0001  max mem: 5880
      TTA Epoch: [21] Total time: 0:00:06 (0.0588 s / it)
     Averaged stats: lr: 0.0000  entropy: 0.1526  loss: 0.1526
     itm tta time 0:00:06
     Computing matching score
      ITM Evaluation: [   0/6156]  eta: 0:06:51    time: 0.0668  data: 0.0044  max mem: 5880
      ITM Evaluation: [ 100/6156]  eta: 0:04:10    time: 0.0436  data: 0.0000  max mem: 5880
      ITM Evaluation: [ 200/6156]  eta: 0:04:07    time: 0.0410  data: 0.0000  max mem: 5880
      ITM Evaluation: [ 300/6156]  eta: 0:04:07    time: 0.0442  data: 0.0000  max mem: 5880
      ITM Evaluation: [ 400/6156]  eta: 0:04:01    time: 0.0419  data: 0.0000  max mem: 5880
      ITM Evaluation: [ 500/6156]  eta: 0:03:58    time: 0.0430  data: 0.0000  max mem: 5880
      ITM Evaluation: [ 600/6156]  eta: 0:03:54    time: 0.0403  data: 0.0000  max mem: 5880
      ITM Evaluation: [ 700/6156]  eta: 0:03:54    time: 0.0477  data: 0.0000  max mem: 5880
      ITM Evaluation: [ 800/6156]  eta: 0:03:53    time: 0.0533  data: 0.0000  max mem: 5880
      ITM Evaluation: [ 900/6156]  eta: 0:03:49    time: 0.0409  data: 0.0000  max mem: 5880
      ITM Evaluation: [1000/6156]  eta: 0:03:43    time: 0.0433  data: 0.0000  max mem: 5880
      ITM Evaluation: [1100/6156]  eta: 0:03:38    time: 0.0433  data: 0.0000  max mem: 5880
      ITM Evaluation: [1200/6156]  eta: 0:03:32    time: 0.0379  data: 0.0000  max mem: 5880
      ITM Evaluation: [1300/6156]  eta: 0:03:27    time: 0.0396  data: 0.0000  max mem: 5880
      ITM Evaluation: [1400/6156]  eta: 0:03:22    time: 0.0385  data: 0.0000  max mem: 5880
      ITM Evaluation: [1500/6156]  eta: 0:03:17    time: 0.0453  data: 0.0000  max mem: 5880
      ITM Evaluation: [1600/6156]  eta: 0:03:12    time: 0.0393  data: 0.0000  max mem: 5880
      ITM Evaluation: [1700/6156]  eta: 0:03:09    time: 0.0477  data: 0.0000  max mem: 5880
      ITM Evaluation: [1800/6156]  eta: 0:03:07    time: 0.0507  data: 0.0000  max mem: 5880
      ITM Evaluation: [1900/6156]  eta: 0:03:04    time: 0.0406  data: 0.0000  max mem: 5880
      ITM Evaluation: [2000/6156]  eta: 0:02:59    time: 0.0421  data: 0.0000  max mem: 5880
      ITM Evaluation: [2100/6156]  eta: 0:02:55    time: 0.0422  data: 0.0000  max mem: 5880
      ITM Evaluation: [2200/6156]  eta: 0:02:50    time: 0.0417  data: 0.0000  max mem: 5880
      ITM Evaluation: [2300/6156]  eta: 0:02:46    time: 0.0430  data: 0.0000  max mem: 5880
      ITM Evaluation: [2400/6156]  eta: 0:02:41    time: 0.0427  data: 0.0000  max mem: 5880
      ITM Evaluation: [2500/6156]  eta: 0:02:36    time: 0.0419  data: 0.0000  max mem: 5880
      ITM Evaluation: [2600/6156]  eta: 0:02:32    time: 0.0414  data: 0.0000  max mem: 5880
      ITM Evaluation: [2700/6156]  eta: 0:02:28    time: 0.0442  data: 0.0000  max mem: 5880
      ITM Evaluation: [2800/6156]  eta: 0:02:24    time: 0.0443  data: 0.0000  max mem: 5880
      ITM Evaluation: [2900/6156]  eta: 0:02:21    time: 0.0504  data: 0.0000  max mem: 5880
      ITM Evaluation: [3000/6156]  eta: 0:02:16    time: 0.0422  data: 0.0000  max mem: 5880
      ITM Evaluation: [3100/6156]  eta: 0:02:12    time: 0.0408  data: 0.0000  max mem: 5880
      ITM Evaluation: [3200/6156]  eta: 0:02:07    time: 0.0432  data: 0.0000  max mem: 5880
      ITM Evaluation: [3300/6156]  eta: 0:02:03    time: 0.0437  data: 0.0000  max mem: 5880
      ITM Evaluation: [3400/6156]  eta: 0:01:58    time: 0.0382  data: 0.0000  max mem: 5880
      ITM Evaluation: [3500/6156]  eta: 0:01:54    time: 0.0384  data: 0.0000  max mem: 5880
      ITM Evaluation: [3600/6156]  eta: 0:01:50    time: 0.0443  data: 0.0000  max mem: 5880
      ITM Evaluation: [3700/6156]  eta: 0:01:45    time: 0.0421  data: 0.0000  max mem: 5880
      ITM Evaluation: [3800/6156]  eta: 0:01:41    time: 0.0478  data: 0.0000  max mem: 5880
      ITM Evaluation: [3900/6156]  eta: 0:01:37    time: 0.0443  data: 0.0000  max mem: 5880
      ITM Evaluation: [4000/6156]  eta: 0:01:32    time: 0.0454  data: 0.0000  max mem: 5880
      ITM Evaluation: [4100/6156]  eta: 0:01:28    time: 0.0404  data: 0.0000  max mem: 5880
      ITM Evaluation: [4200/6156]  eta: 0:01:24    time: 0.0401  data: 0.0000  max mem: 5880
      ITM Evaluation: [4300/6156]  eta: 0:01:19    time: 0.0407  data: 0.0000  max mem: 5880
      ITM Evaluation: [4400/6156]  eta: 0:01:15    time: 0.0402  data: 0.0000  max mem: 5880
      ITM Evaluation: [4500/6156]  eta: 0:01:11    time: 0.0420  data: 0.0000  max mem: 5880
      ITM Evaluation: [4600/6156]  eta: 0:01:06    time: 0.0409  data: 0.0000  max mem: 5880
      ITM Evaluation: [4700/6156]  eta: 0:01:02    time: 0.0413  data: 0.0000  max mem: 5880
      ITM Evaluation: [4800/6156]  eta: 0:00:58    time: 0.0396  data: 0.0000  max mem: 5880
      ITM Evaluation: [4900/6156]  eta: 0:00:53    time: 0.0412  data: 0.0000  max mem: 5880
      ITM Evaluation: [5000/6156]  eta: 0:00:49    time: 0.0483  data: 0.0000  max mem: 5880
      ITM Evaluation: [5100/6156]  eta: 0:00:45    time: 0.0426  data: 0.0000  max mem: 5880
      ITM Evaluation: [5200/6156]  eta: 0:00:41    time: 0.0400  data: 0.0000  max mem: 5880
      ITM Evaluation: [5300/6156]  eta: 0:00:36    time: 0.0437  data: 0.0000  max mem: 5880
      ITM Evaluation: [5400/6156]  eta: 0:00:32    time: 0.0453  data: 0.0000  max mem: 5880
      ITM Evaluation: [5500/6156]  eta: 0:00:28    time: 0.0419  data: 0.0000  max mem: 5880
      ITM Evaluation: [5600/6156]  eta: 0:00:23    time: 0.0395  data: 0.0000  max mem: 5880
      ITM Evaluation: [5700/6156]  eta: 0:00:19    time: 0.0412  data: 0.0000  max mem: 5880
      ITM Evaluation: [5800/6156]  eta: 0:00:15    time: 0.0384  data: 0.0000  max mem: 5880
      ITM Evaluation: [5900/6156]  eta: 0:00:10    time: 0.0529  data: 0.0000  max mem: 5880
      ITM Evaluation: [6000/6156]  eta: 0:00:06    time: 0.0411  data: 0.0000  max mem: 5880
      ITM Evaluation: [6100/6156]  eta: 0:00:02    time: 0.0464  data: 0.0000  max mem: 5880
      ITM Evaluation: [6155/6156]  eta: 0:00:00    time: 0.0389  data: 0.0000  max mem: 5880
      ITM Evaluation: Total time: 0:04:24 (0.0430 s / it)
     total_time 265.03871726989746
     Computing matching score time 0:04:25
### TTA ITM Score: 
+-------+--------+--------+--------+--------+--------+
| epoch |   R1   |   R5   |  R10   |  mAP   |  mINP  |
+-------+--------+--------+--------+--------+--------+
|  -999 | 70.760 | 87.378 | 92.268 | 63.849 | 48.174 |
|  -999 | 76.170 | 89.457 | 93.600 | 65.570 | 47.372 |
|   0   | 74.480 | 88.824 | 92.966 | 65.319 | 48.348 |
|   1   | 73.944 | 88.710 | 92.901 | 65.016 | 48.086 |
|   2   | 73.700 | 88.710 | 93.015 | 64.844 | 47.881 |
|   3   | 73.408 | 88.791 | 92.723 | 64.421 | 46.985 |
|   4   | 73.538 | 88.629 | 92.804 | 64.421 | 47.075 |
|   5   | 73.457 | 88.580 | 92.609 | 64.360 | 47.053 |
|   6   | 73.441 | 88.580 | 92.723 | 64.307 | 46.975 |
|   7   | 73.441 | 88.613 | 92.739 | 64.344 | 47.062 |
|   8   | 73.343 | 88.613 | 92.706 | 64.232 | 46.838 |
|   9   | 73.343 | 88.580 | 92.641 | 64.089 | 46.534 |
|   10  | 73.343 | 88.499 | 92.609 | 63.963 | 46.270 |
|   11  | 73.441 | 88.596 | 92.625 | 64.141 | 46.611 |
|   12  | 73.506 | 88.580 | 92.609 | 64.079 | 46.461 |
|   13  | 73.473 | 88.548 | 92.739 | 64.178 | 46.687 |
|   14  | 73.489 | 88.467 | 92.690 | 64.005 | 46.311 |
|   15  | 73.506 | 88.483 | 92.674 | 64.015 | 46.309 |
|   16  | 73.181 | 88.548 | 92.706 | 63.934 | 46.251 |
|   17  | 73.343 | 88.532 | 92.723 | 64.019 | 46.385 |
|   18  | 73.408 | 88.467 | 92.576 | 63.885 | 46.100 |
|   19  | 73.473 | 88.467 | 92.544 | 63.898 | 46.086 |
|   20  | 73.457 | 88.548 | 92.674 | 64.044 | 46.366 |
|   21  | 73.441 | 88.515 | 92.625 | 63.964 | 46.226 |
+-------+--------+--------+--------+--------+--------+
     logs:  {'epo': 21, 'R1': 73.441, 'R5': 88.515, 'R10': 92.625, 'mAP': 63.964, 'mINP': 46.226, 'lr': 3e-05, 'entropy': 0.152579, 'loss': 0.152579}
      TTA Epoch: [22] [  0/109]  eta: 0:01:11  lr: 0.000028  entropy: 0.3115  loss: 0.3115  time: 0.6604  data: 0.5796  max mem: 5880
      TTA Epoch: [22] [100/109]  eta: 0:00:00  lr: 0.000025  entropy: 0.1027  loss: 0.1027  time: 0.0560  data: 0.0002  max mem: 5880
      TTA Epoch: [22] [108/109]  eta: 0:00:00  lr: 0.000025  entropy: 0.1893  loss: 0.1893  time: 0.0491  data: 0.0001  max mem: 5880
      TTA Epoch: [22] Total time: 0:00:06 (0.0590 s / it)
     Averaged stats: lr: 0.0000  entropy: 0.1377  loss: 0.1377
     itm tta time 0:00:06
     Computing matching score
      ITM Evaluation: [   0/6156]  eta: 0:04:12    time: 0.0410  data: 0.0061  max mem: 5880
      ITM Evaluation: [ 100/6156]  eta: 0:04:32    time: 0.0453  data: 0.0000  max mem: 5880
      ITM Evaluation: [ 200/6156]  eta: 0:04:21    time: 0.0418  data: 0.0000  max mem: 5880
      ITM Evaluation: [ 300/6156]  eta: 0:04:12    time: 0.0437  data: 0.0000  max mem: 5880
      ITM Evaluation: [ 400/6156]  eta: 0:04:06    time: 0.0423  data: 0.0000  max mem: 5880
      ITM Evaluation: [ 500/6156]  eta: 0:03:59    time: 0.0375  data: 0.0000  max mem: 5880
      ITM Evaluation: [ 600/6156]  eta: 0:03:59    time: 0.0446  data: 0.0000  max mem: 5880
      ITM Evaluation: [ 700/6156]  eta: 0:03:57    time: 0.0517  data: 0.0000  max mem: 5880
      ITM Evaluation: [ 800/6156]  eta: 0:03:54    time: 0.0413  data: 0.0000  max mem: 5880
      ITM Evaluation: [ 900/6156]  eta: 0:03:48    time: 0.0423  data: 0.0000  max mem: 5880
      ITM Evaluation: [1000/6156]  eta: 0:03:43    time: 0.0460  data: 0.0000  max mem: 5880
      ITM Evaluation: [1100/6156]  eta: 0:03:39    time: 0.0422  data: 0.0000  max mem: 5880
      ITM Evaluation: [1200/6156]  eta: 0:03:33    time: 0.0390  data: 0.0000  max mem: 5880
      ITM Evaluation: [1300/6156]  eta: 0:03:28    time: 0.0414  data: 0.0000  max mem: 5880
      ITM Evaluation: [1400/6156]  eta: 0:03:23    time: 0.0407  data: 0.0000  max mem: 5880
      ITM Evaluation: [1500/6156]  eta: 0:03:18    time: 0.0416  data: 0.0000  max mem: 5880
      ITM Evaluation: [1600/6156]  eta: 0:03:14    time: 0.0498  data: 0.0000  max mem: 5880
      ITM Evaluation: [1700/6156]  eta: 0:03:11    time: 0.0493  data: 0.0000  max mem: 5880
      ITM Evaluation: [1800/6156]  eta: 0:03:08    time: 0.0471  data: 0.0000  max mem: 5880
      ITM Evaluation: [1900/6156]  eta: 0:03:03    time: 0.0409  data: 0.0000  max mem: 5880
      ITM Evaluation: [2000/6156]  eta: 0:02:58    time: 0.0447  data: 0.0000  max mem: 5880
      ITM Evaluation: [2100/6156]  eta: 0:02:54    time: 0.0397  data: 0.0000  max mem: 5880
      ITM Evaluation: [2200/6156]  eta: 0:02:49    time: 0.0395  data: 0.0000  max mem: 5880
      ITM Evaluation: [2300/6156]  eta: 0:02:44    time: 0.0397  data: 0.0000  max mem: 5880
      ITM Evaluation: [2400/6156]  eta: 0:02:40    time: 0.0438  data: 0.0000  max mem: 5880
      ITM Evaluation: [2500/6156]  eta: 0:02:35    time: 0.0398  data: 0.0000  max mem: 5880
      ITM Evaluation: [2600/6156]  eta: 0:02:31    time: 0.0425  data: 0.0000  max mem: 5880
      ITM Evaluation: [2700/6156]  eta: 0:02:27    time: 0.0451  data: 0.0000  max mem: 5880
      ITM Evaluation: [2800/6156]  eta: 0:02:23    time: 0.0484  data: 0.0000  max mem: 5880
      ITM Evaluation: [2900/6156]  eta: 0:02:20    time: 0.0419  data: 0.0000  max mem: 5880
      ITM Evaluation: [3000/6156]  eta: 0:02:15    time: 0.0413  data: 0.0000  max mem: 5880
      ITM Evaluation: [3100/6156]  eta: 0:02:11    time: 0.0419  data: 0.0000  max mem: 5880
      ITM Evaluation: [3200/6156]  eta: 0:02:06    time: 0.0437  data: 0.0000  max mem: 5880
      ITM Evaluation: [3300/6156]  eta: 0:02:02    time: 0.0404  data: 0.0000  max mem: 5880
      ITM Evaluation: [3400/6156]  eta: 0:01:57    time: 0.0428  data: 0.0000  max mem: 5880
      ITM Evaluation: [3500/6156]  eta: 0:01:53    time: 0.0412  data: 0.0000  max mem: 5880
      ITM Evaluation: [3600/6156]  eta: 0:01:49    time: 0.0405  data: 0.0000  max mem: 5880
      ITM Evaluation: [3700/6156]  eta: 0:01:44    time: 0.0470  data: 0.0000  max mem: 5880
      ITM Evaluation: [3800/6156]  eta: 0:01:40    time: 0.0449  data: 0.0000  max mem: 5880
      ITM Evaluation: [3900/6156]  eta: 0:01:36    time: 0.0491  data: 0.0000  max mem: 5880
      ITM Evaluation: [4000/6156]  eta: 0:01:32    time: 0.0423  data: 0.0000  max mem: 5880
      ITM Evaluation: [4100/6156]  eta: 0:01:28    time: 0.0428  data: 0.0000  max mem: 5880
      ITM Evaluation: [4200/6156]  eta: 0:01:24    time: 0.0425  data: 0.0000  max mem: 5880
      ITM Evaluation: [4300/6156]  eta: 0:01:19    time: 0.0412  data: 0.0000  max mem: 5880
      ITM Evaluation: [4400/6156]  eta: 0:01:15    time: 0.0442  data: 0.0000  max mem: 5880
      ITM Evaluation: [4500/6156]  eta: 0:01:11    time: 0.0417  data: 0.0000  max mem: 5880
      ITM Evaluation: [4600/6156]  eta: 0:01:06    time: 0.0434  data: 0.0000  max mem: 5880
      ITM Evaluation: [4700/6156]  eta: 0:01:02    time: 0.0438  data: 0.0000  max mem: 5880
      ITM Evaluation: [4800/6156]  eta: 0:00:58    time: 0.0456  data: 0.0000  max mem: 5880
      ITM Evaluation: [4900/6156]  eta: 0:00:54    time: 0.0462  data: 0.0000  max mem: 5880
      ITM Evaluation: [5000/6156]  eta: 0:00:49    time: 0.0436  data: 0.0000  max mem: 5880
      ITM Evaluation: [5100/6156]  eta: 0:00:45    time: 0.0413  data: 0.0000  max mem: 5880
      ITM Evaluation: [5200/6156]  eta: 0:00:41    time: 0.0415  data: 0.0000  max mem: 5880
      ITM Evaluation: [5300/6156]  eta: 0:00:36    time: 0.0462  data: 0.0000  max mem: 5880
      ITM Evaluation: [5400/6156]  eta: 0:00:32    time: 0.0423  data: 0.0000  max mem: 5880
      ITM Evaluation: [5500/6156]  eta: 0:00:28    time: 0.0436  data: 0.0000  max mem: 5880
      ITM Evaluation: [5600/6156]  eta: 0:00:24    time: 0.0457  data: 0.0000  max mem: 5880
      ITM Evaluation: [5700/6156]  eta: 0:00:19    time: 0.0425  data: 0.0000  max mem: 5880
      ITM Evaluation: [5800/6156]  eta: 0:00:15    time: 0.0455  data: 0.0000  max mem: 5880
      ITM Evaluation: [5900/6156]  eta: 0:00:11    time: 0.0544  data: 0.0000  max mem: 5880
      ITM Evaluation: [6000/6156]  eta: 0:00:06    time: 0.0430  data: 0.0000  max mem: 5880
      ITM Evaluation: [6100/6156]  eta: 0:00:02    time: 0.0432  data: 0.0000  max mem: 5880
      ITM Evaluation: [6155/6156]  eta: 0:00:00    time: 0.0432  data: 0.0000  max mem: 5880
      ITM Evaluation: Total time: 0:04:27 (0.0435 s / it)
     total_time 267.97136211395264
     Computing matching score time 0:04:27
### TTA ITM Score: 
+-------+--------+--------+--------+--------+--------+
| epoch |   R1   |   R5   |  R10   |  mAP   |  mINP  |
+-------+--------+--------+--------+--------+--------+
|  -999 | 70.760 | 87.378 | 92.268 | 63.849 | 48.174 |
|  -999 | 76.170 | 89.457 | 93.600 | 65.570 | 47.372 |
|   0   | 74.480 | 88.824 | 92.966 | 65.319 | 48.348 |
|   1   | 73.944 | 88.710 | 92.901 | 65.016 | 48.086 |
|   2   | 73.700 | 88.710 | 93.015 | 64.844 | 47.881 |
|   3   | 73.408 | 88.791 | 92.723 | 64.421 | 46.985 |
|   4   | 73.538 | 88.629 | 92.804 | 64.421 | 47.075 |
|   5   | 73.457 | 88.580 | 92.609 | 64.360 | 47.053 |
|   6   | 73.441 | 88.580 | 92.723 | 64.307 | 46.975 |
|   7   | 73.441 | 88.613 | 92.739 | 64.344 | 47.062 |
|   8   | 73.343 | 88.613 | 92.706 | 64.232 | 46.838 |
|   9   | 73.343 | 88.580 | 92.641 | 64.089 | 46.534 |
|   10  | 73.343 | 88.499 | 92.609 | 63.963 | 46.270 |
|   11  | 73.441 | 88.596 | 92.625 | 64.141 | 46.611 |
|   12  | 73.506 | 88.580 | 92.609 | 64.079 | 46.461 |
|   13  | 73.473 | 88.548 | 92.739 | 64.178 | 46.687 |
|   14  | 73.489 | 88.467 | 92.690 | 64.005 | 46.311 |
|   15  | 73.506 | 88.483 | 92.674 | 64.015 | 46.309 |
|   16  | 73.181 | 88.548 | 92.706 | 63.934 | 46.251 |
|   17  | 73.343 | 88.532 | 92.723 | 64.019 | 46.385 |
|   18  | 73.408 | 88.467 | 92.576 | 63.885 | 46.100 |
|   19  | 73.473 | 88.467 | 92.544 | 63.898 | 46.086 |
|   20  | 73.457 | 88.548 | 92.674 | 64.044 | 46.366 |
|   21  | 73.441 | 88.515 | 92.625 | 63.964 | 46.226 |
|   22  | 73.408 | 88.402 | 92.593 | 63.822 | 45.949 |
+-------+--------+--------+--------+--------+--------+
     logs:  {'epo': 22, 'R1': 73.408, 'R5': 88.402, 'R10': 92.593, 'mAP': 63.822, 'mINP': 45.949, 'lr': 2.6e-05, 'entropy': 0.137694, 'loss': 0.137694}
      TTA Epoch: [23] [  0/109]  eta: 0:01:16  lr: 0.000025  entropy: 0.1285  loss: 0.1285  time: 0.6991  data: 0.5950  max mem: 5880
      TTA Epoch: [23] [100/109]  eta: 0:00:00  lr: 0.000022  entropy: 0.1118  loss: 0.1118  time: 0.0518  data: 0.0001  max mem: 5880
      TTA Epoch: [23] [108/109]  eta: 0:00:00  lr: 0.000021  entropy: 0.3295  loss: 0.3295  time: 0.0473  data: 0.0001  max mem: 5880
      TTA Epoch: [23] Total time: 0:00:06 (0.0575 s / it)
     Averaged stats: lr: 0.0000  entropy: 0.1401  loss: 0.1401
     itm tta time 0:00:06
     Computing matching score
      ITM Evaluation: [   0/6156]  eta: 0:04:06    time: 0.0401  data: 0.0042  max mem: 5880
      ITM Evaluation: [ 100/6156]  eta: 0:04:21    time: 0.0434  data: 0.0000  max mem: 5880
      ITM Evaluation: [ 200/6156]  eta: 0:04:19    time: 0.0441  data: 0.0000  max mem: 5880
      ITM Evaluation: [ 300/6156]  eta: 0:04:17    time: 0.0447  data: 0.0000  max mem: 5880
      ITM Evaluation: [ 400/6156]  eta: 0:04:16    time: 0.0485  data: 0.0000  max mem: 5880
      ITM Evaluation: [ 500/6156]  eta: 0:04:13    time: 0.0457  data: 0.0000  max mem: 5880
      ITM Evaluation: [ 600/6156]  eta: 0:04:10    time: 0.0466  data: 0.0000  max mem: 5880
      ITM Evaluation: [ 700/6156]  eta: 0:04:05    time: 0.0430  data: 0.0000  max mem: 5880
      ITM Evaluation: [ 800/6156]  eta: 0:03:59    time: 0.0456  data: 0.0000  max mem: 5880
      ITM Evaluation: [ 900/6156]  eta: 0:03:53    time: 0.0430  data: 0.0000  max mem: 5880
      ITM Evaluation: [1000/6156]  eta: 0:03:48    time: 0.0431  data: 0.0000  max mem: 5880
      ITM Evaluation: [1100/6156]  eta: 0:03:44    time: 0.0415  data: 0.0000  max mem: 5880
      ITM Evaluation: [1200/6156]  eta: 0:03:38    time: 0.0400  data: 0.0000  max mem: 5880
      ITM Evaluation: [1300/6156]  eta: 0:03:33    time: 0.0408  data: 0.0000  max mem: 5880
      ITM Evaluation: [1400/6156]  eta: 0:03:28    time: 0.0502  data: 0.0000  max mem: 5880
      ITM Evaluation: [1500/6156]  eta: 0:03:25    time: 0.0481  data: 0.0000  max mem: 5880
      ITM Evaluation: [1600/6156]  eta: 0:03:22    time: 0.0456  data: 0.0000  max mem: 5880
      ITM Evaluation: [1700/6156]  eta: 0:03:18    time: 0.0418  data: 0.0000  max mem: 5880
      ITM Evaluation: [1800/6156]  eta: 0:03:13    time: 0.0428  data: 0.0000  max mem: 5880
      ITM Evaluation: [1900/6156]  eta: 0:03:08    time: 0.0432  data: 0.0000  max mem: 5880
      ITM Evaluation: [2000/6156]  eta: 0:03:03    time: 0.0353  data: 0.0000  max mem: 5880
      ITM Evaluation: [2100/6156]  eta: 0:02:57    time: 0.0343  data: 0.0000  max mem: 5880
      ITM Evaluation: [2200/6156]  eta: 0:02:51    time: 0.0343  data: 0.0000  max mem: 5880
      ITM Evaluation: [2300/6156]  eta: 0:02:45    time: 0.0335  data: 0.0000  max mem: 5880
      ITM Evaluation: [2400/6156]  eta: 0:02:39    time: 0.0382  data: 0.0000  max mem: 5880
      ITM Evaluation: [2500/6156]  eta: 0:02:34    time: 0.0377  data: 0.0000  max mem: 5880
      ITM Evaluation: [2600/6156]  eta: 0:02:29    time: 0.0341  data: 0.0000  max mem: 5880
      ITM Evaluation: [2700/6156]  eta: 0:02:24    time: 0.0355  data: 0.0000  max mem: 5880
      ITM Evaluation: [2800/6156]  eta: 0:02:19    time: 0.0381  data: 0.0000  max mem: 5880
      ITM Evaluation: [2900/6156]  eta: 0:02:14    time: 0.0346  data: 0.0000  max mem: 5880
      ITM Evaluation: [3000/6156]  eta: 0:02:10    time: 0.0754  data: 0.0000  max mem: 5880
      ITM Evaluation: [3100/6156]  eta: 0:02:06    time: 0.0344  data: 0.0000  max mem: 5880
      ITM Evaluation: [3200/6156]  eta: 0:02:01    time: 0.0384  data: 0.0000  max mem: 5880
      ITM Evaluation: [3300/6156]  eta: 0:01:57    time: 0.0348  data: 0.0000  max mem: 5880
      ITM Evaluation: [3400/6156]  eta: 0:01:52    time: 0.0358  data: 0.0000  max mem: 5880
      ITM Evaluation: [3500/6156]  eta: 0:01:48    time: 0.0377  data: 0.0000  max mem: 5880
      ITM Evaluation: [3600/6156]  eta: 0:01:44    time: 0.0360  data: 0.0000  max mem: 5880
      ITM Evaluation: [3700/6156]  eta: 0:01:40    time: 0.0424  data: 0.0000  max mem: 5880
      ITM Evaluation: [3800/6156]  eta: 0:01:36    time: 0.0490  data: 0.0000  max mem: 5880
      ITM Evaluation: [3900/6156]  eta: 0:01:32    time: 0.0505  data: 0.0000  max mem: 5880
      ITM Evaluation: [4000/6156]  eta: 0:01:28    time: 0.0451  data: 0.0000  max mem: 5880
      ITM Evaluation: [4100/6156]  eta: 0:01:24    time: 0.0443  data: 0.0000  max mem: 5880
      ITM Evaluation: [4200/6156]  eta: 0:01:20    time: 0.0425  data: 0.0000  max mem: 5880
      ITM Evaluation: [4300/6156]  eta: 0:01:16    time: 0.0448  data: 0.0000  max mem: 5880
      ITM Evaluation: [4400/6156]  eta: 0:01:12    time: 0.0446  data: 0.0000  max mem: 5880
      ITM Evaluation: [4500/6156]  eta: 0:01:08    time: 0.0442  data: 0.0000  max mem: 5880
      ITM Evaluation: [4600/6156]  eta: 0:01:04    time: 0.0512  data: 0.0000  max mem: 5880
      ITM Evaluation: [4700/6156]  eta: 0:01:00    time: 0.0530  data: 0.0000  max mem: 5880
      ITM Evaluation: [4800/6156]  eta: 0:00:56    time: 0.0452  data: 0.0000  max mem: 5880
      ITM Evaluation: [4900/6156]  eta: 0:00:52    time: 0.0514  data: 0.0000  max mem: 5880
      ITM Evaluation: [5000/6156]  eta: 0:00:48    time: 0.0451  data: 0.0000  max mem: 5880
      ITM Evaluation: [5100/6156]  eta: 0:00:44    time: 0.0430  data: 0.0000  max mem: 5880
      ITM Evaluation: [5200/6156]  eta: 0:00:40    time: 0.0401  data: 0.0000  max mem: 5880
      ITM Evaluation: [5300/6156]  eta: 0:00:36    time: 0.0399  data: 0.0000  max mem: 5880
      ITM Evaluation: [5400/6156]  eta: 0:00:31    time: 0.0437  data: 0.0000  max mem: 5880
      ITM Evaluation: [5500/6156]  eta: 0:00:27    time: 0.0448  data: 0.0000  max mem: 5880
      ITM Evaluation: [5600/6156]  eta: 0:00:23    time: 0.0419  data: 0.0000  max mem: 5880
      ITM Evaluation: [5700/6156]  eta: 0:00:19    time: 0.0425  data: 0.0000  max mem: 5880
      ITM Evaluation: [5800/6156]  eta: 0:00:15    time: 0.0513  data: 0.0000  max mem: 5880
      ITM Evaluation: [5900/6156]  eta: 0:00:10    time: 0.0511  data: 0.0000  max mem: 5880
      ITM Evaluation: [6000/6156]  eta: 0:00:06    time: 0.0458  data: 0.0000  max mem: 5880
      ITM Evaluation: [6100/6156]  eta: 0:00:02    time: 0.0432  data: 0.0000  max mem: 5880
      ITM Evaluation: [6155/6156]  eta: 0:00:00    time: 0.0433  data: 0.0000  max mem: 5880
      ITM Evaluation: Total time: 0:04:21 (0.0425 s / it)
     total_time 261.94159150123596
     Computing matching score time 0:04:21
### TTA ITM Score: 
+-------+--------+--------+--------+--------+--------+
| epoch |   R1   |   R5   |  R10   |  mAP   |  mINP  |
+-------+--------+--------+--------+--------+--------+
|  -999 | 70.760 | 87.378 | 92.268 | 63.849 | 48.174 |
|  -999 | 76.170 | 89.457 | 93.600 | 65.570 | 47.372 |
|   0   | 74.480 | 88.824 | 92.966 | 65.319 | 48.348 |
|   1   | 73.944 | 88.710 | 92.901 | 65.016 | 48.086 |
|   2   | 73.700 | 88.710 | 93.015 | 64.844 | 47.881 |
|   3   | 73.408 | 88.791 | 92.723 | 64.421 | 46.985 |
|   4   | 73.538 | 88.629 | 92.804 | 64.421 | 47.075 |
|   5   | 73.457 | 88.580 | 92.609 | 64.360 | 47.053 |
|   6   | 73.441 | 88.580 | 92.723 | 64.307 | 46.975 |
|   7   | 73.441 | 88.613 | 92.739 | 64.344 | 47.062 |
|   8   | 73.343 | 88.613 | 92.706 | 64.232 | 46.838 |
|   9   | 73.343 | 88.580 | 92.641 | 64.089 | 46.534 |
|   10  | 73.343 | 88.499 | 92.609 | 63.963 | 46.270 |
|   11  | 73.441 | 88.596 | 92.625 | 64.141 | 46.611 |
|   12  | 73.506 | 88.580 | 92.609 | 64.079 | 46.461 |
|   13  | 73.473 | 88.548 | 92.739 | 64.178 | 46.687 |
|   14  | 73.489 | 88.467 | 92.690 | 64.005 | 46.311 |
|   15  | 73.506 | 88.483 | 92.674 | 64.015 | 46.309 |
|   16  | 73.181 | 88.548 | 92.706 | 63.934 | 46.251 |
|   17  | 73.343 | 88.532 | 92.723 | 64.019 | 46.385 |
|   18  | 73.408 | 88.467 | 92.576 | 63.885 | 46.100 |
|   19  | 73.473 | 88.467 | 92.544 | 63.898 | 46.086 |
|   20  | 73.457 | 88.548 | 92.674 | 64.044 | 46.366 |
|   21  | 73.441 | 88.515 | 92.625 | 63.964 | 46.226 |
|   22  | 73.408 | 88.402 | 92.593 | 63.822 | 45.949 |
|   23  | 73.392 | 88.418 | 92.576 | 63.756 | 45.827 |
+-------+--------+--------+--------+--------+--------+
     logs:  {'epo': 23, 'R1': 73.392, 'R5': 88.418, 'R10': 92.576, 'mAP': 63.756, 'mINP': 45.827, 'lr': 2.3e-05, 'entropy': 0.140113, 'loss': 0.140113}
      TTA Epoch: [24] [  0/109]  eta: 0:01:07  lr: 0.000021  entropy: 0.1851  loss: 0.1851  time: 0.6202  data: 0.5158  max mem: 5880
      TTA Epoch: [24] [100/109]  eta: 0:00:00  lr: 0.000018  entropy: 0.1260  loss: 0.1260  time: 0.0538  data: 0.0002  max mem: 5880
      TTA Epoch: [24] [108/109]  eta: 0:00:00  lr: 0.000018  entropy: 0.1161  loss: 0.1161  time: 0.0471  data: 0.0001  max mem: 5880
      TTA Epoch: [24] Total time: 0:00:06 (0.0585 s / it)
     Averaged stats: lr: 0.0000  entropy: 0.1465  loss: 0.1465
     itm tta time 0:00:06
     Computing matching score
      ITM Evaluation: [   0/6156]  eta: 0:06:10    time: 0.0602  data: 0.0042  max mem: 5880
      ITM Evaluation: [ 100/6156]  eta: 0:04:32    time: 0.0461  data: 0.0000  max mem: 5880
      ITM Evaluation: [ 200/6156]  eta: 0:04:29    time: 0.0466  data: 0.0000  max mem: 5880
      ITM Evaluation: [ 300/6156]  eta: 0:04:21    time: 0.0446  data: 0.0000  max mem: 5880
      ITM Evaluation: [ 400/6156]  eta: 0:04:15    time: 0.0476  data: 0.0000  max mem: 5880
      ITM Evaluation: [ 500/6156]  eta: 0:04:14    time: 0.0463  data: 0.0000  max mem: 5880
      ITM Evaluation: [ 600/6156]  eta: 0:04:12    time: 0.0465  data: 0.0000  max mem: 5880
      ITM Evaluation: [ 700/6156]  eta: 0:04:06    time: 0.0444  data: 0.0000  max mem: 5880
      ITM Evaluation: [ 800/6156]  eta: 0:03:59    time: 0.0417  data: 0.0000  max mem: 5880
      ITM Evaluation: [ 900/6156]  eta: 0:03:53    time: 0.0436  data: 0.0000  max mem: 5880
      ITM Evaluation: [1000/6156]  eta: 0:03:48    time: 0.0446  data: 0.0000  max mem: 5880
      ITM Evaluation: [1100/6156]  eta: 0:03:45    time: 0.0487  data: 0.0000  max mem: 5880
      ITM Evaluation: [1200/6156]  eta: 0:03:40    time: 0.0458  data: 0.0000  max mem: 5880
      ITM Evaluation: [1300/6156]  eta: 0:03:35    time: 0.0427  data: 0.0000  max mem: 5880
      ITM Evaluation: [1400/6156]  eta: 0:03:30    time: 0.0472  data: 0.0000  max mem: 5880
      ITM Evaluation: [1500/6156]  eta: 0:03:28    time: 0.0485  data: 0.0000  max mem: 5880
      ITM Evaluation: [1600/6156]  eta: 0:03:25    time: 0.0555  data: 0.0000  max mem: 5880
      ITM Evaluation: [1700/6156]  eta: 0:03:21    time: 0.0408  data: 0.0000  max mem: 5880
      ITM Evaluation: [1800/6156]  eta: 0:03:15    time: 0.0422  data: 0.0000  max mem: 5880
      ITM Evaluation: [1900/6156]  eta: 0:03:11    time: 0.0470  data: 0.0000  max mem: 5880
      ITM Evaluation: [2000/6156]  eta: 0:03:06    time: 0.0449  data: 0.0000  max mem: 5880
      ITM Evaluation: [2100/6156]  eta: 0:03:02    time: 0.0445  data: 0.0000  max mem: 5880
      ITM Evaluation: [2200/6156]  eta: 0:02:57    time: 0.0432  data: 0.0000  max mem: 5880
      ITM Evaluation: [2300/6156]  eta: 0:02:52    time: 0.0412  data: 0.0000  max mem: 5880
      ITM Evaluation: [2400/6156]  eta: 0:02:48    time: 0.0492  data: 0.0000  max mem: 5880
      ITM Evaluation: [2500/6156]  eta: 0:02:44    time: 0.0480  data: 0.0000  max mem: 5880
      ITM Evaluation: [2600/6156]  eta: 0:02:41    time: 0.0519  data: 0.0000  max mem: 5880
      ITM Evaluation: [2700/6156]  eta: 0:02:36    time: 0.0384  data: 0.0000  max mem: 5880
      ITM Evaluation: [2800/6156]  eta: 0:02:31    time: 0.0434  data: 0.0000  max mem: 5880
      ITM Evaluation: [2900/6156]  eta: 0:02:26    time: 0.0417  data: 0.0000  max mem: 5880
      ITM Evaluation: [3000/6156]  eta: 0:02:21    time: 0.0438  data: 0.0000  max mem: 5880
      ITM Evaluation: [3100/6156]  eta: 0:02:17    time: 0.0406  data: 0.0000  max mem: 5880
      ITM Evaluation: [3200/6156]  eta: 0:02:12    time: 0.0435  data: 0.0000  max mem: 5880
      ITM Evaluation: [3300/6156]  eta: 0:02:07    time: 0.0415  data: 0.0000  max mem: 5880
      ITM Evaluation: [3400/6156]  eta: 0:02:03    time: 0.0438  data: 0.0000  max mem: 5880
      ITM Evaluation: [3500/6156]  eta: 0:01:58    time: 0.0494  data: 0.0000  max mem: 5880
      ITM Evaluation: [3600/6156]  eta: 0:01:54    time: 0.0517  data: 0.0000  max mem: 5880
      ITM Evaluation: [3700/6156]  eta: 0:01:50    time: 0.0404  data: 0.0000  max mem: 5880
      ITM Evaluation: [3800/6156]  eta: 0:01:45    time: 0.0436  data: 0.0000  max mem: 5880
      ITM Evaluation: [3900/6156]  eta: 0:01:41    time: 0.0427  data: 0.0000  max mem: 5880
      ITM Evaluation: [4000/6156]  eta: 0:01:36    time: 0.0443  data: 0.0000  max mem: 5880
      ITM Evaluation: [4100/6156]  eta: 0:01:31    time: 0.0402  data: 0.0000  max mem: 5880
      ITM Evaluation: [4200/6156]  eta: 0:01:27    time: 0.0435  data: 0.0000  max mem: 5880
      ITM Evaluation: [4300/6156]  eta: 0:01:22    time: 0.0446  data: 0.0000  max mem: 5880
      ITM Evaluation: [4400/6156]  eta: 0:01:18    time: 0.0435  data: 0.0000  max mem: 5880
      ITM Evaluation: [4500/6156]  eta: 0:01:14    time: 0.0472  data: 0.0000  max mem: 5880
      ITM Evaluation: [4600/6156]  eta: 0:01:09    time: 0.0509  data: 0.0000  max mem: 5880
      ITM Evaluation: [4700/6156]  eta: 0:01:05    time: 0.0403  data: 0.0000  max mem: 5880
      ITM Evaluation: [4800/6156]  eta: 0:01:00    time: 0.0456  data: 0.0000  max mem: 5880
      ITM Evaluation: [4900/6156]  eta: 0:00:56    time: 0.0435  data: 0.0000  max mem: 5880
      ITM Evaluation: [5000/6156]  eta: 0:00:51    time: 0.0416  data: 0.0000  max mem: 5880
      ITM Evaluation: [5100/6156]  eta: 0:00:47    time: 0.0402  data: 0.0000  max mem: 5880
      ITM Evaluation: [5200/6156]  eta: 0:00:42    time: 0.0429  data: 0.0000  max mem: 5880
      ITM Evaluation: [5300/6156]  eta: 0:00:38    time: 0.0420  data: 0.0000  max mem: 5880
      ITM Evaluation: [5400/6156]  eta: 0:00:33    time: 0.0414  data: 0.0000  max mem: 5880
      ITM Evaluation: [5500/6156]  eta: 0:00:29    time: 0.0520  data: 0.0000  max mem: 5880
      ITM Evaluation: [5600/6156]  eta: 0:00:24    time: 0.0527  data: 0.0000  max mem: 5880
      ITM Evaluation: [5700/6156]  eta: 0:00:20    time: 0.0407  data: 0.0000  max mem: 5880
      ITM Evaluation: [5800/6156]  eta: 0:00:15    time: 0.0447  data: 0.0000  max mem: 5880
      ITM Evaluation: [5900/6156]  eta: 0:00:11    time: 0.0415  data: 0.0000  max mem: 5880
      ITM Evaluation: [6000/6156]  eta: 0:00:06    time: 0.0417  data: 0.0000  max mem: 5880
      ITM Evaluation: [6100/6156]  eta: 0:00:02    time: 0.0415  data: 0.0000  max mem: 5880
      ITM Evaluation: [6155/6156]  eta: 0:00:00    time: 0.0424  data: 0.0000  max mem: 5880
      ITM Evaluation: Total time: 0:04:34 (0.0445 s / it)
     total_time 274.1113872528076
     Computing matching score time 0:04:34
### TTA ITM Score: 
+-------+--------+--------+--------+--------+--------+
| epoch |   R1   |   R5   |  R10   |  mAP   |  mINP  |
+-------+--------+--------+--------+--------+--------+
|  -999 | 70.760 | 87.378 | 92.268 | 63.849 | 48.174 |
|  -999 | 76.170 | 89.457 | 93.600 | 65.570 | 47.372 |
|   0   | 74.480 | 88.824 | 92.966 | 65.319 | 48.348 |
|   1   | 73.944 | 88.710 | 92.901 | 65.016 | 48.086 |
|   2   | 73.700 | 88.710 | 93.015 | 64.844 | 47.881 |
|   3   | 73.408 | 88.791 | 92.723 | 64.421 | 46.985 |
|   4   | 73.538 | 88.629 | 92.804 | 64.421 | 47.075 |
|   5   | 73.457 | 88.580 | 92.609 | 64.360 | 47.053 |
|   6   | 73.441 | 88.580 | 92.723 | 64.307 | 46.975 |
|   7   | 73.441 | 88.613 | 92.739 | 64.344 | 47.062 |
|   8   | 73.343 | 88.613 | 92.706 | 64.232 | 46.838 |
|   9   | 73.343 | 88.580 | 92.641 | 64.089 | 46.534 |
|   10  | 73.343 | 88.499 | 92.609 | 63.963 | 46.270 |
|   11  | 73.441 | 88.596 | 92.625 | 64.141 | 46.611 |
|   12  | 73.506 | 88.580 | 92.609 | 64.079 | 46.461 |
|   13  | 73.473 | 88.548 | 92.739 | 64.178 | 46.687 |
|   14  | 73.489 | 88.467 | 92.690 | 64.005 | 46.311 |
|   15  | 73.506 | 88.483 | 92.674 | 64.015 | 46.309 |
|   16  | 73.181 | 88.548 | 92.706 | 63.934 | 46.251 |
|   17  | 73.343 | 88.532 | 92.723 | 64.019 | 46.385 |
|   18  | 73.408 | 88.467 | 92.576 | 63.885 | 46.100 |
|   19  | 73.473 | 88.467 | 92.544 | 63.898 | 46.086 |
|   20  | 73.457 | 88.548 | 92.674 | 64.044 | 46.366 |
|   21  | 73.441 | 88.515 | 92.625 | 63.964 | 46.226 |
|   22  | 73.408 | 88.402 | 92.593 | 63.822 | 45.949 |
|   23  | 73.392 | 88.418 | 92.576 | 63.756 | 45.827 |
|   24  | 73.441 | 88.402 | 92.544 | 63.784 | 45.855 |
+-------+--------+--------+--------+--------+--------+
     logs:  {'epo': 24, 'R1': 73.441, 'R5': 88.402, 'R10': 92.544, 'mAP': 63.784, 'mINP': 45.855, 'lr': 2e-05, 'entropy': 0.146485, 'loss': 0.146485}
      TTA Epoch: [25] [  0/109]  eta: 0:01:06  lr: 0.000018  entropy: 0.1750  loss: 0.1750  time: 0.6114  data: 0.5061  max mem: 5880
      TTA Epoch: [25] [100/109]  eta: 0:00:00  lr: 0.000015  entropy: 0.1111  loss: 0.1111  time: 0.0523  data: 0.0002  max mem: 5880
      TTA Epoch: [25] [108/109]  eta: 0:00:00  lr: 0.000015  entropy: 0.1439  loss: 0.1439  time: 0.0475  data: 0.0001  max mem: 5880
      TTA Epoch: [25] Total time: 0:00:06 (0.0585 s / it)
     Averaged stats: lr: 0.0000  entropy: 0.1446  loss: 0.1446
     itm tta time 0:00:06
     Computing matching score
      ITM Evaluation: [   0/6156]  eta: 0:07:02    time: 0.0686  data: 0.0046  max mem: 5880
      ITM Evaluation: [ 100/6156]  eta: 0:04:21    time: 0.0455  data: 0.0000  max mem: 5880
      ITM Evaluation: [ 200/6156]  eta: 0:04:30    time: 0.0494  data: 0.0000  max mem: 5880
      ITM Evaluation: [ 300/6156]  eta: 0:04:38    time: 0.0578  data: 0.0000  max mem: 5880
      ITM Evaluation: [ 400/6156]  eta: 0:04:27    time: 0.0388  data: 0.0000  max mem: 5880
      ITM Evaluation: [ 500/6156]  eta: 0:04:17    time: 0.0424  data: 0.0000  max mem: 5880
      ITM Evaluation: [ 600/6156]  eta: 0:04:09    time: 0.0426  data: 0.0000  max mem: 5880
      ITM Evaluation: [ 700/6156]  eta: 0:04:03    time: 0.0448  data: 0.0000  max mem: 5880
      ITM Evaluation: [ 800/6156]  eta: 0:03:56    time: 0.0387  data: 0.0000  max mem: 5880
      ITM Evaluation: [ 900/6156]  eta: 0:03:51    time: 0.0414  data: 0.0000  max mem: 5880
      ITM Evaluation: [1000/6156]  eta: 0:03:46    time: 0.0431  data: 0.0000  max mem: 5880
      ITM Evaluation: [1100/6156]  eta: 0:03:41    time: 0.0419  data: 0.0000  max mem: 5880
      ITM Evaluation: [1200/6156]  eta: 0:03:39    time: 0.0501  data: 0.0000  max mem: 5880
      ITM Evaluation: [1300/6156]  eta: 0:03:36    time: 0.0547  data: 0.0000  max mem: 5880
      ITM Evaluation: [1400/6156]  eta: 0:03:32    time: 0.0417  data: 0.0000  max mem: 5880
      ITM Evaluation: [1500/6156]  eta: 0:03:27    time: 0.0421  data: 0.0000  max mem: 5880
      ITM Evaluation: [1600/6156]  eta: 0:03:23    time: 0.0444  data: 0.0000  max mem: 5880
      ITM Evaluation: [1700/6156]  eta: 0:03:18    time: 0.0452  data: 0.0000  max mem: 5880
      ITM Evaluation: [1800/6156]  eta: 0:03:13    time: 0.0416  data: 0.0000  max mem: 5880
      ITM Evaluation: [1900/6156]  eta: 0:03:08    time: 0.0428  data: 0.0000  max mem: 5880
      ITM Evaluation: [2000/6156]  eta: 0:03:03    time: 0.0412  data: 0.0000  max mem: 5880
      ITM Evaluation: [2100/6156]  eta: 0:02:59    time: 0.0420  data: 0.0000  max mem: 5880
      ITM Evaluation: [2200/6156]  eta: 0:02:56    time: 0.0557  data: 0.0000  max mem: 5880
      ITM Evaluation: [2300/6156]  eta: 0:02:53    time: 0.0455  data: 0.0000  max mem: 5880
      ITM Evaluation: [2400/6156]  eta: 0:02:48    time: 0.0381  data: 0.0000  max mem: 5880
      ITM Evaluation: [2500/6156]  eta: 0:02:43    time: 0.0437  data: 0.0000  max mem: 5880
      ITM Evaluation: [2600/6156]  eta: 0:02:39    time: 0.0410  data: 0.0000  max mem: 5880
      ITM Evaluation: [2700/6156]  eta: 0:02:34    time: 0.0403  data: 0.0000  max mem: 5880
      ITM Evaluation: [2800/6156]  eta: 0:02:29    time: 0.0444  data: 0.0000  max mem: 5880
      ITM Evaluation: [2900/6156]  eta: 0:02:24    time: 0.0463  data: 0.0000  max mem: 5880
      ITM Evaluation: [3000/6156]  eta: 0:02:20    time: 0.0420  data: 0.0000  max mem: 5880
      ITM Evaluation: [3100/6156]  eta: 0:02:15    time: 0.0442  data: 0.0000  max mem: 5880
      ITM Evaluation: [3200/6156]  eta: 0:02:11    time: 0.0439  data: 0.0000  max mem: 5880
      ITM Evaluation: [3300/6156]  eta: 0:02:07    time: 0.0430  data: 0.0000  max mem: 5880
      ITM Evaluation: [3400/6156]  eta: 0:02:02    time: 0.0389  data: 0.0000  max mem: 5880
      ITM Evaluation: [3500/6156]  eta: 0:01:58    time: 0.0417  data: 0.0000  max mem: 5880
      ITM Evaluation: [3600/6156]  eta: 0:01:53    time: 0.0427  data: 0.0000  max mem: 5880
      ITM Evaluation: [3700/6156]  eta: 0:01:48    time: 0.0421  data: 0.0000  max mem: 5880
      ITM Evaluation: [3800/6156]  eta: 0:01:44    time: 0.0433  data: 0.0000  max mem: 5880
      ITM Evaluation: [3900/6156]  eta: 0:01:39    time: 0.0427  data: 0.0000  max mem: 5880
      ITM Evaluation: [4000/6156]  eta: 0:01:35    time: 0.0461  data: 0.0000  max mem: 5880
      ITM Evaluation: [4100/6156]  eta: 0:01:30    time: 0.0437  data: 0.0000  max mem: 5880
      ITM Evaluation: [4200/6156]  eta: 0:01:26    time: 0.0483  data: 0.0000  max mem: 5880
      ITM Evaluation: [4300/6156]  eta: 0:01:22    time: 0.0594  data: 0.0000  max mem: 5880
      ITM Evaluation: [4400/6156]  eta: 0:01:18    time: 0.0394  data: 0.0000  max mem: 5880
      ITM Evaluation: [4500/6156]  eta: 0:01:13    time: 0.0428  data: 0.0000  max mem: 5880
      ITM Evaluation: [4600/6156]  eta: 0:01:09    time: 0.0437  data: 0.0000  max mem: 5880
      ITM Evaluation: [4700/6156]  eta: 0:01:04    time: 0.0390  data: 0.0000  max mem: 5880
      ITM Evaluation: [4800/6156]  eta: 0:01:00    time: 0.0445  data: 0.0000  max mem: 5880
      ITM Evaluation: [4900/6156]  eta: 0:00:55    time: 0.0434  data: 0.0000  max mem: 5880
      ITM Evaluation: [5000/6156]  eta: 0:00:51    time: 0.0428  data: 0.0000  max mem: 5880
      ITM Evaluation: [5100/6156]  eta: 0:00:46    time: 0.0431  data: 0.0000  max mem: 5880
      ITM Evaluation: [5200/6156]  eta: 0:00:42    time: 0.0515  data: 0.0000  max mem: 5880
      ITM Evaluation: [5300/6156]  eta: 0:00:38    time: 0.0522  data: 0.0000  max mem: 5880
      ITM Evaluation: [5400/6156]  eta: 0:00:33    time: 0.0441  data: 0.0000  max mem: 5880
      ITM Evaluation: [5500/6156]  eta: 0:00:29    time: 0.0427  data: 0.0000  max mem: 5880
      ITM Evaluation: [5600/6156]  eta: 0:00:24    time: 0.0447  data: 0.0000  max mem: 5880
      ITM Evaluation: [5700/6156]  eta: 0:00:20    time: 0.0434  data: 0.0000  max mem: 5880
      ITM Evaluation: [5800/6156]  eta: 0:00:15    time: 0.0428  data: 0.0000  max mem: 5880
      ITM Evaluation: [5900/6156]  eta: 0:00:11    time: 0.0421  data: 0.0000  max mem: 5880
      ITM Evaluation: [6000/6156]  eta: 0:00:06    time: 0.0426  data: 0.0000  max mem: 5880
      ITM Evaluation: [6100/6156]  eta: 0:00:02    time: 0.0398  data: 0.0000  max mem: 5880
      ITM Evaluation: [6155/6156]  eta: 0:00:00    time: 0.0399  data: 0.0000  max mem: 5880
      ITM Evaluation: Total time: 0:04:33 (0.0444 s / it)
     total_time 273.17115807533264
     Computing matching score time 0:04:33
### TTA ITM Score: 
+-------+--------+--------+--------+--------+--------+
| epoch |   R1   |   R5   |  R10   |  mAP   |  mINP  |
+-------+--------+--------+--------+--------+--------+
|  -999 | 70.760 | 87.378 | 92.268 | 63.849 | 48.174 |
|  -999 | 76.170 | 89.457 | 93.600 | 65.570 | 47.372 |
|   0   | 74.480 | 88.824 | 92.966 | 65.319 | 48.348 |
|   1   | 73.944 | 88.710 | 92.901 | 65.016 | 48.086 |
|   2   | 73.700 | 88.710 | 93.015 | 64.844 | 47.881 |
|   3   | 73.408 | 88.791 | 92.723 | 64.421 | 46.985 |
|   4   | 73.538 | 88.629 | 92.804 | 64.421 | 47.075 |
|   5   | 73.457 | 88.580 | 92.609 | 64.360 | 47.053 |
|   6   | 73.441 | 88.580 | 92.723 | 64.307 | 46.975 |
|   7   | 73.441 | 88.613 | 92.739 | 64.344 | 47.062 |
|   8   | 73.343 | 88.613 | 92.706 | 64.232 | 46.838 |
|   9   | 73.343 | 88.580 | 92.641 | 64.089 | 46.534 |
|   10  | 73.343 | 88.499 | 92.609 | 63.963 | 46.270 |
|   11  | 73.441 | 88.596 | 92.625 | 64.141 | 46.611 |
|   12  | 73.506 | 88.580 | 92.609 | 64.079 | 46.461 |
|   13  | 73.473 | 88.548 | 92.739 | 64.178 | 46.687 |
|   14  | 73.489 | 88.467 | 92.690 | 64.005 | 46.311 |
|   15  | 73.506 | 88.483 | 92.674 | 64.015 | 46.309 |
|   16  | 73.181 | 88.548 | 92.706 | 63.934 | 46.251 |
|   17  | 73.343 | 88.532 | 92.723 | 64.019 | 46.385 |
|   18  | 73.408 | 88.467 | 92.576 | 63.885 | 46.100 |
|   19  | 73.473 | 88.467 | 92.544 | 63.898 | 46.086 |
|   20  | 73.457 | 88.548 | 92.674 | 64.044 | 46.366 |
|   21  | 73.441 | 88.515 | 92.625 | 63.964 | 46.226 |
|   22  | 73.408 | 88.402 | 92.593 | 63.822 | 45.949 |
|   23  | 73.392 | 88.418 | 92.576 | 63.756 | 45.827 |
|   24  | 73.441 | 88.402 | 92.544 | 63.784 | 45.855 |
|   25  | 73.489 | 88.402 | 92.576 | 63.806 | 45.896 |
+-------+--------+--------+--------+--------+--------+
     logs:  {'epo': 25, 'R1': 73.489, 'R5': 88.402, 'R10': 92.576, 'mAP': 63.806, 'mINP': 45.896, 'lr': 1.6e-05, 'entropy': 0.144561, 'loss': 0.144561}
      TTA Epoch: [26] [  0/109]  eta: 0:01:23  lr: 0.000015  entropy: 0.2402  loss: 0.2402  time: 0.7666  data: 0.6751  max mem: 5880
      TTA Epoch: [26] [100/109]  eta: 0:00:00  lr: 0.000011  entropy: 0.0654  loss: 0.0654  time: 0.0572  data: 0.0002  max mem: 5880
      TTA Epoch: [26] [108/109]  eta: 0:00:00  lr: 0.000011  entropy: 0.1279  loss: 0.1279  time: 0.0500  data: 0.0001  max mem: 5880
      TTA Epoch: [26] Total time: 0:00:07 (0.0687 s / it)
     Averaged stats: lr: 0.0000  entropy: 0.1420  loss: 0.1420
     itm tta time 0:00:07
     Computing matching score
      ITM Evaluation: [   0/6156]  eta: 0:05:17    time: 0.0516  data: 0.0054  max mem: 5880
      ITM Evaluation: [ 100/6156]  eta: 0:04:07    time: 0.0412  data: 0.0000  max mem: 5880
      ITM Evaluation: [ 200/6156]  eta: 0:04:08    time: 0.0443  data: 0.0000  max mem: 5880
      ITM Evaluation: [ 300/6156]  eta: 0:04:09    time: 0.0425  data: 0.0000  max mem: 5880
      ITM Evaluation: [ 400/6156]  eta: 0:04:06    time: 0.0455  data: 0.0000  max mem: 5880
      ITM Evaluation: [ 500/6156]  eta: 0:04:02    time: 0.0429  data: 0.0000  max mem: 5880
      ITM Evaluation: [ 600/6156]  eta: 0:03:58    time: 0.0459  data: 0.0000  max mem: 5880
      ITM Evaluation: [ 700/6156]  eta: 0:03:53    time: 0.0387  data: 0.0000  max mem: 5880
      ITM Evaluation: [ 800/6156]  eta: 0:03:50    time: 0.0467  data: 0.0000  max mem: 5880
      ITM Evaluation: [ 900/6156]  eta: 0:03:47    time: 0.0448  data: 0.0000  max mem: 5880
      ITM Evaluation: [1000/6156]  eta: 0:03:45    time: 0.0473  data: 0.0000  max mem: 5880
      ITM Evaluation: [1100/6156]  eta: 0:03:40    time: 0.0438  data: 0.0000  max mem: 5880
      ITM Evaluation: [1200/6156]  eta: 0:03:36    time: 0.0443  data: 0.0000  max mem: 5880
      ITM Evaluation: [1300/6156]  eta: 0:03:32    time: 0.0431  data: 0.0000  max mem: 5880
      ITM Evaluation: [1400/6156]  eta: 0:03:27    time: 0.0445  data: 0.0000  max mem: 5880
      ITM Evaluation: [1500/6156]  eta: 0:03:23    time: 0.0435  data: 0.0000  max mem: 5880
      ITM Evaluation: [1600/6156]  eta: 0:03:18    time: 0.0445  data: 0.0000  max mem: 5880
      ITM Evaluation: [1700/6156]  eta: 0:03:14    time: 0.0403  data: 0.0000  max mem: 5880
      ITM Evaluation: [1800/6156]  eta: 0:03:09    time: 0.0491  data: 0.0000  max mem: 5880
      ITM Evaluation: [1900/6156]  eta: 0:03:06    time: 0.0491  data: 0.0000  max mem: 5880
      ITM Evaluation: [2000/6156]  eta: 0:03:02    time: 0.0511  data: 0.0000  max mem: 5880
      ITM Evaluation: [2100/6156]  eta: 0:02:59    time: 0.0445  data: 0.0000  max mem: 5880
      ITM Evaluation: [2200/6156]  eta: 0:02:54    time: 0.0459  data: 0.0000  max mem: 5880
      ITM Evaluation: [2300/6156]  eta: 0:02:50    time: 0.0459  data: 0.0000  max mem: 5880
      ITM Evaluation: [2400/6156]  eta: 0:02:45    time: 0.0408  data: 0.0000  max mem: 5880
      ITM Evaluation: [2500/6156]  eta: 0:02:40    time: 0.0414  data: 0.0000  max mem: 5880
      ITM Evaluation: [2600/6156]  eta: 0:02:36    time: 0.0428  data: 0.0000  max mem: 5880
      ITM Evaluation: [2700/6156]  eta: 0:02:31    time: 0.0420  data: 0.0000  max mem: 5880
      ITM Evaluation: [2800/6156]  eta: 0:02:27    time: 0.0453  data: 0.0000  max mem: 5880
      ITM Evaluation: [2900/6156]  eta: 0:02:23    time: 0.0507  data: 0.0000  max mem: 5880
      ITM Evaluation: [3000/6156]  eta: 0:02:19    time: 0.0580  data: 0.0000  max mem: 5880
      ITM Evaluation: [3100/6156]  eta: 0:02:15    time: 0.0455  data: 0.0000  max mem: 5880
      ITM Evaluation: [3200/6156]  eta: 0:02:10    time: 0.0410  data: 0.0000  max mem: 5880
      ITM Evaluation: [3300/6156]  eta: 0:02:06    time: 0.0406  data: 0.0000  max mem: 5880
      ITM Evaluation: [3400/6156]  eta: 0:02:01    time: 0.0438  data: 0.0000  max mem: 5880
      ITM Evaluation: [3500/6156]  eta: 0:01:57    time: 0.0434  data: 0.0000  max mem: 5880
      ITM Evaluation: [3600/6156]  eta: 0:01:52    time: 0.0425  data: 0.0000  max mem: 5880
      ITM Evaluation: [3700/6156]  eta: 0:01:48    time: 0.0444  data: 0.0000  max mem: 5880
      ITM Evaluation: [3800/6156]  eta: 0:01:43    time: 0.0470  data: 0.0000  max mem: 5880
      ITM Evaluation: [3900/6156]  eta: 0:01:39    time: 0.0454  data: 0.0000  max mem: 5880
      ITM Evaluation: [4000/6156]  eta: 0:01:35    time: 0.0476  data: 0.0000  max mem: 5880
      ITM Evaluation: [4100/6156]  eta: 0:01:31    time: 0.0428  data: 0.0000  max mem: 5880
      ITM Evaluation: [4200/6156]  eta: 0:01:26    time: 0.0440  data: 0.0000  max mem: 5880
      ITM Evaluation: [4300/6156]  eta: 0:01:22    time: 0.0409  data: 0.0000  max mem: 5880
      ITM Evaluation: [4400/6156]  eta: 0:01:17    time: 0.0437  data: 0.0000  max mem: 5880
      ITM Evaluation: [4500/6156]  eta: 0:01:13    time: 0.0412  data: 0.0000  max mem: 5880
      ITM Evaluation: [4600/6156]  eta: 0:01:08    time: 0.0423  data: 0.0000  max mem: 5880
      ITM Evaluation: [4700/6156]  eta: 0:01:04    time: 0.0424  data: 0.0000  max mem: 5880
      ITM Evaluation: [4800/6156]  eta: 0:00:59    time: 0.0448  data: 0.0000  max mem: 5880
      ITM Evaluation: [4900/6156]  eta: 0:00:55    time: 0.0479  data: 0.0000  max mem: 5880
      ITM Evaluation: [5000/6156]  eta: 0:00:51    time: 0.0447  data: 0.0000  max mem: 5880
      ITM Evaluation: [5100/6156]  eta: 0:00:46    time: 0.0473  data: 0.0000  max mem: 5880
      ITM Evaluation: [5200/6156]  eta: 0:00:42    time: 0.0430  data: 0.0000  max mem: 5880
      ITM Evaluation: [5300/6156]  eta: 0:00:37    time: 0.0413  data: 0.0000  max mem: 5880
      ITM Evaluation: [5400/6156]  eta: 0:00:33    time: 0.0412  data: 0.0000  max mem: 5880
      ITM Evaluation: [5500/6156]  eta: 0:00:28    time: 0.0436  data: 0.0000  max mem: 5880
      ITM Evaluation: [5600/6156]  eta: 0:00:24    time: 0.0430  data: 0.0000  max mem: 5880
      ITM Evaluation: [5700/6156]  eta: 0:00:20    time: 0.0425  data: 0.0000  max mem: 5880
      ITM Evaluation: [5800/6156]  eta: 0:00:15    time: 0.0432  data: 0.0000  max mem: 5880
      ITM Evaluation: [5900/6156]  eta: 0:00:11    time: 0.0485  data: 0.0000  max mem: 5880
      ITM Evaluation: [6000/6156]  eta: 0:00:06    time: 0.0469  data: 0.0000  max mem: 5880
      ITM Evaluation: [6100/6156]  eta: 0:00:02    time: 0.0466  data: 0.0000  max mem: 5880
      ITM Evaluation: [6155/6156]  eta: 0:00:00    time: 0.0424  data: 0.0000  max mem: 5880
      ITM Evaluation: Total time: 0:04:32 (0.0442 s / it)
     total_time 272.42384576797485
     Computing matching score time 0:04:32
### TTA ITM Score: 
+-------+--------+--------+--------+--------+--------+
| epoch |   R1   |   R5   |  R10   |  mAP   |  mINP  |
+-------+--------+--------+--------+--------+--------+
|  -999 | 70.760 | 87.378 | 92.268 | 63.849 | 48.174 |
|  -999 | 76.170 | 89.457 | 93.600 | 65.570 | 47.372 |
|   0   | 74.480 | 88.824 | 92.966 | 65.319 | 48.348 |
|   1   | 73.944 | 88.710 | 92.901 | 65.016 | 48.086 |
|   2   | 73.700 | 88.710 | 93.015 | 64.844 | 47.881 |
|   3   | 73.408 | 88.791 | 92.723 | 64.421 | 46.985 |
|   4   | 73.538 | 88.629 | 92.804 | 64.421 | 47.075 |
|   5   | 73.457 | 88.580 | 92.609 | 64.360 | 47.053 |
|   6   | 73.441 | 88.580 | 92.723 | 64.307 | 46.975 |
|   7   | 73.441 | 88.613 | 92.739 | 64.344 | 47.062 |
|   8   | 73.343 | 88.613 | 92.706 | 64.232 | 46.838 |
|   9   | 73.343 | 88.580 | 92.641 | 64.089 | 46.534 |
|   10  | 73.343 | 88.499 | 92.609 | 63.963 | 46.270 |
|   11  | 73.441 | 88.596 | 92.625 | 64.141 | 46.611 |
|   12  | 73.506 | 88.580 | 92.609 | 64.079 | 46.461 |
|   13  | 73.473 | 88.548 | 92.739 | 64.178 | 46.687 |
|   14  | 73.489 | 88.467 | 92.690 | 64.005 | 46.311 |
|   15  | 73.506 | 88.483 | 92.674 | 64.015 | 46.309 |
|   16  | 73.181 | 88.548 | 92.706 | 63.934 | 46.251 |
|   17  | 73.343 | 88.532 | 92.723 | 64.019 | 46.385 |
|   18  | 73.408 | 88.467 | 92.576 | 63.885 | 46.100 |
|   19  | 73.473 | 88.467 | 92.544 | 63.898 | 46.086 |
|   20  | 73.457 | 88.548 | 92.674 | 64.044 | 46.366 |
|   21  | 73.441 | 88.515 | 92.625 | 63.964 | 46.226 |
|   22  | 73.408 | 88.402 | 92.593 | 63.822 | 45.949 |
|   23  | 73.392 | 88.418 | 92.576 | 63.756 | 45.827 |
|   24  | 73.441 | 88.402 | 92.544 | 63.784 | 45.855 |
|   25  | 73.489 | 88.402 | 92.576 | 63.806 | 45.896 |
|   26  | 73.457 | 88.418 | 92.576 | 63.806 | 45.900 |
+-------+--------+--------+--------+--------+--------+
     logs:  {'epo': 26, 'R1': 73.457, 'R5': 88.418, 'R10': 92.576, 'mAP': 63.806, 'mINP': 45.9, 'lr': 1.3e-05, 'entropy': 0.14197, 'loss': 0.14197}
      TTA Epoch: [27] [  0/109]  eta: 0:01:17  lr: 0.000011  entropy: 0.1829  loss: 0.1829  time: 0.7072  data: 0.5795  max mem: 5880
      TTA Epoch: [27] [100/109]  eta: 0:00:00  lr: 0.000008  entropy: 0.2072  loss: 0.2072  time: 0.0576  data: 0.0002  max mem: 5880
      TTA Epoch: [27] [108/109]  eta: 0:00:00  lr: 0.000008  entropy: 0.1357  loss: 0.1357  time: 0.0535  data: 0.0002  max mem: 5880
      TTA Epoch: [27] Total time: 0:00:06 (0.0619 s / it)
     Averaged stats: lr: 0.0000  entropy: 0.1361  loss: 0.1361
     itm tta time 0:00:06
     Computing matching score
      ITM Evaluation: [   0/6156]  eta: 0:06:38    time: 0.0647  data: 0.0101  max mem: 5880
      ITM Evaluation: [ 100/6156]  eta: 0:04:17    time: 0.0437  data: 0.0000  max mem: 5880
      ITM Evaluation: [ 200/6156]  eta: 0:04:17    time: 0.0444  data: 0.0000  max mem: 5880
      ITM Evaluation: [ 300/6156]  eta: 0:04:11    time: 0.0420  data: 0.0000  max mem: 5880
      ITM Evaluation: [ 400/6156]  eta: 0:04:07    time: 0.0441  data: 0.0000  max mem: 5880
      ITM Evaluation: [ 500/6156]  eta: 0:04:03    time: 0.0439  data: 0.0000  max mem: 5880
      ITM Evaluation: [ 600/6156]  eta: 0:04:03    time: 0.0488  data: 0.0000  max mem: 5880
      ITM Evaluation: [ 700/6156]  eta: 0:04:02    time: 0.0473  data: 0.0000  max mem: 5880
      ITM Evaluation: [ 800/6156]  eta: 0:03:59    time: 0.0415  data: 0.0000  max mem: 5880
      ITM Evaluation: [ 900/6156]  eta: 0:03:54    time: 0.0456  data: 0.0000  max mem: 5880
      ITM Evaluation: [1000/6156]  eta: 0:03:49    time: 0.0437  data: 0.0000  max mem: 5880
      ITM Evaluation: [1100/6156]  eta: 0:03:45    time: 0.0421  data: 0.0000  max mem: 5880
      ITM Evaluation: [1200/6156]  eta: 0:03:39    time: 0.0426  data: 0.0000  max mem: 5880
      ITM Evaluation: [1300/6156]  eta: 0:03:35    time: 0.0431  data: 0.0000  max mem: 5880
      ITM Evaluation: [1400/6156]  eta: 0:03:30    time: 0.0432  data: 0.0000  max mem: 5880
      ITM Evaluation: [1500/6156]  eta: 0:03:25    time: 0.0431  data: 0.0000  max mem: 5880
      ITM Evaluation: [1600/6156]  eta: 0:03:21    time: 0.0569  data: 0.0000  max mem: 5880
      ITM Evaluation: [1700/6156]  eta: 0:03:18    time: 0.0567  data: 0.0000  max mem: 5880
      ITM Evaluation: [1800/6156]  eta: 0:03:15    time: 0.0407  data: 0.0000  max mem: 5880
      ITM Evaluation: [1900/6156]  eta: 0:03:10    time: 0.0447  data: 0.0000  max mem: 5880
      ITM Evaluation: [2000/6156]  eta: 0:03:05    time: 0.0407  data: 0.0000  max mem: 5880
      ITM Evaluation: [2100/6156]  eta: 0:03:00    time: 0.0384  data: 0.0000  max mem: 5880
      ITM Evaluation: [2200/6156]  eta: 0:02:55    time: 0.0423  data: 0.0000  max mem: 5880
      ITM Evaluation: [2300/6156]  eta: 0:02:50    time: 0.0395  data: 0.0000  max mem: 5880
      ITM Evaluation: [2400/6156]  eta: 0:02:45    time: 0.0418  data: 0.0000  max mem: 5880
      ITM Evaluation: [2500/6156]  eta: 0:02:41    time: 0.0451  data: 0.0000  max mem: 5880
      ITM Evaluation: [2600/6156]  eta: 0:02:37    time: 0.0582  data: 0.0000  max mem: 5880
      ITM Evaluation: [2700/6156]  eta: 0:02:33    time: 0.0491  data: 0.0000  max mem: 5880
      ITM Evaluation: [2800/6156]  eta: 0:02:29    time: 0.0455  data: 0.0000  max mem: 5880
      ITM Evaluation: [2900/6156]  eta: 0:02:24    time: 0.0405  data: 0.0000  max mem: 5880
      ITM Evaluation: [3000/6156]  eta: 0:02:20    time: 0.0400  data: 0.0000  max mem: 5880
      ITM Evaluation: [3100/6156]  eta: 0:02:15    time: 0.0379  data: 0.0000  max mem: 5880
      ITM Evaluation: [3200/6156]  eta: 0:02:10    time: 0.0421  data: 0.0000  max mem: 5880
      ITM Evaluation: [3300/6156]  eta: 0:02:05    time: 0.0407  data: 0.0000  max mem: 5880
      ITM Evaluation: [3400/6156]  eta: 0:02:00    time: 0.0403  data: 0.0000  max mem: 5880
      ITM Evaluation: [3500/6156]  eta: 0:01:56    time: 0.0386  data: 0.0000  max mem: 5880
      ITM Evaluation: [3600/6156]  eta: 0:01:51    time: 0.0421  data: 0.0000  max mem: 5880
      ITM Evaluation: [3700/6156]  eta: 0:01:47    time: 0.0524  data: 0.0000  max mem: 5880
      ITM Evaluation: [3800/6156]  eta: 0:01:43    time: 0.0475  data: 0.0000  max mem: 5880
      ITM Evaluation: [3900/6156]  eta: 0:01:39    time: 0.0399  data: 0.0000  max mem: 5880
      ITM Evaluation: [4000/6156]  eta: 0:01:34    time: 0.0364  data: 0.0000  max mem: 5880
      ITM Evaluation: [4100/6156]  eta: 0:01:29    time: 0.0389  data: 0.0000  max mem: 5880
      ITM Evaluation: [4200/6156]  eta: 0:01:25    time: 0.0376  data: 0.0000  max mem: 5880
      ITM Evaluation: [4300/6156]  eta: 0:01:20    time: 0.0412  data: 0.0000  max mem: 5880
      ITM Evaluation: [4400/6156]  eta: 0:01:16    time: 0.0435  data: 0.0000  max mem: 5880
      ITM Evaluation: [4500/6156]  eta: 0:01:11    time: 0.0408  data: 0.0000  max mem: 5880
      ITM Evaluation: [4600/6156]  eta: 0:01:07    time: 0.0419  data: 0.0000  max mem: 5880
      ITM Evaluation: [4700/6156]  eta: 0:01:03    time: 0.0497  data: 0.0000  max mem: 5880
      ITM Evaluation: [4800/6156]  eta: 0:00:58    time: 0.0441  data: 0.0000  max mem: 5880
      ITM Evaluation: [4900/6156]  eta: 0:00:54    time: 0.0471  data: 0.0000  max mem: 5880
      ITM Evaluation: [5000/6156]  eta: 0:00:50    time: 0.0390  data: 0.0000  max mem: 5880
      ITM Evaluation: [5100/6156]  eta: 0:00:45    time: 0.0419  data: 0.0000  max mem: 5880
      ITM Evaluation: [5200/6156]  eta: 0:00:41    time: 0.0415  data: 0.0000  max mem: 5880
      ITM Evaluation: [5300/6156]  eta: 0:00:37    time: 0.0406  data: 0.0000  max mem: 5880
      ITM Evaluation: [5400/6156]  eta: 0:00:32    time: 0.0395  data: 0.0000  max mem: 5880
      ITM Evaluation: [5500/6156]  eta: 0:00:28    time: 0.0389  data: 0.0000  max mem: 5880
      ITM Evaluation: [5600/6156]  eta: 0:00:24    time: 0.0446  data: 0.0000  max mem: 5880
      ITM Evaluation: [5700/6156]  eta: 0:00:19    time: 0.0416  data: 0.0000  max mem: 5880
      ITM Evaluation: [5800/6156]  eta: 0:00:15    time: 0.0455  data: 0.0000  max mem: 5880
      ITM Evaluation: [5900/6156]  eta: 0:00:11    time: 0.0470  data: 0.0000  max mem: 5880
      ITM Evaluation: [6000/6156]  eta: 0:00:06    time: 0.0469  data: 0.0000  max mem: 5880
      ITM Evaluation: [6100/6156]  eta: 0:00:02    time: 0.0421  data: 0.0000  max mem: 5880
      ITM Evaluation: [6155/6156]  eta: 0:00:00    time: 0.0394  data: 0.0000  max mem: 5880
      ITM Evaluation: Total time: 0:04:25 (0.0432 s / it)
     total_time 265.800918340683
     Computing matching score time 0:04:25
### TTA ITM Score: 
+-------+--------+--------+--------+--------+--------+
| epoch |   R1   |   R5   |  R10   |  mAP   |  mINP  |
+-------+--------+--------+--------+--------+--------+
|  -999 | 70.760 | 87.378 | 92.268 | 63.849 | 48.174 |
|  -999 | 76.170 | 89.457 | 93.600 | 65.570 | 47.372 |
|   0   | 74.480 | 88.824 | 92.966 | 65.319 | 48.348 |
|   1   | 73.944 | 88.710 | 92.901 | 65.016 | 48.086 |
|   2   | 73.700 | 88.710 | 93.015 | 64.844 | 47.881 |
|   3   | 73.408 | 88.791 | 92.723 | 64.421 | 46.985 |
|   4   | 73.538 | 88.629 | 92.804 | 64.421 | 47.075 |
|   5   | 73.457 | 88.580 | 92.609 | 64.360 | 47.053 |
|   6   | 73.441 | 88.580 | 92.723 | 64.307 | 46.975 |
|   7   | 73.441 | 88.613 | 92.739 | 64.344 | 47.062 |
|   8   | 73.343 | 88.613 | 92.706 | 64.232 | 46.838 |
|   9   | 73.343 | 88.580 | 92.641 | 64.089 | 46.534 |
|   10  | 73.343 | 88.499 | 92.609 | 63.963 | 46.270 |
|   11  | 73.441 | 88.596 | 92.625 | 64.141 | 46.611 |
|   12  | 73.506 | 88.580 | 92.609 | 64.079 | 46.461 |
|   13  | 73.473 | 88.548 | 92.739 | 64.178 | 46.687 |
|   14  | 73.489 | 88.467 | 92.690 | 64.005 | 46.311 |
|   15  | 73.506 | 88.483 | 92.674 | 64.015 | 46.309 |
|   16  | 73.181 | 88.548 | 92.706 | 63.934 | 46.251 |
|   17  | 73.343 | 88.532 | 92.723 | 64.019 | 46.385 |
|   18  | 73.408 | 88.467 | 92.576 | 63.885 | 46.100 |
|   19  | 73.473 | 88.467 | 92.544 | 63.898 | 46.086 |
|   20  | 73.457 | 88.548 | 92.674 | 64.044 | 46.366 |
|   21  | 73.441 | 88.515 | 92.625 | 63.964 | 46.226 |
|   22  | 73.408 | 88.402 | 92.593 | 63.822 | 45.949 |
|   23  | 73.392 | 88.418 | 92.576 | 63.756 | 45.827 |
|   24  | 73.441 | 88.402 | 92.544 | 63.784 | 45.855 |
|   25  | 73.489 | 88.402 | 92.576 | 63.806 | 45.896 |
|   26  | 73.457 | 88.418 | 92.576 | 63.806 | 45.900 |
|   27  | 73.441 | 88.418 | 92.576 | 63.821 | 45.939 |
+-------+--------+--------+--------+--------+--------+
     logs:  {'epo': 27, 'R1': 73.441, 'R5': 88.418, 'R10': 92.576, 'mAP': 63.821, 'mINP': 45.939, 'lr': 9e-06, 'entropy': 0.136141, 'loss': 0.136141}
      TTA Epoch: [28] [  0/109]  eta: 0:01:14  lr: 0.000008  entropy: 0.2844  loss: 0.2844  time: 0.6835  data: 0.5965  max mem: 5880
      TTA Epoch: [28] [100/109]  eta: 0:00:00  lr: 0.000005  entropy: 0.2768  loss: 0.2768  time: 0.0544  data: 0.0002  max mem: 5880
      TTA Epoch: [28] [108/109]  eta: 0:00:00  lr: 0.000004  entropy: 0.2490  loss: 0.2490  time: 0.0501  data: 0.0002  max mem: 5880
      TTA Epoch: [28] Total time: 0:00:06 (0.0598 s / it)
     Averaged stats: lr: 0.0000  entropy: 0.1508  loss: 0.1508
     itm tta time 0:00:06
     Computing matching score
      ITM Evaluation: [   0/6156]  eta: 0:04:25    time: 0.0431  data: 0.0043  max mem: 5880
      ITM Evaluation: [ 100/6156]  eta: 0:04:16    time: 0.0454  data: 0.0000  max mem: 5880
      ITM Evaluation: [ 200/6156]  eta: 0:04:13    time: 0.0412  data: 0.0000  max mem: 5880
      ITM Evaluation: [ 300/6156]  eta: 0:04:04    time: 0.0405  data: 0.0000  max mem: 5880
      ITM Evaluation: [ 400/6156]  eta: 0:03:58    time: 0.0397  data: 0.0000  max mem: 5880
      ITM Evaluation: [ 500/6156]  eta: 0:03:58    time: 0.0458  data: 0.0000  max mem: 5880
      ITM Evaluation: [ 600/6156]  eta: 0:03:58    time: 0.0461  data: 0.0000  max mem: 5880
      ITM Evaluation: [ 700/6156]  eta: 0:03:59    time: 0.0471  data: 0.0000  max mem: 5880
      ITM Evaluation: [ 800/6156]  eta: 0:03:53    time: 0.0411  data: 0.0000  max mem: 5880
      ITM Evaluation: [ 900/6156]  eta: 0:03:46    time: 0.0399  data: 0.0000  max mem: 5880
      ITM Evaluation: [1000/6156]  eta: 0:03:40    time: 0.0410  data: 0.0000  max mem: 5880
      ITM Evaluation: [1100/6156]  eta: 0:03:36    time: 0.0434  data: 0.0000  max mem: 5880
      ITM Evaluation: [1200/6156]  eta: 0:03:32    time: 0.0408  data: 0.0000  max mem: 5880
      ITM Evaluation: [1300/6156]  eta: 0:03:27    time: 0.0405  data: 0.0000  max mem: 5880
      ITM Evaluation: [1400/6156]  eta: 0:03:22    time: 0.0419  data: 0.0000  max mem: 5880
      ITM Evaluation: [1500/6156]  eta: 0:03:18    time: 0.0423  data: 0.0000  max mem: 5880
      ITM Evaluation: [1600/6156]  eta: 0:03:15    time: 0.0493  data: 0.0000  max mem: 5880
      ITM Evaluation: [1700/6156]  eta: 0:03:13    time: 0.0579  data: 0.0000  max mem: 5880
      ITM Evaluation: [1800/6156]  eta: 0:03:09    time: 0.0424  data: 0.0000  max mem: 5880
      ITM Evaluation: [1900/6156]  eta: 0:03:04    time: 0.0431  data: 0.0000  max mem: 5880
      ITM Evaluation: [2000/6156]  eta: 0:03:00    time: 0.0411  data: 0.0000  max mem: 5880
      ITM Evaluation: [2100/6156]  eta: 0:02:55    time: 0.0425  data: 0.0000  max mem: 5880
      ITM Evaluation: [2200/6156]  eta: 0:02:51    time: 0.0436  data: 0.0000  max mem: 5880
      ITM Evaluation: [2300/6156]  eta: 0:02:46    time: 0.0404  data: 0.0000  max mem: 5880
      ITM Evaluation: [2400/6156]  eta: 0:02:41    time: 0.0404  data: 0.0000  max mem: 5880
      ITM Evaluation: [2500/6156]  eta: 0:02:37    time: 0.0415  data: 0.0000  max mem: 5880
      ITM Evaluation: [2600/6156]  eta: 0:02:33    time: 0.0490  data: 0.0000  max mem: 5880
      ITM Evaluation: [2700/6156]  eta: 0:02:29    time: 0.0472  data: 0.0000  max mem: 5880
      ITM Evaluation: [2800/6156]  eta: 0:02:25    time: 0.0495  data: 0.0000  max mem: 5880
      ITM Evaluation: [2900/6156]  eta: 0:02:21    time: 0.0410  data: 0.0000  max mem: 5880
      ITM Evaluation: [3000/6156]  eta: 0:02:16    time: 0.0428  data: 0.0000  max mem: 5880
      ITM Evaluation: [3100/6156]  eta: 0:02:12    time: 0.0439  data: 0.0000  max mem: 5880
      ITM Evaluation: [3200/6156]  eta: 0:02:08    time: 0.0390  data: 0.0000  max mem: 5880
      ITM Evaluation: [3300/6156]  eta: 0:02:03    time: 0.0418  data: 0.0000  max mem: 5880
      ITM Evaluation: [3400/6156]  eta: 0:01:59    time: 0.0372  data: 0.0000  max mem: 5880
      ITM Evaluation: [3500/6156]  eta: 0:01:54    time: 0.0415  data: 0.0000  max mem: 5880
      ITM Evaluation: [3600/6156]  eta: 0:01:50    time: 0.0395  data: 0.0000  max mem: 5880
      ITM Evaluation: [3700/6156]  eta: 0:01:46    time: 0.0476  data: 0.0000  max mem: 5880
      ITM Evaluation: [3800/6156]  eta: 0:01:42    time: 0.0559  data: 0.0000  max mem: 5880
      ITM Evaluation: [3900/6156]  eta: 0:01:37    time: 0.0413  data: 0.0000  max mem: 5880
      ITM Evaluation: [4000/6156]  eta: 0:01:33    time: 0.0409  data: 0.0000  max mem: 5880
      ITM Evaluation: [4100/6156]  eta: 0:01:29    time: 0.0409  data: 0.0000  max mem: 5880
      ITM Evaluation: [4200/6156]  eta: 0:01:24    time: 0.0378  data: 0.0000  max mem: 5880
      ITM Evaluation: [4300/6156]  eta: 0:01:20    time: 0.0439  data: 0.0000  max mem: 5880
      ITM Evaluation: [4400/6156]  eta: 0:01:15    time: 0.0424  data: 0.0000  max mem: 5880
      ITM Evaluation: [4500/6156]  eta: 0:01:11    time: 0.0418  data: 0.0000  max mem: 5880
      ITM Evaluation: [4600/6156]  eta: 0:01:07    time: 0.0413  data: 0.0000  max mem: 5880
      ITM Evaluation: [4700/6156]  eta: 0:01:02    time: 0.0457  data: 0.0000  max mem: 5880
      ITM Evaluation: [4800/6156]  eta: 0:00:58    time: 0.0404  data: 0.0000  max mem: 5880
      ITM Evaluation: [4900/6156]  eta: 0:00:54    time: 0.0361  data: 0.0000  max mem: 5880
      ITM Evaluation: [5000/6156]  eta: 0:00:49    time: 0.0344  data: 0.0000  max mem: 5880
      ITM Evaluation: [5100/6156]  eta: 0:00:45    time: 0.0326  data: 0.0000  max mem: 5880
      ITM Evaluation: [5200/6156]  eta: 0:00:40    time: 0.0330  data: 0.0000  max mem: 5880
      ITM Evaluation: [5300/6156]  eta: 0:00:36    time: 0.0335  data: 0.0000  max mem: 5880
      ITM Evaluation: [5400/6156]  eta: 0:00:31    time: 0.0329  data: 0.0000  max mem: 5880
      ITM Evaluation: [5500/6156]  eta: 0:00:27    time: 0.0318  data: 0.0000  max mem: 5880
      ITM Evaluation: [5600/6156]  eta: 0:00:23    time: 0.0338  data: 0.0000  max mem: 5880
      ITM Evaluation: [5700/6156]  eta: 0:00:19    time: 0.0343  data: 0.0000  max mem: 5880
      ITM Evaluation: [5800/6156]  eta: 0:00:14    time: 0.0344  data: 0.0000  max mem: 5880
      ITM Evaluation: [5900/6156]  eta: 0:00:10    time: 0.0378  data: 0.0000  max mem: 5880
      ITM Evaluation: [6000/6156]  eta: 0:00:06    time: 0.0346  data: 0.0000  max mem: 5880
      ITM Evaluation: [6100/6156]  eta: 0:00:02    time: 0.0382  data: 0.0000  max mem: 5880
      ITM Evaluation: [6155/6156]  eta: 0:00:00    time: 0.0350  data: 0.0000  max mem: 5880
      ITM Evaluation: Total time: 0:04:15 (0.0416 s / it)
     total_time 255.9883542060852
     Computing matching score time 0:04:15
### TTA ITM Score: 
+-------+--------+--------+--------+--------+--------+
| epoch |   R1   |   R5   |  R10   |  mAP   |  mINP  |
+-------+--------+--------+--------+--------+--------+
|  -999 | 70.760 | 87.378 | 92.268 | 63.849 | 48.174 |
|  -999 | 76.170 | 89.457 | 93.600 | 65.570 | 47.372 |
|   0   | 74.480 | 88.824 | 92.966 | 65.319 | 48.348 |
|   1   | 73.944 | 88.710 | 92.901 | 65.016 | 48.086 |
|   2   | 73.700 | 88.710 | 93.015 | 64.844 | 47.881 |
|   3   | 73.408 | 88.791 | 92.723 | 64.421 | 46.985 |
|   4   | 73.538 | 88.629 | 92.804 | 64.421 | 47.075 |
|   5   | 73.457 | 88.580 | 92.609 | 64.360 | 47.053 |
|   6   | 73.441 | 88.580 | 92.723 | 64.307 | 46.975 |
|   7   | 73.441 | 88.613 | 92.739 | 64.344 | 47.062 |
|   8   | 73.343 | 88.613 | 92.706 | 64.232 | 46.838 |
|   9   | 73.343 | 88.580 | 92.641 | 64.089 | 46.534 |
|   10  | 73.343 | 88.499 | 92.609 | 63.963 | 46.270 |
|   11  | 73.441 | 88.596 | 92.625 | 64.141 | 46.611 |
|   12  | 73.506 | 88.580 | 92.609 | 64.079 | 46.461 |
|   13  | 73.473 | 88.548 | 92.739 | 64.178 | 46.687 |
|   14  | 73.489 | 88.467 | 92.690 | 64.005 | 46.311 |
|   15  | 73.506 | 88.483 | 92.674 | 64.015 | 46.309 |
|   16  | 73.181 | 88.548 | 92.706 | 63.934 | 46.251 |
|   17  | 73.343 | 88.532 | 92.723 | 64.019 | 46.385 |
|   18  | 73.408 | 88.467 | 92.576 | 63.885 | 46.100 |
|   19  | 73.473 | 88.467 | 92.544 | 63.898 | 46.086 |
|   20  | 73.457 | 88.548 | 92.674 | 64.044 | 46.366 |
|   21  | 73.441 | 88.515 | 92.625 | 63.964 | 46.226 |
|   22  | 73.408 | 88.402 | 92.593 | 63.822 | 45.949 |
|   23  | 73.392 | 88.418 | 92.576 | 63.756 | 45.827 |
|   24  | 73.441 | 88.402 | 92.544 | 63.784 | 45.855 |
|   25  | 73.489 | 88.402 | 92.576 | 63.806 | 45.896 |
|   26  | 73.457 | 88.418 | 92.576 | 63.806 | 45.900 |
|   27  | 73.441 | 88.418 | 92.576 | 63.821 | 45.939 |
|   28  | 73.457 | 88.434 | 92.560 | 63.850 | 45.990 |
+-------+--------+--------+--------+--------+--------+
     logs:  {'epo': 28, 'R1': 73.457, 'R5': 88.434, 'R10': 92.56, 'mAP': 63.85, 'mINP': 45.99, 'lr': 6e-06, 'entropy': 0.150797, 'loss': 0.150797}
      TTA Epoch: [29] [  0/109]  eta: 0:00:55  lr: 0.000004  entropy: 0.1098  loss: 0.1098  time: 0.5113  data: 0.4299  max mem: 5880
      TTA Epoch: [29] [100/109]  eta: 0:00:00  lr: 0.000001  entropy: 0.1964  loss: 0.1964  time: 0.0439  data: 0.0001  max mem: 5880
      TTA Epoch: [29] [108/109]  eta: 0:00:00  lr: 0.000001  entropy: 0.0641  loss: 0.0641  time: 0.0414  data: 0.0001  max mem: 5880
      TTA Epoch: [29] Total time: 0:00:05 (0.0494 s / it)
     Averaged stats: lr: 0.0000  entropy: 0.1421  loss: 0.1421
     itm tta time 0:00:05
     Computing matching score
      ITM Evaluation: [   0/6156]  eta: 0:04:02    time: 0.0395  data: 0.0043  max mem: 5880
      ITM Evaluation: [ 100/6156]  eta: 0:03:37    time: 0.0342  data: 0.0000  max mem: 5880
      ITM Evaluation: [ 200/6156]  eta: 0:03:43    time: 0.0349  data: 0.0000  max mem: 5880
      ITM Evaluation: [ 300/6156]  eta: 0:03:47    time: 0.0424  data: 0.0000  max mem: 5880
      ITM Evaluation: [ 400/6156]  eta: 0:03:51    time: 0.0439  data: 0.0000  max mem: 5880
      ITM Evaluation: [ 500/6156]  eta: 0:03:50    time: 0.0456  data: 0.0000  max mem: 5880
      ITM Evaluation: [ 600/6156]  eta: 0:03:50    time: 0.0514  data: 0.0000  max mem: 5880
      ITM Evaluation: [ 700/6156]  eta: 0:03:51    time: 0.0464  data: 0.0000  max mem: 5880
      ITM Evaluation: [ 800/6156]  eta: 0:03:52    time: 0.0528  data: 0.0000  max mem: 5880
      ITM Evaluation: [ 900/6156]  eta: 0:03:51    time: 0.0474  data: 0.0000  max mem: 5880
      ITM Evaluation: [1000/6156]  eta: 0:03:47    time: 0.0431  data: 0.0000  max mem: 5880
      ITM Evaluation: [1100/6156]  eta: 0:03:40    time: 0.0386  data: 0.0000  max mem: 5880
      ITM Evaluation: [1200/6156]  eta: 0:03:34    time: 0.0425  data: 0.0000  max mem: 5880
      ITM Evaluation: [1300/6156]  eta: 0:03:27    time: 0.0413  data: 0.0000  max mem: 5880
      ITM Evaluation: [1400/6156]  eta: 0:03:20    time: 0.0389  data: 0.0000  max mem: 5880
      ITM Evaluation: [1500/6156]  eta: 0:03:14    time: 0.0378  data: 0.0000  max mem: 5880
      ITM Evaluation: [1600/6156]  eta: 0:03:09    time: 0.0374  data: 0.0000  max mem: 5880
      ITM Evaluation: [1700/6156]  eta: 0:03:05    time: 0.0425  data: 0.0000  max mem: 5880
      ITM Evaluation: [1800/6156]  eta: 0:03:02    time: 0.0502  data: 0.0000  max mem: 5880
      ITM Evaluation: [1900/6156]  eta: 0:03:00    time: 0.0492  data: 0.0000  max mem: 5880
      ITM Evaluation: [2000/6156]  eta: 0:02:57    time: 0.0471  data: 0.0000  max mem: 5880
      ITM Evaluation: [2100/6156]  eta: 0:02:53    time: 0.0422  data: 0.0000  max mem: 5880
      ITM Evaluation: [2200/6156]  eta: 0:02:49    time: 0.0418  data: 0.0000  max mem: 5880
      ITM Evaluation: [2300/6156]  eta: 0:02:44    time: 0.0408  data: 0.0000  max mem: 5880
      ITM Evaluation: [2400/6156]  eta: 0:02:40    time: 0.0426  data: 0.0000  max mem: 5880
      ITM Evaluation: [2500/6156]  eta: 0:02:36    time: 0.0433  data: 0.0000  max mem: 5880
      ITM Evaluation: [2600/6156]  eta: 0:02:32    time: 0.0470  data: 0.0000  max mem: 5880
      ITM Evaluation: [2700/6156]  eta: 0:02:28    time: 0.0473  data: 0.0000  max mem: 5880
      ITM Evaluation: [2800/6156]  eta: 0:02:25    time: 0.0468  data: 0.0000  max mem: 5880
      ITM Evaluation: [2900/6156]  eta: 0:02:21    time: 0.0495  data: 0.0000  max mem: 5880
      ITM Evaluation: [3000/6156]  eta: 0:02:18    time: 0.0533  data: 0.0000  max mem: 5880
      ITM Evaluation: [3100/6156]  eta: 0:02:14    time: 0.0502  data: 0.0000  max mem: 5880
      ITM Evaluation: [3200/6156]  eta: 0:02:09    time: 0.0430  data: 0.0000  max mem: 5880
      ITM Evaluation: [3300/6156]  eta: 0:02:05    time: 0.0410  data: 0.0000  max mem: 5880
      ITM Evaluation: [3400/6156]  eta: 0:02:01    time: 0.0429  data: 0.0000  max mem: 5880
      ITM Evaluation: [3500/6156]  eta: 0:01:56    time: 0.0383  data: 0.0000  max mem: 5880
      ITM Evaluation: [3600/6156]  eta: 0:01:51    time: 0.0449  data: 0.0000  max mem: 5880
      ITM Evaluation: [3700/6156]  eta: 0:01:47    time: 0.0415  data: 0.0000  max mem: 5880
      ITM Evaluation: [3800/6156]  eta: 0:01:43    time: 0.0440  data: 0.0000  max mem: 5880
      ITM Evaluation: [3900/6156]  eta: 0:01:38    time: 0.0422  data: 0.0000  max mem: 5880
      ITM Evaluation: [4000/6156]  eta: 0:01:34    time: 0.0458  data: 0.0000  max mem: 5880
      ITM Evaluation: [4100/6156]  eta: 0:01:30    time: 0.0545  data: 0.0000  max mem: 5880
      ITM Evaluation: [4200/6156]  eta: 0:01:26    time: 0.0476  data: 0.0000  max mem: 5880
      ITM Evaluation: [4300/6156]  eta: 0:01:21    time: 0.0427  data: 0.0000  max mem: 5880
      ITM Evaluation: [4400/6156]  eta: 0:01:17    time: 0.0413  data: 0.0000  max mem: 5880
      ITM Evaluation: [4500/6156]  eta: 0:01:12    time: 0.0405  data: 0.0000  max mem: 5880
      ITM Evaluation: [4600/6156]  eta: 0:01:08    time: 0.0419  data: 0.0000  max mem: 5880
      ITM Evaluation: [4700/6156]  eta: 0:01:03    time: 0.0418  data: 0.0000  max mem: 5880
      ITM Evaluation: [4800/6156]  eta: 0:00:59    time: 0.0427  data: 0.0000  max mem: 5880
      ITM Evaluation: [4900/6156]  eta: 0:00:54    time: 0.0391  data: 0.0000  max mem: 5880
      ITM Evaluation: [5000/6156]  eta: 0:00:50    time: 0.0418  data: 0.0000  max mem: 5880
      ITM Evaluation: [5100/6156]  eta: 0:00:46    time: 0.0501  data: 0.0000  max mem: 5880
      ITM Evaluation: [5200/6156]  eta: 0:00:41    time: 0.0484  data: 0.0000  max mem: 5880
      ITM Evaluation: [5300/6156]  eta: 0:00:37    time: 0.0411  data: 0.0000  max mem: 5880
      ITM Evaluation: [5400/6156]  eta: 0:00:33    time: 0.0410  data: 0.0000  max mem: 5880
      ITM Evaluation: [5500/6156]  eta: 0:00:28    time: 0.0410  data: 0.0000  max mem: 5880
      ITM Evaluation: [5600/6156]  eta: 0:00:24    time: 0.0428  data: 0.0000  max mem: 5880
      ITM Evaluation: [5700/6156]  eta: 0:00:19    time: 0.0435  data: 0.0000  max mem: 5880
      ITM Evaluation: [5800/6156]  eta: 0:00:15    time: 0.0433  data: 0.0000  max mem: 5880
      ITM Evaluation: [5900/6156]  eta: 0:00:11    time: 0.0438  data: 0.0000  max mem: 5880
      ITM Evaluation: [6000/6156]  eta: 0:00:06    time: 0.0436  data: 0.0000  max mem: 5880
      ITM Evaluation: [6100/6156]  eta: 0:00:02    time: 0.0478  data: 0.0000  max mem: 5880
      ITM Evaluation: [6155/6156]  eta: 0:00:00    time: 0.0497  data: 0.0000  max mem: 5880
      ITM Evaluation: Total time: 0:04:29 (0.0438 s / it)
     total_time 269.6668016910553
     Computing matching score time 0:04:29
### TTA ITM Score: 
+-------+--------+--------+--------+--------+--------+
| epoch |   R1   |   R5   |  R10   |  mAP   |  mINP  |
+-------+--------+--------+--------+--------+--------+
|  -999 | 70.760 | 87.378 | 92.268 | 63.849 | 48.174 |
|  -999 | 76.170 | 89.457 | 93.600 | 65.570 | 47.372 |
|   0   | 74.480 | 88.824 | 92.966 | 65.319 | 48.348 |
|   1   | 73.944 | 88.710 | 92.901 | 65.016 | 48.086 |
|   2   | 73.700 | 88.710 | 93.015 | 64.844 | 47.881 |
|   3   | 73.408 | 88.791 | 92.723 | 64.421 | 46.985 |
|   4   | 73.538 | 88.629 | 92.804 | 64.421 | 47.075 |
|   5   | 73.457 | 88.580 | 92.609 | 64.360 | 47.053 |
|   6   | 73.441 | 88.580 | 92.723 | 64.307 | 46.975 |
|   7   | 73.441 | 88.613 | 92.739 | 64.344 | 47.062 |
|   8   | 73.343 | 88.613 | 92.706 | 64.232 | 46.838 |
|   9   | 73.343 | 88.580 | 92.641 | 64.089 | 46.534 |
|   10  | 73.343 | 88.499 | 92.609 | 63.963 | 46.270 |
|   11  | 73.441 | 88.596 | 92.625 | 64.141 | 46.611 |
|   12  | 73.506 | 88.580 | 92.609 | 64.079 | 46.461 |
|   13  | 73.473 | 88.548 | 92.739 | 64.178 | 46.687 |
|   14  | 73.489 | 88.467 | 92.690 | 64.005 | 46.311 |
|   15  | 73.506 | 88.483 | 92.674 | 64.015 | 46.309 |
|   16  | 73.181 | 88.548 | 92.706 | 63.934 | 46.251 |
|   17  | 73.343 | 88.532 | 92.723 | 64.019 | 46.385 |
|   18  | 73.408 | 88.467 | 92.576 | 63.885 | 46.100 |
|   19  | 73.473 | 88.467 | 92.544 | 63.898 | 46.086 |
|   20  | 73.457 | 88.548 | 92.674 | 64.044 | 46.366 |
|   21  | 73.441 | 88.515 | 92.625 | 63.964 | 46.226 |
|   22  | 73.408 | 88.402 | 92.593 | 63.822 | 45.949 |
|   23  | 73.392 | 88.418 | 92.576 | 63.756 | 45.827 |
|   24  | 73.441 | 88.402 | 92.544 | 63.784 | 45.855 |
|   25  | 73.489 | 88.402 | 92.576 | 63.806 | 45.896 |
|   26  | 73.457 | 88.418 | 92.576 | 63.806 | 45.900 |
|   27  | 73.441 | 88.418 | 92.576 | 63.821 | 45.939 |
|   28  | 73.457 | 88.434 | 92.560 | 63.850 | 45.990 |
|   29  | 73.457 | 88.450 | 92.560 | 63.853 | 45.994 |
+-------+--------+--------+--------+--------+--------+
     logs:  {'epo': 29, 'R1': 73.457, 'R5': 88.45, 'R10': 92.56, 'mAP': 63.853, 'mINP': 45.994, 'lr': 3e-06, 'entropy': 0.142141, 'loss': 0.142141}
### best epoch 0 : {'epo': '0', 'R1': '74.48', 'R5': '88.824', 'R10': '92.966', 'mAP': '65.319', 'mINP': '48.348', 'lr': '0.000273', 'entropy': '0.616222', 'loss': '0.616222'}
### Time 2:18:21
