Not using distributed mode
### Hyper-parameters:
     seed: 42
     device: cuda
     output_dir: output/ft_cuhk/tta/tta_exp3.1
     batch_size_tta: 16
     epochs: 30
     lr: 0.001
### Creating model
use_swin
load checkpoint from checkpoints/ft_cuhk/checkpoint_best.pth
missing_keys:  []
vision_encoder missing_keys:  []
unexpected_keys:  []
     Total Params Sum:  214456629
### Creating test dataset
     test_dataset: 3074
### Creating test dataloader
### be careful: func create_loader returns a list length of 1
     test_loader: 21
### Inference ITC similiarity matrix
     Computing text features for evaluation
     Computing image features for evaluation
/home/jiahao/task/APTM/reTools.py:308: UserWarning: To copy construct from a tensor, it is recommended to use sourceTensor.clone().detach() or sourceTensor.clone().detach().requires_grad_(True), rather than torch.tensor(sourceTensor).
  similarity = torch.tensor(scores_t2i)
     Computing features time 0:00:08
### Zero-Shot ITC Score: 
+-------+--------+--------+--------+--------+--------+
| epoch |   R1   |   R5   |  R10   |  mAP   |  mINP  |
+-------+--------+--------+--------+--------+--------+
|  -999 | 70.760 | 87.378 | 92.268 | 63.849 | 48.174 |
+-------+--------+--------+--------+--------+--------+
     Computing matching score
      ITM Evaluation: [   0/6156]  eta: 0:05:20    time: 0.0521  data: 0.0035  max mem: 5880
      ITM Evaluation: [ 100/6156]  eta: 0:03:51    time: 0.0378  data: 0.0000  max mem: 5880
      ITM Evaluation: [ 200/6156]  eta: 0:03:41    time: 0.0336  data: 0.0000  max mem: 5880
      ITM Evaluation: [ 300/6156]  eta: 0:03:30    time: 0.0328  data: 0.0000  max mem: 5880
      ITM Evaluation: [ 400/6156]  eta: 0:03:22    time: 0.0332  data: 0.0000  max mem: 5880
      ITM Evaluation: [ 500/6156]  eta: 0:03:17    time: 0.0329  data: 0.0000  max mem: 5880
      ITM Evaluation: [ 600/6156]  eta: 0:03:12    time: 0.0337  data: 0.0000  max mem: 5880
      ITM Evaluation: [ 700/6156]  eta: 0:03:07    time: 0.0334  data: 0.0000  max mem: 5880
      ITM Evaluation: [ 800/6156]  eta: 0:03:04    time: 0.0339  data: 0.0000  max mem: 5880
      ITM Evaluation: [ 900/6156]  eta: 0:03:00    time: 0.0337  data: 0.0000  max mem: 5880
      ITM Evaluation: [1000/6156]  eta: 0:02:56    time: 0.0336  data: 0.0000  max mem: 5880
      ITM Evaluation: [1100/6156]  eta: 0:02:52    time: 0.0337  data: 0.0000  max mem: 5880
      ITM Evaluation: [1200/6156]  eta: 0:02:49    time: 0.0350  data: 0.0000  max mem: 5880
      ITM Evaluation: [1300/6156]  eta: 0:02:47    time: 0.0359  data: 0.0000  max mem: 5880
      ITM Evaluation: [1400/6156]  eta: 0:02:43    time: 0.0333  data: 0.0000  max mem: 5880
      ITM Evaluation: [1500/6156]  eta: 0:02:40    time: 0.0350  data: 0.0000  max mem: 5880
      ITM Evaluation: [1600/6156]  eta: 0:02:37    time: 0.0351  data: 0.0000  max mem: 5880
      ITM Evaluation: [1700/6156]  eta: 0:02:33    time: 0.0353  data: 0.0000  max mem: 5880
      ITM Evaluation: [1800/6156]  eta: 0:02:30    time: 0.0352  data: 0.0000  max mem: 5880
      ITM Evaluation: [1900/6156]  eta: 0:02:27    time: 0.0350  data: 0.0000  max mem: 5880
      ITM Evaluation: [2000/6156]  eta: 0:02:23    time: 0.0354  data: 0.0000  max mem: 5880
      ITM Evaluation: [2100/6156]  eta: 0:02:20    time: 0.0347  data: 0.0000  max mem: 5880
      ITM Evaluation: [2200/6156]  eta: 0:02:17    time: 0.0350  data: 0.0000  max mem: 5880
      ITM Evaluation: [2300/6156]  eta: 0:02:13    time: 0.0378  data: 0.0000  max mem: 5880
      ITM Evaluation: [2400/6156]  eta: 0:02:10    time: 0.0378  data: 0.0000  max mem: 5880
      ITM Evaluation: [2500/6156]  eta: 0:02:07    time: 0.0362  data: 0.0000  max mem: 5880
      ITM Evaluation: [2600/6156]  eta: 0:02:04    time: 0.0361  data: 0.0000  max mem: 5880
      ITM Evaluation: [2700/6156]  eta: 0:02:01    time: 0.0356  data: 0.0000  max mem: 5880
      ITM Evaluation: [2800/6156]  eta: 0:01:57    time: 0.0354  data: 0.0000  max mem: 5880
      ITM Evaluation: [2900/6156]  eta: 0:01:54    time: 0.0360  data: 0.0000  max mem: 5880
      ITM Evaluation: [3000/6156]  eta: 0:01:50    time: 0.0355  data: 0.0000  max mem: 5880
      ITM Evaluation: [3100/6156]  eta: 0:01:47    time: 0.0364  data: 0.0000  max mem: 5880
      ITM Evaluation: [3200/6156]  eta: 0:01:44    time: 0.0357  data: 0.0000  max mem: 5880
      ITM Evaluation: [3300/6156]  eta: 0:01:40    time: 0.0354  data: 0.0000  max mem: 5880
      ITM Evaluation: [3400/6156]  eta: 0:01:37    time: 0.0359  data: 0.0000  max mem: 5880
      ITM Evaluation: [3500/6156]  eta: 0:01:33    time: 0.0376  data: 0.0000  max mem: 5880
      ITM Evaluation: [3600/6156]  eta: 0:01:30    time: 0.0377  data: 0.0000  max mem: 5880
      ITM Evaluation: [3700/6156]  eta: 0:01:26    time: 0.0360  data: 0.0000  max mem: 5880
      ITM Evaluation: [3800/6156]  eta: 0:01:23    time: 0.0363  data: 0.0000  max mem: 5880
      ITM Evaluation: [3900/6156]  eta: 0:01:19    time: 0.0366  data: 0.0000  max mem: 5880
      ITM Evaluation: [4000/6156]  eta: 0:01:16    time: 0.0365  data: 0.0000  max mem: 5880
      ITM Evaluation: [4100/6156]  eta: 0:01:12    time: 0.0361  data: 0.0000  max mem: 5880
      ITM Evaluation: [4200/6156]  eta: 0:01:09    time: 0.0364  data: 0.0000  max mem: 5880
      ITM Evaluation: [4300/6156]  eta: 0:01:05    time: 0.0354  data: 0.0000  max mem: 5880
      ITM Evaluation: [4400/6156]  eta: 0:01:02    time: 0.0365  data: 0.0000  max mem: 5880
      ITM Evaluation: [4500/6156]  eta: 0:00:58    time: 0.0373  data: 0.0000  max mem: 5880
      ITM Evaluation: [4600/6156]  eta: 0:00:55    time: 0.0390  data: 0.0000  max mem: 5880
      ITM Evaluation: [4700/6156]  eta: 0:00:51    time: 0.0392  data: 0.0000  max mem: 5880
      ITM Evaluation: [4800/6156]  eta: 0:00:48    time: 0.0363  data: 0.0000  max mem: 5880
      ITM Evaluation: [4900/6156]  eta: 0:00:44    time: 0.0365  data: 0.0000  max mem: 5880
      ITM Evaluation: [5000/6156]  eta: 0:00:41    time: 0.0359  data: 0.0000  max mem: 5880
      ITM Evaluation: [5100/6156]  eta: 0:00:37    time: 0.0360  data: 0.0000  max mem: 5880
      ITM Evaluation: [5200/6156]  eta: 0:00:34    time: 0.0362  data: 0.0000  max mem: 5880
      ITM Evaluation: [5300/6156]  eta: 0:00:30    time: 0.0358  data: 0.0000  max mem: 5880
      ITM Evaluation: [5400/6156]  eta: 0:00:27    time: 0.0359  data: 0.0000  max mem: 5880
      ITM Evaluation: [5500/6156]  eta: 0:00:23    time: 0.0362  data: 0.0000  max mem: 5880
      ITM Evaluation: [5600/6156]  eta: 0:00:19    time: 0.0362  data: 0.0000  max mem: 5880
      ITM Evaluation: [5700/6156]  eta: 0:00:16    time: 0.0385  data: 0.0000  max mem: 5880
      ITM Evaluation: [5800/6156]  eta: 0:00:12    time: 0.0388  data: 0.0000  max mem: 5880
      ITM Evaluation: [5900/6156]  eta: 0:00:09    time: 0.0361  data: 0.0000  max mem: 5880
      ITM Evaluation: [6000/6156]  eta: 0:00:05    time: 0.0349  data: 0.0000  max mem: 5880
      ITM Evaluation: [6100/6156]  eta: 0:00:02    time: 0.0377  data: 0.0000  max mem: 5880
      ITM Evaluation: [6155/6156]  eta: 0:00:00    time: 0.0356  data: 0.0000  max mem: 5880
      ITM Evaluation: Total time: 0:03:40 (0.0359 s / it)
     total_time 221.05641222000122
     Computing matching score time 0:03:41
### Zero-Shot ITM Score: 
+-------+--------+--------+--------+--------+--------+
| epoch |   R1   |   R5   |  R10   |  mAP   |  mINP  |
+-------+--------+--------+--------+--------+--------+
|  -999 | 70.760 | 87.378 | 92.268 | 63.849 | 48.174 |
|  -999 | 76.170 | 89.457 | 93.600 | 65.570 | 47.372 |
+-------+--------+--------+--------+--------+--------+
### TTA:
### Compute ITC Uncertainty
     preprocess_tta_coefficients  start
     sample selection ...
     number of sample after sample_selection: 6156
     uncertainty ...
     preprocess_tta_coefficients  end
### Creating tta dataset
     tta_dataset: 6156
### Creating tta dataloader
### be careful: func create_loader returns a list length of 1
     tta_loader: 384
### Configure adapted weights
     TTA Dropout Modules: 
 [('vision_encoder.pos_drop', Dropout(p=0.0, inplace=False), True), ('vision_encoder.layers.0.blocks.0.attn.attn_drop', Dropout(p=0.0, inplace=False), True), ('vision_encoder.layers.0.blocks.0.attn.proj_drop', Dropout(p=0.0, inplace=False), True), ('vision_encoder.layers.0.blocks.0.mlp.drop', Dropout(p=0.0, inplace=False), True), ('vision_encoder.layers.0.blocks.1.attn.attn_drop', Dropout(p=0.0, inplace=False), True), ('vision_encoder.layers.0.blocks.1.attn.proj_drop', Dropout(p=0.0, inplace=False), True), ('vision_encoder.layers.0.blocks.1.mlp.drop', Dropout(p=0.0, inplace=False), True), ('vision_encoder.layers.1.blocks.0.attn.attn_drop', Dropout(p=0.0, inplace=False), True), ('vision_encoder.layers.1.blocks.0.attn.proj_drop', Dropout(p=0.0, inplace=False), True), ('vision_encoder.layers.1.blocks.0.mlp.drop', Dropout(p=0.0, inplace=False), True), ('vision_encoder.layers.1.blocks.1.attn.attn_drop', Dropout(p=0.0, inplace=False), True), ('vision_encoder.layers.1.blocks.1.attn.proj_drop', Dropout(p=0.0, inplace=False), True), ('vision_encoder.layers.1.blocks.1.mlp.drop', Dropout(p=0.0, inplace=False), True), ('vision_encoder.layers.2.blocks.0.attn.attn_drop', Dropout(p=0.0, inplace=False), True), ('vision_encoder.layers.2.blocks.0.attn.proj_drop', Dropout(p=0.0, inplace=False), True), ('vision_encoder.layers.2.blocks.0.mlp.drop', Dropout(p=0.0, inplace=False), True), ('vision_encoder.layers.2.blocks.1.attn.attn_drop', Dropout(p=0.0, inplace=False), True), ('vision_encoder.layers.2.blocks.1.attn.proj_drop', Dropout(p=0.0, inplace=False), True), ('vision_encoder.layers.2.blocks.1.mlp.drop', Dropout(p=0.0, inplace=False), True), ('vision_encoder.layers.2.blocks.2.attn.attn_drop', Dropout(p=0.0, inplace=False), True), ('vision_encoder.layers.2.blocks.2.attn.proj_drop', Dropout(p=0.0, inplace=False), True), ('vision_encoder.layers.2.blocks.2.mlp.drop', Dropout(p=0.0, inplace=False), True), ('vision_encoder.layers.2.blocks.3.attn.attn_drop', Dropout(p=0.0, inplace=False), True), ('vision_encoder.layers.2.blocks.3.attn.proj_drop', Dropout(p=0.0, inplace=False), True), ('vision_encoder.layers.2.blocks.3.mlp.drop', Dropout(p=0.0, inplace=False), True), ('vision_encoder.layers.2.blocks.4.attn.attn_drop', Dropout(p=0.0, inplace=False), True), ('vision_encoder.layers.2.blocks.4.attn.proj_drop', Dropout(p=0.0, inplace=False), True), ('vision_encoder.layers.2.blocks.4.mlp.drop', Dropout(p=0.0, inplace=False), True), ('vision_encoder.layers.2.blocks.5.attn.attn_drop', Dropout(p=0.0, inplace=False), True), ('vision_encoder.layers.2.blocks.5.attn.proj_drop', Dropout(p=0.0, inplace=False), True), ('vision_encoder.layers.2.blocks.5.mlp.drop', Dropout(p=0.0, inplace=False), True), ('vision_encoder.layers.2.blocks.6.attn.attn_drop', Dropout(p=0.0, inplace=False), True), ('vision_encoder.layers.2.blocks.6.attn.proj_drop', Dropout(p=0.0, inplace=False), True), ('vision_encoder.layers.2.blocks.6.mlp.drop', Dropout(p=0.0, inplace=False), True), ('vision_encoder.layers.2.blocks.7.attn.attn_drop', Dropout(p=0.0, inplace=False), True), ('vision_encoder.layers.2.blocks.7.attn.proj_drop', Dropout(p=0.0, inplace=False), True), ('vision_encoder.layers.2.blocks.7.mlp.drop', Dropout(p=0.0, inplace=False), True), ('vision_encoder.layers.2.blocks.8.attn.attn_drop', Dropout(p=0.0, inplace=False), True), ('vision_encoder.layers.2.blocks.8.attn.proj_drop', Dropout(p=0.0, inplace=False), True), ('vision_encoder.layers.2.blocks.8.mlp.drop', Dropout(p=0.0, inplace=False), True), ('vision_encoder.layers.2.blocks.9.attn.attn_drop', Dropout(p=0.0, inplace=False), True), ('vision_encoder.layers.2.blocks.9.attn.proj_drop', Dropout(p=0.0, inplace=False), True), ('vision_encoder.layers.2.blocks.9.mlp.drop', Dropout(p=0.0, inplace=False), True), ('vision_encoder.layers.2.blocks.10.attn.attn_drop', Dropout(p=0.0, inplace=False), True), ('vision_encoder.layers.2.blocks.10.attn.proj_drop', Dropout(p=0.0, inplace=False), True), ('vision_encoder.layers.2.blocks.10.mlp.drop', Dropout(p=0.0, inplace=False), True), ('vision_encoder.layers.2.blocks.11.attn.attn_drop', Dropout(p=0.0, inplace=False), True), ('vision_encoder.layers.2.blocks.11.attn.proj_drop', Dropout(p=0.0, inplace=False), True), ('vision_encoder.layers.2.blocks.11.mlp.drop', Dropout(p=0.0, inplace=False), True), ('vision_encoder.layers.2.blocks.12.attn.attn_drop', Dropout(p=0.0, inplace=False), True), ('vision_encoder.layers.2.blocks.12.attn.proj_drop', Dropout(p=0.0, inplace=False), True), ('vision_encoder.layers.2.blocks.12.mlp.drop', Dropout(p=0.0, inplace=False), True), ('vision_encoder.layers.2.blocks.13.attn.attn_drop', Dropout(p=0.0, inplace=False), True), ('vision_encoder.layers.2.blocks.13.attn.proj_drop', Dropout(p=0.0, inplace=False), True), ('vision_encoder.layers.2.blocks.13.mlp.drop', Dropout(p=0.0, inplace=False), True), ('vision_encoder.layers.2.blocks.14.attn.attn_drop', Dropout(p=0.0, inplace=False), True), ('vision_encoder.layers.2.blocks.14.attn.proj_drop', Dropout(p=0.0, inplace=False), True), ('vision_encoder.layers.2.blocks.14.mlp.drop', Dropout(p=0.0, inplace=False), True), ('vision_encoder.layers.2.blocks.15.attn.attn_drop', Dropout(p=0.0, inplace=False), True), ('vision_encoder.layers.2.blocks.15.attn.proj_drop', Dropout(p=0.0, inplace=False), True), ('vision_encoder.layers.2.blocks.15.mlp.drop', Dropout(p=0.0, inplace=False), True), ('vision_encoder.layers.2.blocks.16.attn.attn_drop', Dropout(p=0.0, inplace=False), True), ('vision_encoder.layers.2.blocks.16.attn.proj_drop', Dropout(p=0.0, inplace=False), True), ('vision_encoder.layers.2.blocks.16.mlp.drop', Dropout(p=0.0, inplace=False), True), ('vision_encoder.layers.2.blocks.17.attn.attn_drop', Dropout(p=0.0, inplace=False), True), ('vision_encoder.layers.2.blocks.17.attn.proj_drop', Dropout(p=0.0, inplace=False), True), ('vision_encoder.layers.2.blocks.17.mlp.drop', Dropout(p=0.0, inplace=False), True), ('vision_encoder.layers.3.blocks.0.attn.attn_drop', Dropout(p=0.0, inplace=False), True), ('vision_encoder.layers.3.blocks.0.attn.proj_drop', Dropout(p=0.0, inplace=False), True), ('vision_encoder.layers.3.blocks.0.mlp.drop', Dropout(p=0.0, inplace=False), True), ('vision_encoder.layers.3.blocks.1.attn.attn_drop', Dropout(p=0.0, inplace=False), True), ('vision_encoder.layers.3.blocks.1.attn.proj_drop', Dropout(p=0.0, inplace=False), True), ('vision_encoder.layers.3.blocks.1.mlp.drop', Dropout(p=0.0, inplace=False), True), ('text_encoder.bert.embeddings.dropout', Dropout(p=0.1, inplace=False), True), ('text_encoder.bert.encoder.layer.0.attention.self.dropout', Dropout(p=0.1, inplace=False), True), ('text_encoder.bert.encoder.layer.0.attention.output.dropout', Dropout(p=0.1, inplace=False), True), ('text_encoder.bert.encoder.layer.0.output.dropout', Dropout(p=0.1, inplace=False), True), ('text_encoder.bert.encoder.layer.1.attention.self.dropout', Dropout(p=0.1, inplace=False), True), ('text_encoder.bert.encoder.layer.1.attention.output.dropout', Dropout(p=0.1, inplace=False), True), ('text_encoder.bert.encoder.layer.1.output.dropout', Dropout(p=0.1, inplace=False), True), ('text_encoder.bert.encoder.layer.2.attention.self.dropout', Dropout(p=0.1, inplace=False), True), ('text_encoder.bert.encoder.layer.2.attention.output.dropout', Dropout(p=0.1, inplace=False), True), ('text_encoder.bert.encoder.layer.2.output.dropout', Dropout(p=0.1, inplace=False), True), ('text_encoder.bert.encoder.layer.3.attention.self.dropout', Dropout(p=0.1, inplace=False), True), ('text_encoder.bert.encoder.layer.3.attention.output.dropout', Dropout(p=0.1, inplace=False), True), ('text_encoder.bert.encoder.layer.3.output.dropout', Dropout(p=0.1, inplace=False), True), ('text_encoder.bert.encoder.layer.4.attention.self.dropout', Dropout(p=0.1, inplace=False), True), ('text_encoder.bert.encoder.layer.4.attention.output.dropout', Dropout(p=0.1, inplace=False), True), ('text_encoder.bert.encoder.layer.4.output.dropout', Dropout(p=0.1, inplace=False), True), ('text_encoder.bert.encoder.layer.5.attention.self.dropout', Dropout(p=0.1, inplace=False), True), ('text_encoder.bert.encoder.layer.5.attention.output.dropout', Dropout(p=0.1, inplace=False), True), ('text_encoder.bert.encoder.layer.5.output.dropout', Dropout(p=0.1, inplace=False), True), ('text_encoder.bert.encoder.layer.6.attention.self.dropout', Dropout(p=0.1, inplace=False), True), ('text_encoder.bert.encoder.layer.6.attention.output.dropout', Dropout(p=0.1, inplace=False), True), ('text_encoder.bert.encoder.layer.6.crossattention.self.dropout', Dropout(p=0.1, inplace=False), True), ('text_encoder.bert.encoder.layer.6.crossattention.output.dropout', Dropout(p=0.1, inplace=False), True), ('text_encoder.bert.encoder.layer.6.output.dropout', Dropout(p=0.1, inplace=False), True), ('text_encoder.bert.encoder.layer.7.attention.self.dropout', Dropout(p=0.1, inplace=False), True), ('text_encoder.bert.encoder.layer.7.attention.output.dropout', Dropout(p=0.1, inplace=False), True), ('text_encoder.bert.encoder.layer.7.crossattention.self.dropout', Dropout(p=0.1, inplace=False), True), ('text_encoder.bert.encoder.layer.7.crossattention.output.dropout', Dropout(p=0.1, inplace=False), True), ('text_encoder.bert.encoder.layer.7.output.dropout', Dropout(p=0.1, inplace=False), True), ('text_encoder.bert.encoder.layer.8.attention.self.dropout', Dropout(p=0.1, inplace=False), True), ('text_encoder.bert.encoder.layer.8.attention.output.dropout', Dropout(p=0.1, inplace=False), True), ('text_encoder.bert.encoder.layer.8.crossattention.self.dropout', Dropout(p=0.1, inplace=False), True), ('text_encoder.bert.encoder.layer.8.crossattention.output.dropout', Dropout(p=0.1, inplace=False), True), ('text_encoder.bert.encoder.layer.8.output.dropout', Dropout(p=0.1, inplace=False), True), ('text_encoder.bert.encoder.layer.9.attention.self.dropout', Dropout(p=0.1, inplace=False), True), ('text_encoder.bert.encoder.layer.9.attention.output.dropout', Dropout(p=0.1, inplace=False), True), ('text_encoder.bert.encoder.layer.9.crossattention.self.dropout', Dropout(p=0.1, inplace=False), True), ('text_encoder.bert.encoder.layer.9.crossattention.output.dropout', Dropout(p=0.1, inplace=False), True), ('text_encoder.bert.encoder.layer.9.output.dropout', Dropout(p=0.1, inplace=False), True), ('text_encoder.bert.encoder.layer.10.attention.self.dropout', Dropout(p=0.1, inplace=False), True), ('text_encoder.bert.encoder.layer.10.attention.output.dropout', Dropout(p=0.1, inplace=False), True), ('text_encoder.bert.encoder.layer.10.crossattention.self.dropout', Dropout(p=0.1, inplace=False), True), ('text_encoder.bert.encoder.layer.10.crossattention.output.dropout', Dropout(p=0.1, inplace=False), True), ('text_encoder.bert.encoder.layer.10.output.dropout', Dropout(p=0.1, inplace=False), True), ('text_encoder.bert.encoder.layer.11.attention.self.dropout', Dropout(p=0.1, inplace=False), True), ('text_encoder.bert.encoder.layer.11.attention.output.dropout', Dropout(p=0.1, inplace=False), True), ('text_encoder.bert.encoder.layer.11.crossattention.self.dropout', Dropout(p=0.1, inplace=False), True), ('text_encoder.bert.encoder.layer.11.crossattention.output.dropout', Dropout(p=0.1, inplace=False), True), ('text_encoder.bert.encoder.layer.11.output.dropout', Dropout(p=0.1, inplace=False), True)]
     TTA Require Gradient Params: 
 [('text_encoder.bert.embeddings.LayerNorm.weight', torch.Size([768])), ('text_encoder.bert.embeddings.LayerNorm.bias', torch.Size([768])), ('text_encoder.bert.encoder.layer.6.attention.output.LayerNorm.weight', torch.Size([768])), ('text_encoder.bert.encoder.layer.6.attention.output.LayerNorm.bias', torch.Size([768])), ('text_encoder.bert.encoder.layer.6.crossattention.output.LayerNorm.weight', torch.Size([768])), ('text_encoder.bert.encoder.layer.6.crossattention.output.LayerNorm.bias', torch.Size([768])), ('text_encoder.bert.encoder.layer.6.output.LayerNorm.weight', torch.Size([768])), ('text_encoder.bert.encoder.layer.6.output.LayerNorm.bias', torch.Size([768])), ('text_encoder.bert.encoder.layer.7.attention.output.LayerNorm.weight', torch.Size([768])), ('text_encoder.bert.encoder.layer.7.attention.output.LayerNorm.bias', torch.Size([768])), ('text_encoder.bert.encoder.layer.7.crossattention.output.LayerNorm.weight', torch.Size([768])), ('text_encoder.bert.encoder.layer.7.crossattention.output.LayerNorm.bias', torch.Size([768])), ('text_encoder.bert.encoder.layer.7.output.LayerNorm.weight', torch.Size([768])), ('text_encoder.bert.encoder.layer.7.output.LayerNorm.bias', torch.Size([768])), ('text_encoder.bert.encoder.layer.8.attention.output.LayerNorm.weight', torch.Size([768])), ('text_encoder.bert.encoder.layer.8.attention.output.LayerNorm.bias', torch.Size([768])), ('text_encoder.bert.encoder.layer.8.crossattention.output.LayerNorm.weight', torch.Size([768])), ('text_encoder.bert.encoder.layer.8.crossattention.output.LayerNorm.bias', torch.Size([768])), ('text_encoder.bert.encoder.layer.8.output.LayerNorm.weight', torch.Size([768])), ('text_encoder.bert.encoder.layer.8.output.LayerNorm.bias', torch.Size([768])), ('text_encoder.bert.encoder.layer.9.attention.output.LayerNorm.weight', torch.Size([768])), ('text_encoder.bert.encoder.layer.9.attention.output.LayerNorm.bias', torch.Size([768])), ('text_encoder.bert.encoder.layer.9.crossattention.output.LayerNorm.weight', torch.Size([768])), ('text_encoder.bert.encoder.layer.9.crossattention.output.LayerNorm.bias', torch.Size([768])), ('text_encoder.bert.encoder.layer.9.output.LayerNorm.weight', torch.Size([768])), ('text_encoder.bert.encoder.layer.9.output.LayerNorm.bias', torch.Size([768])), ('text_encoder.bert.encoder.layer.10.attention.output.LayerNorm.weight', torch.Size([768])), ('text_encoder.bert.encoder.layer.10.attention.output.LayerNorm.bias', torch.Size([768])), ('text_encoder.bert.encoder.layer.10.crossattention.output.LayerNorm.weight', torch.Size([768])), ('text_encoder.bert.encoder.layer.10.crossattention.output.LayerNorm.bias', torch.Size([768])), ('text_encoder.bert.encoder.layer.10.output.LayerNorm.weight', torch.Size([768])), ('text_encoder.bert.encoder.layer.10.output.LayerNorm.bias', torch.Size([768])), ('text_encoder.bert.encoder.layer.11.attention.output.LayerNorm.weight', torch.Size([768])), ('text_encoder.bert.encoder.layer.11.attention.output.LayerNorm.bias', torch.Size([768])), ('text_encoder.bert.encoder.layer.11.crossattention.output.LayerNorm.weight', torch.Size([768])), ('text_encoder.bert.encoder.layer.11.crossattention.output.LayerNorm.bias', torch.Size([768])), ('text_encoder.bert.encoder.layer.11.output.LayerNorm.weight', torch.Size([768])), ('text_encoder.bert.encoder.layer.11.output.LayerNorm.bias', torch.Size([768])), ('text_encoder.cls.predictions.transform.LayerNorm.weight', torch.Size([768])), ('text_encoder.cls.predictions.transform.LayerNorm.bias', torch.Size([768])), ('itm_head.1.weight', torch.Size([1536])), ('itm_head.1.bias', torch.Size([1536]))]
     TTA Dropout Modules Number: 
 122
     TTA Require Gradient Params Sum: 
 33792
     lr:  0.001    lr_mult:  2
     model has 'init_params',  363
     num_tta_steps:  11550
     num_warmup_steps:  100
     sched: step
### Start ITM Test Time Adaptation
      TTA Epoch: [0] [  0/384]  eta: 0:04:30  lr: 0.000010  entropy: 1.0100  loss: 3.0637  time: 0.7045  data: 0.4535  max mem: 5880
      TTA Epoch: [0] [100/384]  eta: 0:00:19  lr: 0.001000  entropy: 0.4026  loss: 2.8402  time: 0.0600  data: 0.0001  max mem: 5880
      TTA Epoch: [0] [200/384]  eta: 0:00:11  lr: 0.000991  entropy: 0.2187  loss: 2.7712  time: 0.0473  data: 0.0001  max mem: 5880
      TTA Epoch: [0] [300/384]  eta: 0:00:04  lr: 0.000982  entropy: 0.2608  loss: 2.7861  time: 0.0459  data: 0.0001  max mem: 5880
      TTA Epoch: [0] [383/384]  eta: 0:00:00  lr: 0.000975  entropy: 0.1214  loss: 2.7349  time: 0.0431  data: 0.0001  max mem: 5880
      TTA Epoch: [0] Total time: 0:00:21 (0.0555 s / it)
     Averaged stats: lr: 0.0009  entropy: 0.3889  loss: 2.8339
     itm tta time 0:00:21
     Computing matching score
      ITM Evaluation: [   0/6156]  eta: 0:04:08    time: 0.0403  data: 0.0058  max mem: 5880
      ITM Evaluation: [ 100/6156]  eta: 0:03:49    time: 0.0379  data: 0.0000  max mem: 5880
      ITM Evaluation: [ 200/6156]  eta: 0:03:47    time: 0.0398  data: 0.0000  max mem: 5880
      ITM Evaluation: [ 300/6156]  eta: 0:03:42    time: 0.0359  data: 0.0000  max mem: 5880
      ITM Evaluation: [ 400/6156]  eta: 0:03:36    time: 0.0362  data: 0.0000  max mem: 5880
      ITM Evaluation: [ 500/6156]  eta: 0:03:31    time: 0.0360  data: 0.0000  max mem: 5880
      ITM Evaluation: [ 600/6156]  eta: 0:03:26    time: 0.0366  data: 0.0000  max mem: 5880
      ITM Evaluation: [ 700/6156]  eta: 0:03:21    time: 0.0357  data: 0.0000  max mem: 5880
      ITM Evaluation: [ 800/6156]  eta: 0:03:17    time: 0.0360  data: 0.0000  max mem: 5880
      ITM Evaluation: [ 900/6156]  eta: 0:03:13    time: 0.0355  data: 0.0000  max mem: 5880
      ITM Evaluation: [1000/6156]  eta: 0:03:09    time: 0.0360  data: 0.0000  max mem: 5880
      ITM Evaluation: [1100/6156]  eta: 0:03:05    time: 0.0364  data: 0.0000  max mem: 5880
      ITM Evaluation: [1200/6156]  eta: 0:03:01    time: 0.0386  data: 0.0000  max mem: 5880
      ITM Evaluation: [1300/6156]  eta: 0:02:58    time: 0.0390  data: 0.0000  max mem: 5880
      ITM Evaluation: [1400/6156]  eta: 0:02:55    time: 0.0373  data: 0.0000  max mem: 5880
      ITM Evaluation: [1500/6156]  eta: 0:02:51    time: 0.0382  data: 0.0000  max mem: 5880
      ITM Evaluation: [1600/6156]  eta: 0:02:48    time: 0.0373  data: 0.0000  max mem: 5880
      ITM Evaluation: [1700/6156]  eta: 0:02:44    time: 0.0352  data: 0.0000  max mem: 5880
      ITM Evaluation: [1800/6156]  eta: 0:02:40    time: 0.0355  data: 0.0000  max mem: 5880
      ITM Evaluation: [1900/6156]  eta: 0:02:36    time: 0.0342  data: 0.0000  max mem: 5880
      ITM Evaluation: [2000/6156]  eta: 0:02:32    time: 0.0352  data: 0.0000  max mem: 5880
      ITM Evaluation: [2100/6156]  eta: 0:02:28    time: 0.0355  data: 0.0000  max mem: 5880
      ITM Evaluation: [2200/6156]  eta: 0:02:24    time: 0.0354  data: 0.0000  max mem: 5880
      ITM Evaluation: [2300/6156]  eta: 0:02:20    time: 0.0357  data: 0.0000  max mem: 5880
      ITM Evaluation: [2400/6156]  eta: 0:02:17    time: 0.0352  data: 0.0000  max mem: 5880
      ITM Evaluation: [2500/6156]  eta: 0:02:13    time: 0.0356  data: 0.0000  max mem: 5880
      ITM Evaluation: [2600/6156]  eta: 0:02:09    time: 0.0389  data: 0.0000  max mem: 5880
      ITM Evaluation: [2700/6156]  eta: 0:02:06    time: 0.0391  data: 0.0000  max mem: 5880
      ITM Evaluation: [2800/6156]  eta: 0:02:02    time: 0.0361  data: 0.0000  max mem: 5880
      ITM Evaluation: [2900/6156]  eta: 0:01:59    time: 0.0362  data: 0.0000  max mem: 5880
      ITM Evaluation: [3000/6156]  eta: 0:01:55    time: 0.0324  data: 0.0000  max mem: 5880
      ITM Evaluation: [3100/6156]  eta: 0:01:51    time: 0.0321  data: 0.0000  max mem: 5880
      ITM Evaluation: [3200/6156]  eta: 0:01:47    time: 0.0319  data: 0.0000  max mem: 5880
      ITM Evaluation: [3300/6156]  eta: 0:01:43    time: 0.0313  data: 0.0000  max mem: 5880
      ITM Evaluation: [3400/6156]  eta: 0:01:39    time: 0.0334  data: 0.0000  max mem: 5880
      ITM Evaluation: [3500/6156]  eta: 0:01:35    time: 0.0330  data: 0.0000  max mem: 5880
      ITM Evaluation: [3600/6156]  eta: 0:01:31    time: 0.0319  data: 0.0000  max mem: 5880
      ITM Evaluation: [3700/6156]  eta: 0:01:27    time: 0.0325  data: 0.0000  max mem: 5880
      ITM Evaluation: [3800/6156]  eta: 0:01:24    time: 0.0348  data: 0.0000  max mem: 5880
      ITM Evaluation: [3900/6156]  eta: 0:01:20    time: 0.0345  data: 0.0000  max mem: 5880
      ITM Evaluation: [4000/6156]  eta: 0:01:16    time: 0.0345  data: 0.0000  max mem: 5880
      ITM Evaluation: [4100/6156]  eta: 0:01:13    time: 0.0324  data: 0.0000  max mem: 5880
      ITM Evaluation: [4200/6156]  eta: 0:01:09    time: 0.0320  data: 0.0000  max mem: 5880
      ITM Evaluation: [4300/6156]  eta: 0:01:05    time: 0.0340  data: 0.0000  max mem: 5880
      ITM Evaluation: [4400/6156]  eta: 0:01:02    time: 0.0349  data: 0.0000  max mem: 5880
      ITM Evaluation: [4500/6156]  eta: 0:00:58    time: 0.0339  data: 0.0000  max mem: 5880
      ITM Evaluation: [4600/6156]  eta: 0:00:55    time: 0.0341  data: 0.0000  max mem: 5880
      ITM Evaluation: [4700/6156]  eta: 0:00:51    time: 0.0344  data: 0.0000  max mem: 5880
      ITM Evaluation: [4800/6156]  eta: 0:00:47    time: 0.0338  data: 0.0000  max mem: 5880
      ITM Evaluation: [4900/6156]  eta: 0:00:44    time: 0.0321  data: 0.0000  max mem: 5880
      ITM Evaluation: [5000/6156]  eta: 0:00:40    time: 0.0340  data: 0.0000  max mem: 5880
      ITM Evaluation: [5100/6156]  eta: 0:00:37    time: 0.0337  data: 0.0000  max mem: 5880
      ITM Evaluation: [5200/6156]  eta: 0:00:33    time: 0.0345  data: 0.0000  max mem: 5880
      ITM Evaluation: [5300/6156]  eta: 0:00:30    time: 0.0328  data: 0.0000  max mem: 5880
      ITM Evaluation: [5400/6156]  eta: 0:00:26    time: 0.0325  data: 0.0000  max mem: 5880
      ITM Evaluation: [5500/6156]  eta: 0:00:22    time: 0.0315  data: 0.0000  max mem: 5880
      ITM Evaluation: [5600/6156]  eta: 0:00:19    time: 0.0321  data: 0.0000  max mem: 5880
      ITM Evaluation: [5700/6156]  eta: 0:00:15    time: 0.0323  data: 0.0000  max mem: 5880
      ITM Evaluation: [5800/6156]  eta: 0:00:12    time: 0.0326  data: 0.0000  max mem: 5880
      ITM Evaluation: [5900/6156]  eta: 0:00:08    time: 0.0319  data: 0.0000  max mem: 5880
      ITM Evaluation: [6000/6156]  eta: 0:00:05    time: 0.0330  data: 0.0000  max mem: 5880
      ITM Evaluation: [6100/6156]  eta: 0:00:01    time: 0.0334  data: 0.0000  max mem: 5880
      ITM Evaluation: [6155/6156]  eta: 0:00:00    time: 0.0327  data: 0.0000  max mem: 5880
      ITM Evaluation: Total time: 0:03:34 (0.0348 s / it)
     total_time 214.09870743751526
     Computing matching score time 0:03:34
### TTA ITM Score: 
+-------+--------+--------+--------+--------+--------+
| epoch |   R1   |   R5   |  R10   |  mAP   |  mINP  |
+-------+--------+--------+--------+--------+--------+
|  -999 | 70.760 | 87.378 | 92.268 | 63.849 | 48.174 |
|  -999 | 76.170 | 89.457 | 93.600 | 65.570 | 47.372 |
|   0   | 69.672 | 88.564 | 92.982 | 62.595 | 45.854 |
+-------+--------+--------+--------+--------+--------+
     logs:  {'epo': 0, 'R1': 69.672, 'R5': 88.564, 'R10': 92.982, 'mAP': 62.595, 'mINP': 45.854, 'lr': 0.000862, 'entropy': 0.388852, 'loss': 2.833933}
      TTA Epoch: [1] [  0/384]  eta: 0:04:13  lr: 0.000975  entropy: 0.1779  loss: 2.7562  time: 0.6611  data: 0.5381  max mem: 5880
      TTA Epoch: [1] [100/384]  eta: 0:00:17  lr: 0.000483  entropy: 0.2206  loss: 2.7717  time: 0.0531  data: 0.0002  max mem: 5880
      TTA Epoch: [1] [200/384]  eta: 0:00:10  lr: 0.000479  entropy: 0.2792  loss: 2.7925  time: 0.0473  data: 0.0001  max mem: 5880
      TTA Epoch: [1] [300/384]  eta: 0:00:04  lr: 0.000474  entropy: 0.2066  loss: 2.7665  time: 0.0589  data: 0.0001  max mem: 5880
      TTA Epoch: [1] [383/384]  eta: 0:00:00  lr: 0.000188  entropy: 0.2866  loss: 2.7959  time: 0.0582  data: 0.0002  max mem: 5880
      TTA Epoch: [1] Total time: 0:00:20 (0.0545 s / it)
     Averaged stats: lr: 0.0004  entropy: 0.2242  loss: 2.7727
     itm tta time 0:00:21
     Computing matching score
      ITM Evaluation: [   0/6156]  eta: 0:03:59    time: 0.0390  data: 0.0068  max mem: 5880
      ITM Evaluation: [ 100/6156]  eta: 0:03:16    time: 0.0323  data: 0.0000  max mem: 5880
      ITM Evaluation: [ 200/6156]  eta: 0:03:14    time: 0.0339  data: 0.0000  max mem: 5880
      ITM Evaluation: [ 300/6156]  eta: 0:03:11    time: 0.0330  data: 0.0000  max mem: 5880
      ITM Evaluation: [ 400/6156]  eta: 0:03:08    time: 0.0327  data: 0.0000  max mem: 5880
      ITM Evaluation: [ 500/6156]  eta: 0:03:05    time: 0.0329  data: 0.0000  max mem: 5880
      ITM Evaluation: [ 600/6156]  eta: 0:03:02    time: 0.0332  data: 0.0000  max mem: 5880
      ITM Evaluation: [ 700/6156]  eta: 0:02:59    time: 0.0332  data: 0.0000  max mem: 5880
      ITM Evaluation: [ 800/6156]  eta: 0:02:56    time: 0.0322  data: 0.0000  max mem: 5880
      ITM Evaluation: [ 900/6156]  eta: 0:02:52    time: 0.0328  data: 0.0000  max mem: 5880
      ITM Evaluation: [1000/6156]  eta: 0:02:50    time: 0.0339  data: 0.0000  max mem: 5880
      ITM Evaluation: [1100/6156]  eta: 0:02:48    time: 0.0367  data: 0.0000  max mem: 5880
      ITM Evaluation: [1200/6156]  eta: 0:02:46    time: 0.0364  data: 0.0000  max mem: 5880
      ITM Evaluation: [1300/6156]  eta: 0:02:43    time: 0.0329  data: 0.0000  max mem: 5880
      ITM Evaluation: [1400/6156]  eta: 0:02:40    time: 0.0333  data: 0.0000  max mem: 5880
      ITM Evaluation: [1500/6156]  eta: 0:02:36    time: 0.0333  data: 0.0000  max mem: 5880
      ITM Evaluation: [1600/6156]  eta: 0:02:32    time: 0.0329  data: 0.0000  max mem: 5880
      ITM Evaluation: [1700/6156]  eta: 0:02:29    time: 0.0323  data: 0.0000  max mem: 5880
      ITM Evaluation: [1800/6156]  eta: 0:02:25    time: 0.0328  data: 0.0000  max mem: 5880
      ITM Evaluation: [1900/6156]  eta: 0:02:22    time: 0.0334  data: 0.0000  max mem: 5880
      ITM Evaluation: [2000/6156]  eta: 0:02:18    time: 0.0330  data: 0.0000  max mem: 5880
      ITM Evaluation: [2100/6156]  eta: 0:02:15    time: 0.0323  data: 0.0000  max mem: 5880
      ITM Evaluation: [2200/6156]  eta: 0:02:11    time: 0.0333  data: 0.0000  max mem: 5880
      ITM Evaluation: [2300/6156]  eta: 0:02:08    time: 0.0352  data: 0.0000  max mem: 5880
      ITM Evaluation: [2400/6156]  eta: 0:02:05    time: 0.0353  data: 0.0000  max mem: 5880
      ITM Evaluation: [2500/6156]  eta: 0:02:02    time: 0.0325  data: 0.0000  max mem: 5880
      ITM Evaluation: [2600/6156]  eta: 0:01:58    time: 0.0329  data: 0.0000  max mem: 5880
      ITM Evaluation: [2700/6156]  eta: 0:01:55    time: 0.0323  data: 0.0000  max mem: 5880
      ITM Evaluation: [2800/6156]  eta: 0:01:51    time: 0.0323  data: 0.0000  max mem: 5880
      ITM Evaluation: [2900/6156]  eta: 0:01:48    time: 0.0325  data: 0.0000  max mem: 5880
      ITM Evaluation: [3000/6156]  eta: 0:01:45    time: 0.0333  data: 0.0000  max mem: 5880
      ITM Evaluation: [3100/6156]  eta: 0:01:41    time: 0.0313  data: 0.0000  max mem: 5880
      ITM Evaluation: [3200/6156]  eta: 0:01:38    time: 0.0323  data: 0.0000  max mem: 5880
      ITM Evaluation: [3300/6156]  eta: 0:01:35    time: 0.0334  data: 0.0000  max mem: 5880
      ITM Evaluation: [3400/6156]  eta: 0:01:31    time: 0.0328  data: 0.0000  max mem: 5880
      ITM Evaluation: [3500/6156]  eta: 0:01:28    time: 0.0342  data: 0.0000  max mem: 5880
      ITM Evaluation: [3600/6156]  eta: 0:01:25    time: 0.0343  data: 0.0000  max mem: 5880
      ITM Evaluation: [3700/6156]  eta: 0:01:21    time: 0.0327  data: 0.0000  max mem: 5880
      ITM Evaluation: [3800/6156]  eta: 0:01:18    time: 0.0319  data: 0.0000  max mem: 5880
      ITM Evaluation: [3900/6156]  eta: 0:01:15    time: 0.0329  data: 0.0000  max mem: 5880
      ITM Evaluation: [4000/6156]  eta: 0:01:11    time: 0.0327  data: 0.0000  max mem: 5880
      ITM Evaluation: [4100/6156]  eta: 0:01:08    time: 0.0328  data: 0.0000  max mem: 5880
      ITM Evaluation: [4200/6156]  eta: 0:01:05    time: 0.0335  data: 0.0000  max mem: 5880
      ITM Evaluation: [4300/6156]  eta: 0:01:01    time: 0.0333  data: 0.0000  max mem: 5880
      ITM Evaluation: [4400/6156]  eta: 0:00:58    time: 0.0323  data: 0.0000  max mem: 5880
      ITM Evaluation: [4500/6156]  eta: 0:00:54    time: 0.0323  data: 0.0000  max mem: 5880
      ITM Evaluation: [4600/6156]  eta: 0:00:51    time: 0.0328  data: 0.0000  max mem: 5880
      ITM Evaluation: [4700/6156]  eta: 0:00:48    time: 0.0327  data: 0.0000  max mem: 5880
      ITM Evaluation: [4800/6156]  eta: 0:00:45    time: 0.0343  data: 0.0000  max mem: 5880
      ITM Evaluation: [4900/6156]  eta: 0:00:41    time: 0.0355  data: 0.0000  max mem: 5880
      ITM Evaluation: [5000/6156]  eta: 0:00:38    time: 0.0349  data: 0.0000  max mem: 5880
      ITM Evaluation: [5100/6156]  eta: 0:00:35    time: 0.0360  data: 0.0000  max mem: 5880
      ITM Evaluation: [5200/6156]  eta: 0:00:31    time: 0.0316  data: 0.0000  max mem: 5880
      ITM Evaluation: [5300/6156]  eta: 0:00:28    time: 0.0343  data: 0.0000  max mem: 5880
      ITM Evaluation: [5400/6156]  eta: 0:00:25    time: 0.0323  data: 0.0000  max mem: 5880
      ITM Evaluation: [5500/6156]  eta: 0:00:21    time: 0.0327  data: 0.0000  max mem: 5880
      ITM Evaluation: [5600/6156]  eta: 0:00:18    time: 0.0322  data: 0.0000  max mem: 5880
      ITM Evaluation: [5700/6156]  eta: 0:00:15    time: 0.0326  data: 0.0000  max mem: 5880
      ITM Evaluation: [5800/6156]  eta: 0:00:11    time: 0.0324  data: 0.0000  max mem: 5880
      ITM Evaluation: [5900/6156]  eta: 0:00:08    time: 0.0327  data: 0.0000  max mem: 5880
      ITM Evaluation: [6000/6156]  eta: 0:00:05    time: 0.0332  data: 0.0000  max mem: 5880
      ITM Evaluation: [6100/6156]  eta: 0:00:01    time: 0.0327  data: 0.0000  max mem: 5880
      ITM Evaluation: [6155/6156]  eta: 0:00:00    time: 0.0352  data: 0.0000  max mem: 5880
      ITM Evaluation: Total time: 0:03:24 (0.0333 s / it)
     total_time 204.77924227714539
     Computing matching score time 0:03:24
### TTA ITM Score: 
+-------+--------+--------+--------+--------+--------+
| epoch |   R1   |   R5   |  R10   |  mAP   |  mINP  |
+-------+--------+--------+--------+--------+--------+
|  -999 | 70.760 | 87.378 | 92.268 | 63.849 | 48.174 |
|  -999 | 76.170 | 89.457 | 93.600 | 65.570 | 47.372 |
|   0   | 69.672 | 88.564 | 92.982 | 62.595 | 45.854 |
|   1   | 47.888 | 80.994 | 90.286 | 47.353 | 33.589 |
+-------+--------+--------+--------+--------+--------+
     logs:  {'epo': 1, 'R1': 47.888, 'R5': 80.994, 'R10': 90.286, 'mAP': 47.353, 'mINP': 33.589, 'lr': 0.000447, 'entropy': 0.224201, 'loss': 2.772725}
      TTA Epoch: [2] [  0/384]  eta: 0:04:12  lr: 0.000188  entropy: 0.2859  loss: 2.7945  time: 0.6569  data: 0.5449  max mem: 5880
      TTA Epoch: [2] [100/384]  eta: 0:00:15  lr: 0.000187  entropy: 0.2259  loss: 2.7734  time: 0.0473  data: 0.0001  max mem: 5880
      TTA Epoch: [2] [200/384]  eta: 0:00:09  lr: 0.000185  entropy: 0.2155  loss: 2.7697  time: 0.0544  data: 0.0002  max mem: 5880
      TTA Epoch: [2] [300/384]  eta: 0:00:04  lr: 0.000183  entropy: 0.2834  loss: 2.7946  time: 0.0510  data: 0.0002  max mem: 5880
      TTA Epoch: [2] [383/384]  eta: 0:00:00  lr: 0.000182  entropy: 0.1599  loss: 2.7478  time: 0.0455  data: 0.0001  max mem: 5880
      TTA Epoch: [2] Total time: 0:00:20 (0.0534 s / it)
     Averaged stats: lr: 0.0002  entropy: 0.1983  loss: 2.7631
     itm tta time 0:00:20
     Computing matching score
      ITM Evaluation: [   0/6156]  eta: 0:04:25    time: 0.0431  data: 0.0090  max mem: 5880
      ITM Evaluation: [ 100/6156]  eta: 0:03:27    time: 0.0336  data: 0.0000  max mem: 5880
      ITM Evaluation: [ 200/6156]  eta: 0:03:22    time: 0.0324  data: 0.0000  max mem: 5880
      ITM Evaluation: [ 300/6156]  eta: 0:03:16    time: 0.0334  data: 0.0000  max mem: 5880
      ITM Evaluation: [ 400/6156]  eta: 0:03:12    time: 0.0335  data: 0.0000  max mem: 5880
      ITM Evaluation: [ 500/6156]  eta: 0:03:11    time: 0.0358  data: 0.0000  max mem: 5880
      ITM Evaluation: [ 600/6156]  eta: 0:03:09    time: 0.0350  data: 0.0000  max mem: 5880
      ITM Evaluation: [ 700/6156]  eta: 0:03:05    time: 0.0324  data: 0.0000  max mem: 5880
      ITM Evaluation: [ 800/6156]  eta: 0:03:00    time: 0.0325  data: 0.0000  max mem: 5880
      ITM Evaluation: [ 900/6156]  eta: 0:02:56    time: 0.0323  data: 0.0000  max mem: 5880
      ITM Evaluation: [1000/6156]  eta: 0:02:52    time: 0.0324  data: 0.0000  max mem: 5880
      ITM Evaluation: [1100/6156]  eta: 0:02:49    time: 0.0332  data: 0.0000  max mem: 5880
      ITM Evaluation: [1200/6156]  eta: 0:02:45    time: 0.0339  data: 0.0000  max mem: 5880
      ITM Evaluation: [1300/6156]  eta: 0:02:42    time: 0.0332  data: 0.0000  max mem: 5880
      ITM Evaluation: [1400/6156]  eta: 0:02:39    time: 0.0339  data: 0.0000  max mem: 5880
      ITM Evaluation: [1500/6156]  eta: 0:02:36    time: 0.0345  data: 0.0000  max mem: 5880
      ITM Evaluation: [1600/6156]  eta: 0:02:33    time: 0.0366  data: 0.0000  max mem: 5880
      ITM Evaluation: [1700/6156]  eta: 0:02:30    time: 0.0342  data: 0.0000  max mem: 5880
      ITM Evaluation: [1800/6156]  eta: 0:02:28    time: 0.0361  data: 0.0000  max mem: 5880
      ITM Evaluation: [1900/6156]  eta: 0:02:24    time: 0.0334  data: 0.0000  max mem: 5880
      ITM Evaluation: [2000/6156]  eta: 0:02:21    time: 0.0325  data: 0.0000  max mem: 5880
      ITM Evaluation: [2100/6156]  eta: 0:02:17    time: 0.0328  data: 0.0000  max mem: 5880
      ITM Evaluation: [2200/6156]  eta: 0:02:13    time: 0.0320  data: 0.0000  max mem: 5880
      ITM Evaluation: [2300/6156]  eta: 0:02:10    time: 0.0331  data: 0.0000  max mem: 5880
      ITM Evaluation: [2400/6156]  eta: 0:02:07    time: 0.0325  data: 0.0000  max mem: 5880
      ITM Evaluation: [2500/6156]  eta: 0:02:03    time: 0.0325  data: 0.0000  max mem: 5880
      ITM Evaluation: [2600/6156]  eta: 0:02:00    time: 0.0328  data: 0.0000  max mem: 5880
      ITM Evaluation: [2700/6156]  eta: 0:01:56    time: 0.0325  data: 0.0000  max mem: 5880
      ITM Evaluation: [2800/6156]  eta: 0:01:53    time: 0.0342  data: 0.0000  max mem: 5880
      ITM Evaluation: [2900/6156]  eta: 0:01:49    time: 0.0343  data: 0.0000  max mem: 5880
      ITM Evaluation: [3000/6156]  eta: 0:01:46    time: 0.0342  data: 0.0000  max mem: 5880
      ITM Evaluation: [3100/6156]  eta: 0:01:43    time: 0.0332  data: 0.0000  max mem: 5880
      ITM Evaluation: [3200/6156]  eta: 0:01:39    time: 0.0331  data: 0.0000  max mem: 5880
      ITM Evaluation: [3300/6156]  eta: 0:01:36    time: 0.0325  data: 0.0000  max mem: 5880
      ITM Evaluation: [3400/6156]  eta: 0:01:33    time: 0.0329  data: 0.0000  max mem: 5880
      ITM Evaluation: [3500/6156]  eta: 0:01:29    time: 0.0328  data: 0.0000  max mem: 5880
      ITM Evaluation: [3600/6156]  eta: 0:01:26    time: 0.0329  data: 0.0000  max mem: 5880
      ITM Evaluation: [3700/6156]  eta: 0:01:22    time: 0.0328  data: 0.0000  max mem: 5880
      ITM Evaluation: [3800/6156]  eta: 0:01:19    time: 0.0326  data: 0.0000  max mem: 5880
      ITM Evaluation: [3900/6156]  eta: 0:01:15    time: 0.0325  data: 0.0000  max mem: 5880
      ITM Evaluation: [4000/6156]  eta: 0:01:12    time: 0.0327  data: 0.0000  max mem: 5880
      ITM Evaluation: [4100/6156]  eta: 0:01:09    time: 0.0360  data: 0.0000  max mem: 5880
      ITM Evaluation: [4200/6156]  eta: 0:01:05    time: 0.0345  data: 0.0000  max mem: 5880
      ITM Evaluation: [4300/6156]  eta: 0:01:02    time: 0.0331  data: 0.0000  max mem: 5880
      ITM Evaluation: [4400/6156]  eta: 0:00:59    time: 0.0332  data: 0.0000  max mem: 5880
      ITM Evaluation: [4500/6156]  eta: 0:00:55    time: 0.0335  data: 0.0000  max mem: 5880
      ITM Evaluation: [4600/6156]  eta: 0:00:52    time: 0.0335  data: 0.0000  max mem: 5880
      ITM Evaluation: [4700/6156]  eta: 0:00:48    time: 0.0330  data: 0.0000  max mem: 5880
      ITM Evaluation: [4800/6156]  eta: 0:00:45    time: 0.0327  data: 0.0000  max mem: 5880
      ITM Evaluation: [4900/6156]  eta: 0:00:42    time: 0.0327  data: 0.0000  max mem: 5880
      ITM Evaluation: [5000/6156]  eta: 0:00:38    time: 0.0327  data: 0.0000  max mem: 5880
      ITM Evaluation: [5100/6156]  eta: 0:00:35    time: 0.0335  data: 0.0000  max mem: 5880
      ITM Evaluation: [5200/6156]  eta: 0:00:32    time: 0.0325  data: 0.0000  max mem: 5880
      ITM Evaluation: [5300/6156]  eta: 0:00:28    time: 0.0340  data: 0.0000  max mem: 5880
      ITM Evaluation: [5400/6156]  eta: 0:00:25    time: 0.0357  data: 0.0000  max mem: 5880
      ITM Evaluation: [5500/6156]  eta: 0:00:22    time: 0.0351  data: 0.0000  max mem: 5880
      ITM Evaluation: [5600/6156]  eta: 0:00:18    time: 0.0325  data: 0.0000  max mem: 5880
      ITM Evaluation: [5700/6156]  eta: 0:00:15    time: 0.0335  data: 0.0000  max mem: 5880
      ITM Evaluation: [5800/6156]  eta: 0:00:11    time: 0.0330  data: 0.0000  max mem: 5880
      ITM Evaluation: [5900/6156]  eta: 0:00:08    time: 0.0329  data: 0.0000  max mem: 5880
      ITM Evaluation: [6000/6156]  eta: 0:00:05    time: 0.0331  data: 0.0000  max mem: 5880
      ITM Evaluation: [6100/6156]  eta: 0:00:01    time: 0.0326  data: 0.0000  max mem: 5880
      ITM Evaluation: [6155/6156]  eta: 0:00:00    time: 0.0331  data: 0.0000  max mem: 5880
      ITM Evaluation: Total time: 0:03:26 (0.0336 s / it)
     total_time 206.7111930847168
     Computing matching score time 0:03:26
### TTA ITM Score: 
+-------+--------+--------+--------+--------+--------+
| epoch |   R1   |   R5   |  R10   |  mAP   |  mINP  |
+-------+--------+--------+--------+--------+--------+
|  -999 | 70.760 | 87.378 | 92.268 | 63.849 | 48.174 |
|  -999 | 76.170 | 89.457 | 93.600 | 65.570 | 47.372 |
|   0   | 69.672 | 88.564 | 92.982 | 62.595 | 45.854 |
|   1   | 47.888 | 80.994 | 90.286 | 47.353 | 33.589 |
|   2   | 50.991 | 83.415 | 91.537 | 50.399 | 36.168 |
+-------+--------+--------+--------+--------+--------+
     logs:  {'epo': 2, 'R1': 50.991, 'R5': 83.415, 'R10': 91.537, 'mAP': 50.399, 'mINP': 36.168, 'lr': 0.000185, 'entropy': 0.198268, 'loss': 2.763089}
      TTA Epoch: [3] [  0/384]  eta: 0:03:14  lr: 0.000182  entropy: 0.1805  loss: 2.7554  time: 0.5057  data: 0.3938  max mem: 5880
      TTA Epoch: [3] [100/384]  eta: 0:00:19  lr: 0.000180  entropy: 0.1491  loss: 2.7440  time: 0.0624  data: 0.0002  max mem: 5880
      TTA Epoch: [3] [200/384]  eta: 0:00:11  lr: 0.000178  entropy: 0.1683  loss: 2.7514  time: 0.0569  data: 0.0001  max mem: 5880
      TTA Epoch: [3] [300/384]  eta: 0:00:04  lr: 0.000176  entropy: 0.3868  loss: 2.8334  time: 0.0458  data: 0.0001  max mem: 5880
      TTA Epoch: [3] [383/384]  eta: 0:00:00  lr: 0.000175  entropy: 0.1205  loss: 2.7347  time: 0.0447  data: 0.0001  max mem: 5880
      TTA Epoch: [3] Total time: 0:00:21 (0.0550 s / it)
     Averaged stats: lr: 0.0002  entropy: 0.1858  loss: 2.7585
     itm tta time 0:00:21
     Computing matching score
      ITM Evaluation: [   0/6156]  eta: 0:03:54    time: 0.0381  data: 0.0058  max mem: 5880
      ITM Evaluation: [ 100/6156]  eta: 0:03:20    time: 0.0334  data: 0.0000  max mem: 5880
      ITM Evaluation: [ 200/6156]  eta: 0:03:18    time: 0.0346  data: 0.0000  max mem: 5880
      ITM Evaluation: [ 300/6156]  eta: 0:03:16    time: 0.0333  data: 0.0000  max mem: 5880
      ITM Evaluation: [ 400/6156]  eta: 0:03:12    time: 0.0336  data: 0.0000  max mem: 5880
      ITM Evaluation: [ 500/6156]  eta: 0:03:09    time: 0.0330  data: 0.0000  max mem: 5880
      ITM Evaluation: [ 600/6156]  eta: 0:03:05    time: 0.0335  data: 0.0000  max mem: 5880
      ITM Evaluation: [ 700/6156]  eta: 0:03:02    time: 0.0338  data: 0.0000  max mem: 5880
      ITM Evaluation: [ 800/6156]  eta: 0:02:58    time: 0.0333  data: 0.0000  max mem: 5880
      ITM Evaluation: [ 900/6156]  eta: 0:02:56    time: 0.0354  data: 0.0000  max mem: 5880
      ITM Evaluation: [1000/6156]  eta: 0:02:54    time: 0.0375  data: 0.0000  max mem: 5880
      ITM Evaluation: [1100/6156]  eta: 0:02:52    time: 0.0334  data: 0.0000  max mem: 5880
      ITM Evaluation: [1200/6156]  eta: 0:02:48    time: 0.0334  data: 0.0000  max mem: 5880
      ITM Evaluation: [1300/6156]  eta: 0:02:45    time: 0.0336  data: 0.0000  max mem: 5880
      ITM Evaluation: [1400/6156]  eta: 0:02:41    time: 0.0328  data: 0.0000  max mem: 5880
      ITM Evaluation: [1500/6156]  eta: 0:02:37    time: 0.0327  data: 0.0000  max mem: 5880
      ITM Evaluation: [1600/6156]  eta: 0:02:34    time: 0.0333  data: 0.0000  max mem: 5880
      ITM Evaluation: [1700/6156]  eta: 0:02:30    time: 0.0335  data: 0.0000  max mem: 5880
      ITM Evaluation: [1800/6156]  eta: 0:02:27    time: 0.0344  data: 0.0000  max mem: 5880
      ITM Evaluation: [1900/6156]  eta: 0:02:23    time: 0.0333  data: 0.0000  max mem: 5880
      ITM Evaluation: [2000/6156]  eta: 0:02:21    time: 0.0475  data: 0.0000  max mem: 5880
      ITM Evaluation: [2100/6156]  eta: 0:02:17    time: 0.0328  data: 0.0000  max mem: 5880
      ITM Evaluation: [2200/6156]  eta: 0:02:13    time: 0.0305  data: 0.0000  max mem: 5880
      ITM Evaluation: [2300/6156]  eta: 0:02:09    time: 0.0305  data: 0.0000  max mem: 5880
      ITM Evaluation: [2400/6156]  eta: 0:02:06    time: 0.0310  data: 0.0000  max mem: 5880
      ITM Evaluation: [2500/6156]  eta: 0:02:02    time: 0.0312  data: 0.0000  max mem: 5880
      ITM Evaluation: [2600/6156]  eta: 0:01:58    time: 0.0309  data: 0.0000  max mem: 5880
      ITM Evaluation: [2700/6156]  eta: 0:01:55    time: 0.0317  data: 0.0000  max mem: 5880
      ITM Evaluation: [2800/6156]  eta: 0:01:51    time: 0.0319  data: 0.0000  max mem: 5880
      ITM Evaluation: [2900/6156]  eta: 0:01:48    time: 0.0319  data: 0.0000  max mem: 5880
      ITM Evaluation: [3000/6156]  eta: 0:01:44    time: 0.0313  data: 0.0000  max mem: 5880
      ITM Evaluation: [3100/6156]  eta: 0:01:42    time: 0.0611  data: 0.0000  max mem: 5880
      ITM Evaluation: [3200/6156]  eta: 0:01:38    time: 0.0320  data: 0.0000  max mem: 5880
      ITM Evaluation: [3300/6156]  eta: 0:01:35    time: 0.0319  data: 0.0000  max mem: 5880
      ITM Evaluation: [3400/6156]  eta: 0:01:31    time: 0.0320  data: 0.0000  max mem: 5880
      ITM Evaluation: [3500/6156]  eta: 0:01:28    time: 0.0319  data: 0.0000  max mem: 5880
      ITM Evaluation: [3600/6156]  eta: 0:01:24    time: 0.0310  data: 0.0000  max mem: 5880
      ITM Evaluation: [3700/6156]  eta: 0:01:21    time: 0.0311  data: 0.0000  max mem: 5880
      ITM Evaluation: [3800/6156]  eta: 0:01:18    time: 0.0317  data: 0.0000  max mem: 5880
      ITM Evaluation: [3900/6156]  eta: 0:01:14    time: 0.0329  data: 0.0000  max mem: 5880
      ITM Evaluation: [4000/6156]  eta: 0:01:11    time: 0.0327  data: 0.0000  max mem: 5880
      ITM Evaluation: [4100/6156]  eta: 0:01:08    time: 0.0325  data: 0.0000  max mem: 5880
      ITM Evaluation: [4200/6156]  eta: 0:01:04    time: 0.0320  data: 0.0000  max mem: 5880
      ITM Evaluation: [4300/6156]  eta: 0:01:01    time: 0.0339  data: 0.0000  max mem: 5880
      ITM Evaluation: [4400/6156]  eta: 0:00:58    time: 0.0346  data: 0.0000  max mem: 5880
      ITM Evaluation: [4500/6156]  eta: 0:00:55    time: 0.0357  data: 0.0000  max mem: 5880
      ITM Evaluation: [4600/6156]  eta: 0:00:51    time: 0.0351  data: 0.0000  max mem: 5880
      ITM Evaluation: [4700/6156]  eta: 0:00:48    time: 0.0358  data: 0.0000  max mem: 5880
      ITM Evaluation: [4800/6156]  eta: 0:00:45    time: 0.0359  data: 0.0000  max mem: 5880
      ITM Evaluation: [4900/6156]  eta: 0:00:42    time: 0.0365  data: 0.0000  max mem: 5880
      ITM Evaluation: [5000/6156]  eta: 0:00:38    time: 0.0333  data: 0.0000  max mem: 5880
      ITM Evaluation: [5100/6156]  eta: 0:00:35    time: 0.0332  data: 0.0000  max mem: 5880
      ITM Evaluation: [5200/6156]  eta: 0:00:31    time: 0.0324  data: 0.0000  max mem: 5880
      ITM Evaluation: [5300/6156]  eta: 0:00:28    time: 0.0326  data: 0.0000  max mem: 5880
      ITM Evaluation: [5400/6156]  eta: 0:00:25    time: 0.0321  data: 0.0000  max mem: 5880
      ITM Evaluation: [5500/6156]  eta: 0:00:21    time: 0.0321  data: 0.0000  max mem: 5880
      ITM Evaluation: [5600/6156]  eta: 0:00:18    time: 0.0318  data: 0.0000  max mem: 5880
      ITM Evaluation: [5700/6156]  eta: 0:00:15    time: 0.0325  data: 0.0000  max mem: 5880
      ITM Evaluation: [5800/6156]  eta: 0:00:11    time: 0.0330  data: 0.0000  max mem: 5880
      ITM Evaluation: [5900/6156]  eta: 0:00:08    time: 0.0325  data: 0.0000  max mem: 5880
      ITM Evaluation: [6000/6156]  eta: 0:00:05    time: 0.0327  data: 0.0000  max mem: 5880
      ITM Evaluation: [6100/6156]  eta: 0:00:01    time: 0.0323  data: 0.0000  max mem: 5880
      ITM Evaluation: [6155/6156]  eta: 0:00:00    time: 0.0319  data: 0.0000  max mem: 5880
      ITM Evaluation: Total time: 0:03:25 (0.0333 s / it)
     total_time 205.090558052063
     Computing matching score time 0:03:25
### TTA ITM Score: 
+-------+--------+--------+--------+--------+--------+
| epoch |   R1   |   R5   |  R10   |  mAP   |  mINP  |
+-------+--------+--------+--------+--------+--------+
|  -999 | 70.760 | 87.378 | 92.268 | 63.849 | 48.174 |
|  -999 | 76.170 | 89.457 | 93.600 | 65.570 | 47.372 |
|   0   | 69.672 | 88.564 | 92.982 | 62.595 | 45.854 |
|   1   | 47.888 | 80.994 | 90.286 | 47.353 | 33.589 |
|   2   | 50.991 | 83.415 | 91.537 | 50.399 | 36.168 |
|   3   | 55.929 | 86.355 | 92.333 | 54.241 | 38.659 |
+-------+--------+--------+--------+--------+--------+
     logs:  {'epo': 3, 'R1': 55.929, 'R5': 86.355, 'R10': 92.333, 'mAP': 54.241, 'mINP': 38.659, 'lr': 0.000178, 'entropy': 0.185835, 'loss': 2.758467}
      TTA Epoch: [4] [  0/384]  eta: 0:04:32  lr: 0.000175  entropy: 0.1248  loss: 2.7358  time: 0.7098  data: 0.5560  max mem: 5880
      TTA Epoch: [4] [100/384]  eta: 0:00:16  lr: 0.000173  entropy: 0.1338  loss: 2.7391  time: 0.0434  data: 0.0001  max mem: 5880
      TTA Epoch: [4] [200/384]  eta: 0:00:09  lr: 0.000171  entropy: 0.2494  loss: 2.7826  time: 0.0450  data: 0.0001  max mem: 5880
      TTA Epoch: [4] [300/384]  eta: 0:00:04  lr: 0.000170  entropy: 0.1331  loss: 2.7399  time: 0.0523  data: 0.0001  max mem: 5880
      TTA Epoch: [4] [383/384]  eta: 0:00:00  lr: 0.000168  entropy: 0.1494  loss: 2.7453  time: 0.0431  data: 0.0001  max mem: 5880
      TTA Epoch: [4] Total time: 0:00:19 (0.0497 s / it)
     Averaged stats: lr: 0.0002  entropy: 0.1800  loss: 2.7563
     itm tta time 0:00:19
     Computing matching score
      ITM Evaluation: [   0/6156]  eta: 0:04:05    time: 0.0398  data: 0.0067  max mem: 5880
      ITM Evaluation: [ 100/6156]  eta: 0:03:20    time: 0.0330  data: 0.0000  max mem: 5880
      ITM Evaluation: [ 200/6156]  eta: 0:03:18    time: 0.0338  data: 0.0000  max mem: 5880
      ITM Evaluation: [ 300/6156]  eta: 0:03:17    time: 0.0339  data: 0.0000  max mem: 5880
      ITM Evaluation: [ 400/6156]  eta: 0:03:14    time: 0.0335  data: 0.0000  max mem: 5880
      ITM Evaluation: [ 500/6156]  eta: 0:03:11    time: 0.0354  data: 0.0000  max mem: 5880
      ITM Evaluation: [ 600/6156]  eta: 0:03:09    time: 0.0356  data: 0.0000  max mem: 5880
      ITM Evaluation: [ 700/6156]  eta: 0:03:08    time: 0.0376  data: 0.0000  max mem: 5880
      ITM Evaluation: [ 800/6156]  eta: 0:03:05    time: 0.0341  data: 0.0000  max mem: 5880
      ITM Evaluation: [ 900/6156]  eta: 0:03:01    time: 0.0336  data: 0.0000  max mem: 5880
      ITM Evaluation: [1000/6156]  eta: 0:02:57    time: 0.0349  data: 0.0000  max mem: 5880
      ITM Evaluation: [1100/6156]  eta: 0:02:53    time: 0.0335  data: 0.0000  max mem: 5880
      ITM Evaluation: [1200/6156]  eta: 0:02:50    time: 0.0342  data: 0.0000  max mem: 5880
      ITM Evaluation: [1300/6156]  eta: 0:02:46    time: 0.0346  data: 0.0000  max mem: 5880
      ITM Evaluation: [1400/6156]  eta: 0:02:43    time: 0.0356  data: 0.0000  max mem: 5880
      ITM Evaluation: [1500/6156]  eta: 0:02:39    time: 0.0336  data: 0.0000  max mem: 5880
      ITM Evaluation: [1600/6156]  eta: 0:02:36    time: 0.0337  data: 0.0000  max mem: 5880
      ITM Evaluation: [1700/6156]  eta: 0:02:32    time: 0.0338  data: 0.0000  max mem: 5880
      ITM Evaluation: [1800/6156]  eta: 0:02:29    time: 0.0356  data: 0.0000  max mem: 5880
      ITM Evaluation: [1900/6156]  eta: 0:02:26    time: 0.0367  data: 0.0000  max mem: 5880
      ITM Evaluation: [2000/6156]  eta: 0:02:23    time: 0.0365  data: 0.0000  max mem: 5880
      ITM Evaluation: [2100/6156]  eta: 0:02:19    time: 0.0352  data: 0.0000  max mem: 5880
      ITM Evaluation: [2200/6156]  eta: 0:02:16    time: 0.0334  data: 0.0000  max mem: 5880
      ITM Evaluation: [2300/6156]  eta: 0:02:12    time: 0.0338  data: 0.0000  max mem: 5880
      ITM Evaluation: [2400/6156]  eta: 0:02:09    time: 0.0333  data: 0.0000  max mem: 5880
      ITM Evaluation: [2500/6156]  eta: 0:02:05    time: 0.0340  data: 0.0000  max mem: 5880
      ITM Evaluation: [2600/6156]  eta: 0:02:01    time: 0.0344  data: 0.0000  max mem: 5880
      ITM Evaluation: [2700/6156]  eta: 0:01:58    time: 0.0332  data: 0.0000  max mem: 5880
      ITM Evaluation: [2800/6156]  eta: 0:01:54    time: 0.0343  data: 0.0000  max mem: 5880
      ITM Evaluation: [2900/6156]  eta: 0:01:51    time: 0.0351  data: 0.0000  max mem: 5880
      ITM Evaluation: [3000/6156]  eta: 0:01:48    time: 0.0347  data: 0.0000  max mem: 5880
      ITM Evaluation: [3100/6156]  eta: 0:01:44    time: 0.0361  data: 0.0000  max mem: 5880
      ITM Evaluation: [3200/6156]  eta: 0:01:41    time: 0.0371  data: 0.0000  max mem: 5880
      ITM Evaluation: [3300/6156]  eta: 0:01:38    time: 0.0338  data: 0.0000  max mem: 5880
      ITM Evaluation: [3400/6156]  eta: 0:01:34    time: 0.0339  data: 0.0000  max mem: 5880
      ITM Evaluation: [3500/6156]  eta: 0:01:31    time: 0.0341  data: 0.0000  max mem: 5880
      ITM Evaluation: [3600/6156]  eta: 0:01:27    time: 0.0336  data: 0.0000  max mem: 5880
      ITM Evaluation: [3700/6156]  eta: 0:01:24    time: 0.0338  data: 0.0000  max mem: 5880
      ITM Evaluation: [3800/6156]  eta: 0:01:20    time: 0.0333  data: 0.0000  max mem: 5880
      ITM Evaluation: [3900/6156]  eta: 0:01:17    time: 0.0339  data: 0.0000  max mem: 5880
      ITM Evaluation: [4000/6156]  eta: 0:01:13    time: 0.0347  data: 0.0000  max mem: 5880
      ITM Evaluation: [4100/6156]  eta: 0:01:10    time: 0.0346  data: 0.0000  max mem: 5880
      ITM Evaluation: [4200/6156]  eta: 0:01:07    time: 0.0338  data: 0.0000  max mem: 5880
      ITM Evaluation: [4300/6156]  eta: 0:01:03    time: 0.0361  data: 0.0000  max mem: 5880
      ITM Evaluation: [4400/6156]  eta: 0:01:00    time: 0.0359  data: 0.0000  max mem: 5880
      ITM Evaluation: [4500/6156]  eta: 0:00:57    time: 0.0377  data: 0.0000  max mem: 5880
      ITM Evaluation: [4600/6156]  eta: 0:00:53    time: 0.0341  data: 0.0000  max mem: 5880
      ITM Evaluation: [4700/6156]  eta: 0:00:50    time: 0.0340  data: 0.0000  max mem: 5880
      ITM Evaluation: [4800/6156]  eta: 0:00:46    time: 0.0335  data: 0.0000  max mem: 5880
      ITM Evaluation: [4900/6156]  eta: 0:00:43    time: 0.0335  data: 0.0000  max mem: 5880
      ITM Evaluation: [5000/6156]  eta: 0:00:39    time: 0.0347  data: 0.0000  max mem: 5880
      ITM Evaluation: [5100/6156]  eta: 0:00:36    time: 0.0336  data: 0.0000  max mem: 5880
      ITM Evaluation: [5200/6156]  eta: 0:00:32    time: 0.0344  data: 0.0000  max mem: 5880
      ITM Evaluation: [5300/6156]  eta: 0:00:29    time: 0.0341  data: 0.0000  max mem: 5880
      ITM Evaluation: [5400/6156]  eta: 0:00:25    time: 0.0333  data: 0.0000  max mem: 5880
      ITM Evaluation: [5500/6156]  eta: 0:00:22    time: 0.0362  data: 0.0000  max mem: 5880
      ITM Evaluation: [5600/6156]  eta: 0:00:19    time: 0.0386  data: 0.0000  max mem: 5880
      ITM Evaluation: [5700/6156]  eta: 0:00:15    time: 0.0376  data: 0.0000  max mem: 5880
      ITM Evaluation: [5800/6156]  eta: 0:00:12    time: 0.0355  data: 0.0000  max mem: 5880
      ITM Evaluation: [5900/6156]  eta: 0:00:08    time: 0.0348  data: 0.0000  max mem: 5880
      ITM Evaluation: [6000/6156]  eta: 0:00:05    time: 0.0354  data: 0.0000  max mem: 5880
      ITM Evaluation: [6100/6156]  eta: 0:00:01    time: 0.0325  data: 0.0000  max mem: 5880
      ITM Evaluation: [6155/6156]  eta: 0:00:00    time: 0.0337  data: 0.0000  max mem: 5880
      ITM Evaluation: Total time: 0:03:32 (0.0345 s / it)
     total_time 212.56465101242065
     Computing matching score time 0:03:32
### TTA ITM Score: 
+-------+--------+--------+--------+--------+--------+
| epoch |   R1   |   R5   |  R10   |  mAP   |  mINP  |
+-------+--------+--------+--------+--------+--------+
|  -999 | 70.760 | 87.378 | 92.268 | 63.849 | 48.174 |
|  -999 | 76.170 | 89.457 | 93.600 | 65.570 | 47.372 |
|   0   | 69.672 | 88.564 | 92.982 | 62.595 | 45.854 |
|   1   | 47.888 | 80.994 | 90.286 | 47.353 | 33.589 |
|   2   | 50.991 | 83.415 | 91.537 | 50.399 | 36.168 |
|   3   | 55.929 | 86.355 | 92.333 | 54.241 | 38.659 |
|   4   | 42.235 | 79.370 | 90.091 | 45.742 | 33.681 |
+-------+--------+--------+--------+--------+--------+
     logs:  {'epo': 4, 'R1': 42.235, 'R5': 79.37, 'R10': 90.091, 'mAP': 45.742, 'mINP': 33.681, 'lr': 0.000172, 'entropy': 0.180048, 'loss': 2.756319}
      TTA Epoch: [5] [  0/384]  eta: 0:03:47  lr: 0.000168  entropy: 0.0762  loss: 2.7186  time: 0.5925  data: 0.4306  max mem: 5880
      TTA Epoch: [5] [100/384]  eta: 0:00:15  lr: 0.000166  entropy: 0.1651  loss: 2.7519  time: 0.0475  data: 0.0002  max mem: 5880
      TTA Epoch: [5] [200/384]  eta: 0:00:09  lr: 0.000165  entropy: 0.1810  loss: 2.7576  time: 0.0457  data: 0.0001  max mem: 5880
      TTA Epoch: [5] [300/384]  eta: 0:00:04  lr: 0.000163  entropy: 0.3027  loss: 2.8024  time: 0.0472  data: 0.0001  max mem: 5880
      TTA Epoch: [5] [383/384]  eta: 0:00:00  lr: 0.000162  entropy: 0.2149  loss: 2.7695  time: 0.0451  data: 0.0001  max mem: 5880
      TTA Epoch: [5] Total time: 0:00:18 (0.0487 s / it)
     Averaged stats: lr: 0.0002  entropy: 0.1756  loss: 2.7547
     itm tta time 0:00:18
     Computing matching score
      ITM Evaluation: [   0/6156]  eta: 0:05:24    time: 0.0526  data: 0.0117  max mem: 5880
      ITM Evaluation: [ 100/6156]  eta: 0:03:34    time: 0.0352  data: 0.0000  max mem: 5880
      ITM Evaluation: [ 200/6156]  eta: 0:03:30    time: 0.0342  data: 0.0000  max mem: 5880
      ITM Evaluation: [ 300/6156]  eta: 0:03:26    time: 0.0321  data: 0.0000  max mem: 5880
      ITM Evaluation: [ 400/6156]  eta: 0:03:19    time: 0.0338  data: 0.0000  max mem: 5880
      ITM Evaluation: [ 500/6156]  eta: 0:03:15    time: 0.0325  data: 0.0000  max mem: 5880
      ITM Evaluation: [ 600/6156]  eta: 0:03:10    time: 0.0334  data: 0.0000  max mem: 5880
      ITM Evaluation: [ 700/6156]  eta: 0:03:05    time: 0.0328  data: 0.0000  max mem: 5880
      ITM Evaluation: [ 800/6156]  eta: 0:03:01    time: 0.0323  data: 0.0000  max mem: 5880
      ITM Evaluation: [ 900/6156]  eta: 0:02:57    time: 0.0327  data: 0.0000  max mem: 5880
      ITM Evaluation: [1000/6156]  eta: 0:02:53    time: 0.0323  data: 0.0000  max mem: 5880
      ITM Evaluation: [1100/6156]  eta: 0:02:49    time: 0.0323  data: 0.0000  max mem: 5880
      ITM Evaluation: [1200/6156]  eta: 0:02:46    time: 0.0334  data: 0.0000  max mem: 5880
      ITM Evaluation: [1300/6156]  eta: 0:02:42    time: 0.0340  data: 0.0000  max mem: 5880
      ITM Evaluation: [1400/6156]  eta: 0:02:39    time: 0.0333  data: 0.0000  max mem: 5880
      ITM Evaluation: [1500/6156]  eta: 0:02:36    time: 0.0353  data: 0.0000  max mem: 5880
      ITM Evaluation: [1600/6156]  eta: 0:02:33    time: 0.0325  data: 0.0000  max mem: 5880
      ITM Evaluation: [1700/6156]  eta: 0:02:29    time: 0.0328  data: 0.0000  max mem: 5880
      ITM Evaluation: [1800/6156]  eta: 0:02:26    time: 0.0322  data: 0.0000  max mem: 5880
      ITM Evaluation: [1900/6156]  eta: 0:02:22    time: 0.0330  data: 0.0000  max mem: 5880
      ITM Evaluation: [2000/6156]  eta: 0:02:19    time: 0.0327  data: 0.0000  max mem: 5880
      ITM Evaluation: [2100/6156]  eta: 0:02:15    time: 0.0335  data: 0.0000  max mem: 5880
      ITM Evaluation: [2200/6156]  eta: 0:02:12    time: 0.0336  data: 0.0000  max mem: 5880
      ITM Evaluation: [2300/6156]  eta: 0:02:09    time: 0.0327  data: 0.0000  max mem: 5880
      ITM Evaluation: [2400/6156]  eta: 0:02:05    time: 0.0337  data: 0.0000  max mem: 5880
      ITM Evaluation: [2500/6156]  eta: 0:02:02    time: 0.0334  data: 0.0000  max mem: 5880
      ITM Evaluation: [2600/6156]  eta: 0:01:59    time: 0.0358  data: 0.0000  max mem: 5880
      ITM Evaluation: [2700/6156]  eta: 0:01:56    time: 0.0354  data: 0.0000  max mem: 5880
      ITM Evaluation: [2800/6156]  eta: 0:01:52    time: 0.0367  data: 0.0000  max mem: 5880
      ITM Evaluation: [2900/6156]  eta: 0:01:49    time: 0.0323  data: 0.0000  max mem: 5880
      ITM Evaluation: [3000/6156]  eta: 0:01:45    time: 0.0325  data: 0.0000  max mem: 5880
      ITM Evaluation: [3100/6156]  eta: 0:01:42    time: 0.0326  data: 0.0000  max mem: 5880
      ITM Evaluation: [3200/6156]  eta: 0:01:39    time: 0.0324  data: 0.0000  max mem: 5880
      ITM Evaluation: [3300/6156]  eta: 0:01:35    time: 0.0324  data: 0.0000  max mem: 5880
      ITM Evaluation: [3400/6156]  eta: 0:01:32    time: 0.0332  data: 0.0000  max mem: 5880
      ITM Evaluation: [3500/6156]  eta: 0:01:28    time: 0.0335  data: 0.0000  max mem: 5880
      ITM Evaluation: [3600/6156]  eta: 0:01:25    time: 0.0331  data: 0.0000  max mem: 5880
      ITM Evaluation: [3700/6156]  eta: 0:01:22    time: 0.0330  data: 0.0000  max mem: 5880
      ITM Evaluation: [3800/6156]  eta: 0:01:18    time: 0.0331  data: 0.0000  max mem: 5880
      ITM Evaluation: [3900/6156]  eta: 0:01:15    time: 0.0352  data: 0.0000  max mem: 5880
      ITM Evaluation: [4000/6156]  eta: 0:01:12    time: 0.0366  data: 0.0000  max mem: 5880
      ITM Evaluation: [4100/6156]  eta: 0:01:08    time: 0.0350  data: 0.0000  max mem: 5880
      ITM Evaluation: [4200/6156]  eta: 0:01:05    time: 0.0318  data: 0.0000  max mem: 5880
      ITM Evaluation: [4300/6156]  eta: 0:01:02    time: 0.0324  data: 0.0000  max mem: 5880
      ITM Evaluation: [4400/6156]  eta: 0:00:58    time: 0.0324  data: 0.0000  max mem: 5880
      ITM Evaluation: [4500/6156]  eta: 0:00:55    time: 0.0317  data: 0.0000  max mem: 5880
      ITM Evaluation: [4600/6156]  eta: 0:00:52    time: 0.0335  data: 0.0000  max mem: 5880
      ITM Evaluation: [4700/6156]  eta: 0:00:48    time: 0.0330  data: 0.0000  max mem: 5880
      ITM Evaluation: [4800/6156]  eta: 0:00:45    time: 0.0335  data: 0.0000  max mem: 5880
      ITM Evaluation: [4900/6156]  eta: 0:00:41    time: 0.0327  data: 0.0000  max mem: 5880
      ITM Evaluation: [5000/6156]  eta: 0:00:38    time: 0.0334  data: 0.0000  max mem: 5880
      ITM Evaluation: [5100/6156]  eta: 0:00:35    time: 0.0324  data: 0.0000  max mem: 5880
      ITM Evaluation: [5200/6156]  eta: 0:00:31    time: 0.0359  data: 0.0000  max mem: 5880
      ITM Evaluation: [5300/6156]  eta: 0:00:28    time: 0.0351  data: 0.0000  max mem: 5880
      ITM Evaluation: [5400/6156]  eta: 0:00:25    time: 0.0350  data: 0.0000  max mem: 5880
      ITM Evaluation: [5500/6156]  eta: 0:00:21    time: 0.0324  data: 0.0000  max mem: 5880
      ITM Evaluation: [5600/6156]  eta: 0:00:18    time: 0.0325  data: 0.0000  max mem: 5880
      ITM Evaluation: [5700/6156]  eta: 0:00:15    time: 0.0328  data: 0.0000  max mem: 5880
      ITM Evaluation: [5800/6156]  eta: 0:00:11    time: 0.0324  data: 0.0000  max mem: 5880
      ITM Evaluation: [5900/6156]  eta: 0:00:08    time: 0.0329  data: 0.0000  max mem: 5880
      ITM Evaluation: [6000/6156]  eta: 0:00:05    time: 0.0320  data: 0.0000  max mem: 5880
      ITM Evaluation: [6100/6156]  eta: 0:00:01    time: 0.0323  data: 0.0000  max mem: 5880
      ITM Evaluation: [6155/6156]  eta: 0:00:00    time: 0.0325  data: 0.0000  max mem: 5880
      ITM Evaluation: Total time: 0:03:25 (0.0334 s / it)
     total_time 205.652836561203
     Computing matching score time 0:03:25
### TTA ITM Score: 
+-------+--------+--------+--------+--------+--------+
| epoch |   R1   |   R5   |  R10   |  mAP   |  mINP  |
+-------+--------+--------+--------+--------+--------+
|  -999 | 70.760 | 87.378 | 92.268 | 63.849 | 48.174 |
|  -999 | 76.170 | 89.457 | 93.600 | 65.570 | 47.372 |
|   0   | 69.672 | 88.564 | 92.982 | 62.595 | 45.854 |
|   1   | 47.888 | 80.994 | 90.286 | 47.353 | 33.589 |
|   2   | 50.991 | 83.415 | 91.537 | 50.399 | 36.168 |
|   3   | 55.929 | 86.355 | 92.333 | 54.241 | 38.659 |
|   4   | 42.235 | 79.370 | 90.091 | 45.742 | 33.681 |
|   5   | 47.433 | 82.310 | 91.114 | 48.907 | 35.469 |
+-------+--------+--------+--------+--------+--------+
     logs:  {'epo': 5, 'R1': 47.433, 'R5': 82.31, 'R10': 91.114, 'mAP': 48.907, 'mINP': 35.469, 'lr': 0.000165, 'entropy': 0.175606, 'loss': 2.754661}
      TTA Epoch: [6] [  0/384]  eta: 0:03:19  lr: 0.000162  entropy: 0.1561  loss: 2.7481  time: 0.5185  data: 0.4024  max mem: 5880
      TTA Epoch: [6] [100/384]  eta: 0:00:14  lr: 0.000160  entropy: 0.0885  loss: 2.7223  time: 0.0475  data: 0.0001  max mem: 5880
      TTA Epoch: [6] [200/384]  eta: 0:00:10  lr: 0.000158  entropy: 0.2026  loss: 2.7646  time: 0.0665  data: 0.0002  max mem: 5880
      TTA Epoch: [6] [300/384]  eta: 0:00:04  lr: 0.000156  entropy: 0.1044  loss: 2.7284  time: 0.0471  data: 0.0001  max mem: 5880
      TTA Epoch: [6] [383/384]  eta: 0:00:00  lr: 0.000155  entropy: 0.0866  loss: 2.7214  time: 0.0437  data: 0.0001  max mem: 5880
      TTA Epoch: [6] Total time: 0:00:21 (0.0547 s / it)
     Averaged stats: lr: 0.0002  entropy: 0.1641  loss: 2.7504
     itm tta time 0:00:21
     Computing matching score
      ITM Evaluation: [   0/6156]  eta: 0:03:50    time: 0.0374  data: 0.0061  max mem: 5880
      ITM Evaluation: [ 100/6156]  eta: 0:03:18    time: 0.0322  data: 0.0000  max mem: 5880
      ITM Evaluation: [ 200/6156]  eta: 0:03:14    time: 0.0332  data: 0.0000  max mem: 5880
      ITM Evaluation: [ 300/6156]  eta: 0:03:11    time: 0.0330  data: 0.0000  max mem: 5880
      ITM Evaluation: [ 400/6156]  eta: 0:03:08    time: 0.0323  data: 0.0000  max mem: 5880
      ITM Evaluation: [ 500/6156]  eta: 0:03:05    time: 0.0324  data: 0.0000  max mem: 5880
      ITM Evaluation: [ 600/6156]  eta: 0:03:01    time: 0.0327  data: 0.0000  max mem: 5880
      ITM Evaluation: [ 700/6156]  eta: 0:02:58    time: 0.0333  data: 0.0000  max mem: 5880
      ITM Evaluation: [ 800/6156]  eta: 0:02:56    time: 0.0333  data: 0.0000  max mem: 5880
      ITM Evaluation: [ 900/6156]  eta: 0:02:54    time: 0.0350  data: 0.0000  max mem: 5880
      ITM Evaluation: [1000/6156]  eta: 0:02:51    time: 0.0357  data: 0.0000  max mem: 5880
      ITM Evaluation: [1100/6156]  eta: 0:02:48    time: 0.0323  data: 0.0000  max mem: 5880
      ITM Evaluation: [1200/6156]  eta: 0:02:45    time: 0.0332  data: 0.0000  max mem: 5880
      ITM Evaluation: [1300/6156]  eta: 0:02:41    time: 0.0323  data: 0.0000  max mem: 5880
      ITM Evaluation: [1400/6156]  eta: 0:02:38    time: 0.0324  data: 0.0000  max mem: 5880
      ITM Evaluation: [1500/6156]  eta: 0:02:34    time: 0.0322  data: 0.0000  max mem: 5880
      ITM Evaluation: [1600/6156]  eta: 0:02:31    time: 0.0323  data: 0.0000  max mem: 5880
      ITM Evaluation: [1700/6156]  eta: 0:02:27    time: 0.0342  data: 0.0000  max mem: 5880
      ITM Evaluation: [1800/6156]  eta: 0:02:24    time: 0.0337  data: 0.0000  max mem: 5880
      ITM Evaluation: [1900/6156]  eta: 0:02:21    time: 0.0334  data: 0.0000  max mem: 5880
      ITM Evaluation: [2000/6156]  eta: 0:02:18    time: 0.0345  data: 0.0000  max mem: 5880
      ITM Evaluation: [2100/6156]  eta: 0:02:15    time: 0.0370  data: 0.0000  max mem: 5880
      ITM Evaluation: [2200/6156]  eta: 0:02:12    time: 0.0370  data: 0.0000  max mem: 5880
      ITM Evaluation: [2300/6156]  eta: 0:02:09    time: 0.0366  data: 0.0000  max mem: 5880
      ITM Evaluation: [2400/6156]  eta: 0:02:06    time: 0.0359  data: 0.0000  max mem: 5880
      ITM Evaluation: [2500/6156]  eta: 0:02:03    time: 0.0340  data: 0.0000  max mem: 5880
      ITM Evaluation: [2600/6156]  eta: 0:02:00    time: 0.0334  data: 0.0000  max mem: 5880
      ITM Evaluation: [2700/6156]  eta: 0:01:56    time: 0.0328  data: 0.0000  max mem: 5880
      ITM Evaluation: [2800/6156]  eta: 0:01:53    time: 0.0328  data: 0.0000  max mem: 5880
      ITM Evaluation: [2900/6156]  eta: 0:01:49    time: 0.0331  data: 0.0000  max mem: 5880
      ITM Evaluation: [3000/6156]  eta: 0:01:46    time: 0.0322  data: 0.0000  max mem: 5880
      ITM Evaluation: [3100/6156]  eta: 0:01:42    time: 0.0329  data: 0.0000  max mem: 5880
      ITM Evaluation: [3200/6156]  eta: 0:01:39    time: 0.0334  data: 0.0000  max mem: 5880
      ITM Evaluation: [3300/6156]  eta: 0:01:35    time: 0.0327  data: 0.0000  max mem: 5880
      ITM Evaluation: [3400/6156]  eta: 0:01:32    time: 0.0325  data: 0.0000  max mem: 5880
      ITM Evaluation: [3500/6156]  eta: 0:01:29    time: 0.0340  data: 0.0000  max mem: 5880
      ITM Evaluation: [3600/6156]  eta: 0:01:25    time: 0.0360  data: 0.0000  max mem: 5880
      ITM Evaluation: [3700/6156]  eta: 0:01:22    time: 0.0328  data: 0.0000  max mem: 5880
      ITM Evaluation: [3800/6156]  eta: 0:01:19    time: 0.0323  data: 0.0000  max mem: 5880
      ITM Evaluation: [3900/6156]  eta: 0:01:15    time: 0.0317  data: 0.0000  max mem: 5880
      ITM Evaluation: [4000/6156]  eta: 0:01:12    time: 0.0325  data: 0.0000  max mem: 5880
      ITM Evaluation: [4100/6156]  eta: 0:01:08    time: 0.0324  data: 0.0000  max mem: 5880
      ITM Evaluation: [4200/6156]  eta: 0:01:05    time: 0.0336  data: 0.0000  max mem: 5880
      ITM Evaluation: [4300/6156]  eta: 0:01:02    time: 0.0325  data: 0.0000  max mem: 5880
      ITM Evaluation: [4400/6156]  eta: 0:00:58    time: 0.0327  data: 0.0000  max mem: 5880
      ITM Evaluation: [4500/6156]  eta: 0:00:55    time: 0.0328  data: 0.0000  max mem: 5880
      ITM Evaluation: [4600/6156]  eta: 0:00:52    time: 0.0324  data: 0.0000  max mem: 5880
      ITM Evaluation: [4700/6156]  eta: 0:00:48    time: 0.0325  data: 0.0000  max mem: 5880
      ITM Evaluation: [4800/6156]  eta: 0:00:45    time: 0.0356  data: 0.0000  max mem: 5880
      ITM Evaluation: [4900/6156]  eta: 0:00:42    time: 0.0357  data: 0.0000  max mem: 5880
      ITM Evaluation: [5000/6156]  eta: 0:00:38    time: 0.0334  data: 0.0000  max mem: 5880
      ITM Evaluation: [5100/6156]  eta: 0:00:35    time: 0.0325  data: 0.0000  max mem: 5880
      ITM Evaluation: [5200/6156]  eta: 0:00:32    time: 0.0325  data: 0.0000  max mem: 5880
      ITM Evaluation: [5300/6156]  eta: 0:00:28    time: 0.0328  data: 0.0000  max mem: 5880
      ITM Evaluation: [5400/6156]  eta: 0:00:25    time: 0.0330  data: 0.0000  max mem: 5880
      ITM Evaluation: [5500/6156]  eta: 0:00:21    time: 0.0341  data: 0.0000  max mem: 5880
      ITM Evaluation: [5600/6156]  eta: 0:00:18    time: 0.0339  data: 0.0000  max mem: 5880
      ITM Evaluation: [5700/6156]  eta: 0:00:15    time: 0.0324  data: 0.0000  max mem: 5880
      ITM Evaluation: [5800/6156]  eta: 0:00:11    time: 0.0333  data: 0.0000  max mem: 5880
      ITM Evaluation: [5900/6156]  eta: 0:00:08    time: 0.0332  data: 0.0000  max mem: 5880
      ITM Evaluation: [6000/6156]  eta: 0:00:05    time: 0.0339  data: 0.0000  max mem: 5880
      ITM Evaluation: [6100/6156]  eta: 0:00:01    time: 0.0361  data: 0.0000  max mem: 5880
      ITM Evaluation: [6155/6156]  eta: 0:00:00    time: 0.0367  data: 0.0000  max mem: 5880
      ITM Evaluation: Total time: 0:03:26 (0.0335 s / it)
     total_time 206.57462620735168
     Computing matching score time 0:03:26
### TTA ITM Score: 
+-------+--------+--------+--------+--------+--------+
| epoch |   R1   |   R5   |  R10   |  mAP   |  mINP  |
+-------+--------+--------+--------+--------+--------+
|  -999 | 70.760 | 87.378 | 92.268 | 63.849 | 48.174 |
|  -999 | 76.170 | 89.457 | 93.600 | 65.570 | 47.372 |
|   0   | 69.672 | 88.564 | 92.982 | 62.595 | 45.854 |
|   1   | 47.888 | 80.994 | 90.286 | 47.353 | 33.589 |
|   2   | 50.991 | 83.415 | 91.537 | 50.399 | 36.168 |
|   3   | 55.929 | 86.355 | 92.333 | 54.241 | 38.659 |
|   4   | 42.235 | 79.370 | 90.091 | 45.742 | 33.681 |
|   5   | 47.433 | 82.310 | 91.114 | 48.907 | 35.469 |
|   6   | 53.996 | 85.494 | 92.138 | 53.121 | 38.073 |
+-------+--------+--------+--------+--------+--------+
     logs:  {'epo': 6, 'R1': 53.996, 'R5': 85.494, 'R10': 92.138, 'mAP': 53.121, 'mINP': 38.073, 'lr': 0.000158, 'entropy': 0.16407, 'loss': 2.750372}
      TTA Epoch: [7] [  0/384]  eta: 0:03:34  lr: 0.000155  entropy: 0.1382  loss: 2.7400  time: 0.5577  data: 0.4580  max mem: 5880
      TTA Epoch: [7] [100/384]  eta: 0:00:14  lr: 0.000153  entropy: 0.1516  loss: 2.7458  time: 0.0474  data: 0.0001  max mem: 5880
      TTA Epoch: [7] [200/384]  eta: 0:00:09  lr: 0.000151  entropy: 0.1888  loss: 2.7591  time: 0.0507  data: 0.0002  max mem: 5880
      TTA Epoch: [7] [300/384]  eta: 0:00:04  lr: 0.000150  entropy: 0.2218  loss: 2.7722  time: 0.0506  data: 0.0001  max mem: 5880
      TTA Epoch: [7] [383/384]  eta: 0:00:00  lr: 0.000148  entropy: 0.1822  loss: 2.7576  time: 0.0440  data: 0.0001  max mem: 5880
      TTA Epoch: [7] Total time: 0:00:19 (0.0507 s / it)
     Averaged stats: lr: 0.0002  entropy: 0.1560  loss: 2.7474
     itm tta time 0:00:19
     Computing matching score
      ITM Evaluation: [   0/6156]  eta: 0:04:02    time: 0.0394  data: 0.0063  max mem: 5880
      ITM Evaluation: [ 100/6156]  eta: 0:03:18    time: 0.0329  data: 0.0000  max mem: 5880
      ITM Evaluation: [ 200/6156]  eta: 0:03:14    time: 0.0323  data: 0.0000  max mem: 5880
      ITM Evaluation: [ 300/6156]  eta: 0:03:11    time: 0.0327  data: 0.0000  max mem: 5880
      ITM Evaluation: [ 400/6156]  eta: 0:03:12    time: 0.0374  data: 0.0000  max mem: 5880
      ITM Evaluation: [ 500/6156]  eta: 0:03:12    time: 0.0372  data: 0.0000  max mem: 5880
      ITM Evaluation: [ 600/6156]  eta: 0:03:13    time: 0.0387  data: 0.0000  max mem: 5880
      ITM Evaluation: [ 700/6156]  eta: 0:03:12    time: 0.0357  data: 0.0000  max mem: 5880
      ITM Evaluation: [ 800/6156]  eta: 0:03:07    time: 0.0347  data: 0.0000  max mem: 5880
      ITM Evaluation: [ 900/6156]  eta: 0:03:03    time: 0.0323  data: 0.0000  max mem: 5880
      ITM Evaluation: [1000/6156]  eta: 0:02:58    time: 0.0329  data: 0.0000  max mem: 5880
      ITM Evaluation: [1100/6156]  eta: 0:02:54    time: 0.0318  data: 0.0000  max mem: 5880
      ITM Evaluation: [1200/6156]  eta: 0:02:50    time: 0.0325  data: 0.0000  max mem: 5880
      ITM Evaluation: [1300/6156]  eta: 0:02:46    time: 0.0325  data: 0.0000  max mem: 5880
      ITM Evaluation: [1400/6156]  eta: 0:02:42    time: 0.0330  data: 0.0000  max mem: 5880
      ITM Evaluation: [1500/6156]  eta: 0:02:38    time: 0.0330  data: 0.0000  max mem: 5880
      ITM Evaluation: [1600/6156]  eta: 0:02:34    time: 0.0333  data: 0.0000  max mem: 5880
      ITM Evaluation: [1700/6156]  eta: 0:02:31    time: 0.0344  data: 0.0000  max mem: 5880
      ITM Evaluation: [1800/6156]  eta: 0:02:27    time: 0.0344  data: 0.0000  max mem: 5880
      ITM Evaluation: [1900/6156]  eta: 0:02:24    time: 0.0351  data: 0.0000  max mem: 5880
      ITM Evaluation: [2000/6156]  eta: 0:02:21    time: 0.0327  data: 0.0000  max mem: 5880
      ITM Evaluation: [2100/6156]  eta: 0:02:17    time: 0.0334  data: 0.0000  max mem: 5880
      ITM Evaluation: [2200/6156]  eta: 0:02:14    time: 0.0326  data: 0.0000  max mem: 5880
      ITM Evaluation: [2300/6156]  eta: 0:02:10    time: 0.0325  data: 0.0000  max mem: 5880
      ITM Evaluation: [2400/6156]  eta: 0:02:06    time: 0.0329  data: 0.0000  max mem: 5880
      ITM Evaluation: [2500/6156]  eta: 0:02:03    time: 0.0323  data: 0.0000  max mem: 5880
      ITM Evaluation: [2600/6156]  eta: 0:01:59    time: 0.0328  data: 0.0000  max mem: 5880
      ITM Evaluation: [2700/6156]  eta: 0:01:56    time: 0.0331  data: 0.0000  max mem: 5880
      ITM Evaluation: [2800/6156]  eta: 0:01:52    time: 0.0329  data: 0.0000  max mem: 5880
      ITM Evaluation: [2900/6156]  eta: 0:01:49    time: 0.0329  data: 0.0000  max mem: 5880
      ITM Evaluation: [3000/6156]  eta: 0:01:46    time: 0.0352  data: 0.0000  max mem: 5880
      ITM Evaluation: [3100/6156]  eta: 0:01:42    time: 0.0349  data: 0.0000  max mem: 5880
      ITM Evaluation: [3200/6156]  eta: 0:01:39    time: 0.0338  data: 0.0000  max mem: 5880
      ITM Evaluation: [3300/6156]  eta: 0:01:36    time: 0.0328  data: 0.0000  max mem: 5880
      ITM Evaluation: [3400/6156]  eta: 0:01:32    time: 0.0332  data: 0.0000  max mem: 5880
      ITM Evaluation: [3500/6156]  eta: 0:01:29    time: 0.0320  data: 0.0000  max mem: 5880
      ITM Evaluation: [3600/6156]  eta: 0:01:25    time: 0.0331  data: 0.0000  max mem: 5880
      ITM Evaluation: [3700/6156]  eta: 0:01:22    time: 0.0330  data: 0.0000  max mem: 5880
      ITM Evaluation: [3800/6156]  eta: 0:01:19    time: 0.0324  data: 0.0000  max mem: 5880
      ITM Evaluation: [3900/6156]  eta: 0:01:15    time: 0.0334  data: 0.0000  max mem: 5880
      ITM Evaluation: [4000/6156]  eta: 0:01:12    time: 0.0333  data: 0.0000  max mem: 5880
      ITM Evaluation: [4100/6156]  eta: 0:01:09    time: 0.0333  data: 0.0000  max mem: 5880
      ITM Evaluation: [4200/6156]  eta: 0:01:05    time: 0.0337  data: 0.0000  max mem: 5880
      ITM Evaluation: [4300/6156]  eta: 0:01:02    time: 0.0361  data: 0.0000  max mem: 5880
      ITM Evaluation: [4400/6156]  eta: 0:00:59    time: 0.0350  data: 0.0000  max mem: 5880
      ITM Evaluation: [4500/6156]  eta: 0:00:55    time: 0.0347  data: 0.0000  max mem: 5880
      ITM Evaluation: [4600/6156]  eta: 0:00:52    time: 0.0341  data: 0.0000  max mem: 5880
      ITM Evaluation: [4700/6156]  eta: 0:00:49    time: 0.0330  data: 0.0000  max mem: 5880
      ITM Evaluation: [4800/6156]  eta: 0:00:45    time: 0.0337  data: 0.0000  max mem: 5880
      ITM Evaluation: [4900/6156]  eta: 0:00:42    time: 0.0328  data: 0.0000  max mem: 5880
      ITM Evaluation: [5000/6156]  eta: 0:00:38    time: 0.0334  data: 0.0000  max mem: 5880
      ITM Evaluation: [5100/6156]  eta: 0:00:35    time: 0.0324  data: 0.0000  max mem: 5880
      ITM Evaluation: [5200/6156]  eta: 0:00:32    time: 0.0332  data: 0.0000  max mem: 5880
      ITM Evaluation: [5300/6156]  eta: 0:00:28    time: 0.0326  data: 0.0000  max mem: 5880
      ITM Evaluation: [5400/6156]  eta: 0:00:25    time: 0.0324  data: 0.0000  max mem: 5880
      ITM Evaluation: [5500/6156]  eta: 0:00:22    time: 0.0335  data: 0.0000  max mem: 5880
      ITM Evaluation: [5600/6156]  eta: 0:00:18    time: 0.0359  data: 0.0000  max mem: 5880
      ITM Evaluation: [5700/6156]  eta: 0:00:15    time: 0.0344  data: 0.0000  max mem: 5880
      ITM Evaluation: [5800/6156]  eta: 0:00:11    time: 0.0360  data: 0.0000  max mem: 5880
      ITM Evaluation: [5900/6156]  eta: 0:00:08    time: 0.0327  data: 0.0000  max mem: 5880
      ITM Evaluation: [6000/6156]  eta: 0:00:05    time: 0.0326  data: 0.0000  max mem: 5880
      ITM Evaluation: [6100/6156]  eta: 0:00:01    time: 0.0328  data: 0.0000  max mem: 5880
      ITM Evaluation: [6155/6156]  eta: 0:00:00    time: 0.0327  data: 0.0000  max mem: 5880
      ITM Evaluation: Total time: 0:03:27 (0.0336 s / it)
     total_time 207.15755128860474
     Computing matching score time 0:03:27
### TTA ITM Score: 
+-------+--------+--------+--------+--------+--------+
| epoch |   R1   |   R5   |  R10   |  mAP   |  mINP  |
+-------+--------+--------+--------+--------+--------+
|  -999 | 70.760 | 87.378 | 92.268 | 63.849 | 48.174 |
|  -999 | 76.170 | 89.457 | 93.600 | 65.570 | 47.372 |
|   0   | 69.672 | 88.564 | 92.982 | 62.595 | 45.854 |
|   1   | 47.888 | 80.994 | 90.286 | 47.353 | 33.589 |
|   2   | 50.991 | 83.415 | 91.537 | 50.399 | 36.168 |
|   3   | 55.929 | 86.355 | 92.333 | 54.241 | 38.659 |
|   4   | 42.235 | 79.370 | 90.091 | 45.742 | 33.681 |
|   5   | 47.433 | 82.310 | 91.114 | 48.907 | 35.469 |
|   6   | 53.996 | 85.494 | 92.138 | 53.121 | 38.073 |
|   7   | 50.893 | 84.064 | 91.699 | 51.596 | 37.396 |
+-------+--------+--------+--------+--------+--------+
     logs:  {'epo': 7, 'R1': 50.893, 'R5': 84.064, 'R10': 91.699, 'mAP': 51.596, 'mINP': 37.396, 'lr': 0.000151, 'entropy': 0.156015, 'loss': 2.747376}
      TTA Epoch: [8] [  0/384]  eta: 0:03:26  lr: 0.000148  entropy: 0.1019  loss: 2.7268  time: 0.5383  data: 0.4280  max mem: 5880
      TTA Epoch: [8] [100/384]  eta: 0:00:14  lr: 0.000146  entropy: 0.1647  loss: 2.7511  time: 0.0475  data: 0.0001  max mem: 5880
      TTA Epoch: [8] [200/384]  eta: 0:00:09  lr: 0.000145  entropy: 0.2965  loss: 2.7993  time: 0.0471  data: 0.0001  max mem: 5880
      TTA Epoch: [8] [300/384]  eta: 0:00:04  lr: 0.000143  entropy: 0.1883  loss: 2.7584  time: 0.0470  data: 0.0001  max mem: 5880
      TTA Epoch: [8] [383/384]  eta: 0:00:00  lr: 0.000141  entropy: 0.2196  loss: 2.7719  time: 0.0423  data: 0.0001  max mem: 5880
      TTA Epoch: [8] Total time: 0:00:18 (0.0484 s / it)
     Averaged stats: lr: 0.0001  entropy: 0.1579  loss: 2.7481
     itm tta time 0:00:18
     Computing matching score
      ITM Evaluation: [   0/6156]  eta: 0:03:55    time: 0.0383  data: 0.0059  max mem: 5880
      ITM Evaluation: [ 100/6156]  eta: 0:03:26    time: 0.0344  data: 0.0000  max mem: 5880
      ITM Evaluation: [ 200/6156]  eta: 0:03:24    time: 0.0345  data: 0.0000  max mem: 5880
      ITM Evaluation: [ 300/6156]  eta: 0:03:22    time: 0.0354  data: 0.0000  max mem: 5880
      ITM Evaluation: [ 400/6156]  eta: 0:03:16    time: 0.0326  data: 0.0000  max mem: 5880
      ITM Evaluation: [ 500/6156]  eta: 0:03:11    time: 0.0330  data: 0.0000  max mem: 5880
      ITM Evaluation: [ 600/6156]  eta: 0:03:07    time: 0.0324  data: 0.0000  max mem: 5880
      ITM Evaluation: [ 700/6156]  eta: 0:03:03    time: 0.0325  data: 0.0000  max mem: 5880
      ITM Evaluation: [ 800/6156]  eta: 0:02:59    time: 0.0335  data: 0.0000  max mem: 5880
      ITM Evaluation: [ 900/6156]  eta: 0:02:55    time: 0.0330  data: 0.0000  max mem: 5880
      ITM Evaluation: [1000/6156]  eta: 0:02:52    time: 0.0322  data: 0.0000  max mem: 5880
      ITM Evaluation: [1100/6156]  eta: 0:02:48    time: 0.0330  data: 0.0000  max mem: 5880
      ITM Evaluation: [1200/6156]  eta: 0:02:45    time: 0.0333  data: 0.0000  max mem: 5880
      ITM Evaluation: [1300/6156]  eta: 0:02:41    time: 0.0338  data: 0.0000  max mem: 5880
      ITM Evaluation: [1400/6156]  eta: 0:02:38    time: 0.0361  data: 0.0000  max mem: 5880
      ITM Evaluation: [1500/6156]  eta: 0:02:36    time: 0.0348  data: 0.0000  max mem: 5880
      ITM Evaluation: [1600/6156]  eta: 0:02:33    time: 0.0330  data: 0.0000  max mem: 5880
      ITM Evaluation: [1700/6156]  eta: 0:02:29    time: 0.0330  data: 0.0000  max mem: 5880
      ITM Evaluation: [1800/6156]  eta: 0:02:26    time: 0.0332  data: 0.0000  max mem: 5880
      ITM Evaluation: [1900/6156]  eta: 0:02:22    time: 0.0328  data: 0.0000  max mem: 5880
      ITM Evaluation: [2000/6156]  eta: 0:02:19    time: 0.0326  data: 0.0000  max mem: 5880
      ITM Evaluation: [2100/6156]  eta: 0:02:15    time: 0.0334  data: 0.0000  max mem: 5880
      ITM Evaluation: [2200/6156]  eta: 0:02:12    time: 0.0331  data: 0.0000  max mem: 5880
      ITM Evaluation: [2300/6156]  eta: 0:02:09    time: 0.0336  data: 0.0000  max mem: 5880
      ITM Evaluation: [2400/6156]  eta: 0:02:06    time: 0.0337  data: 0.0000  max mem: 5880
      ITM Evaluation: [2500/6156]  eta: 0:02:02    time: 0.0328  data: 0.0000  max mem: 5880
      ITM Evaluation: [2600/6156]  eta: 0:01:59    time: 0.0340  data: 0.0000  max mem: 5880
      ITM Evaluation: [2700/6156]  eta: 0:01:56    time: 0.0355  data: 0.0000  max mem: 5880
      ITM Evaluation: [2800/6156]  eta: 0:01:53    time: 0.0349  data: 0.0000  max mem: 5880
      ITM Evaluation: [2900/6156]  eta: 0:01:49    time: 0.0337  data: 0.0000  max mem: 5880
      ITM Evaluation: [3000/6156]  eta: 0:01:46    time: 0.0339  data: 0.0000  max mem: 5880
      ITM Evaluation: [3100/6156]  eta: 0:01:43    time: 0.0333  data: 0.0000  max mem: 5880
      ITM Evaluation: [3200/6156]  eta: 0:01:39    time: 0.0335  data: 0.0000  max mem: 5880
      ITM Evaluation: [3300/6156]  eta: 0:01:36    time: 0.0351  data: 0.0000  max mem: 5880
      ITM Evaluation: [3400/6156]  eta: 0:01:32    time: 0.0346  data: 0.0000  max mem: 5880
      ITM Evaluation: [3500/6156]  eta: 0:01:29    time: 0.0344  data: 0.0000  max mem: 5880
      ITM Evaluation: [3600/6156]  eta: 0:01:26    time: 0.0336  data: 0.0000  max mem: 5880
      ITM Evaluation: [3700/6156]  eta: 0:01:22    time: 0.0343  data: 0.0000  max mem: 5880
      ITM Evaluation: [3800/6156]  eta: 0:01:19    time: 0.0332  data: 0.0000  max mem: 5880
      ITM Evaluation: [3900/6156]  eta: 0:01:16    time: 0.0365  data: 0.0000  max mem: 5880
      ITM Evaluation: [4000/6156]  eta: 0:01:12    time: 0.0357  data: 0.0000  max mem: 5880
      ITM Evaluation: [4100/6156]  eta: 0:01:09    time: 0.0353  data: 0.0000  max mem: 5880
      ITM Evaluation: [4200/6156]  eta: 0:01:06    time: 0.0332  data: 0.0000  max mem: 5880
      ITM Evaluation: [4300/6156]  eta: 0:01:02    time: 0.0332  data: 0.0000  max mem: 5880
      ITM Evaluation: [4400/6156]  eta: 0:00:59    time: 0.0334  data: 0.0000  max mem: 5880
      ITM Evaluation: [4500/6156]  eta: 0:00:55    time: 0.0333  data: 0.0000  max mem: 5880
      ITM Evaluation: [4600/6156]  eta: 0:00:52    time: 0.0329  data: 0.0000  max mem: 5880
      ITM Evaluation: [4700/6156]  eta: 0:00:49    time: 0.0323  data: 0.0000  max mem: 5880
      ITM Evaluation: [4800/6156]  eta: 0:00:45    time: 0.0327  data: 0.0000  max mem: 5880
      ITM Evaluation: [4900/6156]  eta: 0:00:42    time: 0.0331  data: 0.0000  max mem: 5880
      ITM Evaluation: [5000/6156]  eta: 0:00:38    time: 0.0335  data: 0.0000  max mem: 5880
      ITM Evaluation: [5100/6156]  eta: 0:00:35    time: 0.0326  data: 0.0000  max mem: 5880
      ITM Evaluation: [5200/6156]  eta: 0:00:32    time: 0.0352  data: 0.0000  max mem: 5880
      ITM Evaluation: [5300/6156]  eta: 0:00:28    time: 0.0354  data: 0.0000  max mem: 5880
      ITM Evaluation: [5400/6156]  eta: 0:00:25    time: 0.0348  data: 0.0000  max mem: 5880
      ITM Evaluation: [5500/6156]  eta: 0:00:22    time: 0.0331  data: 0.0000  max mem: 5880
      ITM Evaluation: [5600/6156]  eta: 0:00:18    time: 0.0336  data: 0.0000  max mem: 5880
      ITM Evaluation: [5700/6156]  eta: 0:00:15    time: 0.0332  data: 0.0000  max mem: 5880
      ITM Evaluation: [5800/6156]  eta: 0:00:12    time: 0.0328  data: 0.0000  max mem: 5880
      ITM Evaluation: [5900/6156]  eta: 0:00:08    time: 0.0346  data: 0.0000  max mem: 5880
      ITM Evaluation: [6000/6156]  eta: 0:00:05    time: 0.0349  data: 0.0000  max mem: 5880
      ITM Evaluation: [6100/6156]  eta: 0:00:01    time: 0.0345  data: 0.0000  max mem: 5880
      ITM Evaluation: [6155/6156]  eta: 0:00:00    time: 0.0350  data: 0.0000  max mem: 5880
      ITM Evaluation: Total time: 0:03:28 (0.0338 s / it)
     total_time 208.0740144252777
     Computing matching score time 0:03:28
### TTA ITM Score: 
+-------+--------+--------+--------+--------+--------+
| epoch |   R1   |   R5   |  R10   |  mAP   |  mINP  |
+-------+--------+--------+--------+--------+--------+
|  -999 | 70.760 | 87.378 | 92.268 | 63.849 | 48.174 |
|  -999 | 76.170 | 89.457 | 93.600 | 65.570 | 47.372 |
|   0   | 69.672 | 88.564 | 92.982 | 62.595 | 45.854 |
|   1   | 47.888 | 80.994 | 90.286 | 47.353 | 33.589 |
|   2   | 50.991 | 83.415 | 91.537 | 50.399 | 36.168 |
|   3   | 55.929 | 86.355 | 92.333 | 54.241 | 38.659 |
|   4   | 42.235 | 79.370 | 90.091 | 45.742 | 33.681 |
|   5   | 47.433 | 82.310 | 91.114 | 48.907 | 35.469 |
|   6   | 53.996 | 85.494 | 92.138 | 53.121 | 38.073 |
|   7   | 50.893 | 84.064 | 91.699 | 51.596 | 37.396 |
|   8   | 46.459 | 81.871 | 91.212 | 48.395 | 35.418 |
+-------+--------+--------+--------+--------+--------+
     logs:  {'epo': 8, 'R1': 46.459, 'R5': 81.871, 'R10': 91.212, 'mAP': 48.395, 'mINP': 35.418, 'lr': 0.000145, 'entropy': 0.157932, 'loss': 2.748088}
      TTA Epoch: [9] [  0/384]  eta: 0:03:13  lr: 0.000141  entropy: 0.1023  loss: 2.7279  time: 0.5028  data: 0.4060  max mem: 5880
      TTA Epoch: [9] [100/384]  eta: 0:00:14  lr: 0.000140  entropy: 0.0884  loss: 2.7228  time: 0.0467  data: 0.0001  max mem: 5880
      TTA Epoch: [9] [200/384]  eta: 0:00:10  lr: 0.000138  entropy: 0.0848  loss: 2.7209  time: 0.0765  data: 0.0002  max mem: 5880
      TTA Epoch: [9] [300/384]  eta: 0:00:04  lr: 0.000136  entropy: 0.0762  loss: 2.7173  time: 0.0475  data: 0.0002  max mem: 5880
      TTA Epoch: [9] [383/384]  eta: 0:00:00  lr: 0.000135  entropy: 0.1924  loss: 2.7611  time: 0.0435  data: 0.0001  max mem: 5880
      TTA Epoch: [9] Total time: 0:00:20 (0.0537 s / it)
     Averaged stats: lr: 0.0001  entropy: 0.1511  loss: 2.7456
     itm tta time 0:00:20
     Computing matching score
      ITM Evaluation: [   0/6156]  eta: 0:05:07    time: 0.0499  data: 0.0095  max mem: 5880
      ITM Evaluation: [ 100/6156]  eta: 0:03:24    time: 0.0335  data: 0.0000  max mem: 5880
      ITM Evaluation: [ 200/6156]  eta: 0:03:21    time: 0.0335  data: 0.0000  max mem: 5880
      ITM Evaluation: [ 300/6156]  eta: 0:03:17    time: 0.0333  data: 0.0000  max mem: 5880
      ITM Evaluation: [ 400/6156]  eta: 0:03:14    time: 0.0344  data: 0.0000  max mem: 5880
      ITM Evaluation: [ 500/6156]  eta: 0:03:10    time: 0.0333  data: 0.0000  max mem: 5880
      ITM Evaluation: [ 600/6156]  eta: 0:03:06    time: 0.0334  data: 0.0000  max mem: 5880
      ITM Evaluation: [ 700/6156]  eta: 0:03:03    time: 0.0332  data: 0.0000  max mem: 5880
      ITM Evaluation: [ 800/6156]  eta: 0:03:00    time: 0.0375  data: 0.0000  max mem: 5880
      ITM Evaluation: [ 900/6156]  eta: 0:02:57    time: 0.0348  data: 0.0000  max mem: 5880
      ITM Evaluation: [1000/6156]  eta: 0:02:55    time: 0.0342  data: 0.0000  max mem: 5880
      ITM Evaluation: [1100/6156]  eta: 0:02:51    time: 0.0328  data: 0.0000  max mem: 5880
      ITM Evaluation: [1200/6156]  eta: 0:02:48    time: 0.0327  data: 0.0000  max mem: 5880
      ITM Evaluation: [1300/6156]  eta: 0:02:45    time: 0.0306  data: 0.0000  max mem: 5880
      ITM Evaluation: [1400/6156]  eta: 0:02:41    time: 0.0314  data: 0.0000  max mem: 5880
      ITM Evaluation: [1500/6156]  eta: 0:02:36    time: 0.0309  data: 0.0000  max mem: 5880
      ITM Evaluation: [1600/6156]  eta: 0:02:32    time: 0.0307  data: 0.0000  max mem: 5880
      ITM Evaluation: [1700/6156]  eta: 0:02:28    time: 0.0308  data: 0.0000  max mem: 5880
      ITM Evaluation: [1800/6156]  eta: 0:02:24    time: 0.0304  data: 0.0000  max mem: 5880
      ITM Evaluation: [1900/6156]  eta: 0:02:20    time: 0.0305  data: 0.0000  max mem: 5880
      ITM Evaluation: [2000/6156]  eta: 0:02:16    time: 0.0307  data: 0.0000  max mem: 5880
      ITM Evaluation: [2100/6156]  eta: 0:02:13    time: 0.0308  data: 0.0000  max mem: 5880
      ITM Evaluation: [2200/6156]  eta: 0:02:09    time: 0.0325  data: 0.0000  max mem: 5880
      ITM Evaluation: [2300/6156]  eta: 0:02:06    time: 0.0307  data: 0.0000  max mem: 5880
      ITM Evaluation: [2400/6156]  eta: 0:02:04    time: 0.0328  data: 0.0000  max mem: 5880
      ITM Evaluation: [2500/6156]  eta: 0:02:00    time: 0.0319  data: 0.0000  max mem: 5880
      ITM Evaluation: [2600/6156]  eta: 0:01:56    time: 0.0309  data: 0.0000  max mem: 5880
      ITM Evaluation: [2700/6156]  eta: 0:01:53    time: 0.0307  data: 0.0000  max mem: 5880
      ITM Evaluation: [2800/6156]  eta: 0:01:49    time: 0.0305  data: 0.0000  max mem: 5880
      ITM Evaluation: [2900/6156]  eta: 0:01:46    time: 0.0302  data: 0.0000  max mem: 5880
      ITM Evaluation: [3000/6156]  eta: 0:01:43    time: 0.0391  data: 0.0000  max mem: 5880
      ITM Evaluation: [3100/6156]  eta: 0:01:39    time: 0.0319  data: 0.0000  max mem: 5880
      ITM Evaluation: [3200/6156]  eta: 0:01:36    time: 0.0325  data: 0.0000  max mem: 5880
      ITM Evaluation: [3300/6156]  eta: 0:01:33    time: 0.0316  data: 0.0000  max mem: 5880
      ITM Evaluation: [3400/6156]  eta: 0:01:29    time: 0.0315  data: 0.0000  max mem: 5880
      ITM Evaluation: [3500/6156]  eta: 0:01:26    time: 0.0317  data: 0.0000  max mem: 5880
      ITM Evaluation: [3600/6156]  eta: 0:01:23    time: 0.0331  data: 0.0000  max mem: 5880
      ITM Evaluation: [3700/6156]  eta: 0:01:20    time: 0.0321  data: 0.0000  max mem: 5880
      ITM Evaluation: [3800/6156]  eta: 0:01:16    time: 0.0321  data: 0.0000  max mem: 5880
      ITM Evaluation: [3900/6156]  eta: 0:01:13    time: 0.0317  data: 0.0000  max mem: 5880
      ITM Evaluation: [4000/6156]  eta: 0:01:10    time: 0.0316  data: 0.0000  max mem: 5880
      ITM Evaluation: [4100/6156]  eta: 0:01:06    time: 0.0318  data: 0.0000  max mem: 5880
      ITM Evaluation: [4200/6156]  eta: 0:01:03    time: 0.0310  data: 0.0000  max mem: 5880
      ITM Evaluation: [4300/6156]  eta: 0:01:00    time: 0.0309  data: 0.0000  max mem: 5880
      ITM Evaluation: [4400/6156]  eta: 0:00:56    time: 0.0316  data: 0.0000  max mem: 5880
      ITM Evaluation: [4500/6156]  eta: 0:00:53    time: 0.0313  data: 0.0000  max mem: 5880
      ITM Evaluation: [4600/6156]  eta: 0:00:50    time: 0.0314  data: 0.0000  max mem: 5880
      ITM Evaluation: [4700/6156]  eta: 0:00:47    time: 0.0312  data: 0.0000  max mem: 5880
      ITM Evaluation: [4800/6156]  eta: 0:00:43    time: 0.0316  data: 0.0000  max mem: 5880
      ITM Evaluation: [4900/6156]  eta: 0:00:40    time: 0.0313  data: 0.0000  max mem: 5880
      ITM Evaluation: [5000/6156]  eta: 0:00:37    time: 0.0321  data: 0.0000  max mem: 5880
      ITM Evaluation: [5100/6156]  eta: 0:00:34    time: 0.0329  data: 0.0000  max mem: 5880
      ITM Evaluation: [5200/6156]  eta: 0:00:30    time: 0.0321  data: 0.0000  max mem: 5880
      ITM Evaluation: [5300/6156]  eta: 0:00:27    time: 0.0310  data: 0.0000  max mem: 5880
      ITM Evaluation: [5400/6156]  eta: 0:00:24    time: 0.0309  data: 0.0000  max mem: 5880
      ITM Evaluation: [5500/6156]  eta: 0:00:21    time: 0.0310  data: 0.0000  max mem: 5880
      ITM Evaluation: [5600/6156]  eta: 0:00:17    time: 0.0314  data: 0.0000  max mem: 5880
      ITM Evaluation: [5700/6156]  eta: 0:00:14    time: 0.0313  data: 0.0000  max mem: 5880
      ITM Evaluation: [5800/6156]  eta: 0:00:11    time: 0.0310  data: 0.0000  max mem: 5880
      ITM Evaluation: [5900/6156]  eta: 0:00:08    time: 0.0311  data: 0.0000  max mem: 5880
      ITM Evaluation: [6000/6156]  eta: 0:00:05    time: 0.0313  data: 0.0000  max mem: 5880
      ITM Evaluation: [6100/6156]  eta: 0:00:01    time: 0.0310  data: 0.0000  max mem: 5880
      ITM Evaluation: [6155/6156]  eta: 0:00:00    time: 0.0316  data: 0.0000  max mem: 5880
      ITM Evaluation: Total time: 0:03:17 (0.0321 s / it)
     total_time 197.8909513950348
     Computing matching score time 0:03:17
### TTA ITM Score: 
+-------+--------+--------+--------+--------+--------+
| epoch |   R1   |   R5   |  R10   |  mAP   |  mINP  |
+-------+--------+--------+--------+--------+--------+
|  -999 | 70.760 | 87.378 | 92.268 | 63.849 | 48.174 |
|  -999 | 76.170 | 89.457 | 93.600 | 65.570 | 47.372 |
|   0   | 69.672 | 88.564 | 92.982 | 62.595 | 45.854 |
|   1   | 47.888 | 80.994 | 90.286 | 47.353 | 33.589 |
|   2   | 50.991 | 83.415 | 91.537 | 50.399 | 36.168 |
|   3   | 55.929 | 86.355 | 92.333 | 54.241 | 38.659 |
|   4   | 42.235 | 79.370 | 90.091 | 45.742 | 33.681 |
|   5   | 47.433 | 82.310 | 91.114 | 48.907 | 35.469 |
|   6   | 53.996 | 85.494 | 92.138 | 53.121 | 38.073 |
|   7   | 50.893 | 84.064 | 91.699 | 51.596 | 37.396 |
|   8   | 46.459 | 81.871 | 91.212 | 48.395 | 35.418 |
|   9   | 53.964 | 85.088 | 92.203 | 52.933 | 38.242 |
+-------+--------+--------+--------+--------+--------+
     logs:  {'epo': 9, 'R1': 53.964, 'R5': 85.088, 'R10': 92.203, 'mAP': 52.933, 'mINP': 38.242, 'lr': 0.000138, 'entropy': 0.151134, 'loss': 2.745559}
      TTA Epoch: [10] [  0/384]  eta: 0:03:53  lr: 0.000135  entropy: 0.2188  loss: 2.7710  time: 0.6080  data: 0.4365  max mem: 5880
      TTA Epoch: [10] [100/384]  eta: 0:00:20  lr: 0.000133  entropy: 0.1944  loss: 2.7617  time: 0.0673  data: 0.0002  max mem: 5880
      TTA Epoch: [10] [200/384]  eta: 0:00:11  lr: 0.000131  entropy: 0.1944  loss: 2.7600  time: 0.0505  data: 0.0001  max mem: 5880
      TTA Epoch: [10] [300/384]  eta: 0:00:05  lr: 0.000129  entropy: 0.2360  loss: 2.7772  time: 0.0720  data: 0.0002  max mem: 5880
      TTA Epoch: [10] [383/384]  eta: 0:00:00  lr: 0.000128  entropy: 0.0400  loss: 2.7055  time: 0.0457  data: 0.0001  max mem: 5880
      TTA Epoch: [10] Total time: 0:00:23 (0.0608 s / it)
     Averaged stats: lr: 0.0001  entropy: 0.1455  loss: 2.7435
     itm tta time 0:00:23
     Computing matching score
      ITM Evaluation: [   0/6156]  eta: 0:04:52    time: 0.0476  data: 0.0072  max mem: 5880
      ITM Evaluation: [ 100/6156]  eta: 0:03:18    time: 0.0327  data: 0.0000  max mem: 5880
      ITM Evaluation: [ 200/6156]  eta: 0:03:16    time: 0.0325  data: 0.0000  max mem: 5880
      ITM Evaluation: [ 300/6156]  eta: 0:03:13    time: 0.0329  data: 0.0000  max mem: 5880
      ITM Evaluation: [ 400/6156]  eta: 0:03:10    time: 0.0331  data: 0.0000  max mem: 5880
      ITM Evaluation: [ 500/6156]  eta: 0:03:07    time: 0.0331  data: 0.0000  max mem: 5880
      ITM Evaluation: [ 600/6156]  eta: 0:03:03    time: 0.0330  data: 0.0000  max mem: 5880
      ITM Evaluation: [ 700/6156]  eta: 0:03:00    time: 0.0329  data: 0.0000  max mem: 5880
      ITM Evaluation: [ 800/6156]  eta: 0:02:56    time: 0.0331  data: 0.0000  max mem: 5880
      ITM Evaluation: [ 900/6156]  eta: 0:02:53    time: 0.0344  data: 0.0000  max mem: 5880
      ITM Evaluation: [1000/6156]  eta: 0:02:51    time: 0.0368  data: 0.0000  max mem: 5880
      ITM Evaluation: [1100/6156]  eta: 0:02:49    time: 0.0363  data: 0.0000  max mem: 5880
      ITM Evaluation: [1200/6156]  eta: 0:02:46    time: 0.0349  data: 0.0000  max mem: 5880
      ITM Evaluation: [1300/6156]  eta: 0:02:43    time: 0.0328  data: 0.0000  max mem: 5880
      ITM Evaluation: [1400/6156]  eta: 0:02:39    time: 0.0328  data: 0.0000  max mem: 5880
      ITM Evaluation: [1500/6156]  eta: 0:02:36    time: 0.0322  data: 0.0000  max mem: 5880
      ITM Evaluation: [1600/6156]  eta: 0:02:32    time: 0.0325  data: 0.0000  max mem: 5880
      ITM Evaluation: [1700/6156]  eta: 0:02:29    time: 0.0338  data: 0.0000  max mem: 5880
      ITM Evaluation: [1800/6156]  eta: 0:02:25    time: 0.0328  data: 0.0000  max mem: 5880
      ITM Evaluation: [1900/6156]  eta: 0:02:22    time: 0.0330  data: 0.0000  max mem: 5880
      ITM Evaluation: [2000/6156]  eta: 0:02:18    time: 0.0337  data: 0.0000  max mem: 5880
      ITM Evaluation: [2100/6156]  eta: 0:02:15    time: 0.0328  data: 0.0000  max mem: 5880
      ITM Evaluation: [2200/6156]  eta: 0:02:12    time: 0.0356  data: 0.0000  max mem: 5880
      ITM Evaluation: [2300/6156]  eta: 0:02:09    time: 0.0351  data: 0.0000  max mem: 5880
      ITM Evaluation: [2400/6156]  eta: 0:02:06    time: 0.0354  data: 0.0000  max mem: 5880
      ITM Evaluation: [2500/6156]  eta: 0:02:02    time: 0.0345  data: 0.0000  max mem: 5880
      ITM Evaluation: [2600/6156]  eta: 0:01:59    time: 0.0329  data: 0.0000  max mem: 5880
      ITM Evaluation: [2700/6156]  eta: 0:01:56    time: 0.0328  data: 0.0000  max mem: 5880
      ITM Evaluation: [2800/6156]  eta: 0:01:52    time: 0.0327  data: 0.0000  max mem: 5880
      ITM Evaluation: [2900/6156]  eta: 0:01:49    time: 0.0333  data: 0.0000  max mem: 5880
      ITM Evaluation: [3000/6156]  eta: 0:01:45    time: 0.0328  data: 0.0000  max mem: 5880
      ITM Evaluation: [3100/6156]  eta: 0:01:42    time: 0.0332  data: 0.0000  max mem: 5880
      ITM Evaluation: [3200/6156]  eta: 0:01:38    time: 0.0321  data: 0.0000  max mem: 5880
      ITM Evaluation: [3300/6156]  eta: 0:01:35    time: 0.0326  data: 0.0000  max mem: 5880
      ITM Evaluation: [3400/6156]  eta: 0:01:32    time: 0.0323  data: 0.0000  max mem: 5880
      ITM Evaluation: [3500/6156]  eta: 0:01:28    time: 0.0331  data: 0.0000  max mem: 5880
      ITM Evaluation: [3600/6156]  eta: 0:01:25    time: 0.0345  data: 0.0000  max mem: 5880
      ITM Evaluation: [3700/6156]  eta: 0:01:22    time: 0.0348  data: 0.0000  max mem: 5880
      ITM Evaluation: [3800/6156]  eta: 0:01:18    time: 0.0337  data: 0.0000  max mem: 5880
      ITM Evaluation: [3900/6156]  eta: 0:01:15    time: 0.0331  data: 0.0000  max mem: 5880
      ITM Evaluation: [4000/6156]  eta: 0:01:12    time: 0.0350  data: 0.0000  max mem: 5880
      ITM Evaluation: [4100/6156]  eta: 0:01:08    time: 0.0352  data: 0.0000  max mem: 5880
      ITM Evaluation: [4200/6156]  eta: 0:01:05    time: 0.0344  data: 0.0000  max mem: 5880
      ITM Evaluation: [4300/6156]  eta: 0:01:02    time: 0.0334  data: 0.0000  max mem: 5880
      ITM Evaluation: [4400/6156]  eta: 0:00:58    time: 0.0339  data: 0.0000  max mem: 5880
      ITM Evaluation: [4500/6156]  eta: 0:00:55    time: 0.0343  data: 0.0000  max mem: 5880
      ITM Evaluation: [4600/6156]  eta: 0:00:52    time: 0.0333  data: 0.0000  max mem: 5880
      ITM Evaluation: [4700/6156]  eta: 0:00:48    time: 0.0336  data: 0.0000  max mem: 5880
      ITM Evaluation: [4800/6156]  eta: 0:00:45    time: 0.0349  data: 0.0000  max mem: 5880
      ITM Evaluation: [4900/6156]  eta: 0:00:42    time: 0.0355  data: 0.0000  max mem: 5880
      ITM Evaluation: [5000/6156]  eta: 0:00:38    time: 0.0344  data: 0.0000  max mem: 5880
      ITM Evaluation: [5100/6156]  eta: 0:00:35    time: 0.0323  data: 0.0000  max mem: 5880
      ITM Evaluation: [5200/6156]  eta: 0:00:32    time: 0.0323  data: 0.0000  max mem: 5880
      ITM Evaluation: [5300/6156]  eta: 0:00:28    time: 0.0329  data: 0.0000  max mem: 5880
      ITM Evaluation: [5400/6156]  eta: 0:00:25    time: 0.0313  data: 0.0000  max mem: 5880
      ITM Evaluation: [5500/6156]  eta: 0:00:21    time: 0.0328  data: 0.0000  max mem: 5880
      ITM Evaluation: [5600/6156]  eta: 0:00:18    time: 0.0321  data: 0.0000  max mem: 5880
      ITM Evaluation: [5700/6156]  eta: 0:00:15    time: 0.0327  data: 0.0000  max mem: 5880
      ITM Evaluation: [5800/6156]  eta: 0:00:11    time: 0.0321  data: 0.0000  max mem: 5880
      ITM Evaluation: [5900/6156]  eta: 0:00:08    time: 0.0326  data: 0.0000  max mem: 5880
      ITM Evaluation: [6000/6156]  eta: 0:00:05    time: 0.0331  data: 0.0000  max mem: 5880
      ITM Evaluation: [6100/6156]  eta: 0:00:01    time: 0.0336  data: 0.0000  max mem: 5880
      ITM Evaluation: [6155/6156]  eta: 0:00:00    time: 0.0338  data: 0.0000  max mem: 5880
      ITM Evaluation: Total time: 0:03:26 (0.0335 s / it)
     total_time 206.08259677886963
     Computing matching score time 0:03:26
### TTA ITM Score: 
+-------+--------+--------+--------+--------+--------+
| epoch |   R1   |   R5   |  R10   |  mAP   |  mINP  |
+-------+--------+--------+--------+--------+--------+
|  -999 | 70.760 | 87.378 | 92.268 | 63.849 | 48.174 |
|  -999 | 76.170 | 89.457 | 93.600 | 65.570 | 47.372 |
|   0   | 69.672 | 88.564 | 92.982 | 62.595 | 45.854 |
|   1   | 47.888 | 80.994 | 90.286 | 47.353 | 33.589 |
|   2   | 50.991 | 83.415 | 91.537 | 50.399 | 36.168 |
|   3   | 55.929 | 86.355 | 92.333 | 54.241 | 38.659 |
|   4   | 42.235 | 79.370 | 90.091 | 45.742 | 33.681 |
|   5   | 47.433 | 82.310 | 91.114 | 48.907 | 35.469 |
|   6   | 53.996 | 85.494 | 92.138 | 53.121 | 38.073 |
|   7   | 50.893 | 84.064 | 91.699 | 51.596 | 37.396 |
|   8   | 46.459 | 81.871 | 91.212 | 48.395 | 35.418 |
|   9   | 53.964 | 85.088 | 92.203 | 52.933 | 38.242 |
|   10  | 54.110 | 85.007 | 92.008 | 53.258 | 38.178 |
+-------+--------+--------+--------+--------+--------+
     logs:  {'epo': 10, 'R1': 54.11, 'R5': 85.006, 'R10': 92.008, 'mAP': 53.258, 'mINP': 38.178, 'lr': 0.000131, 'entropy': 0.14548, 'loss': 2.743456}
      TTA Epoch: [11] [  0/384]  eta: 0:04:51  lr: 0.000128  entropy: 0.0899  loss: 2.7234  time: 0.7598  data: 0.6026  max mem: 5880
      TTA Epoch: [11] [100/384]  eta: 0:00:16  lr: 0.000126  entropy: 0.0507  loss: 2.7093  time: 0.0463  data: 0.0001  max mem: 5880
      TTA Epoch: [11] [200/384]  eta: 0:00:09  lr: 0.000124  entropy: 0.1976  loss: 2.7617  time: 0.0530  data: 0.0002  max mem: 5880
      TTA Epoch: [11] [300/384]  eta: 0:00:04  lr: 0.000123  entropy: 0.0377  loss: 2.7038  time: 0.0503  data: 0.0002  max mem: 5880
      TTA Epoch: [11] [383/384]  eta: 0:00:00  lr: 0.000121  entropy: 0.1692  loss: 2.7534  time: 0.0444  data: 0.0001  max mem: 5880
      TTA Epoch: [11] Total time: 0:00:19 (0.0517 s / it)
     Averaged stats: lr: 0.0001  entropy: 0.1376  loss: 2.7405
     itm tta time 0:00:19
     Computing matching score
      ITM Evaluation: [   0/6156]  eta: 0:17:00    time: 0.1658  data: 0.1322  max mem: 5880
      ITM Evaluation: [ 100/6156]  eta: 0:03:25    time: 0.0315  data: 0.0000  max mem: 5880
      ITM Evaluation: [ 200/6156]  eta: 0:03:17    time: 0.0323  data: 0.0000  max mem: 5880
      ITM Evaluation: [ 300/6156]  eta: 0:03:13    time: 0.0328  data: 0.0000  max mem: 5880
      ITM Evaluation: [ 400/6156]  eta: 0:03:09    time: 0.0325  data: 0.0000  max mem: 5880
      ITM Evaluation: [ 500/6156]  eta: 0:03:06    time: 0.0344  data: 0.0000  max mem: 5880
      ITM Evaluation: [ 600/6156]  eta: 0:03:04    time: 0.0342  data: 0.0000  max mem: 5880
      ITM Evaluation: [ 700/6156]  eta: 0:03:02    time: 0.0354  data: 0.0000  max mem: 5880
      ITM Evaluation: [ 800/6156]  eta: 0:02:59    time: 0.0329  data: 0.0000  max mem: 5880
      ITM Evaluation: [ 900/6156]  eta: 0:02:55    time: 0.0328  data: 0.0000  max mem: 5880
      ITM Evaluation: [1000/6156]  eta: 0:02:51    time: 0.0322  data: 0.0000  max mem: 5880
      ITM Evaluation: [1100/6156]  eta: 0:02:47    time: 0.0324  data: 0.0000  max mem: 5880
      ITM Evaluation: [1200/6156]  eta: 0:02:44    time: 0.0327  data: 0.0000  max mem: 5880
      ITM Evaluation: [1300/6156]  eta: 0:02:40    time: 0.0333  data: 0.0000  max mem: 5880
      ITM Evaluation: [1400/6156]  eta: 0:02:37    time: 0.0325  data: 0.0000  max mem: 5880
      ITM Evaluation: [1500/6156]  eta: 0:02:33    time: 0.0333  data: 0.0000  max mem: 5880
      ITM Evaluation: [1600/6156]  eta: 0:02:30    time: 0.0325  data: 0.0000  max mem: 5880
      ITM Evaluation: [1700/6156]  eta: 0:02:26    time: 0.0337  data: 0.0000  max mem: 5880
      ITM Evaluation: [1800/6156]  eta: 0:02:24    time: 0.0369  data: 0.0000  max mem: 5880
      ITM Evaluation: [1900/6156]  eta: 0:02:21    time: 0.0374  data: 0.0000  max mem: 5880
      ITM Evaluation: [2000/6156]  eta: 0:02:19    time: 0.0371  data: 0.0000  max mem: 5880
      ITM Evaluation: [2100/6156]  eta: 0:02:15    time: 0.0343  data: 0.0000  max mem: 5880
      ITM Evaluation: [2200/6156]  eta: 0:02:12    time: 0.0349  data: 0.0000  max mem: 5880
      ITM Evaluation: [2300/6156]  eta: 0:02:09    time: 0.0341  data: 0.0000  max mem: 5880
      ITM Evaluation: [2400/6156]  eta: 0:02:06    time: 0.0348  data: 0.0000  max mem: 5880
      ITM Evaluation: [2500/6156]  eta: 0:02:03    time: 0.0349  data: 0.0000  max mem: 5880
      ITM Evaluation: [2600/6156]  eta: 0:02:00    time: 0.0361  data: 0.0000  max mem: 5880
      ITM Evaluation: [2700/6156]  eta: 0:01:56    time: 0.0341  data: 0.0000  max mem: 5880
      ITM Evaluation: [2800/6156]  eta: 0:01:53    time: 0.0342  data: 0.0000  max mem: 5880
      ITM Evaluation: [2900/6156]  eta: 0:01:50    time: 0.0339  data: 0.0000  max mem: 5880
      ITM Evaluation: [3000/6156]  eta: 0:01:46    time: 0.0366  data: 0.0000  max mem: 5880
      ITM Evaluation: [3100/6156]  eta: 0:01:43    time: 0.0355  data: 0.0000  max mem: 5880
      ITM Evaluation: [3200/6156]  eta: 0:01:40    time: 0.0371  data: 0.0000  max mem: 5880
      ITM Evaluation: [3300/6156]  eta: 0:01:37    time: 0.0343  data: 0.0000  max mem: 5880
      ITM Evaluation: [3400/6156]  eta: 0:01:33    time: 0.0336  data: 0.0000  max mem: 5880
      ITM Evaluation: [3500/6156]  eta: 0:01:30    time: 0.0343  data: 0.0000  max mem: 5880
      ITM Evaluation: [3600/6156]  eta: 0:01:26    time: 0.0339  data: 0.0000  max mem: 5880
      ITM Evaluation: [3700/6156]  eta: 0:01:23    time: 0.0340  data: 0.0000  max mem: 5880
      ITM Evaluation: [3800/6156]  eta: 0:01:20    time: 0.0338  data: 0.0000  max mem: 5880
      ITM Evaluation: [3900/6156]  eta: 0:01:16    time: 0.0339  data: 0.0000  max mem: 5880
      ITM Evaluation: [4000/6156]  eta: 0:01:13    time: 0.0334  data: 0.0000  max mem: 5880
      ITM Evaluation: [4100/6156]  eta: 0:01:09    time: 0.0331  data: 0.0000  max mem: 5880
      ITM Evaluation: [4200/6156]  eta: 0:01:06    time: 0.0340  data: 0.0000  max mem: 5880
      ITM Evaluation: [4300/6156]  eta: 0:01:02    time: 0.0340  data: 0.0000  max mem: 5880
      ITM Evaluation: [4400/6156]  eta: 0:00:59    time: 0.0349  data: 0.0000  max mem: 5880
      ITM Evaluation: [4500/6156]  eta: 0:00:56    time: 0.0352  data: 0.0000  max mem: 5880
      ITM Evaluation: [4600/6156]  eta: 0:00:52    time: 0.0346  data: 0.0000  max mem: 5880
      ITM Evaluation: [4700/6156]  eta: 0:00:49    time: 0.0337  data: 0.0000  max mem: 5880
      ITM Evaluation: [4800/6156]  eta: 0:00:46    time: 0.0318  data: 0.0000  max mem: 5880
      ITM Evaluation: [4900/6156]  eta: 0:00:42    time: 0.0345  data: 0.0000  max mem: 5880
      ITM Evaluation: [5000/6156]  eta: 0:00:39    time: 0.0331  data: 0.0000  max mem: 5880
      ITM Evaluation: [5100/6156]  eta: 0:00:35    time: 0.0334  data: 0.0000  max mem: 5880
      ITM Evaluation: [5200/6156]  eta: 0:00:32    time: 0.0331  data: 0.0000  max mem: 5880
      ITM Evaluation: [5300/6156]  eta: 0:00:28    time: 0.0334  data: 0.0000  max mem: 5880
      ITM Evaluation: [5400/6156]  eta: 0:00:25    time: 0.0323  data: 0.0000  max mem: 5880
      ITM Evaluation: [5500/6156]  eta: 0:00:22    time: 0.0328  data: 0.0000  max mem: 5880
      ITM Evaluation: [5600/6156]  eta: 0:00:18    time: 0.0352  data: 0.0000  max mem: 5880
      ITM Evaluation: [5700/6156]  eta: 0:00:15    time: 0.0354  data: 0.0000  max mem: 5880
      ITM Evaluation: [5800/6156]  eta: 0:00:12    time: 0.0343  data: 0.0000  max mem: 5880
      ITM Evaluation: [5900/6156]  eta: 0:00:08    time: 0.0324  data: 0.0000  max mem: 5880
      ITM Evaluation: [6000/6156]  eta: 0:00:05    time: 0.0329  data: 0.0000  max mem: 5880
      ITM Evaluation: [6100/6156]  eta: 0:00:01    time: 0.0332  data: 0.0000  max mem: 5880
      ITM Evaluation: [6155/6156]  eta: 0:00:00    time: 0.0327  data: 0.0000  max mem: 5880
      ITM Evaluation: Total time: 0:03:28 (0.0338 s / it)
     total_time 208.41660046577454
     Computing matching score time 0:03:28
### TTA ITM Score: 
+-------+--------+--------+--------+--------+--------+
| epoch |   R1   |   R5   |  R10   |  mAP   |  mINP  |
+-------+--------+--------+--------+--------+--------+
|  -999 | 70.760 | 87.378 | 92.268 | 63.849 | 48.174 |
|  -999 | 76.170 | 89.457 | 93.600 | 65.570 | 47.372 |
|   0   | 69.672 | 88.564 | 92.982 | 62.595 | 45.854 |
|   1   | 47.888 | 80.994 | 90.286 | 47.353 | 33.589 |
|   2   | 50.991 | 83.415 | 91.537 | 50.399 | 36.168 |
|   3   | 55.929 | 86.355 | 92.333 | 54.241 | 38.659 |
|   4   | 42.235 | 79.370 | 90.091 | 45.742 | 33.681 |
|   5   | 47.433 | 82.310 | 91.114 | 48.907 | 35.469 |
|   6   | 53.996 | 85.494 | 92.138 | 53.121 | 38.073 |
|   7   | 50.893 | 84.064 | 91.699 | 51.596 | 37.396 |
|   8   | 46.459 | 81.871 | 91.212 | 48.395 | 35.418 |
|   9   | 53.964 | 85.088 | 92.203 | 52.933 | 38.242 |
|   10  | 54.110 | 85.007 | 92.008 | 53.258 | 38.178 |
|   11  | 50.877 | 83.463 | 91.585 | 50.976 | 36.877 |
+-------+--------+--------+--------+--------+--------+
     logs:  {'epo': 11, 'R1': 50.877, 'R5': 83.463, 'R10': 91.585, 'mAP': 50.976, 'mINP': 36.877, 'lr': 0.000125, 'entropy': 0.137647, 'loss': 2.740543}
      TTA Epoch: [12] [  0/384]  eta: 0:03:27  lr: 0.000121  entropy: 0.1374  loss: 2.7400  time: 0.5392  data: 0.4309  max mem: 5880
      TTA Epoch: [12] [100/384]  eta: 0:00:15  lr: 0.000120  entropy: 0.1493  loss: 2.7451  time: 0.0479  data: 0.0001  max mem: 5880
      TTA Epoch: [12] [200/384]  eta: 0:00:09  lr: 0.000118  entropy: 0.0423  loss: 2.7052  time: 0.0518  data: 0.0001  max mem: 5880
      TTA Epoch: [12] [300/384]  eta: 0:00:04  lr: 0.000116  entropy: 0.0721  loss: 2.7161  time: 0.0468  data: 0.0001  max mem: 5880
      TTA Epoch: [12] [383/384]  eta: 0:00:00  lr: 0.000115  entropy: 0.1202  loss: 2.7343  time: 0.0421  data: 0.0001  max mem: 5880
      TTA Epoch: [12] Total time: 0:00:18 (0.0492 s / it)
     Averaged stats: lr: 0.0001  entropy: 0.1388  loss: 2.7410
     itm tta time 0:00:19
     Computing matching score
      ITM Evaluation: [   0/6156]  eta: 0:04:52    time: 0.0475  data: 0.0062  max mem: 5880
      ITM Evaluation: [ 100/6156]  eta: 0:03:32    time: 0.0357  data: 0.0000  max mem: 5880
      ITM Evaluation: [ 200/6156]  eta: 0:03:31    time: 0.0379  data: 0.0000  max mem: 5880
      ITM Evaluation: [ 300/6156]  eta: 0:03:23    time: 0.0327  data: 0.0000  max mem: 5880
      ITM Evaluation: [ 400/6156]  eta: 0:03:17    time: 0.0325  data: 0.0000  max mem: 5880
      ITM Evaluation: [ 500/6156]  eta: 0:03:14    time: 0.0350  data: 0.0000  max mem: 5880
      ITM Evaluation: [ 600/6156]  eta: 0:03:09    time: 0.0333  data: 0.0000  max mem: 5880
      ITM Evaluation: [ 700/6156]  eta: 0:03:05    time: 0.0332  data: 0.0000  max mem: 5880
      ITM Evaluation: [ 800/6156]  eta: 0:03:01    time: 0.0348  data: 0.0000  max mem: 5880
      ITM Evaluation: [ 900/6156]  eta: 0:02:57    time: 0.0330  data: 0.0000  max mem: 5880
      ITM Evaluation: [1000/6156]  eta: 0:02:54    time: 0.0349  data: 0.0000  max mem: 5880
      ITM Evaluation: [1100/6156]  eta: 0:02:50    time: 0.0344  data: 0.0000  max mem: 5880
      ITM Evaluation: [1200/6156]  eta: 0:02:47    time: 0.0331  data: 0.0000  max mem: 5880
      ITM Evaluation: [1300/6156]  eta: 0:02:43    time: 0.0354  data: 0.0000  max mem: 5880
      ITM Evaluation: [1400/6156]  eta: 0:02:41    time: 0.0356  data: 0.0000  max mem: 5880
      ITM Evaluation: [1500/6156]  eta: 0:02:38    time: 0.0365  data: 0.0000  max mem: 5880
      ITM Evaluation: [1600/6156]  eta: 0:02:35    time: 0.0347  data: 0.0000  max mem: 5880
      ITM Evaluation: [1700/6156]  eta: 0:02:31    time: 0.0334  data: 0.0000  max mem: 5880
      ITM Evaluation: [1800/6156]  eta: 0:02:27    time: 0.0341  data: 0.0000  max mem: 5880
      ITM Evaluation: [1900/6156]  eta: 0:02:24    time: 0.0331  data: 0.0000  max mem: 5880
      ITM Evaluation: [2000/6156]  eta: 0:02:20    time: 0.0332  data: 0.0000  max mem: 5880
      ITM Evaluation: [2100/6156]  eta: 0:02:17    time: 0.0340  data: 0.0000  max mem: 5880
      ITM Evaluation: [2200/6156]  eta: 0:02:14    time: 0.0333  data: 0.0000  max mem: 5880
      ITM Evaluation: [2300/6156]  eta: 0:02:10    time: 0.0347  data: 0.0000  max mem: 5880
      ITM Evaluation: [2400/6156]  eta: 0:02:07    time: 0.0344  data: 0.0000  max mem: 5880
      ITM Evaluation: [2500/6156]  eta: 0:02:03    time: 0.0342  data: 0.0000  max mem: 5880
      ITM Evaluation: [2600/6156]  eta: 0:02:00    time: 0.0365  data: 0.0000  max mem: 5880
      ITM Evaluation: [2700/6156]  eta: 0:01:57    time: 0.0350  data: 0.0000  max mem: 5880
      ITM Evaluation: [2800/6156]  eta: 0:01:54    time: 0.0351  data: 0.0000  max mem: 5880
      ITM Evaluation: [2900/6156]  eta: 0:01:51    time: 0.0347  data: 0.0000  max mem: 5880
      ITM Evaluation: [3000/6156]  eta: 0:01:47    time: 0.0368  data: 0.0000  max mem: 5880
      ITM Evaluation: [3100/6156]  eta: 0:01:44    time: 0.0358  data: 0.0000  max mem: 5880
      ITM Evaluation: [3200/6156]  eta: 0:01:41    time: 0.0328  data: 0.0000  max mem: 5880
      ITM Evaluation: [3300/6156]  eta: 0:01:37    time: 0.0330  data: 0.0000  max mem: 5880
      ITM Evaluation: [3400/6156]  eta: 0:01:34    time: 0.0326  data: 0.0000  max mem: 5880
      ITM Evaluation: [3500/6156]  eta: 0:01:30    time: 0.0331  data: 0.0000  max mem: 5880
      ITM Evaluation: [3600/6156]  eta: 0:01:26    time: 0.0330  data: 0.0000  max mem: 5880
      ITM Evaluation: [3700/6156]  eta: 0:01:23    time: 0.0323  data: 0.0000  max mem: 5880
      ITM Evaluation: [3800/6156]  eta: 0:01:20    time: 0.0324  data: 0.0000  max mem: 5880
      ITM Evaluation: [3900/6156]  eta: 0:01:16    time: 0.0324  data: 0.0000  max mem: 5880
      ITM Evaluation: [4000/6156]  eta: 0:01:13    time: 0.0331  data: 0.0000  max mem: 5880
      ITM Evaluation: [4100/6156]  eta: 0:01:09    time: 0.0334  data: 0.0000  max mem: 5880
      ITM Evaluation: [4200/6156]  eta: 0:01:06    time: 0.0366  data: 0.0000  max mem: 5880
      ITM Evaluation: [4300/6156]  eta: 0:01:03    time: 0.0378  data: 0.0000  max mem: 5880
      ITM Evaluation: [4400/6156]  eta: 0:00:59    time: 0.0325  data: 0.0000  max mem: 5880
      ITM Evaluation: [4500/6156]  eta: 0:00:56    time: 0.0340  data: 0.0000  max mem: 5880
      ITM Evaluation: [4600/6156]  eta: 0:00:52    time: 0.0332  data: 0.0000  max mem: 5880
      ITM Evaluation: [4700/6156]  eta: 0:00:49    time: 0.0330  data: 0.0000  max mem: 5880
      ITM Evaluation: [4800/6156]  eta: 0:00:46    time: 0.0334  data: 0.0000  max mem: 5880
      ITM Evaluation: [4900/6156]  eta: 0:00:42    time: 0.0328  data: 0.0000  max mem: 5880
      ITM Evaluation: [5000/6156]  eta: 0:00:39    time: 0.0336  data: 0.0000  max mem: 5880
      ITM Evaluation: [5100/6156]  eta: 0:00:35    time: 0.0337  data: 0.0000  max mem: 5880
      ITM Evaluation: [5200/6156]  eta: 0:00:32    time: 0.0331  data: 0.0000  max mem: 5880
      ITM Evaluation: [5300/6156]  eta: 0:00:29    time: 0.0333  data: 0.0000  max mem: 5880
      ITM Evaluation: [5400/6156]  eta: 0:00:25    time: 0.0353  data: 0.0000  max mem: 5880
      ITM Evaluation: [5500/6156]  eta: 0:00:22    time: 0.0356  data: 0.0000  max mem: 5880
      ITM Evaluation: [5600/6156]  eta: 0:00:18    time: 0.0362  data: 0.0000  max mem: 5880
      ITM Evaluation: [5700/6156]  eta: 0:00:15    time: 0.0333  data: 0.0000  max mem: 5880
      ITM Evaluation: [5800/6156]  eta: 0:00:12    time: 0.0336  data: 0.0000  max mem: 5880
      ITM Evaluation: [5900/6156]  eta: 0:00:08    time: 0.0337  data: 0.0000  max mem: 5880
      ITM Evaluation: [6000/6156]  eta: 0:00:05    time: 0.0336  data: 0.0000  max mem: 5880
      ITM Evaluation: [6100/6156]  eta: 0:00:01    time: 0.0331  data: 0.0000  max mem: 5880
      ITM Evaluation: [6155/6156]  eta: 0:00:00    time: 0.0330  data: 0.0000  max mem: 5880
      ITM Evaluation: Total time: 0:03:28 (0.0340 s / it)
     total_time 209.06844758987427
     Computing matching score time 0:03:29
### TTA ITM Score: 
+-------+--------+--------+--------+--------+--------+
| epoch |   R1   |   R5   |  R10   |  mAP   |  mINP  |
+-------+--------+--------+--------+--------+--------+
|  -999 | 70.760 | 87.378 | 92.268 | 63.849 | 48.174 |
|  -999 | 76.170 | 89.457 | 93.600 | 65.570 | 47.372 |
|   0   | 69.672 | 88.564 | 92.982 | 62.595 | 45.854 |
|   1   | 47.888 | 80.994 | 90.286 | 47.353 | 33.589 |
|   2   | 50.991 | 83.415 | 91.537 | 50.399 | 36.168 |
|   3   | 55.929 | 86.355 | 92.333 | 54.241 | 38.659 |
|   4   | 42.235 | 79.370 | 90.091 | 45.742 | 33.681 |
|   5   | 47.433 | 82.310 | 91.114 | 48.907 | 35.469 |
|   6   | 53.996 | 85.494 | 92.138 | 53.121 | 38.073 |
|   7   | 50.893 | 84.064 | 91.699 | 51.596 | 37.396 |
|   8   | 46.459 | 81.871 | 91.212 | 48.395 | 35.418 |
|   9   | 53.964 | 85.088 | 92.203 | 52.933 | 38.242 |
|   10  | 54.110 | 85.007 | 92.008 | 53.258 | 38.178 |
|   11  | 50.877 | 83.463 | 91.585 | 50.976 | 36.877 |
|   12  | 54.516 | 84.990 | 92.154 | 53.347 | 38.407 |
+-------+--------+--------+--------+--------+--------+
     logs:  {'epo': 12, 'R1': 54.516, 'R5': 84.99, 'R10': 92.154, 'mAP': 53.347, 'mINP': 38.407, 'lr': 0.000118, 'entropy': 0.138789, 'loss': 2.740969}
      TTA Epoch: [13] [  0/384]  eta: 0:03:50  lr: 0.000115  entropy: 0.1656  loss: 2.7511  time: 0.6010  data: 0.4654  max mem: 5880
      TTA Epoch: [13] [100/384]  eta: 0:00:15  lr: 0.000113  entropy: 0.0901  loss: 2.7224  time: 0.0498  data: 0.0001  max mem: 5880
      TTA Epoch: [13] [200/384]  eta: 0:00:09  lr: 0.000111  entropy: 0.1243  loss: 2.7359  time: 0.0480  data: 0.0001  max mem: 5880
      TTA Epoch: [13] [300/384]  eta: 0:00:04  lr: 0.000109  entropy: 0.1220  loss: 2.7341  time: 0.0686  data: 0.0002  max mem: 5880
      TTA Epoch: [13] [383/384]  eta: 0:00:00  lr: 0.000108  entropy: 0.1584  loss: 2.7480  time: 0.0601  data: 0.0001  max mem: 5880
      TTA Epoch: [13] Total time: 0:00:21 (0.0558 s / it)
     Averaged stats: lr: 0.0001  entropy: 0.1321  loss: 2.7385
     itm tta time 0:00:21
     Computing matching score
      ITM Evaluation: [   0/6156]  eta: 0:07:15    time: 0.0708  data: 0.0111  max mem: 5880
      ITM Evaluation: [ 100/6156]  eta: 0:03:25    time: 0.0336  data: 0.0000  max mem: 5880
      ITM Evaluation: [ 200/6156]  eta: 0:03:20    time: 0.0334  data: 0.0000  max mem: 5880
      ITM Evaluation: [ 300/6156]  eta: 0:03:17    time: 0.0339  data: 0.0000  max mem: 5880
      ITM Evaluation: [ 400/6156]  eta: 0:03:15    time: 0.0360  data: 0.0000  max mem: 5880
      ITM Evaluation: [ 500/6156]  eta: 0:03:14    time: 0.0367  data: 0.0000  max mem: 5880
      ITM Evaluation: [ 600/6156]  eta: 0:03:12    time: 0.0360  data: 0.0000  max mem: 5880
      ITM Evaluation: [ 700/6156]  eta: 0:03:08    time: 0.0341  data: 0.0000  max mem: 5880
      ITM Evaluation: [ 800/6156]  eta: 0:03:04    time: 0.0334  data: 0.0000  max mem: 5880
      ITM Evaluation: [ 900/6156]  eta: 0:03:00    time: 0.0333  data: 0.0000  max mem: 5880
      ITM Evaluation: [1000/6156]  eta: 0:02:56    time: 0.0352  data: 0.0000  max mem: 5880
      ITM Evaluation: [1100/6156]  eta: 0:02:54    time: 0.0364  data: 0.0000  max mem: 5880
      ITM Evaluation: [1200/6156]  eta: 0:02:51    time: 0.0371  data: 0.0000  max mem: 5880
      ITM Evaluation: [1300/6156]  eta: 0:02:48    time: 0.0352  data: 0.0000  max mem: 5880
      ITM Evaluation: [1400/6156]  eta: 0:02:44    time: 0.0340  data: 0.0000  max mem: 5880
      ITM Evaluation: [1500/6156]  eta: 0:02:41    time: 0.0334  data: 0.0000  max mem: 5880
      ITM Evaluation: [1600/6156]  eta: 0:02:37    time: 0.0355  data: 0.0000  max mem: 5880
      ITM Evaluation: [1700/6156]  eta: 0:02:33    time: 0.0338  data: 0.0000  max mem: 5880
      ITM Evaluation: [1800/6156]  eta: 0:02:30    time: 0.0331  data: 0.0000  max mem: 5880
      ITM Evaluation: [1900/6156]  eta: 0:02:26    time: 0.0345  data: 0.0000  max mem: 5880
      ITM Evaluation: [2000/6156]  eta: 0:02:23    time: 0.0339  data: 0.0000  max mem: 5880
      ITM Evaluation: [2100/6156]  eta: 0:02:19    time: 0.0338  data: 0.0000  max mem: 5880
      ITM Evaluation: [2200/6156]  eta: 0:02:15    time: 0.0329  data: 0.0000  max mem: 5880
      ITM Evaluation: [2300/6156]  eta: 0:02:12    time: 0.0359  data: 0.0000  max mem: 5880
      ITM Evaluation: [2400/6156]  eta: 0:02:09    time: 0.0386  data: 0.0000  max mem: 5880
      ITM Evaluation: [2500/6156]  eta: 0:02:06    time: 0.0336  data: 0.0000  max mem: 5880
      ITM Evaluation: [2600/6156]  eta: 0:02:02    time: 0.0330  data: 0.0000  max mem: 5880
      ITM Evaluation: [2700/6156]  eta: 0:01:58    time: 0.0344  data: 0.0000  max mem: 5880
      ITM Evaluation: [2800/6156]  eta: 0:01:55    time: 0.0334  data: 0.0000  max mem: 5880
      ITM Evaluation: [2900/6156]  eta: 0:01:51    time: 0.0343  data: 0.0000  max mem: 5880
      ITM Evaluation: [3000/6156]  eta: 0:01:48    time: 0.0336  data: 0.0000  max mem: 5880
      ITM Evaluation: [3100/6156]  eta: 0:01:45    time: 0.0343  data: 0.0000  max mem: 5880
      ITM Evaluation: [3200/6156]  eta: 0:01:41    time: 0.0336  data: 0.0000  max mem: 5880
      ITM Evaluation: [3300/6156]  eta: 0:01:38    time: 0.0337  data: 0.0000  max mem: 5880
      ITM Evaluation: [3400/6156]  eta: 0:01:34    time: 0.0368  data: 0.0000  max mem: 5880
      ITM Evaluation: [3500/6156]  eta: 0:01:31    time: 0.0392  data: 0.0000  max mem: 5880
      ITM Evaluation: [3600/6156]  eta: 0:01:28    time: 0.0407  data: 0.0000  max mem: 5880
      ITM Evaluation: [3700/6156]  eta: 0:01:25    time: 0.0384  data: 0.0000  max mem: 5880
      ITM Evaluation: [3800/6156]  eta: 0:01:21    time: 0.0385  data: 0.0000  max mem: 5880
      ITM Evaluation: [3900/6156]  eta: 0:01:18    time: 0.0371  data: 0.0000  max mem: 5880
      ITM Evaluation: [4000/6156]  eta: 0:01:15    time: 0.0375  data: 0.0000  max mem: 5880
      ITM Evaluation: [4100/6156]  eta: 0:01:11    time: 0.0374  data: 0.0000  max mem: 5880
      ITM Evaluation: [4200/6156]  eta: 0:01:08    time: 0.0380  data: 0.0000  max mem: 5880
      ITM Evaluation: [4300/6156]  eta: 0:01:05    time: 0.0361  data: 0.0000  max mem: 5880
      ITM Evaluation: [4400/6156]  eta: 0:01:01    time: 0.0363  data: 0.0000  max mem: 5880
      ITM Evaluation: [4500/6156]  eta: 0:00:58    time: 0.0385  data: 0.0000  max mem: 5880
      ITM Evaluation: [4600/6156]  eta: 0:00:54    time: 0.0400  data: 0.0000  max mem: 5880
      ITM Evaluation: [4700/6156]  eta: 0:00:51    time: 0.0369  data: 0.0000  max mem: 5880
      ITM Evaluation: [4800/6156]  eta: 0:00:47    time: 0.0359  data: 0.0000  max mem: 5880
      ITM Evaluation: [4900/6156]  eta: 0:00:44    time: 0.0363  data: 0.0000  max mem: 5880
      ITM Evaluation: [5000/6156]  eta: 0:00:40    time: 0.0360  data: 0.0000  max mem: 5880
      ITM Evaluation: [5100/6156]  eta: 0:00:37    time: 0.0407  data: 0.0000  max mem: 5880
      ITM Evaluation: [5200/6156]  eta: 0:00:34    time: 0.0415  data: 0.0000  max mem: 5880
      ITM Evaluation: [5300/6156]  eta: 0:00:30    time: 0.0346  data: 0.0000  max mem: 5880
      ITM Evaluation: [5400/6156]  eta: 0:00:27    time: 0.0351  data: 0.0000  max mem: 5880
      ITM Evaluation: [5500/6156]  eta: 0:00:23    time: 0.0358  data: 0.0000  max mem: 5880
      ITM Evaluation: [5600/6156]  eta: 0:00:19    time: 0.0354  data: 0.0000  max mem: 5880
      ITM Evaluation: [5700/6156]  eta: 0:00:16    time: 0.0337  data: 0.0000  max mem: 5880
      ITM Evaluation: [5800/6156]  eta: 0:00:12    time: 0.0333  data: 0.0000  max mem: 5880
      ITM Evaluation: [5900/6156]  eta: 0:00:09    time: 0.0341  data: 0.0000  max mem: 5880
      ITM Evaluation: [6000/6156]  eta: 0:00:05    time: 0.0343  data: 0.0000  max mem: 5880
      ITM Evaluation: [6100/6156]  eta: 0:00:01    time: 0.0349  data: 0.0000  max mem: 5880
      ITM Evaluation: [6155/6156]  eta: 0:00:00    time: 0.0349  data: 0.0000  max mem: 5880
      ITM Evaluation: Total time: 0:03:39 (0.0356 s / it)
     total_time 219.15333461761475
     Computing matching score time 0:03:39
### TTA ITM Score: 
+-------+--------+--------+--------+--------+--------+
| epoch |   R1   |   R5   |  R10   |  mAP   |  mINP  |
+-------+--------+--------+--------+--------+--------+
|  -999 | 70.760 | 87.378 | 92.268 | 63.849 | 48.174 |
|  -999 | 76.170 | 89.457 | 93.600 | 65.570 | 47.372 |
|   0   | 69.672 | 88.564 | 92.982 | 62.595 | 45.854 |
|   1   | 47.888 | 80.994 | 90.286 | 47.353 | 33.589 |
|   2   | 50.991 | 83.415 | 91.537 | 50.399 | 36.168 |
|   3   | 55.929 | 86.355 | 92.333 | 54.241 | 38.659 |
|   4   | 42.235 | 79.370 | 90.091 | 45.742 | 33.681 |
|   5   | 47.433 | 82.310 | 91.114 | 48.907 | 35.469 |
|   6   | 53.996 | 85.494 | 92.138 | 53.121 | 38.073 |
|   7   | 50.893 | 84.064 | 91.699 | 51.596 | 37.396 |
|   8   | 46.459 | 81.871 | 91.212 | 48.395 | 35.418 |
|   9   | 53.964 | 85.088 | 92.203 | 52.933 | 38.242 |
|   10  | 54.110 | 85.007 | 92.008 | 53.258 | 38.178 |
|   11  | 50.877 | 83.463 | 91.585 | 50.976 | 36.877 |
|   12  | 54.516 | 84.990 | 92.154 | 53.347 | 38.407 |
|   13  | 57.716 | 86.290 | 92.528 | 55.240 | 39.779 |
+-------+--------+--------+--------+--------+--------+
     logs:  {'epo': 13, 'R1': 57.716, 'R5': 86.29, 'R10': 92.528, 'mAP': 55.24, 'mINP': 39.779, 'lr': 0.000111, 'entropy': 0.132148, 'loss': 2.738499}
      TTA Epoch: [14] [  0/384]  eta: 0:03:44  lr: 0.000108  entropy: 0.0621  loss: 2.7125  time: 0.5835  data: 0.4860  max mem: 5880
      TTA Epoch: [14] [100/384]  eta: 0:00:18  lr: 0.000106  entropy: 0.1182  loss: 2.7336  time: 0.0580  data: 0.0001  max mem: 5880
      TTA Epoch: [14] [200/384]  eta: 0:00:10  lr: 0.000104  entropy: 0.2429  loss: 2.7793  time: 0.0514  data: 0.0001  max mem: 5880
      TTA Epoch: [14] [300/384]  eta: 0:00:04  lr: 0.000103  entropy: 0.1968  loss: 2.7627  time: 0.0490  data: 0.0001  max mem: 5880
      TTA Epoch: [14] [383/384]  eta: 0:00:00  lr: 0.000101  entropy: 0.0445  loss: 2.7053  time: 0.0451  data: 0.0001  max mem: 5880
      TTA Epoch: [14] Total time: 0:00:20 (0.0539 s / it)
     Averaged stats: lr: 0.0001  entropy: 0.1367  loss: 2.7402
     itm tta time 0:00:20
     Computing matching score
      ITM Evaluation: [   0/6156]  eta: 0:04:44    time: 0.0462  data: 0.0057  max mem: 5880
      ITM Evaluation: [ 100/6156]  eta: 0:03:30    time: 0.0364  data: 0.0000  max mem: 5880
      ITM Evaluation: [ 200/6156]  eta: 0:03:26    time: 0.0349  data: 0.0000  max mem: 5880
      ITM Evaluation: [ 300/6156]  eta: 0:03:21    time: 0.0341  data: 0.0000  max mem: 5880
      ITM Evaluation: [ 400/6156]  eta: 0:03:17    time: 0.0342  data: 0.0000  max mem: 5880
      ITM Evaluation: [ 500/6156]  eta: 0:03:13    time: 0.0334  data: 0.0000  max mem: 5880
      ITM Evaluation: [ 600/6156]  eta: 0:03:10    time: 0.0335  data: 0.0000  max mem: 5880
      ITM Evaluation: [ 700/6156]  eta: 0:03:08    time: 0.0363  data: 0.0000  max mem: 5880
      ITM Evaluation: [ 800/6156]  eta: 0:03:05    time: 0.0372  data: 0.0000  max mem: 5880
      ITM Evaluation: [ 900/6156]  eta: 0:03:02    time: 0.0354  data: 0.0000  max mem: 5880
      ITM Evaluation: [1000/6156]  eta: 0:02:58    time: 0.0331  data: 0.0000  max mem: 5880
      ITM Evaluation: [1100/6156]  eta: 0:02:54    time: 0.0340  data: 0.0000  max mem: 5880
      ITM Evaluation: [1200/6156]  eta: 0:02:51    time: 0.0341  data: 0.0000  max mem: 5880
      ITM Evaluation: [1300/6156]  eta: 0:02:47    time: 0.0337  data: 0.0000  max mem: 5880
      ITM Evaluation: [1400/6156]  eta: 0:02:43    time: 0.0343  data: 0.0000  max mem: 5880
      ITM Evaluation: [1500/6156]  eta: 0:02:40    time: 0.0338  data: 0.0000  max mem: 5880
      ITM Evaluation: [1600/6156]  eta: 0:02:36    time: 0.0341  data: 0.0000  max mem: 5880
      ITM Evaluation: [1700/6156]  eta: 0:02:32    time: 0.0337  data: 0.0000  max mem: 5880
      ITM Evaluation: [1800/6156]  eta: 0:02:29    time: 0.0338  data: 0.0000  max mem: 5880
      ITM Evaluation: [1900/6156]  eta: 0:02:25    time: 0.0349  data: 0.0000  max mem: 5880
      ITM Evaluation: [2000/6156]  eta: 0:02:22    time: 0.0357  data: 0.0000  max mem: 5880
      ITM Evaluation: [2100/6156]  eta: 0:02:19    time: 0.0364  data: 0.0000  max mem: 5880
      ITM Evaluation: [2200/6156]  eta: 0:02:16    time: 0.0340  data: 0.0000  max mem: 5880
      ITM Evaluation: [2300/6156]  eta: 0:02:12    time: 0.0328  data: 0.0000  max mem: 5880
      ITM Evaluation: [2400/6156]  eta: 0:02:08    time: 0.0331  data: 0.0000  max mem: 5880
      ITM Evaluation: [2500/6156]  eta: 0:02:05    time: 0.0336  data: 0.0000  max mem: 5880
      ITM Evaluation: [2600/6156]  eta: 0:02:02    time: 0.0360  data: 0.0000  max mem: 5880
      ITM Evaluation: [2700/6156]  eta: 0:01:58    time: 0.0378  data: 0.0000  max mem: 5880
      ITM Evaluation: [2800/6156]  eta: 0:01:55    time: 0.0395  data: 0.0000  max mem: 5880
      ITM Evaluation: [2900/6156]  eta: 0:01:52    time: 0.0353  data: 0.0000  max mem: 5880
      ITM Evaluation: [3000/6156]  eta: 0:01:49    time: 0.0376  data: 0.0000  max mem: 5880
      ITM Evaluation: [3100/6156]  eta: 0:01:46    time: 0.0422  data: 0.0000  max mem: 5880
      ITM Evaluation: [3200/6156]  eta: 0:01:42    time: 0.0377  data: 0.0000  max mem: 5880
      ITM Evaluation: [3300/6156]  eta: 0:01:39    time: 0.0394  data: 0.0000  max mem: 5880
      ITM Evaluation: [3400/6156]  eta: 0:01:36    time: 0.0364  data: 0.0000  max mem: 5880
      ITM Evaluation: [3500/6156]  eta: 0:01:33    time: 0.0354  data: 0.0000  max mem: 5880
      ITM Evaluation: [3600/6156]  eta: 0:01:29    time: 0.0365  data: 0.0000  max mem: 5880
      ITM Evaluation: [3700/6156]  eta: 0:01:26    time: 0.0392  data: 0.0000  max mem: 5880
      ITM Evaluation: [3800/6156]  eta: 0:01:23    time: 0.0364  data: 0.0000  max mem: 5880
      ITM Evaluation: [3900/6156]  eta: 0:01:19    time: 0.0399  data: 0.0000  max mem: 5880
      ITM Evaluation: [4000/6156]  eta: 0:01:16    time: 0.0364  data: 0.0000  max mem: 5880
      ITM Evaluation: [4100/6156]  eta: 0:01:12    time: 0.0364  data: 0.0000  max mem: 5880
      ITM Evaluation: [4200/6156]  eta: 0:01:09    time: 0.0379  data: 0.0000  max mem: 5880
      ITM Evaluation: [4300/6156]  eta: 0:01:06    time: 0.0416  data: 0.0000  max mem: 5880
      ITM Evaluation: [4400/6156]  eta: 0:01:02    time: 0.0457  data: 0.0000  max mem: 5880
      ITM Evaluation: [4500/6156]  eta: 0:00:59    time: 0.0449  data: 0.0000  max mem: 5880
      ITM Evaluation: [4600/6156]  eta: 0:00:56    time: 0.0456  data: 0.0000  max mem: 5880
      ITM Evaluation: [4700/6156]  eta: 0:00:52    time: 0.0469  data: 0.0000  max mem: 5880
      ITM Evaluation: [4800/6156]  eta: 0:00:49    time: 0.0344  data: 0.0000  max mem: 5880
      ITM Evaluation: [4900/6156]  eta: 0:00:45    time: 0.0334  data: 0.0000  max mem: 5880
      ITM Evaluation: [5000/6156]  eta: 0:00:42    time: 0.0333  data: 0.0000  max mem: 5880
      ITM Evaluation: [5100/6156]  eta: 0:00:38    time: 0.0343  data: 0.0000  max mem: 5880
      ITM Evaluation: [5200/6156]  eta: 0:00:34    time: 0.0348  data: 0.0000  max mem: 5880
      ITM Evaluation: [5300/6156]  eta: 0:00:31    time: 0.0359  data: 0.0000  max mem: 5880
      ITM Evaluation: [5400/6156]  eta: 0:00:27    time: 0.0367  data: 0.0000  max mem: 5880
      ITM Evaluation: [5500/6156]  eta: 0:00:23    time: 0.0393  data: 0.0000  max mem: 5880
      ITM Evaluation: [5600/6156]  eta: 0:00:20    time: 0.0415  data: 0.0000  max mem: 5880
      ITM Evaluation: [5700/6156]  eta: 0:00:16    time: 0.0368  data: 0.0000  max mem: 5880
      ITM Evaluation: [5800/6156]  eta: 0:00:13    time: 0.0339  data: 0.0000  max mem: 5880
      ITM Evaluation: [5900/6156]  eta: 0:00:09    time: 0.0364  data: 0.0000  max mem: 5880
      ITM Evaluation: [6000/6156]  eta: 0:00:05    time: 0.0372  data: 0.0000  max mem: 5880
      ITM Evaluation: [6100/6156]  eta: 0:00:02    time: 0.0362  data: 0.0000  max mem: 5880
      ITM Evaluation: [6155/6156]  eta: 0:00:00    time: 0.0353  data: 0.0000  max mem: 5880
      ITM Evaluation: Total time: 0:03:44 (0.0365 s / it)
     total_time 224.91744780540466
     Computing matching score time 0:03:44
### TTA ITM Score: 
+-------+--------+--------+--------+--------+--------+
| epoch |   R1   |   R5   |  R10   |  mAP   |  mINP  |
+-------+--------+--------+--------+--------+--------+
|  -999 | 70.760 | 87.378 | 92.268 | 63.849 | 48.174 |
|  -999 | 76.170 | 89.457 | 93.600 | 65.570 | 47.372 |
|   0   | 69.672 | 88.564 | 92.982 | 62.595 | 45.854 |
|   1   | 47.888 | 80.994 | 90.286 | 47.353 | 33.589 |
|   2   | 50.991 | 83.415 | 91.537 | 50.399 | 36.168 |
|   3   | 55.929 | 86.355 | 92.333 | 54.241 | 38.659 |
|   4   | 42.235 | 79.370 | 90.091 | 45.742 | 33.681 |
|   5   | 47.433 | 82.310 | 91.114 | 48.907 | 35.469 |
|   6   | 53.996 | 85.494 | 92.138 | 53.121 | 38.073 |
|   7   | 50.893 | 84.064 | 91.699 | 51.596 | 37.396 |
|   8   | 46.459 | 81.871 | 91.212 | 48.395 | 35.418 |
|   9   | 53.964 | 85.088 | 92.203 | 52.933 | 38.242 |
|   10  | 54.110 | 85.007 | 92.008 | 53.258 | 38.178 |
|   11  | 50.877 | 83.463 | 91.585 | 50.976 | 36.877 |
|   12  | 54.516 | 84.990 | 92.154 | 53.347 | 38.407 |
|   13  | 57.716 | 86.290 | 92.528 | 55.240 | 39.779 |
|   14  | 59.617 | 86.793 | 92.576 | 56.434 | 40.604 |
+-------+--------+--------+--------+--------+--------+
     logs:  {'epo': 14, 'R1': 59.617, 'R5': 86.793, 'R10': 92.576, 'mAP': 56.434, 'mINP': 40.604, 'lr': 0.000105, 'entropy': 0.1367, 'loss': 2.74019}
      TTA Epoch: [15] [  0/384]  eta: 0:04:53  lr: 0.000101  entropy: 0.1841  loss: 2.7581  time: 0.7636  data: 0.6446  max mem: 5880
      TTA Epoch: [15] [100/384]  eta: 0:00:20  lr: 0.000099  entropy: 0.1618  loss: 2.7486  time: 0.0804  data: 0.0002  max mem: 5880
      TTA Epoch: [15] [200/384]  eta: 0:00:12  lr: 0.000098  entropy: 0.1165  loss: 2.7329  time: 0.0607  data: 0.0002  max mem: 5880
      TTA Epoch: [15] [300/384]  eta: 0:00:05  lr: 0.000096  entropy: 0.1002  loss: 2.7264  time: 0.0599  data: 0.0003  max mem: 5880
      TTA Epoch: [15] [383/384]  eta: 0:00:00  lr: 0.000094  entropy: 0.1020  loss: 2.7270  time: 0.0577  data: 0.0009  max mem: 5880
      TTA Epoch: [15] Total time: 0:00:24 (0.0650 s / it)
     Averaged stats: lr: 0.0001  entropy: 0.1279  loss: 2.7369
     itm tta time 0:00:25
     Computing matching score
      ITM Evaluation: [   0/6156]  eta: 0:04:32    time: 0.0442  data: 0.0076  max mem: 5880
      ITM Evaluation: [ 100/6156]  eta: 0:04:47    time: 0.0395  data: 0.0000  max mem: 5880
      ITM Evaluation: [ 200/6156]  eta: 0:04:26    time: 0.0371  data: 0.0000  max mem: 5880
      ITM Evaluation: [ 300/6156]  eta: 0:04:01    time: 0.0349  data: 0.0000  max mem: 5880
      ITM Evaluation: [ 400/6156]  eta: 0:03:47    time: 0.0353  data: 0.0000  max mem: 5880
      ITM Evaluation: [ 500/6156]  eta: 0:03:39    time: 0.0335  data: 0.0000  max mem: 5880
      ITM Evaluation: [ 600/6156]  eta: 0:03:33    time: 0.0367  data: 0.0000  max mem: 5880
      ITM Evaluation: [ 700/6156]  eta: 0:03:28    time: 0.0359  data: 0.0000  max mem: 5880
      ITM Evaluation: [ 800/6156]  eta: 0:03:23    time: 0.0367  data: 0.0000  max mem: 5880
      ITM Evaluation: [ 900/6156]  eta: 0:03:17    time: 0.0363  data: 0.0000  max mem: 5880
      ITM Evaluation: [1000/6156]  eta: 0:03:13    time: 0.0351  data: 0.0000  max mem: 5880
      ITM Evaluation: [1100/6156]  eta: 0:03:09    time: 0.0363  data: 0.0000  max mem: 5880
      ITM Evaluation: [1200/6156]  eta: 0:03:11    time: 0.0388  data: 0.0000  max mem: 5880
      ITM Evaluation: [1300/6156]  eta: 0:03:08    time: 0.0381  data: 0.0000  max mem: 5880
      ITM Evaluation: [1400/6156]  eta: 0:03:03    time: 0.0392  data: 0.0000  max mem: 5880
      ITM Evaluation: [1500/6156]  eta: 0:02:58    time: 0.0356  data: 0.0000  max mem: 5880
      ITM Evaluation: [1600/6156]  eta: 0:02:55    time: 0.0437  data: 0.0000  max mem: 5880
      ITM Evaluation: [1700/6156]  eta: 0:02:51    time: 0.0339  data: 0.0000  max mem: 5880
      ITM Evaluation: [1800/6156]  eta: 0:02:46    time: 0.0329  data: 0.0000  max mem: 5880
      ITM Evaluation: [1900/6156]  eta: 0:02:41    time: 0.0333  data: 0.0000  max mem: 5880
      ITM Evaluation: [2000/6156]  eta: 0:02:37    time: 0.0359  data: 0.0000  max mem: 5880
      ITM Evaluation: [2100/6156]  eta: 0:02:33    time: 0.0384  data: 0.0000  max mem: 5880
      ITM Evaluation: [2200/6156]  eta: 0:02:29    time: 0.0415  data: 0.0000  max mem: 5880
      ITM Evaluation: [2300/6156]  eta: 0:02:26    time: 0.0404  data: 0.0000  max mem: 5880
      ITM Evaluation: [2400/6156]  eta: 0:02:22    time: 0.0387  data: 0.0000  max mem: 5880
      ITM Evaluation: [2500/6156]  eta: 0:02:19    time: 0.0426  data: 0.0000  max mem: 5880
      ITM Evaluation: [2600/6156]  eta: 0:02:15    time: 0.0383  data: 0.0000  max mem: 5880
      ITM Evaluation: [2700/6156]  eta: 0:02:12    time: 0.0398  data: 0.0000  max mem: 5880
      ITM Evaluation: [2800/6156]  eta: 0:02:08    time: 0.0412  data: 0.0000  max mem: 5880
      ITM Evaluation: [2900/6156]  eta: 0:02:05    time: 0.0438  data: 0.0000  max mem: 5880
      ITM Evaluation: [3000/6156]  eta: 0:02:01    time: 0.0342  data: 0.0000  max mem: 5880
      ITM Evaluation: [3100/6156]  eta: 0:01:57    time: 0.0349  data: 0.0000  max mem: 5880
      ITM Evaluation: [3200/6156]  eta: 0:01:53    time: 0.0343  data: 0.0000  max mem: 5880
      ITM Evaluation: [3300/6156]  eta: 0:01:49    time: 0.0347  data: 0.0000  max mem: 5880
      ITM Evaluation: [3400/6156]  eta: 0:01:45    time: 0.0350  data: 0.0000  max mem: 5880
      ITM Evaluation: [3500/6156]  eta: 0:01:41    time: 0.0346  data: 0.0000  max mem: 5880
      ITM Evaluation: [3600/6156]  eta: 0:01:36    time: 0.0344  data: 0.0000  max mem: 5880
      ITM Evaluation: [3700/6156]  eta: 0:01:32    time: 0.0345  data: 0.0000  max mem: 5880
      ITM Evaluation: [3800/6156]  eta: 0:01:28    time: 0.0356  data: 0.0000  max mem: 5880
      ITM Evaluation: [3900/6156]  eta: 0:01:25    time: 0.0349  data: 0.0000  max mem: 5880
      ITM Evaluation: [4000/6156]  eta: 0:01:21    time: 0.0359  data: 0.0000  max mem: 5880
      ITM Evaluation: [4100/6156]  eta: 0:01:17    time: 0.0356  data: 0.0000  max mem: 5880
      ITM Evaluation: [4200/6156]  eta: 0:01:13    time: 0.0340  data: 0.0000  max mem: 5880
      ITM Evaluation: [4300/6156]  eta: 0:01:09    time: 0.0352  data: 0.0000  max mem: 5880
      ITM Evaluation: [4400/6156]  eta: 0:01:05    time: 0.0345  data: 0.0000  max mem: 5880
      ITM Evaluation: [4500/6156]  eta: 0:01:01    time: 0.0347  data: 0.0000  max mem: 5880
      ITM Evaluation: [4600/6156]  eta: 0:00:57    time: 0.0340  data: 0.0000  max mem: 5880
      ITM Evaluation: [4700/6156]  eta: 0:00:54    time: 0.0342  data: 0.0000  max mem: 5880
      ITM Evaluation: [4800/6156]  eta: 0:00:50    time: 0.0342  data: 0.0000  max mem: 5880
      ITM Evaluation: [4900/6156]  eta: 0:00:46    time: 0.0364  data: 0.0000  max mem: 5880
      ITM Evaluation: [5000/6156]  eta: 0:00:42    time: 0.0365  data: 0.0000  max mem: 5880
      ITM Evaluation: [5100/6156]  eta: 0:00:39    time: 0.0363  data: 0.0000  max mem: 5880
      ITM Evaluation: [5200/6156]  eta: 0:00:35    time: 0.0388  data: 0.0000  max mem: 5880
      ITM Evaluation: [5300/6156]  eta: 0:00:31    time: 0.0402  data: 0.0000  max mem: 5880
      ITM Evaluation: [5400/6156]  eta: 0:00:28    time: 0.0372  data: 0.0000  max mem: 5880
      ITM Evaluation: [5500/6156]  eta: 0:00:24    time: 0.0362  data: 0.0000  max mem: 5880
      ITM Evaluation: [5600/6156]  eta: 0:00:20    time: 0.0376  data: 0.0000  max mem: 5880
      ITM Evaluation: [5700/6156]  eta: 0:00:16    time: 0.0366  data: 0.0000  max mem: 5880
      ITM Evaluation: [5800/6156]  eta: 0:00:13    time: 0.0368  data: 0.0000  max mem: 5880
      ITM Evaluation: [5900/6156]  eta: 0:00:09    time: 0.0369  data: 0.0000  max mem: 5880
      ITM Evaluation: [6000/6156]  eta: 0:00:05    time: 0.0360  data: 0.0000  max mem: 5880
      ITM Evaluation: [6100/6156]  eta: 0:00:02    time: 0.0360  data: 0.0000  max mem: 5880
      ITM Evaluation: [6155/6156]  eta: 0:00:00    time: 0.0361  data: 0.0000  max mem: 5880
      ITM Evaluation: Total time: 0:03:48 (0.0371 s / it)
     total_time 228.74700140953064
     Computing matching score time 0:03:48
### TTA ITM Score: 
+-------+--------+--------+--------+--------+--------+
| epoch |   R1   |   R5   |  R10   |  mAP   |  mINP  |
+-------+--------+--------+--------+--------+--------+
|  -999 | 70.760 | 87.378 | 92.268 | 63.849 | 48.174 |
|  -999 | 76.170 | 89.457 | 93.600 | 65.570 | 47.372 |
|   0   | 69.672 | 88.564 | 92.982 | 62.595 | 45.854 |
|   1   | 47.888 | 80.994 | 90.286 | 47.353 | 33.589 |
|   2   | 50.991 | 83.415 | 91.537 | 50.399 | 36.168 |
|   3   | 55.929 | 86.355 | 92.333 | 54.241 | 38.659 |
|   4   | 42.235 | 79.370 | 90.091 | 45.742 | 33.681 |
|   5   | 47.433 | 82.310 | 91.114 | 48.907 | 35.469 |
|   6   | 53.996 | 85.494 | 92.138 | 53.121 | 38.073 |
|   7   | 50.893 | 84.064 | 91.699 | 51.596 | 37.396 |
|   8   | 46.459 | 81.871 | 91.212 | 48.395 | 35.418 |
|   9   | 53.964 | 85.088 | 92.203 | 52.933 | 38.242 |
|   10  | 54.110 | 85.007 | 92.008 | 53.258 | 38.178 |
|   11  | 50.877 | 83.463 | 91.585 | 50.976 | 36.877 |
|   12  | 54.516 | 84.990 | 92.154 | 53.347 | 38.407 |
|   13  | 57.716 | 86.290 | 92.528 | 55.240 | 39.779 |
|   14  | 59.617 | 86.793 | 92.576 | 56.434 | 40.604 |
|   15  | 59.698 | 86.793 | 92.528 | 56.496 | 40.718 |
+-------+--------+--------+--------+--------+--------+
     logs:  {'epo': 15, 'R1': 59.698, 'R5': 86.793, 'R10': 92.528, 'mAP': 56.496, 'mINP': 40.718, 'lr': 9.8e-05, 'entropy': 0.127915, 'loss': 2.736922}
      TTA Epoch: [16] [  0/384]  eta: 0:03:33  lr: 0.000094  entropy: 0.1038  loss: 2.7282  time: 0.5554  data: 0.4499  max mem: 5880
      TTA Epoch: [16] [100/384]  eta: 0:00:17  lr: 0.000093  entropy: 0.0441  loss: 2.7054  time: 0.0566  data: 0.0001  max mem: 5880
      TTA Epoch: [16] [200/384]  eta: 0:00:11  lr: 0.000091  entropy: 0.2050  loss: 2.7648  time: 0.0522  data: 0.0007  max mem: 5880
      TTA Epoch: [16] [300/384]  eta: 0:00:04  lr: 0.000089  entropy: 0.1873  loss: 2.7585  time: 0.0482  data: 0.0001  max mem: 5880
      TTA Epoch: [16] [383/384]  eta: 0:00:00  lr: 0.000088  entropy: 0.1762  loss: 2.7551  time: 0.0448  data: 0.0001  max mem: 5880
      TTA Epoch: [16] Total time: 0:00:21 (0.0549 s / it)
     Averaged stats: lr: 0.0001  entropy: 0.1292  loss: 2.7374
     itm tta time 0:00:21
     Computing matching score
      ITM Evaluation: [   0/6156]  eta: 0:04:16    time: 0.0416  data: 0.0063  max mem: 5880
      ITM Evaluation: [ 100/6156]  eta: 0:03:38    time: 0.0358  data: 0.0000  max mem: 5880
      ITM Evaluation: [ 200/6156]  eta: 0:03:34    time: 0.0357  data: 0.0000  max mem: 5880
      ITM Evaluation: [ 300/6156]  eta: 0:03:32    time: 0.0369  data: 0.0000  max mem: 5880
      ITM Evaluation: [ 400/6156]  eta: 0:03:27    time: 0.0357  data: 0.0000  max mem: 5880
      ITM Evaluation: [ 500/6156]  eta: 0:03:24    time: 0.0363  data: 0.0000  max mem: 5880
      ITM Evaluation: [ 600/6156]  eta: 0:03:20    time: 0.0362  data: 0.0000  max mem: 5880
      ITM Evaluation: [ 700/6156]  eta: 0:03:18    time: 0.0385  data: 0.0000  max mem: 5880
      ITM Evaluation: [ 800/6156]  eta: 0:03:16    time: 0.0381  data: 0.0000  max mem: 5880
      ITM Evaluation: [ 900/6156]  eta: 0:03:13    time: 0.0370  data: 0.0000  max mem: 5880
      ITM Evaluation: [1000/6156]  eta: 0:03:10    time: 0.0363  data: 0.0000  max mem: 5880
      ITM Evaluation: [1100/6156]  eta: 0:03:06    time: 0.0372  data: 0.0000  max mem: 5880
      ITM Evaluation: [1200/6156]  eta: 0:03:02    time: 0.0355  data: 0.0000  max mem: 5880
      ITM Evaluation: [1300/6156]  eta: 0:02:58    time: 0.0357  data: 0.0000  max mem: 5880
      ITM Evaluation: [1400/6156]  eta: 0:02:54    time: 0.0365  data: 0.0000  max mem: 5880
      ITM Evaluation: [1500/6156]  eta: 0:02:50    time: 0.0368  data: 0.0000  max mem: 5880
      ITM Evaluation: [1600/6156]  eta: 0:02:47    time: 0.0365  data: 0.0000  max mem: 5880
      ITM Evaluation: [1700/6156]  eta: 0:02:43    time: 0.0361  data: 0.0000  max mem: 5880
      ITM Evaluation: [1800/6156]  eta: 0:02:39    time: 0.0362  data: 0.0000  max mem: 5880
      ITM Evaluation: [1900/6156]  eta: 0:02:36    time: 0.0386  data: 0.0000  max mem: 5880
      ITM Evaluation: [2000/6156]  eta: 0:02:33    time: 0.0388  data: 0.0000  max mem: 5880
      ITM Evaluation: [2100/6156]  eta: 0:02:29    time: 0.0385  data: 0.0000  max mem: 5880
      ITM Evaluation: [2200/6156]  eta: 0:02:26    time: 0.0373  data: 0.0000  max mem: 5880
      ITM Evaluation: [2300/6156]  eta: 0:02:22    time: 0.0368  data: 0.0000  max mem: 5880
      ITM Evaluation: [2400/6156]  eta: 0:02:18    time: 0.0362  data: 0.0000  max mem: 5880
      ITM Evaluation: [2500/6156]  eta: 0:02:14    time: 0.0365  data: 0.0000  max mem: 5880
      ITM Evaluation: [2600/6156]  eta: 0:02:10    time: 0.0354  data: 0.0000  max mem: 5880
      ITM Evaluation: [2700/6156]  eta: 0:02:07    time: 0.0360  data: 0.0000  max mem: 5880
      ITM Evaluation: [2800/6156]  eta: 0:02:03    time: 0.0361  data: 0.0000  max mem: 5880
      ITM Evaluation: [2900/6156]  eta: 0:01:59    time: 0.0359  data: 0.0000  max mem: 5880
      ITM Evaluation: [3000/6156]  eta: 0:01:55    time: 0.0389  data: 0.0000  max mem: 5880
      ITM Evaluation: [3100/6156]  eta: 0:01:52    time: 0.0375  data: 0.0000  max mem: 5880
      ITM Evaluation: [3200/6156]  eta: 0:01:48    time: 0.0370  data: 0.0000  max mem: 5880
      ITM Evaluation: [3300/6156]  eta: 0:01:45    time: 0.0356  data: 0.0000  max mem: 5880
      ITM Evaluation: [3400/6156]  eta: 0:01:41    time: 0.0358  data: 0.0000  max mem: 5880
      ITM Evaluation: [3500/6156]  eta: 0:01:37    time: 0.0359  data: 0.0000  max mem: 5880
      ITM Evaluation: [3600/6156]  eta: 0:01:33    time: 0.0369  data: 0.0000  max mem: 5880
      ITM Evaluation: [3700/6156]  eta: 0:01:30    time: 0.0362  data: 0.0000  max mem: 5880
      ITM Evaluation: [3800/6156]  eta: 0:01:26    time: 0.0359  data: 0.0000  max mem: 5880
      ITM Evaluation: [3900/6156]  eta: 0:01:22    time: 0.0359  data: 0.0000  max mem: 5880
      ITM Evaluation: [4000/6156]  eta: 0:01:19    time: 0.0361  data: 0.0000  max mem: 5880
      ITM Evaluation: [4100/6156]  eta: 0:01:15    time: 0.0370  data: 0.0000  max mem: 5880
      ITM Evaluation: [4200/6156]  eta: 0:01:11    time: 0.0378  data: 0.0000  max mem: 5880
      ITM Evaluation: [4300/6156]  eta: 0:01:08    time: 0.0388  data: 0.0000  max mem: 5880
      ITM Evaluation: [4400/6156]  eta: 0:01:04    time: 0.0380  data: 0.0000  max mem: 5880
      ITM Evaluation: [4500/6156]  eta: 0:01:00    time: 0.0366  data: 0.0000  max mem: 5880
      ITM Evaluation: [4600/6156]  eta: 0:00:57    time: 0.0358  data: 0.0000  max mem: 5880
      ITM Evaluation: [4700/6156]  eta: 0:00:53    time: 0.0370  data: 0.0000  max mem: 5880
      ITM Evaluation: [4800/6156]  eta: 0:00:49    time: 0.0367  data: 0.0000  max mem: 5880
      ITM Evaluation: [4900/6156]  eta: 0:00:46    time: 0.0360  data: 0.0000  max mem: 5880
      ITM Evaluation: [5000/6156]  eta: 0:00:42    time: 0.0356  data: 0.0000  max mem: 5880
      ITM Evaluation: [5100/6156]  eta: 0:00:38    time: 0.0355  data: 0.0000  max mem: 5880
      ITM Evaluation: [5200/6156]  eta: 0:00:35    time: 0.0366  data: 0.0000  max mem: 5880
      ITM Evaluation: [5300/6156]  eta: 0:00:31    time: 0.0367  data: 0.0000  max mem: 5880
      ITM Evaluation: [5400/6156]  eta: 0:00:27    time: 0.0387  data: 0.0000  max mem: 5880
      ITM Evaluation: [5500/6156]  eta: 0:00:24    time: 0.0394  data: 0.0000  max mem: 5880
      ITM Evaluation: [5600/6156]  eta: 0:00:20    time: 0.0399  data: 0.0000  max mem: 5880
      ITM Evaluation: [5700/6156]  eta: 0:00:16    time: 0.0357  data: 0.0000  max mem: 5880
      ITM Evaluation: [5800/6156]  eta: 0:00:13    time: 0.0364  data: 0.0000  max mem: 5880
      ITM Evaluation: [5900/6156]  eta: 0:00:09    time: 0.0352  data: 0.0000  max mem: 5880
      ITM Evaluation: [6000/6156]  eta: 0:00:05    time: 0.0359  data: 0.0000  max mem: 5880
      ITM Evaluation: [6100/6156]  eta: 0:00:02    time: 0.0354  data: 0.0000  max mem: 5880
      ITM Evaluation: [6155/6156]  eta: 0:00:00    time: 0.0360  data: 0.0000  max mem: 5880
      ITM Evaluation: Total time: 0:03:45 (0.0367 s / it)
     total_time 225.80776000022888
     Computing matching score time 0:03:45
### TTA ITM Score: 
+-------+--------+--------+--------+--------+--------+
| epoch |   R1   |   R5   |  R10   |  mAP   |  mINP  |
+-------+--------+--------+--------+--------+--------+
|  -999 | 70.760 | 87.378 | 92.268 | 63.849 | 48.174 |
|  -999 | 76.170 | 89.457 | 93.600 | 65.570 | 47.372 |
|   0   | 69.672 | 88.564 | 92.982 | 62.595 | 45.854 |
|   1   | 47.888 | 80.994 | 90.286 | 47.353 | 33.589 |
|   2   | 50.991 | 83.415 | 91.537 | 50.399 | 36.168 |
|   3   | 55.929 | 86.355 | 92.333 | 54.241 | 38.659 |
|   4   | 42.235 | 79.370 | 90.091 | 45.742 | 33.681 |
|   5   | 47.433 | 82.310 | 91.114 | 48.907 | 35.469 |
|   6   | 53.996 | 85.494 | 92.138 | 53.121 | 38.073 |
|   7   | 50.893 | 84.064 | 91.699 | 51.596 | 37.396 |
|   8   | 46.459 | 81.871 | 91.212 | 48.395 | 35.418 |
|   9   | 53.964 | 85.088 | 92.203 | 52.933 | 38.242 |
|   10  | 54.110 | 85.007 | 92.008 | 53.258 | 38.178 |
|   11  | 50.877 | 83.463 | 91.585 | 50.976 | 36.877 |
|   12  | 54.516 | 84.990 | 92.154 | 53.347 | 38.407 |
|   13  | 57.716 | 86.290 | 92.528 | 55.240 | 39.779 |
|   14  | 59.617 | 86.793 | 92.576 | 56.434 | 40.604 |
|   15  | 59.698 | 86.793 | 92.528 | 56.496 | 40.718 |
|   16  | 60.737 | 86.923 | 92.511 | 57.048 | 41.144 |
+-------+--------+--------+--------+--------+--------+
     logs:  {'epo': 16, 'R1': 60.737, 'R5': 86.923, 'R10': 92.511, 'mAP': 57.048, 'mINP': 41.144, 'lr': 9.1e-05, 'entropy': 0.12917, 'loss': 2.737388}
      TTA Epoch: [17] [  0/384]  eta: 0:03:33  lr: 0.000088  entropy: 0.1306  loss: 2.7380  time: 0.5561  data: 0.4588  max mem: 5880
      TTA Epoch: [17] [100/384]  eta: 0:00:14  lr: 0.000086  entropy: 0.0746  loss: 2.7176  time: 0.0468  data: 0.0001  max mem: 5880
      TTA Epoch: [17] [200/384]  eta: 0:00:09  lr: 0.000084  entropy: 0.1526  loss: 2.7457  time: 0.0518  data: 0.0001  max mem: 5880
      TTA Epoch: [17] [300/384]  eta: 0:00:04  lr: 0.000083  entropy: 0.0823  loss: 2.7206  time: 0.0607  data: 0.0002  max mem: 5880
      TTA Epoch: [17] [383/384]  eta: 0:00:00  lr: 0.000081  entropy: 0.0976  loss: 2.7254  time: 0.0445  data: 0.0001  max mem: 5880
      TTA Epoch: [17] Total time: 0:00:20 (0.0545 s / it)
     Averaged stats: lr: 0.0001  entropy: 0.1276  loss: 2.7368
     itm tta time 0:00:21
     Computing matching score
      ITM Evaluation: [   0/6156]  eta: 0:04:10    time: 0.0406  data: 0.0060  max mem: 5880
      ITM Evaluation: [ 100/6156]  eta: 0:03:37    time: 0.0356  data: 0.0000  max mem: 5880
      ITM Evaluation: [ 200/6156]  eta: 0:03:33    time: 0.0362  data: 0.0000  max mem: 5880
      ITM Evaluation: [ 300/6156]  eta: 0:03:30    time: 0.0360  data: 0.0000  max mem: 5880
      ITM Evaluation: [ 400/6156]  eta: 0:03:25    time: 0.0357  data: 0.0000  max mem: 5880
      ITM Evaluation: [ 500/6156]  eta: 0:03:22    time: 0.0357  data: 0.0000  max mem: 5880
      ITM Evaluation: [ 600/6156]  eta: 0:03:18    time: 0.0360  data: 0.0000  max mem: 5880
      ITM Evaluation: [ 700/6156]  eta: 0:03:16    time: 0.0383  data: 0.0000  max mem: 5880
      ITM Evaluation: [ 800/6156]  eta: 0:03:13    time: 0.0372  data: 0.0000  max mem: 5880
      ITM Evaluation: [ 900/6156]  eta: 0:03:10    time: 0.0382  data: 0.0000  max mem: 5880
      ITM Evaluation: [1000/6156]  eta: 0:03:08    time: 0.0412  data: 0.0000  max mem: 5880
      ITM Evaluation: [1100/6156]  eta: 0:03:07    time: 0.0414  data: 0.0000  max mem: 5880
      ITM Evaluation: [1200/6156]  eta: 0:03:05    time: 0.0401  data: 0.0000  max mem: 5880
      ITM Evaluation: [1300/6156]  eta: 0:03:01    time: 0.0358  data: 0.0000  max mem: 5880
      ITM Evaluation: [1400/6156]  eta: 0:02:57    time: 0.0361  data: 0.0000  max mem: 5880
      ITM Evaluation: [1500/6156]  eta: 0:02:53    time: 0.0366  data: 0.0000  max mem: 5880
      ITM Evaluation: [1600/6156]  eta: 0:02:49    time: 0.0375  data: 0.0000  max mem: 5880
      ITM Evaluation: [1700/6156]  eta: 0:02:45    time: 0.0366  data: 0.0000  max mem: 5880
      ITM Evaluation: [1800/6156]  eta: 0:02:41    time: 0.0378  data: 0.0000  max mem: 5880
      ITM Evaluation: [1900/6156]  eta: 0:02:38    time: 0.0380  data: 0.0000  max mem: 5880
      ITM Evaluation: [2000/6156]  eta: 0:02:34    time: 0.0359  data: 0.0000  max mem: 5880
      ITM Evaluation: [2100/6156]  eta: 0:02:30    time: 0.0363  data: 0.0000  max mem: 5880
      ITM Evaluation: [2200/6156]  eta: 0:02:26    time: 0.0378  data: 0.0000  max mem: 5880
      ITM Evaluation: [2300/6156]  eta: 0:02:23    time: 0.0382  data: 0.0000  max mem: 5880
      ITM Evaluation: [2400/6156]  eta: 0:02:19    time: 0.0358  data: 0.0000  max mem: 5880
      ITM Evaluation: [2500/6156]  eta: 0:02:15    time: 0.0357  data: 0.0000  max mem: 5880
      ITM Evaluation: [2600/6156]  eta: 0:02:11    time: 0.0358  data: 0.0000  max mem: 5880
      ITM Evaluation: [2700/6156]  eta: 0:02:07    time: 0.0358  data: 0.0000  max mem: 5880
      ITM Evaluation: [2800/6156]  eta: 0:02:03    time: 0.0354  data: 0.0000  max mem: 5880
      ITM Evaluation: [2900/6156]  eta: 0:02:00    time: 0.0366  data: 0.0000  max mem: 5880
      ITM Evaluation: [3000/6156]  eta: 0:01:56    time: 0.0363  data: 0.0000  max mem: 5880
      ITM Evaluation: [3100/6156]  eta: 0:01:52    time: 0.0363  data: 0.0000  max mem: 5880
      ITM Evaluation: [3200/6156]  eta: 0:01:48    time: 0.0356  data: 0.0000  max mem: 5880
      ITM Evaluation: [3300/6156]  eta: 0:01:45    time: 0.0390  data: 0.0000  max mem: 5880
      ITM Evaluation: [3400/6156]  eta: 0:01:41    time: 0.0370  data: 0.0000  max mem: 5880
      ITM Evaluation: [3500/6156]  eta: 0:01:37    time: 0.0380  data: 0.0000  max mem: 5880
      ITM Evaluation: [3600/6156]  eta: 0:01:34    time: 0.0356  data: 0.0000  max mem: 5880
      ITM Evaluation: [3700/6156]  eta: 0:01:30    time: 0.0351  data: 0.0000  max mem: 5880
      ITM Evaluation: [3800/6156]  eta: 0:01:26    time: 0.0351  data: 0.0000  max mem: 5880
      ITM Evaluation: [3900/6156]  eta: 0:01:22    time: 0.0355  data: 0.0000  max mem: 5880
      ITM Evaluation: [4000/6156]  eta: 0:01:19    time: 0.0354  data: 0.0000  max mem: 5880
      ITM Evaluation: [4100/6156]  eta: 0:01:15    time: 0.0356  data: 0.0000  max mem: 5880
      ITM Evaluation: [4200/6156]  eta: 0:01:11    time: 0.0374  data: 0.0000  max mem: 5880
      ITM Evaluation: [4300/6156]  eta: 0:01:08    time: 0.0358  data: 0.0000  max mem: 5880
      ITM Evaluation: [4400/6156]  eta: 0:01:04    time: 0.0365  data: 0.0000  max mem: 5880
      ITM Evaluation: [4500/6156]  eta: 0:01:00    time: 0.0377  data: 0.0000  max mem: 5880
      ITM Evaluation: [4600/6156]  eta: 0:00:57    time: 0.0379  data: 0.0000  max mem: 5880
      ITM Evaluation: [4700/6156]  eta: 0:00:53    time: 0.0371  data: 0.0000  max mem: 5880
      ITM Evaluation: [4800/6156]  eta: 0:00:49    time: 0.0358  data: 0.0000  max mem: 5880
      ITM Evaluation: [4900/6156]  eta: 0:00:46    time: 0.0354  data: 0.0000  max mem: 5880
      ITM Evaluation: [5000/6156]  eta: 0:00:42    time: 0.0358  data: 0.0000  max mem: 5880
      ITM Evaluation: [5100/6156]  eta: 0:00:38    time: 0.0364  data: 0.0000  max mem: 5880
      ITM Evaluation: [5200/6156]  eta: 0:00:35    time: 0.0359  data: 0.0000  max mem: 5880
      ITM Evaluation: [5300/6156]  eta: 0:00:31    time: 0.0353  data: 0.0000  max mem: 5880
      ITM Evaluation: [5400/6156]  eta: 0:00:27    time: 0.0349  data: 0.0000  max mem: 5880
      ITM Evaluation: [5500/6156]  eta: 0:00:23    time: 0.0355  data: 0.0000  max mem: 5880
      ITM Evaluation: [5600/6156]  eta: 0:00:20    time: 0.0348  data: 0.0000  max mem: 5880
      ITM Evaluation: [5700/6156]  eta: 0:00:16    time: 0.0382  data: 0.0000  max mem: 5880
      ITM Evaluation: [5800/6156]  eta: 0:00:13    time: 0.0376  data: 0.0000  max mem: 5880
      ITM Evaluation: [5900/6156]  eta: 0:00:09    time: 0.0377  data: 0.0000  max mem: 5880
      ITM Evaluation: [6000/6156]  eta: 0:00:05    time: 0.0357  data: 0.0000  max mem: 5880
      ITM Evaluation: [6100/6156]  eta: 0:00:02    time: 0.0346  data: 0.0000  max mem: 5880
      ITM Evaluation: [6155/6156]  eta: 0:00:00    time: 0.0343  data: 0.0000  max mem: 5880
      ITM Evaluation: Total time: 0:03:45 (0.0366 s / it)
     total_time 225.26665472984314
     Computing matching score time 0:03:45
### TTA ITM Score: 
+-------+--------+--------+--------+--------+--------+
| epoch |   R1   |   R5   |  R10   |  mAP   |  mINP  |
+-------+--------+--------+--------+--------+--------+
|  -999 | 70.760 | 87.378 | 92.268 | 63.849 | 48.174 |
|  -999 | 76.170 | 89.457 | 93.600 | 65.570 | 47.372 |
|   0   | 69.672 | 88.564 | 92.982 | 62.595 | 45.854 |
|   1   | 47.888 | 80.994 | 90.286 | 47.353 | 33.589 |
|   2   | 50.991 | 83.415 | 91.537 | 50.399 | 36.168 |
|   3   | 55.929 | 86.355 | 92.333 | 54.241 | 38.659 |
|   4   | 42.235 | 79.370 | 90.091 | 45.742 | 33.681 |
|   5   | 47.433 | 82.310 | 91.114 | 48.907 | 35.469 |
|   6   | 53.996 | 85.494 | 92.138 | 53.121 | 38.073 |
|   7   | 50.893 | 84.064 | 91.699 | 51.596 | 37.396 |
|   8   | 46.459 | 81.871 | 91.212 | 48.395 | 35.418 |
|   9   | 53.964 | 85.088 | 92.203 | 52.933 | 38.242 |
|   10  | 54.110 | 85.007 | 92.008 | 53.258 | 38.178 |
|   11  | 50.877 | 83.463 | 91.585 | 50.976 | 36.877 |
|   12  | 54.516 | 84.990 | 92.154 | 53.347 | 38.407 |
|   13  | 57.716 | 86.290 | 92.528 | 55.240 | 39.779 |
|   14  | 59.617 | 86.793 | 92.576 | 56.434 | 40.604 |
|   15  | 59.698 | 86.793 | 92.528 | 56.496 | 40.718 |
|   16  | 60.737 | 86.923 | 92.511 | 57.048 | 41.144 |
|   17  | 64.912 | 88.044 | 92.771 | 59.390 | 42.715 |
+-------+--------+--------+--------+--------+--------+
     logs:  {'epo': 17, 'R1': 64.912, 'R5': 88.044, 'R10': 92.771, 'mAP': 59.39, 'mINP': 42.715, 'lr': 8.4e-05, 'entropy': 0.127643, 'loss': 2.736818}
      TTA Epoch: [18] [  0/384]  eta: 0:03:29  lr: 0.000081  entropy: 0.1486  loss: 2.7443  time: 0.5466  data: 0.4402  max mem: 5880
      TTA Epoch: [18] [100/384]  eta: 0:00:15  lr: 0.000079  entropy: 0.1124  loss: 2.7316  time: 0.0552  data: 0.0001  max mem: 5880
      TTA Epoch: [18] [200/384]  eta: 0:00:09  lr: 0.000078  entropy: 0.3196  loss: 2.8088  time: 0.0506  data: 0.0001  max mem: 5880
      TTA Epoch: [18] [300/384]  eta: 0:00:04  lr: 0.000076  entropy: 0.0932  loss: 2.7244  time: 0.0535  data: 0.0001  max mem: 5880
      TTA Epoch: [18] [383/384]  eta: 0:00:00  lr: 0.000074  entropy: 0.0944  loss: 2.7237  time: 0.0466  data: 0.0001  max mem: 5880
      TTA Epoch: [18] Total time: 0:00:20 (0.0529 s / it)
     Averaged stats: lr: 0.0001  entropy: 0.1283  loss: 2.7370
     itm tta time 0:00:20
     Computing matching score
      ITM Evaluation: [   0/6156]  eta: 0:04:15    time: 0.0415  data: 0.0068  max mem: 5880
      ITM Evaluation: [ 100/6156]  eta: 0:03:32    time: 0.0371  data: 0.0000  max mem: 5880
      ITM Evaluation: [ 200/6156]  eta: 0:03:32    time: 0.0366  data: 0.0000  max mem: 5880
      ITM Evaluation: [ 300/6156]  eta: 0:03:28    time: 0.0348  data: 0.0000  max mem: 5880
      ITM Evaluation: [ 400/6156]  eta: 0:03:25    time: 0.0377  data: 0.0000  max mem: 5880
      ITM Evaluation: [ 500/6156]  eta: 0:03:22    time: 0.0368  data: 0.0000  max mem: 5880
      ITM Evaluation: [ 600/6156]  eta: 0:03:20    time: 0.0370  data: 0.0000  max mem: 5880
      ITM Evaluation: [ 700/6156]  eta: 0:03:15    time: 0.0346  data: 0.0000  max mem: 5880
      ITM Evaluation: [ 800/6156]  eta: 0:03:10    time: 0.0332  data: 0.0000  max mem: 5880
      ITM Evaluation: [ 900/6156]  eta: 0:03:06    time: 0.0337  data: 0.0000  max mem: 5880
      ITM Evaluation: [1000/6156]  eta: 0:03:02    time: 0.0336  data: 0.0000  max mem: 5880
      ITM Evaluation: [1100/6156]  eta: 0:02:58    time: 0.0353  data: 0.0000  max mem: 5880
      ITM Evaluation: [1200/6156]  eta: 0:02:54    time: 0.0342  data: 0.0000  max mem: 5880
      ITM Evaluation: [1300/6156]  eta: 0:02:50    time: 0.0339  data: 0.0000  max mem: 5880
      ITM Evaluation: [1400/6156]  eta: 0:02:46    time: 0.0336  data: 0.0000  max mem: 5880
      ITM Evaluation: [1500/6156]  eta: 0:02:42    time: 0.0340  data: 0.0000  max mem: 5880
      ITM Evaluation: [1600/6156]  eta: 0:02:39    time: 0.0349  data: 0.0000  max mem: 5880
      ITM Evaluation: [1700/6156]  eta: 0:02:36    time: 0.0383  data: 0.0000  max mem: 5880
      ITM Evaluation: [1800/6156]  eta: 0:02:33    time: 0.0373  data: 0.0000  max mem: 5880
      ITM Evaluation: [1900/6156]  eta: 0:02:30    time: 0.0356  data: 0.0000  max mem: 5880
      ITM Evaluation: [2000/6156]  eta: 0:02:26    time: 0.0356  data: 0.0000  max mem: 5880
      ITM Evaluation: [2100/6156]  eta: 0:02:23    time: 0.0355  data: 0.0000  max mem: 5880
      ITM Evaluation: [2200/6156]  eta: 0:02:19    time: 0.0353  data: 0.0000  max mem: 5880
      ITM Evaluation: [2300/6156]  eta: 0:02:16    time: 0.0356  data: 0.0000  max mem: 5880
      ITM Evaluation: [2400/6156]  eta: 0:02:12    time: 0.0365  data: 0.0000  max mem: 5880
      ITM Evaluation: [2500/6156]  eta: 0:02:09    time: 0.0356  data: 0.0000  max mem: 5880
      ITM Evaluation: [2600/6156]  eta: 0:02:05    time: 0.0357  data: 0.0000  max mem: 5880
      ITM Evaluation: [2700/6156]  eta: 0:02:02    time: 0.0345  data: 0.0000  max mem: 5880
      ITM Evaluation: [2800/6156]  eta: 0:01:58    time: 0.0368  data: 0.0000  max mem: 5880
      ITM Evaluation: [2900/6156]  eta: 0:01:55    time: 0.0368  data: 0.0000  max mem: 5880
      ITM Evaluation: [3000/6156]  eta: 0:01:52    time: 0.0367  data: 0.0000  max mem: 5880
      ITM Evaluation: [3100/6156]  eta: 0:01:48    time: 0.0374  data: 0.0000  max mem: 5880
      ITM Evaluation: [3200/6156]  eta: 0:01:45    time: 0.0349  data: 0.0000  max mem: 5880
      ITM Evaluation: [3300/6156]  eta: 0:01:41    time: 0.0337  data: 0.0000  max mem: 5880
      ITM Evaluation: [3400/6156]  eta: 0:01:37    time: 0.0345  data: 0.0000  max mem: 5880
      ITM Evaluation: [3500/6156]  eta: 0:01:34    time: 0.0347  data: 0.0000  max mem: 5880
      ITM Evaluation: [3600/6156]  eta: 0:01:30    time: 0.0346  data: 0.0000  max mem: 5880
      ITM Evaluation: [3700/6156]  eta: 0:01:26    time: 0.0351  data: 0.0000  max mem: 5880
      ITM Evaluation: [3800/6156]  eta: 0:01:23    time: 0.0342  data: 0.0000  max mem: 5880
      ITM Evaluation: [3900/6156]  eta: 0:01:19    time: 0.0347  data: 0.0000  max mem: 5880
      ITM Evaluation: [4000/6156]  eta: 0:01:16    time: 0.0366  data: 0.0000  max mem: 5880
      ITM Evaluation: [4100/6156]  eta: 0:01:12    time: 0.0369  data: 0.0000  max mem: 5880
      ITM Evaluation: [4200/6156]  eta: 0:01:09    time: 0.0358  data: 0.0000  max mem: 5880
      ITM Evaluation: [4300/6156]  eta: 0:01:05    time: 0.0347  data: 0.0000  max mem: 5880
      ITM Evaluation: [4400/6156]  eta: 0:01:02    time: 0.0351  data: 0.0000  max mem: 5880
      ITM Evaluation: [4500/6156]  eta: 0:00:58    time: 0.0345  data: 0.0000  max mem: 5880
      ITM Evaluation: [4600/6156]  eta: 0:00:55    time: 0.0350  data: 0.0000  max mem: 5880
      ITM Evaluation: [4700/6156]  eta: 0:00:51    time: 0.0343  data: 0.0000  max mem: 5880
      ITM Evaluation: [4800/6156]  eta: 0:00:47    time: 0.0343  data: 0.0000  max mem: 5880
      ITM Evaluation: [4900/6156]  eta: 0:00:44    time: 0.0347  data: 0.0000  max mem: 5880
      ITM Evaluation: [5000/6156]  eta: 0:00:40    time: 0.0344  data: 0.0000  max mem: 5880
      ITM Evaluation: [5100/6156]  eta: 0:00:37    time: 0.0341  data: 0.0000  max mem: 5880
      ITM Evaluation: [5200/6156]  eta: 0:00:33    time: 0.0350  data: 0.0000  max mem: 5880
      ITM Evaluation: [5300/6156]  eta: 0:00:30    time: 0.0368  data: 0.0000  max mem: 5880
      ITM Evaluation: [5400/6156]  eta: 0:00:26    time: 0.0384  data: 0.0000  max mem: 5880
      ITM Evaluation: [5500/6156]  eta: 0:00:23    time: 0.0346  data: 0.0000  max mem: 5880
      ITM Evaluation: [5600/6156]  eta: 0:00:19    time: 0.0346  data: 0.0000  max mem: 5880
      ITM Evaluation: [5700/6156]  eta: 0:00:16    time: 0.0347  data: 0.0000  max mem: 5880
      ITM Evaluation: [5800/6156]  eta: 0:00:12    time: 0.0351  data: 0.0000  max mem: 5880
      ITM Evaluation: [5900/6156]  eta: 0:00:09    time: 0.0351  data: 0.0000  max mem: 5880
      ITM Evaluation: [6000/6156]  eta: 0:00:05    time: 0.0354  data: 0.0000  max mem: 5880
      ITM Evaluation: [6100/6156]  eta: 0:00:01    time: 0.0344  data: 0.0000  max mem: 5880
      ITM Evaluation: [6155/6156]  eta: 0:00:00    time: 0.0349  data: 0.0000  max mem: 5880
      ITM Evaluation: Total time: 0:03:37 (0.0353 s / it)
     total_time 217.55947947502136
     Computing matching score time 0:03:37
### TTA ITM Score: 
+-------+--------+--------+--------+--------+--------+
| epoch |   R1   |   R5   |  R10   |  mAP   |  mINP  |
+-------+--------+--------+--------+--------+--------+
|  -999 | 70.760 | 87.378 | 92.268 | 63.849 | 48.174 |
|  -999 | 76.170 | 89.457 | 93.600 | 65.570 | 47.372 |
|   0   | 69.672 | 88.564 | 92.982 | 62.595 | 45.854 |
|   1   | 47.888 | 80.994 | 90.286 | 47.353 | 33.589 |
|   2   | 50.991 | 83.415 | 91.537 | 50.399 | 36.168 |
|   3   | 55.929 | 86.355 | 92.333 | 54.241 | 38.659 |
|   4   | 42.235 | 79.370 | 90.091 | 45.742 | 33.681 |
|   5   | 47.433 | 82.310 | 91.114 | 48.907 | 35.469 |
|   6   | 53.996 | 85.494 | 92.138 | 53.121 | 38.073 |
|   7   | 50.893 | 84.064 | 91.699 | 51.596 | 37.396 |
|   8   | 46.459 | 81.871 | 91.212 | 48.395 | 35.418 |
|   9   | 53.964 | 85.088 | 92.203 | 52.933 | 38.242 |
|   10  | 54.110 | 85.007 | 92.008 | 53.258 | 38.178 |
|   11  | 50.877 | 83.463 | 91.585 | 50.976 | 36.877 |
|   12  | 54.516 | 84.990 | 92.154 | 53.347 | 38.407 |
|   13  | 57.716 | 86.290 | 92.528 | 55.240 | 39.779 |
|   14  | 59.617 | 86.793 | 92.576 | 56.434 | 40.604 |
|   15  | 59.698 | 86.793 | 92.528 | 56.496 | 40.718 |
|   16  | 60.737 | 86.923 | 92.511 | 57.048 | 41.144 |
|   17  | 64.912 | 88.044 | 92.771 | 59.390 | 42.715 |
|   18  | 60.705 | 87.037 | 92.446 | 57.217 | 41.182 |
+-------+--------+--------+--------+--------+--------+
     logs:  {'epo': 18, 'R1': 60.705, 'R5': 87.037, 'R10': 92.446, 'mAP': 57.217, 'mINP': 41.182, 'lr': 7.8e-05, 'entropy': 0.128261, 'loss': 2.737049}
      TTA Epoch: [19] [  0/384]  eta: 0:03:27  lr: 0.000074  entropy: 0.0858  loss: 2.7223  time: 0.5402  data: 0.4560  max mem: 5880
      TTA Epoch: [19] [100/384]  eta: 0:00:15  lr: 0.000073  entropy: 0.0233  loss: 2.6957  time: 0.0489  data: 0.0001  max mem: 5880
      TTA Epoch: [19] [200/384]  eta: 0:00:09  lr: 0.000071  entropy: 0.0931  loss: 2.7251  time: 0.0590  data: 0.0001  max mem: 5880
      TTA Epoch: [19] [300/384]  eta: 0:00:04  lr: 0.000069  entropy: 0.1749  loss: 2.7545  time: 0.0462  data: 0.0001  max mem: 5880
      TTA Epoch: [19] [383/384]  eta: 0:00:00  lr: 0.000068  entropy: 0.1774  loss: 2.7553  time: 0.0434  data: 0.0001  max mem: 5880
      TTA Epoch: [19] Total time: 0:00:20 (0.0531 s / it)
     Averaged stats: lr: 0.0001  entropy: 0.1202  loss: 2.7341
     itm tta time 0:00:20
     Computing matching score
      ITM Evaluation: [   0/6156]  eta: 0:05:15    time: 0.0512  data: 0.0060  max mem: 5880
      ITM Evaluation: [ 100/6156]  eta: 0:03:35    time: 0.0354  data: 0.0000  max mem: 5880
      ITM Evaluation: [ 200/6156]  eta: 0:03:31    time: 0.0356  data: 0.0000  max mem: 5880
      ITM Evaluation: [ 300/6156]  eta: 0:03:27    time: 0.0351  data: 0.0000  max mem: 5880
      ITM Evaluation: [ 400/6156]  eta: 0:03:24    time: 0.0349  data: 0.0000  max mem: 5880
      ITM Evaluation: [ 500/6156]  eta: 0:03:20    time: 0.0349  data: 0.0000  max mem: 5880
      ITM Evaluation: [ 600/6156]  eta: 0:03:16    time: 0.0353  data: 0.0000  max mem: 5880
      ITM Evaluation: [ 700/6156]  eta: 0:03:13    time: 0.0347  data: 0.0000  max mem: 5880
      ITM Evaluation: [ 800/6156]  eta: 0:03:09    time: 0.0377  data: 0.0000  max mem: 5880
      ITM Evaluation: [ 900/6156]  eta: 0:03:07    time: 0.0375  data: 0.0000  max mem: 5880
      ITM Evaluation: [1000/6156]  eta: 0:03:06    time: 0.0395  data: 0.0000  max mem: 5880
      ITM Evaluation: [1100/6156]  eta: 0:03:03    time: 0.0363  data: 0.0000  max mem: 5880
      ITM Evaluation: [1200/6156]  eta: 0:03:01    time: 0.0408  data: 0.0000  max mem: 5880
      ITM Evaluation: [1300/6156]  eta: 0:02:59    time: 0.0426  data: 0.0000  max mem: 5880
      ITM Evaluation: [1400/6156]  eta: 0:02:56    time: 0.0381  data: 0.0000  max mem: 5880
      ITM Evaluation: [1500/6156]  eta: 0:02:53    time: 0.0405  data: 0.0000  max mem: 5880
      ITM Evaluation: [1600/6156]  eta: 0:02:53    time: 0.0584  data: 0.0000  max mem: 5880
      ITM Evaluation: [1700/6156]  eta: 0:02:52    time: 0.0362  data: 0.0000  max mem: 5880
      ITM Evaluation: [1800/6156]  eta: 0:02:48    time: 0.0401  data: 0.0000  max mem: 5880
      ITM Evaluation: [1900/6156]  eta: 0:02:46    time: 0.0541  data: 0.0000  max mem: 5880
      ITM Evaluation: [2000/6156]  eta: 0:02:42    time: 0.0355  data: 0.0000  max mem: 5880
      ITM Evaluation: [2100/6156]  eta: 0:02:38    time: 0.0400  data: 0.0000  max mem: 5880
      ITM Evaluation: [2200/6156]  eta: 0:02:34    time: 0.0545  data: 0.0000  max mem: 5880
      ITM Evaluation: [2300/6156]  eta: 0:02:30    time: 0.0379  data: 0.0000  max mem: 5880
      ITM Evaluation: [2400/6156]  eta: 0:02:28    time: 0.0416  data: 0.0000  max mem: 5880
      ITM Evaluation: [2500/6156]  eta: 0:02:23    time: 0.0352  data: 0.0000  max mem: 5880
      ITM Evaluation: [2600/6156]  eta: 0:02:18    time: 0.0344  data: 0.0000  max mem: 5880
      ITM Evaluation: [2700/6156]  eta: 0:02:14    time: 0.0343  data: 0.0000  max mem: 5880
      ITM Evaluation: [2800/6156]  eta: 0:02:10    time: 0.0348  data: 0.0000  max mem: 5880
      ITM Evaluation: [2900/6156]  eta: 0:02:06    time: 0.0386  data: 0.0000  max mem: 5880
      ITM Evaluation: [3000/6156]  eta: 0:02:01    time: 0.0343  data: 0.0000  max mem: 5880
      ITM Evaluation: [3100/6156]  eta: 0:01:57    time: 0.0350  data: 0.0000  max mem: 5880
      ITM Evaluation: [3200/6156]  eta: 0:01:53    time: 0.0350  data: 0.0000  max mem: 5880
      ITM Evaluation: [3300/6156]  eta: 0:01:49    time: 0.0345  data: 0.0000  max mem: 5880
      ITM Evaluation: [3400/6156]  eta: 0:01:45    time: 0.0335  data: 0.0000  max mem: 5880
      ITM Evaluation: [3500/6156]  eta: 0:01:41    time: 0.0344  data: 0.0000  max mem: 5880
      ITM Evaluation: [3600/6156]  eta: 0:01:36    time: 0.0334  data: 0.0000  max mem: 5880
      ITM Evaluation: [3700/6156]  eta: 0:01:32    time: 0.0336  data: 0.0000  max mem: 5880
      ITM Evaluation: [3800/6156]  eta: 0:01:28    time: 0.0342  data: 0.0000  max mem: 5880
      ITM Evaluation: [3900/6156]  eta: 0:01:24    time: 0.0366  data: 0.0000  max mem: 5880
      ITM Evaluation: [4000/6156]  eta: 0:01:21    time: 0.0342  data: 0.0000  max mem: 5880
      ITM Evaluation: [4100/6156]  eta: 0:01:17    time: 0.0340  data: 0.0000  max mem: 5880
      ITM Evaluation: [4200/6156]  eta: 0:01:13    time: 0.0338  data: 0.0000  max mem: 5880
      ITM Evaluation: [4300/6156]  eta: 0:01:09    time: 0.0334  data: 0.0000  max mem: 5880
      ITM Evaluation: [4400/6156]  eta: 0:01:05    time: 0.0330  data: 0.0000  max mem: 5880
      ITM Evaluation: [4500/6156]  eta: 0:01:01    time: 0.0346  data: 0.0000  max mem: 5880
      ITM Evaluation: [4600/6156]  eta: 0:00:57    time: 0.0337  data: 0.0000  max mem: 5880
      ITM Evaluation: [4700/6156]  eta: 0:00:53    time: 0.0342  data: 0.0000  max mem: 5880
      ITM Evaluation: [4800/6156]  eta: 0:00:50    time: 0.0363  data: 0.0000  max mem: 5880
      ITM Evaluation: [4900/6156]  eta: 0:00:46    time: 0.0345  data: 0.0000  max mem: 5880
      ITM Evaluation: [5000/6156]  eta: 0:00:42    time: 0.0345  data: 0.0000  max mem: 5880
      ITM Evaluation: [5100/6156]  eta: 0:00:38    time: 0.0333  data: 0.0000  max mem: 5880
      ITM Evaluation: [5200/6156]  eta: 0:00:35    time: 0.0326  data: 0.0000  max mem: 5880
      ITM Evaluation: [5300/6156]  eta: 0:00:31    time: 0.0337  data: 0.0000  max mem: 5880
      ITM Evaluation: [5400/6156]  eta: 0:00:27    time: 0.0343  data: 0.0000  max mem: 5880
      ITM Evaluation: [5500/6156]  eta: 0:00:23    time: 0.0338  data: 0.0000  max mem: 5880
      ITM Evaluation: [5600/6156]  eta: 0:00:20    time: 0.0337  data: 0.0000  max mem: 5880
      ITM Evaluation: [5700/6156]  eta: 0:00:16    time: 0.0334  data: 0.0000  max mem: 5880
      ITM Evaluation: [5800/6156]  eta: 0:00:12    time: 0.0337  data: 0.0000  max mem: 5880
      ITM Evaluation: [5900/6156]  eta: 0:00:09    time: 0.0340  data: 0.0000  max mem: 5880
      ITM Evaluation: [6000/6156]  eta: 0:00:05    time: 0.0369  data: 0.0000  max mem: 5880
      ITM Evaluation: [6100/6156]  eta: 0:00:02    time: 0.0352  data: 0.0000  max mem: 5880
      ITM Evaluation: [6155/6156]  eta: 0:00:00    time: 0.0334  data: 0.0000  max mem: 5880
      ITM Evaluation: Total time: 0:03:43 (0.0364 s / it)
     total_time 223.8769612312317
     Computing matching score time 0:03:43
### TTA ITM Score: 
+-------+--------+--------+--------+--------+--------+
| epoch |   R1   |   R5   |  R10   |  mAP   |  mINP  |
+-------+--------+--------+--------+--------+--------+
|  -999 | 70.760 | 87.378 | 92.268 | 63.849 | 48.174 |
|  -999 | 76.170 | 89.457 | 93.600 | 65.570 | 47.372 |
|   0   | 69.672 | 88.564 | 92.982 | 62.595 | 45.854 |
|   1   | 47.888 | 80.994 | 90.286 | 47.353 | 33.589 |
|   2   | 50.991 | 83.415 | 91.537 | 50.399 | 36.168 |
|   3   | 55.929 | 86.355 | 92.333 | 54.241 | 38.659 |
|   4   | 42.235 | 79.370 | 90.091 | 45.742 | 33.681 |
|   5   | 47.433 | 82.310 | 91.114 | 48.907 | 35.469 |
|   6   | 53.996 | 85.494 | 92.138 | 53.121 | 38.073 |
|   7   | 50.893 | 84.064 | 91.699 | 51.596 | 37.396 |
|   8   | 46.459 | 81.871 | 91.212 | 48.395 | 35.418 |
|   9   | 53.964 | 85.088 | 92.203 | 52.933 | 38.242 |
|   10  | 54.110 | 85.007 | 92.008 | 53.258 | 38.178 |
|   11  | 50.877 | 83.463 | 91.585 | 50.976 | 36.877 |
|   12  | 54.516 | 84.990 | 92.154 | 53.347 | 38.407 |
|   13  | 57.716 | 86.290 | 92.528 | 55.240 | 39.779 |
|   14  | 59.617 | 86.793 | 92.576 | 56.434 | 40.604 |
|   15  | 59.698 | 86.793 | 92.528 | 56.496 | 40.718 |
|   16  | 60.737 | 86.923 | 92.511 | 57.048 | 41.144 |
|   17  | 64.912 | 88.044 | 92.771 | 59.390 | 42.715 |
|   18  | 60.705 | 87.037 | 92.446 | 57.217 | 41.182 |
|   19  | 62.216 | 87.492 | 92.511 | 58.036 | 41.805 |
+-------+--------+--------+--------+--------+--------+
     logs:  {'epo': 19, 'R1': 62.216, 'R5': 87.492, 'R10': 92.511, 'mAP': 58.036, 'mINP': 41.805, 'lr': 7.1e-05, 'entropy': 0.120229, 'loss': 2.734069}
      TTA Epoch: [20] [  0/384]  eta: 0:03:52  lr: 0.000068  entropy: 0.1593  loss: 2.7487  time: 0.6053  data: 0.4955  max mem: 5880
      TTA Epoch: [20] [100/384]  eta: 0:00:14  lr: 0.000066  entropy: 0.1213  loss: 2.7351  time: 0.0477  data: 0.0001  max mem: 5880
      TTA Epoch: [20] [200/384]  eta: 0:00:09  lr: 0.000064  entropy: 0.0695  loss: 2.7161  time: 0.0462  data: 0.0001  max mem: 5880
      TTA Epoch: [20] [300/384]  eta: 0:00:04  lr: 0.000062  entropy: 0.1051  loss: 2.7281  time: 0.0482  data: 0.0002  max mem: 5880
      TTA Epoch: [20] [383/384]  eta: 0:00:00  lr: 0.000061  entropy: 0.1327  loss: 2.7383  time: 0.0458  data: 0.0001  max mem: 5880
      TTA Epoch: [20] Total time: 0:00:18 (0.0488 s / it)
     Averaged stats: lr: 0.0001  entropy: 0.1174  loss: 2.7330
     itm tta time 0:00:18
     Computing matching score
      ITM Evaluation: [   0/6156]  eta: 0:05:20    time: 0.0520  data: 0.0063  max mem: 5880
      ITM Evaluation: [ 100/6156]  eta: 0:03:29    time: 0.0348  data: 0.0000  max mem: 5880
      ITM Evaluation: [ 200/6156]  eta: 0:03:29    time: 0.0380  data: 0.0000  max mem: 5880
      ITM Evaluation: [ 300/6156]  eta: 0:03:25    time: 0.0348  data: 0.0000  max mem: 5880
      ITM Evaluation: [ 400/6156]  eta: 0:03:20    time: 0.0346  data: 0.0000  max mem: 5880
      ITM Evaluation: [ 500/6156]  eta: 0:03:16    time: 0.0341  data: 0.0000  max mem: 5880
      ITM Evaluation: [ 600/6156]  eta: 0:03:12    time: 0.0340  data: 0.0000  max mem: 5880
      ITM Evaluation: [ 700/6156]  eta: 0:03:09    time: 0.0339  data: 0.0000  max mem: 5880
      ITM Evaluation: [ 800/6156]  eta: 0:03:05    time: 0.0350  data: 0.0000  max mem: 5880
      ITM Evaluation: [ 900/6156]  eta: 0:03:02    time: 0.0353  data: 0.0000  max mem: 5880
      ITM Evaluation: [1000/6156]  eta: 0:02:58    time: 0.0344  data: 0.0000  max mem: 5880
      ITM Evaluation: [1100/6156]  eta: 0:02:55    time: 0.0353  data: 0.0000  max mem: 5880
      ITM Evaluation: [1200/6156]  eta: 0:02:52    time: 0.0385  data: 0.0000  max mem: 5880
      ITM Evaluation: [1300/6156]  eta: 0:02:49    time: 0.0343  data: 0.0000  max mem: 5880
      ITM Evaluation: [1400/6156]  eta: 0:02:45    time: 0.0350  data: 0.0000  max mem: 5880
      ITM Evaluation: [1500/6156]  eta: 0:02:42    time: 0.0358  data: 0.0000  max mem: 5880
      ITM Evaluation: [1600/6156]  eta: 0:02:38    time: 0.0356  data: 0.0000  max mem: 5880
      ITM Evaluation: [1700/6156]  eta: 0:02:35    time: 0.0355  data: 0.0000  max mem: 5880
      ITM Evaluation: [1800/6156]  eta: 0:02:32    time: 0.0347  data: 0.0000  max mem: 5880
      ITM Evaluation: [1900/6156]  eta: 0:02:29    time: 0.0359  data: 0.0000  max mem: 5880
      ITM Evaluation: [2000/6156]  eta: 0:02:25    time: 0.0356  data: 0.0000  max mem: 5880
      ITM Evaluation: [2100/6156]  eta: 0:02:22    time: 0.0375  data: 0.0000  max mem: 5880
      ITM Evaluation: [2200/6156]  eta: 0:02:19    time: 0.0370  data: 0.0000  max mem: 5880
      ITM Evaluation: [2300/6156]  eta: 0:02:15    time: 0.0352  data: 0.0000  max mem: 5880
      ITM Evaluation: [2400/6156]  eta: 0:02:12    time: 0.0347  data: 0.0000  max mem: 5880
      ITM Evaluation: [2500/6156]  eta: 0:02:08    time: 0.0355  data: 0.0000  max mem: 5880
      ITM Evaluation: [2600/6156]  eta: 0:02:05    time: 0.0355  data: 0.0000  max mem: 5880
      ITM Evaluation: [2700/6156]  eta: 0:02:01    time: 0.0355  data: 0.0000  max mem: 5880
      ITM Evaluation: [2800/6156]  eta: 0:01:58    time: 0.0363  data: 0.0000  max mem: 5880
      ITM Evaluation: [2900/6156]  eta: 0:01:55    time: 0.0374  data: 0.0000  max mem: 5880
      ITM Evaluation: [3000/6156]  eta: 0:01:51    time: 0.0346  data: 0.0000  max mem: 5880
      ITM Evaluation: [3100/6156]  eta: 0:01:48    time: 0.0348  data: 0.0000  max mem: 5880
      ITM Evaluation: [3200/6156]  eta: 0:01:44    time: 0.0414  data: 0.0000  max mem: 5880
      ITM Evaluation: [3300/6156]  eta: 0:01:41    time: 0.0350  data: 0.0000  max mem: 5880
      ITM Evaluation: [3400/6156]  eta: 0:01:37    time: 0.0353  data: 0.0000  max mem: 5880
      ITM Evaluation: [3500/6156]  eta: 0:01:34    time: 0.0346  data: 0.0000  max mem: 5880
      ITM Evaluation: [3600/6156]  eta: 0:01:30    time: 0.0352  data: 0.0000  max mem: 5880
      ITM Evaluation: [3700/6156]  eta: 0:01:26    time: 0.0353  data: 0.0000  max mem: 5880
      ITM Evaluation: [3800/6156]  eta: 0:01:23    time: 0.0345  data: 0.0000  max mem: 5880
      ITM Evaluation: [3900/6156]  eta: 0:01:19    time: 0.0348  data: 0.0000  max mem: 5880
      ITM Evaluation: [4000/6156]  eta: 0:01:16    time: 0.0339  data: 0.0000  max mem: 5880
      ITM Evaluation: [4100/6156]  eta: 0:01:12    time: 0.0343  data: 0.0000  max mem: 5880
      ITM Evaluation: [4200/6156]  eta: 0:01:09    time: 0.0324  data: 0.0000  max mem: 5880
      ITM Evaluation: [4300/6156]  eta: 0:01:05    time: 0.0317  data: 0.0000  max mem: 5880
      ITM Evaluation: [4400/6156]  eta: 0:01:01    time: 0.0314  data: 0.0000  max mem: 5880
      ITM Evaluation: [4500/6156]  eta: 0:00:58    time: 0.0321  data: 0.0000  max mem: 5880
      ITM Evaluation: [4600/6156]  eta: 0:00:54    time: 0.0322  data: 0.0000  max mem: 5880
      ITM Evaluation: [4700/6156]  eta: 0:00:50    time: 0.0321  data: 0.0000  max mem: 5880
      ITM Evaluation: [4800/6156]  eta: 0:00:47    time: 0.0330  data: 0.0000  max mem: 5880
      ITM Evaluation: [4900/6156]  eta: 0:00:43    time: 0.0327  data: 0.0000  max mem: 5880
      ITM Evaluation: [5000/6156]  eta: 0:00:40    time: 0.0331  data: 0.0000  max mem: 5880
      ITM Evaluation: [5100/6156]  eta: 0:00:36    time: 0.0332  data: 0.0000  max mem: 5880
      ITM Evaluation: [5200/6156]  eta: 0:00:33    time: 0.0345  data: 0.0000  max mem: 5880
      ITM Evaluation: [5300/6156]  eta: 0:00:29    time: 0.0327  data: 0.0000  max mem: 5880
      ITM Evaluation: [5400/6156]  eta: 0:00:26    time: 0.0359  data: 0.0000  max mem: 5880
      ITM Evaluation: [5500/6156]  eta: 0:00:22    time: 0.0349  data: 0.0000  max mem: 5880
      ITM Evaluation: [5600/6156]  eta: 0:00:19    time: 0.0343  data: 0.0000  max mem: 5880
      ITM Evaluation: [5700/6156]  eta: 0:00:15    time: 0.0349  data: 0.0000  max mem: 5880
      ITM Evaluation: [5800/6156]  eta: 0:00:12    time: 0.0350  data: 0.0000  max mem: 5880
      ITM Evaluation: [5900/6156]  eta: 0:00:08    time: 0.0372  data: 0.0000  max mem: 5880
      ITM Evaluation: [6000/6156]  eta: 0:00:05    time: 0.0351  data: 0.0000  max mem: 5880
      ITM Evaluation: [6100/6156]  eta: 0:00:01    time: 0.0339  data: 0.0000  max mem: 5880
      ITM Evaluation: [6155/6156]  eta: 0:00:00    time: 0.0358  data: 0.0000  max mem: 5880
      ITM Evaluation: Total time: 0:03:35 (0.0350 s / it)
     total_time 215.44577479362488
     Computing matching score time 0:03:35
### TTA ITM Score: 
+-------+--------+--------+--------+--------+--------+
| epoch |   R1   |   R5   |  R10   |  mAP   |  mINP  |
+-------+--------+--------+--------+--------+--------+
|  -999 | 70.760 | 87.378 | 92.268 | 63.849 | 48.174 |
|  -999 | 76.170 | 89.457 | 93.600 | 65.570 | 47.372 |
|   0   | 69.672 | 88.564 | 92.982 | 62.595 | 45.854 |
|   1   | 47.888 | 80.994 | 90.286 | 47.353 | 33.589 |
|   2   | 50.991 | 83.415 | 91.537 | 50.399 | 36.168 |
|   3   | 55.929 | 86.355 | 92.333 | 54.241 | 38.659 |
|   4   | 42.235 | 79.370 | 90.091 | 45.742 | 33.681 |
|   5   | 47.433 | 82.310 | 91.114 | 48.907 | 35.469 |
|   6   | 53.996 | 85.494 | 92.138 | 53.121 | 38.073 |
|   7   | 50.893 | 84.064 | 91.699 | 51.596 | 37.396 |
|   8   | 46.459 | 81.871 | 91.212 | 48.395 | 35.418 |
|   9   | 53.964 | 85.088 | 92.203 | 52.933 | 38.242 |
|   10  | 54.110 | 85.007 | 92.008 | 53.258 | 38.178 |
|   11  | 50.877 | 83.463 | 91.585 | 50.976 | 36.877 |
|   12  | 54.516 | 84.990 | 92.154 | 53.347 | 38.407 |
|   13  | 57.716 | 86.290 | 92.528 | 55.240 | 39.779 |
|   14  | 59.617 | 86.793 | 92.576 | 56.434 | 40.604 |
|   15  | 59.698 | 86.793 | 92.528 | 56.496 | 40.718 |
|   16  | 60.737 | 86.923 | 92.511 | 57.048 | 41.144 |
|   17  | 64.912 | 88.044 | 92.771 | 59.390 | 42.715 |
|   18  | 60.705 | 87.037 | 92.446 | 57.217 | 41.182 |
|   19  | 62.216 | 87.492 | 92.511 | 58.036 | 41.805 |
|   20  | 64.051 | 87.898 | 92.674 | 59.039 | 42.634 |
+-------+--------+--------+--------+--------+--------+
     logs:  {'epo': 20, 'R1': 64.051, 'R5': 87.898, 'R10': 92.674, 'mAP': 59.039, 'mINP': 42.634, 'lr': 6.4e-05, 'entropy': 0.117432, 'loss': 2.733023}
      TTA Epoch: [21] [  0/384]  eta: 0:03:06  lr: 0.000061  entropy: 0.0745  loss: 2.7185  time: 0.4848  data: 0.3941  max mem: 5880
      TTA Epoch: [21] [100/384]  eta: 0:00:15  lr: 0.000059  entropy: 0.0910  loss: 2.7214  time: 0.0495  data: 0.0001  max mem: 5880
      TTA Epoch: [21] [200/384]  eta: 0:00:09  lr: 0.000057  entropy: 0.1191  loss: 2.7331  time: 0.0565  data: 0.0002  max mem: 5880
      TTA Epoch: [21] [300/384]  eta: 0:00:04  lr: 0.000056  entropy: 0.1007  loss: 2.7259  time: 0.0512  data: 0.0002  max mem: 5880
      TTA Epoch: [21] [383/384]  eta: 0:00:00  lr: 0.000054  entropy: 0.2165  loss: 2.7690  time: 0.0467  data: 0.0001  max mem: 5880
      TTA Epoch: [21] Total time: 0:00:19 (0.0519 s / it)
     Averaged stats: lr: 0.0001  entropy: 0.1218  loss: 2.7347
     itm tta time 0:00:20
     Computing matching score
      ITM Evaluation: [   0/6156]  eta: 0:04:10    time: 0.0406  data: 0.0060  max mem: 5880
      ITM Evaluation: [ 100/6156]  eta: 0:03:25    time: 0.0340  data: 0.0000  max mem: 5880
      ITM Evaluation: [ 200/6156]  eta: 0:03:23    time: 0.0339  data: 0.0000  max mem: 5880
      ITM Evaluation: [ 300/6156]  eta: 0:03:20    time: 0.0348  data: 0.0000  max mem: 5880
      ITM Evaluation: [ 400/6156]  eta: 0:03:17    time: 0.0353  data: 0.0000  max mem: 5880
      ITM Evaluation: [ 500/6156]  eta: 0:03:16    time: 0.0362  data: 0.0000  max mem: 5880
      ITM Evaluation: [ 600/6156]  eta: 0:03:11    time: 0.0334  data: 0.0000  max mem: 5880
      ITM Evaluation: [ 700/6156]  eta: 0:03:07    time: 0.0333  data: 0.0000  max mem: 5880
      ITM Evaluation: [ 800/6156]  eta: 0:03:03    time: 0.0336  data: 0.0000  max mem: 5880
      ITM Evaluation: [ 900/6156]  eta: 0:02:59    time: 0.0332  data: 0.0000  max mem: 5880
      ITM Evaluation: [1000/6156]  eta: 0:02:55    time: 0.0334  data: 0.0000  max mem: 5880
      ITM Evaluation: [1100/6156]  eta: 0:02:51    time: 0.0332  data: 0.0000  max mem: 5880
      ITM Evaluation: [1200/6156]  eta: 0:02:48    time: 0.0340  data: 0.0000  max mem: 5880
      ITM Evaluation: [1300/6156]  eta: 0:02:44    time: 0.0334  data: 0.0000  max mem: 5880
      ITM Evaluation: [1400/6156]  eta: 0:02:41    time: 0.0334  data: 0.0000  max mem: 5880
      ITM Evaluation: [1500/6156]  eta: 0:02:38    time: 0.0358  data: 0.0000  max mem: 5880
      ITM Evaluation: [1600/6156]  eta: 0:02:35    time: 0.0358  data: 0.0000  max mem: 5880
      ITM Evaluation: [1700/6156]  eta: 0:02:32    time: 0.0351  data: 0.0000  max mem: 5880
      ITM Evaluation: [1800/6156]  eta: 0:02:28    time: 0.0330  data: 0.0000  max mem: 5880
      ITM Evaluation: [1900/6156]  eta: 0:02:24    time: 0.0327  data: 0.0000  max mem: 5880
      ITM Evaluation: [2000/6156]  eta: 0:02:21    time: 0.0328  data: 0.0000  max mem: 5880
      ITM Evaluation: [2100/6156]  eta: 0:02:18    time: 0.0415  data: 0.0000  max mem: 5880
      ITM Evaluation: [2200/6156]  eta: 0:02:14    time: 0.0350  data: 0.0000  max mem: 5880
      ITM Evaluation: [2300/6156]  eta: 0:02:11    time: 0.0358  data: 0.0000  max mem: 5880
      ITM Evaluation: [2400/6156]  eta: 0:02:08    time: 0.0359  data: 0.0000  max mem: 5880
      ITM Evaluation: [2500/6156]  eta: 0:02:05    time: 0.0353  data: 0.0000  max mem: 5880
      ITM Evaluation: [2600/6156]  eta: 0:02:01    time: 0.0348  data: 0.0000  max mem: 5880
      ITM Evaluation: [2700/6156]  eta: 0:01:58    time: 0.0353  data: 0.0000  max mem: 5880
      ITM Evaluation: [2800/6156]  eta: 0:01:55    time: 0.0360  data: 0.0000  max mem: 5880
      ITM Evaluation: [2900/6156]  eta: 0:01:52    time: 0.0383  data: 0.0000  max mem: 5880
      ITM Evaluation: [3000/6156]  eta: 0:01:49    time: 0.0376  data: 0.0000  max mem: 5880
      ITM Evaluation: [3100/6156]  eta: 0:01:46    time: 0.0360  data: 0.0000  max mem: 5880
      ITM Evaluation: [3200/6156]  eta: 0:01:42    time: 0.0363  data: 0.0000  max mem: 5880
      ITM Evaluation: [3300/6156]  eta: 0:01:39    time: 0.0368  data: 0.0000  max mem: 5880
      ITM Evaluation: [3400/6156]  eta: 0:01:35    time: 0.0355  data: 0.0000  max mem: 5880
      ITM Evaluation: [3500/6156]  eta: 0:01:32    time: 0.0352  data: 0.0000  max mem: 5880
      ITM Evaluation: [3600/6156]  eta: 0:01:29    time: 0.0356  data: 0.0000  max mem: 5880
      ITM Evaluation: [3700/6156]  eta: 0:01:25    time: 0.0360  data: 0.0000  max mem: 5880
      ITM Evaluation: [3800/6156]  eta: 0:01:22    time: 0.0349  data: 0.0000  max mem: 5880
      ITM Evaluation: [3900/6156]  eta: 0:01:18    time: 0.0363  data: 0.0000  max mem: 5880
      ITM Evaluation: [4000/6156]  eta: 0:01:15    time: 0.0376  data: 0.0000  max mem: 5880
      ITM Evaluation: [4100/6156]  eta: 0:01:12    time: 0.0401  data: 0.0000  max mem: 5880
      ITM Evaluation: [4200/6156]  eta: 0:01:08    time: 0.0376  data: 0.0000  max mem: 5880
      ITM Evaluation: [4300/6156]  eta: 0:01:05    time: 0.0362  data: 0.0000  max mem: 5880
      ITM Evaluation: [4400/6156]  eta: 0:01:01    time: 0.0357  data: 0.0000  max mem: 5880
      ITM Evaluation: [4500/6156]  eta: 0:00:58    time: 0.0359  data: 0.0000  max mem: 5880
      ITM Evaluation: [4600/6156]  eta: 0:00:54    time: 0.0356  data: 0.0000  max mem: 5880
      ITM Evaluation: [4700/6156]  eta: 0:00:51    time: 0.0361  data: 0.0000  max mem: 5880
      ITM Evaluation: [4800/6156]  eta: 0:00:47    time: 0.0363  data: 0.0000  max mem: 5880
      ITM Evaluation: [4900/6156]  eta: 0:00:44    time: 0.0379  data: 0.0000  max mem: 5880
      ITM Evaluation: [5000/6156]  eta: 0:00:40    time: 0.0367  data: 0.0000  max mem: 5880
      ITM Evaluation: [5100/6156]  eta: 0:00:37    time: 0.0380  data: 0.0000  max mem: 5880
      ITM Evaluation: [5200/6156]  eta: 0:00:33    time: 0.0408  data: 0.0000  max mem: 5880
      ITM Evaluation: [5300/6156]  eta: 0:00:30    time: 0.0408  data: 0.0000  max mem: 5880
      ITM Evaluation: [5400/6156]  eta: 0:00:26    time: 0.0412  data: 0.0000  max mem: 5880
      ITM Evaluation: [5500/6156]  eta: 0:00:23    time: 0.0401  data: 0.0000  max mem: 5880
      ITM Evaluation: [5600/6156]  eta: 0:00:19    time: 0.0365  data: 0.0000  max mem: 5880
      ITM Evaluation: [5700/6156]  eta: 0:00:16    time: 0.0360  data: 0.0000  max mem: 5880
      ITM Evaluation: [5800/6156]  eta: 0:00:12    time: 0.0355  data: 0.0000  max mem: 5880
      ITM Evaluation: [5900/6156]  eta: 0:00:09    time: 0.0361  data: 0.0000  max mem: 5880
      ITM Evaluation: [6000/6156]  eta: 0:00:05    time: 0.0358  data: 0.0000  max mem: 5880
      ITM Evaluation: [6100/6156]  eta: 0:00:02    time: 0.0359  data: 0.0000  max mem: 5880
      ITM Evaluation: [6155/6156]  eta: 0:00:00    time: 0.0363  data: 0.0000  max mem: 5880
      ITM Evaluation: Total time: 0:03:40 (0.0358 s / it)
     total_time 220.53521966934204
     Computing matching score time 0:03:40
### TTA ITM Score: 
+-------+--------+--------+--------+--------+--------+
| epoch |   R1   |   R5   |  R10   |  mAP   |  mINP  |
+-------+--------+--------+--------+--------+--------+
|  -999 | 70.760 | 87.378 | 92.268 | 63.849 | 48.174 |
|  -999 | 76.170 | 89.457 | 93.600 | 65.570 | 47.372 |
|   0   | 69.672 | 88.564 | 92.982 | 62.595 | 45.854 |
|   1   | 47.888 | 80.994 | 90.286 | 47.353 | 33.589 |
|   2   | 50.991 | 83.415 | 91.537 | 50.399 | 36.168 |
|   3   | 55.929 | 86.355 | 92.333 | 54.241 | 38.659 |
|   4   | 42.235 | 79.370 | 90.091 | 45.742 | 33.681 |
|   5   | 47.433 | 82.310 | 91.114 | 48.907 | 35.469 |
|   6   | 53.996 | 85.494 | 92.138 | 53.121 | 38.073 |
|   7   | 50.893 | 84.064 | 91.699 | 51.596 | 37.396 |
|   8   | 46.459 | 81.871 | 91.212 | 48.395 | 35.418 |
|   9   | 53.964 | 85.088 | 92.203 | 52.933 | 38.242 |
|   10  | 54.110 | 85.007 | 92.008 | 53.258 | 38.178 |
|   11  | 50.877 | 83.463 | 91.585 | 50.976 | 36.877 |
|   12  | 54.516 | 84.990 | 92.154 | 53.347 | 38.407 |
|   13  | 57.716 | 86.290 | 92.528 | 55.240 | 39.779 |
|   14  | 59.617 | 86.793 | 92.576 | 56.434 | 40.604 |
|   15  | 59.698 | 86.793 | 92.528 | 56.496 | 40.718 |
|   16  | 60.737 | 86.923 | 92.511 | 57.048 | 41.144 |
|   17  | 64.912 | 88.044 | 92.771 | 59.390 | 42.715 |
|   18  | 60.705 | 87.037 | 92.446 | 57.217 | 41.182 |
|   19  | 62.216 | 87.492 | 92.511 | 58.036 | 41.805 |
|   20  | 64.051 | 87.898 | 92.674 | 59.039 | 42.634 |
|   21  | 63.986 | 87.817 | 92.593 | 59.065 | 42.652 |
+-------+--------+--------+--------+--------+--------+
     logs:  {'epo': 21, 'R1': 63.986, 'R5': 87.817, 'R10': 92.593, 'mAP': 59.065, 'mINP': 42.652, 'lr': 5.8e-05, 'entropy': 0.12183, 'loss': 2.734658}
      TTA Epoch: [22] [  0/384]  eta: 0:03:47  lr: 0.000054  entropy: 0.0948  loss: 2.7239  time: 0.5926  data: 0.4492  max mem: 5880
      TTA Epoch: [22] [100/384]  eta: 0:00:14  lr: 0.000052  entropy: 0.0577  loss: 2.7101  time: 0.0468  data: 0.0001  max mem: 5880
      TTA Epoch: [22] [200/384]  eta: 0:00:10  lr: 0.000051  entropy: 0.0593  loss: 2.7121  time: 0.0631  data: 0.0002  max mem: 5880
      TTA Epoch: [22] [300/384]  eta: 0:00:04  lr: 0.000049  entropy: 0.1360  loss: 2.7398  time: 0.0543  data: 0.0002  max mem: 5880
      TTA Epoch: [22] [383/384]  eta: 0:00:00  lr: 0.000048  entropy: 0.0894  loss: 2.7224  time: 0.0453  data: 0.0001  max mem: 5880
      TTA Epoch: [22] Total time: 0:00:21 (0.0550 s / it)
     Averaged stats: lr: 0.0001  entropy: 0.1138  loss: 2.7317
     itm tta time 0:00:21
     Computing matching score
      ITM Evaluation: [   0/6156]  eta: 0:05:05    time: 0.0495  data: 0.0059  max mem: 5880
      ITM Evaluation: [ 100/6156]  eta: 0:03:39    time: 0.0368  data: 0.0000  max mem: 5880
      ITM Evaluation: [ 200/6156]  eta: 0:03:35    time: 0.0358  data: 0.0000  max mem: 5880
      ITM Evaluation: [ 300/6156]  eta: 0:03:31    time: 0.0353  data: 0.0000  max mem: 5880
      ITM Evaluation: [ 400/6156]  eta: 0:03:27    time: 0.0365  data: 0.0000  max mem: 5880
      ITM Evaluation: [ 500/6156]  eta: 0:03:24    time: 0.0366  data: 0.0000  max mem: 5880
      ITM Evaluation: [ 600/6156]  eta: 0:03:20    time: 0.0354  data: 0.0000  max mem: 5880
      ITM Evaluation: [ 700/6156]  eta: 0:03:16    time: 0.0361  data: 0.0000  max mem: 5880
      ITM Evaluation: [ 800/6156]  eta: 0:03:12    time: 0.0360  data: 0.0000  max mem: 5880
      ITM Evaluation: [ 900/6156]  eta: 0:03:10    time: 0.0396  data: 0.0000  max mem: 5880
      ITM Evaluation: [1000/6156]  eta: 0:03:07    time: 0.0390  data: 0.0000  max mem: 5880
      ITM Evaluation: [1100/6156]  eta: 0:03:05    time: 0.0401  data: 0.0000  max mem: 5880
      ITM Evaluation: [1200/6156]  eta: 0:03:01    time: 0.0364  data: 0.0000  max mem: 5880
      ITM Evaluation: [1300/6156]  eta: 0:02:57    time: 0.0357  data: 0.0000  max mem: 5880
      ITM Evaluation: [1400/6156]  eta: 0:02:53    time: 0.0359  data: 0.0000  max mem: 5880
      ITM Evaluation: [1500/6156]  eta: 0:02:49    time: 0.0370  data: 0.0000  max mem: 5880
      ITM Evaluation: [1600/6156]  eta: 0:02:46    time: 0.0370  data: 0.0000  max mem: 5880
      ITM Evaluation: [1700/6156]  eta: 0:02:42    time: 0.0367  data: 0.0000  max mem: 5880
      ITM Evaluation: [1800/6156]  eta: 0:02:38    time: 0.0358  data: 0.0000  max mem: 5880
      ITM Evaluation: [1900/6156]  eta: 0:02:35    time: 0.0362  data: 0.0000  max mem: 5880
      ITM Evaluation: [2000/6156]  eta: 0:02:31    time: 0.0360  data: 0.0000  max mem: 5880
      ITM Evaluation: [2100/6156]  eta: 0:02:28    time: 0.0378  data: 0.0000  max mem: 5880
      ITM Evaluation: [2200/6156]  eta: 0:02:24    time: 0.0391  data: 0.0000  max mem: 5880
      ITM Evaluation: [2300/6156]  eta: 0:02:21    time: 0.0376  data: 0.0000  max mem: 5880
      ITM Evaluation: [2400/6156]  eta: 0:02:17    time: 0.0371  data: 0.0000  max mem: 5880
      ITM Evaluation: [2500/6156]  eta: 0:02:14    time: 0.0364  data: 0.0000  max mem: 5880
      ITM Evaluation: [2600/6156]  eta: 0:02:10    time: 0.0370  data: 0.0000  max mem: 5880
      ITM Evaluation: [2700/6156]  eta: 0:02:06    time: 0.0363  data: 0.0000  max mem: 5880
      ITM Evaluation: [2800/6156]  eta: 0:02:03    time: 0.0365  data: 0.0000  max mem: 5880
      ITM Evaluation: [2900/6156]  eta: 0:01:59    time: 0.0387  data: 0.0000  max mem: 5880
      ITM Evaluation: [3000/6156]  eta: 0:01:55    time: 0.0379  data: 0.0000  max mem: 5880
      ITM Evaluation: [3100/6156]  eta: 0:01:52    time: 0.0367  data: 0.0000  max mem: 5880
      ITM Evaluation: [3200/6156]  eta: 0:01:48    time: 0.0376  data: 0.0000  max mem: 5880
      ITM Evaluation: [3300/6156]  eta: 0:01:44    time: 0.0383  data: 0.0000  max mem: 5880
      ITM Evaluation: [3400/6156]  eta: 0:01:41    time: 0.0384  data: 0.0000  max mem: 5880
      ITM Evaluation: [3500/6156]  eta: 0:01:37    time: 0.0374  data: 0.0000  max mem: 5880
      ITM Evaluation: [3600/6156]  eta: 0:01:34    time: 0.0376  data: 0.0000  max mem: 5880
      ITM Evaluation: [3700/6156]  eta: 0:01:30    time: 0.0363  data: 0.0000  max mem: 5880
      ITM Evaluation: [3800/6156]  eta: 0:01:26    time: 0.0360  data: 0.0000  max mem: 5880
      ITM Evaluation: [3900/6156]  eta: 0:01:23    time: 0.0361  data: 0.0000  max mem: 5880
      ITM Evaluation: [4000/6156]  eta: 0:01:19    time: 0.0360  data: 0.0000  max mem: 5880
      ITM Evaluation: [4100/6156]  eta: 0:01:15    time: 0.0356  data: 0.0000  max mem: 5880
      ITM Evaluation: [4200/6156]  eta: 0:01:11    time: 0.0358  data: 0.0000  max mem: 5880
      ITM Evaluation: [4300/6156]  eta: 0:01:08    time: 0.0369  data: 0.0000  max mem: 5880
      ITM Evaluation: [4400/6156]  eta: 0:01:04    time: 0.0361  data: 0.0000  max mem: 5880
      ITM Evaluation: [4500/6156]  eta: 0:01:00    time: 0.0401  data: 0.0000  max mem: 5880
      ITM Evaluation: [4600/6156]  eta: 0:00:57    time: 0.0381  data: 0.0000  max mem: 5880
      ITM Evaluation: [4700/6156]  eta: 0:00:53    time: 0.0373  data: 0.0000  max mem: 5880
      ITM Evaluation: [4800/6156]  eta: 0:00:49    time: 0.0352  data: 0.0000  max mem: 5880
      ITM Evaluation: [4900/6156]  eta: 0:00:46    time: 0.0358  data: 0.0000  max mem: 5880
      ITM Evaluation: [5000/6156]  eta: 0:00:42    time: 0.0359  data: 0.0000  max mem: 5880
      ITM Evaluation: [5100/6156]  eta: 0:00:38    time: 0.0357  data: 0.0000  max mem: 5880
      ITM Evaluation: [5200/6156]  eta: 0:00:35    time: 0.0359  data: 0.0000  max mem: 5880
      ITM Evaluation: [5300/6156]  eta: 0:00:31    time: 0.0351  data: 0.0000  max mem: 5880
      ITM Evaluation: [5400/6156]  eta: 0:00:27    time: 0.0354  data: 0.0000  max mem: 5880
      ITM Evaluation: [5500/6156]  eta: 0:00:24    time: 0.0361  data: 0.0000  max mem: 5880
      ITM Evaluation: [5600/6156]  eta: 0:00:20    time: 0.0350  data: 0.0000  max mem: 5880
      ITM Evaluation: [5700/6156]  eta: 0:00:16    time: 0.0351  data: 0.0000  max mem: 5880
      ITM Evaluation: [5800/6156]  eta: 0:00:13    time: 0.0368  data: 0.0000  max mem: 5880
      ITM Evaluation: [5900/6156]  eta: 0:00:09    time: 0.0386  data: 0.0000  max mem: 5880
      ITM Evaluation: [6000/6156]  eta: 0:00:05    time: 0.0376  data: 0.0000  max mem: 5880
      ITM Evaluation: [6100/6156]  eta: 0:00:02    time: 0.0349  data: 0.0000  max mem: 5880
      ITM Evaluation: [6155/6156]  eta: 0:00:00    time: 0.0361  data: 0.0000  max mem: 5880
      ITM Evaluation: Total time: 0:03:45 (0.0367 s / it)
     total_time 225.83913564682007
     Computing matching score time 0:03:45
### TTA ITM Score: 
+-------+--------+--------+--------+--------+--------+
| epoch |   R1   |   R5   |  R10   |  mAP   |  mINP  |
+-------+--------+--------+--------+--------+--------+
|  -999 | 70.760 | 87.378 | 92.268 | 63.849 | 48.174 |
|  -999 | 76.170 | 89.457 | 93.600 | 65.570 | 47.372 |
|   0   | 69.672 | 88.564 | 92.982 | 62.595 | 45.854 |
|   1   | 47.888 | 80.994 | 90.286 | 47.353 | 33.589 |
|   2   | 50.991 | 83.415 | 91.537 | 50.399 | 36.168 |
|   3   | 55.929 | 86.355 | 92.333 | 54.241 | 38.659 |
|   4   | 42.235 | 79.370 | 90.091 | 45.742 | 33.681 |
|   5   | 47.433 | 82.310 | 91.114 | 48.907 | 35.469 |
|   6   | 53.996 | 85.494 | 92.138 | 53.121 | 38.073 |
|   7   | 50.893 | 84.064 | 91.699 | 51.596 | 37.396 |
|   8   | 46.459 | 81.871 | 91.212 | 48.395 | 35.418 |
|   9   | 53.964 | 85.088 | 92.203 | 52.933 | 38.242 |
|   10  | 54.110 | 85.007 | 92.008 | 53.258 | 38.178 |
|   11  | 50.877 | 83.463 | 91.585 | 50.976 | 36.877 |
|   12  | 54.516 | 84.990 | 92.154 | 53.347 | 38.407 |
|   13  | 57.716 | 86.290 | 92.528 | 55.240 | 39.779 |
|   14  | 59.617 | 86.793 | 92.576 | 56.434 | 40.604 |
|   15  | 59.698 | 86.793 | 92.528 | 56.496 | 40.718 |
|   16  | 60.737 | 86.923 | 92.511 | 57.048 | 41.144 |
|   17  | 64.912 | 88.044 | 92.771 | 59.390 | 42.715 |
|   18  | 60.705 | 87.037 | 92.446 | 57.217 | 41.182 |
|   19  | 62.216 | 87.492 | 92.511 | 58.036 | 41.805 |
|   20  | 64.051 | 87.898 | 92.674 | 59.039 | 42.634 |
|   21  | 63.986 | 87.817 | 92.593 | 59.065 | 42.652 |
|   22  | 63.255 | 87.508 | 92.463 | 58.462 | 42.103 |
+-------+--------+--------+--------+--------+--------+
     logs:  {'epo': 22, 'R1': 63.255, 'R5': 87.508, 'R10': 92.463, 'mAP': 58.462, 'mINP': 42.103, 'lr': 5.1e-05, 'entropy': 0.113806, 'loss': 2.731674}
      TTA Epoch: [23] [  0/384]  eta: 0:03:33  lr: 0.000048  entropy: 0.1804  loss: 2.7550  time: 0.5570  data: 0.4426  max mem: 5880
      TTA Epoch: [23] [100/384]  eta: 0:00:14  lr: 0.000046  entropy: 0.0751  loss: 2.7182  time: 0.0455  data: 0.0001  max mem: 5880
      TTA Epoch: [23] [200/384]  eta: 0:00:08  lr: 0.000044  entropy: 0.1637  loss: 2.7499  time: 0.0456  data: 0.0001  max mem: 5880
      TTA Epoch: [23] [300/384]  eta: 0:00:04  lr: 0.000042  entropy: 0.1184  loss: 2.7344  time: 0.0475  data: 0.0001  max mem: 5880
      TTA Epoch: [23] [383/384]  eta: 0:00:00  lr: 0.000041  entropy: 0.1218  loss: 2.7348  time: 0.0426  data: 0.0001  max mem: 5880
      TTA Epoch: [23] Total time: 0:00:18 (0.0473 s / it)
     Averaged stats: lr: 0.0000  entropy: 0.1150  loss: 2.7321
     itm tta time 0:00:18
     Computing matching score
      ITM Evaluation: [   0/6156]  eta: 0:04:07    time: 0.0402  data: 0.0059  max mem: 5880
      ITM Evaluation: [ 100/6156]  eta: 0:03:35    time: 0.0350  data: 0.0000  max mem: 5880
      ITM Evaluation: [ 200/6156]  eta: 0:03:31    time: 0.0359  data: 0.0000  max mem: 5880
      ITM Evaluation: [ 300/6156]  eta: 0:03:30    time: 0.0367  data: 0.0000  max mem: 5880
      ITM Evaluation: [ 400/6156]  eta: 0:03:28    time: 0.0375  data: 0.0000  max mem: 5880
      ITM Evaluation: [ 500/6156]  eta: 0:03:26    time: 0.0370  data: 0.0000  max mem: 5880
      ITM Evaluation: [ 600/6156]  eta: 0:03:21    time: 0.0352  data: 0.0000  max mem: 5880
      ITM Evaluation: [ 700/6156]  eta: 0:03:17    time: 0.0353  data: 0.0000  max mem: 5880
      ITM Evaluation: [ 800/6156]  eta: 0:03:12    time: 0.0352  data: 0.0000  max mem: 5880
      ITM Evaluation: [ 900/6156]  eta: 0:03:08    time: 0.0353  data: 0.0000  max mem: 5880
      ITM Evaluation: [1000/6156]  eta: 0:03:05    time: 0.0358  data: 0.0000  max mem: 5880
      ITM Evaluation: [1100/6156]  eta: 0:03:01    time: 0.0361  data: 0.0000  max mem: 5880
      ITM Evaluation: [1200/6156]  eta: 0:02:57    time: 0.0354  data: 0.0000  max mem: 5880
      ITM Evaluation: [1300/6156]  eta: 0:02:54    time: 0.0355  data: 0.0000  max mem: 5880
      ITM Evaluation: [1400/6156]  eta: 0:02:50    time: 0.0360  data: 0.0000  max mem: 5880
      ITM Evaluation: [1500/6156]  eta: 0:02:46    time: 0.0376  data: 0.0000  max mem: 5880
      ITM Evaluation: [1600/6156]  eta: 0:02:43    time: 0.0388  data: 0.0000  max mem: 5880
      ITM Evaluation: [1700/6156]  eta: 0:02:40    time: 0.0382  data: 0.0000  max mem: 5880
      ITM Evaluation: [1800/6156]  eta: 0:02:37    time: 0.0363  data: 0.0000  max mem: 5880
      ITM Evaluation: [1900/6156]  eta: 0:02:33    time: 0.0359  data: 0.0000  max mem: 5880
      ITM Evaluation: [2000/6156]  eta: 0:02:30    time: 0.0360  data: 0.0000  max mem: 5880
      ITM Evaluation: [2100/6156]  eta: 0:02:26    time: 0.0357  data: 0.0000  max mem: 5880
      ITM Evaluation: [2200/6156]  eta: 0:02:22    time: 0.0352  data: 0.0000  max mem: 5880
      ITM Evaluation: [2300/6156]  eta: 0:02:19    time: 0.0365  data: 0.0000  max mem: 5880
      ITM Evaluation: [2400/6156]  eta: 0:02:15    time: 0.0361  data: 0.0000  max mem: 5880
      ITM Evaluation: [2500/6156]  eta: 0:02:11    time: 0.0355  data: 0.0000  max mem: 5880
      ITM Evaluation: [2600/6156]  eta: 0:02:08    time: 0.0348  data: 0.0000  max mem: 5880
      ITM Evaluation: [2700/6156]  eta: 0:02:04    time: 0.0364  data: 0.0000  max mem: 5880
      ITM Evaluation: [2800/6156]  eta: 0:02:00    time: 0.0374  data: 0.0000  max mem: 5880
      ITM Evaluation: [2900/6156]  eta: 0:01:57    time: 0.0386  data: 0.0000  max mem: 5880
      ITM Evaluation: [3000/6156]  eta: 0:01:54    time: 0.0366  data: 0.0000  max mem: 5880
      ITM Evaluation: [3100/6156]  eta: 0:01:50    time: 0.0355  data: 0.0000  max mem: 5880
      ITM Evaluation: [3200/6156]  eta: 0:01:46    time: 0.0348  data: 0.0000  max mem: 5880
      ITM Evaluation: [3300/6156]  eta: 0:01:43    time: 0.0354  data: 0.0000  max mem: 5880
      ITM Evaluation: [3400/6156]  eta: 0:01:39    time: 0.0362  data: 0.0000  max mem: 5880
      ITM Evaluation: [3500/6156]  eta: 0:01:35    time: 0.0353  data: 0.0000  max mem: 5880
      ITM Evaluation: [3600/6156]  eta: 0:01:32    time: 0.0362  data: 0.0000  max mem: 5880
      ITM Evaluation: [3700/6156]  eta: 0:01:28    time: 0.0357  data: 0.0000  max mem: 5880
      ITM Evaluation: [3800/6156]  eta: 0:01:24    time: 0.0341  data: 0.0000  max mem: 5880
      ITM Evaluation: [3900/6156]  eta: 0:01:21    time: 0.0355  data: 0.0000  max mem: 5880
      ITM Evaluation: [4000/6156]  eta: 0:01:17    time: 0.0382  data: 0.0000  max mem: 5880
      ITM Evaluation: [4100/6156]  eta: 0:01:14    time: 0.0366  data: 0.0000  max mem: 5880
      ITM Evaluation: [4200/6156]  eta: 0:01:10    time: 0.0371  data: 0.0000  max mem: 5880
      ITM Evaluation: [4300/6156]  eta: 0:01:06    time: 0.0338  data: 0.0000  max mem: 5880
      ITM Evaluation: [4400/6156]  eta: 0:01:03    time: 0.0375  data: 0.0000  max mem: 5880
      ITM Evaluation: [4500/6156]  eta: 0:00:59    time: 0.0376  data: 0.0000  max mem: 5880
      ITM Evaluation: [4600/6156]  eta: 0:00:56    time: 0.0375  data: 0.0000  max mem: 5880
      ITM Evaluation: [4700/6156]  eta: 0:00:52    time: 0.0386  data: 0.0000  max mem: 5880
      ITM Evaluation: [4800/6156]  eta: 0:00:49    time: 0.0528  data: 0.0000  max mem: 5880
      ITM Evaluation: [4900/6156]  eta: 0:00:46    time: 0.0545  data: 0.0000  max mem: 5880
      ITM Evaluation: [5000/6156]  eta: 0:00:42    time: 0.0380  data: 0.0000  max mem: 5880
      ITM Evaluation: [5100/6156]  eta: 0:00:38    time: 0.0386  data: 0.0000  max mem: 5880
      ITM Evaluation: [5200/6156]  eta: 0:00:35    time: 0.0476  data: 0.0000  max mem: 5880
      ITM Evaluation: [5300/6156]  eta: 0:00:31    time: 0.0397  data: 0.0000  max mem: 5880
      ITM Evaluation: [5400/6156]  eta: 0:00:27    time: 0.0379  data: 0.0000  max mem: 5880
      ITM Evaluation: [5500/6156]  eta: 0:00:24    time: 0.0623  data: 0.0000  max mem: 5880
      ITM Evaluation: [5600/6156]  eta: 0:00:20    time: 0.0388  data: 0.0000  max mem: 5880
      ITM Evaluation: [5700/6156]  eta: 0:00:16    time: 0.0437  data: 0.0000  max mem: 5880
      ITM Evaluation: [5800/6156]  eta: 0:00:13    time: 0.0330  data: 0.0000  max mem: 5880
      ITM Evaluation: [5900/6156]  eta: 0:00:09    time: 0.0332  data: 0.0000  max mem: 5880
      ITM Evaluation: [6000/6156]  eta: 0:00:05    time: 0.0336  data: 0.0000  max mem: 5880
      ITM Evaluation: [6100/6156]  eta: 0:00:02    time: 0.0336  data: 0.0000  max mem: 5880
      ITM Evaluation: [6155/6156]  eta: 0:00:00    time: 0.0336  data: 0.0000  max mem: 5880
      ITM Evaluation: Total time: 0:03:47 (0.0369 s / it)
     total_time 227.37342357635498
     Computing matching score time 0:03:47
### TTA ITM Score: 
+-------+--------+--------+--------+--------+--------+
| epoch |   R1   |   R5   |  R10   |  mAP   |  mINP  |
+-------+--------+--------+--------+--------+--------+
|  -999 | 70.760 | 87.378 | 92.268 | 63.849 | 48.174 |
|  -999 | 76.170 | 89.457 | 93.600 | 65.570 | 47.372 |
|   0   | 69.672 | 88.564 | 92.982 | 62.595 | 45.854 |
|   1   | 47.888 | 80.994 | 90.286 | 47.353 | 33.589 |
|   2   | 50.991 | 83.415 | 91.537 | 50.399 | 36.168 |
|   3   | 55.929 | 86.355 | 92.333 | 54.241 | 38.659 |
|   4   | 42.235 | 79.370 | 90.091 | 45.742 | 33.681 |
|   5   | 47.433 | 82.310 | 91.114 | 48.907 | 35.469 |
|   6   | 53.996 | 85.494 | 92.138 | 53.121 | 38.073 |
|   7   | 50.893 | 84.064 | 91.699 | 51.596 | 37.396 |
|   8   | 46.459 | 81.871 | 91.212 | 48.395 | 35.418 |
|   9   | 53.964 | 85.088 | 92.203 | 52.933 | 38.242 |
|   10  | 54.110 | 85.007 | 92.008 | 53.258 | 38.178 |
|   11  | 50.877 | 83.463 | 91.585 | 50.976 | 36.877 |
|   12  | 54.516 | 84.990 | 92.154 | 53.347 | 38.407 |
|   13  | 57.716 | 86.290 | 92.528 | 55.240 | 39.779 |
|   14  | 59.617 | 86.793 | 92.576 | 56.434 | 40.604 |
|   15  | 59.698 | 86.793 | 92.528 | 56.496 | 40.718 |
|   16  | 60.737 | 86.923 | 92.511 | 57.048 | 41.144 |
|   17  | 64.912 | 88.044 | 92.771 | 59.390 | 42.715 |
|   18  | 60.705 | 87.037 | 92.446 | 57.217 | 41.182 |
|   19  | 62.216 | 87.492 | 92.511 | 58.036 | 41.805 |
|   20  | 64.051 | 87.898 | 92.674 | 59.039 | 42.634 |
|   21  | 63.986 | 87.817 | 92.593 | 59.065 | 42.652 |
|   22  | 63.255 | 87.508 | 92.463 | 58.462 | 42.103 |
|   23  | 60.575 | 86.712 | 92.414 | 57.094 | 41.293 |
+-------+--------+--------+--------+--------+--------+
     logs:  {'epo': 23, 'R1': 60.575, 'R5': 86.712, 'R10': 92.414, 'mAP': 57.094, 'mINP': 41.293, 'lr': 4.4e-05, 'entropy': 0.115016, 'loss': 2.732126}
      TTA Epoch: [24] [  0/384]  eta: 0:03:21  lr: 0.000041  entropy: 0.1402  loss: 2.7415  time: 0.5242  data: 0.4193  max mem: 5880
      TTA Epoch: [24] [100/384]  eta: 0:00:14  lr: 0.000039  entropy: 0.1328  loss: 2.7382  time: 0.0473  data: 0.0001  max mem: 5880
      TTA Epoch: [24] [200/384]  eta: 0:00:09  lr: 0.000037  entropy: 0.2029  loss: 2.7654  time: 0.0473  data: 0.0001  max mem: 5880
      TTA Epoch: [24] [300/384]  eta: 0:00:04  lr: 0.000036  entropy: 0.0749  loss: 2.7157  time: 0.0491  data: 0.0001  max mem: 5880
      TTA Epoch: [24] [383/384]  eta: 0:00:00  lr: 0.000034  entropy: 0.2198  loss: 2.7702  time: 0.0621  data: 0.0002  max mem: 5880
      TTA Epoch: [24] Total time: 0:00:19 (0.0515 s / it)
     Averaged stats: lr: 0.0000  entropy: 0.1131  loss: 2.7314
     itm tta time 0:00:19
     Computing matching score
      ITM Evaluation: [   0/6156]  eta: 0:05:07    time: 0.0500  data: 0.0063  max mem: 5880
      ITM Evaluation: [ 100/6156]  eta: 0:03:20    time: 0.0338  data: 0.0000  max mem: 5880
      ITM Evaluation: [ 200/6156]  eta: 0:03:17    time: 0.0337  data: 0.0000  max mem: 5880
      ITM Evaluation: [ 300/6156]  eta: 0:03:13    time: 0.0330  data: 0.0000  max mem: 5880
      ITM Evaluation: [ 400/6156]  eta: 0:03:10    time: 0.0335  data: 0.0000  max mem: 5880
      ITM Evaluation: [ 500/6156]  eta: 0:03:07    time: 0.0334  data: 0.0000  max mem: 5880
      ITM Evaluation: [ 600/6156]  eta: 0:03:03    time: 0.0325  data: 0.0000  max mem: 5880
      ITM Evaluation: [ 700/6156]  eta: 0:03:01    time: 0.0335  data: 0.0000  max mem: 5880
      ITM Evaluation: [ 800/6156]  eta: 0:02:58    time: 0.0339  data: 0.0000  max mem: 5880
      ITM Evaluation: [ 900/6156]  eta: 0:02:55    time: 0.0361  data: 0.0000  max mem: 5880
      ITM Evaluation: [1000/6156]  eta: 0:02:51    time: 0.0342  data: 0.0000  max mem: 5880
      ITM Evaluation: [1100/6156]  eta: 0:02:49    time: 0.0328  data: 0.0000  max mem: 5880
      ITM Evaluation: [1200/6156]  eta: 0:02:45    time: 0.0328  data: 0.0000  max mem: 5880
      ITM Evaluation: [1300/6156]  eta: 0:02:42    time: 0.0331  data: 0.0000  max mem: 5880
      ITM Evaluation: [1400/6156]  eta: 0:02:38    time: 0.0328  data: 0.0000  max mem: 5880
      ITM Evaluation: [1500/6156]  eta: 0:02:35    time: 0.0334  data: 0.0000  max mem: 5880
      ITM Evaluation: [1600/6156]  eta: 0:02:32    time: 0.0336  data: 0.0000  max mem: 5880
      ITM Evaluation: [1700/6156]  eta: 0:02:28    time: 0.0338  data: 0.0000  max mem: 5880
      ITM Evaluation: [1800/6156]  eta: 0:02:25    time: 0.0335  data: 0.0000  max mem: 5880
      ITM Evaluation: [1900/6156]  eta: 0:02:22    time: 0.0338  data: 0.0000  max mem: 5880
      ITM Evaluation: [2000/6156]  eta: 0:02:18    time: 0.0333  data: 0.0000  max mem: 5880
      ITM Evaluation: [2100/6156]  eta: 0:02:15    time: 0.0359  data: 0.0000  max mem: 5880
      ITM Evaluation: [2200/6156]  eta: 0:02:12    time: 0.0336  data: 0.0000  max mem: 5880
      ITM Evaluation: [2300/6156]  eta: 0:02:09    time: 0.0330  data: 0.0000  max mem: 5880
      ITM Evaluation: [2400/6156]  eta: 0:02:05    time: 0.0340  data: 0.0000  max mem: 5880
      ITM Evaluation: [2500/6156]  eta: 0:02:02    time: 0.0346  data: 0.0000  max mem: 5880
      ITM Evaluation: [2600/6156]  eta: 0:01:59    time: 0.0335  data: 0.0000  max mem: 5880
      ITM Evaluation: [2700/6156]  eta: 0:01:55    time: 0.0362  data: 0.0000  max mem: 5880
      ITM Evaluation: [2800/6156]  eta: 0:01:52    time: 0.0342  data: 0.0000  max mem: 5880
      ITM Evaluation: [2900/6156]  eta: 0:01:49    time: 0.0348  data: 0.0000  max mem: 5880
      ITM Evaluation: [3000/6156]  eta: 0:01:46    time: 0.0341  data: 0.0000  max mem: 5880
      ITM Evaluation: [3100/6156]  eta: 0:01:42    time: 0.0343  data: 0.0000  max mem: 5880
      ITM Evaluation: [3200/6156]  eta: 0:01:39    time: 0.0340  data: 0.0000  max mem: 5880
      ITM Evaluation: [3300/6156]  eta: 0:01:36    time: 0.0347  data: 0.0000  max mem: 5880
      ITM Evaluation: [3400/6156]  eta: 0:01:33    time: 0.0334  data: 0.0000  max mem: 5880
      ITM Evaluation: [3500/6156]  eta: 0:01:29    time: 0.0330  data: 0.0000  max mem: 5880
      ITM Evaluation: [3600/6156]  eta: 0:01:26    time: 0.0341  data: 0.0000  max mem: 5880
      ITM Evaluation: [3700/6156]  eta: 0:01:22    time: 0.0330  data: 0.0000  max mem: 5880
      ITM Evaluation: [3800/6156]  eta: 0:01:19    time: 0.0332  data: 0.0000  max mem: 5880
      ITM Evaluation: [3900/6156]  eta: 0:01:16    time: 0.0343  data: 0.0000  max mem: 5880
      ITM Evaluation: [4000/6156]  eta: 0:01:12    time: 0.0335  data: 0.0000  max mem: 5880
      ITM Evaluation: [4100/6156]  eta: 0:01:09    time: 0.0331  data: 0.0000  max mem: 5880
      ITM Evaluation: [4200/6156]  eta: 0:01:05    time: 0.0343  data: 0.0000  max mem: 5880
      ITM Evaluation: [4300/6156]  eta: 0:01:02    time: 0.0334  data: 0.0000  max mem: 5880
      ITM Evaluation: [4400/6156]  eta: 0:00:59    time: 0.0328  data: 0.0000  max mem: 5880
      ITM Evaluation: [4500/6156]  eta: 0:00:55    time: 0.0338  data: 0.0000  max mem: 5880
      ITM Evaluation: [4600/6156]  eta: 0:00:52    time: 0.0346  data: 0.0000  max mem: 5880
      ITM Evaluation: [4700/6156]  eta: 0:00:49    time: 0.0333  data: 0.0000  max mem: 5880
      ITM Evaluation: [4800/6156]  eta: 0:00:45    time: 0.0335  data: 0.0000  max mem: 5880
      ITM Evaluation: [4900/6156]  eta: 0:00:42    time: 0.0322  data: 0.0000  max mem: 5880
      ITM Evaluation: [5000/6156]  eta: 0:00:38    time: 0.0324  data: 0.0000  max mem: 5880
      ITM Evaluation: [5100/6156]  eta: 0:00:35    time: 0.0322  data: 0.0000  max mem: 5880
      ITM Evaluation: [5200/6156]  eta: 0:00:32    time: 0.0354  data: 0.0000  max mem: 5880
      ITM Evaluation: [5300/6156]  eta: 0:00:28    time: 0.0324  data: 0.0000  max mem: 5880
      ITM Evaluation: [5400/6156]  eta: 0:00:25    time: 0.0319  data: 0.0000  max mem: 5880
      ITM Evaluation: [5500/6156]  eta: 0:00:22    time: 0.0334  data: 0.0000  max mem: 5880
      ITM Evaluation: [5600/6156]  eta: 0:00:18    time: 0.0335  data: 0.0000  max mem: 5880
      ITM Evaluation: [5700/6156]  eta: 0:00:15    time: 0.0333  data: 0.0000  max mem: 5880
      ITM Evaluation: [5800/6156]  eta: 0:00:11    time: 0.0329  data: 0.0000  max mem: 5880
      ITM Evaluation: [5900/6156]  eta: 0:00:08    time: 0.0328  data: 0.0000  max mem: 5880
      ITM Evaluation: [6000/6156]  eta: 0:00:05    time: 0.0326  data: 0.0000  max mem: 5880
      ITM Evaluation: [6100/6156]  eta: 0:00:01    time: 0.0332  data: 0.0000  max mem: 5880
      ITM Evaluation: [6155/6156]  eta: 0:00:00    time: 0.0325  data: 0.0000  max mem: 5880
      ITM Evaluation: Total time: 0:03:26 (0.0336 s / it)
     total_time 206.9012143611908
     Computing matching score time 0:03:26
### TTA ITM Score: 
+-------+--------+--------+--------+--------+--------+
| epoch |   R1   |   R5   |  R10   |  mAP   |  mINP  |
+-------+--------+--------+--------+--------+--------+
|  -999 | 70.760 | 87.378 | 92.268 | 63.849 | 48.174 |
|  -999 | 76.170 | 89.457 | 93.600 | 65.570 | 47.372 |
|   0   | 69.672 | 88.564 | 92.982 | 62.595 | 45.854 |
|   1   | 47.888 | 80.994 | 90.286 | 47.353 | 33.589 |
|   2   | 50.991 | 83.415 | 91.537 | 50.399 | 36.168 |
|   3   | 55.929 | 86.355 | 92.333 | 54.241 | 38.659 |
|   4   | 42.235 | 79.370 | 90.091 | 45.742 | 33.681 |
|   5   | 47.433 | 82.310 | 91.114 | 48.907 | 35.469 |
|   6   | 53.996 | 85.494 | 92.138 | 53.121 | 38.073 |
|   7   | 50.893 | 84.064 | 91.699 | 51.596 | 37.396 |
|   8   | 46.459 | 81.871 | 91.212 | 48.395 | 35.418 |
|   9   | 53.964 | 85.088 | 92.203 | 52.933 | 38.242 |
|   10  | 54.110 | 85.007 | 92.008 | 53.258 | 38.178 |
|   11  | 50.877 | 83.463 | 91.585 | 50.976 | 36.877 |
|   12  | 54.516 | 84.990 | 92.154 | 53.347 | 38.407 |
|   13  | 57.716 | 86.290 | 92.528 | 55.240 | 39.779 |
|   14  | 59.617 | 86.793 | 92.576 | 56.434 | 40.604 |
|   15  | 59.698 | 86.793 | 92.528 | 56.496 | 40.718 |
|   16  | 60.737 | 86.923 | 92.511 | 57.048 | 41.144 |
|   17  | 64.912 | 88.044 | 92.771 | 59.390 | 42.715 |
|   18  | 60.705 | 87.037 | 92.446 | 57.217 | 41.182 |
|   19  | 62.216 | 87.492 | 92.511 | 58.036 | 41.805 |
|   20  | 64.051 | 87.898 | 92.674 | 59.039 | 42.634 |
|   21  | 63.986 | 87.817 | 92.593 | 59.065 | 42.652 |
|   22  | 63.255 | 87.508 | 92.463 | 58.462 | 42.103 |
|   23  | 60.575 | 86.712 | 92.414 | 57.094 | 41.293 |
|   24  | 60.039 | 86.550 | 92.479 | 56.814 | 41.064 |
+-------+--------+--------+--------+--------+--------+
     logs:  {'epo': 24, 'R1': 60.039, 'R5': 86.55, 'R10': 92.479, 'mAP': 56.814, 'mINP': 41.064, 'lr': 3.7e-05, 'entropy': 0.113074, 'loss': 2.731407}
      TTA Epoch: [25] [  0/384]  eta: 0:04:39  lr: 0.000034  entropy: 0.0386  loss: 2.7055  time: 0.7271  data: 0.5910  max mem: 5880
      TTA Epoch: [25] [100/384]  eta: 0:00:15  lr: 0.000032  entropy: 0.0531  loss: 2.7096  time: 0.0476  data: 0.0001  max mem: 5880
      TTA Epoch: [25] [200/384]  eta: 0:00:09  lr: 0.000031  entropy: 0.0800  loss: 2.7196  time: 0.0505  data: 0.0001  max mem: 5880
      TTA Epoch: [25] [300/384]  eta: 0:00:04  lr: 0.000029  entropy: 0.0439  loss: 2.7060  time: 0.0495  data: 0.0001  max mem: 5880
      TTA Epoch: [25] [383/384]  eta: 0:00:00  lr: 0.000027  entropy: 0.0164  loss: 2.6959  time: 0.0479  data: 0.0001  max mem: 5880
      TTA Epoch: [25] Total time: 0:00:19 (0.0514 s / it)
     Averaged stats: lr: 0.0000  entropy: 0.1153  loss: 2.7322
     itm tta time 0:00:19
     Computing matching score
      ITM Evaluation: [   0/6156]  eta: 0:03:55    time: 0.0383  data: 0.0062  max mem: 5880
      ITM Evaluation: [ 100/6156]  eta: 0:03:19    time: 0.0323  data: 0.0000  max mem: 5880
      ITM Evaluation: [ 200/6156]  eta: 0:03:15    time: 0.0324  data: 0.0000  max mem: 5880
      ITM Evaluation: [ 300/6156]  eta: 0:03:11    time: 0.0323  data: 0.0000  max mem: 5880
      ITM Evaluation: [ 400/6156]  eta: 0:03:08    time: 0.0323  data: 0.0000  max mem: 5880
      ITM Evaluation: [ 500/6156]  eta: 0:03:07    time: 0.0363  data: 0.0000  max mem: 5880
      ITM Evaluation: [ 600/6156]  eta: 0:03:04    time: 0.0336  data: 0.0000  max mem: 5880
      ITM Evaluation: [ 700/6156]  eta: 0:03:01    time: 0.0328  data: 0.0000  max mem: 5880
      ITM Evaluation: [ 800/6156]  eta: 0:02:57    time: 0.0335  data: 0.0000  max mem: 5880
      ITM Evaluation: [ 900/6156]  eta: 0:02:54    time: 0.0337  data: 0.0000  max mem: 5880
      ITM Evaluation: [1000/6156]  eta: 0:02:51    time: 0.0325  data: 0.0000  max mem: 5880
      ITM Evaluation: [1100/6156]  eta: 0:02:47    time: 0.0325  data: 0.0000  max mem: 5880
      ITM Evaluation: [1200/6156]  eta: 0:02:44    time: 0.0345  data: 0.0000  max mem: 5880
      ITM Evaluation: [1300/6156]  eta: 0:02:41    time: 0.0333  data: 0.0000  max mem: 5880
      ITM Evaluation: [1400/6156]  eta: 0:02:38    time: 0.0344  data: 0.0000  max mem: 5880
      ITM Evaluation: [1500/6156]  eta: 0:02:35    time: 0.0366  data: 0.0000  max mem: 5880
      ITM Evaluation: [1600/6156]  eta: 0:02:32    time: 0.0349  data: 0.0000  max mem: 5880
      ITM Evaluation: [1700/6156]  eta: 0:02:29    time: 0.0327  data: 0.0000  max mem: 5880
      ITM Evaluation: [1800/6156]  eta: 0:02:25    time: 0.0334  data: 0.0000  max mem: 5880
      ITM Evaluation: [1900/6156]  eta: 0:02:22    time: 0.0331  data: 0.0000  max mem: 5880
      ITM Evaluation: [2000/6156]  eta: 0:02:18    time: 0.0329  data: 0.0000  max mem: 5880
      ITM Evaluation: [2100/6156]  eta: 0:02:15    time: 0.0324  data: 0.0000  max mem: 5880
      ITM Evaluation: [2200/6156]  eta: 0:02:11    time: 0.0325  data: 0.0000  max mem: 5880
      ITM Evaluation: [2300/6156]  eta: 0:02:08    time: 0.0327  data: 0.0000  max mem: 5880
      ITM Evaluation: [2400/6156]  eta: 0:02:05    time: 0.0330  data: 0.0000  max mem: 5880
      ITM Evaluation: [2500/6156]  eta: 0:02:01    time: 0.0324  data: 0.0000  max mem: 5880
      ITM Evaluation: [2600/6156]  eta: 0:01:58    time: 0.0372  data: 0.0000  max mem: 5880
      ITM Evaluation: [2700/6156]  eta: 0:01:55    time: 0.0344  data: 0.0000  max mem: 5880
      ITM Evaluation: [2800/6156]  eta: 0:01:51    time: 0.0334  data: 0.0000  max mem: 5880
      ITM Evaluation: [2900/6156]  eta: 0:01:48    time: 0.0323  data: 0.0000  max mem: 5880
      ITM Evaluation: [3000/6156]  eta: 0:01:45    time: 0.0334  data: 0.0000  max mem: 5880
      ITM Evaluation: [3100/6156]  eta: 0:01:41    time: 0.0331  data: 0.0000  max mem: 5880
      ITM Evaluation: [3200/6156]  eta: 0:01:38    time: 0.0329  data: 0.0000  max mem: 5880
      ITM Evaluation: [3300/6156]  eta: 0:01:35    time: 0.0330  data: 0.0000  max mem: 5880
      ITM Evaluation: [3400/6156]  eta: 0:01:31    time: 0.0327  data: 0.0000  max mem: 5880
      ITM Evaluation: [3500/6156]  eta: 0:01:28    time: 0.0330  data: 0.0000  max mem: 5880
      ITM Evaluation: [3600/6156]  eta: 0:01:25    time: 0.0327  data: 0.0000  max mem: 5880
      ITM Evaluation: [3700/6156]  eta: 0:01:21    time: 0.0334  data: 0.0000  max mem: 5880
      ITM Evaluation: [3800/6156]  eta: 0:01:18    time: 0.0334  data: 0.0000  max mem: 5880
      ITM Evaluation: [3900/6156]  eta: 0:01:15    time: 0.0323  data: 0.0000  max mem: 5880
      ITM Evaluation: [4000/6156]  eta: 0:01:11    time: 0.0324  data: 0.0000  max mem: 5880
      ITM Evaluation: [4100/6156]  eta: 0:01:08    time: 0.0332  data: 0.0000  max mem: 5880
      ITM Evaluation: [4200/6156]  eta: 0:01:05    time: 0.0325  data: 0.0000  max mem: 5880
      ITM Evaluation: [4300/6156]  eta: 0:01:01    time: 0.0326  data: 0.0000  max mem: 5880
      ITM Evaluation: [4400/6156]  eta: 0:00:58    time: 0.0325  data: 0.0000  max mem: 5880
      ITM Evaluation: [4500/6156]  eta: 0:00:55    time: 0.0326  data: 0.0000  max mem: 5880
      ITM Evaluation: [4600/6156]  eta: 0:00:51    time: 0.0331  data: 0.0000  max mem: 5880
      ITM Evaluation: [4700/6156]  eta: 0:00:48    time: 0.0368  data: 0.0000  max mem: 5880
      ITM Evaluation: [4800/6156]  eta: 0:00:45    time: 0.0327  data: 0.0000  max mem: 5880
      ITM Evaluation: [4900/6156]  eta: 0:00:41    time: 0.0328  data: 0.0000  max mem: 5880
      ITM Evaluation: [5000/6156]  eta: 0:00:38    time: 0.0325  data: 0.0000  max mem: 5880
      ITM Evaluation: [5100/6156]  eta: 0:00:35    time: 0.0327  data: 0.0000  max mem: 5880
      ITM Evaluation: [5200/6156]  eta: 0:00:31    time: 0.0323  data: 0.0000  max mem: 5880
      ITM Evaluation: [5300/6156]  eta: 0:00:28    time: 0.0332  data: 0.0000  max mem: 5880
      ITM Evaluation: [5400/6156]  eta: 0:00:25    time: 0.0329  data: 0.0000  max mem: 5880
      ITM Evaluation: [5500/6156]  eta: 0:00:21    time: 0.0333  data: 0.0000  max mem: 5880
      ITM Evaluation: [5600/6156]  eta: 0:00:18    time: 0.0336  data: 0.0000  max mem: 5880
      ITM Evaluation: [5700/6156]  eta: 0:00:15    time: 0.0345  data: 0.0000  max mem: 5880
      ITM Evaluation: [5800/6156]  eta: 0:00:11    time: 0.0327  data: 0.0000  max mem: 5880
      ITM Evaluation: [5900/6156]  eta: 0:00:08    time: 0.0319  data: 0.0000  max mem: 5880
      ITM Evaluation: [6000/6156]  eta: 0:00:05    time: 0.0325  data: 0.0000  max mem: 5880
      ITM Evaluation: [6100/6156]  eta: 0:00:01    time: 0.0329  data: 0.0000  max mem: 5880
      ITM Evaluation: [6155/6156]  eta: 0:00:00    time: 0.0326  data: 0.0000  max mem: 5880
      ITM Evaluation: Total time: 0:03:24 (0.0332 s / it)
     total_time 204.3299219608307
     Computing matching score time 0:03:24
### TTA ITM Score: 
+-------+--------+--------+--------+--------+--------+
| epoch |   R1   |   R5   |  R10   |  mAP   |  mINP  |
+-------+--------+--------+--------+--------+--------+
|  -999 | 70.760 | 87.378 | 92.268 | 63.849 | 48.174 |
|  -999 | 76.170 | 89.457 | 93.600 | 65.570 | 47.372 |
|   0   | 69.672 | 88.564 | 92.982 | 62.595 | 45.854 |
|   1   | 47.888 | 80.994 | 90.286 | 47.353 | 33.589 |
|   2   | 50.991 | 83.415 | 91.537 | 50.399 | 36.168 |
|   3   | 55.929 | 86.355 | 92.333 | 54.241 | 38.659 |
|   4   | 42.235 | 79.370 | 90.091 | 45.742 | 33.681 |
|   5   | 47.433 | 82.310 | 91.114 | 48.907 | 35.469 |
|   6   | 53.996 | 85.494 | 92.138 | 53.121 | 38.073 |
|   7   | 50.893 | 84.064 | 91.699 | 51.596 | 37.396 |
|   8   | 46.459 | 81.871 | 91.212 | 48.395 | 35.418 |
|   9   | 53.964 | 85.088 | 92.203 | 52.933 | 38.242 |
|   10  | 54.110 | 85.007 | 92.008 | 53.258 | 38.178 |
|   11  | 50.877 | 83.463 | 91.585 | 50.976 | 36.877 |
|   12  | 54.516 | 84.990 | 92.154 | 53.347 | 38.407 |
|   13  | 57.716 | 86.290 | 92.528 | 55.240 | 39.779 |
|   14  | 59.617 | 86.793 | 92.576 | 56.434 | 40.604 |
|   15  | 59.698 | 86.793 | 92.528 | 56.496 | 40.718 |
|   16  | 60.737 | 86.923 | 92.511 | 57.048 | 41.144 |
|   17  | 64.912 | 88.044 | 92.771 | 59.390 | 42.715 |
|   18  | 60.705 | 87.037 | 92.446 | 57.217 | 41.182 |
|   19  | 62.216 | 87.492 | 92.511 | 58.036 | 41.805 |
|   20  | 64.051 | 87.898 | 92.674 | 59.039 | 42.634 |
|   21  | 63.986 | 87.817 | 92.593 | 59.065 | 42.652 |
|   22  | 63.255 | 87.508 | 92.463 | 58.462 | 42.103 |
|   23  | 60.575 | 86.712 | 92.414 | 57.094 | 41.293 |
|   24  | 60.039 | 86.550 | 92.479 | 56.814 | 41.064 |
|   25  | 60.413 | 86.680 | 92.398 | 56.936 | 41.082 |
+-------+--------+--------+--------+--------+--------+
     logs:  {'epo': 25, 'R1': 60.413, 'R5': 86.68, 'R10': 92.398, 'mAP': 56.936, 'mINP': 41.082, 'lr': 3.1e-05, 'entropy': 0.115324, 'loss': 2.73224}
      TTA Epoch: [26] [  0/384]  eta: 0:03:31  lr: 0.000027  entropy: 0.0918  loss: 2.7233  time: 0.5502  data: 0.4378  max mem: 5880
      TTA Epoch: [26] [100/384]  eta: 0:00:15  lr: 0.000026  entropy: 0.1415  loss: 2.7419  time: 0.0461  data: 0.0001  max mem: 5880
      TTA Epoch: [26] [200/384]  eta: 0:00:09  lr: 0.000024  entropy: 0.1651  loss: 2.7491  time: 0.0467  data: 0.0001  max mem: 5880
      TTA Epoch: [26] [300/384]  eta: 0:00:04  lr: 0.000022  entropy: 0.0849  loss: 2.7193  time: 0.0474  data: 0.0001  max mem: 5880
      TTA Epoch: [26] [383/384]  eta: 0:00:00  lr: 0.000021  entropy: 0.1088  loss: 2.7287  time: 0.0478  data: 0.0001  max mem: 5880
      TTA Epoch: [26] Total time: 0:00:18 (0.0491 s / it)
     Averaged stats: lr: 0.0000  entropy: 0.1184  loss: 2.7334
     itm tta time 0:00:18
     Computing matching score
      ITM Evaluation: [   0/6156]  eta: 0:05:13    time: 0.0509  data: 0.0102  max mem: 5880
      ITM Evaluation: [ 100/6156]  eta: 0:03:27    time: 0.0321  data: 0.0000  max mem: 5880
      ITM Evaluation: [ 200/6156]  eta: 0:03:26    time: 0.0337  data: 0.0000  max mem: 5880
      ITM Evaluation: [ 300/6156]  eta: 0:03:24    time: 0.0383  data: 0.0000  max mem: 5880
      ITM Evaluation: [ 400/6156]  eta: 0:03:20    time: 0.0349  data: 0.0000  max mem: 5880
      ITM Evaluation: [ 500/6156]  eta: 0:03:17    time: 0.0355  data: 0.0000  max mem: 5880
      ITM Evaluation: [ 600/6156]  eta: 0:03:15    time: 0.0368  data: 0.0000  max mem: 5880
      ITM Evaluation: [ 700/6156]  eta: 0:03:15    time: 0.0515  data: 0.0000  max mem: 5880
      ITM Evaluation: [ 800/6156]  eta: 0:03:22    time: 0.0577  data: 0.0000  max mem: 5880
      ITM Evaluation: [ 900/6156]  eta: 0:03:17    time: 0.0346  data: 0.0000  max mem: 5880
      ITM Evaluation: [1000/6156]  eta: 0:03:15    time: 0.0332  data: 0.0000  max mem: 5880
      ITM Evaluation: [1100/6156]  eta: 0:03:09    time: 0.0331  data: 0.0000  max mem: 5880
      ITM Evaluation: [1200/6156]  eta: 0:03:04    time: 0.0342  data: 0.0000  max mem: 5880
      ITM Evaluation: [1300/6156]  eta: 0:03:02    time: 0.0446  data: 0.0000  max mem: 5880
      ITM Evaluation: [1400/6156]  eta: 0:03:01    time: 0.0350  data: 0.0000  max mem: 5880
      ITM Evaluation: [1500/6156]  eta: 0:02:56    time: 0.0335  data: 0.0000  max mem: 5880
      ITM Evaluation: [1600/6156]  eta: 0:02:51    time: 0.0329  data: 0.0000  max mem: 5880
      ITM Evaluation: [1700/6156]  eta: 0:02:46    time: 0.0355  data: 0.0000  max mem: 5880
      ITM Evaluation: [1800/6156]  eta: 0:02:41    time: 0.0325  data: 0.0000  max mem: 5880
      ITM Evaluation: [1900/6156]  eta: 0:02:37    time: 0.0338  data: 0.0000  max mem: 5880
      ITM Evaluation: [2000/6156]  eta: 0:02:32    time: 0.0330  data: 0.0000  max mem: 5880
      ITM Evaluation: [2100/6156]  eta: 0:02:28    time: 0.0325  data: 0.0000  max mem: 5880
      ITM Evaluation: [2200/6156]  eta: 0:02:24    time: 0.0302  data: 0.0000  max mem: 5880
      ITM Evaluation: [2300/6156]  eta: 0:02:19    time: 0.0307  data: 0.0000  max mem: 5880
      ITM Evaluation: [2400/6156]  eta: 0:02:15    time: 0.0304  data: 0.0000  max mem: 5880
      ITM Evaluation: [2500/6156]  eta: 0:02:10    time: 0.0300  data: 0.0000  max mem: 5880
      ITM Evaluation: [2600/6156]  eta: 0:02:06    time: 0.0304  data: 0.0000  max mem: 5880
      ITM Evaluation: [2700/6156]  eta: 0:02:02    time: 0.0305  data: 0.0000  max mem: 5880
      ITM Evaluation: [2800/6156]  eta: 0:01:58    time: 0.0320  data: 0.0000  max mem: 5880
      ITM Evaluation: [2900/6156]  eta: 0:01:54    time: 0.0306  data: 0.0000  max mem: 5880
      ITM Evaluation: [3000/6156]  eta: 0:01:50    time: 0.0302  data: 0.0000  max mem: 5880
      ITM Evaluation: [3100/6156]  eta: 0:01:46    time: 0.0309  data: 0.0000  max mem: 5880
      ITM Evaluation: [3200/6156]  eta: 0:01:42    time: 0.0306  data: 0.0000  max mem: 5880
      ITM Evaluation: [3300/6156]  eta: 0:01:39    time: 0.0322  data: 0.0000  max mem: 5880
      ITM Evaluation: [3400/6156]  eta: 0:01:35    time: 0.0313  data: 0.0000  max mem: 5880
      ITM Evaluation: [3500/6156]  eta: 0:01:31    time: 0.0305  data: 0.0000  max mem: 5880
      ITM Evaluation: [3600/6156]  eta: 0:01:28    time: 0.0305  data: 0.0000  max mem: 5880
      ITM Evaluation: [3700/6156]  eta: 0:01:24    time: 0.0304  data: 0.0000  max mem: 5880
      ITM Evaluation: [3800/6156]  eta: 0:01:20    time: 0.0305  data: 0.0000  max mem: 5880
      ITM Evaluation: [3900/6156]  eta: 0:01:17    time: 0.0307  data: 0.0000  max mem: 5880
      ITM Evaluation: [4000/6156]  eta: 0:01:13    time: 0.0438  data: 0.0000  max mem: 5880
      ITM Evaluation: [4100/6156]  eta: 0:01:10    time: 0.0317  data: 0.0000  max mem: 5880
      ITM Evaluation: [4200/6156]  eta: 0:01:06    time: 0.0310  data: 0.0000  max mem: 5880
      ITM Evaluation: [4300/6156]  eta: 0:01:03    time: 0.0320  data: 0.0000  max mem: 5880
      ITM Evaluation: [4400/6156]  eta: 0:00:59    time: 0.0315  data: 0.0000  max mem: 5880
      ITM Evaluation: [4500/6156]  eta: 0:00:56    time: 0.0352  data: 0.0000  max mem: 5880
      ITM Evaluation: [4600/6156]  eta: 0:00:52    time: 0.0353  data: 0.0000  max mem: 5880
      ITM Evaluation: [4700/6156]  eta: 0:00:49    time: 0.0364  data: 0.0000  max mem: 5880
      ITM Evaluation: [4800/6156]  eta: 0:00:46    time: 0.0322  data: 0.0000  max mem: 5880
      ITM Evaluation: [4900/6156]  eta: 0:00:42    time: 0.0317  data: 0.0000  max mem: 5880
      ITM Evaluation: [5000/6156]  eta: 0:00:39    time: 0.0318  data: 0.0000  max mem: 5880
      ITM Evaluation: [5100/6156]  eta: 0:00:35    time: 0.0315  data: 0.0000  max mem: 5880
      ITM Evaluation: [5200/6156]  eta: 0:00:32    time: 0.0319  data: 0.0000  max mem: 5880
      ITM Evaluation: [5300/6156]  eta: 0:00:28    time: 0.0316  data: 0.0000  max mem: 5880
      ITM Evaluation: [5400/6156]  eta: 0:00:25    time: 0.0319  data: 0.0000  max mem: 5880
      ITM Evaluation: [5500/6156]  eta: 0:00:22    time: 0.0311  data: 0.0000  max mem: 5880
      ITM Evaluation: [5600/6156]  eta: 0:00:18    time: 0.0313  data: 0.0000  max mem: 5880
      ITM Evaluation: [5700/6156]  eta: 0:00:15    time: 0.0313  data: 0.0000  max mem: 5880
      ITM Evaluation: [5800/6156]  eta: 0:00:11    time: 0.0314  data: 0.0000  max mem: 5880
      ITM Evaluation: [5900/6156]  eta: 0:00:08    time: 0.0340  data: 0.0000  max mem: 5880
      ITM Evaluation: [6000/6156]  eta: 0:00:05    time: 0.0328  data: 0.0000  max mem: 5880
      ITM Evaluation: [6100/6156]  eta: 0:00:01    time: 0.0317  data: 0.0000  max mem: 5880
      ITM Evaluation: [6155/6156]  eta: 0:00:00    time: 0.0314  data: 0.0000  max mem: 5880
      ITM Evaluation: Total time: 0:03:26 (0.0335 s / it)
     total_time 206.45097756385803
     Computing matching score time 0:03:26
### TTA ITM Score: 
+-------+--------+--------+--------+--------+--------+
| epoch |   R1   |   R5   |  R10   |  mAP   |  mINP  |
+-------+--------+--------+--------+--------+--------+
|  -999 | 70.760 | 87.378 | 92.268 | 63.849 | 48.174 |
|  -999 | 76.170 | 89.457 | 93.600 | 65.570 | 47.372 |
|   0   | 69.672 | 88.564 | 92.982 | 62.595 | 45.854 |
|   1   | 47.888 | 80.994 | 90.286 | 47.353 | 33.589 |
|   2   | 50.991 | 83.415 | 91.537 | 50.399 | 36.168 |
|   3   | 55.929 | 86.355 | 92.333 | 54.241 | 38.659 |
|   4   | 42.235 | 79.370 | 90.091 | 45.742 | 33.681 |
|   5   | 47.433 | 82.310 | 91.114 | 48.907 | 35.469 |
|   6   | 53.996 | 85.494 | 92.138 | 53.121 | 38.073 |
|   7   | 50.893 | 84.064 | 91.699 | 51.596 | 37.396 |
|   8   | 46.459 | 81.871 | 91.212 | 48.395 | 35.418 |
|   9   | 53.964 | 85.088 | 92.203 | 52.933 | 38.242 |
|   10  | 54.110 | 85.007 | 92.008 | 53.258 | 38.178 |
|   11  | 50.877 | 83.463 | 91.585 | 50.976 | 36.877 |
|   12  | 54.516 | 84.990 | 92.154 | 53.347 | 38.407 |
|   13  | 57.716 | 86.290 | 92.528 | 55.240 | 39.779 |
|   14  | 59.617 | 86.793 | 92.576 | 56.434 | 40.604 |
|   15  | 59.698 | 86.793 | 92.528 | 56.496 | 40.718 |
|   16  | 60.737 | 86.923 | 92.511 | 57.048 | 41.144 |
|   17  | 64.912 | 88.044 | 92.771 | 59.390 | 42.715 |
|   18  | 60.705 | 87.037 | 92.446 | 57.217 | 41.182 |
|   19  | 62.216 | 87.492 | 92.511 | 58.036 | 41.805 |
|   20  | 64.051 | 87.898 | 92.674 | 59.039 | 42.634 |
|   21  | 63.986 | 87.817 | 92.593 | 59.065 | 42.652 |
|   22  | 63.255 | 87.508 | 92.463 | 58.462 | 42.103 |
|   23  | 60.575 | 86.712 | 92.414 | 57.094 | 41.293 |
|   24  | 60.039 | 86.550 | 92.479 | 56.814 | 41.064 |
|   25  | 60.413 | 86.680 | 92.398 | 56.936 | 41.082 |
|   26  | 60.786 | 86.891 | 92.333 | 57.166 | 41.120 |
+-------+--------+--------+--------+--------+--------+
     logs:  {'epo': 26, 'R1': 60.786, 'R5': 86.891, 'R10': 92.333, 'mAP': 57.166, 'mINP': 41.12, 'lr': 2.4e-05, 'entropy': 0.118362, 'loss': 2.733374}
      TTA Epoch: [27] [  0/384]  eta: 0:03:10  lr: 0.000021  entropy: 0.2298  loss: 2.7745  time: 0.4959  data: 0.3942  max mem: 5880
      TTA Epoch: [27] [100/384]  eta: 0:00:14  lr: 0.000019  entropy: 0.1310  loss: 2.7385  time: 0.0426  data: 0.0001  max mem: 5880
      TTA Epoch: [27] [200/384]  eta: 0:00:09  lr: 0.000017  entropy: 0.0569  loss: 2.7114  time: 0.0612  data: 0.0002  max mem: 5880
      TTA Epoch: [27] [300/384]  eta: 0:00:04  lr: 0.000015  entropy: 0.1413  loss: 2.7413  time: 0.0441  data: 0.0001  max mem: 5880
      TTA Epoch: [27] [383/384]  eta: 0:00:00  lr: 0.000014  entropy: 0.0034  loss: 2.6896  time: 0.0406  data: 0.0001  max mem: 5880
      TTA Epoch: [27] Total time: 0:00:19 (0.0496 s / it)
     Averaged stats: lr: 0.0000  entropy: 0.1163  loss: 2.7326
     itm tta time 0:00:19
     Computing matching score
      ITM Evaluation: [   0/6156]  eta: 0:04:16    time: 0.0416  data: 0.0079  max mem: 5880
      ITM Evaluation: [ 100/6156]  eta: 0:03:12    time: 0.0322  data: 0.0000  max mem: 5880
      ITM Evaluation: [ 200/6156]  eta: 0:03:08    time: 0.0320  data: 0.0000  max mem: 5880
      ITM Evaluation: [ 300/6156]  eta: 0:03:05    time: 0.0314  data: 0.0000  max mem: 5880
      ITM Evaluation: [ 400/6156]  eta: 0:03:02    time: 0.0318  data: 0.0000  max mem: 5880
      ITM Evaluation: [ 500/6156]  eta: 0:03:01    time: 0.0324  data: 0.0000  max mem: 5880
      ITM Evaluation: [ 600/6156]  eta: 0:02:59    time: 0.0332  data: 0.0000  max mem: 5880
      ITM Evaluation: [ 700/6156]  eta: 0:02:56    time: 0.0338  data: 0.0000  max mem: 5880
      ITM Evaluation: [ 800/6156]  eta: 0:02:53    time: 0.0334  data: 0.0000  max mem: 5880
      ITM Evaluation: [ 900/6156]  eta: 0:02:52    time: 0.0357  data: 0.0000  max mem: 5880
      ITM Evaluation: [1000/6156]  eta: 0:02:50    time: 0.0356  data: 0.0000  max mem: 5880
      ITM Evaluation: [1100/6156]  eta: 0:02:48    time: 0.0358  data: 0.0000  max mem: 5880
      ITM Evaluation: [1200/6156]  eta: 0:02:44    time: 0.0341  data: 0.0000  max mem: 5880
      ITM Evaluation: [1300/6156]  eta: 0:02:41    time: 0.0327  data: 0.0000  max mem: 5880
      ITM Evaluation: [1400/6156]  eta: 0:02:38    time: 0.0337  data: 0.0000  max mem: 5880
      ITM Evaluation: [1500/6156]  eta: 0:02:35    time: 0.0356  data: 0.0000  max mem: 5880
      ITM Evaluation: [1600/6156]  eta: 0:02:32    time: 0.0336  data: 0.0000  max mem: 5880
      ITM Evaluation: [1700/6156]  eta: 0:02:28    time: 0.0335  data: 0.0000  max mem: 5880
      ITM Evaluation: [1800/6156]  eta: 0:02:25    time: 0.0360  data: 0.0000  max mem: 5880
      ITM Evaluation: [1900/6156]  eta: 0:02:23    time: 0.0362  data: 0.0000  max mem: 5880
      ITM Evaluation: [2000/6156]  eta: 0:02:20    time: 0.0364  data: 0.0000  max mem: 5880
      ITM Evaluation: [2100/6156]  eta: 0:02:17    time: 0.0390  data: 0.0000  max mem: 5880
      ITM Evaluation: [2200/6156]  eta: 0:02:14    time: 0.0368  data: 0.0000  max mem: 5880
      ITM Evaluation: [2300/6156]  eta: 0:02:12    time: 0.0386  data: 0.0000  max mem: 5880
      ITM Evaluation: [2400/6156]  eta: 0:02:09    time: 0.0373  data: 0.0000  max mem: 5880
      ITM Evaluation: [2500/6156]  eta: 0:02:06    time: 0.0392  data: 0.0000  max mem: 5880
      ITM Evaluation: [2600/6156]  eta: 0:02:02    time: 0.0356  data: 0.0000  max mem: 5880
      ITM Evaluation: [2700/6156]  eta: 0:01:59    time: 0.0355  data: 0.0000  max mem: 5880
      ITM Evaluation: [2800/6156]  eta: 0:01:56    time: 0.0348  data: 0.0000  max mem: 5880
      ITM Evaluation: [2900/6156]  eta: 0:01:52    time: 0.0360  data: 0.0000  max mem: 5880
      ITM Evaluation: [3000/6156]  eta: 0:01:49    time: 0.0355  data: 0.0000  max mem: 5880
      ITM Evaluation: [3100/6156]  eta: 0:01:46    time: 0.0351  data: 0.0000  max mem: 5880
      ITM Evaluation: [3200/6156]  eta: 0:01:42    time: 0.0347  data: 0.0000  max mem: 5880
      ITM Evaluation: [3300/6156]  eta: 0:01:39    time: 0.0358  data: 0.0000  max mem: 5880
      ITM Evaluation: [3400/6156]  eta: 0:01:35    time: 0.0367  data: 0.0000  max mem: 5880
      ITM Evaluation: [3500/6156]  eta: 0:01:32    time: 0.0367  data: 0.0000  max mem: 5880
      ITM Evaluation: [3600/6156]  eta: 0:01:29    time: 0.0411  data: 0.0000  max mem: 5880
      ITM Evaluation: [3700/6156]  eta: 0:01:26    time: 0.0419  data: 0.0000  max mem: 5880
      ITM Evaluation: [3800/6156]  eta: 0:01:22    time: 0.0352  data: 0.0000  max mem: 5880
      ITM Evaluation: [3900/6156]  eta: 0:01:19    time: 0.0370  data: 0.0000  max mem: 5880
      ITM Evaluation: [4000/6156]  eta: 0:01:15    time: 0.0392  data: 0.0000  max mem: 5880
      ITM Evaluation: [4100/6156]  eta: 0:01:13    time: 0.0595  data: 0.0000  max mem: 5880
      ITM Evaluation: [4200/6156]  eta: 0:01:10    time: 0.0372  data: 0.0000  max mem: 5880
      ITM Evaluation: [4300/6156]  eta: 0:01:06    time: 0.0452  data: 0.0000  max mem: 5880
      ITM Evaluation: [4400/6156]  eta: 0:01:03    time: 0.0381  data: 0.0000  max mem: 5880
      ITM Evaluation: [4500/6156]  eta: 0:00:59    time: 0.0362  data: 0.0000  max mem: 5880
      ITM Evaluation: [4600/6156]  eta: 0:00:56    time: 0.0447  data: 0.0000  max mem: 5880
      ITM Evaluation: [4700/6156]  eta: 0:00:52    time: 0.0548  data: 0.0000  max mem: 5880
      ITM Evaluation: [4800/6156]  eta: 0:00:49    time: 0.0380  data: 0.0000  max mem: 5880
      ITM Evaluation: [4900/6156]  eta: 0:00:45    time: 0.0352  data: 0.0000  max mem: 5880
      ITM Evaluation: [5000/6156]  eta: 0:00:42    time: 0.0349  data: 0.0000  max mem: 5880
      ITM Evaluation: [5100/6156]  eta: 0:00:38    time: 0.0381  data: 0.0000  max mem: 5880
      ITM Evaluation: [5200/6156]  eta: 0:00:34    time: 0.0379  data: 0.0000  max mem: 5880
      ITM Evaluation: [5300/6156]  eta: 0:00:31    time: 0.0341  data: 0.0000  max mem: 5880
      ITM Evaluation: [5400/6156]  eta: 0:00:27    time: 0.0341  data: 0.0000  max mem: 5880
      ITM Evaluation: [5500/6156]  eta: 0:00:23    time: 0.0358  data: 0.0000  max mem: 5880
      ITM Evaluation: [5600/6156]  eta: 0:00:20    time: 0.0350  data: 0.0000  max mem: 5880
      ITM Evaluation: [5700/6156]  eta: 0:00:16    time: 0.0346  data: 0.0000  max mem: 5880
      ITM Evaluation: [5800/6156]  eta: 0:00:12    time: 0.0348  data: 0.0000  max mem: 5880
      ITM Evaluation: [5900/6156]  eta: 0:00:09    time: 0.0348  data: 0.0000  max mem: 5880
      ITM Evaluation: [6000/6156]  eta: 0:00:05    time: 0.0345  data: 0.0000  max mem: 5880
      ITM Evaluation: [6100/6156]  eta: 0:00:02    time: 0.0355  data: 0.0000  max mem: 5880
      ITM Evaluation: [6155/6156]  eta: 0:00:00    time: 0.0356  data: 0.0000  max mem: 5880
      ITM Evaluation: Total time: 0:03:43 (0.0363 s / it)
     total_time 223.7983422279358
     Computing matching score time 0:03:43
### TTA ITM Score: 
+-------+--------+--------+--------+--------+--------+
| epoch |   R1   |   R5   |  R10   |  mAP   |  mINP  |
+-------+--------+--------+--------+--------+--------+
|  -999 | 70.760 | 87.378 | 92.268 | 63.849 | 48.174 |
|  -999 | 76.170 | 89.457 | 93.600 | 65.570 | 47.372 |
|   0   | 69.672 | 88.564 | 92.982 | 62.595 | 45.854 |
|   1   | 47.888 | 80.994 | 90.286 | 47.353 | 33.589 |
|   2   | 50.991 | 83.415 | 91.537 | 50.399 | 36.168 |
|   3   | 55.929 | 86.355 | 92.333 | 54.241 | 38.659 |
|   4   | 42.235 | 79.370 | 90.091 | 45.742 | 33.681 |
|   5   | 47.433 | 82.310 | 91.114 | 48.907 | 35.469 |
|   6   | 53.996 | 85.494 | 92.138 | 53.121 | 38.073 |
|   7   | 50.893 | 84.064 | 91.699 | 51.596 | 37.396 |
|   8   | 46.459 | 81.871 | 91.212 | 48.395 | 35.418 |
|   9   | 53.964 | 85.088 | 92.203 | 52.933 | 38.242 |
|   10  | 54.110 | 85.007 | 92.008 | 53.258 | 38.178 |
|   11  | 50.877 | 83.463 | 91.585 | 50.976 | 36.877 |
|   12  | 54.516 | 84.990 | 92.154 | 53.347 | 38.407 |
|   13  | 57.716 | 86.290 | 92.528 | 55.240 | 39.779 |
|   14  | 59.617 | 86.793 | 92.576 | 56.434 | 40.604 |
|   15  | 59.698 | 86.793 | 92.528 | 56.496 | 40.718 |
|   16  | 60.737 | 86.923 | 92.511 | 57.048 | 41.144 |
|   17  | 64.912 | 88.044 | 92.771 | 59.390 | 42.715 |
|   18  | 60.705 | 87.037 | 92.446 | 57.217 | 41.182 |
|   19  | 62.216 | 87.492 | 92.511 | 58.036 | 41.805 |
|   20  | 64.051 | 87.898 | 92.674 | 59.039 | 42.634 |
|   21  | 63.986 | 87.817 | 92.593 | 59.065 | 42.652 |
|   22  | 63.255 | 87.508 | 92.463 | 58.462 | 42.103 |
|   23  | 60.575 | 86.712 | 92.414 | 57.094 | 41.293 |
|   24  | 60.039 | 86.550 | 92.479 | 56.814 | 41.064 |
|   25  | 60.413 | 86.680 | 92.398 | 56.936 | 41.082 |
|   26  | 60.786 | 86.891 | 92.333 | 57.166 | 41.120 |
|   27  | 61.436 | 87.053 | 92.365 | 57.521 | 41.381 |
+-------+--------+--------+--------+--------+--------+
     logs:  {'epo': 27, 'R1': 61.436, 'R5': 87.053, 'R10': 92.365, 'mAP': 57.521, 'mINP': 41.381, 'lr': 1.7e-05, 'entropy': 0.116309, 'loss': 2.732606}
      TTA Epoch: [28] [  0/384]  eta: 0:04:08  lr: 0.000014  entropy: 0.2040  loss: 2.7641  time: 0.6465  data: 0.5205  max mem: 5880
      TTA Epoch: [28] [100/384]  eta: 0:00:20  lr: 0.000012  entropy: 0.1017  loss: 2.7266  time: 0.0679  data: 0.0002  max mem: 5880
      TTA Epoch: [28] [200/384]  eta: 0:00:10  lr: 0.000011  entropy: 0.1881  loss: 2.7590  time: 0.0451  data: 0.0001  max mem: 5880
      TTA Epoch: [28] [300/384]  eta: 0:00:04  lr: 0.000009  entropy: 0.1520  loss: 2.7458  time: 0.0451  data: 0.0001  max mem: 5880
      TTA Epoch: [28] [383/384]  eta: 0:00:00  lr: 0.000007  entropy: 0.1868  loss: 2.7581  time: 0.0430  data: 0.0001  max mem: 5880
      TTA Epoch: [28] Total time: 0:00:20 (0.0523 s / it)
     Averaged stats: lr: 0.0000  entropy: 0.1176  loss: 2.7331
     itm tta time 0:00:20
     Computing matching score
      ITM Evaluation: [   0/6156]  eta: 0:04:18    time: 0.0420  data: 0.0073  max mem: 5880
      ITM Evaluation: [ 100/6156]  eta: 0:03:39    time: 0.0357  data: 0.0000  max mem: 5880
      ITM Evaluation: [ 200/6156]  eta: 0:03:33    time: 0.0360  data: 0.0000  max mem: 5880
      ITM Evaluation: [ 300/6156]  eta: 0:03:29    time: 0.0359  data: 0.0000  max mem: 5880
      ITM Evaluation: [ 400/6156]  eta: 0:03:25    time: 0.0357  data: 0.0000  max mem: 5880
      ITM Evaluation: [ 500/6156]  eta: 0:03:21    time: 0.0353  data: 0.0000  max mem: 5880
      ITM Evaluation: [ 600/6156]  eta: 0:03:18    time: 0.0385  data: 0.0000  max mem: 5880
      ITM Evaluation: [ 700/6156]  eta: 0:03:16    time: 0.0373  data: 0.0000  max mem: 5880
      ITM Evaluation: [ 800/6156]  eta: 0:03:13    time: 0.0352  data: 0.0000  max mem: 5880
      ITM Evaluation: [ 900/6156]  eta: 0:03:10    time: 0.0368  data: 0.0000  max mem: 5880
      ITM Evaluation: [1000/6156]  eta: 0:03:06    time: 0.0351  data: 0.0000  max mem: 5880
      ITM Evaluation: [1100/6156]  eta: 0:03:02    time: 0.0369  data: 0.0000  max mem: 5880
      ITM Evaluation: [1200/6156]  eta: 0:02:58    time: 0.0347  data: 0.0000  max mem: 5880
      ITM Evaluation: [1300/6156]  eta: 0:02:54    time: 0.0344  data: 0.0000  max mem: 5880
      ITM Evaluation: [1400/6156]  eta: 0:02:51    time: 0.0357  data: 0.0000  max mem: 5880
      ITM Evaluation: [1500/6156]  eta: 0:02:47    time: 0.0351  data: 0.0000  max mem: 5880
      ITM Evaluation: [1600/6156]  eta: 0:02:43    time: 0.0350  data: 0.0000  max mem: 5880
      ITM Evaluation: [1700/6156]  eta: 0:02:39    time: 0.0364  data: 0.0000  max mem: 5880
      ITM Evaluation: [1800/6156]  eta: 0:02:36    time: 0.0372  data: 0.0000  max mem: 5880
      ITM Evaluation: [1900/6156]  eta: 0:02:32    time: 0.0370  data: 0.0000  max mem: 5880
      ITM Evaluation: [2000/6156]  eta: 0:02:29    time: 0.0382  data: 0.0000  max mem: 5880
      ITM Evaluation: [2100/6156]  eta: 0:02:25    time: 0.0351  data: 0.0000  max mem: 5880
      ITM Evaluation: [2200/6156]  eta: 0:02:22    time: 0.0353  data: 0.0000  max mem: 5880
      ITM Evaluation: [2300/6156]  eta: 0:02:18    time: 0.0349  data: 0.0000  max mem: 5880
      ITM Evaluation: [2400/6156]  eta: 0:02:14    time: 0.0358  data: 0.0000  max mem: 5880
      ITM Evaluation: [2500/6156]  eta: 0:02:11    time: 0.0360  data: 0.0000  max mem: 5880
      ITM Evaluation: [2600/6156]  eta: 0:02:07    time: 0.0348  data: 0.0000  max mem: 5880
      ITM Evaluation: [2700/6156]  eta: 0:02:03    time: 0.0351  data: 0.0000  max mem: 5880
      ITM Evaluation: [2800/6156]  eta: 0:02:00    time: 0.0369  data: 0.0000  max mem: 5880
      ITM Evaluation: [2900/6156]  eta: 0:01:56    time: 0.0353  data: 0.0000  max mem: 5880
      ITM Evaluation: [3000/6156]  eta: 0:01:53    time: 0.0378  data: 0.0000  max mem: 5880
      ITM Evaluation: [3100/6156]  eta: 0:01:49    time: 0.0384  data: 0.0000  max mem: 5880
      ITM Evaluation: [3200/6156]  eta: 0:01:46    time: 0.0366  data: 0.0000  max mem: 5880
      ITM Evaluation: [3300/6156]  eta: 0:01:42    time: 0.0355  data: 0.0000  max mem: 5880
      ITM Evaluation: [3400/6156]  eta: 0:01:38    time: 0.0352  data: 0.0000  max mem: 5880
      ITM Evaluation: [3500/6156]  eta: 0:01:35    time: 0.0354  data: 0.0000  max mem: 5880
      ITM Evaluation: [3600/6156]  eta: 0:01:31    time: 0.0352  data: 0.0000  max mem: 5880
      ITM Evaluation: [3700/6156]  eta: 0:01:28    time: 0.0356  data: 0.0000  max mem: 5880
      ITM Evaluation: [3800/6156]  eta: 0:01:24    time: 0.0360  data: 0.0000  max mem: 5880
      ITM Evaluation: [3900/6156]  eta: 0:01:20    time: 0.0350  data: 0.0000  max mem: 5880
      ITM Evaluation: [4000/6156]  eta: 0:01:17    time: 0.0347  data: 0.0000  max mem: 5880
      ITM Evaluation: [4100/6156]  eta: 0:01:13    time: 0.0395  data: 0.0000  max mem: 5880
      ITM Evaluation: [4200/6156]  eta: 0:01:10    time: 0.0365  data: 0.0000  max mem: 5880
      ITM Evaluation: [4300/6156]  eta: 0:01:06    time: 0.0343  data: 0.0000  max mem: 5880
      ITM Evaluation: [4400/6156]  eta: 0:01:02    time: 0.0349  data: 0.0000  max mem: 5880
      ITM Evaluation: [4500/6156]  eta: 0:00:59    time: 0.0345  data: 0.0000  max mem: 5880
      ITM Evaluation: [4600/6156]  eta: 0:00:55    time: 0.0356  data: 0.0000  max mem: 5880
      ITM Evaluation: [4700/6156]  eta: 0:00:52    time: 0.0352  data: 0.0000  max mem: 5880
      ITM Evaluation: [4800/6156]  eta: 0:00:48    time: 0.0351  data: 0.0000  max mem: 5880
      ITM Evaluation: [4900/6156]  eta: 0:00:44    time: 0.0352  data: 0.0000  max mem: 5880
      ITM Evaluation: [5000/6156]  eta: 0:00:41    time: 0.0351  data: 0.0000  max mem: 5880
      ITM Evaluation: [5100/6156]  eta: 0:00:37    time: 0.0352  data: 0.0000  max mem: 5880
      ITM Evaluation: [5200/6156]  eta: 0:00:34    time: 0.0388  data: 0.0000  max mem: 5880
      ITM Evaluation: [5300/6156]  eta: 0:00:30    time: 0.0369  data: 0.0000  max mem: 5880
      ITM Evaluation: [5400/6156]  eta: 0:00:27    time: 0.0345  data: 0.0000  max mem: 5880
      ITM Evaluation: [5500/6156]  eta: 0:00:23    time: 0.0359  data: 0.0000  max mem: 5880
      ITM Evaluation: [5600/6156]  eta: 0:00:19    time: 0.0354  data: 0.0000  max mem: 5880
      ITM Evaluation: [5700/6156]  eta: 0:00:16    time: 0.0351  data: 0.0000  max mem: 5880
      ITM Evaluation: [5800/6156]  eta: 0:00:12    time: 0.0350  data: 0.0000  max mem: 5880
      ITM Evaluation: [5900/6156]  eta: 0:00:09    time: 0.0357  data: 0.0000  max mem: 5880
      ITM Evaluation: [6000/6156]  eta: 0:00:05    time: 0.0358  data: 0.0000  max mem: 5880
      ITM Evaluation: [6100/6156]  eta: 0:00:02    time: 0.0355  data: 0.0000  max mem: 5880
      ITM Evaluation: [6155/6156]  eta: 0:00:00    time: 0.0350  data: 0.0000  max mem: 5880
      ITM Evaluation: Total time: 0:03:40 (0.0358 s / it)
     total_time 220.42014050483704
     Computing matching score time 0:03:40
### TTA ITM Score: 
+-------+--------+--------+--------+--------+--------+
| epoch |   R1   |   R5   |  R10   |  mAP   |  mINP  |
+-------+--------+--------+--------+--------+--------+
|  -999 | 70.760 | 87.378 | 92.268 | 63.849 | 48.174 |
|  -999 | 76.170 | 89.457 | 93.600 | 65.570 | 47.372 |
|   0   | 69.672 | 88.564 | 92.982 | 62.595 | 45.854 |
|   1   | 47.888 | 80.994 | 90.286 | 47.353 | 33.589 |
|   2   | 50.991 | 83.415 | 91.537 | 50.399 | 36.168 |
|   3   | 55.929 | 86.355 | 92.333 | 54.241 | 38.659 |
|   4   | 42.235 | 79.370 | 90.091 | 45.742 | 33.681 |
|   5   | 47.433 | 82.310 | 91.114 | 48.907 | 35.469 |
|   6   | 53.996 | 85.494 | 92.138 | 53.121 | 38.073 |
|   7   | 50.893 | 84.064 | 91.699 | 51.596 | 37.396 |
|   8   | 46.459 | 81.871 | 91.212 | 48.395 | 35.418 |
|   9   | 53.964 | 85.088 | 92.203 | 52.933 | 38.242 |
|   10  | 54.110 | 85.007 | 92.008 | 53.258 | 38.178 |
|   11  | 50.877 | 83.463 | 91.585 | 50.976 | 36.877 |
|   12  | 54.516 | 84.990 | 92.154 | 53.347 | 38.407 |
|   13  | 57.716 | 86.290 | 92.528 | 55.240 | 39.779 |
|   14  | 59.617 | 86.793 | 92.576 | 56.434 | 40.604 |
|   15  | 59.698 | 86.793 | 92.528 | 56.496 | 40.718 |
|   16  | 60.737 | 86.923 | 92.511 | 57.048 | 41.144 |
|   17  | 64.912 | 88.044 | 92.771 | 59.390 | 42.715 |
|   18  | 60.705 | 87.037 | 92.446 | 57.217 | 41.182 |
|   19  | 62.216 | 87.492 | 92.511 | 58.036 | 41.805 |
|   20  | 64.051 | 87.898 | 92.674 | 59.039 | 42.634 |
|   21  | 63.986 | 87.817 | 92.593 | 59.065 | 42.652 |
|   22  | 63.255 | 87.508 | 92.463 | 58.462 | 42.103 |
|   23  | 60.575 | 86.712 | 92.414 | 57.094 | 41.293 |
|   24  | 60.039 | 86.550 | 92.479 | 56.814 | 41.064 |
|   25  | 60.413 | 86.680 | 92.398 | 56.936 | 41.082 |
|   26  | 60.786 | 86.891 | 92.333 | 57.166 | 41.120 |
|   27  | 61.436 | 87.053 | 92.365 | 57.521 | 41.381 |
|   28  | 62.622 | 87.297 | 92.398 | 58.065 | 41.723 |
+-------+--------+--------+--------+--------+--------+
     logs:  {'epo': 28, 'R1': 62.622, 'R5': 87.297, 'R10': 92.398, 'mAP': 58.065, 'mINP': 41.723, 'lr': 1.1e-05, 'entropy': 0.117623, 'loss': 2.733097}
      TTA Epoch: [29] [  0/384]  eta: 0:03:35  lr: 0.000007  entropy: 0.0683  loss: 2.7153  time: 0.5606  data: 0.4609  max mem: 5880
      TTA Epoch: [29] [100/384]  eta: 0:00:17  lr: 0.000006  entropy: 0.1263  loss: 2.7364  time: 0.0523  data: 0.0001  max mem: 5880
      TTA Epoch: [29] [200/384]  eta: 0:00:09  lr: 0.000004  entropy: 0.0649  loss: 2.7131  time: 0.0456  data: 0.0001  max mem: 5880
      TTA Epoch: [29] [300/384]  eta: 0:00:04  lr: 0.000002  entropy: 0.1904  loss: 2.7605  time: 0.0458  data: 0.0001  max mem: 5880
      TTA Epoch: [29] [383/384]  eta: 0:00:00  lr: 0.000001  entropy: 0.1268  loss: 2.7360  time: 0.0435  data: 0.0001  max mem: 5880
      TTA Epoch: [29] Total time: 0:00:19 (0.0503 s / it)
     Averaged stats: lr: 0.0000  entropy: 0.1175  loss: 2.7330
     itm tta time 0:00:19
     Computing matching score
      ITM Evaluation: [   0/6156]  eta: 0:05:03    time: 0.0493  data: 0.0072  max mem: 5880
      ITM Evaluation: [ 100/6156]  eta: 0:03:35    time: 0.0356  data: 0.0000  max mem: 5880
      ITM Evaluation: [ 200/6156]  eta: 0:03:31    time: 0.0356  data: 0.0000  max mem: 5880
      ITM Evaluation: [ 300/6156]  eta: 0:03:27    time: 0.0364  data: 0.0000  max mem: 5880
      ITM Evaluation: [ 400/6156]  eta: 0:03:24    time: 0.0362  data: 0.0000  max mem: 5880
      ITM Evaluation: [ 500/6156]  eta: 0:03:21    time: 0.0362  data: 0.0000  max mem: 5880
      ITM Evaluation: [ 600/6156]  eta: 0:03:18    time: 0.0370  data: 0.0000  max mem: 5880
      ITM Evaluation: [ 700/6156]  eta: 0:03:16    time: 0.0375  data: 0.0000  max mem: 5880
      ITM Evaluation: [ 800/6156]  eta: 0:03:13    time: 0.0349  data: 0.0000  max mem: 5880
      ITM Evaluation: [ 900/6156]  eta: 0:03:08    time: 0.0355  data: 0.0000  max mem: 5880
      ITM Evaluation: [1000/6156]  eta: 0:03:04    time: 0.0347  data: 0.0000  max mem: 5880
      ITM Evaluation: [1100/6156]  eta: 0:03:00    time: 0.0347  data: 0.0000  max mem: 5880
      ITM Evaluation: [1200/6156]  eta: 0:02:56    time: 0.0351  data: 0.0000  max mem: 5880
      ITM Evaluation: [1300/6156]  eta: 0:02:52    time: 0.0350  data: 0.0000  max mem: 5880
      ITM Evaluation: [1400/6156]  eta: 0:02:49    time: 0.0352  data: 0.0000  max mem: 5880
      ITM Evaluation: [1500/6156]  eta: 0:02:45    time: 0.0348  data: 0.0000  max mem: 5880
      ITM Evaluation: [1600/6156]  eta: 0:02:41    time: 0.0347  data: 0.0000  max mem: 5880
      ITM Evaluation: [1700/6156]  eta: 0:02:38    time: 0.0374  data: 0.0000  max mem: 5880
      ITM Evaluation: [1800/6156]  eta: 0:02:35    time: 0.0372  data: 0.0000  max mem: 5880
      ITM Evaluation: [1900/6156]  eta: 0:02:31    time: 0.0353  data: 0.0000  max mem: 5880
      ITM Evaluation: [2000/6156]  eta: 0:02:28    time: 0.0357  data: 0.0000  max mem: 5880
      ITM Evaluation: [2100/6156]  eta: 0:02:24    time: 0.0356  data: 0.0000  max mem: 5880
      ITM Evaluation: [2200/6156]  eta: 0:02:21    time: 0.0354  data: 0.0000  max mem: 5880
      ITM Evaluation: [2300/6156]  eta: 0:02:18    time: 0.0363  data: 0.0000  max mem: 5880
      ITM Evaluation: [2400/6156]  eta: 0:02:14    time: 0.0354  data: 0.0000  max mem: 5880
      ITM Evaluation: [2500/6156]  eta: 0:02:10    time: 0.0371  data: 0.0000  max mem: 5880
      ITM Evaluation: [2600/6156]  eta: 0:02:07    time: 0.0353  data: 0.0000  max mem: 5880
      ITM Evaluation: [2700/6156]  eta: 0:02:03    time: 0.0349  data: 0.0000  max mem: 5880
      ITM Evaluation: [2800/6156]  eta: 0:02:00    time: 0.0364  data: 0.0000  max mem: 5880
      ITM Evaluation: [2900/6156]  eta: 0:01:56    time: 0.0385  data: 0.0000  max mem: 5880
      ITM Evaluation: [3000/6156]  eta: 0:01:53    time: 0.0352  data: 0.0000  max mem: 5880
      ITM Evaluation: [3100/6156]  eta: 0:01:49    time: 0.0348  data: 0.0000  max mem: 5880
      ITM Evaluation: [3200/6156]  eta: 0:01:45    time: 0.0353  data: 0.0000  max mem: 5880
      ITM Evaluation: [3300/6156]  eta: 0:01:42    time: 0.0376  data: 0.0000  max mem: 5880
      ITM Evaluation: [3400/6156]  eta: 0:01:38    time: 0.0357  data: 0.0000  max mem: 5880
      ITM Evaluation: [3500/6156]  eta: 0:01:35    time: 0.0348  data: 0.0000  max mem: 5880
      ITM Evaluation: [3600/6156]  eta: 0:01:31    time: 0.0353  data: 0.0000  max mem: 5880
      ITM Evaluation: [3700/6156]  eta: 0:01:27    time: 0.0354  data: 0.0000  max mem: 5880
      ITM Evaluation: [3800/6156]  eta: 0:01:24    time: 0.0351  data: 0.0000  max mem: 5880
      ITM Evaluation: [3900/6156]  eta: 0:01:20    time: 0.0382  data: 0.0000  max mem: 5880
      ITM Evaluation: [4000/6156]  eta: 0:01:17    time: 0.0352  data: 0.0000  max mem: 5880
      ITM Evaluation: [4100/6156]  eta: 0:01:13    time: 0.0349  data: 0.0000  max mem: 5880
      ITM Evaluation: [4200/6156]  eta: 0:01:09    time: 0.0356  data: 0.0000  max mem: 5880
      ITM Evaluation: [4300/6156]  eta: 0:01:06    time: 0.0358  data: 0.0000  max mem: 5880
      ITM Evaluation: [4400/6156]  eta: 0:01:02    time: 0.0352  data: 0.0000  max mem: 5880
      ITM Evaluation: [4500/6156]  eta: 0:00:59    time: 0.0356  data: 0.0000  max mem: 5880
      ITM Evaluation: [4600/6156]  eta: 0:00:55    time: 0.0352  data: 0.0000  max mem: 5880
      ITM Evaluation: [4700/6156]  eta: 0:00:52    time: 0.0351  data: 0.0000  max mem: 5880
      ITM Evaluation: [4800/6156]  eta: 0:00:48    time: 0.0357  data: 0.0000  max mem: 5880
      ITM Evaluation: [4900/6156]  eta: 0:00:44    time: 0.0354  data: 0.0000  max mem: 5880
      ITM Evaluation: [5000/6156]  eta: 0:00:41    time: 0.0369  data: 0.0000  max mem: 5880
      ITM Evaluation: [5100/6156]  eta: 0:00:37    time: 0.0366  data: 0.0000  max mem: 5880
      ITM Evaluation: [5200/6156]  eta: 0:00:34    time: 0.0364  data: 0.0000  max mem: 5880
      ITM Evaluation: [5300/6156]  eta: 0:00:30    time: 0.0345  data: 0.0000  max mem: 5880
      ITM Evaluation: [5400/6156]  eta: 0:00:27    time: 0.0351  data: 0.0000  max mem: 5880
      ITM Evaluation: [5500/6156]  eta: 0:00:23    time: 0.0363  data: 0.0000  max mem: 5880
      ITM Evaluation: [5600/6156]  eta: 0:00:19    time: 0.0348  data: 0.0000  max mem: 5880
      ITM Evaluation: [5700/6156]  eta: 0:00:16    time: 0.0356  data: 0.0000  max mem: 5880
      ITM Evaluation: [5800/6156]  eta: 0:00:12    time: 0.0351  data: 0.0000  max mem: 5880
      ITM Evaluation: [5900/6156]  eta: 0:00:09    time: 0.0348  data: 0.0000  max mem: 5880
      ITM Evaluation: [6000/6156]  eta: 0:00:05    time: 0.0355  data: 0.0000  max mem: 5880
      ITM Evaluation: [6100/6156]  eta: 0:00:02    time: 0.0352  data: 0.0000  max mem: 5880
      ITM Evaluation: [6155/6156]  eta: 0:00:00    time: 0.0374  data: 0.0000  max mem: 5880
      ITM Evaluation: Total time: 0:03:40 (0.0358 s / it)
     total_time 220.3083152770996
     Computing matching score time 0:03:40
### TTA ITM Score: 
+-------+--------+--------+--------+--------+--------+
| epoch |   R1   |   R5   |  R10   |  mAP   |  mINP  |
+-------+--------+--------+--------+--------+--------+
|  -999 | 70.760 | 87.378 | 92.268 | 63.849 | 48.174 |
|  -999 | 76.170 | 89.457 | 93.600 | 65.570 | 47.372 |
|   0   | 69.672 | 88.564 | 92.982 | 62.595 | 45.854 |
|   1   | 47.888 | 80.994 | 90.286 | 47.353 | 33.589 |
|   2   | 50.991 | 83.415 | 91.537 | 50.399 | 36.168 |
|   3   | 55.929 | 86.355 | 92.333 | 54.241 | 38.659 |
|   4   | 42.235 | 79.370 | 90.091 | 45.742 | 33.681 |
|   5   | 47.433 | 82.310 | 91.114 | 48.907 | 35.469 |
|   6   | 53.996 | 85.494 | 92.138 | 53.121 | 38.073 |
|   7   | 50.893 | 84.064 | 91.699 | 51.596 | 37.396 |
|   8   | 46.459 | 81.871 | 91.212 | 48.395 | 35.418 |
|   9   | 53.964 | 85.088 | 92.203 | 52.933 | 38.242 |
|   10  | 54.110 | 85.007 | 92.008 | 53.258 | 38.178 |
|   11  | 50.877 | 83.463 | 91.585 | 50.976 | 36.877 |
|   12  | 54.516 | 84.990 | 92.154 | 53.347 | 38.407 |
|   13  | 57.716 | 86.290 | 92.528 | 55.240 | 39.779 |
|   14  | 59.617 | 86.793 | 92.576 | 56.434 | 40.604 |
|   15  | 59.698 | 86.793 | 92.528 | 56.496 | 40.718 |
|   16  | 60.737 | 86.923 | 92.511 | 57.048 | 41.144 |
|   17  | 64.912 | 88.044 | 92.771 | 59.390 | 42.715 |
|   18  | 60.705 | 87.037 | 92.446 | 57.217 | 41.182 |
|   19  | 62.216 | 87.492 | 92.511 | 58.036 | 41.805 |
|   20  | 64.051 | 87.898 | 92.674 | 59.039 | 42.634 |
|   21  | 63.986 | 87.817 | 92.593 | 59.065 | 42.652 |
|   22  | 63.255 | 87.508 | 92.463 | 58.462 | 42.103 |
|   23  | 60.575 | 86.712 | 92.414 | 57.094 | 41.293 |
|   24  | 60.039 | 86.550 | 92.479 | 56.814 | 41.064 |
|   25  | 60.413 | 86.680 | 92.398 | 56.936 | 41.082 |
|   26  | 60.786 | 86.891 | 92.333 | 57.166 | 41.120 |
|   27  | 61.436 | 87.053 | 92.365 | 57.521 | 41.381 |
|   28  | 62.622 | 87.297 | 92.398 | 58.065 | 41.723 |
|   29  | 62.492 | 87.264 | 92.414 | 58.005 | 41.648 |
+-------+--------+--------+--------+--------+--------+
     logs:  {'epo': 29, 'R1': 62.492, 'R5': 87.264, 'R10': 92.414, 'mAP': 58.005, 'mINP': 41.648, 'lr': 4e-06, 'entropy': 0.117485, 'loss': 2.73304}
### best epoch 0 : {'epo': '0', 'R1': '69.672', 'R5': '88.564', 'R10': '92.982', 'mAP': '62.595', 'mINP': '45.854', 'lr': '0.000862', 'entropy': '0.388852', 'loss': '2.833933'}
### Time 1:58:39
