Not using distributed mode
### Hyper-parameters:
     seed: 42
     device: cuda
     output_dir: output/ft_cuhk/tta/tta_exp3.5
     batch_size_tta: 16
     epochs: 30
     lr: 0.0005
### Creating model
use_swin
load checkpoint from checkpoints/ft_cuhk/checkpoint_best.pth
missing_keys:  ['uncertainty_temper', 'prompt_learning_embedding']
vision_encoder missing_keys:  []
unexpected_keys:  []
     Total Params Sum:  214457398
### Creating test dataset
     test_dataset: 3074
### Creating test dataloader
### be careful: func create_loader returns a list length of 1
     test_loader: 21
### Inference ITC similiarity matrix
     Computing text features for evaluation
     Computing image features for evaluation
/home/jiahao/task/APTM/reTools.py:308: UserWarning: To copy construct from a tensor, it is recommended to use sourceTensor.clone().detach() or sourceTensor.clone().detach().requires_grad_(True), rather than torch.tensor(sourceTensor).
  similarity = torch.tensor(scores_t2i)
     Computing features time 0:00:08
### Zero-Shot ITC Score: 
+-------+--------+--------+--------+--------+--------+
| epoch |   R1   |   R5   |  R10   |  mAP   |  mINP  |
+-------+--------+--------+--------+--------+--------+
|  -999 | 70.760 | 87.378 | 92.268 | 63.849 | 48.174 |
+-------+--------+--------+--------+--------+--------+
     Computing matching score
      ITM Evaluation: [   0/6156]  eta: 0:04:09    time: 0.0405  data: 0.0033  max mem: 5880
      ITM Evaluation: [ 100/6156]  eta: 0:03:15    time: 0.0319  data: 0.0000  max mem: 5880
      ITM Evaluation: [ 200/6156]  eta: 0:03:19    time: 0.0351  data: 0.0000  max mem: 5880
      ITM Evaluation: [ 300/6156]  eta: 0:03:15    time: 0.0341  data: 0.0000  max mem: 5880
      ITM Evaluation: [ 400/6156]  eta: 0:03:12    time: 0.0325  data: 0.0000  max mem: 5880
      ITM Evaluation: [ 500/6156]  eta: 0:03:07    time: 0.0318  data: 0.0000  max mem: 5880
      ITM Evaluation: [ 600/6156]  eta: 0:03:02    time: 0.0315  data: 0.0000  max mem: 5880
      ITM Evaluation: [ 700/6156]  eta: 0:02:59    time: 0.0330  data: 0.0000  max mem: 5880
      ITM Evaluation: [ 800/6156]  eta: 0:02:56    time: 0.0332  data: 0.0000  max mem: 5880
      ITM Evaluation: [ 900/6156]  eta: 0:02:53    time: 0.0336  data: 0.0000  max mem: 5880
      ITM Evaluation: [1000/6156]  eta: 0:02:50    time: 0.0334  data: 0.0000  max mem: 5880
      ITM Evaluation: [1100/6156]  eta: 0:02:47    time: 0.0333  data: 0.0000  max mem: 5880
      ITM Evaluation: [1200/6156]  eta: 0:02:44    time: 0.0336  data: 0.0000  max mem: 5880
      ITM Evaluation: [1300/6156]  eta: 0:02:41    time: 0.0336  data: 0.0000  max mem: 5880
      ITM Evaluation: [1400/6156]  eta: 0:02:38    time: 0.0338  data: 0.0000  max mem: 5880
      ITM Evaluation: [1500/6156]  eta: 0:02:34    time: 0.0334  data: 0.0000  max mem: 5880
      ITM Evaluation: [1600/6156]  eta: 0:02:31    time: 0.0333  data: 0.0000  max mem: 5880
      ITM Evaluation: [1700/6156]  eta: 0:02:28    time: 0.0328  data: 0.0000  max mem: 5880
      ITM Evaluation: [1800/6156]  eta: 0:02:24    time: 0.0329  data: 0.0000  max mem: 5880
      ITM Evaluation: [1900/6156]  eta: 0:02:21    time: 0.0334  data: 0.0000  max mem: 5880
      ITM Evaluation: [2000/6156]  eta: 0:02:18    time: 0.0325  data: 0.0000  max mem: 5880
      ITM Evaluation: [2100/6156]  eta: 0:02:14    time: 0.0330  data: 0.0000  max mem: 5880
      ITM Evaluation: [2200/6156]  eta: 0:02:11    time: 0.0331  data: 0.0000  max mem: 5880
      ITM Evaluation: [2300/6156]  eta: 0:02:07    time: 0.0331  data: 0.0000  max mem: 5880
      ITM Evaluation: [2400/6156]  eta: 0:02:04    time: 0.0332  data: 0.0000  max mem: 5880
      ITM Evaluation: [2500/6156]  eta: 0:02:01    time: 0.0333  data: 0.0000  max mem: 5880
      ITM Evaluation: [2600/6156]  eta: 0:01:57    time: 0.0326  data: 0.0000  max mem: 5880
      ITM Evaluation: [2700/6156]  eta: 0:01:54    time: 0.0329  data: 0.0000  max mem: 5880
      ITM Evaluation: [2800/6156]  eta: 0:01:51    time: 0.0327  data: 0.0000  max mem: 5880
      ITM Evaluation: [2900/6156]  eta: 0:01:47    time: 0.0329  data: 0.0000  max mem: 5880
      ITM Evaluation: [3000/6156]  eta: 0:01:44    time: 0.0331  data: 0.0000  max mem: 5880
      ITM Evaluation: [3100/6156]  eta: 0:01:41    time: 0.0334  data: 0.0000  max mem: 5880
      ITM Evaluation: [3200/6156]  eta: 0:01:37    time: 0.0330  data: 0.0000  max mem: 5880
      ITM Evaluation: [3300/6156]  eta: 0:01:34    time: 0.0326  data: 0.0000  max mem: 5880
      ITM Evaluation: [3400/6156]  eta: 0:01:31    time: 0.0329  data: 0.0000  max mem: 5880
      ITM Evaluation: [3500/6156]  eta: 0:01:27    time: 0.0327  data: 0.0000  max mem: 5880
      ITM Evaluation: [3600/6156]  eta: 0:01:24    time: 0.0331  data: 0.0000  max mem: 5880
      ITM Evaluation: [3700/6156]  eta: 0:01:21    time: 0.0332  data: 0.0000  max mem: 5880
      ITM Evaluation: [3800/6156]  eta: 0:01:17    time: 0.0330  data: 0.0000  max mem: 5880
      ITM Evaluation: [3900/6156]  eta: 0:01:14    time: 0.0323  data: 0.0000  max mem: 5880
      ITM Evaluation: [4000/6156]  eta: 0:01:11    time: 0.0324  data: 0.0000  max mem: 5880
      ITM Evaluation: [4100/6156]  eta: 0:01:07    time: 0.0330  data: 0.0000  max mem: 5880
      ITM Evaluation: [4200/6156]  eta: 0:01:04    time: 0.0325  data: 0.0000  max mem: 5880
      ITM Evaluation: [4300/6156]  eta: 0:01:01    time: 0.0322  data: 0.0000  max mem: 5880
      ITM Evaluation: [4400/6156]  eta: 0:00:57    time: 0.0325  data: 0.0000  max mem: 5880
      ITM Evaluation: [4500/6156]  eta: 0:00:54    time: 0.0324  data: 0.0000  max mem: 5880
      ITM Evaluation: [4600/6156]  eta: 0:00:51    time: 0.0325  data: 0.0000  max mem: 5880
      ITM Evaluation: [4700/6156]  eta: 0:00:48    time: 0.0331  data: 0.0000  max mem: 5880
      ITM Evaluation: [4800/6156]  eta: 0:00:44    time: 0.0324  data: 0.0000  max mem: 5880
      ITM Evaluation: [4900/6156]  eta: 0:00:41    time: 0.0322  data: 0.0000  max mem: 5880
      ITM Evaluation: [5000/6156]  eta: 0:00:38    time: 0.0322  data: 0.0000  max mem: 5880
      ITM Evaluation: [5100/6156]  eta: 0:00:34    time: 0.0324  data: 0.0000  max mem: 5880
      ITM Evaluation: [5200/6156]  eta: 0:00:31    time: 0.0325  data: 0.0000  max mem: 5880
      ITM Evaluation: [5300/6156]  eta: 0:00:28    time: 0.0325  data: 0.0000  max mem: 5880
      ITM Evaluation: [5400/6156]  eta: 0:00:24    time: 0.0322  data: 0.0000  max mem: 5880
      ITM Evaluation: [5500/6156]  eta: 0:00:21    time: 0.0326  data: 0.0000  max mem: 5880
      ITM Evaluation: [5600/6156]  eta: 0:00:18    time: 0.0333  data: 0.0000  max mem: 5880
      ITM Evaluation: [5700/6156]  eta: 0:00:15    time: 0.0324  data: 0.0000  max mem: 5880
      ITM Evaluation: [5800/6156]  eta: 0:00:11    time: 0.0327  data: 0.0000  max mem: 5880
      ITM Evaluation: [5900/6156]  eta: 0:00:08    time: 0.0318  data: 0.0000  max mem: 5880
      ITM Evaluation: [6000/6156]  eta: 0:00:05    time: 0.0317  data: 0.0000  max mem: 5880
      ITM Evaluation: [6100/6156]  eta: 0:00:01    time: 0.0320  data: 0.0000  max mem: 5880
      ITM Evaluation: [6155/6156]  eta: 0:00:00    time: 0.0328  data: 0.0000  max mem: 5880
      ITM Evaluation: Total time: 0:03:22 (0.0329 s / it)
     total_time 202.4496054649353
     Computing matching score time 0:03:22
### Zero-Shot ITM Score: 
+-------+--------+--------+--------+--------+--------+
| epoch |   R1   |   R5   |  R10   |  mAP   |  mINP  |
+-------+--------+--------+--------+--------+--------+
|  -999 | 70.760 | 87.378 | 92.268 | 63.849 | 48.174 |
|  -999 | 76.170 | 89.457 | 93.600 | 65.570 | 47.372 |
+-------+--------+--------+--------+--------+--------+
### TTA:
### Compute ITC Uncertainty
     preprocess_tta_coefficients  start
     sample selection ...
     number of sample after sample_selection: 6156
     uncertainty ...
     preprocess_tta_coefficients  end
### Creating tta dataset
     tta_dataset: 6156
### Creating tta dataloader
### be careful: func create_loader returns a list length of 1
     tta_loader: 384
### Configure adapted weights
     TTA Dropout Modules: 
 [('vision_encoder.pos_drop', Dropout(p=0.0, inplace=False), True), ('vision_encoder.layers.0.blocks.0.attn.attn_drop', Dropout(p=0.0, inplace=False), True), ('vision_encoder.layers.0.blocks.0.attn.proj_drop', Dropout(p=0.0, inplace=False), True), ('vision_encoder.layers.0.blocks.0.mlp.drop', Dropout(p=0.0, inplace=False), True), ('vision_encoder.layers.0.blocks.1.attn.attn_drop', Dropout(p=0.0, inplace=False), True), ('vision_encoder.layers.0.blocks.1.attn.proj_drop', Dropout(p=0.0, inplace=False), True), ('vision_encoder.layers.0.blocks.1.mlp.drop', Dropout(p=0.0, inplace=False), True), ('vision_encoder.layers.1.blocks.0.attn.attn_drop', Dropout(p=0.0, inplace=False), True), ('vision_encoder.layers.1.blocks.0.attn.proj_drop', Dropout(p=0.0, inplace=False), True), ('vision_encoder.layers.1.blocks.0.mlp.drop', Dropout(p=0.0, inplace=False), True), ('vision_encoder.layers.1.blocks.1.attn.attn_drop', Dropout(p=0.0, inplace=False), True), ('vision_encoder.layers.1.blocks.1.attn.proj_drop', Dropout(p=0.0, inplace=False), True), ('vision_encoder.layers.1.blocks.1.mlp.drop', Dropout(p=0.0, inplace=False), True), ('vision_encoder.layers.2.blocks.0.attn.attn_drop', Dropout(p=0.0, inplace=False), True), ('vision_encoder.layers.2.blocks.0.attn.proj_drop', Dropout(p=0.0, inplace=False), True), ('vision_encoder.layers.2.blocks.0.mlp.drop', Dropout(p=0.0, inplace=False), True), ('vision_encoder.layers.2.blocks.1.attn.attn_drop', Dropout(p=0.0, inplace=False), True), ('vision_encoder.layers.2.blocks.1.attn.proj_drop', Dropout(p=0.0, inplace=False), True), ('vision_encoder.layers.2.blocks.1.mlp.drop', Dropout(p=0.0, inplace=False), True), ('vision_encoder.layers.2.blocks.2.attn.attn_drop', Dropout(p=0.0, inplace=False), True), ('vision_encoder.layers.2.blocks.2.attn.proj_drop', Dropout(p=0.0, inplace=False), True), ('vision_encoder.layers.2.blocks.2.mlp.drop', Dropout(p=0.0, inplace=False), True), ('vision_encoder.layers.2.blocks.3.attn.attn_drop', Dropout(p=0.0, inplace=False), True), ('vision_encoder.layers.2.blocks.3.attn.proj_drop', Dropout(p=0.0, inplace=False), True), ('vision_encoder.layers.2.blocks.3.mlp.drop', Dropout(p=0.0, inplace=False), True), ('vision_encoder.layers.2.blocks.4.attn.attn_drop', Dropout(p=0.0, inplace=False), True), ('vision_encoder.layers.2.blocks.4.attn.proj_drop', Dropout(p=0.0, inplace=False), True), ('vision_encoder.layers.2.blocks.4.mlp.drop', Dropout(p=0.0, inplace=False), True), ('vision_encoder.layers.2.blocks.5.attn.attn_drop', Dropout(p=0.0, inplace=False), True), ('vision_encoder.layers.2.blocks.5.attn.proj_drop', Dropout(p=0.0, inplace=False), True), ('vision_encoder.layers.2.blocks.5.mlp.drop', Dropout(p=0.0, inplace=False), True), ('vision_encoder.layers.2.blocks.6.attn.attn_drop', Dropout(p=0.0, inplace=False), True), ('vision_encoder.layers.2.blocks.6.attn.proj_drop', Dropout(p=0.0, inplace=False), True), ('vision_encoder.layers.2.blocks.6.mlp.drop', Dropout(p=0.0, inplace=False), True), ('vision_encoder.layers.2.blocks.7.attn.attn_drop', Dropout(p=0.0, inplace=False), True), ('vision_encoder.layers.2.blocks.7.attn.proj_drop', Dropout(p=0.0, inplace=False), True), ('vision_encoder.layers.2.blocks.7.mlp.drop', Dropout(p=0.0, inplace=False), True), ('vision_encoder.layers.2.blocks.8.attn.attn_drop', Dropout(p=0.0, inplace=False), True), ('vision_encoder.layers.2.blocks.8.attn.proj_drop', Dropout(p=0.0, inplace=False), True), ('vision_encoder.layers.2.blocks.8.mlp.drop', Dropout(p=0.0, inplace=False), True), ('vision_encoder.layers.2.blocks.9.attn.attn_drop', Dropout(p=0.0, inplace=False), True), ('vision_encoder.layers.2.blocks.9.attn.proj_drop', Dropout(p=0.0, inplace=False), True), ('vision_encoder.layers.2.blocks.9.mlp.drop', Dropout(p=0.0, inplace=False), True), ('vision_encoder.layers.2.blocks.10.attn.attn_drop', Dropout(p=0.0, inplace=False), True), ('vision_encoder.layers.2.blocks.10.attn.proj_drop', Dropout(p=0.0, inplace=False), True), ('vision_encoder.layers.2.blocks.10.mlp.drop', Dropout(p=0.0, inplace=False), True), ('vision_encoder.layers.2.blocks.11.attn.attn_drop', Dropout(p=0.0, inplace=False), True), ('vision_encoder.layers.2.blocks.11.attn.proj_drop', Dropout(p=0.0, inplace=False), True), ('vision_encoder.layers.2.blocks.11.mlp.drop', Dropout(p=0.0, inplace=False), True), ('vision_encoder.layers.2.blocks.12.attn.attn_drop', Dropout(p=0.0, inplace=False), True), ('vision_encoder.layers.2.blocks.12.attn.proj_drop', Dropout(p=0.0, inplace=False), True), ('vision_encoder.layers.2.blocks.12.mlp.drop', Dropout(p=0.0, inplace=False), True), ('vision_encoder.layers.2.blocks.13.attn.attn_drop', Dropout(p=0.0, inplace=False), True), ('vision_encoder.layers.2.blocks.13.attn.proj_drop', Dropout(p=0.0, inplace=False), True), ('vision_encoder.layers.2.blocks.13.mlp.drop', Dropout(p=0.0, inplace=False), True), ('vision_encoder.layers.2.blocks.14.attn.attn_drop', Dropout(p=0.0, inplace=False), True), ('vision_encoder.layers.2.blocks.14.attn.proj_drop', Dropout(p=0.0, inplace=False), True), ('vision_encoder.layers.2.blocks.14.mlp.drop', Dropout(p=0.0, inplace=False), True), ('vision_encoder.layers.2.blocks.15.attn.attn_drop', Dropout(p=0.0, inplace=False), True), ('vision_encoder.layers.2.blocks.15.attn.proj_drop', Dropout(p=0.0, inplace=False), True), ('vision_encoder.layers.2.blocks.15.mlp.drop', Dropout(p=0.0, inplace=False), True), ('vision_encoder.layers.2.blocks.16.attn.attn_drop', Dropout(p=0.0, inplace=False), True), ('vision_encoder.layers.2.blocks.16.attn.proj_drop', Dropout(p=0.0, inplace=False), True), ('vision_encoder.layers.2.blocks.16.mlp.drop', Dropout(p=0.0, inplace=False), True), ('vision_encoder.layers.2.blocks.17.attn.attn_drop', Dropout(p=0.0, inplace=False), True), ('vision_encoder.layers.2.blocks.17.attn.proj_drop', Dropout(p=0.0, inplace=False), True), ('vision_encoder.layers.2.blocks.17.mlp.drop', Dropout(p=0.0, inplace=False), True), ('vision_encoder.layers.3.blocks.0.attn.attn_drop', Dropout(p=0.0, inplace=False), True), ('vision_encoder.layers.3.blocks.0.attn.proj_drop', Dropout(p=0.0, inplace=False), True), ('vision_encoder.layers.3.blocks.0.mlp.drop', Dropout(p=0.0, inplace=False), True), ('vision_encoder.layers.3.blocks.1.attn.attn_drop', Dropout(p=0.0, inplace=False), True), ('vision_encoder.layers.3.blocks.1.attn.proj_drop', Dropout(p=0.0, inplace=False), True), ('vision_encoder.layers.3.blocks.1.mlp.drop', Dropout(p=0.0, inplace=False), True), ('text_encoder.bert.embeddings.dropout', Dropout(p=0.1, inplace=False), True), ('text_encoder.bert.encoder.layer.0.attention.self.dropout', Dropout(p=0.1, inplace=False), True), ('text_encoder.bert.encoder.layer.0.attention.output.dropout', Dropout(p=0.1, inplace=False), True), ('text_encoder.bert.encoder.layer.0.output.dropout', Dropout(p=0.1, inplace=False), True), ('text_encoder.bert.encoder.layer.1.attention.self.dropout', Dropout(p=0.1, inplace=False), True), ('text_encoder.bert.encoder.layer.1.attention.output.dropout', Dropout(p=0.1, inplace=False), True), ('text_encoder.bert.encoder.layer.1.output.dropout', Dropout(p=0.1, inplace=False), True), ('text_encoder.bert.encoder.layer.2.attention.self.dropout', Dropout(p=0.1, inplace=False), True), ('text_encoder.bert.encoder.layer.2.attention.output.dropout', Dropout(p=0.1, inplace=False), True), ('text_encoder.bert.encoder.layer.2.output.dropout', Dropout(p=0.1, inplace=False), True), ('text_encoder.bert.encoder.layer.3.attention.self.dropout', Dropout(p=0.1, inplace=False), True), ('text_encoder.bert.encoder.layer.3.attention.output.dropout', Dropout(p=0.1, inplace=False), True), ('text_encoder.bert.encoder.layer.3.output.dropout', Dropout(p=0.1, inplace=False), True), ('text_encoder.bert.encoder.layer.4.attention.self.dropout', Dropout(p=0.1, inplace=False), True), ('text_encoder.bert.encoder.layer.4.attention.output.dropout', Dropout(p=0.1, inplace=False), True), ('text_encoder.bert.encoder.layer.4.output.dropout', Dropout(p=0.1, inplace=False), True), ('text_encoder.bert.encoder.layer.5.attention.self.dropout', Dropout(p=0.1, inplace=False), True), ('text_encoder.bert.encoder.layer.5.attention.output.dropout', Dropout(p=0.1, inplace=False), True), ('text_encoder.bert.encoder.layer.5.output.dropout', Dropout(p=0.1, inplace=False), True), ('text_encoder.bert.encoder.layer.6.attention.self.dropout', Dropout(p=0.1, inplace=False), True), ('text_encoder.bert.encoder.layer.6.attention.output.dropout', Dropout(p=0.1, inplace=False), True), ('text_encoder.bert.encoder.layer.6.crossattention.self.dropout', Dropout(p=0.1, inplace=False), True), ('text_encoder.bert.encoder.layer.6.crossattention.output.dropout', Dropout(p=0.1, inplace=False), True), ('text_encoder.bert.encoder.layer.6.output.dropout', Dropout(p=0.1, inplace=False), True), ('text_encoder.bert.encoder.layer.7.attention.self.dropout', Dropout(p=0.1, inplace=False), True), ('text_encoder.bert.encoder.layer.7.attention.output.dropout', Dropout(p=0.1, inplace=False), True), ('text_encoder.bert.encoder.layer.7.crossattention.self.dropout', Dropout(p=0.1, inplace=False), True), ('text_encoder.bert.encoder.layer.7.crossattention.output.dropout', Dropout(p=0.1, inplace=False), True), ('text_encoder.bert.encoder.layer.7.output.dropout', Dropout(p=0.1, inplace=False), True), ('text_encoder.bert.encoder.layer.8.attention.self.dropout', Dropout(p=0.1, inplace=False), True), ('text_encoder.bert.encoder.layer.8.attention.output.dropout', Dropout(p=0.1, inplace=False), True), ('text_encoder.bert.encoder.layer.8.crossattention.self.dropout', Dropout(p=0.1, inplace=False), True), ('text_encoder.bert.encoder.layer.8.crossattention.output.dropout', Dropout(p=0.1, inplace=False), True), ('text_encoder.bert.encoder.layer.8.output.dropout', Dropout(p=0.1, inplace=False), True), ('text_encoder.bert.encoder.layer.9.attention.self.dropout', Dropout(p=0.1, inplace=False), True), ('text_encoder.bert.encoder.layer.9.attention.output.dropout', Dropout(p=0.1, inplace=False), True), ('text_encoder.bert.encoder.layer.9.crossattention.self.dropout', Dropout(p=0.1, inplace=False), True), ('text_encoder.bert.encoder.layer.9.crossattention.output.dropout', Dropout(p=0.1, inplace=False), True), ('text_encoder.bert.encoder.layer.9.output.dropout', Dropout(p=0.1, inplace=False), True), ('text_encoder.bert.encoder.layer.10.attention.self.dropout', Dropout(p=0.1, inplace=False), True), ('text_encoder.bert.encoder.layer.10.attention.output.dropout', Dropout(p=0.1, inplace=False), True), ('text_encoder.bert.encoder.layer.10.crossattention.self.dropout', Dropout(p=0.1, inplace=False), True), ('text_encoder.bert.encoder.layer.10.crossattention.output.dropout', Dropout(p=0.1, inplace=False), True), ('text_encoder.bert.encoder.layer.10.output.dropout', Dropout(p=0.1, inplace=False), True), ('text_encoder.bert.encoder.layer.11.attention.self.dropout', Dropout(p=0.1, inplace=False), True), ('text_encoder.bert.encoder.layer.11.attention.output.dropout', Dropout(p=0.1, inplace=False), True), ('text_encoder.bert.encoder.layer.11.crossattention.self.dropout', Dropout(p=0.1, inplace=False), True), ('text_encoder.bert.encoder.layer.11.crossattention.output.dropout', Dropout(p=0.1, inplace=False), True), ('text_encoder.bert.encoder.layer.11.output.dropout', Dropout(p=0.1, inplace=False), True)]
     TTA Require Gradient Params: 
 [('text_encoder.bert.embeddings.LayerNorm.weight', torch.Size([768])), ('text_encoder.bert.embeddings.LayerNorm.bias', torch.Size([768])), ('text_encoder.bert.encoder.layer.6.attention.output.LayerNorm.weight', torch.Size([768])), ('text_encoder.bert.encoder.layer.6.attention.output.LayerNorm.bias', torch.Size([768])), ('text_encoder.bert.encoder.layer.6.crossattention.output.LayerNorm.weight', torch.Size([768])), ('text_encoder.bert.encoder.layer.6.crossattention.output.LayerNorm.bias', torch.Size([768])), ('text_encoder.bert.encoder.layer.6.output.LayerNorm.weight', torch.Size([768])), ('text_encoder.bert.encoder.layer.6.output.LayerNorm.bias', torch.Size([768])), ('text_encoder.bert.encoder.layer.7.attention.output.LayerNorm.weight', torch.Size([768])), ('text_encoder.bert.encoder.layer.7.attention.output.LayerNorm.bias', torch.Size([768])), ('text_encoder.bert.encoder.layer.7.crossattention.output.LayerNorm.weight', torch.Size([768])), ('text_encoder.bert.encoder.layer.7.crossattention.output.LayerNorm.bias', torch.Size([768])), ('text_encoder.bert.encoder.layer.7.output.LayerNorm.weight', torch.Size([768])), ('text_encoder.bert.encoder.layer.7.output.LayerNorm.bias', torch.Size([768])), ('text_encoder.bert.encoder.layer.8.attention.output.LayerNorm.weight', torch.Size([768])), ('text_encoder.bert.encoder.layer.8.attention.output.LayerNorm.bias', torch.Size([768])), ('text_encoder.bert.encoder.layer.8.crossattention.output.LayerNorm.weight', torch.Size([768])), ('text_encoder.bert.encoder.layer.8.crossattention.output.LayerNorm.bias', torch.Size([768])), ('text_encoder.bert.encoder.layer.8.output.LayerNorm.weight', torch.Size([768])), ('text_encoder.bert.encoder.layer.8.output.LayerNorm.bias', torch.Size([768])), ('text_encoder.bert.encoder.layer.9.attention.output.LayerNorm.weight', torch.Size([768])), ('text_encoder.bert.encoder.layer.9.attention.output.LayerNorm.bias', torch.Size([768])), ('text_encoder.bert.encoder.layer.9.crossattention.output.LayerNorm.weight', torch.Size([768])), ('text_encoder.bert.encoder.layer.9.crossattention.output.LayerNorm.bias', torch.Size([768])), ('text_encoder.bert.encoder.layer.9.output.LayerNorm.weight', torch.Size([768])), ('text_encoder.bert.encoder.layer.9.output.LayerNorm.bias', torch.Size([768])), ('text_encoder.bert.encoder.layer.10.attention.output.LayerNorm.weight', torch.Size([768])), ('text_encoder.bert.encoder.layer.10.attention.output.LayerNorm.bias', torch.Size([768])), ('text_encoder.bert.encoder.layer.10.crossattention.output.LayerNorm.weight', torch.Size([768])), ('text_encoder.bert.encoder.layer.10.crossattention.output.LayerNorm.bias', torch.Size([768])), ('text_encoder.bert.encoder.layer.10.output.LayerNorm.weight', torch.Size([768])), ('text_encoder.bert.encoder.layer.10.output.LayerNorm.bias', torch.Size([768])), ('text_encoder.bert.encoder.layer.11.attention.output.LayerNorm.weight', torch.Size([768])), ('text_encoder.bert.encoder.layer.11.attention.output.LayerNorm.bias', torch.Size([768])), ('text_encoder.bert.encoder.layer.11.crossattention.output.LayerNorm.weight', torch.Size([768])), ('text_encoder.bert.encoder.layer.11.crossattention.output.LayerNorm.bias', torch.Size([768])), ('text_encoder.bert.encoder.layer.11.output.LayerNorm.weight', torch.Size([768])), ('text_encoder.bert.encoder.layer.11.output.LayerNorm.bias', torch.Size([768])), ('text_encoder.cls.predictions.transform.LayerNorm.weight', torch.Size([768])), ('text_encoder.cls.predictions.transform.LayerNorm.bias', torch.Size([768])), ('itm_head.1.weight', torch.Size([1536])), ('itm_head.1.bias', torch.Size([1536]))]
     TTA Dropout Modules Number: 
 122
     TTA Require Gradient Params Sum: 
 33792
     lr:  0.0005    lr_mult:  2
     model has 'init_params',  363
     num_tta_steps:  11550
     num_warmup_steps:  100
     sched: step
### Start ITM Test Time Adaptation
      TTA Epoch: [0] [  0/384]  eta: 0:03:11  lr: 0.000005  entropy: 0.8004  loss: 2.9904  time: 0.4980  data: 0.3507  max mem: 5880
      TTA Epoch: [0] [100/384]  eta: 0:00:16  lr: 0.000500  entropy: 0.3967  loss: 2.8408  time: 0.0450  data: 0.0001  max mem: 5880
      TTA Epoch: [0] [200/384]  eta: 0:00:09  lr: 0.000496  entropy: 0.1876  loss: 2.7635  time: 0.0457  data: 0.0001  max mem: 5880
      TTA Epoch: [0] [300/384]  eta: 0:00:04  lr: 0.000491  entropy: 0.2938  loss: 2.8023  time: 0.0475  data: 0.0001  max mem: 5880
      TTA Epoch: [0] [383/384]  eta: 0:00:00  lr: 0.000488  entropy: 0.2379  loss: 2.7825  time: 0.0433  data: 0.0001  max mem: 5880
      TTA Epoch: [0] Total time: 0:00:18 (0.0477 s / it)
     Averaged stats: lr: 0.0004  entropy: 0.4538  loss: 2.8620
     itm tta time 0:00:18
     Computing matching score
      ITM Evaluation: [   0/6156]  eta: 0:04:26    time: 0.0433  data: 0.0065  max mem: 5880
      ITM Evaluation: [ 100/6156]  eta: 0:03:33    time: 0.0351  data: 0.0000  max mem: 5880
      ITM Evaluation: [ 200/6156]  eta: 0:03:35    time: 0.0449  data: 0.0000  max mem: 5880
      ITM Evaluation: [ 300/6156]  eta: 0:03:53    time: 0.0472  data: 0.0000  max mem: 5880
      ITM Evaluation: [ 400/6156]  eta: 0:03:43    time: 0.0358  data: 0.0000  max mem: 5880
      ITM Evaluation: [ 500/6156]  eta: 0:03:35    time: 0.0339  data: 0.0000  max mem: 5880
      ITM Evaluation: [ 600/6156]  eta: 0:03:34    time: 0.0333  data: 0.0000  max mem: 5880
      ITM Evaluation: [ 700/6156]  eta: 0:03:27    time: 0.0327  data: 0.0000  max mem: 5880
      ITM Evaluation: [ 800/6156]  eta: 0:03:20    time: 0.0326  data: 0.0000  max mem: 5880
      ITM Evaluation: [ 900/6156]  eta: 0:03:16    time: 0.0362  data: 0.0000  max mem: 5880
      ITM Evaluation: [1000/6156]  eta: 0:03:15    time: 0.0536  data: 0.0000  max mem: 5880
      ITM Evaluation: [1100/6156]  eta: 0:03:17    time: 0.0456  data: 0.0000  max mem: 5880
      ITM Evaluation: [1200/6156]  eta: 0:03:19    time: 0.0451  data: 0.0000  max mem: 5880
      ITM Evaluation: [1300/6156]  eta: 0:03:20    time: 0.0547  data: 0.0000  max mem: 5880
      ITM Evaluation: [1400/6156]  eta: 0:03:19    time: 0.0523  data: 0.0000  max mem: 5880
      ITM Evaluation: [1500/6156]  eta: 0:03:18    time: 0.0490  data: 0.0000  max mem: 5880
      ITM Evaluation: [1600/6156]  eta: 0:03:16    time: 0.0539  data: 0.0000  max mem: 5880
      ITM Evaluation: [1700/6156]  eta: 0:03:14    time: 0.0540  data: 0.0000  max mem: 5880
      ITM Evaluation: [1800/6156]  eta: 0:03:11    time: 0.0544  data: 0.0000  max mem: 5880
      ITM Evaluation: [1900/6156]  eta: 0:03:09    time: 0.0455  data: 0.0000  max mem: 5880
      ITM Evaluation: [2000/6156]  eta: 0:03:06    time: 0.0527  data: 0.0000  max mem: 5880
      ITM Evaluation: [2100/6156]  eta: 0:03:03    time: 0.0512  data: 0.0000  max mem: 5880
      ITM Evaluation: [2200/6156]  eta: 0:02:59    time: 0.0543  data: 0.0000  max mem: 5880
      ITM Evaluation: [2300/6156]  eta: 0:02:56    time: 0.0465  data: 0.0000  max mem: 5880
      ITM Evaluation: [2400/6156]  eta: 0:02:52    time: 0.0525  data: 0.0000  max mem: 5880
      ITM Evaluation: [2500/6156]  eta: 0:02:48    time: 0.0531  data: 0.0000  max mem: 5880
      ITM Evaluation: [2600/6156]  eta: 0:02:44    time: 0.0539  data: 0.0000  max mem: 5880
      ITM Evaluation: [2700/6156]  eta: 0:02:40    time: 0.0484  data: 0.0000  max mem: 5880
      ITM Evaluation: [2800/6156]  eta: 0:02:36    time: 0.0533  data: 0.0000  max mem: 5880
      ITM Evaluation: [2900/6156]  eta: 0:02:32    time: 0.0505  data: 0.0000  max mem: 5880
      ITM Evaluation: [3000/6156]  eta: 0:02:26    time: 0.0340  data: 0.0000  max mem: 5880
      ITM Evaluation: [3100/6156]  eta: 0:02:20    time: 0.0356  data: 0.0000  max mem: 5880
      ITM Evaluation: [3200/6156]  eta: 0:02:15    time: 0.0343  data: 0.0000  max mem: 5880
      ITM Evaluation: [3300/6156]  eta: 0:02:09    time: 0.0340  data: 0.0000  max mem: 5880
      ITM Evaluation: [3400/6156]  eta: 0:02:04    time: 0.0350  data: 0.0000  max mem: 5880
      ITM Evaluation: [3500/6156]  eta: 0:01:59    time: 0.0343  data: 0.0000  max mem: 5880
      ITM Evaluation: [3600/6156]  eta: 0:01:54    time: 0.0363  data: 0.0000  max mem: 5880
      ITM Evaluation: [3700/6156]  eta: 0:01:49    time: 0.0447  data: 0.0000  max mem: 5880
      ITM Evaluation: [3800/6156]  eta: 0:01:44    time: 0.0333  data: 0.0000  max mem: 5880
      ITM Evaluation: [3900/6156]  eta: 0:01:39    time: 0.0329  data: 0.0000  max mem: 5880
      ITM Evaluation: [4000/6156]  eta: 0:01:34    time: 0.0392  data: 0.0000  max mem: 5880
      ITM Evaluation: [4100/6156]  eta: 0:01:30    time: 0.0428  data: 0.0000  max mem: 5880
      ITM Evaluation: [4200/6156]  eta: 0:01:25    time: 0.0474  data: 0.0000  max mem: 5880
      ITM Evaluation: [4300/6156]  eta: 0:01:21    time: 0.0598  data: 0.0000  max mem: 5880
      ITM Evaluation: [4400/6156]  eta: 0:01:17    time: 0.0610  data: 0.0000  max mem: 5880
      ITM Evaluation: [4500/6156]  eta: 0:01:14    time: 0.0607  data: 0.0000  max mem: 5880
      ITM Evaluation: [4600/6156]  eta: 0:01:09    time: 0.0525  data: 0.0000  max mem: 5880
      ITM Evaluation: [4700/6156]  eta: 0:01:05    time: 0.0567  data: 0.0000  max mem: 5880
      ITM Evaluation: [4800/6156]  eta: 0:01:01    time: 0.0563  data: 0.0000  max mem: 5880
      ITM Evaluation: [4900/6156]  eta: 0:00:57    time: 0.0608  data: 0.0000  max mem: 5880
      ITM Evaluation: [5000/6156]  eta: 0:00:53    time: 0.0614  data: 0.0000  max mem: 5880
      ITM Evaluation: [5100/6156]  eta: 0:00:48    time: 0.0604  data: 0.0000  max mem: 5880
      ITM Evaluation: [5200/6156]  eta: 0:00:44    time: 0.0611  data: 0.0000  max mem: 5880
      ITM Evaluation: [5300/6156]  eta: 0:00:39    time: 0.0578  data: 0.0000  max mem: 5880
      ITM Evaluation: [5400/6156]  eta: 0:00:35    time: 0.0578  data: 0.0000  max mem: 5880
      ITM Evaluation: [5500/6156]  eta: 0:00:30    time: 0.0585  data: 0.0000  max mem: 5880
      ITM Evaluation: [5600/6156]  eta: 0:00:26    time: 0.0600  data: 0.0000  max mem: 5880
      ITM Evaluation: [5700/6156]  eta: 0:00:21    time: 0.0600  data: 0.0000  max mem: 5880
      ITM Evaluation: [5800/6156]  eta: 0:00:16    time: 0.0469  data: 0.0000  max mem: 5880
      ITM Evaluation: [5900/6156]  eta: 0:00:12    time: 0.0540  data: 0.0000  max mem: 5880
      ITM Evaluation: [6000/6156]  eta: 0:00:07    time: 0.0559  data: 0.0000  max mem: 5880
      ITM Evaluation: [6100/6156]  eta: 0:00:02    time: 0.0455  data: 0.0000  max mem: 5880
      ITM Evaluation: [6155/6156]  eta: 0:00:00    time: 0.0532  data: 0.0000  max mem: 5880
      ITM Evaluation: Total time: 0:04:53 (0.0477 s / it)
     total_time 293.97415113449097
     Computing matching score time 0:04:53
### TTA ITM Score: 
+-------+--------+--------+--------+--------+--------+
| epoch |   R1   |   R5   |  R10   |  mAP   |  mINP  |
+-------+--------+--------+--------+--------+--------+
|  -999 | 70.760 | 87.378 | 92.268 | 63.849 | 48.174 |
|  -999 | 76.170 | 89.457 | 93.600 | 65.570 | 47.372 |
|   0   | 65.335 | 88.109 | 92.771 | 60.199 | 43.479 |
+-------+--------+--------+--------+--------+--------+
     logs:  {'epo': 0, 'R1': 65.335, 'R5': 88.109, 'R10': 92.771, 'mAP': 60.199, 'mINP': 43.479, 'lr': 0.000431, 'entropy': 0.453805, 'loss': 2.862021}
      TTA Epoch: [1] [  0/384]  eta: 0:04:06  lr: 0.000488  entropy: 0.1499  loss: 2.7493  time: 0.6413  data: 0.4774  max mem: 5880
      TTA Epoch: [1] [100/384]  eta: 0:00:24  lr: 0.000242  entropy: 0.3310  loss: 2.8163  time: 0.0820  data: 0.0001  max mem: 5880
      TTA Epoch: [1] [200/384]  eta: 0:00:14  lr: 0.000239  entropy: 0.3663  loss: 2.8298  time: 0.0666  data: 0.0001  max mem: 5880
      TTA Epoch: [1] [300/384]  eta: 0:00:06  lr: 0.000237  entropy: 0.3171  loss: 2.8112  time: 0.0792  data: 0.0001  max mem: 5880
      TTA Epoch: [1] [383/384]  eta: 0:00:00  lr: 0.000094  entropy: 0.3568  loss: 2.8266  time: 0.0885  data: 0.0002  max mem: 5880
      TTA Epoch: [1] Total time: 0:00:30 (0.0794 s / it)
     Averaged stats: lr: 0.0002  entropy: 0.2638  loss: 2.7915
     itm tta time 0:00:30
     Computing matching score
      ITM Evaluation: [   0/6156]  eta: 0:07:48    time: 0.0760  data: 0.0160  max mem: 5880
      ITM Evaluation: [ 100/6156]  eta: 0:05:37    time: 0.0600  data: 0.0000  max mem: 5880
      ITM Evaluation: [ 200/6156]  eta: 0:05:35    time: 0.0540  data: 0.0000  max mem: 5880
      ITM Evaluation: [ 300/6156]  eta: 0:05:28    time: 0.0658  data: 0.0000  max mem: 5880
      ITM Evaluation: [ 400/6156]  eta: 0:05:16    time: 0.0481  data: 0.0000  max mem: 5880
      ITM Evaluation: [ 500/6156]  eta: 0:05:08    time: 0.0539  data: 0.0000  max mem: 5880
      ITM Evaluation: [ 600/6156]  eta: 0:05:00    time: 0.0539  data: 0.0000  max mem: 5880
      ITM Evaluation: [ 700/6156]  eta: 0:04:52    time: 0.0448  data: 0.0000  max mem: 5880
      ITM Evaluation: [ 800/6156]  eta: 0:04:47    time: 0.0543  data: 0.0000  max mem: 5880
      ITM Evaluation: [ 900/6156]  eta: 0:04:40    time: 0.0508  data: 0.0000  max mem: 5880
      ITM Evaluation: [1000/6156]  eta: 0:04:35    time: 0.0553  data: 0.0000  max mem: 5880
      ITM Evaluation: [1100/6156]  eta: 0:04:29    time: 0.0539  data: 0.0000  max mem: 5880
      ITM Evaluation: [1200/6156]  eta: 0:04:23    time: 0.0471  data: 0.0000  max mem: 5880
      ITM Evaluation: [1300/6156]  eta: 0:04:17    time: 0.0560  data: 0.0000  max mem: 5880
      ITM Evaluation: [1400/6156]  eta: 0:04:12    time: 0.0468  data: 0.0000  max mem: 5880
      ITM Evaluation: [1500/6156]  eta: 0:04:06    time: 0.0547  data: 0.0000  max mem: 5880
      ITM Evaluation: [1600/6156]  eta: 0:04:01    time: 0.0534  data: 0.0000  max mem: 5880
      ITM Evaluation: [1700/6156]  eta: 0:03:56    time: 0.0538  data: 0.0000  max mem: 5880
      ITM Evaluation: [1800/6156]  eta: 0:03:50    time: 0.0522  data: 0.0000  max mem: 5880
      ITM Evaluation: [1900/6156]  eta: 0:03:44    time: 0.0542  data: 0.0000  max mem: 5880
      ITM Evaluation: [2000/6156]  eta: 0:03:39    time: 0.0555  data: 0.0000  max mem: 5880
      ITM Evaluation: [2100/6156]  eta: 0:03:33    time: 0.0536  data: 0.0000  max mem: 5880
      ITM Evaluation: [2200/6156]  eta: 0:03:28    time: 0.0545  data: 0.0000  max mem: 5880
      ITM Evaluation: [2300/6156]  eta: 0:03:22    time: 0.0561  data: 0.0000  max mem: 5880
      ITM Evaluation: [2400/6156]  eta: 0:03:17    time: 0.0529  data: 0.0000  max mem: 5880
      ITM Evaluation: [2500/6156]  eta: 0:03:12    time: 0.0520  data: 0.0000  max mem: 5880
      ITM Evaluation: [2600/6156]  eta: 0:03:06    time: 0.0532  data: 0.0000  max mem: 5880
      ITM Evaluation: [2700/6156]  eta: 0:03:01    time: 0.0488  data: 0.0000  max mem: 5880
      ITM Evaluation: [2800/6156]  eta: 0:02:56    time: 0.0535  data: 0.0000  max mem: 5880
      ITM Evaluation: [2900/6156]  eta: 0:02:50    time: 0.0431  data: 0.0000  max mem: 5880
      ITM Evaluation: [3000/6156]  eta: 0:02:44    time: 0.0517  data: 0.0000  max mem: 5880
      ITM Evaluation: [3100/6156]  eta: 0:02:39    time: 0.0522  data: 0.0000  max mem: 5880
      ITM Evaluation: [3200/6156]  eta: 0:02:34    time: 0.0470  data: 0.0000  max mem: 5880
      ITM Evaluation: [3300/6156]  eta: 0:02:28    time: 0.0526  data: 0.0000  max mem: 5880
      ITM Evaluation: [3400/6156]  eta: 0:02:23    time: 0.0445  data: 0.0000  max mem: 5880
      ITM Evaluation: [3500/6156]  eta: 0:02:18    time: 0.0528  data: 0.0000  max mem: 5880
      ITM Evaluation: [3600/6156]  eta: 0:02:12    time: 0.0519  data: 0.0000  max mem: 5880
      ITM Evaluation: [3700/6156]  eta: 0:02:07    time: 0.0534  data: 0.0000  max mem: 5880
      ITM Evaluation: [3800/6156]  eta: 0:02:02    time: 0.0532  data: 0.0000  max mem: 5880
      ITM Evaluation: [3900/6156]  eta: 0:01:56    time: 0.0531  data: 0.0000  max mem: 5880
      ITM Evaluation: [4000/6156]  eta: 0:01:51    time: 0.0461  data: 0.0000  max mem: 5880
      ITM Evaluation: [4100/6156]  eta: 0:01:46    time: 0.0526  data: 0.0000  max mem: 5880
      ITM Evaluation: [4200/6156]  eta: 0:01:41    time: 0.0478  data: 0.0000  max mem: 5880
      ITM Evaluation: [4300/6156]  eta: 0:01:36    time: 0.0529  data: 0.0000  max mem: 5880
      ITM Evaluation: [4400/6156]  eta: 0:01:30    time: 0.0434  data: 0.0000  max mem: 5880
      ITM Evaluation: [4500/6156]  eta: 0:01:25    time: 0.0527  data: 0.0000  max mem: 5880
      ITM Evaluation: [4600/6156]  eta: 0:01:20    time: 0.0441  data: 0.0000  max mem: 5880
      ITM Evaluation: [4700/6156]  eta: 0:01:15    time: 0.0531  data: 0.0000  max mem: 5880
      ITM Evaluation: [4800/6156]  eta: 0:01:09    time: 0.0515  data: 0.0000  max mem: 5880
      ITM Evaluation: [4900/6156]  eta: 0:01:04    time: 0.0483  data: 0.0000  max mem: 5880
      ITM Evaluation: [5000/6156]  eta: 0:00:59    time: 0.0524  data: 0.0000  max mem: 5880
      ITM Evaluation: [5100/6156]  eta: 0:00:54    time: 0.0437  data: 0.0000  max mem: 5880
      ITM Evaluation: [5200/6156]  eta: 0:00:49    time: 0.0463  data: 0.0000  max mem: 5880
      ITM Evaluation: [5300/6156]  eta: 0:00:44    time: 0.0528  data: 0.0000  max mem: 5880
      ITM Evaluation: [5400/6156]  eta: 0:00:38    time: 0.0458  data: 0.0000  max mem: 5880
      ITM Evaluation: [5500/6156]  eta: 0:00:33    time: 0.0537  data: 0.0000  max mem: 5880
      ITM Evaluation: [5600/6156]  eta: 0:00:28    time: 0.0521  data: 0.0000  max mem: 5880
      ITM Evaluation: [5700/6156]  eta: 0:00:23    time: 0.0520  data: 0.0000  max mem: 5880
      ITM Evaluation: [5800/6156]  eta: 0:00:18    time: 0.0527  data: 0.0000  max mem: 5880
      ITM Evaluation: [5900/6156]  eta: 0:00:13    time: 0.0460  data: 0.0000  max mem: 5880
      ITM Evaluation: [6000/6156]  eta: 0:00:08    time: 0.0525  data: 0.0000  max mem: 5880
      ITM Evaluation: [6100/6156]  eta: 0:00:02    time: 0.0524  data: 0.0000  max mem: 5880
      ITM Evaluation: [6155/6156]  eta: 0:00:00    time: 0.0530  data: 0.0000  max mem: 5880
      ITM Evaluation: Total time: 0:05:16 (0.0513 s / it)
     total_time 316.14940214157104
     Computing matching score time 0:05:16
### TTA ITM Score: 
+-------+--------+--------+--------+--------+--------+
| epoch |   R1   |   R5   |  R10   |  mAP   |  mINP  |
+-------+--------+--------+--------+--------+--------+
|  -999 | 70.760 | 87.378 | 92.268 | 63.849 | 48.174 |
|  -999 | 76.170 | 89.457 | 93.600 | 65.570 | 47.372 |
|   0   | 65.335 | 88.109 | 92.771 | 60.199 | 43.479 |
|   1   | 63.207 | 87.833 | 93.047 | 59.105 | 43.215 |
+-------+--------+--------+--------+--------+--------+
     logs:  {'epo': 1, 'R1': 63.207, 'R5': 87.833, 'R10': 93.047, 'mAP': 59.105, 'mINP': 43.215, 'lr': 0.000224, 'entropy': 0.263803, 'loss': 2.791491}
      TTA Epoch: [2] [  0/384]  eta: 0:03:52  lr: 0.000094  entropy: 0.2289  loss: 2.7782  time: 0.6067  data: 0.4907  max mem: 5880
      TTA Epoch: [2] [100/384]  eta: 0:00:23  lr: 0.000093  entropy: 0.1871  loss: 2.7634  time: 0.0690  data: 0.0001  max mem: 5880
      TTA Epoch: [2] [200/384]  eta: 0:00:14  lr: 0.000092  entropy: 0.2596  loss: 2.7900  time: 0.0719  data: 0.0001  max mem: 5880
      TTA Epoch: [2] [300/384]  eta: 0:00:06  lr: 0.000092  entropy: 0.1724  loss: 2.7570  time: 0.0807  data: 0.0001  max mem: 5880
      TTA Epoch: [2] [383/384]  eta: 0:00:00  lr: 0.000091  entropy: 0.1974  loss: 2.7673  time: 0.0851  data: 0.0002  max mem: 5880
      TTA Epoch: [2] Total time: 0:00:30 (0.0784 s / it)
     Averaged stats: lr: 0.0001  entropy: 0.2317  loss: 2.7796
     itm tta time 0:00:30
     Computing matching score
      ITM Evaluation: [   0/6156]  eta: 0:06:27    time: 0.0629  data: 0.0085  max mem: 5880
      ITM Evaluation: [ 100/6156]  eta: 0:05:05    time: 0.0519  data: 0.0000  max mem: 5880
      ITM Evaluation: [ 200/6156]  eta: 0:04:58    time: 0.0515  data: 0.0000  max mem: 5880
      ITM Evaluation: [ 300/6156]  eta: 0:04:53    time: 0.0522  data: 0.0000  max mem: 5880
      ITM Evaluation: [ 400/6156]  eta: 0:04:47    time: 0.0527  data: 0.0000  max mem: 5880
      ITM Evaluation: [ 500/6156]  eta: 0:04:43    time: 0.0463  data: 0.0000  max mem: 5880
      ITM Evaluation: [ 600/6156]  eta: 0:04:37    time: 0.0520  data: 0.0000  max mem: 5880
      ITM Evaluation: [ 700/6156]  eta: 0:04:33    time: 0.0500  data: 0.0000  max mem: 5880
      ITM Evaluation: [ 800/6156]  eta: 0:04:27    time: 0.0462  data: 0.0000  max mem: 5880
      ITM Evaluation: [ 900/6156]  eta: 0:04:23    time: 0.0518  data: 0.0000  max mem: 5880
      ITM Evaluation: [1000/6156]  eta: 0:04:17    time: 0.0536  data: 0.0000  max mem: 5880
      ITM Evaluation: [1100/6156]  eta: 0:04:12    time: 0.0479  data: 0.0000  max mem: 5880
      ITM Evaluation: [1200/6156]  eta: 0:04:08    time: 0.0518  data: 0.0000  max mem: 5880
      ITM Evaluation: [1300/6156]  eta: 0:04:03    time: 0.0500  data: 0.0000  max mem: 5880
      ITM Evaluation: [1400/6156]  eta: 0:03:58    time: 0.0538  data: 0.0000  max mem: 5880
      ITM Evaluation: [1500/6156]  eta: 0:03:54    time: 0.0520  data: 0.0000  max mem: 5880
      ITM Evaluation: [1600/6156]  eta: 0:03:49    time: 0.0523  data: 0.0000  max mem: 5880
      ITM Evaluation: [1700/6156]  eta: 0:03:44    time: 0.0531  data: 0.0000  max mem: 5880
      ITM Evaluation: [1800/6156]  eta: 0:03:39    time: 0.0524  data: 0.0000  max mem: 5880
      ITM Evaluation: [1900/6156]  eta: 0:03:34    time: 0.0527  data: 0.0000  max mem: 5880
      ITM Evaluation: [2000/6156]  eta: 0:03:29    time: 0.0528  data: 0.0000  max mem: 5880
      ITM Evaluation: [2100/6156]  eta: 0:03:24    time: 0.0525  data: 0.0000  max mem: 5880
      ITM Evaluation: [2200/6156]  eta: 0:03:19    time: 0.0536  data: 0.0000  max mem: 5880
      ITM Evaluation: [2300/6156]  eta: 0:03:14    time: 0.0515  data: 0.0000  max mem: 5880
      ITM Evaluation: [2400/6156]  eta: 0:03:09    time: 0.0494  data: 0.0000  max mem: 5880
      ITM Evaluation: [2500/6156]  eta: 0:03:04    time: 0.0468  data: 0.0000  max mem: 5880
      ITM Evaluation: [2600/6156]  eta: 0:02:59    time: 0.0522  data: 0.0000  max mem: 5880
      ITM Evaluation: [2700/6156]  eta: 0:02:54    time: 0.0517  data: 0.0000  max mem: 5880
      ITM Evaluation: [2800/6156]  eta: 0:02:49    time: 0.0536  data: 0.0000  max mem: 5880
      ITM Evaluation: [2900/6156]  eta: 0:02:44    time: 0.0522  data: 0.0000  max mem: 5880
      ITM Evaluation: [3000/6156]  eta: 0:02:39    time: 0.0533  data: 0.0000  max mem: 5880
      ITM Evaluation: [3100/6156]  eta: 0:02:34    time: 0.0448  data: 0.0000  max mem: 5880
      ITM Evaluation: [3200/6156]  eta: 0:02:29    time: 0.0529  data: 0.0000  max mem: 5880
      ITM Evaluation: [3300/6156]  eta: 0:02:24    time: 0.0533  data: 0.0000  max mem: 5880
      ITM Evaluation: [3400/6156]  eta: 0:02:19    time: 0.0489  data: 0.0000  max mem: 5880
      ITM Evaluation: [3500/6156]  eta: 0:02:14    time: 0.0549  data: 0.0000  max mem: 5880
      ITM Evaluation: [3600/6156]  eta: 0:02:09    time: 0.0543  data: 0.0000  max mem: 5880
      ITM Evaluation: [3700/6156]  eta: 0:02:03    time: 0.0535  data: 0.0000  max mem: 5880
      ITM Evaluation: [3800/6156]  eta: 0:01:58    time: 0.0522  data: 0.0000  max mem: 5880
      ITM Evaluation: [3900/6156]  eta: 0:01:53    time: 0.0432  data: 0.0000  max mem: 5880
      ITM Evaluation: [4000/6156]  eta: 0:01:48    time: 0.0524  data: 0.0000  max mem: 5880
      ITM Evaluation: [4100/6156]  eta: 0:01:43    time: 0.0485  data: 0.0000  max mem: 5880
      ITM Evaluation: [4200/6156]  eta: 0:01:38    time: 0.0523  data: 0.0000  max mem: 5880
      ITM Evaluation: [4300/6156]  eta: 0:01:33    time: 0.0461  data: 0.0000  max mem: 5880
      ITM Evaluation: [4400/6156]  eta: 0:01:28    time: 0.0450  data: 0.0000  max mem: 5880
      ITM Evaluation: [4500/6156]  eta: 0:01:23    time: 0.0523  data: 0.0000  max mem: 5880
      ITM Evaluation: [4600/6156]  eta: 0:01:18    time: 0.0445  data: 0.0000  max mem: 5880
      ITM Evaluation: [4700/6156]  eta: 0:01:13    time: 0.0539  data: 0.0000  max mem: 5880
      ITM Evaluation: [4800/6156]  eta: 0:01:08    time: 0.0524  data: 0.0000  max mem: 5880
      ITM Evaluation: [4900/6156]  eta: 0:01:03    time: 0.0527  data: 0.0000  max mem: 5880
      ITM Evaluation: [5000/6156]  eta: 0:00:58    time: 0.0535  data: 0.0000  max mem: 5880
      ITM Evaluation: [5100/6156]  eta: 0:00:53    time: 0.0526  data: 0.0000  max mem: 5880
      ITM Evaluation: [5200/6156]  eta: 0:00:48    time: 0.0452  data: 0.0000  max mem: 5880
      ITM Evaluation: [5300/6156]  eta: 0:00:43    time: 0.0491  data: 0.0000  max mem: 5880
      ITM Evaluation: [5400/6156]  eta: 0:00:38    time: 0.0514  data: 0.0000  max mem: 5880
      ITM Evaluation: [5500/6156]  eta: 0:00:33    time: 0.0426  data: 0.0000  max mem: 5880
      ITM Evaluation: [5600/6156]  eta: 0:00:28    time: 0.0521  data: 0.0000  max mem: 5880
      ITM Evaluation: [5700/6156]  eta: 0:00:23    time: 0.0439  data: 0.0000  max mem: 5880
      ITM Evaluation: [5800/6156]  eta: 0:00:17    time: 0.0529  data: 0.0000  max mem: 5880
      ITM Evaluation: [5900/6156]  eta: 0:00:12    time: 0.0433  data: 0.0000  max mem: 5880
      ITM Evaluation: [6000/6156]  eta: 0:00:07    time: 0.0513  data: 0.0000  max mem: 5880
      ITM Evaluation: [6100/6156]  eta: 0:00:02    time: 0.0546  data: 0.0000  max mem: 5880
      ITM Evaluation: [6155/6156]  eta: 0:00:00    time: 0.0469  data: 0.0000  max mem: 5880
      ITM Evaluation: Total time: 0:05:10 (0.0505 s / it)
     total_time 310.8196406364441
     Computing matching score time 0:05:10
### TTA ITM Score: 
+-------+--------+--------+--------+--------+--------+
| epoch |   R1   |   R5   |  R10   |  mAP   |  mINP  |
+-------+--------+--------+--------+--------+--------+
|  -999 | 70.760 | 87.378 | 92.268 | 63.849 | 48.174 |
|  -999 | 76.170 | 89.457 | 93.600 | 65.570 | 47.372 |
|   0   | 65.335 | 88.109 | 92.771 | 60.199 | 43.479 |
|   1   | 63.207 | 87.833 | 93.047 | 59.105 | 43.215 |
|   2   | 59.860 | 87.281 | 92.755 | 57.159 | 41.659 |
+-------+--------+--------+--------+--------+--------+
     logs:  {'epo': 2, 'R1': 59.86, 'R5': 87.281, 'R10': 92.755, 'mAP': 57.159, 'mINP': 41.659, 'lr': 9.2e-05, 'entropy': 0.231742, 'loss': 2.779589}
      TTA Epoch: [3] [  0/384]  eta: 0:03:06  lr: 0.000091  entropy: 0.1996  loss: 2.7678  time: 0.4862  data: 0.3803  max mem: 5880
      TTA Epoch: [3] [100/384]  eta: 0:00:22  lr: 0.000090  entropy: 0.1051  loss: 2.7320  time: 0.0640  data: 0.0001  max mem: 5880
      TTA Epoch: [3] [200/384]  eta: 0:00:14  lr: 0.000089  entropy: 0.4480  loss: 2.8600  time: 0.0835  data: 0.0001  max mem: 5880
      TTA Epoch: [3] [300/384]  eta: 0:00:06  lr: 0.000088  entropy: 0.1922  loss: 2.7642  time: 0.0720  data: 0.0001  max mem: 5880
      TTA Epoch: [3] [383/384]  eta: 0:00:00  lr: 0.000087  entropy: 0.1178  loss: 2.7373  time: 0.0674  data: 0.0001  max mem: 5880
      TTA Epoch: [3] Total time: 0:00:29 (0.0769 s / it)
     Averaged stats: lr: 0.0001  entropy: 0.2301  loss: 2.7790
     itm tta time 0:00:29
     Computing matching score
      ITM Evaluation: [   0/6156]  eta: 0:06:34    time: 0.0641  data: 0.0089  max mem: 5880
      ITM Evaluation: [ 100/6156]  eta: 0:05:06    time: 0.0525  data: 0.0000  max mem: 5880
      ITM Evaluation: [ 200/6156]  eta: 0:04:55    time: 0.0517  data: 0.0000  max mem: 5880
      ITM Evaluation: [ 300/6156]  eta: 0:04:52    time: 0.0526  data: 0.0000  max mem: 5880
      ITM Evaluation: [ 400/6156]  eta: 0:04:47    time: 0.0441  data: 0.0000  max mem: 5880
      ITM Evaluation: [ 500/6156]  eta: 0:04:42    time: 0.0510  data: 0.0000  max mem: 5880
      ITM Evaluation: [ 600/6156]  eta: 0:04:37    time: 0.0477  data: 0.0000  max mem: 5880
      ITM Evaluation: [ 700/6156]  eta: 0:04:32    time: 0.0522  data: 0.0000  max mem: 5880
      ITM Evaluation: [ 800/6156]  eta: 0:04:27    time: 0.0474  data: 0.0000  max mem: 5880
      ITM Evaluation: [ 900/6156]  eta: 0:04:23    time: 0.0538  data: 0.0000  max mem: 5880
      ITM Evaluation: [1000/6156]  eta: 0:04:18    time: 0.0526  data: 0.0000  max mem: 5880
      ITM Evaluation: [1100/6156]  eta: 0:04:14    time: 0.0522  data: 0.0000  max mem: 5880
      ITM Evaluation: [1200/6156]  eta: 0:04:09    time: 0.0543  data: 0.0000  max mem: 5880
      ITM Evaluation: [1300/6156]  eta: 0:04:04    time: 0.0521  data: 0.0000  max mem: 5880
      ITM Evaluation: [1400/6156]  eta: 0:03:59    time: 0.0476  data: 0.0000  max mem: 5880
      ITM Evaluation: [1500/6156]  eta: 0:03:54    time: 0.0524  data: 0.0000  max mem: 5880
      ITM Evaluation: [1600/6156]  eta: 0:03:49    time: 0.0524  data: 0.0000  max mem: 5880
      ITM Evaluation: [1700/6156]  eta: 0:03:44    time: 0.0545  data: 0.0000  max mem: 5880
      ITM Evaluation: [1800/6156]  eta: 0:03:38    time: 0.0425  data: 0.0000  max mem: 5880
      ITM Evaluation: [1900/6156]  eta: 0:03:34    time: 0.0523  data: 0.0000  max mem: 5880
      ITM Evaluation: [2000/6156]  eta: 0:03:28    time: 0.0501  data: 0.0000  max mem: 5880
      ITM Evaluation: [2100/6156]  eta: 0:03:23    time: 0.0531  data: 0.0000  max mem: 5880
      ITM Evaluation: [2200/6156]  eta: 0:03:18    time: 0.0528  data: 0.0000  max mem: 5880
      ITM Evaluation: [2300/6156]  eta: 0:03:13    time: 0.0488  data: 0.0000  max mem: 5880
      ITM Evaluation: [2400/6156]  eta: 0:03:08    time: 0.0527  data: 0.0000  max mem: 5880
      ITM Evaluation: [2500/6156]  eta: 0:03:03    time: 0.0410  data: 0.0000  max mem: 5880
      ITM Evaluation: [2600/6156]  eta: 0:02:58    time: 0.0537  data: 0.0000  max mem: 5880
      ITM Evaluation: [2700/6156]  eta: 0:02:53    time: 0.0466  data: 0.0000  max mem: 5880
      ITM Evaluation: [2800/6156]  eta: 0:02:48    time: 0.0518  data: 0.0000  max mem: 5880
      ITM Evaluation: [2900/6156]  eta: 0:02:43    time: 0.0473  data: 0.0000  max mem: 5880
      ITM Evaluation: [3000/6156]  eta: 0:02:38    time: 0.0527  data: 0.0000  max mem: 5880
      ITM Evaluation: [3100/6156]  eta: 0:02:34    time: 0.0529  data: 0.0000  max mem: 5880
      ITM Evaluation: [3200/6156]  eta: 0:02:29    time: 0.0526  data: 0.0000  max mem: 5880
      ITM Evaluation: [3300/6156]  eta: 0:02:24    time: 0.0523  data: 0.0000  max mem: 5880
      ITM Evaluation: [3400/6156]  eta: 0:02:18    time: 0.0414  data: 0.0000  max mem: 5880
      ITM Evaluation: [3500/6156]  eta: 0:02:13    time: 0.0538  data: 0.0000  max mem: 5880
      ITM Evaluation: [3600/6156]  eta: 0:02:08    time: 0.0449  data: 0.0000  max mem: 5880
      ITM Evaluation: [3700/6156]  eta: 0:02:03    time: 0.0517  data: 0.0000  max mem: 5880
      ITM Evaluation: [3800/6156]  eta: 0:01:58    time: 0.0524  data: 0.0000  max mem: 5880
      ITM Evaluation: [3900/6156]  eta: 0:01:53    time: 0.0538  data: 0.0000  max mem: 5880
      ITM Evaluation: [4000/6156]  eta: 0:01:48    time: 0.0470  data: 0.0000  max mem: 5880
      ITM Evaluation: [4100/6156]  eta: 0:01:43    time: 0.0517  data: 0.0000  max mem: 5880
      ITM Evaluation: [4200/6156]  eta: 0:01:38    time: 0.0538  data: 0.0000  max mem: 5880
      ITM Evaluation: [4300/6156]  eta: 0:01:33    time: 0.0516  data: 0.0000  max mem: 5880
      ITM Evaluation: [4400/6156]  eta: 0:01:28    time: 0.0508  data: 0.0000  max mem: 5880
      ITM Evaluation: [4500/6156]  eta: 0:01:23    time: 0.0514  data: 0.0000  max mem: 5880
      ITM Evaluation: [4600/6156]  eta: 0:01:18    time: 0.0534  data: 0.0000  max mem: 5880
      ITM Evaluation: [4700/6156]  eta: 0:01:13    time: 0.0427  data: 0.0000  max mem: 5880
      ITM Evaluation: [4800/6156]  eta: 0:01:08    time: 0.0520  data: 0.0000  max mem: 5880
      ITM Evaluation: [4900/6156]  eta: 0:01:03    time: 0.0527  data: 0.0000  max mem: 5880
      ITM Evaluation: [5000/6156]  eta: 0:00:58    time: 0.0467  data: 0.0000  max mem: 5880
      ITM Evaluation: [5100/6156]  eta: 0:00:53    time: 0.0526  data: 0.0000  max mem: 5880
      ITM Evaluation: [5200/6156]  eta: 0:00:48    time: 0.0431  data: 0.0000  max mem: 5880
      ITM Evaluation: [5300/6156]  eta: 0:00:43    time: 0.0530  data: 0.0000  max mem: 5880
      ITM Evaluation: [5400/6156]  eta: 0:00:38    time: 0.0447  data: 0.0000  max mem: 5880
      ITM Evaluation: [5500/6156]  eta: 0:00:33    time: 0.0533  data: 0.0000  max mem: 5880
      ITM Evaluation: [5600/6156]  eta: 0:00:28    time: 0.0458  data: 0.0000  max mem: 5880
      ITM Evaluation: [5700/6156]  eta: 0:00:23    time: 0.0538  data: 0.0000  max mem: 5880
      ITM Evaluation: [5800/6156]  eta: 0:00:17    time: 0.0540  data: 0.0000  max mem: 5880
      ITM Evaluation: [5900/6156]  eta: 0:00:12    time: 0.0482  data: 0.0000  max mem: 5880
      ITM Evaluation: [6000/6156]  eta: 0:00:07    time: 0.0532  data: 0.0000  max mem: 5880
      ITM Evaluation: [6100/6156]  eta: 0:00:02    time: 0.0450  data: 0.0000  max mem: 5880
      ITM Evaluation: [6155/6156]  eta: 0:00:00    time: 0.0499  data: 0.0000  max mem: 5880
      ITM Evaluation: Total time: 0:05:11 (0.0506 s / it)
     total_time 311.39078879356384
     Computing matching score time 0:05:11
### TTA ITM Score: 
+-------+--------+--------+--------+--------+--------+
| epoch |   R1   |   R5   |  R10   |  mAP   |  mINP  |
+-------+--------+--------+--------+--------+--------+
|  -999 | 70.760 | 87.378 | 92.268 | 63.849 | 48.174 |
|  -999 | 76.170 | 89.457 | 93.600 | 65.570 | 47.372 |
|   0   | 65.335 | 88.109 | 92.771 | 60.199 | 43.479 |
|   1   | 63.207 | 87.833 | 93.047 | 59.105 | 43.215 |
|   2   | 59.860 | 87.281 | 92.755 | 57.159 | 41.659 |
|   3   | 58.203 | 87.070 | 92.771 | 56.083 | 41.013 |
+-------+--------+--------+--------+--------+--------+
     logs:  {'epo': 3, 'R1': 58.203, 'R5': 87.07, 'R10': 92.771, 'mAP': 56.083, 'mINP': 41.013, 'lr': 8.9e-05, 'entropy': 0.230137, 'loss': 2.778994}
      TTA Epoch: [4] [  0/384]  eta: 0:03:13  lr: 0.000087  entropy: 0.1426  loss: 2.7464  time: 0.5035  data: 0.3846  max mem: 5880
      TTA Epoch: [4] [100/384]  eta: 0:00:23  lr: 0.000087  entropy: 0.1601  loss: 2.7530  time: 0.0813  data: 0.0001  max mem: 5880
      TTA Epoch: [4] [200/384]  eta: 0:00:14  lr: 0.000086  entropy: 0.3209  loss: 2.8124  time: 0.0710  data: 0.0008  max mem: 5880
      TTA Epoch: [4] [300/384]  eta: 0:00:06  lr: 0.000085  entropy: 0.2189  loss: 2.7748  time: 0.0801  data: 0.0001  max mem: 5880
      TTA Epoch: [4] [383/384]  eta: 0:00:00  lr: 0.000084  entropy: 0.1634  loss: 2.7539  time: 0.0763  data: 0.0001  max mem: 5880
      TTA Epoch: [4] Total time: 0:00:29 (0.0780 s / it)
     Averaged stats: lr: 0.0001  entropy: 0.2225  loss: 2.7761
     itm tta time 0:00:30
     Computing matching score
      ITM Evaluation: [   0/6156]  eta: 0:06:24    time: 0.0625  data: 0.0060  max mem: 5880
      ITM Evaluation: [ 100/6156]  eta: 0:05:12    time: 0.0560  data: 0.0000  max mem: 5880
      ITM Evaluation: [ 200/6156]  eta: 0:05:08    time: 0.0533  data: 0.0000  max mem: 5880
      ITM Evaluation: [ 300/6156]  eta: 0:05:02    time: 0.0536  data: 0.0000  max mem: 5880
      ITM Evaluation: [ 400/6156]  eta: 0:04:59    time: 0.0537  data: 0.0000  max mem: 5880
      ITM Evaluation: [ 500/6156]  eta: 0:04:52    time: 0.0537  data: 0.0000  max mem: 5880
      ITM Evaluation: [ 600/6156]  eta: 0:04:47    time: 0.0540  data: 0.0000  max mem: 5880
      ITM Evaluation: [ 700/6156]  eta: 0:04:41    time: 0.0547  data: 0.0000  max mem: 5880
      ITM Evaluation: [ 800/6156]  eta: 0:04:35    time: 0.0485  data: 0.0000  max mem: 5880
      ITM Evaluation: [ 900/6156]  eta: 0:04:30    time: 0.0547  data: 0.0000  max mem: 5880
      ITM Evaluation: [1000/6156]  eta: 0:04:25    time: 0.0537  data: 0.0000  max mem: 5880
      ITM Evaluation: [1100/6156]  eta: 0:04:20    time: 0.0538  data: 0.0000  max mem: 5880
      ITM Evaluation: [1200/6156]  eta: 0:04:15    time: 0.0531  data: 0.0000  max mem: 5880
      ITM Evaluation: [1300/6156]  eta: 0:04:10    time: 0.0547  data: 0.0000  max mem: 5880
      ITM Evaluation: [1400/6156]  eta: 0:04:05    time: 0.0502  data: 0.0000  max mem: 5880
      ITM Evaluation: [1500/6156]  eta: 0:04:01    time: 0.0547  data: 0.0000  max mem: 5880
      ITM Evaluation: [1600/6156]  eta: 0:03:55    time: 0.0461  data: 0.0000  max mem: 5880
      ITM Evaluation: [1700/6156]  eta: 0:03:50    time: 0.0541  data: 0.0000  max mem: 5880
      ITM Evaluation: [1800/6156]  eta: 0:03:45    time: 0.0529  data: 0.0000  max mem: 5880
      ITM Evaluation: [1900/6156]  eta: 0:03:40    time: 0.0538  data: 0.0000  max mem: 5880
      ITM Evaluation: [2000/6156]  eta: 0:03:35    time: 0.0530  data: 0.0000  max mem: 5880
      ITM Evaluation: [2100/6156]  eta: 0:03:29    time: 0.0559  data: 0.0000  max mem: 5880
      ITM Evaluation: [2200/6156]  eta: 0:03:24    time: 0.0541  data: 0.0000  max mem: 5880
      ITM Evaluation: [2300/6156]  eta: 0:03:19    time: 0.0464  data: 0.0000  max mem: 5880
      ITM Evaluation: [2400/6156]  eta: 0:03:14    time: 0.0543  data: 0.0000  max mem: 5880
      ITM Evaluation: [2500/6156]  eta: 0:03:09    time: 0.0529  data: 0.0000  max mem: 5880
      ITM Evaluation: [2600/6156]  eta: 0:03:04    time: 0.0539  data: 0.0000  max mem: 5880
      ITM Evaluation: [2700/6156]  eta: 0:02:59    time: 0.0562  data: 0.0000  max mem: 5880
      ITM Evaluation: [2800/6156]  eta: 0:02:54    time: 0.0550  data: 0.0000  max mem: 5880
      ITM Evaluation: [2900/6156]  eta: 0:02:49    time: 0.0560  data: 0.0000  max mem: 5880
      ITM Evaluation: [3000/6156]  eta: 0:02:43    time: 0.0533  data: 0.0000  max mem: 5880
      ITM Evaluation: [3100/6156]  eta: 0:02:38    time: 0.0460  data: 0.0000  max mem: 5880
      ITM Evaluation: [3200/6156]  eta: 0:02:33    time: 0.0527  data: 0.0000  max mem: 5880
      ITM Evaluation: [3300/6156]  eta: 0:02:28    time: 0.0428  data: 0.0000  max mem: 5880
      ITM Evaluation: [3400/6156]  eta: 0:02:22    time: 0.0519  data: 0.0000  max mem: 5880
      ITM Evaluation: [3500/6156]  eta: 0:02:17    time: 0.0444  data: 0.0000  max mem: 5880
      ITM Evaluation: [3600/6156]  eta: 0:02:12    time: 0.0529  data: 0.0000  max mem: 5880
      ITM Evaluation: [3700/6156]  eta: 0:02:07    time: 0.0465  data: 0.0000  max mem: 5880
      ITM Evaluation: [3800/6156]  eta: 0:02:02    time: 0.0534  data: 0.0000  max mem: 5880
      ITM Evaluation: [3900/6156]  eta: 0:01:56    time: 0.0545  data: 0.0000  max mem: 5880
      ITM Evaluation: [4000/6156]  eta: 0:01:51    time: 0.0541  data: 0.0000  max mem: 5880
      ITM Evaluation: [4100/6156]  eta: 0:01:46    time: 0.0530  data: 0.0000  max mem: 5880
      ITM Evaluation: [4200/6156]  eta: 0:01:41    time: 0.0550  data: 0.0000  max mem: 5880
      ITM Evaluation: [4300/6156]  eta: 0:01:35    time: 0.0529  data: 0.0000  max mem: 5880
      ITM Evaluation: [4400/6156]  eta: 0:01:30    time: 0.0420  data: 0.0000  max mem: 5880
      ITM Evaluation: [4500/6156]  eta: 0:01:25    time: 0.0523  data: 0.0000  max mem: 5880
      ITM Evaluation: [4600/6156]  eta: 0:01:20    time: 0.0523  data: 0.0000  max mem: 5880
      ITM Evaluation: [4700/6156]  eta: 0:01:15    time: 0.0491  data: 0.0000  max mem: 5880
      ITM Evaluation: [4800/6156]  eta: 0:01:09    time: 0.0531  data: 0.0000  max mem: 5880
      ITM Evaluation: [4900/6156]  eta: 0:01:04    time: 0.0516  data: 0.0000  max mem: 5880
      ITM Evaluation: [5000/6156]  eta: 0:00:59    time: 0.0528  data: 0.0000  max mem: 5880
      ITM Evaluation: [5100/6156]  eta: 0:00:54    time: 0.0462  data: 0.0000  max mem: 5880
      ITM Evaluation: [5200/6156]  eta: 0:00:49    time: 0.0528  data: 0.0000  max mem: 5880
      ITM Evaluation: [5300/6156]  eta: 0:00:44    time: 0.0441  data: 0.0000  max mem: 5880
      ITM Evaluation: [5400/6156]  eta: 0:00:38    time: 0.0522  data: 0.0000  max mem: 5880
      ITM Evaluation: [5500/6156]  eta: 0:00:33    time: 0.0533  data: 0.0000  max mem: 5880
      ITM Evaluation: [5600/6156]  eta: 0:00:28    time: 0.0436  data: 0.0000  max mem: 5880
      ITM Evaluation: [5700/6156]  eta: 0:00:23    time: 0.0533  data: 0.0000  max mem: 5880
      ITM Evaluation: [5800/6156]  eta: 0:00:18    time: 0.0544  data: 0.0000  max mem: 5880
      ITM Evaluation: [5900/6156]  eta: 0:00:13    time: 0.0532  data: 0.0000  max mem: 5880
      ITM Evaluation: [6000/6156]  eta: 0:00:08    time: 0.0532  data: 0.0000  max mem: 5880
      ITM Evaluation: [6100/6156]  eta: 0:00:02    time: 0.0487  data: 0.0000  max mem: 5880
      ITM Evaluation: [6155/6156]  eta: 0:00:00    time: 0.0533  data: 0.0000  max mem: 5880
      ITM Evaluation: Total time: 0:05:16 (0.0514 s / it)
     total_time 316.78889513015747
     Computing matching score time 0:05:16
### TTA ITM Score: 
+-------+--------+--------+--------+--------+--------+
| epoch |   R1   |   R5   |  R10   |  mAP   |  mINP  |
+-------+--------+--------+--------+--------+--------+
|  -999 | 70.760 | 87.378 | 92.268 | 63.849 | 48.174 |
|  -999 | 76.170 | 89.457 | 93.600 | 65.570 | 47.372 |
|   0   | 65.335 | 88.109 | 92.771 | 60.199 | 43.479 |
|   1   | 63.207 | 87.833 | 93.047 | 59.105 | 43.215 |
|   2   | 59.860 | 87.281 | 92.755 | 57.159 | 41.659 |
|   3   | 58.203 | 87.070 | 92.771 | 56.083 | 41.013 |
|   4   | 58.431 | 87.183 | 92.641 | 56.112 | 40.589 |
+-------+--------+--------+--------+--------+--------+
     logs:  {'epo': 4, 'R1': 58.431, 'R5': 87.183, 'R10': 92.641, 'mAP': 56.112, 'mINP': 40.589, 'lr': 8.6e-05, 'entropy': 0.222476, 'loss': 2.77615}
      TTA Epoch: [5] [  0/384]  eta: 0:03:44  lr: 0.000084  entropy: 0.2122  loss: 2.7723  time: 0.5853  data: 0.4315  max mem: 5880
      TTA Epoch: [5] [100/384]  eta: 0:00:23  lr: 0.000083  entropy: 0.1627  loss: 2.7535  time: 0.0826  data: 0.0001  max mem: 5880
      TTA Epoch: [5] [200/384]  eta: 0:00:14  lr: 0.000082  entropy: 0.2278  loss: 2.7784  time: 0.0724  data: 0.0001  max mem: 5880
      TTA Epoch: [5] [300/384]  eta: 0:00:06  lr: 0.000081  entropy: 0.2860  loss: 2.7999  time: 0.0683  data: 0.0001  max mem: 5880
      TTA Epoch: [5] [383/384]  eta: 0:00:00  lr: 0.000081  entropy: 0.1540  loss: 2.7507  time: 0.0705  data: 0.0001  max mem: 5880
      TTA Epoch: [5] Total time: 0:00:30 (0.0784 s / it)
     Averaged stats: lr: 0.0001  entropy: 0.2148  loss: 2.7733
     itm tta time 0:00:30
     Computing matching score
      ITM Evaluation: [   0/6156]  eta: 0:06:00    time: 0.0586  data: 0.0060  max mem: 5880
      ITM Evaluation: [ 100/6156]  eta: 0:05:02    time: 0.0428  data: 0.0000  max mem: 5880
      ITM Evaluation: [ 200/6156]  eta: 0:05:03    time: 0.0534  data: 0.0000  max mem: 5880
      ITM Evaluation: [ 300/6156]  eta: 0:04:57    time: 0.0539  data: 0.0000  max mem: 5880
      ITM Evaluation: [ 400/6156]  eta: 0:04:50    time: 0.0450  data: 0.0000  max mem: 5880
      ITM Evaluation: [ 500/6156]  eta: 0:04:47    time: 0.0523  data: 0.0000  max mem: 5880
      ITM Evaluation: [ 600/6156]  eta: 0:04:42    time: 0.0523  data: 0.0000  max mem: 5880
      ITM Evaluation: [ 700/6156]  eta: 0:04:36    time: 0.0525  data: 0.0000  max mem: 5880
      ITM Evaluation: [ 800/6156]  eta: 0:04:31    time: 0.0524  data: 0.0000  max mem: 5880
      ITM Evaluation: [ 900/6156]  eta: 0:04:26    time: 0.0536  data: 0.0000  max mem: 5880
      ITM Evaluation: [1000/6156]  eta: 0:04:21    time: 0.0528  data: 0.0000  max mem: 5880
      ITM Evaluation: [1100/6156]  eta: 0:04:16    time: 0.0529  data: 0.0000  max mem: 5880
      ITM Evaluation: [1200/6156]  eta: 0:04:11    time: 0.0458  data: 0.0000  max mem: 5880
      ITM Evaluation: [1300/6156]  eta: 0:04:06    time: 0.0522  data: 0.0000  max mem: 5880
      ITM Evaluation: [1400/6156]  eta: 0:04:01    time: 0.0511  data: 0.0000  max mem: 5880
      ITM Evaluation: [1500/6156]  eta: 0:03:56    time: 0.0414  data: 0.0000  max mem: 5880
      ITM Evaluation: [1600/6156]  eta: 0:03:51    time: 0.0521  data: 0.0000  max mem: 5880
      ITM Evaluation: [1700/6156]  eta: 0:03:46    time: 0.0534  data: 0.0000  max mem: 5880
      ITM Evaluation: [1800/6156]  eta: 0:03:40    time: 0.0419  data: 0.0000  max mem: 5880
      ITM Evaluation: [1900/6156]  eta: 0:03:35    time: 0.0530  data: 0.0000  max mem: 5880
      ITM Evaluation: [2000/6156]  eta: 0:03:30    time: 0.0508  data: 0.0000  max mem: 5880
      ITM Evaluation: [2100/6156]  eta: 0:03:25    time: 0.0531  data: 0.0000  max mem: 5880
      ITM Evaluation: [2200/6156]  eta: 0:03:20    time: 0.0448  data: 0.0000  max mem: 5880
      ITM Evaluation: [2300/6156]  eta: 0:03:15    time: 0.0523  data: 0.0000  max mem: 5880
      ITM Evaluation: [2400/6156]  eta: 0:03:10    time: 0.0476  data: 0.0000  max mem: 5880
      ITM Evaluation: [2500/6156]  eta: 0:03:05    time: 0.0476  data: 0.0000  max mem: 5880
      ITM Evaluation: [2600/6156]  eta: 0:03:00    time: 0.0525  data: 0.0000  max mem: 5880
      ITM Evaluation: [2700/6156]  eta: 0:02:55    time: 0.0525  data: 0.0000  max mem: 5880
      ITM Evaluation: [2800/6156]  eta: 0:02:50    time: 0.0452  data: 0.0000  max mem: 5880
      ITM Evaluation: [2900/6156]  eta: 0:02:45    time: 0.0535  data: 0.0000  max mem: 5880
      ITM Evaluation: [3000/6156]  eta: 0:02:40    time: 0.0461  data: 0.0000  max mem: 5880
      ITM Evaluation: [3100/6156]  eta: 0:02:35    time: 0.0524  data: 0.0000  max mem: 5880
      ITM Evaluation: [3200/6156]  eta: 0:02:30    time: 0.0539  data: 0.0000  max mem: 5880
      ITM Evaluation: [3300/6156]  eta: 0:02:25    time: 0.0521  data: 0.0000  max mem: 5880
      ITM Evaluation: [3400/6156]  eta: 0:02:20    time: 0.0441  data: 0.0000  max mem: 5880
      ITM Evaluation: [3500/6156]  eta: 0:02:15    time: 0.0530  data: 0.0000  max mem: 5880
      ITM Evaluation: [3600/6156]  eta: 0:02:09    time: 0.0527  data: 0.0000  max mem: 5880
      ITM Evaluation: [3700/6156]  eta: 0:02:04    time: 0.0541  data: 0.0000  max mem: 5880
      ITM Evaluation: [3800/6156]  eta: 0:01:59    time: 0.0523  data: 0.0000  max mem: 5880
      ITM Evaluation: [3900/6156]  eta: 0:01:54    time: 0.0529  data: 0.0000  max mem: 5880
      ITM Evaluation: [4000/6156]  eta: 0:01:49    time: 0.0515  data: 0.0000  max mem: 5880
      ITM Evaluation: [4100/6156]  eta: 0:01:44    time: 0.0471  data: 0.0000  max mem: 5880
      ITM Evaluation: [4200/6156]  eta: 0:01:39    time: 0.0451  data: 0.0000  max mem: 5880
      ITM Evaluation: [4300/6156]  eta: 0:01:34    time: 0.0525  data: 0.0000  max mem: 5880
      ITM Evaluation: [4400/6156]  eta: 0:01:29    time: 0.0536  data: 0.0000  max mem: 5880
      ITM Evaluation: [4500/6156]  eta: 0:01:24    time: 0.0535  data: 0.0000  max mem: 5880
      ITM Evaluation: [4600/6156]  eta: 0:01:19    time: 0.0469  data: 0.0000  max mem: 5880
      ITM Evaluation: [4700/6156]  eta: 0:01:13    time: 0.0524  data: 0.0000  max mem: 5880
      ITM Evaluation: [4800/6156]  eta: 0:01:08    time: 0.0466  data: 0.0000  max mem: 5880
      ITM Evaluation: [4900/6156]  eta: 0:01:03    time: 0.0521  data: 0.0000  max mem: 5880
      ITM Evaluation: [5000/6156]  eta: 0:00:58    time: 0.0530  data: 0.0000  max mem: 5880
      ITM Evaluation: [5100/6156]  eta: 0:00:53    time: 0.0441  data: 0.0000  max mem: 5880
      ITM Evaluation: [5200/6156]  eta: 0:00:48    time: 0.0525  data: 0.0000  max mem: 5880
      ITM Evaluation: [5300/6156]  eta: 0:00:43    time: 0.0455  data: 0.0000  max mem: 5880
      ITM Evaluation: [5400/6156]  eta: 0:00:38    time: 0.0543  data: 0.0000  max mem: 5880
      ITM Evaluation: [5500/6156]  eta: 0:00:33    time: 0.0528  data: 0.0000  max mem: 5880
      ITM Evaluation: [5600/6156]  eta: 0:00:28    time: 0.0482  data: 0.0000  max mem: 5880
      ITM Evaluation: [5700/6156]  eta: 0:00:23    time: 0.0510  data: 0.0000  max mem: 5880
      ITM Evaluation: [5800/6156]  eta: 0:00:18    time: 0.0507  data: 0.0000  max mem: 5880
      ITM Evaluation: [5900/6156]  eta: 0:00:12    time: 0.0490  data: 0.0000  max mem: 5880
      ITM Evaluation: [6000/6156]  eta: 0:00:07    time: 0.0517  data: 0.0000  max mem: 5880
      ITM Evaluation: [6100/6156]  eta: 0:00:02    time: 0.0521  data: 0.0000  max mem: 5880
      ITM Evaluation: [6155/6156]  eta: 0:00:00    time: 0.0532  data: 0.0000  max mem: 5880
      ITM Evaluation: Total time: 0:05:11 (0.0507 s / it)
     total_time 311.9317135810852
     Computing matching score time 0:05:11
### TTA ITM Score: 
+-------+--------+--------+--------+--------+--------+
| epoch |   R1   |   R5   |  R10   |  mAP   |  mINP  |
+-------+--------+--------+--------+--------+--------+
|  -999 | 70.760 | 87.378 | 92.268 | 63.849 | 48.174 |
|  -999 | 76.170 | 89.457 | 93.600 | 65.570 | 47.372 |
|   0   | 65.335 | 88.109 | 92.771 | 60.199 | 43.479 |
|   1   | 63.207 | 87.833 | 93.047 | 59.105 | 43.215 |
|   2   | 59.860 | 87.281 | 92.755 | 57.159 | 41.659 |
|   3   | 58.203 | 87.070 | 92.771 | 56.083 | 41.013 |
|   4   | 58.431 | 87.183 | 92.641 | 56.112 | 40.589 |
|   5   | 60.315 | 87.411 | 92.723 | 57.092 | 41.225 |
+-------+--------+--------+--------+--------+--------+
     logs:  {'epo': 5, 'R1': 60.315, 'R5': 87.411, 'R10': 92.723, 'mAP': 57.092, 'mINP': 41.225, 'lr': 8.2e-05, 'entropy': 0.214783, 'loss': 2.773293}
      TTA Epoch: [6] [  0/384]  eta: 0:03:33  lr: 0.000081  entropy: 0.2881  loss: 2.8003  time: 0.5553  data: 0.4225  max mem: 5880
      TTA Epoch: [6] [100/384]  eta: 0:00:22  lr: 0.000080  entropy: 0.0799  loss: 2.7229  time: 0.0713  data: 0.0001  max mem: 5880
      TTA Epoch: [6] [200/384]  eta: 0:00:14  lr: 0.000079  entropy: 0.2839  loss: 2.7991  time: 0.0756  data: 0.0001  max mem: 5880
      TTA Epoch: [6] [300/384]  eta: 0:00:06  lr: 0.000078  entropy: 0.2162  loss: 2.7739  time: 0.0715  data: 0.0001  max mem: 5880
      TTA Epoch: [6] [383/384]  eta: 0:00:00  lr: 0.000077  entropy: 0.3155  loss: 2.8110  time: 0.0680  data: 0.0001  max mem: 5880
      TTA Epoch: [6] Total time: 0:00:29 (0.0766 s / it)
     Averaged stats: lr: 0.0001  entropy: 0.2019  loss: 2.7685
     itm tta time 0:00:29
     Computing matching score
      ITM Evaluation: [   0/6156]  eta: 0:06:11    time: 0.0604  data: 0.0060  max mem: 5880
      ITM Evaluation: [ 100/6156]  eta: 0:05:00    time: 0.0437  data: 0.0000  max mem: 5880
      ITM Evaluation: [ 200/6156]  eta: 0:04:58    time: 0.0519  data: 0.0000  max mem: 5880
      ITM Evaluation: [ 300/6156]  eta: 0:04:52    time: 0.0522  data: 0.0000  max mem: 5880
      ITM Evaluation: [ 400/6156]  eta: 0:04:48    time: 0.0528  data: 0.0000  max mem: 5880
      ITM Evaluation: [ 500/6156]  eta: 0:04:42    time: 0.0442  data: 0.0000  max mem: 5880
      ITM Evaluation: [ 600/6156]  eta: 0:04:38    time: 0.0521  data: 0.0000  max mem: 5880
      ITM Evaluation: [ 700/6156]  eta: 0:04:32    time: 0.0553  data: 0.0000  max mem: 5880
      ITM Evaluation: [ 800/6156]  eta: 0:04:27    time: 0.0466  data: 0.0000  max mem: 5880
      ITM Evaluation: [ 900/6156]  eta: 0:04:22    time: 0.0520  data: 0.0000  max mem: 5880
      ITM Evaluation: [1000/6156]  eta: 0:04:18    time: 0.0527  data: 0.0000  max mem: 5880
      ITM Evaluation: [1100/6156]  eta: 0:04:13    time: 0.0525  data: 0.0000  max mem: 5880
      ITM Evaluation: [1200/6156]  eta: 0:04:08    time: 0.0472  data: 0.0000  max mem: 5880
      ITM Evaluation: [1300/6156]  eta: 0:04:03    time: 0.0513  data: 0.0000  max mem: 5880
      ITM Evaluation: [1400/6156]  eta: 0:03:58    time: 0.0529  data: 0.0000  max mem: 5880
      ITM Evaluation: [1500/6156]  eta: 0:03:53    time: 0.0485  data: 0.0000  max mem: 5880
      ITM Evaluation: [1600/6156]  eta: 0:03:48    time: 0.0450  data: 0.0000  max mem: 5880
      ITM Evaluation: [1700/6156]  eta: 0:03:43    time: 0.0460  data: 0.0000  max mem: 5880
      ITM Evaluation: [1800/6156]  eta: 0:03:38    time: 0.0528  data: 0.0000  max mem: 5880
      ITM Evaluation: [1900/6156]  eta: 0:03:33    time: 0.0467  data: 0.0000  max mem: 5880
      ITM Evaluation: [2000/6156]  eta: 0:03:28    time: 0.0513  data: 0.0000  max mem: 5880
      ITM Evaluation: [2100/6156]  eta: 0:03:23    time: 0.0528  data: 0.0000  max mem: 5880
      ITM Evaluation: [2200/6156]  eta: 0:03:18    time: 0.0522  data: 0.0000  max mem: 5880
      ITM Evaluation: [2300/6156]  eta: 0:03:13    time: 0.0525  data: 0.0000  max mem: 5880
      ITM Evaluation: [2400/6156]  eta: 0:03:08    time: 0.0524  data: 0.0000  max mem: 5880
      ITM Evaluation: [2500/6156]  eta: 0:03:04    time: 0.0521  data: 0.0000  max mem: 5880
      ITM Evaluation: [2600/6156]  eta: 0:02:59    time: 0.0525  data: 0.0000  max mem: 5880
      ITM Evaluation: [2700/6156]  eta: 0:02:53    time: 0.0516  data: 0.0000  max mem: 5880
      ITM Evaluation: [2800/6156]  eta: 0:02:48    time: 0.0530  data: 0.0000  max mem: 5880
      ITM Evaluation: [2900/6156]  eta: 0:02:44    time: 0.0531  data: 0.0000  max mem: 5880
      ITM Evaluation: [3000/6156]  eta: 0:02:39    time: 0.0485  data: 0.0000  max mem: 5880
      ITM Evaluation: [3100/6156]  eta: 0:02:34    time: 0.0524  data: 0.0000  max mem: 5880
      ITM Evaluation: [3200/6156]  eta: 0:02:28    time: 0.0519  data: 0.0000  max mem: 5880
      ITM Evaluation: [3300/6156]  eta: 0:02:23    time: 0.0518  data: 0.0000  max mem: 5880
      ITM Evaluation: [3400/6156]  eta: 0:02:18    time: 0.0529  data: 0.0000  max mem: 5880
      ITM Evaluation: [3500/6156]  eta: 0:02:13    time: 0.0468  data: 0.0000  max mem: 5880
      ITM Evaluation: [3600/6156]  eta: 0:02:08    time: 0.0516  data: 0.0000  max mem: 5880
      ITM Evaluation: [3700/6156]  eta: 0:02:03    time: 0.0515  data: 0.0000  max mem: 5880
      ITM Evaluation: [3800/6156]  eta: 0:01:58    time: 0.0420  data: 0.0000  max mem: 5880
      ITM Evaluation: [3900/6156]  eta: 0:01:53    time: 0.0521  data: 0.0000  max mem: 5880
      ITM Evaluation: [4000/6156]  eta: 0:01:48    time: 0.0508  data: 0.0000  max mem: 5880
      ITM Evaluation: [4100/6156]  eta: 0:01:43    time: 0.0521  data: 0.0000  max mem: 5880
      ITM Evaluation: [4200/6156]  eta: 0:01:38    time: 0.0550  data: 0.0000  max mem: 5880
      ITM Evaluation: [4300/6156]  eta: 0:01:33    time: 0.0522  data: 0.0000  max mem: 5880
      ITM Evaluation: [4400/6156]  eta: 0:01:28    time: 0.0535  data: 0.0000  max mem: 5880
      ITM Evaluation: [4500/6156]  eta: 0:01:23    time: 0.0529  data: 0.0000  max mem: 5880
      ITM Evaluation: [4600/6156]  eta: 0:01:18    time: 0.0480  data: 0.0000  max mem: 5880
      ITM Evaluation: [4700/6156]  eta: 0:01:13    time: 0.0504  data: 0.0000  max mem: 5880
      ITM Evaluation: [4800/6156]  eta: 0:01:08    time: 0.0524  data: 0.0000  max mem: 5880
      ITM Evaluation: [4900/6156]  eta: 0:01:03    time: 0.0466  data: 0.0000  max mem: 5880
      ITM Evaluation: [5000/6156]  eta: 0:00:58    time: 0.0542  data: 0.0000  max mem: 5880
      ITM Evaluation: [5100/6156]  eta: 0:00:53    time: 0.0465  data: 0.0000  max mem: 5880
      ITM Evaluation: [5200/6156]  eta: 0:00:48    time: 0.0540  data: 0.0000  max mem: 5880
      ITM Evaluation: [5300/6156]  eta: 0:00:43    time: 0.0525  data: 0.0000  max mem: 5880
      ITM Evaluation: [5400/6156]  eta: 0:00:38    time: 0.0465  data: 0.0000  max mem: 5880
      ITM Evaluation: [5500/6156]  eta: 0:00:33    time: 0.0531  data: 0.0000  max mem: 5880
      ITM Evaluation: [5600/6156]  eta: 0:00:28    time: 0.0534  data: 0.0000  max mem: 5880
      ITM Evaluation: [5700/6156]  eta: 0:00:23    time: 0.0532  data: 0.0000  max mem: 5880
      ITM Evaluation: [5800/6156]  eta: 0:00:18    time: 0.0444  data: 0.0000  max mem: 5880
      ITM Evaluation: [5900/6156]  eta: 0:00:12    time: 0.0538  data: 0.0000  max mem: 5880
      ITM Evaluation: [6000/6156]  eta: 0:00:07    time: 0.0521  data: 0.0000  max mem: 5880
      ITM Evaluation: [6100/6156]  eta: 0:00:02    time: 0.0537  data: 0.0000  max mem: 5880
      ITM Evaluation: [6155/6156]  eta: 0:00:00    time: 0.0467  data: 0.0000  max mem: 5880
      ITM Evaluation: Total time: 0:05:11 (0.0506 s / it)
     total_time 311.78754806518555
     Computing matching score time 0:05:11
### TTA ITM Score: 
+-------+--------+--------+--------+--------+--------+
| epoch |   R1   |   R5   |  R10   |  mAP   |  mINP  |
+-------+--------+--------+--------+--------+--------+
|  -999 | 70.760 | 87.378 | 92.268 | 63.849 | 48.174 |
|  -999 | 76.170 | 89.457 | 93.600 | 65.570 | 47.372 |
|   0   | 65.335 | 88.109 | 92.771 | 60.199 | 43.479 |
|   1   | 63.207 | 87.833 | 93.047 | 59.105 | 43.215 |
|   2   | 59.860 | 87.281 | 92.755 | 57.159 | 41.659 |
|   3   | 58.203 | 87.070 | 92.771 | 56.083 | 41.013 |
|   4   | 58.431 | 87.183 | 92.641 | 56.112 | 40.589 |
|   5   | 60.315 | 87.411 | 92.723 | 57.092 | 41.225 |
|   6   | 58.528 | 87.167 | 92.755 | 56.280 | 40.902 |
+-------+--------+--------+--------+--------+--------+
     logs:  {'epo': 6, 'R1': 58.528, 'R5': 87.167, 'R10': 92.755, 'mAP': 56.28, 'mINP': 40.902, 'lr': 7.9e-05, 'entropy': 0.201947, 'loss': 2.768528}
      TTA Epoch: [7] [  0/384]  eta: 0:03:26  lr: 0.000077  entropy: 0.1105  loss: 2.7344  time: 0.5370  data: 0.3951  max mem: 5880
      TTA Epoch: [7] [100/384]  eta: 0:00:23  lr: 0.000077  entropy: 0.1550  loss: 2.7510  time: 0.0883  data: 0.0002  max mem: 5880
      TTA Epoch: [7] [200/384]  eta: 0:00:14  lr: 0.000076  entropy: 0.1892  loss: 2.7645  time: 0.0785  data: 0.0001  max mem: 5880
      TTA Epoch: [7] [300/384]  eta: 0:00:06  lr: 0.000075  entropy: 0.1038  loss: 2.7322  time: 0.0678  data: 0.0001  max mem: 5880
      TTA Epoch: [7] [383/384]  eta: 0:00:00  lr: 0.000074  entropy: 0.1694  loss: 2.7566  time: 0.0770  data: 0.0001  max mem: 5880
      TTA Epoch: [7] Total time: 0:00:30 (0.0782 s / it)
     Averaged stats: lr: 0.0001  entropy: 0.1998  loss: 2.7677
     itm tta time 0:00:30
     Computing matching score
      ITM Evaluation: [   0/6156]  eta: 0:04:09    time: 0.0405  data: 0.0058  max mem: 5880
      ITM Evaluation: [ 100/6156]  eta: 0:05:14    time: 0.0533  data: 0.0000  max mem: 5880
      ITM Evaluation: [ 200/6156]  eta: 0:05:03    time: 0.0460  data: 0.0000  max mem: 5880
      ITM Evaluation: [ 300/6156]  eta: 0:05:01    time: 0.0539  data: 0.0000  max mem: 5880
      ITM Evaluation: [ 400/6156]  eta: 0:04:56    time: 0.0539  data: 0.0000  max mem: 5880
      ITM Evaluation: [ 500/6156]  eta: 0:04:52    time: 0.0453  data: 0.0000  max mem: 5880
      ITM Evaluation: [ 600/6156]  eta: 0:04:47    time: 0.0533  data: 0.0000  max mem: 5880
      ITM Evaluation: [ 700/6156]  eta: 0:04:42    time: 0.0533  data: 0.0000  max mem: 5880
      ITM Evaluation: [ 800/6156]  eta: 0:04:36    time: 0.0490  data: 0.0000  max mem: 5880
      ITM Evaluation: [ 900/6156]  eta: 0:04:31    time: 0.0533  data: 0.0000  max mem: 5880
      ITM Evaluation: [1000/6156]  eta: 0:04:26    time: 0.0479  data: 0.0000  max mem: 5880
      ITM Evaluation: [1100/6156]  eta: 0:04:21    time: 0.0482  data: 0.0000  max mem: 5880
      ITM Evaluation: [1200/6156]  eta: 0:04:16    time: 0.0522  data: 0.0000  max mem: 5880
      ITM Evaluation: [1300/6156]  eta: 0:04:11    time: 0.0543  data: 0.0000  max mem: 5880
      ITM Evaluation: [1400/6156]  eta: 0:04:05    time: 0.0516  data: 0.0000  max mem: 5880
      ITM Evaluation: [1500/6156]  eta: 0:04:01    time: 0.0543  data: 0.0000  max mem: 5880
      ITM Evaluation: [1600/6156]  eta: 0:03:56    time: 0.0489  data: 0.0000  max mem: 5880
      ITM Evaluation: [1700/6156]  eta: 0:03:51    time: 0.0546  data: 0.0000  max mem: 5880
      ITM Evaluation: [1800/6156]  eta: 0:03:46    time: 0.0472  data: 0.0000  max mem: 5880
      ITM Evaluation: [1900/6156]  eta: 0:03:41    time: 0.0548  data: 0.0000  max mem: 5880
      ITM Evaluation: [2000/6156]  eta: 0:03:36    time: 0.0475  data: 0.0000  max mem: 5880
      ITM Evaluation: [2100/6156]  eta: 0:03:30    time: 0.0534  data: 0.0000  max mem: 5880
      ITM Evaluation: [2200/6156]  eta: 0:03:25    time: 0.0567  data: 0.0000  max mem: 5880
      ITM Evaluation: [2300/6156]  eta: 0:03:20    time: 0.0546  data: 0.0000  max mem: 5880
      ITM Evaluation: [2400/6156]  eta: 0:03:15    time: 0.0565  data: 0.0000  max mem: 5880
      ITM Evaluation: [2500/6156]  eta: 0:03:10    time: 0.0483  data: 0.0000  max mem: 5880
      ITM Evaluation: [2600/6156]  eta: 0:03:05    time: 0.0556  data: 0.0000  max mem: 5880
      ITM Evaluation: [2700/6156]  eta: 0:03:00    time: 0.0551  data: 0.0000  max mem: 5880
      ITM Evaluation: [2800/6156]  eta: 0:02:54    time: 0.0536  data: 0.0000  max mem: 5880
      ITM Evaluation: [2900/6156]  eta: 0:02:49    time: 0.0546  data: 0.0000  max mem: 5880
      ITM Evaluation: [3000/6156]  eta: 0:02:44    time: 0.0552  data: 0.0000  max mem: 5880
      ITM Evaluation: [3100/6156]  eta: 0:02:39    time: 0.0542  data: 0.0000  max mem: 5880
      ITM Evaluation: [3200/6156]  eta: 0:02:34    time: 0.0559  data: 0.0000  max mem: 5880
      ITM Evaluation: [3300/6156]  eta: 0:02:29    time: 0.0439  data: 0.0000  max mem: 5880
      ITM Evaluation: [3400/6156]  eta: 0:02:23    time: 0.0548  data: 0.0000  max mem: 5880
      ITM Evaluation: [3500/6156]  eta: 0:02:18    time: 0.0532  data: 0.0000  max mem: 5880
      ITM Evaluation: [3600/6156]  eta: 0:02:13    time: 0.0543  data: 0.0000  max mem: 5880
      ITM Evaluation: [3700/6156]  eta: 0:02:08    time: 0.0538  data: 0.0000  max mem: 5880
      ITM Evaluation: [3800/6156]  eta: 0:02:03    time: 0.0506  data: 0.0000  max mem: 5880
      ITM Evaluation: [3900/6156]  eta: 0:01:57    time: 0.0544  data: 0.0000  max mem: 5880
      ITM Evaluation: [4000/6156]  eta: 0:01:52    time: 0.0534  data: 0.0000  max mem: 5880
      ITM Evaluation: [4100/6156]  eta: 0:01:47    time: 0.0533  data: 0.0000  max mem: 5880
      ITM Evaluation: [4200/6156]  eta: 0:01:42    time: 0.0484  data: 0.0000  max mem: 5880
      ITM Evaluation: [4300/6156]  eta: 0:01:36    time: 0.0525  data: 0.0000  max mem: 5880
      ITM Evaluation: [4400/6156]  eta: 0:01:31    time: 0.0549  data: 0.0000  max mem: 5880
      ITM Evaluation: [4500/6156]  eta: 0:01:26    time: 0.0528  data: 0.0000  max mem: 5880
      ITM Evaluation: [4600/6156]  eta: 0:01:21    time: 0.0549  data: 0.0000  max mem: 5880
      ITM Evaluation: [4700/6156]  eta: 0:01:15    time: 0.0536  data: 0.0000  max mem: 5880
      ITM Evaluation: [4800/6156]  eta: 0:01:10    time: 0.0478  data: 0.0000  max mem: 5880
      ITM Evaluation: [4900/6156]  eta: 0:01:05    time: 0.0520  data: 0.0000  max mem: 5880
      ITM Evaluation: [5000/6156]  eta: 0:01:00    time: 0.0538  data: 0.0000  max mem: 5880
      ITM Evaluation: [5100/6156]  eta: 0:00:54    time: 0.0527  data: 0.0000  max mem: 5880
      ITM Evaluation: [5200/6156]  eta: 0:00:49    time: 0.0531  data: 0.0000  max mem: 5880
      ITM Evaluation: [5300/6156]  eta: 0:00:44    time: 0.0531  data: 0.0000  max mem: 5880
      ITM Evaluation: [5400/6156]  eta: 0:00:39    time: 0.0529  data: 0.0000  max mem: 5880
      ITM Evaluation: [5500/6156]  eta: 0:00:33    time: 0.0435  data: 0.0000  max mem: 5880
      ITM Evaluation: [5600/6156]  eta: 0:00:28    time: 0.0511  data: 0.0000  max mem: 5880
      ITM Evaluation: [5700/6156]  eta: 0:00:23    time: 0.0460  data: 0.0000  max mem: 5880
      ITM Evaluation: [5800/6156]  eta: 0:00:18    time: 0.0525  data: 0.0000  max mem: 5880
      ITM Evaluation: [5900/6156]  eta: 0:00:13    time: 0.0477  data: 0.0000  max mem: 5880
      ITM Evaluation: [6000/6156]  eta: 0:00:08    time: 0.0515  data: 0.0000  max mem: 5880
      ITM Evaluation: [6100/6156]  eta: 0:00:02    time: 0.0544  data: 0.0000  max mem: 5880
      ITM Evaluation: [6155/6156]  eta: 0:00:00    time: 0.0535  data: 0.0000  max mem: 5880
      ITM Evaluation: Total time: 0:05:17 (0.0516 s / it)
     total_time 317.89779353141785
     Computing matching score time 0:05:17
### TTA ITM Score: 
+-------+--------+--------+--------+--------+--------+
| epoch |   R1   |   R5   |  R10   |  mAP   |  mINP  |
+-------+--------+--------+--------+--------+--------+
|  -999 | 70.760 | 87.378 | 92.268 | 63.849 | 48.174 |
|  -999 | 76.170 | 89.457 | 93.600 | 65.570 | 47.372 |
|   0   | 65.335 | 88.109 | 92.771 | 60.199 | 43.479 |
|   1   | 63.207 | 87.833 | 93.047 | 59.105 | 43.215 |
|   2   | 59.860 | 87.281 | 92.755 | 57.159 | 41.659 |
|   3   | 58.203 | 87.070 | 92.771 | 56.083 | 41.013 |
|   4   | 58.431 | 87.183 | 92.641 | 56.112 | 40.589 |
|   5   | 60.315 | 87.411 | 92.723 | 57.092 | 41.225 |
|   6   | 58.528 | 87.167 | 92.755 | 56.280 | 40.902 |
|   7   | 60.559 | 87.443 | 92.982 | 57.363 | 41.785 |
+-------+--------+--------+--------+--------+--------+
     logs:  {'epo': 7, 'R1': 60.559, 'R5': 87.443, 'R10': 92.982, 'mAP': 57.363, 'mINP': 41.785, 'lr': 7.6e-05, 'entropy': 0.199829, 'loss': 2.767743}
      TTA Epoch: [8] [  0/384]  eta: 0:03:53  lr: 0.000074  entropy: 0.2399  loss: 2.7828  time: 0.6093  data: 0.4819  max mem: 5880
      TTA Epoch: [8] [100/384]  eta: 0:00:24  lr: 0.000073  entropy: 0.1664  loss: 2.7559  time: 0.0700  data: 0.0001  max mem: 5880
      TTA Epoch: [8] [200/384]  eta: 0:00:15  lr: 0.000072  entropy: 0.1499  loss: 2.7487  time: 0.0722  data: 0.0001  max mem: 5880
      TTA Epoch: [8] [300/384]  eta: 0:00:06  lr: 0.000071  entropy: 0.3334  loss: 2.8172  time: 0.0645  data: 0.0001  max mem: 5880
      TTA Epoch: [8] [383/384]  eta: 0:00:00  lr: 0.000071  entropy: 0.1404  loss: 2.7456  time: 0.0697  data: 0.0001  max mem: 5880
      TTA Epoch: [8] Total time: 0:00:30 (0.0790 s / it)
     Averaged stats: lr: 0.0001  entropy: 0.1917  loss: 2.7647
     itm tta time 0:00:30
     Computing matching score
      ITM Evaluation: [   0/6156]  eta: 0:06:00    time: 0.0586  data: 0.0060  max mem: 5880
      ITM Evaluation: [ 100/6156]  eta: 0:05:10    time: 0.0524  data: 0.0000  max mem: 5880
      ITM Evaluation: [ 200/6156]  eta: 0:05:00    time: 0.0525  data: 0.0000  max mem: 5880
      ITM Evaluation: [ 300/6156]  eta: 0:04:57    time: 0.0528  data: 0.0000  max mem: 5880
      ITM Evaluation: [ 400/6156]  eta: 0:04:51    time: 0.0532  data: 0.0000  max mem: 5880
      ITM Evaluation: [ 500/6156]  eta: 0:04:48    time: 0.0532  data: 0.0000  max mem: 5880
      ITM Evaluation: [ 600/6156]  eta: 0:04:42    time: 0.0476  data: 0.0000  max mem: 5880
      ITM Evaluation: [ 700/6156]  eta: 0:04:36    time: 0.0503  data: 0.0000  max mem: 5880
      ITM Evaluation: [ 800/6156]  eta: 0:04:31    time: 0.0541  data: 0.0000  max mem: 5880
      ITM Evaluation: [ 900/6156]  eta: 0:04:26    time: 0.0517  data: 0.0000  max mem: 5880
      ITM Evaluation: [1000/6156]  eta: 0:04:20    time: 0.0476  data: 0.0000  max mem: 5880
      ITM Evaluation: [1100/6156]  eta: 0:04:15    time: 0.0530  data: 0.0000  max mem: 5880
      ITM Evaluation: [1200/6156]  eta: 0:04:10    time: 0.0474  data: 0.0000  max mem: 5880
      ITM Evaluation: [1300/6156]  eta: 0:04:05    time: 0.0416  data: 0.0000  max mem: 5880
      ITM Evaluation: [1400/6156]  eta: 0:04:00    time: 0.0517  data: 0.0000  max mem: 5880
      ITM Evaluation: [1500/6156]  eta: 0:03:55    time: 0.0476  data: 0.0000  max mem: 5880
      ITM Evaluation: [1600/6156]  eta: 0:03:49    time: 0.0477  data: 0.0000  max mem: 5880
      ITM Evaluation: [1700/6156]  eta: 0:03:44    time: 0.0527  data: 0.0000  max mem: 5880
      ITM Evaluation: [1800/6156]  eta: 0:03:39    time: 0.0519  data: 0.0000  max mem: 5880
      ITM Evaluation: [1900/6156]  eta: 0:03:34    time: 0.0422  data: 0.0000  max mem: 5880
      ITM Evaluation: [2000/6156]  eta: 0:03:29    time: 0.0514  data: 0.0000  max mem: 5880
      ITM Evaluation: [2100/6156]  eta: 0:03:23    time: 0.0523  data: 0.0000  max mem: 5880
      ITM Evaluation: [2200/6156]  eta: 0:03:18    time: 0.0522  data: 0.0000  max mem: 5880
      ITM Evaluation: [2300/6156]  eta: 0:03:13    time: 0.0508  data: 0.0000  max mem: 5880
      ITM Evaluation: [2400/6156]  eta: 0:03:08    time: 0.0521  data: 0.0000  max mem: 5880
      ITM Evaluation: [2500/6156]  eta: 0:03:03    time: 0.0534  data: 0.0000  max mem: 5880
      ITM Evaluation: [2600/6156]  eta: 0:02:58    time: 0.0519  data: 0.0000  max mem: 5880
      ITM Evaluation: [2700/6156]  eta: 0:02:53    time: 0.0535  data: 0.0000  max mem: 5880
      ITM Evaluation: [2800/6156]  eta: 0:02:48    time: 0.0486  data: 0.0000  max mem: 5880
      ITM Evaluation: [2900/6156]  eta: 0:02:43    time: 0.0522  data: 0.0000  max mem: 5880
      ITM Evaluation: [3000/6156]  eta: 0:02:38    time: 0.0529  data: 0.0000  max mem: 5880
      ITM Evaluation: [3100/6156]  eta: 0:02:33    time: 0.0501  data: 0.0000  max mem: 5880
      ITM Evaluation: [3200/6156]  eta: 0:02:28    time: 0.0529  data: 0.0000  max mem: 5880
      ITM Evaluation: [3300/6156]  eta: 0:02:23    time: 0.0458  data: 0.0000  max mem: 5880
      ITM Evaluation: [3400/6156]  eta: 0:02:18    time: 0.0526  data: 0.0000  max mem: 5880
      ITM Evaluation: [3500/6156]  eta: 0:02:13    time: 0.0522  data: 0.0000  max mem: 5880
      ITM Evaluation: [3600/6156]  eta: 0:02:08    time: 0.0442  data: 0.0000  max mem: 5880
      ITM Evaluation: [3700/6156]  eta: 0:02:03    time: 0.0537  data: 0.0000  max mem: 5880
      ITM Evaluation: [3800/6156]  eta: 0:01:58    time: 0.0524  data: 0.0000  max mem: 5880
      ITM Evaluation: [3900/6156]  eta: 0:01:53    time: 0.0522  data: 0.0000  max mem: 5880
      ITM Evaluation: [4000/6156]  eta: 0:01:48    time: 0.0523  data: 0.0000  max mem: 5880
      ITM Evaluation: [4100/6156]  eta: 0:01:43    time: 0.0547  data: 0.0000  max mem: 5880
      ITM Evaluation: [4200/6156]  eta: 0:01:38    time: 0.0514  data: 0.0000  max mem: 5880
      ITM Evaluation: [4300/6156]  eta: 0:01:33    time: 0.0530  data: 0.0000  max mem: 5880
      ITM Evaluation: [4400/6156]  eta: 0:01:28    time: 0.0430  data: 0.0000  max mem: 5880
      ITM Evaluation: [4500/6156]  eta: 0:01:23    time: 0.0540  data: 0.0000  max mem: 5880
      ITM Evaluation: [4600/6156]  eta: 0:01:18    time: 0.0528  data: 0.0000  max mem: 5880
      ITM Evaluation: [4700/6156]  eta: 0:01:13    time: 0.0473  data: 0.0000  max mem: 5880
      ITM Evaluation: [4800/6156]  eta: 0:01:08    time: 0.0531  data: 0.0000  max mem: 5880
      ITM Evaluation: [4900/6156]  eta: 0:01:03    time: 0.0533  data: 0.0000  max mem: 5880
      ITM Evaluation: [5000/6156]  eta: 0:00:58    time: 0.0530  data: 0.0000  max mem: 5880
      ITM Evaluation: [5100/6156]  eta: 0:00:53    time: 0.0513  data: 0.0000  max mem: 5880
      ITM Evaluation: [5200/6156]  eta: 0:00:48    time: 0.0525  data: 0.0000  max mem: 5880
      ITM Evaluation: [5300/6156]  eta: 0:00:43    time: 0.0543  data: 0.0000  max mem: 5880
      ITM Evaluation: [5400/6156]  eta: 0:00:38    time: 0.0527  data: 0.0000  max mem: 5880
      ITM Evaluation: [5500/6156]  eta: 0:00:33    time: 0.0410  data: 0.0000  max mem: 5880
      ITM Evaluation: [5600/6156]  eta: 0:00:28    time: 0.0532  data: 0.0000  max mem: 5880
      ITM Evaluation: [5700/6156]  eta: 0:00:23    time: 0.0416  data: 0.0000  max mem: 5880
      ITM Evaluation: [5800/6156]  eta: 0:00:17    time: 0.0538  data: 0.0000  max mem: 5880
      ITM Evaluation: [5900/6156]  eta: 0:00:12    time: 0.0477  data: 0.0000  max mem: 5880
      ITM Evaluation: [6000/6156]  eta: 0:00:07    time: 0.0545  data: 0.0000  max mem: 5880
      ITM Evaluation: [6100/6156]  eta: 0:00:02    time: 0.0490  data: 0.0000  max mem: 5880
      ITM Evaluation: [6155/6156]  eta: 0:00:00    time: 0.0448  data: 0.0000  max mem: 5880
      ITM Evaluation: Total time: 0:05:11 (0.0506 s / it)
     total_time 311.52853322029114
     Computing matching score time 0:05:11
### TTA ITM Score: 
+-------+--------+--------+--------+--------+--------+
| epoch |   R1   |   R5   |  R10   |  mAP   |  mINP  |
+-------+--------+--------+--------+--------+--------+
|  -999 | 70.760 | 87.378 | 92.268 | 63.849 | 48.174 |
|  -999 | 76.170 | 89.457 | 93.600 | 65.570 | 47.372 |
|   0   | 65.335 | 88.109 | 92.771 | 60.199 | 43.479 |
|   1   | 63.207 | 87.833 | 93.047 | 59.105 | 43.215 |
|   2   | 59.860 | 87.281 | 92.755 | 57.159 | 41.659 |
|   3   | 58.203 | 87.070 | 92.771 | 56.083 | 41.013 |
|   4   | 58.431 | 87.183 | 92.641 | 56.112 | 40.589 |
|   5   | 60.315 | 87.411 | 92.723 | 57.092 | 41.225 |
|   6   | 58.528 | 87.167 | 92.755 | 56.280 | 40.902 |
|   7   | 60.559 | 87.443 | 92.982 | 57.363 | 41.785 |
|   8   | 61.680 | 87.638 | 92.836 | 57.913 | 41.822 |
+-------+--------+--------+--------+--------+--------+
     logs:  {'epo': 8, 'R1': 61.68, 'R5': 87.638, 'R10': 92.836, 'mAP': 57.913, 'mINP': 41.822, 'lr': 7.2e-05, 'entropy': 0.191742, 'loss': 2.764739}
      TTA Epoch: [9] [  0/384]  eta: 0:03:19  lr: 0.000071  entropy: 0.2793  loss: 2.7974  time: 0.5186  data: 0.4092  max mem: 5880
      TTA Epoch: [9] [100/384]  eta: 0:00:23  lr: 0.000070  entropy: 0.2690  loss: 2.7932  time: 0.0808  data: 0.0001  max mem: 5880
      TTA Epoch: [9] [200/384]  eta: 0:00:15  lr: 0.000069  entropy: 0.1611  loss: 2.7531  time: 0.0875  data: 0.0002  max mem: 5880
      TTA Epoch: [9] [300/384]  eta: 0:00:06  lr: 0.000068  entropy: 0.1850  loss: 2.7622  time: 0.0798  data: 0.0001  max mem: 5880
      TTA Epoch: [9] [383/384]  eta: 0:00:00  lr: 0.000067  entropy: 0.1994  loss: 2.7673  time: 0.0780  data: 0.0001  max mem: 5880
      TTA Epoch: [9] Total time: 0:00:30 (0.0795 s / it)
     Averaged stats: lr: 0.0001  entropy: 0.1898  loss: 2.7640
     itm tta time 0:00:30
     Computing matching score
      ITM Evaluation: [   0/6156]  eta: 0:06:07    time: 0.0597  data: 0.0059  max mem: 5880
      ITM Evaluation: [ 100/6156]  eta: 0:05:11    time: 0.0470  data: 0.0000  max mem: 5880
      ITM Evaluation: [ 200/6156]  eta: 0:05:12    time: 0.0552  data: 0.0000  max mem: 5880
      ITM Evaluation: [ 300/6156]  eta: 0:05:05    time: 0.0519  data: 0.0000  max mem: 5880
      ITM Evaluation: [ 400/6156]  eta: 0:05:00    time: 0.0501  data: 0.0000  max mem: 5880
      ITM Evaluation: [ 500/6156]  eta: 0:04:56    time: 0.0540  data: 0.0000  max mem: 5880
      ITM Evaluation: [ 600/6156]  eta: 0:04:50    time: 0.0540  data: 0.0000  max mem: 5880
      ITM Evaluation: [ 700/6156]  eta: 0:04:44    time: 0.0471  data: 0.0000  max mem: 5880
      ITM Evaluation: [ 800/6156]  eta: 0:04:40    time: 0.0547  data: 0.0000  max mem: 5880
      ITM Evaluation: [ 900/6156]  eta: 0:04:34    time: 0.0547  data: 0.0000  max mem: 5880
      ITM Evaluation: [1000/6156]  eta: 0:04:29    time: 0.0479  data: 0.0000  max mem: 5880
      ITM Evaluation: [1100/6156]  eta: 0:04:24    time: 0.0543  data: 0.0000  max mem: 5880
      ITM Evaluation: [1200/6156]  eta: 0:04:19    time: 0.0543  data: 0.0000  max mem: 5880
      ITM Evaluation: [1300/6156]  eta: 0:04:14    time: 0.0546  data: 0.0000  max mem: 5880
      ITM Evaluation: [1400/6156]  eta: 0:04:09    time: 0.0551  data: 0.0000  max mem: 5880
      ITM Evaluation: [1500/6156]  eta: 0:04:03    time: 0.0461  data: 0.0000  max mem: 5880
      ITM Evaluation: [1600/6156]  eta: 0:03:58    time: 0.0566  data: 0.0000  max mem: 5880
      ITM Evaluation: [1700/6156]  eta: 0:03:53    time: 0.0544  data: 0.0000  max mem: 5880
      ITM Evaluation: [1800/6156]  eta: 0:03:47    time: 0.0554  data: 0.0000  max mem: 5880
      ITM Evaluation: [1900/6156]  eta: 0:03:42    time: 0.0545  data: 0.0000  max mem: 5880
      ITM Evaluation: [2000/6156]  eta: 0:03:37    time: 0.0538  data: 0.0000  max mem: 5880
      ITM Evaluation: [2100/6156]  eta: 0:03:32    time: 0.0523  data: 0.0000  max mem: 5880
      ITM Evaluation: [2200/6156]  eta: 0:03:26    time: 0.0550  data: 0.0000  max mem: 5880
      ITM Evaluation: [2300/6156]  eta: 0:03:21    time: 0.0485  data: 0.0000  max mem: 5880
      ITM Evaluation: [2400/6156]  eta: 0:03:15    time: 0.0526  data: 0.0000  max mem: 5880
      ITM Evaluation: [2500/6156]  eta: 0:03:10    time: 0.0534  data: 0.0000  max mem: 5880
      ITM Evaluation: [2600/6156]  eta: 0:03:05    time: 0.0530  data: 0.0000  max mem: 5880
      ITM Evaluation: [2700/6156]  eta: 0:02:59    time: 0.0525  data: 0.0000  max mem: 5880
      ITM Evaluation: [2800/6156]  eta: 0:02:54    time: 0.0462  data: 0.0000  max mem: 5880
      ITM Evaluation: [2900/6156]  eta: 0:02:49    time: 0.0522  data: 0.0000  max mem: 5880
      ITM Evaluation: [3000/6156]  eta: 0:02:43    time: 0.0491  data: 0.0000  max mem: 5880
      ITM Evaluation: [3100/6156]  eta: 0:02:38    time: 0.0535  data: 0.0000  max mem: 5880
      ITM Evaluation: [3200/6156]  eta: 0:02:32    time: 0.0441  data: 0.0000  max mem: 5880
      ITM Evaluation: [3300/6156]  eta: 0:02:27    time: 0.0521  data: 0.0000  max mem: 5880
      ITM Evaluation: [3400/6156]  eta: 0:02:22    time: 0.0457  data: 0.0000  max mem: 5880
      ITM Evaluation: [3500/6156]  eta: 0:02:17    time: 0.0531  data: 0.0000  max mem: 5880
      ITM Evaluation: [3600/6156]  eta: 0:02:12    time: 0.0528  data: 0.0000  max mem: 5880
      ITM Evaluation: [3700/6156]  eta: 0:02:06    time: 0.0539  data: 0.0000  max mem: 5880
      ITM Evaluation: [3800/6156]  eta: 0:02:01    time: 0.0528  data: 0.0000  max mem: 5880
      ITM Evaluation: [3900/6156]  eta: 0:01:56    time: 0.0480  data: 0.0000  max mem: 5880
      ITM Evaluation: [4000/6156]  eta: 0:01:51    time: 0.0538  data: 0.0000  max mem: 5880
      ITM Evaluation: [4100/6156]  eta: 0:01:46    time: 0.0462  data: 0.0000  max mem: 5880
      ITM Evaluation: [4200/6156]  eta: 0:01:40    time: 0.0537  data: 0.0000  max mem: 5880
      ITM Evaluation: [4300/6156]  eta: 0:01:35    time: 0.0455  data: 0.0000  max mem: 5880
      ITM Evaluation: [4400/6156]  eta: 0:01:30    time: 0.0527  data: 0.0000  max mem: 5880
      ITM Evaluation: [4500/6156]  eta: 0:01:25    time: 0.0526  data: 0.0000  max mem: 5880
      ITM Evaluation: [4600/6156]  eta: 0:01:20    time: 0.0526  data: 0.0000  max mem: 5880
      ITM Evaluation: [4700/6156]  eta: 0:01:15    time: 0.0498  data: 0.0000  max mem: 5880
      ITM Evaluation: [4800/6156]  eta: 0:01:09    time: 0.0524  data: 0.0000  max mem: 5880
      ITM Evaluation: [4900/6156]  eta: 0:01:04    time: 0.0521  data: 0.0000  max mem: 5880
      ITM Evaluation: [5000/6156]  eta: 0:00:59    time: 0.0445  data: 0.0000  max mem: 5880
      ITM Evaluation: [5100/6156]  eta: 0:00:54    time: 0.0530  data: 0.0000  max mem: 5880
      ITM Evaluation: [5200/6156]  eta: 0:00:49    time: 0.0524  data: 0.0000  max mem: 5880
      ITM Evaluation: [5300/6156]  eta: 0:00:43    time: 0.0427  data: 0.0000  max mem: 5880
      ITM Evaluation: [5400/6156]  eta: 0:00:38    time: 0.0519  data: 0.0000  max mem: 5880
      ITM Evaluation: [5500/6156]  eta: 0:00:33    time: 0.0510  data: 0.0000  max mem: 5880
      ITM Evaluation: [5600/6156]  eta: 0:00:28    time: 0.0531  data: 0.0000  max mem: 5880
      ITM Evaluation: [5700/6156]  eta: 0:00:23    time: 0.0419  data: 0.0000  max mem: 5880
      ITM Evaluation: [5800/6156]  eta: 0:00:18    time: 0.0516  data: 0.0000  max mem: 5880
      ITM Evaluation: [5900/6156]  eta: 0:00:13    time: 0.0518  data: 0.0000  max mem: 5880
      ITM Evaluation: [6000/6156]  eta: 0:00:07    time: 0.0525  data: 0.0000  max mem: 5880
      ITM Evaluation: [6100/6156]  eta: 0:00:02    time: 0.0445  data: 0.0000  max mem: 5880
      ITM Evaluation: [6155/6156]  eta: 0:00:00    time: 0.0525  data: 0.0000  max mem: 5880
      ITM Evaluation: Total time: 0:05:15 (0.0512 s / it)
     total_time 315.41462898254395
     Computing matching score time 0:05:15
### TTA ITM Score: 
+-------+--------+--------+--------+--------+--------+
| epoch |   R1   |   R5   |  R10   |  mAP   |  mINP  |
+-------+--------+--------+--------+--------+--------+
|  -999 | 70.760 | 87.378 | 92.268 | 63.849 | 48.174 |
|  -999 | 76.170 | 89.457 | 93.600 | 65.570 | 47.372 |
|   0   | 65.335 | 88.109 | 92.771 | 60.199 | 43.479 |
|   1   | 63.207 | 87.833 | 93.047 | 59.105 | 43.215 |
|   2   | 59.860 | 87.281 | 92.755 | 57.159 | 41.659 |
|   3   | 58.203 | 87.070 | 92.771 | 56.083 | 41.013 |
|   4   | 58.431 | 87.183 | 92.641 | 56.112 | 40.589 |
|   5   | 60.315 | 87.411 | 92.723 | 57.092 | 41.225 |
|   6   | 58.528 | 87.167 | 92.755 | 56.280 | 40.902 |
|   7   | 60.559 | 87.443 | 92.982 | 57.363 | 41.785 |
|   8   | 61.680 | 87.638 | 92.836 | 57.913 | 41.822 |
|   9   | 64.003 | 87.947 | 92.641 | 59.279 | 42.777 |
+-------+--------+--------+--------+--------+--------+
     logs:  {'epo': 9, 'R1': 64.003, 'R5': 87.947, 'R10': 92.641, 'mAP': 59.279, 'mINP': 42.777, 'lr': 6.9e-05, 'entropy': 0.189804, 'loss': 2.764019}
      TTA Epoch: [10] [  0/384]  eta: 0:03:25  lr: 0.000067  entropy: 0.1650  loss: 2.7547  time: 0.5349  data: 0.4101  max mem: 5880
      TTA Epoch: [10] [100/384]  eta: 0:00:23  lr: 0.000066  entropy: 0.2899  loss: 2.8018  time: 0.0856  data: 0.0001  max mem: 5880
      TTA Epoch: [10] [200/384]  eta: 0:00:15  lr: 0.000066  entropy: 0.0739  loss: 2.7210  time: 0.0734  data: 0.0001  max mem: 5880
      TTA Epoch: [10] [300/384]  eta: 0:00:06  lr: 0.000065  entropy: 0.2423  loss: 2.7838  time: 0.0805  data: 0.0001  max mem: 5880
      TTA Epoch: [10] [383/384]  eta: 0:00:00  lr: 0.000064  entropy: 0.2366  loss: 2.7814  time: 0.0733  data: 0.0001  max mem: 5880
      TTA Epoch: [10] Total time: 0:00:30 (0.0793 s / it)
     Averaged stats: lr: 0.0001  entropy: 0.1861  loss: 2.7626
     itm tta time 0:00:30
     Computing matching score
      ITM Evaluation: [   0/6156]  eta: 0:07:10    time: 0.0700  data: 0.0142  max mem: 5880
      ITM Evaluation: [ 100/6156]  eta: 0:05:13    time: 0.0527  data: 0.0000  max mem: 5880
      ITM Evaluation: [ 200/6156]  eta: 0:04:59    time: 0.0432  data: 0.0000  max mem: 5880
      ITM Evaluation: [ 300/6156]  eta: 0:04:55    time: 0.0528  data: 0.0000  max mem: 5880
      ITM Evaluation: [ 400/6156]  eta: 0:04:49    time: 0.0465  data: 0.0000  max mem: 5880
      ITM Evaluation: [ 500/6156]  eta: 0:04:45    time: 0.0541  data: 0.0000  max mem: 5880
      ITM Evaluation: [ 600/6156]  eta: 0:04:41    time: 0.0529  data: 0.0000  max mem: 5880
      ITM Evaluation: [ 700/6156]  eta: 0:04:35    time: 0.0540  data: 0.0000  max mem: 5880
      ITM Evaluation: [ 800/6156]  eta: 0:04:30    time: 0.0435  data: 0.0000  max mem: 5880
      ITM Evaluation: [ 900/6156]  eta: 0:04:25    time: 0.0532  data: 0.0000  max mem: 5880
      ITM Evaluation: [1000/6156]  eta: 0:04:21    time: 0.0541  data: 0.0000  max mem: 5880
      ITM Evaluation: [1100/6156]  eta: 0:04:16    time: 0.0507  data: 0.0000  max mem: 5880
      ITM Evaluation: [1200/6156]  eta: 0:04:12    time: 0.0534  data: 0.0000  max mem: 5880
      ITM Evaluation: [1300/6156]  eta: 0:04:07    time: 0.0526  data: 0.0000  max mem: 5880
      ITM Evaluation: [1400/6156]  eta: 0:04:02    time: 0.0548  data: 0.0000  max mem: 5880
      ITM Evaluation: [1500/6156]  eta: 0:03:57    time: 0.0472  data: 0.0000  max mem: 5880
      ITM Evaluation: [1600/6156]  eta: 0:03:53    time: 0.0545  data: 0.0000  max mem: 5880
      ITM Evaluation: [1700/6156]  eta: 0:03:48    time: 0.0505  data: 0.0000  max mem: 5880
      ITM Evaluation: [1800/6156]  eta: 0:03:43    time: 0.0546  data: 0.0000  max mem: 5880
      ITM Evaluation: [1900/6156]  eta: 0:03:38    time: 0.0447  data: 0.0000  max mem: 5880
      ITM Evaluation: [2000/6156]  eta: 0:03:34    time: 0.0543  data: 0.0000  max mem: 5880
      ITM Evaluation: [2100/6156]  eta: 0:03:28    time: 0.0516  data: 0.0000  max mem: 5880
      ITM Evaluation: [2200/6156]  eta: 0:03:23    time: 0.0532  data: 0.0000  max mem: 5880
      ITM Evaluation: [2300/6156]  eta: 0:03:18    time: 0.0563  data: 0.0000  max mem: 5880
      ITM Evaluation: [2400/6156]  eta: 0:03:13    time: 0.0497  data: 0.0000  max mem: 5880
      ITM Evaluation: [2500/6156]  eta: 0:03:08    time: 0.0547  data: 0.0000  max mem: 5880
      ITM Evaluation: [2600/6156]  eta: 0:03:03    time: 0.0492  data: 0.0000  max mem: 5880
      ITM Evaluation: [2700/6156]  eta: 0:02:58    time: 0.0548  data: 0.0000  max mem: 5880
      ITM Evaluation: [2800/6156]  eta: 0:02:53    time: 0.0460  data: 0.0000  max mem: 5880
      ITM Evaluation: [2900/6156]  eta: 0:02:48    time: 0.0553  data: 0.0000  max mem: 5880
      ITM Evaluation: [3000/6156]  eta: 0:02:43    time: 0.0485  data: 0.0000  max mem: 5880
      ITM Evaluation: [3100/6156]  eta: 0:02:38    time: 0.0558  data: 0.0000  max mem: 5880
      ITM Evaluation: [3200/6156]  eta: 0:02:33    time: 0.0545  data: 0.0000  max mem: 5880
      ITM Evaluation: [3300/6156]  eta: 0:02:27    time: 0.0462  data: 0.0000  max mem: 5880
      ITM Evaluation: [3400/6156]  eta: 0:02:22    time: 0.0546  data: 0.0000  max mem: 5880
      ITM Evaluation: [3500/6156]  eta: 0:02:17    time: 0.0556  data: 0.0000  max mem: 5880
      ITM Evaluation: [3600/6156]  eta: 0:02:12    time: 0.0512  data: 0.0000  max mem: 5880
      ITM Evaluation: [3700/6156]  eta: 0:02:07    time: 0.0465  data: 0.0000  max mem: 5880
      ITM Evaluation: [3800/6156]  eta: 0:02:02    time: 0.0555  data: 0.0000  max mem: 5880
      ITM Evaluation: [3900/6156]  eta: 0:01:57    time: 0.0483  data: 0.0000  max mem: 5880
      ITM Evaluation: [4000/6156]  eta: 0:01:52    time: 0.0556  data: 0.0000  max mem: 5880
      ITM Evaluation: [4100/6156]  eta: 0:01:46    time: 0.0476  data: 0.0000  max mem: 5880
      ITM Evaluation: [4200/6156]  eta: 0:01:41    time: 0.0550  data: 0.0000  max mem: 5880
      ITM Evaluation: [4300/6156]  eta: 0:01:36    time: 0.0554  data: 0.0000  max mem: 5880
      ITM Evaluation: [4400/6156]  eta: 0:01:31    time: 0.0558  data: 0.0000  max mem: 5880
      ITM Evaluation: [4500/6156]  eta: 0:01:26    time: 0.0549  data: 0.0000  max mem: 5880
      ITM Evaluation: [4600/6156]  eta: 0:01:21    time: 0.0571  data: 0.0000  max mem: 5880
      ITM Evaluation: [4700/6156]  eta: 0:01:16    time: 0.0535  data: 0.0000  max mem: 5880
      ITM Evaluation: [4800/6156]  eta: 0:01:10    time: 0.0549  data: 0.0000  max mem: 5880
      ITM Evaluation: [4900/6156]  eta: 0:01:05    time: 0.0547  data: 0.0000  max mem: 5880
      ITM Evaluation: [5000/6156]  eta: 0:01:00    time: 0.0481  data: 0.0000  max mem: 5880
      ITM Evaluation: [5100/6156]  eta: 0:00:55    time: 0.0544  data: 0.0000  max mem: 5880
      ITM Evaluation: [5200/6156]  eta: 0:00:49    time: 0.0538  data: 0.0000  max mem: 5880
      ITM Evaluation: [5300/6156]  eta: 0:00:44    time: 0.0548  data: 0.0000  max mem: 5880
      ITM Evaluation: [5400/6156]  eta: 0:00:39    time: 0.0538  data: 0.0000  max mem: 5880
      ITM Evaluation: [5500/6156]  eta: 0:00:34    time: 0.0458  data: 0.0000  max mem: 5880
      ITM Evaluation: [5600/6156]  eta: 0:00:29    time: 0.0547  data: 0.0000  max mem: 5880
      ITM Evaluation: [5700/6156]  eta: 0:00:23    time: 0.0543  data: 0.0000  max mem: 5880
      ITM Evaluation: [5800/6156]  eta: 0:00:18    time: 0.0580  data: 0.0000  max mem: 5880
      ITM Evaluation: [5900/6156]  eta: 0:00:13    time: 0.0516  data: 0.0000  max mem: 5880
      ITM Evaluation: [6000/6156]  eta: 0:00:08    time: 0.0551  data: 0.0000  max mem: 5880
      ITM Evaluation: [6100/6156]  eta: 0:00:02    time: 0.0557  data: 0.0000  max mem: 5880
      ITM Evaluation: [6155/6156]  eta: 0:00:00    time: 0.0446  data: 0.0000  max mem: 5880
      ITM Evaluation: Total time: 0:05:22 (0.0523 s / it)
     total_time 322.25576972961426
     Computing matching score time 0:05:22
### TTA ITM Score: 
+-------+--------+--------+--------+--------+--------+
| epoch |   R1   |   R5   |  R10   |  mAP   |  mINP  |
+-------+--------+--------+--------+--------+--------+
|  -999 | 70.760 | 87.378 | 92.268 | 63.849 | 48.174 |
|  -999 | 76.170 | 89.457 | 93.600 | 65.570 | 47.372 |
|   0   | 65.335 | 88.109 | 92.771 | 60.199 | 43.479 |
|   1   | 63.207 | 87.833 | 93.047 | 59.105 | 43.215 |
|   2   | 59.860 | 87.281 | 92.755 | 57.159 | 41.659 |
|   3   | 58.203 | 87.070 | 92.771 | 56.083 | 41.013 |
|   4   | 58.431 | 87.183 | 92.641 | 56.112 | 40.589 |
|   5   | 60.315 | 87.411 | 92.723 | 57.092 | 41.225 |
|   6   | 58.528 | 87.167 | 92.755 | 56.280 | 40.902 |
|   7   | 60.559 | 87.443 | 92.982 | 57.363 | 41.785 |
|   8   | 61.680 | 87.638 | 92.836 | 57.913 | 41.822 |
|   9   | 64.003 | 87.947 | 92.641 | 59.279 | 42.777 |
|   10  | 63.661 | 88.044 | 92.788 | 59.278 | 43.062 |
+-------+--------+--------+--------+--------+--------+
     logs:  {'epo': 10, 'R1': 63.661, 'R5': 88.044, 'R10': 92.788, 'mAP': 59.278, 'mINP': 43.062, 'lr': 6.6e-05, 'entropy': 0.186089, 'loss': 2.762639}
      TTA Epoch: [11] [  0/384]  eta: 0:05:19  lr: 0.000064  entropy: 0.1566  loss: 2.7515  time: 0.8322  data: 0.6852  max mem: 5880
      TTA Epoch: [11] [100/384]  eta: 0:00:24  lr: 0.000063  entropy: 0.1177  loss: 2.7373  time: 0.0833  data: 0.0001  max mem: 5880
      TTA Epoch: [11] [200/384]  eta: 0:00:15  lr: 0.000062  entropy: 0.3386  loss: 2.8193  time: 0.0750  data: 0.0001  max mem: 5880
      TTA Epoch: [11] [300/384]  eta: 0:00:06  lr: 0.000061  entropy: 0.2267  loss: 2.7777  time: 0.0751  data: 0.0001  max mem: 5880
      TTA Epoch: [11] [383/384]  eta: 0:00:00  lr: 0.000061  entropy: 0.0778  loss: 2.7227  time: 0.0714  data: 0.0001  max mem: 5880
      TTA Epoch: [11] Total time: 0:00:30 (0.0798 s / it)
     Averaged stats: lr: 0.0001  entropy: 0.1758  loss: 2.7588
     itm tta time 0:00:30
     Computing matching score
      ITM Evaluation: [   0/6156]  eta: 0:18:08    time: 0.1768  data: 0.1209  max mem: 5880
      ITM Evaluation: [ 100/6156]  eta: 0:05:24    time: 0.0538  data: 0.0000  max mem: 5880
      ITM Evaluation: [ 200/6156]  eta: 0:05:17    time: 0.0554  data: 0.0000  max mem: 5880
      ITM Evaluation: [ 300/6156]  eta: 0:05:09    time: 0.0478  data: 0.0000  max mem: 5880
      ITM Evaluation: [ 400/6156]  eta: 0:05:02    time: 0.0531  data: 0.0000  max mem: 5880
      ITM Evaluation: [ 500/6156]  eta: 0:04:59    time: 0.0550  data: 0.0000  max mem: 5880
      ITM Evaluation: [ 600/6156]  eta: 0:04:52    time: 0.0463  data: 0.0000  max mem: 5880
      ITM Evaluation: [ 700/6156]  eta: 0:04:47    time: 0.0559  data: 0.0000  max mem: 5880
      ITM Evaluation: [ 800/6156]  eta: 0:04:42    time: 0.0505  data: 0.0000  max mem: 5880
      ITM Evaluation: [ 900/6156]  eta: 0:04:36    time: 0.0553  data: 0.0000  max mem: 5880
      ITM Evaluation: [1000/6156]  eta: 0:04:32    time: 0.0548  data: 0.0000  max mem: 5880
      ITM Evaluation: [1100/6156]  eta: 0:04:26    time: 0.0562  data: 0.0000  max mem: 5880
      ITM Evaluation: [1200/6156]  eta: 0:04:21    time: 0.0528  data: 0.0000  max mem: 5880
      ITM Evaluation: [1300/6156]  eta: 0:04:16    time: 0.0541  data: 0.0000  max mem: 5880
      ITM Evaluation: [1400/6156]  eta: 0:04:10    time: 0.0538  data: 0.0000  max mem: 5880
      ITM Evaluation: [1500/6156]  eta: 0:04:05    time: 0.0486  data: 0.0000  max mem: 5880
      ITM Evaluation: [1600/6156]  eta: 0:03:59    time: 0.0560  data: 0.0000  max mem: 5880
      ITM Evaluation: [1700/6156]  eta: 0:03:54    time: 0.0545  data: 0.0000  max mem: 5880
      ITM Evaluation: [1800/6156]  eta: 0:03:49    time: 0.0485  data: 0.0000  max mem: 5880
      ITM Evaluation: [1900/6156]  eta: 0:03:43    time: 0.0528  data: 0.0000  max mem: 5880
      ITM Evaluation: [2000/6156]  eta: 0:03:38    time: 0.0544  data: 0.0000  max mem: 5880
      ITM Evaluation: [2100/6156]  eta: 0:03:33    time: 0.0488  data: 0.0000  max mem: 5880
      ITM Evaluation: [2200/6156]  eta: 0:03:28    time: 0.0478  data: 0.0000  max mem: 5880
      ITM Evaluation: [2300/6156]  eta: 0:03:22    time: 0.0547  data: 0.0000  max mem: 5880
      ITM Evaluation: [2400/6156]  eta: 0:03:17    time: 0.0548  data: 0.0000  max mem: 5880
      ITM Evaluation: [2500/6156]  eta: 0:03:12    time: 0.0542  data: 0.0000  max mem: 5880
      ITM Evaluation: [2600/6156]  eta: 0:03:07    time: 0.0450  data: 0.0000  max mem: 5880
      ITM Evaluation: [2700/6156]  eta: 0:03:01    time: 0.0527  data: 0.0000  max mem: 5880
      ITM Evaluation: [2800/6156]  eta: 0:02:56    time: 0.0476  data: 0.0000  max mem: 5880
      ITM Evaluation: [2900/6156]  eta: 0:02:50    time: 0.0532  data: 0.0000  max mem: 5880
      ITM Evaluation: [3000/6156]  eta: 0:02:45    time: 0.0534  data: 0.0000  max mem: 5880
      ITM Evaluation: [3100/6156]  eta: 0:02:40    time: 0.0507  data: 0.0000  max mem: 5880
      ITM Evaluation: [3200/6156]  eta: 0:02:34    time: 0.0531  data: 0.0000  max mem: 5880
      ITM Evaluation: [3300/6156]  eta: 0:02:29    time: 0.0443  data: 0.0000  max mem: 5880
      ITM Evaluation: [3400/6156]  eta: 0:02:24    time: 0.0537  data: 0.0000  max mem: 5880
      ITM Evaluation: [3500/6156]  eta: 0:02:18    time: 0.0485  data: 0.0000  max mem: 5880
      ITM Evaluation: [3600/6156]  eta: 0:02:13    time: 0.0483  data: 0.0000  max mem: 5880
      ITM Evaluation: [3700/6156]  eta: 0:02:08    time: 0.0528  data: 0.0000  max mem: 5880
      ITM Evaluation: [3800/6156]  eta: 0:02:02    time: 0.0514  data: 0.0000  max mem: 5880
      ITM Evaluation: [3900/6156]  eta: 0:01:57    time: 0.0464  data: 0.0000  max mem: 5880
      ITM Evaluation: [4000/6156]  eta: 0:01:52    time: 0.0540  data: 0.0000  max mem: 5880
      ITM Evaluation: [4100/6156]  eta: 0:01:47    time: 0.0438  data: 0.0000  max mem: 5880
      ITM Evaluation: [4200/6156]  eta: 0:01:41    time: 0.0530  data: 0.0000  max mem: 5880
      ITM Evaluation: [4300/6156]  eta: 0:01:36    time: 0.0523  data: 0.0000  max mem: 5880
      ITM Evaluation: [4400/6156]  eta: 0:01:31    time: 0.0532  data: 0.0000  max mem: 5880
      ITM Evaluation: [4500/6156]  eta: 0:01:26    time: 0.0459  data: 0.0000  max mem: 5880
      ITM Evaluation: [4600/6156]  eta: 0:01:20    time: 0.0524  data: 0.0000  max mem: 5880
      ITM Evaluation: [4700/6156]  eta: 0:01:15    time: 0.0440  data: 0.0000  max mem: 5880
      ITM Evaluation: [4800/6156]  eta: 0:01:10    time: 0.0517  data: 0.0000  max mem: 5880
      ITM Evaluation: [4900/6156]  eta: 0:01:05    time: 0.0443  data: 0.0000  max mem: 5880
      ITM Evaluation: [5000/6156]  eta: 0:00:59    time: 0.0531  data: 0.0000  max mem: 5880
      ITM Evaluation: [5100/6156]  eta: 0:00:54    time: 0.0450  data: 0.0000  max mem: 5880
      ITM Evaluation: [5200/6156]  eta: 0:00:49    time: 0.0545  data: 0.0000  max mem: 5880
      ITM Evaluation: [5300/6156]  eta: 0:00:44    time: 0.0529  data: 0.0000  max mem: 5880
      ITM Evaluation: [5400/6156]  eta: 0:00:39    time: 0.0524  data: 0.0000  max mem: 5880
      ITM Evaluation: [5500/6156]  eta: 0:00:33    time: 0.0526  data: 0.0000  max mem: 5880
      ITM Evaluation: [5600/6156]  eta: 0:00:28    time: 0.0517  data: 0.0000  max mem: 5880
      ITM Evaluation: [5700/6156]  eta: 0:00:23    time: 0.0523  data: 0.0000  max mem: 5880
      ITM Evaluation: [5800/6156]  eta: 0:00:18    time: 0.0527  data: 0.0000  max mem: 5880
      ITM Evaluation: [5900/6156]  eta: 0:00:13    time: 0.0517  data: 0.0000  max mem: 5880
      ITM Evaluation: [6000/6156]  eta: 0:00:08    time: 0.0534  data: 0.0000  max mem: 5880
      ITM Evaluation: [6100/6156]  eta: 0:00:02    time: 0.0527  data: 0.0000  max mem: 5880
      ITM Evaluation: [6155/6156]  eta: 0:00:00    time: 0.0529  data: 0.0000  max mem: 5880
      ITM Evaluation: Total time: 0:05:18 (0.0517 s / it)
     total_time 318.21464586257935
     Computing matching score time 0:05:18
### TTA ITM Score: 
+-------+--------+--------+--------+--------+--------+
| epoch |   R1   |   R5   |  R10   |  mAP   |  mINP  |
+-------+--------+--------+--------+--------+--------+
|  -999 | 70.760 | 87.378 | 92.268 | 63.849 | 48.174 |
|  -999 | 76.170 | 89.457 | 93.600 | 65.570 | 47.372 |
|   0   | 65.335 | 88.109 | 92.771 | 60.199 | 43.479 |
|   1   | 63.207 | 87.833 | 93.047 | 59.105 | 43.215 |
|   2   | 59.860 | 87.281 | 92.755 | 57.159 | 41.659 |
|   3   | 58.203 | 87.070 | 92.771 | 56.083 | 41.013 |
|   4   | 58.431 | 87.183 | 92.641 | 56.112 | 40.589 |
|   5   | 60.315 | 87.411 | 92.723 | 57.092 | 41.225 |
|   6   | 58.528 | 87.167 | 92.755 | 56.280 | 40.902 |
|   7   | 60.559 | 87.443 | 92.982 | 57.363 | 41.785 |
|   8   | 61.680 | 87.638 | 92.836 | 57.913 | 41.822 |
|   9   | 64.003 | 87.947 | 92.641 | 59.279 | 42.777 |
|   10  | 63.661 | 88.044 | 92.788 | 59.278 | 43.062 |
|   11  | 63.726 | 87.995 | 92.820 | 59.451 | 43.306 |
+-------+--------+--------+--------+--------+--------+
     logs:  {'epo': 11, 'R1': 63.726, 'R5': 87.995, 'R10': 92.82, 'mAP': 59.451, 'mINP': 43.306, 'lr': 6.2e-05, 'entropy': 0.175841, 'loss': 2.758836}
      TTA Epoch: [12] [  0/384]  eta: 0:03:20  lr: 0.000061  entropy: 0.1606  loss: 2.7531  time: 0.5229  data: 0.3881  max mem: 5880
      TTA Epoch: [12] [100/384]  eta: 0:00:22  lr: 0.000060  entropy: 0.1763  loss: 2.7589  time: 0.0725  data: 0.0001  max mem: 5880
      TTA Epoch: [12] [200/384]  eta: 0:00:14  lr: 0.000059  entropy: 0.2079  loss: 2.7708  time: 0.0735  data: 0.0001  max mem: 5880
      TTA Epoch: [12] [300/384]  eta: 0:00:06  lr: 0.000058  entropy: 0.2330  loss: 2.7799  time: 0.0779  data: 0.0001  max mem: 5880
      TTA Epoch: [12] [383/384]  eta: 0:00:00  lr: 0.000057  entropy: 0.1896  loss: 2.7640  time: 0.0782  data: 0.0001  max mem: 5880
      TTA Epoch: [12] Total time: 0:00:29 (0.0771 s / it)
     Averaged stats: lr: 0.0001  entropy: 0.1793  loss: 2.7601
     itm tta time 0:00:29
     Computing matching score
      ITM Evaluation: [   0/6156]  eta: 0:04:46    time: 0.0466  data: 0.0066  max mem: 5880
      ITM Evaluation: [ 100/6156]  eta: 0:05:05    time: 0.0520  data: 0.0000  max mem: 5880
      ITM Evaluation: [ 200/6156]  eta: 0:04:58    time: 0.0541  data: 0.0000  max mem: 5880
      ITM Evaluation: [ 300/6156]  eta: 0:04:52    time: 0.0437  data: 0.0000  max mem: 5880
      ITM Evaluation: [ 400/6156]  eta: 0:04:49    time: 0.0526  data: 0.0000  max mem: 5880
      ITM Evaluation: [ 500/6156]  eta: 0:04:44    time: 0.0494  data: 0.0000  max mem: 5880
      ITM Evaluation: [ 600/6156]  eta: 0:04:38    time: 0.0533  data: 0.0000  max mem: 5880
      ITM Evaluation: [ 700/6156]  eta: 0:04:33    time: 0.0516  data: 0.0000  max mem: 5880
      ITM Evaluation: [ 800/6156]  eta: 0:04:27    time: 0.0517  data: 0.0000  max mem: 5880
      ITM Evaluation: [ 900/6156]  eta: 0:04:22    time: 0.0525  data: 0.0000  max mem: 5880
      ITM Evaluation: [1000/6156]  eta: 0:04:18    time: 0.0523  data: 0.0000  max mem: 5880
      ITM Evaluation: [1100/6156]  eta: 0:04:13    time: 0.0523  data: 0.0000  max mem: 5880
      ITM Evaluation: [1200/6156]  eta: 0:04:08    time: 0.0511  data: 0.0000  max mem: 5880
      ITM Evaluation: [1300/6156]  eta: 0:04:03    time: 0.0538  data: 0.0000  max mem: 5880
      ITM Evaluation: [1400/6156]  eta: 0:03:57    time: 0.0484  data: 0.0000  max mem: 5880
      ITM Evaluation: [1500/6156]  eta: 0:03:52    time: 0.0527  data: 0.0000  max mem: 5880
      ITM Evaluation: [1600/6156]  eta: 0:03:47    time: 0.0518  data: 0.0000  max mem: 5880
      ITM Evaluation: [1700/6156]  eta: 0:03:42    time: 0.0456  data: 0.0000  max mem: 5880
      ITM Evaluation: [1800/6156]  eta: 0:03:37    time: 0.0526  data: 0.0000  max mem: 5880
      ITM Evaluation: [1900/6156]  eta: 0:03:32    time: 0.0458  data: 0.0000  max mem: 5880
      ITM Evaluation: [2000/6156]  eta: 0:03:28    time: 0.0525  data: 0.0000  max mem: 5880
      ITM Evaluation: [2100/6156]  eta: 0:03:22    time: 0.0526  data: 0.0000  max mem: 5880
      ITM Evaluation: [2200/6156]  eta: 0:03:17    time: 0.0432  data: 0.0000  max mem: 5880
      ITM Evaluation: [2300/6156]  eta: 0:03:12    time: 0.0520  data: 0.0000  max mem: 5880
      ITM Evaluation: [2400/6156]  eta: 0:03:07    time: 0.0444  data: 0.0000  max mem: 5880
      ITM Evaluation: [2500/6156]  eta: 0:03:02    time: 0.0486  data: 0.0000  max mem: 5880
      ITM Evaluation: [2600/6156]  eta: 0:02:58    time: 0.0529  data: 0.0000  max mem: 5880
      ITM Evaluation: [2700/6156]  eta: 0:02:53    time: 0.0452  data: 0.0000  max mem: 5880
      ITM Evaluation: [2800/6156]  eta: 0:02:48    time: 0.0523  data: 0.0000  max mem: 5880
      ITM Evaluation: [2900/6156]  eta: 0:02:42    time: 0.0477  data: 0.0000  max mem: 5880
      ITM Evaluation: [3000/6156]  eta: 0:02:38    time: 0.0527  data: 0.0000  max mem: 5880
      ITM Evaluation: [3100/6156]  eta: 0:02:33    time: 0.0504  data: 0.0000  max mem: 5880
      ITM Evaluation: [3200/6156]  eta: 0:02:28    time: 0.0518  data: 0.0000  max mem: 5880
      ITM Evaluation: [3300/6156]  eta: 0:02:23    time: 0.0517  data: 0.0000  max mem: 5880
      ITM Evaluation: [3400/6156]  eta: 0:02:18    time: 0.0447  data: 0.0000  max mem: 5880
      ITM Evaluation: [3500/6156]  eta: 0:02:13    time: 0.0518  data: 0.0000  max mem: 5880
      ITM Evaluation: [3600/6156]  eta: 0:02:08    time: 0.0470  data: 0.0000  max mem: 5880
      ITM Evaluation: [3700/6156]  eta: 0:02:03    time: 0.0515  data: 0.0000  max mem: 5880
      ITM Evaluation: [3800/6156]  eta: 0:01:58    time: 0.0515  data: 0.0000  max mem: 5880
      ITM Evaluation: [3900/6156]  eta: 0:01:53    time: 0.0522  data: 0.0000  max mem: 5880
      ITM Evaluation: [4000/6156]  eta: 0:01:48    time: 0.0498  data: 0.0000  max mem: 5880
      ITM Evaluation: [4100/6156]  eta: 0:01:43    time: 0.0476  data: 0.0000  max mem: 5880
      ITM Evaluation: [4200/6156]  eta: 0:01:38    time: 0.0522  data: 0.0000  max mem: 5880
      ITM Evaluation: [4300/6156]  eta: 0:01:33    time: 0.0510  data: 0.0000  max mem: 5880
      ITM Evaluation: [4400/6156]  eta: 0:01:28    time: 0.0457  data: 0.0000  max mem: 5880
      ITM Evaluation: [4500/6156]  eta: 0:01:23    time: 0.0528  data: 0.0000  max mem: 5880
      ITM Evaluation: [4600/6156]  eta: 0:01:18    time: 0.0526  data: 0.0000  max mem: 5880
      ITM Evaluation: [4700/6156]  eta: 0:01:13    time: 0.0514  data: 0.0000  max mem: 5880
      ITM Evaluation: [4800/6156]  eta: 0:01:08    time: 0.0493  data: 0.0000  max mem: 5880
      ITM Evaluation: [4900/6156]  eta: 0:01:03    time: 0.0528  data: 0.0000  max mem: 5880
      ITM Evaluation: [5000/6156]  eta: 0:00:58    time: 0.0441  data: 0.0000  max mem: 5880
      ITM Evaluation: [5100/6156]  eta: 0:00:53    time: 0.0524  data: 0.0000  max mem: 5880
      ITM Evaluation: [5200/6156]  eta: 0:00:48    time: 0.0504  data: 0.0000  max mem: 5880
      ITM Evaluation: [5300/6156]  eta: 0:00:43    time: 0.0449  data: 0.0000  max mem: 5880
      ITM Evaluation: [5400/6156]  eta: 0:00:38    time: 0.0518  data: 0.0000  max mem: 5880
      ITM Evaluation: [5500/6156]  eta: 0:00:32    time: 0.0540  data: 0.0000  max mem: 5880
      ITM Evaluation: [5600/6156]  eta: 0:00:27    time: 0.0526  data: 0.0000  max mem: 5880
      ITM Evaluation: [5700/6156]  eta: 0:00:22    time: 0.0438  data: 0.0000  max mem: 5880
      ITM Evaluation: [5800/6156]  eta: 0:00:17    time: 0.0510  data: 0.0000  max mem: 5880
      ITM Evaluation: [5900/6156]  eta: 0:00:12    time: 0.0526  data: 0.0000  max mem: 5880
      ITM Evaluation: [6000/6156]  eta: 0:00:07    time: 0.0503  data: 0.0000  max mem: 5880
      ITM Evaluation: [6100/6156]  eta: 0:00:02    time: 0.0531  data: 0.0000  max mem: 5880
      ITM Evaluation: [6155/6156]  eta: 0:00:00    time: 0.0537  data: 0.0000  max mem: 5880
      ITM Evaluation: Total time: 0:05:09 (0.0503 s / it)
     total_time 309.51260805130005
     Computing matching score time 0:05:09
### TTA ITM Score: 
+-------+--------+--------+--------+--------+--------+
| epoch |   R1   |   R5   |  R10   |  mAP   |  mINP  |
+-------+--------+--------+--------+--------+--------+
|  -999 | 70.760 | 87.378 | 92.268 | 63.849 | 48.174 |
|  -999 | 76.170 | 89.457 | 93.600 | 65.570 | 47.372 |
|   0   | 65.335 | 88.109 | 92.771 | 60.199 | 43.479 |
|   1   | 63.207 | 87.833 | 93.047 | 59.105 | 43.215 |
|   2   | 59.860 | 87.281 | 92.755 | 57.159 | 41.659 |
|   3   | 58.203 | 87.070 | 92.771 | 56.083 | 41.013 |
|   4   | 58.431 | 87.183 | 92.641 | 56.112 | 40.589 |
|   5   | 60.315 | 87.411 | 92.723 | 57.092 | 41.225 |
|   6   | 58.528 | 87.167 | 92.755 | 56.280 | 40.902 |
|   7   | 60.559 | 87.443 | 92.982 | 57.363 | 41.785 |
|   8   | 61.680 | 87.638 | 92.836 | 57.913 | 41.822 |
|   9   | 64.003 | 87.947 | 92.641 | 59.279 | 42.777 |
|   10  | 63.661 | 88.044 | 92.788 | 59.278 | 43.062 |
|   11  | 63.726 | 87.995 | 92.820 | 59.451 | 43.306 |
|   12  | 63.840 | 87.995 | 92.755 | 59.347 | 43.128 |
+-------+--------+--------+--------+--------+--------+
     logs:  {'epo': 12, 'R1': 63.84, 'R5': 87.995, 'R10': 92.755, 'mAP': 59.347, 'mINP': 43.128, 'lr': 5.9e-05, 'entropy': 0.179335, 'loss': 2.760133}
      TTA Epoch: [13] [  0/384]  eta: 0:04:27  lr: 0.000057  entropy: 0.1521  loss: 2.7501  time: 0.6961  data: 0.5552  max mem: 5880
      TTA Epoch: [13] [100/384]  eta: 0:00:23  lr: 0.000056  entropy: 0.1409  loss: 2.7459  time: 0.0709  data: 0.0001  max mem: 5880
      TTA Epoch: [13] [200/384]  eta: 0:00:14  lr: 0.000056  entropy: 0.1945  loss: 2.7661  time: 0.0844  data: 0.0001  max mem: 5880
      TTA Epoch: [13] [300/384]  eta: 0:00:06  lr: 0.000055  entropy: 0.1118  loss: 2.7348  time: 0.0868  data: 0.0002  max mem: 5880
      TTA Epoch: [13] [383/384]  eta: 0:00:00  lr: 0.000054  entropy: 0.1819  loss: 2.7612  time: 0.0851  data: 0.0002  max mem: 5880
      TTA Epoch: [13] Total time: 0:00:30 (0.0801 s / it)
     Averaged stats: lr: 0.0001  entropy: 0.1750  loss: 2.7585
     itm tta time 0:00:30
     Computing matching score
      ITM Evaluation: [   0/6156]  eta: 0:06:49    time: 0.0665  data: 0.0069  max mem: 5880
      ITM Evaluation: [ 100/6156]  eta: 0:05:06    time: 0.0506  data: 0.0000  max mem: 5880
      ITM Evaluation: [ 200/6156]  eta: 0:05:00    time: 0.0520  data: 0.0000  max mem: 5880
      ITM Evaluation: [ 300/6156]  eta: 0:04:50    time: 0.0511  data: 0.0000  max mem: 5880
      ITM Evaluation: [ 400/6156]  eta: 0:04:46    time: 0.0523  data: 0.0000  max mem: 5880
      ITM Evaluation: [ 500/6156]  eta: 0:04:42    time: 0.0524  data: 0.0000  max mem: 5880
      ITM Evaluation: [ 600/6156]  eta: 0:04:35    time: 0.0527  data: 0.0000  max mem: 5880
      ITM Evaluation: [ 700/6156]  eta: 0:04:31    time: 0.0533  data: 0.0000  max mem: 5880
      ITM Evaluation: [ 800/6156]  eta: 0:04:26    time: 0.0445  data: 0.0000  max mem: 5880
      ITM Evaluation: [ 900/6156]  eta: 0:04:22    time: 0.0521  data: 0.0000  max mem: 5880
      ITM Evaluation: [1000/6156]  eta: 0:04:17    time: 0.0438  data: 0.0000  max mem: 5880
      ITM Evaluation: [1100/6156]  eta: 0:04:12    time: 0.0522  data: 0.0000  max mem: 5880
      ITM Evaluation: [1200/6156]  eta: 0:04:07    time: 0.0474  data: 0.0000  max mem: 5880
      ITM Evaluation: [1300/6156]  eta: 0:04:03    time: 0.0524  data: 0.0000  max mem: 5880
      ITM Evaluation: [1400/6156]  eta: 0:03:58    time: 0.0528  data: 0.0000  max mem: 5880
      ITM Evaluation: [1500/6156]  eta: 0:03:53    time: 0.0453  data: 0.0000  max mem: 5880
      ITM Evaluation: [1600/6156]  eta: 0:03:49    time: 0.0516  data: 0.0000  max mem: 5880
      ITM Evaluation: [1700/6156]  eta: 0:03:43    time: 0.0437  data: 0.0000  max mem: 5880
      ITM Evaluation: [1800/6156]  eta: 0:03:38    time: 0.0530  data: 0.0000  max mem: 5880
      ITM Evaluation: [1900/6156]  eta: 0:03:34    time: 0.0491  data: 0.0000  max mem: 5880
      ITM Evaluation: [2000/6156]  eta: 0:03:28    time: 0.0513  data: 0.0000  max mem: 5880
      ITM Evaluation: [2100/6156]  eta: 0:03:23    time: 0.0429  data: 0.0000  max mem: 5880
      ITM Evaluation: [2200/6156]  eta: 0:03:18    time: 0.0519  data: 0.0000  max mem: 5880
      ITM Evaluation: [2300/6156]  eta: 0:03:13    time: 0.0455  data: 0.0000  max mem: 5880
      ITM Evaluation: [2400/6156]  eta: 0:03:08    time: 0.0520  data: 0.0000  max mem: 5880
      ITM Evaluation: [2500/6156]  eta: 0:03:03    time: 0.0504  data: 0.0000  max mem: 5880
      ITM Evaluation: [2600/6156]  eta: 0:02:58    time: 0.0514  data: 0.0000  max mem: 5880
      ITM Evaluation: [2700/6156]  eta: 0:02:53    time: 0.0504  data: 0.0000  max mem: 5880
      ITM Evaluation: [2800/6156]  eta: 0:02:48    time: 0.0523  data: 0.0000  max mem: 5880
      ITM Evaluation: [2900/6156]  eta: 0:02:43    time: 0.0513  data: 0.0000  max mem: 5880
      ITM Evaluation: [3000/6156]  eta: 0:02:38    time: 0.0521  data: 0.0000  max mem: 5880
      ITM Evaluation: [3100/6156]  eta: 0:02:33    time: 0.0510  data: 0.0000  max mem: 5880
      ITM Evaluation: [3200/6156]  eta: 0:02:28    time: 0.0435  data: 0.0000  max mem: 5880
      ITM Evaluation: [3300/6156]  eta: 0:02:23    time: 0.0512  data: 0.0000  max mem: 5880
      ITM Evaluation: [3400/6156]  eta: 0:02:18    time: 0.0462  data: 0.0000  max mem: 5880
      ITM Evaluation: [3500/6156]  eta: 0:02:13    time: 0.0520  data: 0.0000  max mem: 5880
      ITM Evaluation: [3600/6156]  eta: 0:02:08    time: 0.0515  data: 0.0000  max mem: 5880
      ITM Evaluation: [3700/6156]  eta: 0:02:03    time: 0.0515  data: 0.0000  max mem: 5880
      ITM Evaluation: [3800/6156]  eta: 0:01:58    time: 0.0515  data: 0.0000  max mem: 5880
      ITM Evaluation: [3900/6156]  eta: 0:01:53    time: 0.0464  data: 0.0000  max mem: 5880
      ITM Evaluation: [4000/6156]  eta: 0:01:48    time: 0.0530  data: 0.0000  max mem: 5880
      ITM Evaluation: [4100/6156]  eta: 0:01:43    time: 0.0540  data: 0.0000  max mem: 5880
      ITM Evaluation: [4200/6156]  eta: 0:01:38    time: 0.0498  data: 0.0000  max mem: 5880
      ITM Evaluation: [4300/6156]  eta: 0:01:32    time: 0.0537  data: 0.0000  max mem: 5880
      ITM Evaluation: [4400/6156]  eta: 0:01:27    time: 0.0522  data: 0.0000  max mem: 5880
      ITM Evaluation: [4500/6156]  eta: 0:01:22    time: 0.0517  data: 0.0000  max mem: 5880
      ITM Evaluation: [4600/6156]  eta: 0:01:17    time: 0.0403  data: 0.0000  max mem: 5880
      ITM Evaluation: [4700/6156]  eta: 0:01:12    time: 0.0533  data: 0.0000  max mem: 5880
      ITM Evaluation: [4800/6156]  eta: 0:01:07    time: 0.0517  data: 0.0000  max mem: 5880
      ITM Evaluation: [4900/6156]  eta: 0:01:02    time: 0.0462  data: 0.0000  max mem: 5880
      ITM Evaluation: [5000/6156]  eta: 0:00:57    time: 0.0519  data: 0.0000  max mem: 5880
      ITM Evaluation: [5100/6156]  eta: 0:00:52    time: 0.0518  data: 0.0000  max mem: 5880
      ITM Evaluation: [5200/6156]  eta: 0:00:47    time: 0.0508  data: 0.0000  max mem: 5880
      ITM Evaluation: [5300/6156]  eta: 0:00:42    time: 0.0510  data: 0.0000  max mem: 5880
      ITM Evaluation: [5400/6156]  eta: 0:00:37    time: 0.0532  data: 0.0000  max mem: 5880
      ITM Evaluation: [5500/6156]  eta: 0:00:32    time: 0.0486  data: 0.0000  max mem: 5880
      ITM Evaluation: [5600/6156]  eta: 0:00:27    time: 0.0518  data: 0.0000  max mem: 5880
      ITM Evaluation: [5700/6156]  eta: 0:00:22    time: 0.0518  data: 0.0000  max mem: 5880
      ITM Evaluation: [5800/6156]  eta: 0:00:17    time: 0.0440  data: 0.0000  max mem: 5880
      ITM Evaluation: [5900/6156]  eta: 0:00:12    time: 0.0516  data: 0.0000  max mem: 5880
      ITM Evaluation: [6000/6156]  eta: 0:00:07    time: 0.0426  data: 0.0000  max mem: 5880
      ITM Evaluation: [6100/6156]  eta: 0:00:02    time: 0.0525  data: 0.0000  max mem: 5880
      ITM Evaluation: [6155/6156]  eta: 0:00:00    time: 0.0524  data: 0.0000  max mem: 5880
      ITM Evaluation: Total time: 0:05:07 (0.0499 s / it)
     total_time 307.2626008987427
     Computing matching score time 0:05:07
### TTA ITM Score: 
+-------+--------+--------+--------+--------+--------+
| epoch |   R1   |   R5   |  R10   |  mAP   |  mINP  |
+-------+--------+--------+--------+--------+--------+
|  -999 | 70.760 | 87.378 | 92.268 | 63.849 | 48.174 |
|  -999 | 76.170 | 89.457 | 93.600 | 65.570 | 47.372 |
|   0   | 65.335 | 88.109 | 92.771 | 60.199 | 43.479 |
|   1   | 63.207 | 87.833 | 93.047 | 59.105 | 43.215 |
|   2   | 59.860 | 87.281 | 92.755 | 57.159 | 41.659 |
|   3   | 58.203 | 87.070 | 92.771 | 56.083 | 41.013 |
|   4   | 58.431 | 87.183 | 92.641 | 56.112 | 40.589 |
|   5   | 60.315 | 87.411 | 92.723 | 57.092 | 41.225 |
|   6   | 58.528 | 87.167 | 92.755 | 56.280 | 40.902 |
|   7   | 60.559 | 87.443 | 92.982 | 57.363 | 41.785 |
|   8   | 61.680 | 87.638 | 92.836 | 57.913 | 41.822 |
|   9   | 64.003 | 87.947 | 92.641 | 59.279 | 42.777 |
|   10  | 63.661 | 88.044 | 92.788 | 59.278 | 43.062 |
|   11  | 63.726 | 87.995 | 92.820 | 59.451 | 43.306 |
|   12  | 63.840 | 87.995 | 92.755 | 59.347 | 43.128 |
|   13  | 63.726 | 87.947 | 92.885 | 59.387 | 43.346 |
+-------+--------+--------+--------+--------+--------+
     logs:  {'epo': 13, 'R1': 63.726, 'R5': 87.947, 'R10': 92.885, 'mAP': 59.387, 'mINP': 43.346, 'lr': 5.6e-05, 'entropy': 0.174972, 'loss': 2.758512}
      TTA Epoch: [14] [  0/384]  eta: 0:03:23  lr: 0.000054  entropy: 0.2035  loss: 2.7695  time: 0.5291  data: 0.4141  max mem: 5880
      TTA Epoch: [14] [100/384]  eta: 0:00:23  lr: 0.000053  entropy: 0.1780  loss: 2.7596  time: 0.0724  data: 0.0001  max mem: 5880
      TTA Epoch: [14] [200/384]  eta: 0:00:14  lr: 0.000052  entropy: 0.2377  loss: 2.7819  time: 0.0702  data: 0.0001  max mem: 5880
      TTA Epoch: [14] [300/384]  eta: 0:00:06  lr: 0.000051  entropy: 0.3572  loss: 2.8263  time: 0.0738  data: 0.0001  max mem: 5880
      TTA Epoch: [14] [383/384]  eta: 0:00:00  lr: 0.000051  entropy: 0.1325  loss: 2.7428  time: 0.0720  data: 0.0001  max mem: 5880
      TTA Epoch: [14] Total time: 0:00:29 (0.0771 s / it)
     Averaged stats: lr: 0.0001  entropy: 0.1727  loss: 2.7577
     itm tta time 0:00:29
     Computing matching score
      ITM Evaluation: [   0/6156]  eta: 0:06:12    time: 0.0605  data: 0.0087  max mem: 5880
      ITM Evaluation: [ 100/6156]  eta: 0:05:08    time: 0.0514  data: 0.0000  max mem: 5880
      ITM Evaluation: [ 200/6156]  eta: 0:04:58    time: 0.0461  data: 0.0000  max mem: 5880
      ITM Evaluation: [ 300/6156]  eta: 0:04:53    time: 0.0528  data: 0.0000  max mem: 5880
      ITM Evaluation: [ 400/6156]  eta: 0:04:48    time: 0.0512  data: 0.0000  max mem: 5880
      ITM Evaluation: [ 500/6156]  eta: 0:04:41    time: 0.0502  data: 0.0000  max mem: 5880
      ITM Evaluation: [ 600/6156]  eta: 0:04:36    time: 0.0475  data: 0.0000  max mem: 5880
      ITM Evaluation: [ 700/6156]  eta: 0:04:30    time: 0.0451  data: 0.0000  max mem: 5880
      ITM Evaluation: [ 800/6156]  eta: 0:04:26    time: 0.0523  data: 0.0000  max mem: 5880
      ITM Evaluation: [ 900/6156]  eta: 0:04:20    time: 0.0440  data: 0.0000  max mem: 5880
      ITM Evaluation: [1000/6156]  eta: 0:04:15    time: 0.0509  data: 0.0000  max mem: 5880
      ITM Evaluation: [1100/6156]  eta: 0:04:10    time: 0.0510  data: 0.0000  max mem: 5880
      ITM Evaluation: [1200/6156]  eta: 0:04:05    time: 0.0450  data: 0.0000  max mem: 5880
      ITM Evaluation: [1300/6156]  eta: 0:04:00    time: 0.0517  data: 0.0000  max mem: 5880
      ITM Evaluation: [1400/6156]  eta: 0:03:55    time: 0.0515  data: 0.0000  max mem: 5880
      ITM Evaluation: [1500/6156]  eta: 0:03:51    time: 0.0523  data: 0.0000  max mem: 5880
      ITM Evaluation: [1600/6156]  eta: 0:03:46    time: 0.0533  data: 0.0000  max mem: 5880
      ITM Evaluation: [1700/6156]  eta: 0:03:41    time: 0.0502  data: 0.0000  max mem: 5880
      ITM Evaluation: [1800/6156]  eta: 0:03:36    time: 0.0526  data: 0.0000  max mem: 5880
      ITM Evaluation: [1900/6156]  eta: 0:03:31    time: 0.0461  data: 0.0000  max mem: 5880
      ITM Evaluation: [2000/6156]  eta: 0:03:26    time: 0.0529  data: 0.0000  max mem: 5880
      ITM Evaluation: [2100/6156]  eta: 0:03:21    time: 0.0519  data: 0.0000  max mem: 5880
      ITM Evaluation: [2200/6156]  eta: 0:03:17    time: 0.0516  data: 0.0000  max mem: 5880
      ITM Evaluation: [2300/6156]  eta: 0:03:12    time: 0.0523  data: 0.0000  max mem: 5880
      ITM Evaluation: [2400/6156]  eta: 0:03:07    time: 0.0465  data: 0.0000  max mem: 5880
      ITM Evaluation: [2500/6156]  eta: 0:03:02    time: 0.0525  data: 0.0000  max mem: 5880
      ITM Evaluation: [2600/6156]  eta: 0:02:57    time: 0.0500  data: 0.0000  max mem: 5880
      ITM Evaluation: [2700/6156]  eta: 0:02:52    time: 0.0520  data: 0.0000  max mem: 5880
      ITM Evaluation: [2800/6156]  eta: 0:02:47    time: 0.0482  data: 0.0000  max mem: 5880
      ITM Evaluation: [2900/6156]  eta: 0:02:42    time: 0.0531  data: 0.0000  max mem: 5880
      ITM Evaluation: [3000/6156]  eta: 0:02:37    time: 0.0501  data: 0.0000  max mem: 5880
      ITM Evaluation: [3100/6156]  eta: 0:02:32    time: 0.0527  data: 0.0000  max mem: 5880
      ITM Evaluation: [3200/6156]  eta: 0:02:27    time: 0.0443  data: 0.0000  max mem: 5880
      ITM Evaluation: [3300/6156]  eta: 0:02:22    time: 0.0520  data: 0.0000  max mem: 5880
      ITM Evaluation: [3400/6156]  eta: 0:02:17    time: 0.0515  data: 0.0000  max mem: 5880
      ITM Evaluation: [3500/6156]  eta: 0:02:12    time: 0.0526  data: 0.0000  max mem: 5880
      ITM Evaluation: [3600/6156]  eta: 0:02:07    time: 0.0434  data: 0.0000  max mem: 5880
      ITM Evaluation: [3700/6156]  eta: 0:02:02    time: 0.0521  data: 0.0000  max mem: 5880
      ITM Evaluation: [3800/6156]  eta: 0:01:57    time: 0.0442  data: 0.0000  max mem: 5880
      ITM Evaluation: [3900/6156]  eta: 0:01:52    time: 0.0514  data: 0.0000  max mem: 5880
      ITM Evaluation: [4000/6156]  eta: 0:01:47    time: 0.0538  data: 0.0000  max mem: 5880
      ITM Evaluation: [4100/6156]  eta: 0:01:42    time: 0.0451  data: 0.0000  max mem: 5880
      ITM Evaluation: [4200/6156]  eta: 0:01:37    time: 0.0514  data: 0.0000  max mem: 5880
      ITM Evaluation: [4300/6156]  eta: 0:01:32    time: 0.0512  data: 0.0000  max mem: 5880
      ITM Evaluation: [4400/6156]  eta: 0:01:27    time: 0.0479  data: 0.0000  max mem: 5880
      ITM Evaluation: [4500/6156]  eta: 0:01:22    time: 0.0432  data: 0.0000  max mem: 5880
      ITM Evaluation: [4600/6156]  eta: 0:01:17    time: 0.0515  data: 0.0000  max mem: 5880
      ITM Evaluation: [4700/6156]  eta: 0:01:12    time: 0.0433  data: 0.0000  max mem: 5880
      ITM Evaluation: [4800/6156]  eta: 0:01:07    time: 0.0521  data: 0.0000  max mem: 5880
      ITM Evaluation: [4900/6156]  eta: 0:01:02    time: 0.0454  data: 0.0000  max mem: 5880
      ITM Evaluation: [5000/6156]  eta: 0:00:57    time: 0.0521  data: 0.0000  max mem: 5880
      ITM Evaluation: [5100/6156]  eta: 0:00:52    time: 0.0429  data: 0.0000  max mem: 5880
      ITM Evaluation: [5200/6156]  eta: 0:00:47    time: 0.0522  data: 0.0000  max mem: 5880
      ITM Evaluation: [5300/6156]  eta: 0:00:42    time: 0.0538  data: 0.0000  max mem: 5880
      ITM Evaluation: [5400/6156]  eta: 0:00:37    time: 0.0454  data: 0.0000  max mem: 5880
      ITM Evaluation: [5500/6156]  eta: 0:00:32    time: 0.0515  data: 0.0000  max mem: 5880
      ITM Evaluation: [5600/6156]  eta: 0:00:27    time: 0.0455  data: 0.0000  max mem: 5880
      ITM Evaluation: [5700/6156]  eta: 0:00:22    time: 0.0525  data: 0.0000  max mem: 5880
      ITM Evaluation: [5800/6156]  eta: 0:00:17    time: 0.0442  data: 0.0000  max mem: 5880
      ITM Evaluation: [5900/6156]  eta: 0:00:12    time: 0.0523  data: 0.0000  max mem: 5880
      ITM Evaluation: [6000/6156]  eta: 0:00:07    time: 0.0516  data: 0.0000  max mem: 5880
      ITM Evaluation: [6100/6156]  eta: 0:00:02    time: 0.0471  data: 0.0000  max mem: 5880
      ITM Evaluation: [6155/6156]  eta: 0:00:00    time: 0.0517  data: 0.0000  max mem: 5880
      ITM Evaluation: Total time: 0:05:07 (0.0500 s / it)
     total_time 307.65932607650757
     Computing matching score time 0:05:07
### TTA ITM Score: 
+-------+--------+--------+--------+--------+--------+
| epoch |   R1   |   R5   |  R10   |  mAP   |  mINP  |
+-------+--------+--------+--------+--------+--------+
|  -999 | 70.760 | 87.378 | 92.268 | 63.849 | 48.174 |
|  -999 | 76.170 | 89.457 | 93.600 | 65.570 | 47.372 |
|   0   | 65.335 | 88.109 | 92.771 | 60.199 | 43.479 |
|   1   | 63.207 | 87.833 | 93.047 | 59.105 | 43.215 |
|   2   | 59.860 | 87.281 | 92.755 | 57.159 | 41.659 |
|   3   | 58.203 | 87.070 | 92.771 | 56.083 | 41.013 |
|   4   | 58.431 | 87.183 | 92.641 | 56.112 | 40.589 |
|   5   | 60.315 | 87.411 | 92.723 | 57.092 | 41.225 |
|   6   | 58.528 | 87.167 | 92.755 | 56.280 | 40.902 |
|   7   | 60.559 | 87.443 | 92.982 | 57.363 | 41.785 |
|   8   | 61.680 | 87.638 | 92.836 | 57.913 | 41.822 |
|   9   | 64.003 | 87.947 | 92.641 | 59.279 | 42.777 |
|   10  | 63.661 | 88.044 | 92.788 | 59.278 | 43.062 |
|   11  | 63.726 | 87.995 | 92.820 | 59.451 | 43.306 |
|   12  | 63.840 | 87.995 | 92.755 | 59.347 | 43.128 |
|   13  | 63.726 | 87.947 | 92.885 | 59.387 | 43.346 |
|   14  | 64.003 | 88.125 | 92.966 | 59.549 | 43.485 |
+-------+--------+--------+--------+--------+--------+
     logs:  {'epo': 14, 'R1': 64.003, 'R5': 88.125, 'R10': 92.966, 'mAP': 59.549, 'mINP': 43.485, 'lr': 5.2e-05, 'entropy': 0.172746, 'loss': 2.757688}
      TTA Epoch: [15] [  0/384]  eta: 0:03:12  lr: 0.000051  entropy: 0.1226  loss: 2.7392  time: 0.5024  data: 0.4001  max mem: 5880
      TTA Epoch: [15] [100/384]  eta: 0:00:22  lr: 0.000050  entropy: 0.2987  loss: 2.8041  time: 0.0699  data: 0.0001  max mem: 5880
      TTA Epoch: [15] [200/384]  eta: 0:00:14  lr: 0.000049  entropy: 0.0850  loss: 2.7251  time: 0.0797  data: 0.0001  max mem: 5880
      TTA Epoch: [15] [300/384]  eta: 0:00:06  lr: 0.000048  entropy: 0.1962  loss: 2.7665  time: 0.0728  data: 0.0001  max mem: 5880
      TTA Epoch: [15] [383/384]  eta: 0:00:00  lr: 0.000047  entropy: 0.1132  loss: 2.7353  time: 0.0755  data: 0.0001  max mem: 5880
      TTA Epoch: [15] Total time: 0:00:29 (0.0773 s / it)
     Averaged stats: lr: 0.0000  entropy: 0.1688  loss: 2.7562
     itm tta time 0:00:29
     Computing matching score
      ITM Evaluation: [   0/6156]  eta: 0:04:21    time: 0.0425  data: 0.0069  max mem: 5880
      ITM Evaluation: [ 100/6156]  eta: 0:04:56    time: 0.0531  data: 0.0000  max mem: 5880
      ITM Evaluation: [ 200/6156]  eta: 0:04:58    time: 0.0527  data: 0.0000  max mem: 5880
      ITM Evaluation: [ 300/6156]  eta: 0:04:51    time: 0.0524  data: 0.0000  max mem: 5880
      ITM Evaluation: [ 400/6156]  eta: 0:04:46    time: 0.0520  data: 0.0000  max mem: 5880
      ITM Evaluation: [ 500/6156]  eta: 0:04:42    time: 0.0524  data: 0.0000  max mem: 5880
      ITM Evaluation: [ 600/6156]  eta: 0:04:37    time: 0.0542  data: 0.0000  max mem: 5880
      ITM Evaluation: [ 700/6156]  eta: 0:04:32    time: 0.0522  data: 0.0000  max mem: 5880
      ITM Evaluation: [ 800/6156]  eta: 0:04:27    time: 0.0551  data: 0.0000  max mem: 5880
      ITM Evaluation: [ 900/6156]  eta: 0:04:24    time: 0.0528  data: 0.0000  max mem: 5880
      ITM Evaluation: [1000/6156]  eta: 0:04:19    time: 0.0532  data: 0.0000  max mem: 5880
      ITM Evaluation: [1100/6156]  eta: 0:04:20    time: 0.0535  data: 0.0000  max mem: 5880
      ITM Evaluation: [1200/6156]  eta: 0:04:15    time: 0.0484  data: 0.0000  max mem: 5880
      ITM Evaluation: [1300/6156]  eta: 0:04:09    time: 0.0529  data: 0.0000  max mem: 5880
      ITM Evaluation: [1400/6156]  eta: 0:04:04    time: 0.0534  data: 0.0000  max mem: 5880
      ITM Evaluation: [1500/6156]  eta: 0:03:58    time: 0.0504  data: 0.0000  max mem: 5880
      ITM Evaluation: [1600/6156]  eta: 0:03:53    time: 0.0525  data: 0.0000  max mem: 5880
      ITM Evaluation: [1700/6156]  eta: 0:03:47    time: 0.0469  data: 0.0000  max mem: 5880
      ITM Evaluation: [1800/6156]  eta: 0:03:42    time: 0.0527  data: 0.0000  max mem: 5880
      ITM Evaluation: [1900/6156]  eta: 0:03:37    time: 0.0498  data: 0.0000  max mem: 5880
      ITM Evaluation: [2000/6156]  eta: 0:03:32    time: 0.0525  data: 0.0000  max mem: 5880
      ITM Evaluation: [2100/6156]  eta: 0:03:26    time: 0.0431  data: 0.0000  max mem: 5880
      ITM Evaluation: [2200/6156]  eta: 0:03:21    time: 0.0517  data: 0.0000  max mem: 5880
      ITM Evaluation: [2300/6156]  eta: 0:03:16    time: 0.0472  data: 0.0000  max mem: 5880
      ITM Evaluation: [2400/6156]  eta: 0:03:11    time: 0.0529  data: 0.0000  max mem: 5880
      ITM Evaluation: [2500/6156]  eta: 0:03:06    time: 0.0466  data: 0.0000  max mem: 5880
      ITM Evaluation: [2600/6156]  eta: 0:03:01    time: 0.0517  data: 0.0000  max mem: 5880
      ITM Evaluation: [2700/6156]  eta: 0:02:55    time: 0.0425  data: 0.0000  max mem: 5880
      ITM Evaluation: [2800/6156]  eta: 0:02:50    time: 0.0518  data: 0.0000  max mem: 5880
      ITM Evaluation: [2900/6156]  eta: 0:02:45    time: 0.0514  data: 0.0000  max mem: 5880
      ITM Evaluation: [3000/6156]  eta: 0:02:40    time: 0.0529  data: 0.0000  max mem: 5880
      ITM Evaluation: [3100/6156]  eta: 0:02:35    time: 0.0520  data: 0.0000  max mem: 5880
      ITM Evaluation: [3200/6156]  eta: 0:02:29    time: 0.0457  data: 0.0000  max mem: 5880
      ITM Evaluation: [3300/6156]  eta: 0:02:24    time: 0.0532  data: 0.0000  max mem: 5880
      ITM Evaluation: [3400/6156]  eta: 0:02:19    time: 0.0525  data: 0.0000  max mem: 5880
      ITM Evaluation: [3500/6156]  eta: 0:02:14    time: 0.0527  data: 0.0000  max mem: 5880
      ITM Evaluation: [3600/6156]  eta: 0:02:09    time: 0.0504  data: 0.0000  max mem: 5880
      ITM Evaluation: [3700/6156]  eta: 0:02:04    time: 0.0533  data: 0.0000  max mem: 5880
      ITM Evaluation: [3800/6156]  eta: 0:01:59    time: 0.0522  data: 0.0000  max mem: 5880
      ITM Evaluation: [3900/6156]  eta: 0:01:54    time: 0.0551  data: 0.0000  max mem: 5880
      ITM Evaluation: [4000/6156]  eta: 0:01:49    time: 0.0514  data: 0.0000  max mem: 5880
      ITM Evaluation: [4100/6156]  eta: 0:01:44    time: 0.0513  data: 0.0000  max mem: 5880
      ITM Evaluation: [4200/6156]  eta: 0:01:38    time: 0.0519  data: 0.0000  max mem: 5880
      ITM Evaluation: [4300/6156]  eta: 0:01:33    time: 0.0422  data: 0.0000  max mem: 5880
      ITM Evaluation: [4400/6156]  eta: 0:01:28    time: 0.0511  data: 0.0000  max mem: 5880
      ITM Evaluation: [4500/6156]  eta: 0:01:23    time: 0.0516  data: 0.0000  max mem: 5880
      ITM Evaluation: [4600/6156]  eta: 0:01:18    time: 0.0525  data: 0.0000  max mem: 5880
      ITM Evaluation: [4700/6156]  eta: 0:01:13    time: 0.0519  data: 0.0000  max mem: 5880
      ITM Evaluation: [4800/6156]  eta: 0:01:08    time: 0.0514  data: 0.0000  max mem: 5880
      ITM Evaluation: [4900/6156]  eta: 0:01:03    time: 0.0513  data: 0.0000  max mem: 5880
      ITM Evaluation: [5000/6156]  eta: 0:00:58    time: 0.0517  data: 0.0000  max mem: 5880
      ITM Evaluation: [5100/6156]  eta: 0:00:53    time: 0.0423  data: 0.0000  max mem: 5880
      ITM Evaluation: [5200/6156]  eta: 0:00:48    time: 0.0512  data: 0.0000  max mem: 5880
      ITM Evaluation: [5300/6156]  eta: 0:00:43    time: 0.0462  data: 0.0000  max mem: 5880
      ITM Evaluation: [5400/6156]  eta: 0:00:38    time: 0.0446  data: 0.0000  max mem: 5880
      ITM Evaluation: [5500/6156]  eta: 0:00:33    time: 0.0516  data: 0.0000  max mem: 5880
      ITM Evaluation: [5600/6156]  eta: 0:00:28    time: 0.0467  data: 0.0000  max mem: 5880
      ITM Evaluation: [5700/6156]  eta: 0:00:22    time: 0.0522  data: 0.0000  max mem: 5880
      ITM Evaluation: [5800/6156]  eta: 0:00:17    time: 0.0497  data: 0.0000  max mem: 5880
      ITM Evaluation: [5900/6156]  eta: 0:00:12    time: 0.0524  data: 0.0000  max mem: 5880
      ITM Evaluation: [6000/6156]  eta: 0:00:07    time: 0.0444  data: 0.0000  max mem: 5880
      ITM Evaluation: [6100/6156]  eta: 0:00:02    time: 0.0530  data: 0.0000  max mem: 5880
      ITM Evaluation: [6155/6156]  eta: 0:00:00    time: 0.0522  data: 0.0000  max mem: 5880
      ITM Evaluation: Total time: 0:05:10 (0.0504 s / it)
     total_time 310.2984137535095
     Computing matching score time 0:05:10
### TTA ITM Score: 
+-------+--------+--------+--------+--------+--------+
| epoch |   R1   |   R5   |  R10   |  mAP   |  mINP  |
+-------+--------+--------+--------+--------+--------+
|  -999 | 70.760 | 87.378 | 92.268 | 63.849 | 48.174 |
|  -999 | 76.170 | 89.457 | 93.600 | 65.570 | 47.372 |
|   0   | 65.335 | 88.109 | 92.771 | 60.199 | 43.479 |
|   1   | 63.207 | 87.833 | 93.047 | 59.105 | 43.215 |
|   2   | 59.860 | 87.281 | 92.755 | 57.159 | 41.659 |
|   3   | 58.203 | 87.070 | 92.771 | 56.083 | 41.013 |
|   4   | 58.431 | 87.183 | 92.641 | 56.112 | 40.589 |
|   5   | 60.315 | 87.411 | 92.723 | 57.092 | 41.225 |
|   6   | 58.528 | 87.167 | 92.755 | 56.280 | 40.902 |
|   7   | 60.559 | 87.443 | 92.982 | 57.363 | 41.785 |
|   8   | 61.680 | 87.638 | 92.836 | 57.913 | 41.822 |
|   9   | 64.003 | 87.947 | 92.641 | 59.279 | 42.777 |
|   10  | 63.661 | 88.044 | 92.788 | 59.278 | 43.062 |
|   11  | 63.726 | 87.995 | 92.820 | 59.451 | 43.306 |
|   12  | 63.840 | 87.995 | 92.755 | 59.347 | 43.128 |
|   13  | 63.726 | 87.947 | 92.885 | 59.387 | 43.346 |
|   14  | 64.003 | 88.125 | 92.966 | 59.549 | 43.485 |
|   15  | 64.766 | 88.125 | 92.950 | 60.064 | 43.932 |
+-------+--------+--------+--------+--------+--------+
     logs:  {'epo': 15, 'R1': 64.766, 'R5': 88.125, 'R10': 92.95, 'mAP': 60.064, 'mINP': 43.932, 'lr': 4.9e-05, 'entropy': 0.168836, 'loss': 2.756235}
      TTA Epoch: [16] [  0/384]  eta: 0:02:59  lr: 0.000047  entropy: 0.0341  loss: 2.7063  time: 0.4680  data: 0.3665  max mem: 5880
      TTA Epoch: [16] [100/384]  eta: 0:00:22  lr: 0.000046  entropy: 0.1340  loss: 2.7427  time: 0.0808  data: 0.0001  max mem: 5880
      TTA Epoch: [16] [200/384]  eta: 0:00:14  lr: 0.000045  entropy: 0.1066  loss: 2.7333  time: 0.0824  data: 0.0001  max mem: 5880
      TTA Epoch: [16] [300/384]  eta: 0:00:06  lr: 0.000045  entropy: 0.0917  loss: 2.7277  time: 0.0747  data: 0.0001  max mem: 5880
      TTA Epoch: [16] [383/384]  eta: 0:00:00  lr: 0.000044  entropy: 0.1680  loss: 2.7559  time: 0.0822  data: 0.0002  max mem: 5880
      TTA Epoch: [16] Total time: 0:00:29 (0.0781 s / it)
     Averaged stats: lr: 0.0000  entropy: 0.1667  loss: 2.7554
     itm tta time 0:00:30
     Computing matching score
      ITM Evaluation: [   0/6156]  eta: 0:07:14    time: 0.0705  data: 0.0154  max mem: 5880
      ITM Evaluation: [ 100/6156]  eta: 0:05:10    time: 0.0524  data: 0.0000  max mem: 5880
      ITM Evaluation: [ 200/6156]  eta: 0:05:06    time: 0.0467  data: 0.0000  max mem: 5880
      ITM Evaluation: [ 300/6156]  eta: 0:05:04    time: 0.0540  data: 0.0000  max mem: 5880
      ITM Evaluation: [ 400/6156]  eta: 0:05:00    time: 0.0515  data: 0.0000  max mem: 5880
      ITM Evaluation: [ 500/6156]  eta: 0:04:55    time: 0.0546  data: 0.0000  max mem: 5880
      ITM Evaluation: [ 600/6156]  eta: 0:04:53    time: 0.0667  data: 0.0000  max mem: 5880
      ITM Evaluation: [ 700/6156]  eta: 0:04:51    time: 0.0512  data: 0.0000  max mem: 5880
      ITM Evaluation: [ 800/6156]  eta: 0:04:49    time: 0.0740  data: 0.0000  max mem: 5880
      ITM Evaluation: [ 900/6156]  eta: 0:04:43    time: 0.0536  data: 0.0000  max mem: 5880
      ITM Evaluation: [1000/6156]  eta: 0:04:38    time: 0.0558  data: 0.0000  max mem: 5880
      ITM Evaluation: [1100/6156]  eta: 0:04:32    time: 0.0543  data: 0.0000  max mem: 5880
      ITM Evaluation: [1200/6156]  eta: 0:04:26    time: 0.0517  data: 0.0000  max mem: 5880
      ITM Evaluation: [1300/6156]  eta: 0:04:22    time: 0.0566  data: 0.0000  max mem: 5880
      ITM Evaluation: [1400/6156]  eta: 0:04:17    time: 0.0566  data: 0.0000  max mem: 5880
      ITM Evaluation: [1500/6156]  eta: 0:04:11    time: 0.0562  data: 0.0000  max mem: 5880
      ITM Evaluation: [1600/6156]  eta: 0:04:06    time: 0.0538  data: 0.0000  max mem: 5880
      ITM Evaluation: [1700/6156]  eta: 0:04:00    time: 0.0507  data: 0.0000  max mem: 5880
      ITM Evaluation: [1800/6156]  eta: 0:03:53    time: 0.0452  data: 0.0000  max mem: 5880
      ITM Evaluation: [1900/6156]  eta: 0:03:48    time: 0.0527  data: 0.0000  max mem: 5880
      ITM Evaluation: [2000/6156]  eta: 0:03:42    time: 0.0458  data: 0.0000  max mem: 5880
      ITM Evaluation: [2100/6156]  eta: 0:03:36    time: 0.0522  data: 0.0000  max mem: 5880
      ITM Evaluation: [2200/6156]  eta: 0:03:30    time: 0.0531  data: 0.0000  max mem: 5880
      ITM Evaluation: [2300/6156]  eta: 0:03:25    time: 0.0538  data: 0.0000  max mem: 5880
      ITM Evaluation: [2400/6156]  eta: 0:03:19    time: 0.0472  data: 0.0000  max mem: 5880
      ITM Evaluation: [2500/6156]  eta: 0:03:13    time: 0.0499  data: 0.0000  max mem: 5880
      ITM Evaluation: [2600/6156]  eta: 0:03:08    time: 0.0532  data: 0.0000  max mem: 5880
      ITM Evaluation: [2700/6156]  eta: 0:03:02    time: 0.0540  data: 0.0000  max mem: 5880
      ITM Evaluation: [2800/6156]  eta: 0:02:56    time: 0.0451  data: 0.0000  max mem: 5880
      ITM Evaluation: [2900/6156]  eta: 0:02:51    time: 0.0526  data: 0.0000  max mem: 5880
      ITM Evaluation: [3000/6156]  eta: 0:02:46    time: 0.0549  data: 0.0000  max mem: 5880
      ITM Evaluation: [3100/6156]  eta: 0:02:40    time: 0.0530  data: 0.0000  max mem: 5880
      ITM Evaluation: [3200/6156]  eta: 0:02:35    time: 0.0534  data: 0.0000  max mem: 5880
      ITM Evaluation: [3300/6156]  eta: 0:02:29    time: 0.0469  data: 0.0000  max mem: 5880
      ITM Evaluation: [3400/6156]  eta: 0:02:24    time: 0.0524  data: 0.0000  max mem: 5880
      ITM Evaluation: [3500/6156]  eta: 0:02:19    time: 0.0537  data: 0.0000  max mem: 5880
      ITM Evaluation: [3600/6156]  eta: 0:02:13    time: 0.0533  data: 0.0000  max mem: 5880
      ITM Evaluation: [3700/6156]  eta: 0:02:08    time: 0.0442  data: 0.0000  max mem: 5880
      ITM Evaluation: [3800/6156]  eta: 0:02:03    time: 0.0539  data: 0.0000  max mem: 5880
      ITM Evaluation: [3900/6156]  eta: 0:01:58    time: 0.0531  data: 0.0000  max mem: 5880
      ITM Evaluation: [4000/6156]  eta: 0:01:52    time: 0.0539  data: 0.0000  max mem: 5880
      ITM Evaluation: [4100/6156]  eta: 0:01:47    time: 0.0535  data: 0.0000  max mem: 5880
      ITM Evaluation: [4200/6156]  eta: 0:01:42    time: 0.0520  data: 0.0000  max mem: 5880
      ITM Evaluation: [4300/6156]  eta: 0:01:36    time: 0.0549  data: 0.0000  max mem: 5880
      ITM Evaluation: [4400/6156]  eta: 0:01:31    time: 0.0467  data: 0.0000  max mem: 5880
      ITM Evaluation: [4500/6156]  eta: 0:01:26    time: 0.0535  data: 0.0000  max mem: 5880
      ITM Evaluation: [4600/6156]  eta: 0:01:21    time: 0.0525  data: 0.0000  max mem: 5880
      ITM Evaluation: [4700/6156]  eta: 0:01:15    time: 0.0464  data: 0.0000  max mem: 5880
      ITM Evaluation: [4800/6156]  eta: 0:01:10    time: 0.0530  data: 0.0000  max mem: 5880
      ITM Evaluation: [4900/6156]  eta: 0:01:05    time: 0.0453  data: 0.0000  max mem: 5880
      ITM Evaluation: [5000/6156]  eta: 0:01:00    time: 0.0528  data: 0.0000  max mem: 5880
      ITM Evaluation: [5100/6156]  eta: 0:00:54    time: 0.0523  data: 0.0000  max mem: 5880
      ITM Evaluation: [5200/6156]  eta: 0:00:49    time: 0.0501  data: 0.0000  max mem: 5880
      ITM Evaluation: [5300/6156]  eta: 0:00:44    time: 0.0535  data: 0.0000  max mem: 5880
      ITM Evaluation: [5400/6156]  eta: 0:00:39    time: 0.0432  data: 0.0000  max mem: 5880
      ITM Evaluation: [5500/6156]  eta: 0:00:33    time: 0.0515  data: 0.0000  max mem: 5880
      ITM Evaluation: [5600/6156]  eta: 0:00:28    time: 0.0514  data: 0.0000  max mem: 5880
      ITM Evaluation: [5700/6156]  eta: 0:00:23    time: 0.0526  data: 0.0000  max mem: 5880
      ITM Evaluation: [5800/6156]  eta: 0:00:18    time: 0.0475  data: 0.0000  max mem: 5880
      ITM Evaluation: [5900/6156]  eta: 0:00:13    time: 0.0517  data: 0.0000  max mem: 5880
      ITM Evaluation: [6000/6156]  eta: 0:00:08    time: 0.0474  data: 0.0000  max mem: 5880
      ITM Evaluation: [6100/6156]  eta: 0:00:02    time: 0.0535  data: 0.0000  max mem: 5880
      ITM Evaluation: [6155/6156]  eta: 0:00:00    time: 0.0521  data: 0.0000  max mem: 5880
      ITM Evaluation: Total time: 0:05:17 (0.0516 s / it)
     total_time 318.0300085544586
     Computing matching score time 0:05:18
### TTA ITM Score: 
+-------+--------+--------+--------+--------+--------+
| epoch |   R1   |   R5   |  R10   |  mAP   |  mINP  |
+-------+--------+--------+--------+--------+--------+
|  -999 | 70.760 | 87.378 | 92.268 | 63.849 | 48.174 |
|  -999 | 76.170 | 89.457 | 93.600 | 65.570 | 47.372 |
|   0   | 65.335 | 88.109 | 92.771 | 60.199 | 43.479 |
|   1   | 63.207 | 87.833 | 93.047 | 59.105 | 43.215 |
|   2   | 59.860 | 87.281 | 92.755 | 57.159 | 41.659 |
|   3   | 58.203 | 87.070 | 92.771 | 56.083 | 41.013 |
|   4   | 58.431 | 87.183 | 92.641 | 56.112 | 40.589 |
|   5   | 60.315 | 87.411 | 92.723 | 57.092 | 41.225 |
|   6   | 58.528 | 87.167 | 92.755 | 56.280 | 40.902 |
|   7   | 60.559 | 87.443 | 92.982 | 57.363 | 41.785 |
|   8   | 61.680 | 87.638 | 92.836 | 57.913 | 41.822 |
|   9   | 64.003 | 87.947 | 92.641 | 59.279 | 42.777 |
|   10  | 63.661 | 88.044 | 92.788 | 59.278 | 43.062 |
|   11  | 63.726 | 87.995 | 92.820 | 59.451 | 43.306 |
|   12  | 63.840 | 87.995 | 92.755 | 59.347 | 43.128 |
|   13  | 63.726 | 87.947 | 92.885 | 59.387 | 43.346 |
|   14  | 64.003 | 88.125 | 92.966 | 59.549 | 43.485 |
|   15  | 64.766 | 88.125 | 92.950 | 60.064 | 43.932 |
|   16  | 64.717 | 88.142 | 92.934 | 59.842 | 43.658 |
+-------+--------+--------+--------+--------+--------+
     logs:  {'epo': 16, 'R1': 64.717, 'R5': 88.142, 'R10': 92.934, 'mAP': 59.842, 'mINP': 43.658, 'lr': 4.6e-05, 'entropy': 0.16667, 'loss': 2.75543}
      TTA Epoch: [17] [  0/384]  eta: 0:02:59  lr: 0.000044  entropy: 0.0707  loss: 2.7202  time: 0.4680  data: 0.3619  max mem: 5880
      TTA Epoch: [17] [100/384]  eta: 0:00:22  lr: 0.000043  entropy: 0.1607  loss: 2.7532  time: 0.0823  data: 0.0001  max mem: 5880
      TTA Epoch: [17] [200/384]  eta: 0:00:14  lr: 0.000042  entropy: 0.1673  loss: 2.7555  time: 0.0792  data: 0.0001  max mem: 5880
      TTA Epoch: [17] [300/384]  eta: 0:00:06  lr: 0.000041  entropy: 0.1166  loss: 2.7364  time: 0.0821  data: 0.0001  max mem: 5880
      TTA Epoch: [17] [383/384]  eta: 0:00:00  lr: 0.000041  entropy: 0.0704  loss: 2.7196  time: 0.0777  data: 0.0001  max mem: 5880
      TTA Epoch: [17] Total time: 0:00:29 (0.0775 s / it)
     Averaged stats: lr: 0.0000  entropy: 0.1625  loss: 2.7539
     itm tta time 0:00:29
     Computing matching score
      ITM Evaluation: [   0/6156]  eta: 0:07:17    time: 0.0711  data: 0.0060  max mem: 5880
      ITM Evaluation: [ 100/6156]  eta: 0:05:09    time: 0.0526  data: 0.0000  max mem: 5880
      ITM Evaluation: [ 200/6156]  eta: 0:05:07    time: 0.0521  data: 0.0000  max mem: 5880
      ITM Evaluation: [ 300/6156]  eta: 0:04:57    time: 0.0516  data: 0.0000  max mem: 5880
      ITM Evaluation: [ 400/6156]  eta: 0:04:50    time: 0.0462  data: 0.0000  max mem: 5880
      ITM Evaluation: [ 500/6156]  eta: 0:04:46    time: 0.0523  data: 0.0000  max mem: 5880
      ITM Evaluation: [ 600/6156]  eta: 0:04:39    time: 0.0465  data: 0.0000  max mem: 5880
      ITM Evaluation: [ 700/6156]  eta: 0:04:34    time: 0.0494  data: 0.0000  max mem: 5880
      ITM Evaluation: [ 800/6156]  eta: 0:04:29    time: 0.0534  data: 0.0000  max mem: 5880
      ITM Evaluation: [ 900/6156]  eta: 0:04:24    time: 0.0440  data: 0.0000  max mem: 5880
      ITM Evaluation: [1000/6156]  eta: 0:04:20    time: 0.0523  data: 0.0000  max mem: 5880
      ITM Evaluation: [1100/6156]  eta: 0:04:14    time: 0.0412  data: 0.0000  max mem: 5880
      ITM Evaluation: [1200/6156]  eta: 0:04:09    time: 0.0528  data: 0.0000  max mem: 5880
      ITM Evaluation: [1300/6156]  eta: 0:04:03    time: 0.0451  data: 0.0000  max mem: 5880
      ITM Evaluation: [1400/6156]  eta: 0:03:58    time: 0.0528  data: 0.0000  max mem: 5880
      ITM Evaluation: [1500/6156]  eta: 0:03:54    time: 0.0523  data: 0.0000  max mem: 5880
      ITM Evaluation: [1600/6156]  eta: 0:03:48    time: 0.0475  data: 0.0000  max mem: 5880
      ITM Evaluation: [1700/6156]  eta: 0:03:44    time: 0.0520  data: 0.0000  max mem: 5880
      ITM Evaluation: [1800/6156]  eta: 0:03:39    time: 0.0526  data: 0.0000  max mem: 5880
      ITM Evaluation: [1900/6156]  eta: 0:03:34    time: 0.0530  data: 0.0000  max mem: 5880
      ITM Evaluation: [2000/6156]  eta: 0:03:29    time: 0.0519  data: 0.0000  max mem: 5880
      ITM Evaluation: [2100/6156]  eta: 0:03:24    time: 0.0537  data: 0.0000  max mem: 5880
      ITM Evaluation: [2200/6156]  eta: 0:03:19    time: 0.0528  data: 0.0000  max mem: 5880
      ITM Evaluation: [2300/6156]  eta: 0:03:14    time: 0.0520  data: 0.0000  max mem: 5880
      ITM Evaluation: [2400/6156]  eta: 0:03:09    time: 0.0465  data: 0.0000  max mem: 5880
      ITM Evaluation: [2500/6156]  eta: 0:03:04    time: 0.0524  data: 0.0000  max mem: 5880
      ITM Evaluation: [2600/6156]  eta: 0:02:59    time: 0.0516  data: 0.0000  max mem: 5880
      ITM Evaluation: [2700/6156]  eta: 0:02:54    time: 0.0429  data: 0.0000  max mem: 5880
      ITM Evaluation: [2800/6156]  eta: 0:02:49    time: 0.0513  data: 0.0000  max mem: 5880
      ITM Evaluation: [2900/6156]  eta: 0:02:43    time: 0.0433  data: 0.0000  max mem: 5880
      ITM Evaluation: [3000/6156]  eta: 0:02:38    time: 0.0523  data: 0.0000  max mem: 5880
      ITM Evaluation: [3100/6156]  eta: 0:02:33    time: 0.0519  data: 0.0000  max mem: 5880
      ITM Evaluation: [3200/6156]  eta: 0:02:28    time: 0.0488  data: 0.0000  max mem: 5880
      ITM Evaluation: [3300/6156]  eta: 0:02:23    time: 0.0528  data: 0.0000  max mem: 5880
      ITM Evaluation: [3400/6156]  eta: 0:02:18    time: 0.0513  data: 0.0000  max mem: 5880
      ITM Evaluation: [3500/6156]  eta: 0:02:13    time: 0.0515  data: 0.0000  max mem: 5880
      ITM Evaluation: [3600/6156]  eta: 0:02:08    time: 0.0494  data: 0.0000  max mem: 5880
      ITM Evaluation: [3700/6156]  eta: 0:02:03    time: 0.0531  data: 0.0000  max mem: 5880
      ITM Evaluation: [3800/6156]  eta: 0:01:58    time: 0.0529  data: 0.0000  max mem: 5880
      ITM Evaluation: [3900/6156]  eta: 0:01:53    time: 0.0541  data: 0.0000  max mem: 5880
      ITM Evaluation: [4000/6156]  eta: 0:01:48    time: 0.0466  data: 0.0000  max mem: 5880
      ITM Evaluation: [4100/6156]  eta: 0:01:43    time: 0.0531  data: 0.0000  max mem: 5880
      ITM Evaluation: [4200/6156]  eta: 0:01:38    time: 0.0527  data: 0.0000  max mem: 5880
      ITM Evaluation: [4300/6156]  eta: 0:01:33    time: 0.0532  data: 0.0000  max mem: 5880
      ITM Evaluation: [4400/6156]  eta: 0:01:28    time: 0.0451  data: 0.0000  max mem: 5880
      ITM Evaluation: [4500/6156]  eta: 0:01:23    time: 0.0532  data: 0.0000  max mem: 5880
      ITM Evaluation: [4600/6156]  eta: 0:01:18    time: 0.0521  data: 0.0000  max mem: 5880
      ITM Evaluation: [4700/6156]  eta: 0:01:13    time: 0.0535  data: 0.0000  max mem: 5880
      ITM Evaluation: [4800/6156]  eta: 0:01:08    time: 0.0528  data: 0.0000  max mem: 5880
      ITM Evaluation: [4900/6156]  eta: 0:01:03    time: 0.0507  data: 0.0000  max mem: 5880
      ITM Evaluation: [5000/6156]  eta: 0:00:58    time: 0.0529  data: 0.0000  max mem: 5880
      ITM Evaluation: [5100/6156]  eta: 0:00:53    time: 0.0495  data: 0.0000  max mem: 5880
      ITM Evaluation: [5200/6156]  eta: 0:00:48    time: 0.0517  data: 0.0000  max mem: 5880
      ITM Evaluation: [5300/6156]  eta: 0:00:43    time: 0.0520  data: 0.0000  max mem: 5880
      ITM Evaluation: [5400/6156]  eta: 0:00:38    time: 0.0527  data: 0.0000  max mem: 5880
      ITM Evaluation: [5500/6156]  eta: 0:00:33    time: 0.0547  data: 0.0000  max mem: 5880
      ITM Evaluation: [5600/6156]  eta: 0:00:28    time: 0.0541  data: 0.0000  max mem: 5880
      ITM Evaluation: [5700/6156]  eta: 0:00:22    time: 0.0468  data: 0.0000  max mem: 5880
      ITM Evaluation: [5800/6156]  eta: 0:00:17    time: 0.0532  data: 0.0000  max mem: 5880
      ITM Evaluation: [5900/6156]  eta: 0:00:12    time: 0.0470  data: 0.0000  max mem: 5880
      ITM Evaluation: [6000/6156]  eta: 0:00:07    time: 0.0530  data: 0.0000  max mem: 5880
      ITM Evaluation: [6100/6156]  eta: 0:00:02    time: 0.0537  data: 0.0000  max mem: 5880
      ITM Evaluation: [6155/6156]  eta: 0:00:00    time: 0.0468  data: 0.0000  max mem: 5880
      ITM Evaluation: Total time: 0:05:10 (0.0504 s / it)
     total_time 310.54132318496704
     Computing matching score time 0:05:10
### TTA ITM Score: 
+-------+--------+--------+--------+--------+--------+
| epoch |   R1   |   R5   |  R10   |  mAP   |  mINP  |
+-------+--------+--------+--------+--------+--------+
|  -999 | 70.760 | 87.378 | 92.268 | 63.849 | 48.174 |
|  -999 | 76.170 | 89.457 | 93.600 | 65.570 | 47.372 |
|   0   | 65.335 | 88.109 | 92.771 | 60.199 | 43.479 |
|   1   | 63.207 | 87.833 | 93.047 | 59.105 | 43.215 |
|   2   | 59.860 | 87.281 | 92.755 | 57.159 | 41.659 |
|   3   | 58.203 | 87.070 | 92.771 | 56.083 | 41.013 |
|   4   | 58.431 | 87.183 | 92.641 | 56.112 | 40.589 |
|   5   | 60.315 | 87.411 | 92.723 | 57.092 | 41.225 |
|   6   | 58.528 | 87.167 | 92.755 | 56.280 | 40.902 |
|   7   | 60.559 | 87.443 | 92.982 | 57.363 | 41.785 |
|   8   | 61.680 | 87.638 | 92.836 | 57.913 | 41.822 |
|   9   | 64.003 | 87.947 | 92.641 | 59.279 | 42.777 |
|   10  | 63.661 | 88.044 | 92.788 | 59.278 | 43.062 |
|   11  | 63.726 | 87.995 | 92.820 | 59.451 | 43.306 |
|   12  | 63.840 | 87.995 | 92.755 | 59.347 | 43.128 |
|   13  | 63.726 | 87.947 | 92.885 | 59.387 | 43.346 |
|   14  | 64.003 | 88.125 | 92.966 | 59.549 | 43.485 |
|   15  | 64.766 | 88.125 | 92.950 | 60.064 | 43.932 |
|   16  | 64.717 | 88.142 | 92.934 | 59.842 | 43.658 |
|   17  | 64.717 | 88.093 | 92.869 | 59.917 | 43.628 |
+-------+--------+--------+--------+--------+--------+
     logs:  {'epo': 17, 'R1': 64.717, 'R5': 88.093, 'R10': 92.869, 'mAP': 59.917, 'mINP': 43.628, 'lr': 4.2e-05, 'entropy': 0.162484, 'loss': 2.753876}
      TTA Epoch: [18] [  0/384]  eta: 0:04:48  lr: 0.000041  entropy: 0.2767  loss: 2.7962  time: 0.7523  data: 0.6007  max mem: 5880
      TTA Epoch: [18] [100/384]  eta: 0:00:23  lr: 0.000040  entropy: 0.1734  loss: 2.7580  time: 0.0692  data: 0.0001  max mem: 5880
      TTA Epoch: [18] [200/384]  eta: 0:00:14  lr: 0.000039  entropy: 0.1157  loss: 2.7366  time: 0.0805  data: 0.0001  max mem: 5880
      TTA Epoch: [18] [300/384]  eta: 0:00:06  lr: 0.000038  entropy: 0.1628  loss: 2.7543  time: 0.0781  data: 0.0001  max mem: 5880
      TTA Epoch: [18] [383/384]  eta: 0:00:00  lr: 0.000037  entropy: 0.1053  loss: 2.7325  time: 0.0793  data: 0.0001  max mem: 5880
      TTA Epoch: [18] Total time: 0:00:29 (0.0766 s / it)
     Averaged stats: lr: 0.0000  entropy: 0.1586  loss: 2.7524
     itm tta time 0:00:29
     Computing matching score
      ITM Evaluation: [   0/6156]  eta: 0:04:23    time: 0.0428  data: 0.0083  max mem: 5880
      ITM Evaluation: [ 100/6156]  eta: 0:04:59    time: 0.0525  data: 0.0000  max mem: 5880
      ITM Evaluation: [ 200/6156]  eta: 0:04:56    time: 0.0543  data: 0.0000  max mem: 5880
      ITM Evaluation: [ 300/6156]  eta: 0:04:56    time: 0.0532  data: 0.0000  max mem: 5880
      ITM Evaluation: [ 400/6156]  eta: 0:04:48    time: 0.0442  data: 0.0000  max mem: 5880
      ITM Evaluation: [ 500/6156]  eta: 0:04:45    time: 0.0533  data: 0.0000  max mem: 5880
      ITM Evaluation: [ 600/6156]  eta: 0:04:40    time: 0.0542  data: 0.0000  max mem: 5880
      ITM Evaluation: [ 700/6156]  eta: 0:04:35    time: 0.0490  data: 0.0000  max mem: 5880
      ITM Evaluation: [ 800/6156]  eta: 0:04:31    time: 0.0537  data: 0.0000  max mem: 5880
      ITM Evaluation: [ 900/6156]  eta: 0:04:26    time: 0.0536  data: 0.0000  max mem: 5880
      ITM Evaluation: [1000/6156]  eta: 0:04:21    time: 0.0456  data: 0.0000  max mem: 5880
      ITM Evaluation: [1100/6156]  eta: 0:04:16    time: 0.0532  data: 0.0000  max mem: 5880
      ITM Evaluation: [1200/6156]  eta: 0:04:11    time: 0.0450  data: 0.0000  max mem: 5880
      ITM Evaluation: [1300/6156]  eta: 0:04:06    time: 0.0532  data: 0.0000  max mem: 5880
      ITM Evaluation: [1400/6156]  eta: 0:04:01    time: 0.0545  data: 0.0000  max mem: 5880
      ITM Evaluation: [1500/6156]  eta: 0:03:57    time: 0.0534  data: 0.0000  max mem: 5880
      ITM Evaluation: [1600/6156]  eta: 0:03:51    time: 0.0455  data: 0.0000  max mem: 5880
      ITM Evaluation: [1700/6156]  eta: 0:03:47    time: 0.0537  data: 0.0000  max mem: 5880
      ITM Evaluation: [1800/6156]  eta: 0:03:41    time: 0.0470  data: 0.0000  max mem: 5880
      ITM Evaluation: [1900/6156]  eta: 0:03:36    time: 0.0531  data: 0.0000  max mem: 5880
      ITM Evaluation: [2000/6156]  eta: 0:03:31    time: 0.0521  data: 0.0000  max mem: 5880
      ITM Evaluation: [2100/6156]  eta: 0:03:26    time: 0.0522  data: 0.0000  max mem: 5880
      ITM Evaluation: [2200/6156]  eta: 0:03:21    time: 0.0521  data: 0.0000  max mem: 5880
      ITM Evaluation: [2300/6156]  eta: 0:03:16    time: 0.0488  data: 0.0000  max mem: 5880
      ITM Evaluation: [2400/6156]  eta: 0:03:11    time: 0.0527  data: 0.0000  max mem: 5880
      ITM Evaluation: [2500/6156]  eta: 0:03:06    time: 0.0525  data: 0.0000  max mem: 5880
      ITM Evaluation: [2600/6156]  eta: 0:03:01    time: 0.0536  data: 0.0000  max mem: 5880
      ITM Evaluation: [2700/6156]  eta: 0:02:56    time: 0.0539  data: 0.0000  max mem: 5880
      ITM Evaluation: [2800/6156]  eta: 0:02:51    time: 0.0576  data: 0.0000  max mem: 5880
      ITM Evaluation: [2900/6156]  eta: 0:02:46    time: 0.0532  data: 0.0000  max mem: 5880
      ITM Evaluation: [3000/6156]  eta: 0:02:41    time: 0.0559  data: 0.0000  max mem: 5880
      ITM Evaluation: [3100/6156]  eta: 0:02:36    time: 0.0552  data: 0.0000  max mem: 5880
      ITM Evaluation: [3200/6156]  eta: 0:02:31    time: 0.0544  data: 0.0000  max mem: 5880
      ITM Evaluation: [3300/6156]  eta: 0:02:26    time: 0.0449  data: 0.0000  max mem: 5880
      ITM Evaluation: [3400/6156]  eta: 0:02:21    time: 0.0535  data: 0.0000  max mem: 5880
      ITM Evaluation: [3500/6156]  eta: 0:02:16    time: 0.0454  data: 0.0000  max mem: 5880
      ITM Evaluation: [3600/6156]  eta: 0:02:11    time: 0.0520  data: 0.0000  max mem: 5880
      ITM Evaluation: [3700/6156]  eta: 0:02:06    time: 0.0485  data: 0.0000  max mem: 5880
      ITM Evaluation: [3800/6156]  eta: 0:02:01    time: 0.0561  data: 0.0000  max mem: 5880
      ITM Evaluation: [3900/6156]  eta: 0:01:55    time: 0.0424  data: 0.0000  max mem: 5880
      ITM Evaluation: [4000/6156]  eta: 0:01:50    time: 0.0525  data: 0.0000  max mem: 5880
      ITM Evaluation: [4100/6156]  eta: 0:01:45    time: 0.0453  data: 0.0000  max mem: 5880
      ITM Evaluation: [4200/6156]  eta: 0:01:40    time: 0.0497  data: 0.0000  max mem: 5880
      ITM Evaluation: [4300/6156]  eta: 0:01:35    time: 0.0525  data: 0.0000  max mem: 5880
      ITM Evaluation: [4400/6156]  eta: 0:01:30    time: 0.0510  data: 0.0000  max mem: 5880
      ITM Evaluation: [4500/6156]  eta: 0:01:24    time: 0.0533  data: 0.0000  max mem: 5880
      ITM Evaluation: [4600/6156]  eta: 0:01:19    time: 0.0491  data: 0.0000  max mem: 5880
      ITM Evaluation: [4700/6156]  eta: 0:01:14    time: 0.0526  data: 0.0000  max mem: 5880
      ITM Evaluation: [4800/6156]  eta: 0:01:09    time: 0.0446  data: 0.0000  max mem: 5880
      ITM Evaluation: [4900/6156]  eta: 0:01:04    time: 0.0518  data: 0.0000  max mem: 5880
      ITM Evaluation: [5000/6156]  eta: 0:00:59    time: 0.0429  data: 0.0000  max mem: 5880
      ITM Evaluation: [5100/6156]  eta: 0:00:53    time: 0.0516  data: 0.0000  max mem: 5880
      ITM Evaluation: [5200/6156]  eta: 0:00:48    time: 0.0515  data: 0.0000  max mem: 5880
      ITM Evaluation: [5300/6156]  eta: 0:00:43    time: 0.0527  data: 0.0000  max mem: 5880
      ITM Evaluation: [5400/6156]  eta: 0:00:38    time: 0.0521  data: 0.0000  max mem: 5880
      ITM Evaluation: [5500/6156]  eta: 0:00:33    time: 0.0510  data: 0.0000  max mem: 5880
      ITM Evaluation: [5600/6156]  eta: 0:00:28    time: 0.0509  data: 0.0000  max mem: 5880
      ITM Evaluation: [5700/6156]  eta: 0:00:23    time: 0.0513  data: 0.0000  max mem: 5880
      ITM Evaluation: [5800/6156]  eta: 0:00:18    time: 0.0468  data: 0.0000  max mem: 5880
      ITM Evaluation: [5900/6156]  eta: 0:00:13    time: 0.0514  data: 0.0000  max mem: 5880
      ITM Evaluation: [6000/6156]  eta: 0:00:07    time: 0.0463  data: 0.0000  max mem: 5880
      ITM Evaluation: [6100/6156]  eta: 0:00:02    time: 0.0514  data: 0.0000  max mem: 5880
      ITM Evaluation: [6155/6156]  eta: 0:00:00    time: 0.0539  data: 0.0000  max mem: 5880
      ITM Evaluation: Total time: 0:05:12 (0.0508 s / it)
     total_time 312.88035464286804
     Computing matching score time 0:05:12
### TTA ITM Score: 
+-------+--------+--------+--------+--------+--------+
| epoch |   R1   |   R5   |  R10   |  mAP   |  mINP  |
+-------+--------+--------+--------+--------+--------+
|  -999 | 70.760 | 87.378 | 92.268 | 63.849 | 48.174 |
|  -999 | 76.170 | 89.457 | 93.600 | 65.570 | 47.372 |
|   0   | 65.335 | 88.109 | 92.771 | 60.199 | 43.479 |
|   1   | 63.207 | 87.833 | 93.047 | 59.105 | 43.215 |
|   2   | 59.860 | 87.281 | 92.755 | 57.159 | 41.659 |
|   3   | 58.203 | 87.070 | 92.771 | 56.083 | 41.013 |
|   4   | 58.431 | 87.183 | 92.641 | 56.112 | 40.589 |
|   5   | 60.315 | 87.411 | 92.723 | 57.092 | 41.225 |
|   6   | 58.528 | 87.167 | 92.755 | 56.280 | 40.902 |
|   7   | 60.559 | 87.443 | 92.982 | 57.363 | 41.785 |
|   8   | 61.680 | 87.638 | 92.836 | 57.913 | 41.822 |
|   9   | 64.003 | 87.947 | 92.641 | 59.279 | 42.777 |
|   10  | 63.661 | 88.044 | 92.788 | 59.278 | 43.062 |
|   11  | 63.726 | 87.995 | 92.820 | 59.451 | 43.306 |
|   12  | 63.840 | 87.995 | 92.755 | 59.347 | 43.128 |
|   13  | 63.726 | 87.947 | 92.885 | 59.387 | 43.346 |
|   14  | 64.003 | 88.125 | 92.966 | 59.549 | 43.485 |
|   15  | 64.766 | 88.125 | 92.950 | 60.064 | 43.932 |
|   16  | 64.717 | 88.142 | 92.934 | 59.842 | 43.658 |
|   17  | 64.717 | 88.093 | 92.869 | 59.917 | 43.628 |
|   18  | 65.010 | 88.207 | 92.853 | 60.168 | 43.880 |
+-------+--------+--------+--------+--------+--------+
     logs:  {'epo': 18, 'R1': 65.01, 'R5': 88.207, 'R10': 92.852, 'mAP': 60.168, 'mINP': 43.88, 'lr': 3.9e-05, 'entropy': 0.158582, 'loss': 2.752426}
      TTA Epoch: [19] [  0/384]  eta: 0:03:23  lr: 0.000037  entropy: 0.1904  loss: 2.7643  time: 0.5292  data: 0.3862  max mem: 5880
      TTA Epoch: [19] [100/384]  eta: 0:00:22  lr: 0.000036  entropy: 0.1321  loss: 2.7427  time: 0.0746  data: 0.0001  max mem: 5880
      TTA Epoch: [19] [200/384]  eta: 0:00:14  lr: 0.000035  entropy: 0.1765  loss: 2.7595  time: 0.0800  data: 0.0008  max mem: 5880
      TTA Epoch: [19] [300/384]  eta: 0:00:06  lr: 0.000035  entropy: 0.2030  loss: 2.7686  time: 0.0876  data: 0.0003  max mem: 5880
      TTA Epoch: [19] [383/384]  eta: 0:00:00  lr: 0.000034  entropy: 0.1637  loss: 2.7544  time: 0.0779  data: 0.0001  max mem: 5880
      TTA Epoch: [19] Total time: 0:00:30 (0.0803 s / it)
     Averaged stats: lr: 0.0000  entropy: 0.1598  loss: 2.7529
     itm tta time 0:00:30
     Computing matching score
      ITM Evaluation: [   0/6156]  eta: 0:04:16    time: 0.0416  data: 0.0059  max mem: 5880
      ITM Evaluation: [ 100/6156]  eta: 0:05:27    time: 0.0520  data: 0.0000  max mem: 5880
      ITM Evaluation: [ 200/6156]  eta: 0:05:06    time: 0.0437  data: 0.0000  max mem: 5880
      ITM Evaluation: [ 300/6156]  eta: 0:05:02    time: 0.0533  data: 0.0000  max mem: 5880
      ITM Evaluation: [ 400/6156]  eta: 0:04:56    time: 0.0430  data: 0.0000  max mem: 5880
      ITM Evaluation: [ 500/6156]  eta: 0:04:51    time: 0.0525  data: 0.0000  max mem: 5880
      ITM Evaluation: [ 600/6156]  eta: 0:04:44    time: 0.0452  data: 0.0000  max mem: 5880
      ITM Evaluation: [ 700/6156]  eta: 0:04:39    time: 0.0537  data: 0.0000  max mem: 5880
      ITM Evaluation: [ 800/6156]  eta: 0:04:33    time: 0.0470  data: 0.0000  max mem: 5880
      ITM Evaluation: [ 900/6156]  eta: 0:04:28    time: 0.0522  data: 0.0000  max mem: 5880
      ITM Evaluation: [1000/6156]  eta: 0:04:23    time: 0.0522  data: 0.0000  max mem: 5880
      ITM Evaluation: [1100/6156]  eta: 0:04:17    time: 0.0494  data: 0.0000  max mem: 5880
      ITM Evaluation: [1200/6156]  eta: 0:04:11    time: 0.0509  data: 0.0000  max mem: 5880
      ITM Evaluation: [1300/6156]  eta: 0:04:05    time: 0.0508  data: 0.0000  max mem: 5880
      ITM Evaluation: [1400/6156]  eta: 0:04:01    time: 0.0524  data: 0.0000  max mem: 5880
      ITM Evaluation: [1500/6156]  eta: 0:03:56    time: 0.0526  data: 0.0000  max mem: 5880
      ITM Evaluation: [1600/6156]  eta: 0:03:51    time: 0.0524  data: 0.0000  max mem: 5880
      ITM Evaluation: [1700/6156]  eta: 0:03:45    time: 0.0423  data: 0.0000  max mem: 5880
      ITM Evaluation: [1800/6156]  eta: 0:03:40    time: 0.0445  data: 0.0000  max mem: 5880
      ITM Evaluation: [1900/6156]  eta: 0:03:35    time: 0.0486  data: 0.0000  max mem: 5880
      ITM Evaluation: [2000/6156]  eta: 0:03:30    time: 0.0517  data: 0.0000  max mem: 5880
      ITM Evaluation: [2100/6156]  eta: 0:03:24    time: 0.0470  data: 0.0000  max mem: 5880
      ITM Evaluation: [2200/6156]  eta: 0:03:20    time: 0.0539  data: 0.0000  max mem: 5880
      ITM Evaluation: [2300/6156]  eta: 0:03:15    time: 0.0517  data: 0.0000  max mem: 5880
      ITM Evaluation: [2400/6156]  eta: 0:03:10    time: 0.0522  data: 0.0000  max mem: 5880
      ITM Evaluation: [2500/6156]  eta: 0:03:05    time: 0.0510  data: 0.0000  max mem: 5880
      ITM Evaluation: [2600/6156]  eta: 0:02:59    time: 0.0534  data: 0.0000  max mem: 5880
      ITM Evaluation: [2700/6156]  eta: 0:02:55    time: 0.0589  data: 0.0000  max mem: 5880
      ITM Evaluation: [2800/6156]  eta: 0:02:50    time: 0.0612  data: 0.0000  max mem: 5880
      ITM Evaluation: [2900/6156]  eta: 0:02:45    time: 0.0433  data: 0.0000  max mem: 5880
      ITM Evaluation: [3000/6156]  eta: 0:02:40    time: 0.0527  data: 0.0000  max mem: 5880
      ITM Evaluation: [3100/6156]  eta: 0:02:35    time: 0.0521  data: 0.0000  max mem: 5880
      ITM Evaluation: [3200/6156]  eta: 0:02:30    time: 0.0465  data: 0.0000  max mem: 5880
      ITM Evaluation: [3300/6156]  eta: 0:02:25    time: 0.0522  data: 0.0000  max mem: 5880
      ITM Evaluation: [3400/6156]  eta: 0:02:20    time: 0.0524  data: 0.0000  max mem: 5880
      ITM Evaluation: [3500/6156]  eta: 0:02:15    time: 0.0511  data: 0.0000  max mem: 5880
      ITM Evaluation: [3600/6156]  eta: 0:02:09    time: 0.0476  data: 0.0000  max mem: 5880
      ITM Evaluation: [3700/6156]  eta: 0:02:04    time: 0.0542  data: 0.0000  max mem: 5880
      ITM Evaluation: [3800/6156]  eta: 0:01:59    time: 0.0527  data: 0.0000  max mem: 5880
      ITM Evaluation: [3900/6156]  eta: 0:01:54    time: 0.0521  data: 0.0000  max mem: 5880
      ITM Evaluation: [4000/6156]  eta: 0:01:49    time: 0.0465  data: 0.0000  max mem: 5880
      ITM Evaluation: [4100/6156]  eta: 0:01:44    time: 0.0533  data: 0.0000  max mem: 5880
      ITM Evaluation: [4200/6156]  eta: 0:01:39    time: 0.0523  data: 0.0000  max mem: 5880
      ITM Evaluation: [4300/6156]  eta: 0:01:34    time: 0.0544  data: 0.0000  max mem: 5880
      ITM Evaluation: [4400/6156]  eta: 0:01:29    time: 0.0476  data: 0.0000  max mem: 5880
      ITM Evaluation: [4500/6156]  eta: 0:01:24    time: 0.0521  data: 0.0000  max mem: 5880
      ITM Evaluation: [4600/6156]  eta: 0:01:19    time: 0.0438  data: 0.0000  max mem: 5880
      ITM Evaluation: [4700/6156]  eta: 0:01:14    time: 0.0527  data: 0.0000  max mem: 5880
      ITM Evaluation: [4800/6156]  eta: 0:01:09    time: 0.0441  data: 0.0000  max mem: 5880
      ITM Evaluation: [4900/6156]  eta: 0:01:04    time: 0.0527  data: 0.0000  max mem: 5880
      ITM Evaluation: [5000/6156]  eta: 0:00:58    time: 0.0473  data: 0.0000  max mem: 5880
      ITM Evaluation: [5100/6156]  eta: 0:00:53    time: 0.0535  data: 0.0000  max mem: 5880
      ITM Evaluation: [5200/6156]  eta: 0:00:48    time: 0.0530  data: 0.0000  max mem: 5880
      ITM Evaluation: [5300/6156]  eta: 0:00:43    time: 0.0524  data: 0.0000  max mem: 5880
      ITM Evaluation: [5400/6156]  eta: 0:00:38    time: 0.0530  data: 0.0000  max mem: 5880
      ITM Evaluation: [5500/6156]  eta: 0:00:33    time: 0.0520  data: 0.0000  max mem: 5880
      ITM Evaluation: [5600/6156]  eta: 0:00:28    time: 0.0519  data: 0.0000  max mem: 5880
      ITM Evaluation: [5700/6156]  eta: 0:00:23    time: 0.0491  data: 0.0000  max mem: 5880
      ITM Evaluation: [5800/6156]  eta: 0:00:18    time: 0.0521  data: 0.0000  max mem: 5880
      ITM Evaluation: [5900/6156]  eta: 0:00:13    time: 0.0506  data: 0.0000  max mem: 5880
      ITM Evaluation: [6000/6156]  eta: 0:00:07    time: 0.0468  data: 0.0000  max mem: 5880
      ITM Evaluation: [6100/6156]  eta: 0:00:02    time: 0.0516  data: 0.0000  max mem: 5880
      ITM Evaluation: [6155/6156]  eta: 0:00:00    time: 0.0497  data: 0.0000  max mem: 5880
      ITM Evaluation: Total time: 0:05:13 (0.0509 s / it)
     total_time 313.4558494091034
     Computing matching score time 0:05:13
### TTA ITM Score: 
+-------+--------+--------+--------+--------+--------+
| epoch |   R1   |   R5   |  R10   |  mAP   |  mINP  |
+-------+--------+--------+--------+--------+--------+
|  -999 | 70.760 | 87.378 | 92.268 | 63.849 | 48.174 |
|  -999 | 76.170 | 89.457 | 93.600 | 65.570 | 47.372 |
|   0   | 65.335 | 88.109 | 92.771 | 60.199 | 43.479 |
|   1   | 63.207 | 87.833 | 93.047 | 59.105 | 43.215 |
|   2   | 59.860 | 87.281 | 92.755 | 57.159 | 41.659 |
|   3   | 58.203 | 87.070 | 92.771 | 56.083 | 41.013 |
|   4   | 58.431 | 87.183 | 92.641 | 56.112 | 40.589 |
|   5   | 60.315 | 87.411 | 92.723 | 57.092 | 41.225 |
|   6   | 58.528 | 87.167 | 92.755 | 56.280 | 40.902 |
|   7   | 60.559 | 87.443 | 92.982 | 57.363 | 41.785 |
|   8   | 61.680 | 87.638 | 92.836 | 57.913 | 41.822 |
|   9   | 64.003 | 87.947 | 92.641 | 59.279 | 42.777 |
|   10  | 63.661 | 88.044 | 92.788 | 59.278 | 43.062 |
|   11  | 63.726 | 87.995 | 92.820 | 59.451 | 43.306 |
|   12  | 63.840 | 87.995 | 92.755 | 59.347 | 43.128 |
|   13  | 63.726 | 87.947 | 92.885 | 59.387 | 43.346 |
|   14  | 64.003 | 88.125 | 92.966 | 59.549 | 43.485 |
|   15  | 64.766 | 88.125 | 92.950 | 60.064 | 43.932 |
|   16  | 64.717 | 88.142 | 92.934 | 59.842 | 43.658 |
|   17  | 64.717 | 88.093 | 92.869 | 59.917 | 43.628 |
|   18  | 65.010 | 88.207 | 92.853 | 60.168 | 43.880 |
|   19  | 65.270 | 88.158 | 92.820 | 60.342 | 43.983 |
+-------+--------+--------+--------+--------+--------+
     logs:  {'epo': 19, 'R1': 65.27, 'R5': 88.158, 'R10': 92.82, 'mAP': 60.342, 'mINP': 43.983, 'lr': 3.6e-05, 'entropy': 0.159753, 'loss': 2.752862}
      TTA Epoch: [20] [  0/384]  eta: 0:03:06  lr: 0.000034  entropy: 0.1135  loss: 2.7361  time: 0.4844  data: 0.3557  max mem: 5880
      TTA Epoch: [20] [100/384]  eta: 0:00:23  lr: 0.000033  entropy: 0.1643  loss: 2.7544  time: 0.0702  data: 0.0001  max mem: 5880
      TTA Epoch: [20] [200/384]  eta: 0:00:14  lr: 0.000032  entropy: 0.1759  loss: 2.7592  time: 0.0693  data: 0.0001  max mem: 5880
      TTA Epoch: [20] [300/384]  eta: 0:00:06  lr: 0.000031  entropy: 0.1945  loss: 2.7657  time: 0.0814  data: 0.0001  max mem: 5880
      TTA Epoch: [20] [383/384]  eta: 0:00:00  lr: 0.000030  entropy: 0.1287  loss: 2.7412  time: 0.0758  data: 0.0001  max mem: 5880
      TTA Epoch: [20] Total time: 0:00:30 (0.0793 s / it)
     Averaged stats: lr: 0.0000  entropy: 0.1605  loss: 2.7532
     itm tta time 0:00:30
     Computing matching score
      ITM Evaluation: [   0/6156]  eta: 0:05:46    time: 0.0563  data: 0.0058  max mem: 5880
      ITM Evaluation: [ 100/6156]  eta: 0:05:06    time: 0.0523  data: 0.0000  max mem: 5880
      ITM Evaluation: [ 200/6156]  eta: 0:04:59    time: 0.0495  data: 0.0000  max mem: 5880
      ITM Evaluation: [ 300/6156]  eta: 0:04:52    time: 0.0521  data: 0.0000  max mem: 5880
      ITM Evaluation: [ 400/6156]  eta: 0:04:46    time: 0.0487  data: 0.0000  max mem: 5880
      ITM Evaluation: [ 500/6156]  eta: 0:04:42    time: 0.0519  data: 0.0000  max mem: 5880
      ITM Evaluation: [ 600/6156]  eta: 0:04:37    time: 0.0510  data: 0.0000  max mem: 5880
      ITM Evaluation: [ 700/6156]  eta: 0:04:31    time: 0.0454  data: 0.0000  max mem: 5880
      ITM Evaluation: [ 800/6156]  eta: 0:04:22    time: 0.0306  data: 0.0000  max mem: 5880
      ITM Evaluation: [ 900/6156]  eta: 0:04:06    time: 0.0309  data: 0.0000  max mem: 5880
      ITM Evaluation: [1000/6156]  eta: 0:03:55    time: 0.0335  data: 0.0000  max mem: 5880
      ITM Evaluation: [1100/6156]  eta: 0:03:45    time: 0.0332  data: 0.0000  max mem: 5880
      ITM Evaluation: [1200/6156]  eta: 0:03:35    time: 0.0330  data: 0.0000  max mem: 5880
      ITM Evaluation: [1300/6156]  eta: 0:03:27    time: 0.0333  data: 0.0000  max mem: 5880
      ITM Evaluation: [1400/6156]  eta: 0:03:20    time: 0.0327  data: 0.0000  max mem: 5880
      ITM Evaluation: [1500/6156]  eta: 0:03:13    time: 0.0337  data: 0.0000  max mem: 5880
      ITM Evaluation: [1600/6156]  eta: 0:03:06    time: 0.0329  data: 0.0000  max mem: 5880
      ITM Evaluation: [1700/6156]  eta: 0:03:00    time: 0.0329  data: 0.0000  max mem: 5880
      ITM Evaluation: [1800/6156]  eta: 0:02:55    time: 0.0351  data: 0.0000  max mem: 5880
      ITM Evaluation: [1900/6156]  eta: 0:02:50    time: 0.0360  data: 0.0000  max mem: 5880
      ITM Evaluation: [2000/6156]  eta: 0:02:45    time: 0.0344  data: 0.0000  max mem: 5880
      ITM Evaluation: [2100/6156]  eta: 0:02:40    time: 0.0353  data: 0.0000  max mem: 5880
      ITM Evaluation: [2200/6156]  eta: 0:02:35    time: 0.0326  data: 0.0000  max mem: 5880
      ITM Evaluation: [2300/6156]  eta: 0:02:30    time: 0.0335  data: 0.0000  max mem: 5880
      ITM Evaluation: [2400/6156]  eta: 0:02:25    time: 0.0331  data: 0.0000  max mem: 5880
      ITM Evaluation: [2500/6156]  eta: 0:02:20    time: 0.0334  data: 0.0000  max mem: 5880
      ITM Evaluation: [2600/6156]  eta: 0:02:16    time: 0.0337  data: 0.0000  max mem: 5880
      ITM Evaluation: [2700/6156]  eta: 0:02:11    time: 0.0330  data: 0.0000  max mem: 5880
      ITM Evaluation: [2800/6156]  eta: 0:02:07    time: 0.0333  data: 0.0000  max mem: 5880
      ITM Evaluation: [2900/6156]  eta: 0:02:03    time: 0.0334  data: 0.0000  max mem: 5880
      ITM Evaluation: [3000/6156]  eta: 0:01:59    time: 0.0351  data: 0.0000  max mem: 5880
      ITM Evaluation: [3100/6156]  eta: 0:01:54    time: 0.0329  data: 0.0000  max mem: 5880
      ITM Evaluation: [3200/6156]  eta: 0:01:50    time: 0.0332  data: 0.0000  max mem: 5880
      ITM Evaluation: [3300/6156]  eta: 0:01:46    time: 0.0339  data: 0.0000  max mem: 5880
      ITM Evaluation: [3400/6156]  eta: 0:01:42    time: 0.0340  data: 0.0000  max mem: 5880
      ITM Evaluation: [3500/6156]  eta: 0:01:38    time: 0.0341  data: 0.0000  max mem: 5880
      ITM Evaluation: [3600/6156]  eta: 0:01:34    time: 0.0334  data: 0.0000  max mem: 5880
      ITM Evaluation: [3700/6156]  eta: 0:01:30    time: 0.0333  data: 0.0000  max mem: 5880
      ITM Evaluation: [3800/6156]  eta: 0:01:26    time: 0.0345  data: 0.0000  max mem: 5880
      ITM Evaluation: [3900/6156]  eta: 0:01:23    time: 0.0334  data: 0.0000  max mem: 5880
      ITM Evaluation: [4000/6156]  eta: 0:01:19    time: 0.0308  data: 0.0000  max mem: 5880
      ITM Evaluation: [4100/6156]  eta: 0:01:15    time: 0.0336  data: 0.0000  max mem: 5880
      ITM Evaluation: [4200/6156]  eta: 0:01:12    time: 0.0472  data: 0.0000  max mem: 5880
      ITM Evaluation: [4300/6156]  eta: 0:01:08    time: 0.0316  data: 0.0000  max mem: 5880
      ITM Evaluation: [4400/6156]  eta: 0:01:04    time: 0.0378  data: 0.0000  max mem: 5880
      ITM Evaluation: [4500/6156]  eta: 0:01:00    time: 0.0330  data: 0.0000  max mem: 5880
      ITM Evaluation: [4600/6156]  eta: 0:00:56    time: 0.0309  data: 0.0000  max mem: 5880
      ITM Evaluation: [4700/6156]  eta: 0:00:53    time: 0.0309  data: 0.0000  max mem: 5880
      ITM Evaluation: [4800/6156]  eta: 0:00:49    time: 0.0314  data: 0.0000  max mem: 5880
      ITM Evaluation: [4900/6156]  eta: 0:00:45    time: 0.0324  data: 0.0000  max mem: 5880
      ITM Evaluation: [5000/6156]  eta: 0:00:41    time: 0.0322  data: 0.0000  max mem: 5880
      ITM Evaluation: [5100/6156]  eta: 0:00:38    time: 0.0329  data: 0.0000  max mem: 5880
      ITM Evaluation: [5200/6156]  eta: 0:00:34    time: 0.0326  data: 0.0000  max mem: 5880
      ITM Evaluation: [5300/6156]  eta: 0:00:30    time: 0.0347  data: 0.0000  max mem: 5880
      ITM Evaluation: [5400/6156]  eta: 0:00:27    time: 0.0344  data: 0.0000  max mem: 5880
      ITM Evaluation: [5500/6156]  eta: 0:00:23    time: 0.0346  data: 0.0000  max mem: 5880
      ITM Evaluation: [5600/6156]  eta: 0:00:19    time: 0.0328  data: 0.0000  max mem: 5880
      ITM Evaluation: [5700/6156]  eta: 0:00:16    time: 0.0327  data: 0.0000  max mem: 5880
      ITM Evaluation: [5800/6156]  eta: 0:00:12    time: 0.0319  data: 0.0000  max mem: 5880
      ITM Evaluation: [5900/6156]  eta: 0:00:09    time: 0.0317  data: 0.0000  max mem: 5880
      ITM Evaluation: [6000/6156]  eta: 0:00:05    time: 0.0320  data: 0.0000  max mem: 5880
      ITM Evaluation: [6100/6156]  eta: 0:00:01    time: 0.0324  data: 0.0000  max mem: 5880
      ITM Evaluation: [6155/6156]  eta: 0:00:00    time: 0.0321  data: 0.0000  max mem: 5880
      ITM Evaluation: Total time: 0:03:39 (0.0356 s / it)
     total_time 219.18954157829285
     Computing matching score time 0:03:39
### TTA ITM Score: 
+-------+--------+--------+--------+--------+--------+
| epoch |   R1   |   R5   |  R10   |  mAP   |  mINP  |
+-------+--------+--------+--------+--------+--------+
|  -999 | 70.760 | 87.378 | 92.268 | 63.849 | 48.174 |
|  -999 | 76.170 | 89.457 | 93.600 | 65.570 | 47.372 |
|   0   | 65.335 | 88.109 | 92.771 | 60.199 | 43.479 |
|   1   | 63.207 | 87.833 | 93.047 | 59.105 | 43.215 |
|   2   | 59.860 | 87.281 | 92.755 | 57.159 | 41.659 |
|   3   | 58.203 | 87.070 | 92.771 | 56.083 | 41.013 |
|   4   | 58.431 | 87.183 | 92.641 | 56.112 | 40.589 |
|   5   | 60.315 | 87.411 | 92.723 | 57.092 | 41.225 |
|   6   | 58.528 | 87.167 | 92.755 | 56.280 | 40.902 |
|   7   | 60.559 | 87.443 | 92.982 | 57.363 | 41.785 |
|   8   | 61.680 | 87.638 | 92.836 | 57.913 | 41.822 |
|   9   | 64.003 | 87.947 | 92.641 | 59.279 | 42.777 |
|   10  | 63.661 | 88.044 | 92.788 | 59.278 | 43.062 |
|   11  | 63.726 | 87.995 | 92.820 | 59.451 | 43.306 |
|   12  | 63.840 | 87.995 | 92.755 | 59.347 | 43.128 |
|   13  | 63.726 | 87.947 | 92.885 | 59.387 | 43.346 |
|   14  | 64.003 | 88.125 | 92.966 | 59.549 | 43.485 |
|   15  | 64.766 | 88.125 | 92.950 | 60.064 | 43.932 |
|   16  | 64.717 | 88.142 | 92.934 | 59.842 | 43.658 |
|   17  | 64.717 | 88.093 | 92.869 | 59.917 | 43.628 |
|   18  | 65.010 | 88.207 | 92.853 | 60.168 | 43.880 |
|   19  | 65.270 | 88.158 | 92.820 | 60.342 | 43.983 |
|   20  | 64.961 | 88.174 | 92.853 | 60.269 | 44.009 |
+-------+--------+--------+--------+--------+--------+
     logs:  {'epo': 20, 'R1': 64.961, 'R5': 88.174, 'R10': 92.852, 'mAP': 60.269, 'mINP': 44.009, 'lr': 3.2e-05, 'entropy': 0.160549, 'loss': 2.753156}
      TTA Epoch: [21] [  0/384]  eta: 0:03:02  lr: 0.000030  entropy: 0.1269  loss: 2.7406  time: 0.4741  data: 0.3758  max mem: 5880
      TTA Epoch: [21] [100/384]  eta: 0:00:13  lr: 0.000030  entropy: 0.1319  loss: 2.7426  time: 0.0391  data: 0.0001  max mem: 5880
      TTA Epoch: [21] [200/384]  eta: 0:00:08  lr: 0.000029  entropy: 0.1818  loss: 2.7611  time: 0.0412  data: 0.0001  max mem: 5880
      TTA Epoch: [21] [300/384]  eta: 0:00:03  lr: 0.000028  entropy: 0.2534  loss: 2.7878  time: 0.0385  data: 0.0001  max mem: 5880
      TTA Epoch: [21] [383/384]  eta: 0:00:00  lr: 0.000027  entropy: 0.2204  loss: 2.7754  time: 0.0391  data: 0.0001  max mem: 5880
      TTA Epoch: [21] Total time: 0:00:16 (0.0424 s / it)
     Averaged stats: lr: 0.0000  entropy: 0.1570  loss: 2.7518
     itm tta time 0:00:16
     Computing matching score
      ITM Evaluation: [   0/6156]  eta: 0:04:33    time: 0.0444  data: 0.0092  max mem: 5880
      ITM Evaluation: [ 100/6156]  eta: 0:03:25    time: 0.0342  data: 0.0000  max mem: 5880
      ITM Evaluation: [ 200/6156]  eta: 0:03:22    time: 0.0335  data: 0.0000  max mem: 5880
      ITM Evaluation: [ 300/6156]  eta: 0:03:16    time: 0.0323  data: 0.0000  max mem: 5880
      ITM Evaluation: [ 400/6156]  eta: 0:03:11    time: 0.0326  data: 0.0000  max mem: 5880
      ITM Evaluation: [ 500/6156]  eta: 0:03:07    time: 0.0329  data: 0.0000  max mem: 5880
      ITM Evaluation: [ 600/6156]  eta: 0:03:03    time: 0.0323  data: 0.0000  max mem: 5880
      ITM Evaluation: [ 700/6156]  eta: 0:02:59    time: 0.0321  data: 0.0000  max mem: 5880
      ITM Evaluation: [ 800/6156]  eta: 0:02:56    time: 0.0327  data: 0.0000  max mem: 5880
      ITM Evaluation: [ 900/6156]  eta: 0:02:52    time: 0.0325  data: 0.0000  max mem: 5880
      ITM Evaluation: [1000/6156]  eta: 0:02:49    time: 0.0331  data: 0.0000  max mem: 5880
      ITM Evaluation: [1100/6156]  eta: 0:02:46    time: 0.0326  data: 0.0000  max mem: 5880
      ITM Evaluation: [1200/6156]  eta: 0:02:43    time: 0.0327  data: 0.0000  max mem: 5880
      ITM Evaluation: [1300/6156]  eta: 0:02:40    time: 0.0351  data: 0.0000  max mem: 5880
      ITM Evaluation: [1400/6156]  eta: 0:02:37    time: 0.0360  data: 0.0000  max mem: 5880
      ITM Evaluation: [1500/6156]  eta: 0:02:34    time: 0.0325  data: 0.0000  max mem: 5880
      ITM Evaluation: [1600/6156]  eta: 0:02:31    time: 0.0326  data: 0.0000  max mem: 5880
      ITM Evaluation: [1700/6156]  eta: 0:02:27    time: 0.0325  data: 0.0000  max mem: 5880
      ITM Evaluation: [1800/6156]  eta: 0:02:24    time: 0.0325  data: 0.0000  max mem: 5880
      ITM Evaluation: [1900/6156]  eta: 0:02:20    time: 0.0324  data: 0.0000  max mem: 5880
      ITM Evaluation: [2000/6156]  eta: 0:02:17    time: 0.0322  data: 0.0000  max mem: 5880
      ITM Evaluation: [2100/6156]  eta: 0:02:13    time: 0.0323  data: 0.0000  max mem: 5880
      ITM Evaluation: [2200/6156]  eta: 0:02:10    time: 0.0320  data: 0.0000  max mem: 5880
      ITM Evaluation: [2300/6156]  eta: 0:02:06    time: 0.0322  data: 0.0000  max mem: 5880
      ITM Evaluation: [2400/6156]  eta: 0:02:03    time: 0.0319  data: 0.0000  max mem: 5880
      ITM Evaluation: [2500/6156]  eta: 0:02:00    time: 0.0335  data: 0.0000  max mem: 5880
      ITM Evaluation: [2600/6156]  eta: 0:01:57    time: 0.0335  data: 0.0000  max mem: 5880
      ITM Evaluation: [2700/6156]  eta: 0:01:53    time: 0.0316  data: 0.0000  max mem: 5880
      ITM Evaluation: [2800/6156]  eta: 0:01:50    time: 0.0314  data: 0.0000  max mem: 5880
      ITM Evaluation: [2900/6156]  eta: 0:01:46    time: 0.0317  data: 0.0000  max mem: 5880
      ITM Evaluation: [3000/6156]  eta: 0:01:43    time: 0.0313  data: 0.0000  max mem: 5880
      ITM Evaluation: [3100/6156]  eta: 0:01:39    time: 0.0312  data: 0.0000  max mem: 5880
      ITM Evaluation: [3200/6156]  eta: 0:01:36    time: 0.0316  data: 0.0000  max mem: 5880
      ITM Evaluation: [3300/6156]  eta: 0:01:33    time: 0.0315  data: 0.0000  max mem: 5880
      ITM Evaluation: [3400/6156]  eta: 0:01:29    time: 0.0315  data: 0.0000  max mem: 5880
      ITM Evaluation: [3500/6156]  eta: 0:01:26    time: 0.0314  data: 0.0000  max mem: 5880
      ITM Evaluation: [3600/6156]  eta: 0:01:23    time: 0.0314  data: 0.0000  max mem: 5880
      ITM Evaluation: [3700/6156]  eta: 0:01:19    time: 0.0334  data: 0.0000  max mem: 5880
      ITM Evaluation: [3800/6156]  eta: 0:01:16    time: 0.0330  data: 0.0000  max mem: 5880
      ITM Evaluation: [3900/6156]  eta: 0:01:13    time: 0.0313  data: 0.0000  max mem: 5880
      ITM Evaluation: [4000/6156]  eta: 0:01:10    time: 0.0312  data: 0.0000  max mem: 5880
      ITM Evaluation: [4100/6156]  eta: 0:01:06    time: 0.0304  data: 0.0000  max mem: 5880
      ITM Evaluation: [4200/6156]  eta: 0:01:03    time: 0.0304  data: 0.0000  max mem: 5880
      ITM Evaluation: [4300/6156]  eta: 0:01:00    time: 0.0307  data: 0.0000  max mem: 5880
      ITM Evaluation: [4400/6156]  eta: 0:00:56    time: 0.0305  data: 0.0000  max mem: 5880
      ITM Evaluation: [4500/6156]  eta: 0:00:53    time: 0.0303  data: 0.0000  max mem: 5880
      ITM Evaluation: [4600/6156]  eta: 0:00:50    time: 0.0306  data: 0.0000  max mem: 5880
      ITM Evaluation: [4700/6156]  eta: 0:00:46    time: 0.0308  data: 0.0000  max mem: 5880
      ITM Evaluation: [4800/6156]  eta: 0:00:43    time: 0.0308  data: 0.0000  max mem: 5880
      ITM Evaluation: [4900/6156]  eta: 0:00:40    time: 0.0305  data: 0.0000  max mem: 5880
      ITM Evaluation: [5000/6156]  eta: 0:00:37    time: 0.0325  data: 0.0000  max mem: 5880
      ITM Evaluation: [5100/6156]  eta: 0:00:33    time: 0.0317  data: 0.0000  max mem: 5880
      ITM Evaluation: [5200/6156]  eta: 0:00:30    time: 0.0315  data: 0.0000  max mem: 5880
      ITM Evaluation: [5300/6156]  eta: 0:00:27    time: 0.0311  data: 0.0000  max mem: 5880
      ITM Evaluation: [5400/6156]  eta: 0:00:24    time: 0.0307  data: 0.0000  max mem: 5880
      ITM Evaluation: [5500/6156]  eta: 0:00:21    time: 0.0306  data: 0.0000  max mem: 5880
      ITM Evaluation: [5600/6156]  eta: 0:00:17    time: 0.0307  data: 0.0000  max mem: 5880
      ITM Evaluation: [5700/6156]  eta: 0:00:14    time: 0.0310  data: 0.0000  max mem: 5880
      ITM Evaluation: [5800/6156]  eta: 0:00:11    time: 0.0310  data: 0.0000  max mem: 5880
      ITM Evaluation: [5900/6156]  eta: 0:00:08    time: 0.0307  data: 0.0000  max mem: 5880
      ITM Evaluation: [6000/6156]  eta: 0:00:04    time: 0.0309  data: 0.0000  max mem: 5880
      ITM Evaluation: [6100/6156]  eta: 0:00:01    time: 0.0306  data: 0.0000  max mem: 5880
      ITM Evaluation: [6155/6156]  eta: 0:00:00    time: 0.0305  data: 0.0000  max mem: 5880
      ITM Evaluation: Total time: 0:03:16 (0.0319 s / it)
     total_time 196.47868871688843
     Computing matching score time 0:03:16
### TTA ITM Score: 
+-------+--------+--------+--------+--------+--------+
| epoch |   R1   |   R5   |  R10   |  mAP   |  mINP  |
+-------+--------+--------+--------+--------+--------+
|  -999 | 70.760 | 87.378 | 92.268 | 63.849 | 48.174 |
|  -999 | 76.170 | 89.457 | 93.600 | 65.570 | 47.372 |
|   0   | 65.335 | 88.109 | 92.771 | 60.199 | 43.479 |
|   1   | 63.207 | 87.833 | 93.047 | 59.105 | 43.215 |
|   2   | 59.860 | 87.281 | 92.755 | 57.159 | 41.659 |
|   3   | 58.203 | 87.070 | 92.771 | 56.083 | 41.013 |
|   4   | 58.431 | 87.183 | 92.641 | 56.112 | 40.589 |
|   5   | 60.315 | 87.411 | 92.723 | 57.092 | 41.225 |
|   6   | 58.528 | 87.167 | 92.755 | 56.280 | 40.902 |
|   7   | 60.559 | 87.443 | 92.982 | 57.363 | 41.785 |
|   8   | 61.680 | 87.638 | 92.836 | 57.913 | 41.822 |
|   9   | 64.003 | 87.947 | 92.641 | 59.279 | 42.777 |
|   10  | 63.661 | 88.044 | 92.788 | 59.278 | 43.062 |
|   11  | 63.726 | 87.995 | 92.820 | 59.451 | 43.306 |
|   12  | 63.840 | 87.995 | 92.755 | 59.347 | 43.128 |
|   13  | 63.726 | 87.947 | 92.885 | 59.387 | 43.346 |
|   14  | 64.003 | 88.125 | 92.966 | 59.549 | 43.485 |
|   15  | 64.766 | 88.125 | 92.950 | 60.064 | 43.932 |
|   16  | 64.717 | 88.142 | 92.934 | 59.842 | 43.658 |
|   17  | 64.717 | 88.093 | 92.869 | 59.917 | 43.628 |
|   18  | 65.010 | 88.207 | 92.853 | 60.168 | 43.880 |
|   19  | 65.270 | 88.158 | 92.820 | 60.342 | 43.983 |
|   20  | 64.961 | 88.174 | 92.853 | 60.269 | 44.009 |
|   21  | 65.010 | 88.239 | 92.901 | 60.232 | 44.017 |
+-------+--------+--------+--------+--------+--------+
     logs:  {'epo': 21, 'R1': 65.01, 'R5': 88.239, 'R10': 92.901, 'mAP': 60.232, 'mINP': 44.017, 'lr': 2.9e-05, 'entropy': 0.156952, 'loss': 2.751823}
      TTA Epoch: [22] [  0/384]  eta: 0:03:43  lr: 0.000027  entropy: 0.1782  loss: 2.7598  time: 0.5816  data: 0.4860  max mem: 5880
      TTA Epoch: [22] [100/384]  eta: 0:00:13  lr: 0.000026  entropy: 0.2437  loss: 2.7845  time: 0.0403  data: 0.0001  max mem: 5880
      TTA Epoch: [22] [200/384]  eta: 0:00:08  lr: 0.000025  entropy: 0.0888  loss: 2.7263  time: 0.0389  data: 0.0001  max mem: 5880
      TTA Epoch: [22] [300/384]  eta: 0:00:03  lr: 0.000024  entropy: 0.0425  loss: 2.7096  time: 0.0393  data: 0.0001  max mem: 5880
      TTA Epoch: [22] [383/384]  eta: 0:00:00  lr: 0.000024  entropy: 0.3287  loss: 2.8158  time: 0.0415  data: 0.0001  max mem: 5880
      TTA Epoch: [22] Total time: 0:00:17 (0.0443 s / it)
     Averaged stats: lr: 0.0000  entropy: 0.1505  loss: 2.7494
     itm tta time 0:00:17
     Computing matching score
      ITM Evaluation: [   0/6156]  eta: 0:04:28    time: 0.0437  data: 0.0101  max mem: 5880
      ITM Evaluation: [ 100/6156]  eta: 0:03:08    time: 0.0313  data: 0.0000  max mem: 5880
      ITM Evaluation: [ 200/6156]  eta: 0:03:04    time: 0.0310  data: 0.0000  max mem: 5880
      ITM Evaluation: [ 300/6156]  eta: 0:03:01    time: 0.0316  data: 0.0000  max mem: 5880
      ITM Evaluation: [ 400/6156]  eta: 0:02:58    time: 0.0309  data: 0.0000  max mem: 5880
      ITM Evaluation: [ 500/6156]  eta: 0:02:55    time: 0.0309  data: 0.0000  max mem: 5880
      ITM Evaluation: [ 600/6156]  eta: 0:02:53    time: 0.0324  data: 0.0000  max mem: 5880
      ITM Evaluation: [ 700/6156]  eta: 0:02:51    time: 0.0326  data: 0.0000  max mem: 5880
      ITM Evaluation: [ 800/6156]  eta: 0:02:48    time: 0.0314  data: 0.0000  max mem: 5880
      ITM Evaluation: [ 900/6156]  eta: 0:02:45    time: 0.0315  data: 0.0000  max mem: 5880
      ITM Evaluation: [1000/6156]  eta: 0:02:43    time: 0.0323  data: 0.0000  max mem: 5880
      ITM Evaluation: [1100/6156]  eta: 0:02:39    time: 0.0318  data: 0.0000  max mem: 5880
      ITM Evaluation: [1200/6156]  eta: 0:02:37    time: 0.0323  data: 0.0000  max mem: 5880
      ITM Evaluation: [1300/6156]  eta: 0:02:34    time: 0.0321  data: 0.0000  max mem: 5880
      ITM Evaluation: [1400/6156]  eta: 0:02:31    time: 0.0335  data: 0.0000  max mem: 5880
      ITM Evaluation: [1500/6156]  eta: 0:02:28    time: 0.0327  data: 0.0000  max mem: 5880
      ITM Evaluation: [1600/6156]  eta: 0:02:25    time: 0.0316  data: 0.0000  max mem: 5880
      ITM Evaluation: [1700/6156]  eta: 0:02:24    time: 0.0433  data: 0.0000  max mem: 5880
      ITM Evaluation: [1800/6156]  eta: 0:02:22    time: 0.0362  data: 0.0000  max mem: 5880
      ITM Evaluation: [1900/6156]  eta: 0:02:21    time: 0.0495  data: 0.0000  max mem: 5880
      ITM Evaluation: [2000/6156]  eta: 0:02:18    time: 0.0372  data: 0.0000  max mem: 5880
      ITM Evaluation: [2100/6156]  eta: 0:02:15    time: 0.0337  data: 0.0000  max mem: 5880
      ITM Evaluation: [2200/6156]  eta: 0:02:12    time: 0.0336  data: 0.0000  max mem: 5880
      ITM Evaluation: [2300/6156]  eta: 0:02:09    time: 0.0334  data: 0.0000  max mem: 5880
      ITM Evaluation: [2400/6156]  eta: 0:02:05    time: 0.0320  data: 0.0000  max mem: 5880
      ITM Evaluation: [2500/6156]  eta: 0:02:02    time: 0.0440  data: 0.0000  max mem: 5880
      ITM Evaluation: [2600/6156]  eta: 0:01:59    time: 0.0317  data: 0.0000  max mem: 5880
      ITM Evaluation: [2700/6156]  eta: 0:01:55    time: 0.0314  data: 0.0000  max mem: 5880
      ITM Evaluation: [2800/6156]  eta: 0:01:51    time: 0.0314  data: 0.0000  max mem: 5880
      ITM Evaluation: [2900/6156]  eta: 0:01:48    time: 0.0312  data: 0.0000  max mem: 5880
      ITM Evaluation: [3000/6156]  eta: 0:01:44    time: 0.0314  data: 0.0000  max mem: 5880
      ITM Evaluation: [3100/6156]  eta: 0:01:41    time: 0.0325  data: 0.0000  max mem: 5880
      ITM Evaluation: [3200/6156]  eta: 0:01:37    time: 0.0319  data: 0.0000  max mem: 5880
      ITM Evaluation: [3300/6156]  eta: 0:01:34    time: 0.0311  data: 0.0000  max mem: 5880
      ITM Evaluation: [3400/6156]  eta: 0:01:30    time: 0.0310  data: 0.0000  max mem: 5880
      ITM Evaluation: [3500/6156]  eta: 0:01:27    time: 0.0310  data: 0.0000  max mem: 5880
      ITM Evaluation: [3600/6156]  eta: 0:01:24    time: 0.0311  data: 0.0000  max mem: 5880
      ITM Evaluation: [3700/6156]  eta: 0:01:20    time: 0.0308  data: 0.0000  max mem: 5880
      ITM Evaluation: [3800/6156]  eta: 0:01:17    time: 0.0308  data: 0.0000  max mem: 5880
      ITM Evaluation: [3900/6156]  eta: 0:01:13    time: 0.0311  data: 0.0000  max mem: 5880
      ITM Evaluation: [4000/6156]  eta: 0:01:10    time: 0.0307  data: 0.0000  max mem: 5880
      ITM Evaluation: [4100/6156]  eta: 0:01:07    time: 0.0312  data: 0.0000  max mem: 5880
      ITM Evaluation: [4200/6156]  eta: 0:01:03    time: 0.0309  data: 0.0000  max mem: 5880
      ITM Evaluation: [4300/6156]  eta: 0:01:00    time: 0.0317  data: 0.0000  max mem: 5880
      ITM Evaluation: [4400/6156]  eta: 0:00:57    time: 0.0326  data: 0.0000  max mem: 5880
      ITM Evaluation: [4500/6156]  eta: 0:00:53    time: 0.0309  data: 0.0000  max mem: 5880
      ITM Evaluation: [4600/6156]  eta: 0:00:50    time: 0.0313  data: 0.0000  max mem: 5880
      ITM Evaluation: [4700/6156]  eta: 0:00:47    time: 0.0305  data: 0.0000  max mem: 5880
      ITM Evaluation: [4800/6156]  eta: 0:00:43    time: 0.0306  data: 0.0000  max mem: 5880
      ITM Evaluation: [4900/6156]  eta: 0:00:40    time: 0.0313  data: 0.0000  max mem: 5880
      ITM Evaluation: [5000/6156]  eta: 0:00:37    time: 0.0323  data: 0.0000  max mem: 5880
      ITM Evaluation: [5100/6156]  eta: 0:00:34    time: 0.0339  data: 0.0000  max mem: 5880
      ITM Evaluation: [5200/6156]  eta: 0:00:31    time: 0.0334  data: 0.0000  max mem: 5880
      ITM Evaluation: [5300/6156]  eta: 0:00:27    time: 0.0457  data: 0.0000  max mem: 5880
      ITM Evaluation: [5400/6156]  eta: 0:00:24    time: 0.0440  data: 0.0000  max mem: 5880
      ITM Evaluation: [5500/6156]  eta: 0:00:21    time: 0.0358  data: 0.0000  max mem: 5880
      ITM Evaluation: [5600/6156]  eta: 0:00:18    time: 0.0391  data: 0.0000  max mem: 5880
      ITM Evaluation: [5700/6156]  eta: 0:00:15    time: 0.0342  data: 0.0000  max mem: 5880
      ITM Evaluation: [5800/6156]  eta: 0:00:11    time: 0.0380  data: 0.0000  max mem: 5880
      ITM Evaluation: [5900/6156]  eta: 0:00:08    time: 0.0317  data: 0.0000  max mem: 5880
      ITM Evaluation: [6000/6156]  eta: 0:00:05    time: 0.0321  data: 0.0000  max mem: 5880
      ITM Evaluation: [6100/6156]  eta: 0:00:01    time: 0.0315  data: 0.0000  max mem: 5880
      ITM Evaluation: [6155/6156]  eta: 0:00:00    time: 0.0317  data: 0.0000  max mem: 5880
      ITM Evaluation: Total time: 0:03:23 (0.0331 s / it)
     total_time 203.82873702049255
     Computing matching score time 0:03:23
### TTA ITM Score: 
+-------+--------+--------+--------+--------+--------+
| epoch |   R1   |   R5   |  R10   |  mAP   |  mINP  |
+-------+--------+--------+--------+--------+--------+
|  -999 | 70.760 | 87.378 | 92.268 | 63.849 | 48.174 |
|  -999 | 76.170 | 89.457 | 93.600 | 65.570 | 47.372 |
|   0   | 65.335 | 88.109 | 92.771 | 60.199 | 43.479 |
|   1   | 63.207 | 87.833 | 93.047 | 59.105 | 43.215 |
|   2   | 59.860 | 87.281 | 92.755 | 57.159 | 41.659 |
|   3   | 58.203 | 87.070 | 92.771 | 56.083 | 41.013 |
|   4   | 58.431 | 87.183 | 92.641 | 56.112 | 40.589 |
|   5   | 60.315 | 87.411 | 92.723 | 57.092 | 41.225 |
|   6   | 58.528 | 87.167 | 92.755 | 56.280 | 40.902 |
|   7   | 60.559 | 87.443 | 92.982 | 57.363 | 41.785 |
|   8   | 61.680 | 87.638 | 92.836 | 57.913 | 41.822 |
|   9   | 64.003 | 87.947 | 92.641 | 59.279 | 42.777 |
|   10  | 63.661 | 88.044 | 92.788 | 59.278 | 43.062 |
|   11  | 63.726 | 87.995 | 92.820 | 59.451 | 43.306 |
|   12  | 63.840 | 87.995 | 92.755 | 59.347 | 43.128 |
|   13  | 63.726 | 87.947 | 92.885 | 59.387 | 43.346 |
|   14  | 64.003 | 88.125 | 92.966 | 59.549 | 43.485 |
|   15  | 64.766 | 88.125 | 92.950 | 60.064 | 43.932 |
|   16  | 64.717 | 88.142 | 92.934 | 59.842 | 43.658 |
|   17  | 64.717 | 88.093 | 92.869 | 59.917 | 43.628 |
|   18  | 65.010 | 88.207 | 92.853 | 60.168 | 43.880 |
|   19  | 65.270 | 88.158 | 92.820 | 60.342 | 43.983 |
|   20  | 64.961 | 88.174 | 92.853 | 60.269 | 44.009 |
|   21  | 65.010 | 88.239 | 92.901 | 60.232 | 44.017 |
|   22  | 64.734 | 88.272 | 92.934 | 60.102 | 44.088 |
+-------+--------+--------+--------+--------+--------+
     logs:  {'epo': 22, 'R1': 64.734, 'R5': 88.272, 'R10': 92.934, 'mAP': 60.102, 'mINP': 44.088, 'lr': 2.5e-05, 'entropy': 0.150529, 'loss': 2.749437}
      TTA Epoch: [23] [  0/384]  eta: 0:02:50  lr: 0.000024  entropy: 0.0872  loss: 2.7257  time: 0.4428  data: 0.3576  max mem: 5880
      TTA Epoch: [23] [100/384]  eta: 0:00:12  lr: 0.000023  entropy: 0.2090  loss: 2.7708  time: 0.0404  data: 0.0001  max mem: 5880
      TTA Epoch: [23] [200/384]  eta: 0:00:08  lr: 0.000022  entropy: 0.1434  loss: 2.7467  time: 0.0570  data: 0.0001  max mem: 5880
      TTA Epoch: [23] [300/384]  eta: 0:00:04  lr: 0.000021  entropy: 0.1287  loss: 2.7416  time: 0.0814  data: 0.0002  max mem: 5880
      TTA Epoch: [23] [383/384]  eta: 0:00:00  lr: 0.000020  entropy: 0.0972  loss: 2.7303  time: 0.0376  data: 0.0001  max mem: 5880
      TTA Epoch: [23] Total time: 0:00:19 (0.0515 s / it)
     Averaged stats: lr: 0.0000  entropy: 0.1583  loss: 2.7523
     itm tta time 0:00:19
     Computing matching score
      ITM Evaluation: [   0/6156]  eta: 0:04:32    time: 0.0442  data: 0.0103  max mem: 5880
      ITM Evaluation: [ 100/6156]  eta: 0:03:08    time: 0.0309  data: 0.0000  max mem: 5880
      ITM Evaluation: [ 200/6156]  eta: 0:03:04    time: 0.0309  data: 0.0000  max mem: 5880
      ITM Evaluation: [ 300/6156]  eta: 0:03:01    time: 0.0313  data: 0.0000  max mem: 5880
      ITM Evaluation: [ 400/6156]  eta: 0:02:58    time: 0.0309  data: 0.0000  max mem: 5880
      ITM Evaluation: [ 500/6156]  eta: 0:02:55    time: 0.0307  data: 0.0000  max mem: 5880
      ITM Evaluation: [ 600/6156]  eta: 0:02:51    time: 0.0306  data: 0.0000  max mem: 5880
      ITM Evaluation: [ 700/6156]  eta: 0:02:48    time: 0.0306  data: 0.0000  max mem: 5880
      ITM Evaluation: [ 800/6156]  eta: 0:02:45    time: 0.0312  data: 0.0000  max mem: 5880
      ITM Evaluation: [ 900/6156]  eta: 0:02:43    time: 0.0314  data: 0.0000  max mem: 5880
      ITM Evaluation: [1000/6156]  eta: 0:02:39    time: 0.0307  data: 0.0000  max mem: 5880
      ITM Evaluation: [1100/6156]  eta: 0:02:37    time: 0.0327  data: 0.0000  max mem: 5880
      ITM Evaluation: [1200/6156]  eta: 0:02:35    time: 0.0337  data: 0.0000  max mem: 5880
      ITM Evaluation: [1300/6156]  eta: 0:02:32    time: 0.0307  data: 0.0000  max mem: 5880
      ITM Evaluation: [1400/6156]  eta: 0:02:28    time: 0.0308  data: 0.0000  max mem: 5880
      ITM Evaluation: [1500/6156]  eta: 0:02:25    time: 0.0306  data: 0.0000  max mem: 5880
      ITM Evaluation: [1600/6156]  eta: 0:02:22    time: 0.0307  data: 0.0000  max mem: 5880
      ITM Evaluation: [1700/6156]  eta: 0:02:18    time: 0.0308  data: 0.0000  max mem: 5880
      ITM Evaluation: [1800/6156]  eta: 0:02:15    time: 0.0308  data: 0.0000  max mem: 5880
      ITM Evaluation: [1900/6156]  eta: 0:02:12    time: 0.0308  data: 0.0000  max mem: 5880
      ITM Evaluation: [2000/6156]  eta: 0:02:09    time: 0.0308  data: 0.0000  max mem: 5880
      ITM Evaluation: [2100/6156]  eta: 0:02:06    time: 0.0307  data: 0.0000  max mem: 5880
      ITM Evaluation: [2200/6156]  eta: 0:02:02    time: 0.0308  data: 0.0000  max mem: 5880
      ITM Evaluation: [2300/6156]  eta: 0:01:59    time: 0.0347  data: 0.0000  max mem: 5880
      ITM Evaluation: [2400/6156]  eta: 0:01:57    time: 0.0328  data: 0.0000  max mem: 5880
      ITM Evaluation: [2500/6156]  eta: 0:01:54    time: 0.0314  data: 0.0000  max mem: 5880
      ITM Evaluation: [2600/6156]  eta: 0:01:50    time: 0.0306  data: 0.0000  max mem: 5880
      ITM Evaluation: [2700/6156]  eta: 0:01:47    time: 0.0308  data: 0.0000  max mem: 5880
      ITM Evaluation: [2800/6156]  eta: 0:01:44    time: 0.0312  data: 0.0000  max mem: 5880
      ITM Evaluation: [2900/6156]  eta: 0:01:41    time: 0.0312  data: 0.0000  max mem: 5880
      ITM Evaluation: [3000/6156]  eta: 0:01:38    time: 0.0308  data: 0.0000  max mem: 5880
      ITM Evaluation: [3100/6156]  eta: 0:01:35    time: 0.0307  data: 0.0000  max mem: 5880
      ITM Evaluation: [3200/6156]  eta: 0:01:31    time: 0.0307  data: 0.0000  max mem: 5880
      ITM Evaluation: [3300/6156]  eta: 0:01:28    time: 0.0309  data: 0.0000  max mem: 5880
      ITM Evaluation: [3400/6156]  eta: 0:01:25    time: 0.0311  data: 0.0000  max mem: 5880
      ITM Evaluation: [3500/6156]  eta: 0:01:22    time: 0.0306  data: 0.0000  max mem: 5880
      ITM Evaluation: [3600/6156]  eta: 0:01:19    time: 0.0340  data: 0.0000  max mem: 5880
      ITM Evaluation: [3700/6156]  eta: 0:01:16    time: 0.0338  data: 0.0000  max mem: 5880
      ITM Evaluation: [3800/6156]  eta: 0:01:13    time: 0.0315  data: 0.0000  max mem: 5880
      ITM Evaluation: [3900/6156]  eta: 0:01:10    time: 0.0318  data: 0.0000  max mem: 5880
      ITM Evaluation: [4000/6156]  eta: 0:01:07    time: 0.0317  data: 0.0000  max mem: 5880
      ITM Evaluation: [4100/6156]  eta: 0:01:04    time: 0.0318  data: 0.0000  max mem: 5880
      ITM Evaluation: [4200/6156]  eta: 0:01:01    time: 0.0317  data: 0.0000  max mem: 5880
      ITM Evaluation: [4300/6156]  eta: 0:00:58    time: 0.0313  data: 0.0000  max mem: 5880
      ITM Evaluation: [4400/6156]  eta: 0:00:54    time: 0.0316  data: 0.0000  max mem: 5880
      ITM Evaluation: [4500/6156]  eta: 0:00:51    time: 0.0316  data: 0.0000  max mem: 5880
      ITM Evaluation: [4600/6156]  eta: 0:00:48    time: 0.0319  data: 0.0000  max mem: 5880
      ITM Evaluation: [4700/6156]  eta: 0:00:45    time: 0.0323  data: 0.0000  max mem: 5880
      ITM Evaluation: [4800/6156]  eta: 0:00:42    time: 0.0317  data: 0.0000  max mem: 5880
      ITM Evaluation: [4900/6156]  eta: 0:00:39    time: 0.0334  data: 0.0000  max mem: 5880
      ITM Evaluation: [5000/6156]  eta: 0:00:36    time: 0.0332  data: 0.0000  max mem: 5880
      ITM Evaluation: [5100/6156]  eta: 0:00:33    time: 0.0316  data: 0.0000  max mem: 5880
      ITM Evaluation: [5200/6156]  eta: 0:00:30    time: 0.0320  data: 0.0000  max mem: 5880
      ITM Evaluation: [5300/6156]  eta: 0:00:26    time: 0.0318  data: 0.0000  max mem: 5880
      ITM Evaluation: [5400/6156]  eta: 0:00:23    time: 0.0315  data: 0.0000  max mem: 5880
      ITM Evaluation: [5500/6156]  eta: 0:00:20    time: 0.0320  data: 0.0000  max mem: 5880
      ITM Evaluation: [5600/6156]  eta: 0:00:17    time: 0.0317  data: 0.0000  max mem: 5880
      ITM Evaluation: [5700/6156]  eta: 0:00:14    time: 0.0320  data: 0.0000  max mem: 5880
      ITM Evaluation: [5800/6156]  eta: 0:00:11    time: 0.0317  data: 0.0000  max mem: 5880
      ITM Evaluation: [5900/6156]  eta: 0:00:08    time: 0.0316  data: 0.0000  max mem: 5880
      ITM Evaluation: [6000/6156]  eta: 0:00:04    time: 0.0318  data: 0.0000  max mem: 5880
      ITM Evaluation: [6100/6156]  eta: 0:00:01    time: 0.0329  data: 0.0000  max mem: 5880
      ITM Evaluation: [6155/6156]  eta: 0:00:00    time: 0.0339  data: 0.0000  max mem: 5880
      ITM Evaluation: Total time: 0:03:14 (0.0315 s / it)
     total_time 194.12570142745972
     Computing matching score time 0:03:14
### TTA ITM Score: 
+-------+--------+--------+--------+--------+--------+
| epoch |   R1   |   R5   |  R10   |  mAP   |  mINP  |
+-------+--------+--------+--------+--------+--------+
|  -999 | 70.760 | 87.378 | 92.268 | 63.849 | 48.174 |
|  -999 | 76.170 | 89.457 | 93.600 | 65.570 | 47.372 |
|   0   | 65.335 | 88.109 | 92.771 | 60.199 | 43.479 |
|   1   | 63.207 | 87.833 | 93.047 | 59.105 | 43.215 |
|   2   | 59.860 | 87.281 | 92.755 | 57.159 | 41.659 |
|   3   | 58.203 | 87.070 | 92.771 | 56.083 | 41.013 |
|   4   | 58.431 | 87.183 | 92.641 | 56.112 | 40.589 |
|   5   | 60.315 | 87.411 | 92.723 | 57.092 | 41.225 |
|   6   | 58.528 | 87.167 | 92.755 | 56.280 | 40.902 |
|   7   | 60.559 | 87.443 | 92.982 | 57.363 | 41.785 |
|   8   | 61.680 | 87.638 | 92.836 | 57.913 | 41.822 |
|   9   | 64.003 | 87.947 | 92.641 | 59.279 | 42.777 |
|   10  | 63.661 | 88.044 | 92.788 | 59.278 | 43.062 |
|   11  | 63.726 | 87.995 | 92.820 | 59.451 | 43.306 |
|   12  | 63.840 | 87.995 | 92.755 | 59.347 | 43.128 |
|   13  | 63.726 | 87.947 | 92.885 | 59.387 | 43.346 |
|   14  | 64.003 | 88.125 | 92.966 | 59.549 | 43.485 |
|   15  | 64.766 | 88.125 | 92.950 | 60.064 | 43.932 |
|   16  | 64.717 | 88.142 | 92.934 | 59.842 | 43.658 |
|   17  | 64.717 | 88.093 | 92.869 | 59.917 | 43.628 |
|   18  | 65.010 | 88.207 | 92.853 | 60.168 | 43.880 |
|   19  | 65.270 | 88.158 | 92.820 | 60.342 | 43.983 |
|   20  | 64.961 | 88.174 | 92.853 | 60.269 | 44.009 |
|   21  | 65.010 | 88.239 | 92.901 | 60.232 | 44.017 |
|   22  | 64.734 | 88.272 | 92.934 | 60.102 | 44.088 |
|   23  | 65.156 | 88.239 | 92.885 | 60.359 | 44.157 |
+-------+--------+--------+--------+--------+--------+
     logs:  {'epo': 23, 'R1': 65.156, 'R5': 88.239, 'R10': 92.885, 'mAP': 60.359, 'mINP': 44.157, 'lr': 2.2e-05, 'entropy': 0.158269, 'loss': 2.752312}
      TTA Epoch: [24] [  0/384]  eta: 0:02:58  lr: 0.000020  entropy: 0.1023  loss: 2.7323  time: 0.4650  data: 0.3683  max mem: 5880
      TTA Epoch: [24] [100/384]  eta: 0:00:15  lr: 0.000020  entropy: 0.1413  loss: 2.7458  time: 0.0428  data: 0.0001  max mem: 5880
      TTA Epoch: [24] [200/384]  eta: 0:00:08  lr: 0.000019  entropy: 0.0739  loss: 2.7208  time: 0.0399  data: 0.0001  max mem: 5880
      TTA Epoch: [24] [300/384]  eta: 0:00:04  lr: 0.000018  entropy: 0.1398  loss: 2.7460  time: 0.0575  data: 0.0001  max mem: 5880
      TTA Epoch: [24] [383/384]  eta: 0:00:00  lr: 0.000017  entropy: 0.1361  loss: 2.7444  time: 0.0417  data: 0.0001  max mem: 5880
      TTA Epoch: [24] Total time: 0:00:19 (0.0500 s / it)
     Averaged stats: lr: 0.0000  entropy: 0.1563  loss: 2.7516
     itm tta time 0:00:19
     Computing matching score
      ITM Evaluation: [   0/6156]  eta: 0:04:10    time: 0.0407  data: 0.0083  max mem: 5880
      ITM Evaluation: [ 100/6156]  eta: 0:03:08    time: 0.0306  data: 0.0000  max mem: 5880
      ITM Evaluation: [ 200/6156]  eta: 0:03:04    time: 0.0309  data: 0.0000  max mem: 5880
      ITM Evaluation: [ 300/6156]  eta: 0:03:01    time: 0.0308  data: 0.0000  max mem: 5880
      ITM Evaluation: [ 400/6156]  eta: 0:02:57    time: 0.0310  data: 0.0000  max mem: 5880
      ITM Evaluation: [ 500/6156]  eta: 0:02:55    time: 0.0320  data: 0.0000  max mem: 5880
      ITM Evaluation: [ 600/6156]  eta: 0:02:53    time: 0.0318  data: 0.0000  max mem: 5880
      ITM Evaluation: [ 700/6156]  eta: 0:02:50    time: 0.0308  data: 0.0000  max mem: 5880
      ITM Evaluation: [ 800/6156]  eta: 0:02:46    time: 0.0309  data: 0.0000  max mem: 5880
      ITM Evaluation: [ 900/6156]  eta: 0:02:43    time: 0.0309  data: 0.0000  max mem: 5880
      ITM Evaluation: [1000/6156]  eta: 0:02:40    time: 0.0307  data: 0.0000  max mem: 5880
      ITM Evaluation: [1100/6156]  eta: 0:02:36    time: 0.0313  data: 0.0000  max mem: 5880
      ITM Evaluation: [1200/6156]  eta: 0:02:33    time: 0.0307  data: 0.0000  max mem: 5880
      ITM Evaluation: [1300/6156]  eta: 0:02:30    time: 0.0307  data: 0.0000  max mem: 5880
      ITM Evaluation: [1400/6156]  eta: 0:02:27    time: 0.0307  data: 0.0000  max mem: 5880
      ITM Evaluation: [1500/6156]  eta: 0:02:24    time: 0.0312  data: 0.0000  max mem: 5880
      ITM Evaluation: [1600/6156]  eta: 0:02:21    time: 0.0312  data: 0.0000  max mem: 5880
      ITM Evaluation: [1700/6156]  eta: 0:02:18    time: 0.0323  data: 0.0000  max mem: 5880
      ITM Evaluation: [1800/6156]  eta: 0:02:15    time: 0.0326  data: 0.0000  max mem: 5880
      ITM Evaluation: [1900/6156]  eta: 0:02:12    time: 0.0308  data: 0.0000  max mem: 5880
      ITM Evaluation: [2000/6156]  eta: 0:02:09    time: 0.0310  data: 0.0000  max mem: 5880
      ITM Evaluation: [2100/6156]  eta: 0:02:06    time: 0.0311  data: 0.0000  max mem: 5880
      ITM Evaluation: [2200/6156]  eta: 0:02:03    time: 0.0308  data: 0.0000  max mem: 5880
      ITM Evaluation: [2300/6156]  eta: 0:01:59    time: 0.0306  data: 0.0000  max mem: 5880
      ITM Evaluation: [2400/6156]  eta: 0:01:56    time: 0.0314  data: 0.0000  max mem: 5880
      ITM Evaluation: [2500/6156]  eta: 0:01:53    time: 0.0311  data: 0.0000  max mem: 5880
      ITM Evaluation: [2600/6156]  eta: 0:01:50    time: 0.0309  data: 0.0000  max mem: 5880
      ITM Evaluation: [2700/6156]  eta: 0:01:47    time: 0.0326  data: 0.0000  max mem: 5880
      ITM Evaluation: [2800/6156]  eta: 0:01:44    time: 0.0321  data: 0.0000  max mem: 5880
      ITM Evaluation: [2900/6156]  eta: 0:01:41    time: 0.0317  data: 0.0000  max mem: 5880
      ITM Evaluation: [3000/6156]  eta: 0:01:38    time: 0.0337  data: 0.0000  max mem: 5880
      ITM Evaluation: [3100/6156]  eta: 0:01:35    time: 0.0314  data: 0.0000  max mem: 5880
      ITM Evaluation: [3200/6156]  eta: 0:01:32    time: 0.0316  data: 0.0000  max mem: 5880
      ITM Evaluation: [3300/6156]  eta: 0:01:29    time: 0.0315  data: 0.0000  max mem: 5880
      ITM Evaluation: [3400/6156]  eta: 0:01:26    time: 0.0322  data: 0.0000  max mem: 5880
      ITM Evaluation: [3500/6156]  eta: 0:01:23    time: 0.0318  data: 0.0000  max mem: 5880
      ITM Evaluation: [3600/6156]  eta: 0:01:20    time: 0.0313  data: 0.0000  max mem: 5880
      ITM Evaluation: [3700/6156]  eta: 0:01:17    time: 0.0310  data: 0.0000  max mem: 5880
      ITM Evaluation: [3800/6156]  eta: 0:01:13    time: 0.0310  data: 0.0000  max mem: 5880
      ITM Evaluation: [3900/6156]  eta: 0:01:10    time: 0.0312  data: 0.0000  max mem: 5880
      ITM Evaluation: [4000/6156]  eta: 0:01:07    time: 0.0314  data: 0.0000  max mem: 5880
      ITM Evaluation: [4100/6156]  eta: 0:01:04    time: 0.0313  data: 0.0000  max mem: 5880
      ITM Evaluation: [4200/6156]  eta: 0:01:01    time: 0.0328  data: 0.0000  max mem: 5880
      ITM Evaluation: [4300/6156]  eta: 0:00:58    time: 0.0334  data: 0.0000  max mem: 5880
      ITM Evaluation: [4400/6156]  eta: 0:00:55    time: 0.0311  data: 0.0000  max mem: 5880
      ITM Evaluation: [4500/6156]  eta: 0:00:52    time: 0.0312  data: 0.0000  max mem: 5880
      ITM Evaluation: [4600/6156]  eta: 0:00:48    time: 0.0312  data: 0.0000  max mem: 5880
      ITM Evaluation: [4700/6156]  eta: 0:00:45    time: 0.0314  data: 0.0000  max mem: 5880
      ITM Evaluation: [4800/6156]  eta: 0:00:42    time: 0.0311  data: 0.0000  max mem: 5880
      ITM Evaluation: [4900/6156]  eta: 0:00:39    time: 0.0312  data: 0.0000  max mem: 5880
      ITM Evaluation: [5000/6156]  eta: 0:00:36    time: 0.0311  data: 0.0000  max mem: 5880
      ITM Evaluation: [5100/6156]  eta: 0:00:33    time: 0.0314  data: 0.0000  max mem: 5880
      ITM Evaluation: [5200/6156]  eta: 0:00:30    time: 0.0311  data: 0.0000  max mem: 5880
      ITM Evaluation: [5300/6156]  eta: 0:00:26    time: 0.0315  data: 0.0000  max mem: 5880
      ITM Evaluation: [5400/6156]  eta: 0:00:23    time: 0.0337  data: 0.0000  max mem: 5880
      ITM Evaluation: [5500/6156]  eta: 0:00:20    time: 0.0328  data: 0.0000  max mem: 5880
      ITM Evaluation: [5600/6156]  eta: 0:00:17    time: 0.0311  data: 0.0000  max mem: 5880
      ITM Evaluation: [5700/6156]  eta: 0:00:14    time: 0.0312  data: 0.0000  max mem: 5880
      ITM Evaluation: [5800/6156]  eta: 0:00:11    time: 0.0311  data: 0.0000  max mem: 5880
      ITM Evaluation: [5900/6156]  eta: 0:00:08    time: 0.0311  data: 0.0000  max mem: 5880
      ITM Evaluation: [6000/6156]  eta: 0:00:04    time: 0.0310  data: 0.0000  max mem: 5880
      ITM Evaluation: [6100/6156]  eta: 0:00:01    time: 0.0315  data: 0.0000  max mem: 5880
      ITM Evaluation: [6155/6156]  eta: 0:00:00    time: 0.0313  data: 0.0000  max mem: 5880
      ITM Evaluation: Total time: 0:03:13 (0.0314 s / it)
     total_time 193.50929307937622
     Computing matching score time 0:03:13
### TTA ITM Score: 
+-------+--------+--------+--------+--------+--------+
| epoch |   R1   |   R5   |  R10   |  mAP   |  mINP  |
+-------+--------+--------+--------+--------+--------+
|  -999 | 70.760 | 87.378 | 92.268 | 63.849 | 48.174 |
|  -999 | 76.170 | 89.457 | 93.600 | 65.570 | 47.372 |
|   0   | 65.335 | 88.109 | 92.771 | 60.199 | 43.479 |
|   1   | 63.207 | 87.833 | 93.047 | 59.105 | 43.215 |
|   2   | 59.860 | 87.281 | 92.755 | 57.159 | 41.659 |
|   3   | 58.203 | 87.070 | 92.771 | 56.083 | 41.013 |
|   4   | 58.431 | 87.183 | 92.641 | 56.112 | 40.589 |
|   5   | 60.315 | 87.411 | 92.723 | 57.092 | 41.225 |
|   6   | 58.528 | 87.167 | 92.755 | 56.280 | 40.902 |
|   7   | 60.559 | 87.443 | 92.982 | 57.363 | 41.785 |
|   8   | 61.680 | 87.638 | 92.836 | 57.913 | 41.822 |
|   9   | 64.003 | 87.947 | 92.641 | 59.279 | 42.777 |
|   10  | 63.661 | 88.044 | 92.788 | 59.278 | 43.062 |
|   11  | 63.726 | 87.995 | 92.820 | 59.451 | 43.306 |
|   12  | 63.840 | 87.995 | 92.755 | 59.347 | 43.128 |
|   13  | 63.726 | 87.947 | 92.885 | 59.387 | 43.346 |
|   14  | 64.003 | 88.125 | 92.966 | 59.549 | 43.485 |
|   15  | 64.766 | 88.125 | 92.950 | 60.064 | 43.932 |
|   16  | 64.717 | 88.142 | 92.934 | 59.842 | 43.658 |
|   17  | 64.717 | 88.093 | 92.869 | 59.917 | 43.628 |
|   18  | 65.010 | 88.207 | 92.853 | 60.168 | 43.880 |
|   19  | 65.270 | 88.158 | 92.820 | 60.342 | 43.983 |
|   20  | 64.961 | 88.174 | 92.853 | 60.269 | 44.009 |
|   21  | 65.010 | 88.239 | 92.901 | 60.232 | 44.017 |
|   22  | 64.734 | 88.272 | 92.934 | 60.102 | 44.088 |
|   23  | 65.156 | 88.239 | 92.885 | 60.359 | 44.157 |
|   24  | 64.945 | 88.272 | 92.901 | 60.246 | 44.040 |
+-------+--------+--------+--------+--------+--------+
     logs:  {'epo': 24, 'R1': 64.945, 'R5': 88.272, 'R10': 92.901, 'mAP': 60.246, 'mINP': 44.04, 'lr': 1.9e-05, 'entropy': 0.156343, 'loss': 2.751596}
      TTA Epoch: [25] [  0/384]  eta: 0:03:07  lr: 0.000017  entropy: 0.0415  loss: 2.7090  time: 0.4884  data: 0.3813  max mem: 5880
      TTA Epoch: [25] [100/384]  eta: 0:00:13  lr: 0.000016  entropy: 0.1952  loss: 2.7657  time: 0.0436  data: 0.0001  max mem: 5880
      TTA Epoch: [25] [200/384]  eta: 0:00:08  lr: 0.000015  entropy: 0.1746  loss: 2.7582  time: 0.0393  data: 0.0001  max mem: 5880
      TTA Epoch: [25] [300/384]  eta: 0:00:03  lr: 0.000014  entropy: 0.1197  loss: 2.7385  time: 0.0625  data: 0.0002  max mem: 5880
      TTA Epoch: [25] [383/384]  eta: 0:00:00  lr: 0.000014  entropy: 0.2435  loss: 2.7840  time: 0.0396  data: 0.0001  max mem: 5880
      TTA Epoch: [25] Total time: 0:00:18 (0.0479 s / it)
     Averaged stats: lr: 0.0000  entropy: 0.1502  loss: 2.7493
     itm tta time 0:00:18
     Computing matching score
      ITM Evaluation: [   0/6156]  eta: 0:04:18    time: 0.0420  data: 0.0091  max mem: 5880
      ITM Evaluation: [ 100/6156]  eta: 0:03:06    time: 0.0308  data: 0.0000  max mem: 5880
      ITM Evaluation: [ 200/6156]  eta: 0:03:03    time: 0.0309  data: 0.0000  max mem: 5880
      ITM Evaluation: [ 300/6156]  eta: 0:03:00    time: 0.0312  data: 0.0000  max mem: 5880
      ITM Evaluation: [ 400/6156]  eta: 0:02:58    time: 0.0317  data: 0.0000  max mem: 5880
      ITM Evaluation: [ 500/6156]  eta: 0:02:56    time: 0.0314  data: 0.0000  max mem: 5880
      ITM Evaluation: [ 600/6156]  eta: 0:02:53    time: 0.0313  data: 0.0000  max mem: 5880
      ITM Evaluation: [ 700/6156]  eta: 0:02:50    time: 0.0304  data: 0.0000  max mem: 5880
      ITM Evaluation: [ 800/6156]  eta: 0:02:46    time: 0.0306  data: 0.0000  max mem: 5880
      ITM Evaluation: [ 900/6156]  eta: 0:02:43    time: 0.0305  data: 0.0000  max mem: 5880
      ITM Evaluation: [1000/6156]  eta: 0:02:40    time: 0.0322  data: 0.0000  max mem: 5880
      ITM Evaluation: [1100/6156]  eta: 0:02:37    time: 0.0320  data: 0.0000  max mem: 5880
      ITM Evaluation: [1200/6156]  eta: 0:02:34    time: 0.0307  data: 0.0000  max mem: 5880
      ITM Evaluation: [1300/6156]  eta: 0:02:31    time: 0.0308  data: 0.0000  max mem: 5880
      ITM Evaluation: [1400/6156]  eta: 0:02:28    time: 0.0310  data: 0.0000  max mem: 5880
      ITM Evaluation: [1500/6156]  eta: 0:02:25    time: 0.0307  data: 0.0000  max mem: 5880
      ITM Evaluation: [1600/6156]  eta: 0:02:21    time: 0.0311  data: 0.0000  max mem: 5880
      ITM Evaluation: [1700/6156]  eta: 0:02:18    time: 0.0312  data: 0.0000  max mem: 5880
      ITM Evaluation: [1800/6156]  eta: 0:02:15    time: 0.0314  data: 0.0000  max mem: 5880
      ITM Evaluation: [1900/6156]  eta: 0:02:12    time: 0.0310  data: 0.0000  max mem: 5880
      ITM Evaluation: [2000/6156]  eta: 0:02:09    time: 0.0310  data: 0.0000  max mem: 5880
      ITM Evaluation: [2100/6156]  eta: 0:02:06    time: 0.0308  data: 0.0000  max mem: 5880
      ITM Evaluation: [2200/6156]  eta: 0:02:02    time: 0.0307  data: 0.0000  max mem: 5880
      ITM Evaluation: [2300/6156]  eta: 0:02:00    time: 0.0340  data: 0.0000  max mem: 5880
      ITM Evaluation: [2400/6156]  eta: 0:01:57    time: 0.0341  data: 0.0000  max mem: 5880
      ITM Evaluation: [2500/6156]  eta: 0:01:54    time: 0.0314  data: 0.0000  max mem: 5880
      ITM Evaluation: [2600/6156]  eta: 0:01:51    time: 0.0309  data: 0.0000  max mem: 5880
      ITM Evaluation: [2700/6156]  eta: 0:01:48    time: 0.0314  data: 0.0000  max mem: 5880
      ITM Evaluation: [2800/6156]  eta: 0:01:44    time: 0.0310  data: 0.0000  max mem: 5880
      ITM Evaluation: [2900/6156]  eta: 0:01:41    time: 0.0309  data: 0.0000  max mem: 5880
      ITM Evaluation: [3000/6156]  eta: 0:01:38    time: 0.0309  data: 0.0000  max mem: 5880
      ITM Evaluation: [3100/6156]  eta: 0:01:35    time: 0.0317  data: 0.0000  max mem: 5880
      ITM Evaluation: [3200/6156]  eta: 0:01:32    time: 0.0319  data: 0.0000  max mem: 5880
      ITM Evaluation: [3300/6156]  eta: 0:01:29    time: 0.0317  data: 0.0000  max mem: 5880
      ITM Evaluation: [3400/6156]  eta: 0:01:26    time: 0.0310  data: 0.0000  max mem: 5880
      ITM Evaluation: [3500/6156]  eta: 0:01:23    time: 0.0310  data: 0.0000  max mem: 5880
      ITM Evaluation: [3600/6156]  eta: 0:01:20    time: 0.0334  data: 0.0000  max mem: 5880
      ITM Evaluation: [3700/6156]  eta: 0:01:17    time: 0.0337  data: 0.0000  max mem: 5880
      ITM Evaluation: [3800/6156]  eta: 0:01:14    time: 0.0320  data: 0.0000  max mem: 5880
      ITM Evaluation: [3900/6156]  eta: 0:01:10    time: 0.0318  data: 0.0000  max mem: 5880
      ITM Evaluation: [4000/6156]  eta: 0:01:07    time: 0.0317  data: 0.0000  max mem: 5880
      ITM Evaluation: [4100/6156]  eta: 0:01:04    time: 0.0313  data: 0.0000  max mem: 5880
      ITM Evaluation: [4200/6156]  eta: 0:01:01    time: 0.0313  data: 0.0000  max mem: 5880
      ITM Evaluation: [4300/6156]  eta: 0:00:58    time: 0.0320  data: 0.0000  max mem: 5880
      ITM Evaluation: [4400/6156]  eta: 0:00:55    time: 0.0312  data: 0.0000  max mem: 5880
      ITM Evaluation: [4500/6156]  eta: 0:00:52    time: 0.0305  data: 0.0000  max mem: 5880
      ITM Evaluation: [4600/6156]  eta: 0:00:48    time: 0.0309  data: 0.0000  max mem: 5880
      ITM Evaluation: [4700/6156]  eta: 0:00:45    time: 0.0312  data: 0.0000  max mem: 5880
      ITM Evaluation: [4800/6156]  eta: 0:00:42    time: 0.0311  data: 0.0000  max mem: 5880
      ITM Evaluation: [4900/6156]  eta: 0:00:39    time: 0.0326  data: 0.0000  max mem: 5880
      ITM Evaluation: [5000/6156]  eta: 0:00:36    time: 0.0311  data: 0.0000  max mem: 5880
      ITM Evaluation: [5100/6156]  eta: 0:00:33    time: 0.0310  data: 0.0000  max mem: 5880
      ITM Evaluation: [5200/6156]  eta: 0:00:30    time: 0.0313  data: 0.0000  max mem: 5880
      ITM Evaluation: [5300/6156]  eta: 0:00:26    time: 0.0312  data: 0.0000  max mem: 5880
      ITM Evaluation: [5400/6156]  eta: 0:00:23    time: 0.0308  data: 0.0000  max mem: 5880
      ITM Evaluation: [5500/6156]  eta: 0:00:20    time: 0.0314  data: 0.0000  max mem: 5880
      ITM Evaluation: [5600/6156]  eta: 0:00:17    time: 0.0306  data: 0.0000  max mem: 5880
      ITM Evaluation: [5700/6156]  eta: 0:00:14    time: 0.0309  data: 0.0000  max mem: 5880
      ITM Evaluation: [5800/6156]  eta: 0:00:11    time: 0.0312  data: 0.0000  max mem: 5880
      ITM Evaluation: [5900/6156]  eta: 0:00:08    time: 0.0312  data: 0.0000  max mem: 5880
      ITM Evaluation: [6000/6156]  eta: 0:00:04    time: 0.0312  data: 0.0000  max mem: 5880
      ITM Evaluation: [6100/6156]  eta: 0:00:01    time: 0.0329  data: 0.0000  max mem: 5880
      ITM Evaluation: [6155/6156]  eta: 0:00:00    time: 0.0335  data: 0.0000  max mem: 5880
      ITM Evaluation: Total time: 0:03:13 (0.0314 s / it)
     total_time 193.61669373512268
     Computing matching score time 0:03:13
### TTA ITM Score: 
+-------+--------+--------+--------+--------+--------+
| epoch |   R1   |   R5   |  R10   |  mAP   |  mINP  |
+-------+--------+--------+--------+--------+--------+
|  -999 | 70.760 | 87.378 | 92.268 | 63.849 | 48.174 |
|  -999 | 76.170 | 89.457 | 93.600 | 65.570 | 47.372 |
|   0   | 65.335 | 88.109 | 92.771 | 60.199 | 43.479 |
|   1   | 63.207 | 87.833 | 93.047 | 59.105 | 43.215 |
|   2   | 59.860 | 87.281 | 92.755 | 57.159 | 41.659 |
|   3   | 58.203 | 87.070 | 92.771 | 56.083 | 41.013 |
|   4   | 58.431 | 87.183 | 92.641 | 56.112 | 40.589 |
|   5   | 60.315 | 87.411 | 92.723 | 57.092 | 41.225 |
|   6   | 58.528 | 87.167 | 92.755 | 56.280 | 40.902 |
|   7   | 60.559 | 87.443 | 92.982 | 57.363 | 41.785 |
|   8   | 61.680 | 87.638 | 92.836 | 57.913 | 41.822 |
|   9   | 64.003 | 87.947 | 92.641 | 59.279 | 42.777 |
|   10  | 63.661 | 88.044 | 92.788 | 59.278 | 43.062 |
|   11  | 63.726 | 87.995 | 92.820 | 59.451 | 43.306 |
|   12  | 63.840 | 87.995 | 92.755 | 59.347 | 43.128 |
|   13  | 63.726 | 87.947 | 92.885 | 59.387 | 43.346 |
|   14  | 64.003 | 88.125 | 92.966 | 59.549 | 43.485 |
|   15  | 64.766 | 88.125 | 92.950 | 60.064 | 43.932 |
|   16  | 64.717 | 88.142 | 92.934 | 59.842 | 43.658 |
|   17  | 64.717 | 88.093 | 92.869 | 59.917 | 43.628 |
|   18  | 65.010 | 88.207 | 92.853 | 60.168 | 43.880 |
|   19  | 65.270 | 88.158 | 92.820 | 60.342 | 43.983 |
|   20  | 64.961 | 88.174 | 92.853 | 60.269 | 44.009 |
|   21  | 65.010 | 88.239 | 92.901 | 60.232 | 44.017 |
|   22  | 64.734 | 88.272 | 92.934 | 60.102 | 44.088 |
|   23  | 65.156 | 88.239 | 92.885 | 60.359 | 44.157 |
|   24  | 64.945 | 88.272 | 92.901 | 60.246 | 44.040 |
|   25  | 64.571 | 88.239 | 92.885 | 59.956 | 43.855 |
+-------+--------+--------+--------+--------+--------+
     logs:  {'epo': 25, 'R1': 64.571, 'R5': 88.239, 'R10': 92.885, 'mAP': 59.956, 'mINP': 43.855, 'lr': 1.5e-05, 'entropy': 0.150165, 'loss': 2.749303}
      TTA Epoch: [26] [  0/384]  eta: 0:03:03  lr: 0.000014  entropy: 0.0846  loss: 2.7250  time: 0.4780  data: 0.3846  max mem: 5880
      TTA Epoch: [26] [100/384]  eta: 0:00:13  lr: 0.000013  entropy: 0.0834  loss: 2.7244  time: 0.0425  data: 0.0001  max mem: 5880
      TTA Epoch: [26] [200/384]  eta: 0:00:08  lr: 0.000012  entropy: 0.0570  loss: 2.7151  time: 0.0397  data: 0.0001  max mem: 5880
      TTA Epoch: [26] [300/384]  eta: 0:00:03  lr: 0.000011  entropy: 0.2715  loss: 2.7946  time: 0.0399  data: 0.0001  max mem: 5880
      TTA Epoch: [26] [383/384]  eta: 0:00:00  lr: 0.000010  entropy: 0.0443  loss: 2.7101  time: 0.0400  data: 0.0001  max mem: 5880
      TTA Epoch: [26] Total time: 0:00:16 (0.0435 s / it)
     Averaged stats: lr: 0.0000  entropy: 0.1555  loss: 2.7513
     itm tta time 0:00:16
     Computing matching score
      ITM Evaluation: [   0/6156]  eta: 0:04:09    time: 0.0405  data: 0.0081  max mem: 5880
      ITM Evaluation: [ 100/6156]  eta: 0:03:08    time: 0.0307  data: 0.0000  max mem: 5880
      ITM Evaluation: [ 200/6156]  eta: 0:03:04    time: 0.0311  data: 0.0000  max mem: 5880
      ITM Evaluation: [ 300/6156]  eta: 0:03:01    time: 0.0310  data: 0.0000  max mem: 5880
      ITM Evaluation: [ 400/6156]  eta: 0:02:57    time: 0.0308  data: 0.0000  max mem: 5880
      ITM Evaluation: [ 500/6156]  eta: 0:02:54    time: 0.0309  data: 0.0000  max mem: 5880
      ITM Evaluation: [ 600/6156]  eta: 0:02:53    time: 0.0347  data: 0.0000  max mem: 5880
      ITM Evaluation: [ 700/6156]  eta: 0:02:52    time: 0.0340  data: 0.0000  max mem: 5880
      ITM Evaluation: [ 800/6156]  eta: 0:02:49    time: 0.0316  data: 0.0000  max mem: 5880
      ITM Evaluation: [ 900/6156]  eta: 0:02:46    time: 0.0313  data: 0.0000  max mem: 5880
      ITM Evaluation: [1000/6156]  eta: 0:02:43    time: 0.0313  data: 0.0000  max mem: 5880
      ITM Evaluation: [1100/6156]  eta: 0:02:39    time: 0.0317  data: 0.0000  max mem: 5880
      ITM Evaluation: [1200/6156]  eta: 0:02:36    time: 0.0323  data: 0.0000  max mem: 5880
      ITM Evaluation: [1300/6156]  eta: 0:02:33    time: 0.0318  data: 0.0000  max mem: 5880
      ITM Evaluation: [1400/6156]  eta: 0:02:30    time: 0.0316  data: 0.0000  max mem: 5880
      ITM Evaluation: [1500/6156]  eta: 0:02:27    time: 0.0314  data: 0.0000  max mem: 5880
      ITM Evaluation: [1600/6156]  eta: 0:02:24    time: 0.0313  data: 0.0000  max mem: 5880
      ITM Evaluation: [1700/6156]  eta: 0:02:20    time: 0.0317  data: 0.0000  max mem: 5880
      ITM Evaluation: [1800/6156]  eta: 0:02:17    time: 0.0339  data: 0.0000  max mem: 5880
      ITM Evaluation: [1900/6156]  eta: 0:02:14    time: 0.0333  data: 0.0000  max mem: 5880
      ITM Evaluation: [2000/6156]  eta: 0:02:12    time: 0.0332  data: 0.0000  max mem: 5880
      ITM Evaluation: [2100/6156]  eta: 0:02:08    time: 0.0318  data: 0.0000  max mem: 5880
      ITM Evaluation: [2200/6156]  eta: 0:02:05    time: 0.0319  data: 0.0000  max mem: 5880
      ITM Evaluation: [2300/6156]  eta: 0:02:02    time: 0.0318  data: 0.0000  max mem: 5880
      ITM Evaluation: [2400/6156]  eta: 0:01:59    time: 0.0314  data: 0.0000  max mem: 5880
      ITM Evaluation: [2500/6156]  eta: 0:01:56    time: 0.0315  data: 0.0000  max mem: 5880
      ITM Evaluation: [2600/6156]  eta: 0:01:52    time: 0.0317  data: 0.0000  max mem: 5880
      ITM Evaluation: [2700/6156]  eta: 0:01:49    time: 0.0315  data: 0.0000  max mem: 5880
      ITM Evaluation: [2800/6156]  eta: 0:01:46    time: 0.0316  data: 0.0000  max mem: 5880
      ITM Evaluation: [2900/6156]  eta: 0:01:43    time: 0.0312  data: 0.0000  max mem: 5880
      ITM Evaluation: [3000/6156]  eta: 0:01:40    time: 0.0317  data: 0.0000  max mem: 5880
      ITM Evaluation: [3100/6156]  eta: 0:01:37    time: 0.0330  data: 0.0000  max mem: 5880
      ITM Evaluation: [3200/6156]  eta: 0:01:34    time: 0.0340  data: 0.0000  max mem: 5880
      ITM Evaluation: [3300/6156]  eta: 0:01:30    time: 0.0318  data: 0.0000  max mem: 5880
      ITM Evaluation: [3400/6156]  eta: 0:01:27    time: 0.0317  data: 0.0000  max mem: 5880
      ITM Evaluation: [3500/6156]  eta: 0:01:24    time: 0.0319  data: 0.0000  max mem: 5880
      ITM Evaluation: [3600/6156]  eta: 0:01:21    time: 0.0317  data: 0.0000  max mem: 5880
      ITM Evaluation: [3700/6156]  eta: 0:01:18    time: 0.0320  data: 0.0000  max mem: 5880
      ITM Evaluation: [3800/6156]  eta: 0:01:15    time: 0.0321  data: 0.0000  max mem: 5880
      ITM Evaluation: [3900/6156]  eta: 0:01:11    time: 0.0316  data: 0.0000  max mem: 5880
      ITM Evaluation: [4000/6156]  eta: 0:01:08    time: 0.0317  data: 0.0000  max mem: 5880
      ITM Evaluation: [4100/6156]  eta: 0:01:05    time: 0.0316  data: 0.0000  max mem: 5880
      ITM Evaluation: [4200/6156]  eta: 0:01:02    time: 0.0316  data: 0.0000  max mem: 5880
      ITM Evaluation: [4300/6156]  eta: 0:00:59    time: 0.0318  data: 0.0000  max mem: 5880
      ITM Evaluation: [4400/6156]  eta: 0:00:55    time: 0.0320  data: 0.0000  max mem: 5880
      ITM Evaluation: [4500/6156]  eta: 0:00:52    time: 0.0345  data: 0.0000  max mem: 5880
      ITM Evaluation: [4600/6156]  eta: 0:00:49    time: 0.0337  data: 0.0000  max mem: 5880
      ITM Evaluation: [4700/6156]  eta: 0:00:46    time: 0.0336  data: 0.0000  max mem: 5880
      ITM Evaluation: [4800/6156]  eta: 0:00:43    time: 0.0313  data: 0.0000  max mem: 5880
      ITM Evaluation: [4900/6156]  eta: 0:00:40    time: 0.0313  data: 0.0000  max mem: 5880
      ITM Evaluation: [5000/6156]  eta: 0:00:36    time: 0.0314  data: 0.0000  max mem: 5880
      ITM Evaluation: [5100/6156]  eta: 0:00:33    time: 0.0314  data: 0.0000  max mem: 5880
      ITM Evaluation: [5200/6156]  eta: 0:00:30    time: 0.0315  data: 0.0000  max mem: 5880
      ITM Evaluation: [5300/6156]  eta: 0:00:27    time: 0.0318  data: 0.0000  max mem: 5880
      ITM Evaluation: [5400/6156]  eta: 0:00:24    time: 0.0320  data: 0.0000  max mem: 5880
      ITM Evaluation: [5500/6156]  eta: 0:00:20    time: 0.0315  data: 0.0000  max mem: 5880
      ITM Evaluation: [5600/6156]  eta: 0:00:17    time: 0.0316  data: 0.0000  max mem: 5880
      ITM Evaluation: [5700/6156]  eta: 0:00:14    time: 0.0316  data: 0.0000  max mem: 5880
      ITM Evaluation: [5800/6156]  eta: 0:00:11    time: 0.0317  data: 0.0000  max mem: 5880
      ITM Evaluation: [5900/6156]  eta: 0:00:08    time: 0.0339  data: 0.0000  max mem: 5880
      ITM Evaluation: [6000/6156]  eta: 0:00:04    time: 0.0349  data: 0.0000  max mem: 5880
      ITM Evaluation: [6100/6156]  eta: 0:00:01    time: 0.0313  data: 0.0000  max mem: 5880
      ITM Evaluation: [6155/6156]  eta: 0:00:00    time: 0.0309  data: 0.0000  max mem: 5880
      ITM Evaluation: Total time: 0:03:16 (0.0320 s / it)
     total_time 196.9240870475769
     Computing matching score time 0:03:16
### TTA ITM Score: 
+-------+--------+--------+--------+--------+--------+
| epoch |   R1   |   R5   |  R10   |  mAP   |  mINP  |
+-------+--------+--------+--------+--------+--------+
|  -999 | 70.760 | 87.378 | 92.268 | 63.849 | 48.174 |
|  -999 | 76.170 | 89.457 | 93.600 | 65.570 | 47.372 |
|   0   | 65.335 | 88.109 | 92.771 | 60.199 | 43.479 |
|   1   | 63.207 | 87.833 | 93.047 | 59.105 | 43.215 |
|   2   | 59.860 | 87.281 | 92.755 | 57.159 | 41.659 |
|   3   | 58.203 | 87.070 | 92.771 | 56.083 | 41.013 |
|   4   | 58.431 | 87.183 | 92.641 | 56.112 | 40.589 |
|   5   | 60.315 | 87.411 | 92.723 | 57.092 | 41.225 |
|   6   | 58.528 | 87.167 | 92.755 | 56.280 | 40.902 |
|   7   | 60.559 | 87.443 | 92.982 | 57.363 | 41.785 |
|   8   | 61.680 | 87.638 | 92.836 | 57.913 | 41.822 |
|   9   | 64.003 | 87.947 | 92.641 | 59.279 | 42.777 |
|   10  | 63.661 | 88.044 | 92.788 | 59.278 | 43.062 |
|   11  | 63.726 | 87.995 | 92.820 | 59.451 | 43.306 |
|   12  | 63.840 | 87.995 | 92.755 | 59.347 | 43.128 |
|   13  | 63.726 | 87.947 | 92.885 | 59.387 | 43.346 |
|   14  | 64.003 | 88.125 | 92.966 | 59.549 | 43.485 |
|   15  | 64.766 | 88.125 | 92.950 | 60.064 | 43.932 |
|   16  | 64.717 | 88.142 | 92.934 | 59.842 | 43.658 |
|   17  | 64.717 | 88.093 | 92.869 | 59.917 | 43.628 |
|   18  | 65.010 | 88.207 | 92.853 | 60.168 | 43.880 |
|   19  | 65.270 | 88.158 | 92.820 | 60.342 | 43.983 |
|   20  | 64.961 | 88.174 | 92.853 | 60.269 | 44.009 |
|   21  | 65.010 | 88.239 | 92.901 | 60.232 | 44.017 |
|   22  | 64.734 | 88.272 | 92.934 | 60.102 | 44.088 |
|   23  | 65.156 | 88.239 | 92.885 | 60.359 | 44.157 |
|   24  | 64.945 | 88.272 | 92.901 | 60.246 | 44.040 |
|   25  | 64.571 | 88.239 | 92.885 | 59.956 | 43.855 |
|   26  | 64.571 | 88.304 | 92.853 | 59.998 | 44.011 |
+-------+--------+--------+--------+--------+--------+
     logs:  {'epo': 26, 'R1': 64.571, 'R5': 88.304, 'R10': 92.852, 'mAP': 59.998, 'mINP': 44.011, 'lr': 1.2e-05, 'entropy': 0.155523, 'loss': 2.751292}
      TTA Epoch: [27] [  0/384]  eta: 0:02:55  lr: 0.000010  entropy: 0.1228  loss: 2.7386  time: 0.4557  data: 0.3523  max mem: 5880
      TTA Epoch: [27] [100/384]  eta: 0:00:13  lr: 0.000009  entropy: 0.2472  loss: 2.7851  time: 0.0417  data: 0.0001  max mem: 5880
      TTA Epoch: [27] [200/384]  eta: 0:00:08  lr: 0.000009  entropy: 0.1428  loss: 2.7468  time: 0.0397  data: 0.0001  max mem: 5880
      TTA Epoch: [27] [300/384]  eta: 0:00:03  lr: 0.000008  entropy: 0.2186  loss: 2.7748  time: 0.0394  data: 0.0001  max mem: 5880
      TTA Epoch: [27] [383/384]  eta: 0:00:00  lr: 0.000007  entropy: 0.0954  loss: 2.7288  time: 0.0445  data: 0.0001  max mem: 5880
      TTA Epoch: [27] Total time: 0:00:16 (0.0422 s / it)
     Averaged stats: lr: 0.0000  entropy: 0.1495  loss: 2.7491
     itm tta time 0:00:16
     Computing matching score
      ITM Evaluation: [   0/6156]  eta: 0:03:58    time: 0.0388  data: 0.0061  max mem: 5880
      ITM Evaluation: [ 100/6156]  eta: 0:03:10    time: 0.0314  data: 0.0000  max mem: 5880
      ITM Evaluation: [ 200/6156]  eta: 0:03:06    time: 0.0316  data: 0.0000  max mem: 5880
      ITM Evaluation: [ 300/6156]  eta: 0:03:03    time: 0.0313  data: 0.0000  max mem: 5880
      ITM Evaluation: [ 400/6156]  eta: 0:03:01    time: 0.0337  data: 0.0000  max mem: 5880
      ITM Evaluation: [ 500/6156]  eta: 0:03:00    time: 0.0329  data: 0.0000  max mem: 5880
      ITM Evaluation: [ 600/6156]  eta: 0:02:57    time: 0.0311  data: 0.0000  max mem: 5880
      ITM Evaluation: [ 700/6156]  eta: 0:02:53    time: 0.0306  data: 0.0000  max mem: 5880
      ITM Evaluation: [ 800/6156]  eta: 0:02:49    time: 0.0310  data: 0.0000  max mem: 5880
      ITM Evaluation: [ 900/6156]  eta: 0:02:46    time: 0.0310  data: 0.0000  max mem: 5880
      ITM Evaluation: [1000/6156]  eta: 0:02:42    time: 0.0310  data: 0.0000  max mem: 5880
      ITM Evaluation: [1100/6156]  eta: 0:02:39    time: 0.0316  data: 0.0000  max mem: 5880
      ITM Evaluation: [1200/6156]  eta: 0:02:35    time: 0.0306  data: 0.0000  max mem: 5880
      ITM Evaluation: [1300/6156]  eta: 0:02:32    time: 0.0312  data: 0.0000  max mem: 5880
      ITM Evaluation: [1400/6156]  eta: 0:02:29    time: 0.0308  data: 0.0000  max mem: 5880
      ITM Evaluation: [1500/6156]  eta: 0:02:25    time: 0.0311  data: 0.0000  max mem: 5880
      ITM Evaluation: [1600/6156]  eta: 0:02:23    time: 0.0335  data: 0.0000  max mem: 5880
      ITM Evaluation: [1700/6156]  eta: 0:02:20    time: 0.0333  data: 0.0000  max mem: 5880
      ITM Evaluation: [1800/6156]  eta: 0:02:17    time: 0.0341  data: 0.0000  max mem: 5880
      ITM Evaluation: [1900/6156]  eta: 0:02:14    time: 0.0322  data: 0.0000  max mem: 5880
      ITM Evaluation: [2000/6156]  eta: 0:02:11    time: 0.0322  data: 0.0000  max mem: 5880
      ITM Evaluation: [2100/6156]  eta: 0:02:08    time: 0.0317  data: 0.0000  max mem: 5880
      ITM Evaluation: [2200/6156]  eta: 0:02:05    time: 0.0311  data: 0.0000  max mem: 5880
      ITM Evaluation: [2300/6156]  eta: 0:02:02    time: 0.0316  data: 0.0000  max mem: 5880
      ITM Evaluation: [2400/6156]  eta: 0:01:59    time: 0.0337  data: 0.0000  max mem: 5880
      ITM Evaluation: [2500/6156]  eta: 0:01:56    time: 0.0333  data: 0.0000  max mem: 5880
      ITM Evaluation: [2600/6156]  eta: 0:01:53    time: 0.0447  data: 0.0000  max mem: 5880
      ITM Evaluation: [2700/6156]  eta: 0:01:52    time: 0.0462  data: 0.0000  max mem: 5880
      ITM Evaluation: [2800/6156]  eta: 0:01:49    time: 0.0355  data: 0.0000  max mem: 5880
      ITM Evaluation: [2900/6156]  eta: 0:01:47    time: 0.0398  data: 0.0000  max mem: 5880
      ITM Evaluation: [3000/6156]  eta: 0:01:44    time: 0.0356  data: 0.0000  max mem: 5880
      ITM Evaluation: [3100/6156]  eta: 0:01:41    time: 0.0498  data: 0.0000  max mem: 5880
      ITM Evaluation: [3200/6156]  eta: 0:01:38    time: 0.0329  data: 0.0000  max mem: 5880
      ITM Evaluation: [3300/6156]  eta: 0:01:34    time: 0.0349  data: 0.0000  max mem: 5880
      ITM Evaluation: [3400/6156]  eta: 0:01:31    time: 0.0322  data: 0.0000  max mem: 5880
      ITM Evaluation: [3500/6156]  eta: 0:01:28    time: 0.0325  data: 0.0000  max mem: 5880
      ITM Evaluation: [3600/6156]  eta: 0:01:24    time: 0.0316  data: 0.0000  max mem: 5880
      ITM Evaluation: [3700/6156]  eta: 0:01:21    time: 0.0318  data: 0.0000  max mem: 5880
      ITM Evaluation: [3800/6156]  eta: 0:01:17    time: 0.0319  data: 0.0000  max mem: 5880
      ITM Evaluation: [3900/6156]  eta: 0:01:14    time: 0.0316  data: 0.0000  max mem: 5880
      ITM Evaluation: [4000/6156]  eta: 0:01:11    time: 0.0310  data: 0.0000  max mem: 5880
      ITM Evaluation: [4100/6156]  eta: 0:01:07    time: 0.0303  data: 0.0000  max mem: 5880
      ITM Evaluation: [4200/6156]  eta: 0:01:04    time: 0.0311  data: 0.0000  max mem: 5880
      ITM Evaluation: [4300/6156]  eta: 0:01:01    time: 0.0332  data: 0.0000  max mem: 5880
      ITM Evaluation: [4400/6156]  eta: 0:00:57    time: 0.0358  data: 0.0000  max mem: 5880
      ITM Evaluation: [4500/6156]  eta: 0:00:54    time: 0.0349  data: 0.0000  max mem: 5880
      ITM Evaluation: [4600/6156]  eta: 0:00:51    time: 0.0435  data: 0.0000  max mem: 5880
      ITM Evaluation: [4700/6156]  eta: 0:00:48    time: 0.0349  data: 0.0000  max mem: 5880
      ITM Evaluation: [4800/6156]  eta: 0:00:45    time: 0.0389  data: 0.0000  max mem: 5880
      ITM Evaluation: [4900/6156]  eta: 0:00:42    time: 0.0342  data: 0.0000  max mem: 5880
      ITM Evaluation: [5000/6156]  eta: 0:00:38    time: 0.0334  data: 0.0000  max mem: 5880
      ITM Evaluation: [5100/6156]  eta: 0:00:35    time: 0.0318  data: 0.0000  max mem: 5880
      ITM Evaluation: [5200/6156]  eta: 0:00:32    time: 0.0324  data: 0.0000  max mem: 5880
      ITM Evaluation: [5300/6156]  eta: 0:00:28    time: 0.0314  data: 0.0000  max mem: 5880
      ITM Evaluation: [5400/6156]  eta: 0:00:25    time: 0.0307  data: 0.0000  max mem: 5880
      ITM Evaluation: [5500/6156]  eta: 0:00:21    time: 0.0334  data: 0.0000  max mem: 5880
      ITM Evaluation: [5600/6156]  eta: 0:00:18    time: 0.0306  data: 0.0000  max mem: 5880
      ITM Evaluation: [5700/6156]  eta: 0:00:15    time: 0.0312  data: 0.0000  max mem: 5880
      ITM Evaluation: [5800/6156]  eta: 0:00:11    time: 0.0318  data: 0.0000  max mem: 5880
      ITM Evaluation: [5900/6156]  eta: 0:00:08    time: 0.0308  data: 0.0000  max mem: 5880
      ITM Evaluation: [6000/6156]  eta: 0:00:05    time: 0.0319  data: 0.0000  max mem: 5880
      ITM Evaluation: [6100/6156]  eta: 0:00:01    time: 0.0325  data: 0.0000  max mem: 5880
      ITM Evaluation: [6155/6156]  eta: 0:00:00    time: 0.0325  data: 0.0000  max mem: 5880
      ITM Evaluation: Total time: 0:03:25 (0.0333 s / it)
     total_time 205.11928796768188
     Computing matching score time 0:03:25
### TTA ITM Score: 
+-------+--------+--------+--------+--------+--------+
| epoch |   R1   |   R5   |  R10   |  mAP   |  mINP  |
+-------+--------+--------+--------+--------+--------+
|  -999 | 70.760 | 87.378 | 92.268 | 63.849 | 48.174 |
|  -999 | 76.170 | 89.457 | 93.600 | 65.570 | 47.372 |
|   0   | 65.335 | 88.109 | 92.771 | 60.199 | 43.479 |
|   1   | 63.207 | 87.833 | 93.047 | 59.105 | 43.215 |
|   2   | 59.860 | 87.281 | 92.755 | 57.159 | 41.659 |
|   3   | 58.203 | 87.070 | 92.771 | 56.083 | 41.013 |
|   4   | 58.431 | 87.183 | 92.641 | 56.112 | 40.589 |
|   5   | 60.315 | 87.411 | 92.723 | 57.092 | 41.225 |
|   6   | 58.528 | 87.167 | 92.755 | 56.280 | 40.902 |
|   7   | 60.559 | 87.443 | 92.982 | 57.363 | 41.785 |
|   8   | 61.680 | 87.638 | 92.836 | 57.913 | 41.822 |
|   9   | 64.003 | 87.947 | 92.641 | 59.279 | 42.777 |
|   10  | 63.661 | 88.044 | 92.788 | 59.278 | 43.062 |
|   11  | 63.726 | 87.995 | 92.820 | 59.451 | 43.306 |
|   12  | 63.840 | 87.995 | 92.755 | 59.347 | 43.128 |
|   13  | 63.726 | 87.947 | 92.885 | 59.387 | 43.346 |
|   14  | 64.003 | 88.125 | 92.966 | 59.549 | 43.485 |
|   15  | 64.766 | 88.125 | 92.950 | 60.064 | 43.932 |
|   16  | 64.717 | 88.142 | 92.934 | 59.842 | 43.658 |
|   17  | 64.717 | 88.093 | 92.869 | 59.917 | 43.628 |
|   18  | 65.010 | 88.207 | 92.853 | 60.168 | 43.880 |
|   19  | 65.270 | 88.158 | 92.820 | 60.342 | 43.983 |
|   20  | 64.961 | 88.174 | 92.853 | 60.269 | 44.009 |
|   21  | 65.010 | 88.239 | 92.901 | 60.232 | 44.017 |
|   22  | 64.734 | 88.272 | 92.934 | 60.102 | 44.088 |
|   23  | 65.156 | 88.239 | 92.885 | 60.359 | 44.157 |
|   24  | 64.945 | 88.272 | 92.901 | 60.246 | 44.040 |
|   25  | 64.571 | 88.239 | 92.885 | 59.956 | 43.855 |
|   26  | 64.571 | 88.304 | 92.853 | 59.998 | 44.011 |
|   27  | 64.522 | 88.255 | 92.804 | 59.907 | 43.945 |
+-------+--------+--------+--------+--------+--------+
     logs:  {'epo': 27, 'R1': 64.522, 'R5': 88.255, 'R10': 92.804, 'mAP': 59.907, 'mINP': 43.945, 'lr': 9e-06, 'entropy': 0.14952, 'loss': 2.749064}
      TTA Epoch: [28] [  0/384]  eta: 0:03:05  lr: 0.000007  entropy: 0.1831  loss: 2.7614  time: 0.4823  data: 0.3928  max mem: 5880
      TTA Epoch: [28] [100/384]  eta: 0:00:12  lr: 0.000006  entropy: 0.1801  loss: 2.7607  time: 0.0398  data: 0.0001  max mem: 5880
      TTA Epoch: [28] [200/384]  eta: 0:00:07  lr: 0.000005  entropy: 0.0752  loss: 2.7217  time: 0.0396  data: 0.0001  max mem: 5880
      TTA Epoch: [28] [300/384]  eta: 0:00:03  lr: 0.000004  entropy: 0.0248  loss: 2.7036  time: 0.0405  data: 0.0001  max mem: 5880
      TTA Epoch: [28] [383/384]  eta: 0:00:00  lr: 0.000004  entropy: 0.2010  loss: 2.7682  time: 0.0404  data: 0.0001  max mem: 5880
      TTA Epoch: [28] Total time: 0:00:16 (0.0418 s / it)
     Averaged stats: lr: 0.0000  entropy: 0.1518  loss: 2.7499
     itm tta time 0:00:16
     Computing matching score
      ITM Evaluation: [   0/6156]  eta: 0:04:16    time: 0.0416  data: 0.0086  max mem: 5880
      ITM Evaluation: [ 100/6156]  eta: 0:03:05    time: 0.0303  data: 0.0000  max mem: 5880
      ITM Evaluation: [ 200/6156]  eta: 0:03:02    time: 0.0302  data: 0.0000  max mem: 5880
      ITM Evaluation: [ 300/6156]  eta: 0:02:59    time: 0.0309  data: 0.0000  max mem: 5880
      ITM Evaluation: [ 400/6156]  eta: 0:02:56    time: 0.0303  data: 0.0000  max mem: 5880
      ITM Evaluation: [ 500/6156]  eta: 0:02:53    time: 0.0318  data: 0.0000  max mem: 5880
      ITM Evaluation: [ 600/6156]  eta: 0:02:52    time: 0.0335  data: 0.0000  max mem: 5880
      ITM Evaluation: [ 700/6156]  eta: 0:02:50    time: 0.0329  data: 0.0000  max mem: 5880
      ITM Evaluation: [ 800/6156]  eta: 0:02:47    time: 0.0314  data: 0.0000  max mem: 5880
      ITM Evaluation: [ 900/6156]  eta: 0:02:44    time: 0.0317  data: 0.0000  max mem: 5880
      ITM Evaluation: [1000/6156]  eta: 0:02:41    time: 0.0308  data: 0.0000  max mem: 5880
      ITM Evaluation: [1100/6156]  eta: 0:02:37    time: 0.0307  data: 0.0000  max mem: 5880
      ITM Evaluation: [1200/6156]  eta: 0:02:34    time: 0.0308  data: 0.0000  max mem: 5880
      ITM Evaluation: [1300/6156]  eta: 0:02:31    time: 0.0306  data: 0.0000  max mem: 5880
      ITM Evaluation: [1400/6156]  eta: 0:02:28    time: 0.0309  data: 0.0000  max mem: 5880
      ITM Evaluation: [1500/6156]  eta: 0:02:24    time: 0.0306  data: 0.0000  max mem: 5880
      ITM Evaluation: [1600/6156]  eta: 0:02:21    time: 0.0308  data: 0.0000  max mem: 5880
      ITM Evaluation: [1700/6156]  eta: 0:02:18    time: 0.0306  data: 0.0000  max mem: 5880
      ITM Evaluation: [1800/6156]  eta: 0:02:15    time: 0.0316  data: 0.0000  max mem: 5880
      ITM Evaluation: [1900/6156]  eta: 0:02:12    time: 0.0325  data: 0.0000  max mem: 5880
      ITM Evaluation: [2000/6156]  eta: 0:02:09    time: 0.0312  data: 0.0000  max mem: 5880
      ITM Evaluation: [2100/6156]  eta: 0:02:06    time: 0.0307  data: 0.0000  max mem: 5880
      ITM Evaluation: [2200/6156]  eta: 0:02:03    time: 0.0308  data: 0.0000  max mem: 5880
      ITM Evaluation: [2300/6156]  eta: 0:01:59    time: 0.0309  data: 0.0000  max mem: 5880
      ITM Evaluation: [2400/6156]  eta: 0:01:56    time: 0.0307  data: 0.0000  max mem: 5880
      ITM Evaluation: [2500/6156]  eta: 0:01:53    time: 0.0311  data: 0.0000  max mem: 5880
      ITM Evaluation: [2600/6156]  eta: 0:01:50    time: 0.0307  data: 0.0000  max mem: 5880
      ITM Evaluation: [2700/6156]  eta: 0:01:47    time: 0.0307  data: 0.0000  max mem: 5880
      ITM Evaluation: [2800/6156]  eta: 0:01:44    time: 0.0317  data: 0.0000  max mem: 5880
      ITM Evaluation: [2900/6156]  eta: 0:01:41    time: 0.0314  data: 0.0000  max mem: 5880
      ITM Evaluation: [3000/6156]  eta: 0:01:38    time: 0.0314  data: 0.0000  max mem: 5880
      ITM Evaluation: [3100/6156]  eta: 0:01:35    time: 0.0334  data: 0.0000  max mem: 5880
      ITM Evaluation: [3200/6156]  eta: 0:01:32    time: 0.0337  data: 0.0000  max mem: 5880
      ITM Evaluation: [3300/6156]  eta: 0:01:29    time: 0.0321  data: 0.0000  max mem: 5880
      ITM Evaluation: [3400/6156]  eta: 0:01:26    time: 0.0321  data: 0.0000  max mem: 5880
      ITM Evaluation: [3500/6156]  eta: 0:01:23    time: 0.0322  data: 0.0000  max mem: 5880
      ITM Evaluation: [3600/6156]  eta: 0:01:20    time: 0.0354  data: 0.0000  max mem: 5880
      ITM Evaluation: [3700/6156]  eta: 0:01:17    time: 0.0343  data: 0.0000  max mem: 5880
      ITM Evaluation: [3800/6156]  eta: 0:01:14    time: 0.0344  data: 0.0000  max mem: 5880
      ITM Evaluation: [3900/6156]  eta: 0:01:11    time: 0.0344  data: 0.0000  max mem: 5880
      ITM Evaluation: [4000/6156]  eta: 0:01:08    time: 0.0516  data: 0.0000  max mem: 5880
      ITM Evaluation: [4100/6156]  eta: 0:01:06    time: 0.0504  data: 0.0000  max mem: 5880
      ITM Evaluation: [4200/6156]  eta: 0:01:03    time: 0.0367  data: 0.0000  max mem: 5880
      ITM Evaluation: [4300/6156]  eta: 0:01:00    time: 0.0454  data: 0.0000  max mem: 5880
      ITM Evaluation: [4400/6156]  eta: 0:00:57    time: 0.0343  data: 0.0000  max mem: 5880
      ITM Evaluation: [4500/6156]  eta: 0:00:53    time: 0.0340  data: 0.0000  max mem: 5880
      ITM Evaluation: [4600/6156]  eta: 0:00:50    time: 0.0348  data: 0.0000  max mem: 5880
      ITM Evaluation: [4700/6156]  eta: 0:00:47    time: 0.0326  data: 0.0000  max mem: 5880
      ITM Evaluation: [4800/6156]  eta: 0:00:44    time: 0.0306  data: 0.0000  max mem: 5880
      ITM Evaluation: [4900/6156]  eta: 0:00:40    time: 0.0309  data: 0.0000  max mem: 5880
      ITM Evaluation: [5000/6156]  eta: 0:00:37    time: 0.0325  data: 0.0000  max mem: 5880
      ITM Evaluation: [5100/6156]  eta: 0:00:34    time: 0.0319  data: 0.0000  max mem: 5880
      ITM Evaluation: [5200/6156]  eta: 0:00:31    time: 0.0308  data: 0.0000  max mem: 5880
      ITM Evaluation: [5300/6156]  eta: 0:00:27    time: 0.0311  data: 0.0000  max mem: 5880
      ITM Evaluation: [5400/6156]  eta: 0:00:24    time: 0.0308  data: 0.0000  max mem: 5880
      ITM Evaluation: [5500/6156]  eta: 0:00:21    time: 0.0308  data: 0.0000  max mem: 5880
      ITM Evaluation: [5600/6156]  eta: 0:00:18    time: 0.0309  data: 0.0000  max mem: 5880
      ITM Evaluation: [5700/6156]  eta: 0:00:14    time: 0.0314  data: 0.0000  max mem: 5880
      ITM Evaluation: [5800/6156]  eta: 0:00:11    time: 0.0330  data: 0.0000  max mem: 5880
      ITM Evaluation: [5900/6156]  eta: 0:00:08    time: 0.0332  data: 0.0000  max mem: 5880
      ITM Evaluation: [6000/6156]  eta: 0:00:05    time: 0.0316  data: 0.0000  max mem: 5880
      ITM Evaluation: [6100/6156]  eta: 0:00:01    time: 0.0314  data: 0.0000  max mem: 5880
      ITM Evaluation: [6155/6156]  eta: 0:00:00    time: 0.0313  data: 0.0000  max mem: 5880
      ITM Evaluation: Total time: 0:03:19 (0.0325 s / it)
     total_time 199.8444426059723
     Computing matching score time 0:03:19
### TTA ITM Score: 
+-------+--------+--------+--------+--------+--------+
| epoch |   R1   |   R5   |  R10   |  mAP   |  mINP  |
+-------+--------+--------+--------+--------+--------+
|  -999 | 70.760 | 87.378 | 92.268 | 63.849 | 48.174 |
|  -999 | 76.170 | 89.457 | 93.600 | 65.570 | 47.372 |
|   0   | 65.335 | 88.109 | 92.771 | 60.199 | 43.479 |
|   1   | 63.207 | 87.833 | 93.047 | 59.105 | 43.215 |
|   2   | 59.860 | 87.281 | 92.755 | 57.159 | 41.659 |
|   3   | 58.203 | 87.070 | 92.771 | 56.083 | 41.013 |
|   4   | 58.431 | 87.183 | 92.641 | 56.112 | 40.589 |
|   5   | 60.315 | 87.411 | 92.723 | 57.092 | 41.225 |
|   6   | 58.528 | 87.167 | 92.755 | 56.280 | 40.902 |
|   7   | 60.559 | 87.443 | 92.982 | 57.363 | 41.785 |
|   8   | 61.680 | 87.638 | 92.836 | 57.913 | 41.822 |
|   9   | 64.003 | 87.947 | 92.641 | 59.279 | 42.777 |
|   10  | 63.661 | 88.044 | 92.788 | 59.278 | 43.062 |
|   11  | 63.726 | 87.995 | 92.820 | 59.451 | 43.306 |
|   12  | 63.840 | 87.995 | 92.755 | 59.347 | 43.128 |
|   13  | 63.726 | 87.947 | 92.885 | 59.387 | 43.346 |
|   14  | 64.003 | 88.125 | 92.966 | 59.549 | 43.485 |
|   15  | 64.766 | 88.125 | 92.950 | 60.064 | 43.932 |
|   16  | 64.717 | 88.142 | 92.934 | 59.842 | 43.658 |
|   17  | 64.717 | 88.093 | 92.869 | 59.917 | 43.628 |
|   18  | 65.010 | 88.207 | 92.853 | 60.168 | 43.880 |
|   19  | 65.270 | 88.158 | 92.820 | 60.342 | 43.983 |
|   20  | 64.961 | 88.174 | 92.853 | 60.269 | 44.009 |
|   21  | 65.010 | 88.239 | 92.901 | 60.232 | 44.017 |
|   22  | 64.734 | 88.272 | 92.934 | 60.102 | 44.088 |
|   23  | 65.156 | 88.239 | 92.885 | 60.359 | 44.157 |
|   24  | 64.945 | 88.272 | 92.901 | 60.246 | 44.040 |
|   25  | 64.571 | 88.239 | 92.885 | 59.956 | 43.855 |
|   26  | 64.571 | 88.304 | 92.853 | 59.998 | 44.011 |
|   27  | 64.522 | 88.255 | 92.804 | 59.907 | 43.945 |
|   28  | 64.522 | 88.272 | 92.804 | 59.887 | 43.929 |
+-------+--------+--------+--------+--------+--------+
     logs:  {'epo': 28, 'R1': 64.522, 'R5': 88.272, 'R10': 92.804, 'mAP': 59.887, 'mINP': 43.929, 'lr': 5e-06, 'entropy': 0.151837, 'loss': 2.749924}
      TTA Epoch: [29] [  0/384]  eta: 0:02:59  lr: 0.000004  entropy: 0.1700  loss: 2.7561  time: 0.4679  data: 0.3730  max mem: 5880
      TTA Epoch: [29] [100/384]  eta: 0:00:15  lr: 0.000003  entropy: 0.1664  loss: 2.7556  time: 0.0466  data: 0.0001  max mem: 5880
      TTA Epoch: [29] [200/384]  eta: 0:00:08  lr: 0.000002  entropy: 0.1229  loss: 2.7394  time: 0.0419  data: 0.0001  max mem: 5880
      TTA Epoch: [29] [300/384]  eta: 0:00:03  lr: 0.000001  entropy: 0.2052  loss: 2.7697  time: 0.0407  data: 0.0001  max mem: 5880
      TTA Epoch: [29] [383/384]  eta: 0:00:00  lr: 0.000000  entropy: 0.1924  loss: 2.7648  time: 0.0447  data: 0.0001  max mem: 5880
      TTA Epoch: [29] Total time: 0:00:17 (0.0448 s / it)
     Averaged stats: lr: 0.0000  entropy: 0.1523  loss: 2.7501
     itm tta time 0:00:17
     Computing matching score
      ITM Evaluation: [   0/6156]  eta: 0:03:58    time: 0.0388  data: 0.0066  max mem: 5880
      ITM Evaluation: [ 100/6156]  eta: 0:03:07    time: 0.0311  data: 0.0000  max mem: 5880
      ITM Evaluation: [ 200/6156]  eta: 0:03:04    time: 0.0310  data: 0.0000  max mem: 5880
      ITM Evaluation: [ 300/6156]  eta: 0:03:04    time: 0.0329  data: 0.0000  max mem: 5880
      ITM Evaluation: [ 400/6156]  eta: 0:03:03    time: 0.0325  data: 0.0000  max mem: 5880
      ITM Evaluation: [ 500/6156]  eta: 0:02:59    time: 0.0311  data: 0.0000  max mem: 5880
      ITM Evaluation: [ 600/6156]  eta: 0:02:55    time: 0.0312  data: 0.0000  max mem: 5880
      ITM Evaluation: [ 700/6156]  eta: 0:02:52    time: 0.0313  data: 0.0000  max mem: 5880
      ITM Evaluation: [ 800/6156]  eta: 0:02:49    time: 0.0314  data: 0.0000  max mem: 5880
      ITM Evaluation: [ 900/6156]  eta: 0:02:46    time: 0.0318  data: 0.0000  max mem: 5880
      ITM Evaluation: [1000/6156]  eta: 0:02:43    time: 0.0318  data: 0.0000  max mem: 5880
      ITM Evaluation: [1100/6156]  eta: 0:02:39    time: 0.0315  data: 0.0000  max mem: 5880
      ITM Evaluation: [1200/6156]  eta: 0:02:36    time: 0.0313  data: 0.0000  max mem: 5880
      ITM Evaluation: [1300/6156]  eta: 0:02:33    time: 0.0308  data: 0.0000  max mem: 5880
      ITM Evaluation: [1400/6156]  eta: 0:02:29    time: 0.0310  data: 0.0000  max mem: 5880
      ITM Evaluation: [1500/6156]  eta: 0:02:27    time: 0.0340  data: 0.0000  max mem: 5880
      ITM Evaluation: [1600/6156]  eta: 0:02:24    time: 0.0339  data: 0.0000  max mem: 5880
      ITM Evaluation: [1700/6156]  eta: 0:02:21    time: 0.0315  data: 0.0000  max mem: 5880
      ITM Evaluation: [1800/6156]  eta: 0:02:18    time: 0.0317  data: 0.0000  max mem: 5880
      ITM Evaluation: [1900/6156]  eta: 0:02:15    time: 0.0314  data: 0.0000  max mem: 5880
      ITM Evaluation: [2000/6156]  eta: 0:02:11    time: 0.0312  data: 0.0000  max mem: 5880
      ITM Evaluation: [2100/6156]  eta: 0:02:08    time: 0.0313  data: 0.0000  max mem: 5880
      ITM Evaluation: [2200/6156]  eta: 0:02:05    time: 0.0312  data: 0.0000  max mem: 5880
      ITM Evaluation: [2300/6156]  eta: 0:02:02    time: 0.0312  data: 0.0000  max mem: 5880
      ITM Evaluation: [2400/6156]  eta: 0:01:58    time: 0.0303  data: 0.0000  max mem: 5880
      ITM Evaluation: [2500/6156]  eta: 0:01:55    time: 0.0304  data: 0.0000  max mem: 5880
      ITM Evaluation: [2600/6156]  eta: 0:01:52    time: 0.0305  data: 0.0000  max mem: 5880
      ITM Evaluation: [2700/6156]  eta: 0:01:48    time: 0.0305  data: 0.0000  max mem: 5880
      ITM Evaluation: [2800/6156]  eta: 0:01:45    time: 0.0340  data: 0.0000  max mem: 5880
      ITM Evaluation: [2900/6156]  eta: 0:01:43    time: 0.0332  data: 0.0000  max mem: 5880
      ITM Evaluation: [3000/6156]  eta: 0:01:39    time: 0.0313  data: 0.0000  max mem: 5880
      ITM Evaluation: [3100/6156]  eta: 0:01:36    time: 0.0312  data: 0.0000  max mem: 5880
      ITM Evaluation: [3200/6156]  eta: 0:01:33    time: 0.0312  data: 0.0000  max mem: 5880
      ITM Evaluation: [3300/6156]  eta: 0:01:30    time: 0.0315  data: 0.0000  max mem: 5880
      ITM Evaluation: [3400/6156]  eta: 0:01:27    time: 0.0311  data: 0.0000  max mem: 5880
      ITM Evaluation: [3500/6156]  eta: 0:01:24    time: 0.0313  data: 0.0000  max mem: 5880
      ITM Evaluation: [3600/6156]  eta: 0:01:20    time: 0.0312  data: 0.0000  max mem: 5880
      ITM Evaluation: [3700/6156]  eta: 0:01:17    time: 0.0314  data: 0.0000  max mem: 5880
      ITM Evaluation: [3800/6156]  eta: 0:01:14    time: 0.0317  data: 0.0000  max mem: 5880
      ITM Evaluation: [3900/6156]  eta: 0:01:11    time: 0.0317  data: 0.0000  max mem: 5880
      ITM Evaluation: [4000/6156]  eta: 0:01:08    time: 0.0321  data: 0.0000  max mem: 5880
      ITM Evaluation: [4100/6156]  eta: 0:01:05    time: 0.0337  data: 0.0000  max mem: 5880
      ITM Evaluation: [4200/6156]  eta: 0:01:02    time: 0.0339  data: 0.0000  max mem: 5880
      ITM Evaluation: [4300/6156]  eta: 0:00:58    time: 0.0315  data: 0.0000  max mem: 5880
      ITM Evaluation: [4400/6156]  eta: 0:00:55    time: 0.0311  data: 0.0000  max mem: 5880
      ITM Evaluation: [4500/6156]  eta: 0:00:52    time: 0.0316  data: 0.0000  max mem: 5880
      ITM Evaluation: [4600/6156]  eta: 0:00:49    time: 0.0314  data: 0.0000  max mem: 5880
      ITM Evaluation: [4700/6156]  eta: 0:00:46    time: 0.0316  data: 0.0000  max mem: 5880
      ITM Evaluation: [4800/6156]  eta: 0:00:42    time: 0.0322  data: 0.0000  max mem: 5880
      ITM Evaluation: [4900/6156]  eta: 0:00:39    time: 0.0322  data: 0.0000  max mem: 5880
      ITM Evaluation: [5000/6156]  eta: 0:00:36    time: 0.0322  data: 0.0000  max mem: 5880
      ITM Evaluation: [5100/6156]  eta: 0:00:33    time: 0.0334  data: 0.0000  max mem: 5880
      ITM Evaluation: [5200/6156]  eta: 0:00:30    time: 0.0466  data: 0.0000  max mem: 5880
      ITM Evaluation: [5300/6156]  eta: 0:00:27    time: 0.0325  data: 0.0000  max mem: 5880
      ITM Evaluation: [5400/6156]  eta: 0:00:24    time: 0.0431  data: 0.0000  max mem: 5880
      ITM Evaluation: [5500/6156]  eta: 0:00:21    time: 0.0318  data: 0.0000  max mem: 5880
      ITM Evaluation: [5600/6156]  eta: 0:00:17    time: 0.0328  data: 0.0000  max mem: 5880
      ITM Evaluation: [5700/6156]  eta: 0:00:14    time: 0.0472  data: 0.0000  max mem: 5880
      ITM Evaluation: [5800/6156]  eta: 0:00:11    time: 0.0323  data: 0.0000  max mem: 5880
      ITM Evaluation: [5900/6156]  eta: 0:00:08    time: 0.0331  data: 0.0000  max mem: 5880
      ITM Evaluation: [6000/6156]  eta: 0:00:05    time: 0.0314  data: 0.0000  max mem: 5880
      ITM Evaluation: [6100/6156]  eta: 0:00:01    time: 0.0324  data: 0.0000  max mem: 5880
      ITM Evaluation: [6155/6156]  eta: 0:00:00    time: 0.0341  data: 0.0000  max mem: 5880
      ITM Evaluation: Total time: 0:03:18 (0.0323 s / it)
     total_time 198.78164768218994
     Computing matching score time 0:03:18
### TTA ITM Score: 
+-------+--------+--------+--------+--------+--------+
| epoch |   R1   |   R5   |  R10   |  mAP   |  mINP  |
+-------+--------+--------+--------+--------+--------+
|  -999 | 70.760 | 87.378 | 92.268 | 63.849 | 48.174 |
|  -999 | 76.170 | 89.457 | 93.600 | 65.570 | 47.372 |
|   0   | 65.335 | 88.109 | 92.771 | 60.199 | 43.479 |
|   1   | 63.207 | 87.833 | 93.047 | 59.105 | 43.215 |
|   2   | 59.860 | 87.281 | 92.755 | 57.159 | 41.659 |
|   3   | 58.203 | 87.070 | 92.771 | 56.083 | 41.013 |
|   4   | 58.431 | 87.183 | 92.641 | 56.112 | 40.589 |
|   5   | 60.315 | 87.411 | 92.723 | 57.092 | 41.225 |
|   6   | 58.528 | 87.167 | 92.755 | 56.280 | 40.902 |
|   7   | 60.559 | 87.443 | 92.982 | 57.363 | 41.785 |
|   8   | 61.680 | 87.638 | 92.836 | 57.913 | 41.822 |
|   9   | 64.003 | 87.947 | 92.641 | 59.279 | 42.777 |
|   10  | 63.661 | 88.044 | 92.788 | 59.278 | 43.062 |
|   11  | 63.726 | 87.995 | 92.820 | 59.451 | 43.306 |
|   12  | 63.840 | 87.995 | 92.755 | 59.347 | 43.128 |
|   13  | 63.726 | 87.947 | 92.885 | 59.387 | 43.346 |
|   14  | 64.003 | 88.125 | 92.966 | 59.549 | 43.485 |
|   15  | 64.766 | 88.125 | 92.950 | 60.064 | 43.932 |
|   16  | 64.717 | 88.142 | 92.934 | 59.842 | 43.658 |
|   17  | 64.717 | 88.093 | 92.869 | 59.917 | 43.628 |
|   18  | 65.010 | 88.207 | 92.853 | 60.168 | 43.880 |
|   19  | 65.270 | 88.158 | 92.820 | 60.342 | 43.983 |
|   20  | 64.961 | 88.174 | 92.853 | 60.269 | 44.009 |
|   21  | 65.010 | 88.239 | 92.901 | 60.232 | 44.017 |
|   22  | 64.734 | 88.272 | 92.934 | 60.102 | 44.088 |
|   23  | 65.156 | 88.239 | 92.885 | 60.359 | 44.157 |
|   24  | 64.945 | 88.272 | 92.901 | 60.246 | 44.040 |
|   25  | 64.571 | 88.239 | 92.885 | 59.956 | 43.855 |
|   26  | 64.571 | 88.304 | 92.853 | 59.998 | 44.011 |
|   27  | 64.522 | 88.255 | 92.804 | 59.907 | 43.945 |
|   28  | 64.522 | 88.272 | 92.804 | 59.887 | 43.929 |
|   29  | 64.327 | 88.272 | 92.804 | 59.815 | 43.871 |
+-------+--------+--------+--------+--------+--------+
     logs:  {'epo': 29, 'R1': 64.327, 'R5': 88.272, 'R10': 92.804, 'mAP': 59.815, 'mINP': 43.871, 'lr': 2e-06, 'entropy': 0.152266, 'loss': 2.750083}
### best epoch 0 : {'epo': '0', 'R1': '65.335', 'R5': '88.109', 'R10': '92.771', 'mAP': '60.199', 'mINP': '43.479', 'lr': '0.000431', 'entropy': '0.453805', 'loss': '2.862021'}
### Time 2:31:48
