Not using distributed mode
### Hyper-parameters:
     seed: 42
     device: cuda
     output_dir: output/ft_cuhk/tta/tta_exp1.5
     batch_size_tta: 32
     epochs: 30
     lr: 0.0001
### Creating model
use_swin
load checkpoint from checkpoints/ft_cuhk/checkpoint_best.pth
missing_keys:  []
vision_encoder missing_keys:  []
unexpected_keys:  []
     Total Params Sum:  214456629
### Creating test dataset
     test_dataset: 3074
### Creating test dataloader
### be careful: func create_loader returns a list length of 1
     test_loader: 21
### Inference ITC similiarity matrix
     Computing text features for evaluation
     Computing image features for evaluation
/home/jiahao/task/APTM/reTools.py:308: UserWarning: To copy construct from a tensor, it is recommended to use sourceTensor.clone().detach() or sourceTensor.clone().detach().requires_grad_(True), rather than torch.tensor(sourceTensor).
  similarity = torch.tensor(scores_t2i)
     Computing features time 0:00:09
### Zero-Shot ITC Score: 
+-------+--------+--------+--------+--------+--------+
| epoch |   R1   |   R5   |  R10   |  mAP   |  mINP  |
+-------+--------+--------+--------+--------+--------+
|  -999 | 70.760 | 87.378 | 92.268 | 63.849 | 48.174 |
+-------+--------+--------+--------+--------+--------+
     Computing matching score
      ITM Evaluation: [   0/6156]  eta: 0:06:50    time: 0.0667  data: 0.0035  max mem: 5880
      ITM Evaluation: [ 100/6156]  eta: 0:04:42    time: 0.0503  data: 0.0000  max mem: 5880
      ITM Evaluation: [ 200/6156]  eta: 0:04:33    time: 0.0440  data: 0.0000  max mem: 5880
      ITM Evaluation: [ 300/6156]  eta: 0:04:27    time: 0.0452  data: 0.0000  max mem: 5880
      ITM Evaluation: [ 400/6156]  eta: 0:04:23    time: 0.0429  data: 0.0000  max mem: 5880
      ITM Evaluation: [ 500/6156]  eta: 0:04:16    time: 0.0451  data: 0.0000  max mem: 5880
      ITM Evaluation: [ 600/6156]  eta: 0:04:10    time: 0.0442  data: 0.0000  max mem: 5880
      ITM Evaluation: [ 700/6156]  eta: 0:04:04    time: 0.0447  data: 0.0000  max mem: 5880
      ITM Evaluation: [ 800/6156]  eta: 0:04:00    time: 0.0462  data: 0.0000  max mem: 5880
      ITM Evaluation: [ 900/6156]  eta: 0:03:56    time: 0.0502  data: 0.0000  max mem: 5880
      ITM Evaluation: [1000/6156]  eta: 0:03:53    time: 0.0495  data: 0.0000  max mem: 5880
      ITM Evaluation: [1100/6156]  eta: 0:03:48    time: 0.0449  data: 0.0000  max mem: 5880
      ITM Evaluation: [1200/6156]  eta: 0:03:44    time: 0.0453  data: 0.0000  max mem: 5880
      ITM Evaluation: [1300/6156]  eta: 0:03:39    time: 0.0494  data: 0.0000  max mem: 5880
      ITM Evaluation: [1400/6156]  eta: 0:03:35    time: 0.0493  data: 0.0000  max mem: 5880
      ITM Evaluation: [1500/6156]  eta: 0:03:31    time: 0.0442  data: 0.0000  max mem: 5880
      ITM Evaluation: [1600/6156]  eta: 0:03:27    time: 0.0470  data: 0.0000  max mem: 5880
      ITM Evaluation: [1700/6156]  eta: 0:03:23    time: 0.0466  data: 0.0000  max mem: 5880
      ITM Evaluation: [1800/6156]  eta: 0:03:19    time: 0.0471  data: 0.0000  max mem: 5880
      ITM Evaluation: [1900/6156]  eta: 0:03:15    time: 0.0510  data: 0.0000  max mem: 5880
      ITM Evaluation: [2000/6156]  eta: 0:03:13    time: 0.0630  data: 0.0000  max mem: 5880
      ITM Evaluation: [2100/6156]  eta: 0:03:09    time: 0.0437  data: 0.0000  max mem: 5880
      ITM Evaluation: [2200/6156]  eta: 0:03:04    time: 0.0464  data: 0.0000  max mem: 5880
      ITM Evaluation: [2300/6156]  eta: 0:03:00    time: 0.0397  data: 0.0000  max mem: 5880
      ITM Evaluation: [2400/6156]  eta: 0:02:55    time: 0.0479  data: 0.0000  max mem: 5880
      ITM Evaluation: [2500/6156]  eta: 0:02:50    time: 0.0444  data: 0.0000  max mem: 5880
      ITM Evaluation: [2600/6156]  eta: 0:02:46    time: 0.0453  data: 0.0000  max mem: 5880
      ITM Evaluation: [2700/6156]  eta: 0:02:41    time: 0.0624  data: 0.0000  max mem: 5880
      ITM Evaluation: [2800/6156]  eta: 0:02:37    time: 0.0463  data: 0.0000  max mem: 5880
      ITM Evaluation: [2900/6156]  eta: 0:02:32    time: 0.0442  data: 0.0000  max mem: 5880
      ITM Evaluation: [3000/6156]  eta: 0:02:27    time: 0.0454  data: 0.0000  max mem: 5880
      ITM Evaluation: [3100/6156]  eta: 0:02:22    time: 0.0485  data: 0.0000  max mem: 5880
      ITM Evaluation: [3200/6156]  eta: 0:02:18    time: 0.0415  data: 0.0000  max mem: 5880
      ITM Evaluation: [3300/6156]  eta: 0:02:13    time: 0.0434  data: 0.0000  max mem: 5880
      ITM Evaluation: [3400/6156]  eta: 0:02:08    time: 0.0464  data: 0.0000  max mem: 5880
      ITM Evaluation: [3500/6156]  eta: 0:02:03    time: 0.0441  data: 0.0000  max mem: 5880
      ITM Evaluation: [3600/6156]  eta: 0:01:58    time: 0.0454  data: 0.0000  max mem: 5880
      ITM Evaluation: [3700/6156]  eta: 0:01:53    time: 0.0432  data: 0.0000  max mem: 5880
      ITM Evaluation: [3800/6156]  eta: 0:01:48    time: 0.0449  data: 0.0000  max mem: 5880
      ITM Evaluation: [3900/6156]  eta: 0:01:44    time: 0.0449  data: 0.0000  max mem: 5880
      ITM Evaluation: [4000/6156]  eta: 0:01:39    time: 0.0437  data: 0.0000  max mem: 5880
      ITM Evaluation: [4100/6156]  eta: 0:01:34    time: 0.0439  data: 0.0000  max mem: 5880
      ITM Evaluation: [4200/6156]  eta: 0:01:29    time: 0.0414  data: 0.0000  max mem: 5880
      ITM Evaluation: [4300/6156]  eta: 0:01:25    time: 0.0438  data: 0.0000  max mem: 5880
      ITM Evaluation: [4400/6156]  eta: 0:01:20    time: 0.0535  data: 0.0000  max mem: 5880
      ITM Evaluation: [4500/6156]  eta: 0:01:16    time: 0.0506  data: 0.0000  max mem: 5880
      ITM Evaluation: [4600/6156]  eta: 0:01:11    time: 0.0428  data: 0.0000  max mem: 5880
      ITM Evaluation: [4700/6156]  eta: 0:01:06    time: 0.0410  data: 0.0000  max mem: 5880
      ITM Evaluation: [4800/6156]  eta: 0:01:02    time: 0.0414  data: 0.0000  max mem: 5880
      ITM Evaluation: [4900/6156]  eta: 0:00:57    time: 0.0433  data: 0.0000  max mem: 5880
      ITM Evaluation: [5000/6156]  eta: 0:00:52    time: 0.0460  data: 0.0000  max mem: 5880
      ITM Evaluation: [5100/6156]  eta: 0:00:48    time: 0.0433  data: 0.0000  max mem: 5880
      ITM Evaluation: [5200/6156]  eta: 0:00:43    time: 0.0444  data: 0.0000  max mem: 5880
      ITM Evaluation: [5300/6156]  eta: 0:00:39    time: 0.0438  data: 0.0000  max mem: 5880
      ITM Evaluation: [5400/6156]  eta: 0:00:34    time: 0.0480  data: 0.0000  max mem: 5880
      ITM Evaluation: [5500/6156]  eta: 0:00:29    time: 0.0447  data: 0.0000  max mem: 5880
      ITM Evaluation: [5600/6156]  eta: 0:00:25    time: 0.0449  data: 0.0000  max mem: 5880
      ITM Evaluation: [5700/6156]  eta: 0:00:20    time: 0.0519  data: 0.0000  max mem: 5880
      ITM Evaluation: [5800/6156]  eta: 0:00:16    time: 0.0399  data: 0.0000  max mem: 5880
      ITM Evaluation: [5900/6156]  eta: 0:00:11    time: 0.0435  data: 0.0000  max mem: 5880
      ITM Evaluation: [6000/6156]  eta: 0:00:07    time: 0.0395  data: 0.0000  max mem: 5880
      ITM Evaluation: [6100/6156]  eta: 0:00:02    time: 0.0396  data: 0.0000  max mem: 5880
      ITM Evaluation: [6155/6156]  eta: 0:00:00    time: 0.0432  data: 0.0000  max mem: 5880
      ITM Evaluation: Total time: 0:04:39 (0.0454 s / it)
     total_time 279.5588536262512
     Computing matching score time 0:04:39
### Zero-Shot ITM Score: 
+-------+--------+--------+--------+--------+--------+
| epoch |   R1   |   R5   |  R10   |  mAP   |  mINP  |
+-------+--------+--------+--------+--------+--------+
|  -999 | 70.760 | 87.378 | 92.268 | 63.849 | 48.174 |
|  -999 | 76.170 | 89.457 | 93.600 | 65.570 | 47.372 |
+-------+--------+--------+--------+--------+--------+
### TTA:
### Compute ITC Uncertainty
     preprocess_tta_coefficients  start
     sample selection ...
     number of sample after sample_selection: 1749
     uncertainty ...
     preprocess_tta_coefficients  end
### Creating tta dataset
     tta_dataset: 1749
### Creating tta dataloader
### be careful: func create_loader returns a list length of 1
     tta_loader: 54
### Configure adapted weights
     TTA Dropout Modules: 
 [('vision_encoder.pos_drop', Dropout(p=0.0, inplace=False), True), ('vision_encoder.layers.0.blocks.0.attn.attn_drop', Dropout(p=0.0, inplace=False), True), ('vision_encoder.layers.0.blocks.0.attn.proj_drop', Dropout(p=0.0, inplace=False), True), ('vision_encoder.layers.0.blocks.0.mlp.drop', Dropout(p=0.0, inplace=False), True), ('vision_encoder.layers.0.blocks.1.attn.attn_drop', Dropout(p=0.0, inplace=False), True), ('vision_encoder.layers.0.blocks.1.attn.proj_drop', Dropout(p=0.0, inplace=False), True), ('vision_encoder.layers.0.blocks.1.mlp.drop', Dropout(p=0.0, inplace=False), True), ('vision_encoder.layers.1.blocks.0.attn.attn_drop', Dropout(p=0.0, inplace=False), True), ('vision_encoder.layers.1.blocks.0.attn.proj_drop', Dropout(p=0.0, inplace=False), True), ('vision_encoder.layers.1.blocks.0.mlp.drop', Dropout(p=0.0, inplace=False), True), ('vision_encoder.layers.1.blocks.1.attn.attn_drop', Dropout(p=0.0, inplace=False), True), ('vision_encoder.layers.1.blocks.1.attn.proj_drop', Dropout(p=0.0, inplace=False), True), ('vision_encoder.layers.1.blocks.1.mlp.drop', Dropout(p=0.0, inplace=False), True), ('vision_encoder.layers.2.blocks.0.attn.attn_drop', Dropout(p=0.0, inplace=False), True), ('vision_encoder.layers.2.blocks.0.attn.proj_drop', Dropout(p=0.0, inplace=False), True), ('vision_encoder.layers.2.blocks.0.mlp.drop', Dropout(p=0.0, inplace=False), True), ('vision_encoder.layers.2.blocks.1.attn.attn_drop', Dropout(p=0.0, inplace=False), True), ('vision_encoder.layers.2.blocks.1.attn.proj_drop', Dropout(p=0.0, inplace=False), True), ('vision_encoder.layers.2.blocks.1.mlp.drop', Dropout(p=0.0, inplace=False), True), ('vision_encoder.layers.2.blocks.2.attn.attn_drop', Dropout(p=0.0, inplace=False), True), ('vision_encoder.layers.2.blocks.2.attn.proj_drop', Dropout(p=0.0, inplace=False), True), ('vision_encoder.layers.2.blocks.2.mlp.drop', Dropout(p=0.0, inplace=False), True), ('vision_encoder.layers.2.blocks.3.attn.attn_drop', Dropout(p=0.0, inplace=False), True), ('vision_encoder.layers.2.blocks.3.attn.proj_drop', Dropout(p=0.0, inplace=False), True), ('vision_encoder.layers.2.blocks.3.mlp.drop', Dropout(p=0.0, inplace=False), True), ('vision_encoder.layers.2.blocks.4.attn.attn_drop', Dropout(p=0.0, inplace=False), True), ('vision_encoder.layers.2.blocks.4.attn.proj_drop', Dropout(p=0.0, inplace=False), True), ('vision_encoder.layers.2.blocks.4.mlp.drop', Dropout(p=0.0, inplace=False), True), ('vision_encoder.layers.2.blocks.5.attn.attn_drop', Dropout(p=0.0, inplace=False), True), ('vision_encoder.layers.2.blocks.5.attn.proj_drop', Dropout(p=0.0, inplace=False), True), ('vision_encoder.layers.2.blocks.5.mlp.drop', Dropout(p=0.0, inplace=False), True), ('vision_encoder.layers.2.blocks.6.attn.attn_drop', Dropout(p=0.0, inplace=False), True), ('vision_encoder.layers.2.blocks.6.attn.proj_drop', Dropout(p=0.0, inplace=False), True), ('vision_encoder.layers.2.blocks.6.mlp.drop', Dropout(p=0.0, inplace=False), True), ('vision_encoder.layers.2.blocks.7.attn.attn_drop', Dropout(p=0.0, inplace=False), True), ('vision_encoder.layers.2.blocks.7.attn.proj_drop', Dropout(p=0.0, inplace=False), True), ('vision_encoder.layers.2.blocks.7.mlp.drop', Dropout(p=0.0, inplace=False), True), ('vision_encoder.layers.2.blocks.8.attn.attn_drop', Dropout(p=0.0, inplace=False), True), ('vision_encoder.layers.2.blocks.8.attn.proj_drop', Dropout(p=0.0, inplace=False), True), ('vision_encoder.layers.2.blocks.8.mlp.drop', Dropout(p=0.0, inplace=False), True), ('vision_encoder.layers.2.blocks.9.attn.attn_drop', Dropout(p=0.0, inplace=False), True), ('vision_encoder.layers.2.blocks.9.attn.proj_drop', Dropout(p=0.0, inplace=False), True), ('vision_encoder.layers.2.blocks.9.mlp.drop', Dropout(p=0.0, inplace=False), True), ('vision_encoder.layers.2.blocks.10.attn.attn_drop', Dropout(p=0.0, inplace=False), True), ('vision_encoder.layers.2.blocks.10.attn.proj_drop', Dropout(p=0.0, inplace=False), True), ('vision_encoder.layers.2.blocks.10.mlp.drop', Dropout(p=0.0, inplace=False), True), ('vision_encoder.layers.2.blocks.11.attn.attn_drop', Dropout(p=0.0, inplace=False), True), ('vision_encoder.layers.2.blocks.11.attn.proj_drop', Dropout(p=0.0, inplace=False), True), ('vision_encoder.layers.2.blocks.11.mlp.drop', Dropout(p=0.0, inplace=False), True), ('vision_encoder.layers.2.blocks.12.attn.attn_drop', Dropout(p=0.0, inplace=False), True), ('vision_encoder.layers.2.blocks.12.attn.proj_drop', Dropout(p=0.0, inplace=False), True), ('vision_encoder.layers.2.blocks.12.mlp.drop', Dropout(p=0.0, inplace=False), True), ('vision_encoder.layers.2.blocks.13.attn.attn_drop', Dropout(p=0.0, inplace=False), True), ('vision_encoder.layers.2.blocks.13.attn.proj_drop', Dropout(p=0.0, inplace=False), True), ('vision_encoder.layers.2.blocks.13.mlp.drop', Dropout(p=0.0, inplace=False), True), ('vision_encoder.layers.2.blocks.14.attn.attn_drop', Dropout(p=0.0, inplace=False), True), ('vision_encoder.layers.2.blocks.14.attn.proj_drop', Dropout(p=0.0, inplace=False), True), ('vision_encoder.layers.2.blocks.14.mlp.drop', Dropout(p=0.0, inplace=False), True), ('vision_encoder.layers.2.blocks.15.attn.attn_drop', Dropout(p=0.0, inplace=False), True), ('vision_encoder.layers.2.blocks.15.attn.proj_drop', Dropout(p=0.0, inplace=False), True), ('vision_encoder.layers.2.blocks.15.mlp.drop', Dropout(p=0.0, inplace=False), True), ('vision_encoder.layers.2.blocks.16.attn.attn_drop', Dropout(p=0.0, inplace=False), True), ('vision_encoder.layers.2.blocks.16.attn.proj_drop', Dropout(p=0.0, inplace=False), True), ('vision_encoder.layers.2.blocks.16.mlp.drop', Dropout(p=0.0, inplace=False), True), ('vision_encoder.layers.2.blocks.17.attn.attn_drop', Dropout(p=0.0, inplace=False), True), ('vision_encoder.layers.2.blocks.17.attn.proj_drop', Dropout(p=0.0, inplace=False), True), ('vision_encoder.layers.2.blocks.17.mlp.drop', Dropout(p=0.0, inplace=False), True), ('vision_encoder.layers.3.blocks.0.attn.attn_drop', Dropout(p=0.0, inplace=False), True), ('vision_encoder.layers.3.blocks.0.attn.proj_drop', Dropout(p=0.0, inplace=False), True), ('vision_encoder.layers.3.blocks.0.mlp.drop', Dropout(p=0.0, inplace=False), True), ('vision_encoder.layers.3.blocks.1.attn.attn_drop', Dropout(p=0.0, inplace=False), True), ('vision_encoder.layers.3.blocks.1.attn.proj_drop', Dropout(p=0.0, inplace=False), True), ('vision_encoder.layers.3.blocks.1.mlp.drop', Dropout(p=0.0, inplace=False), True), ('text_encoder.bert.embeddings.dropout', Dropout(p=0.1, inplace=False), True), ('text_encoder.bert.encoder.layer.0.attention.self.dropout', Dropout(p=0.1, inplace=False), True), ('text_encoder.bert.encoder.layer.0.attention.output.dropout', Dropout(p=0.1, inplace=False), True), ('text_encoder.bert.encoder.layer.0.output.dropout', Dropout(p=0.1, inplace=False), True), ('text_encoder.bert.encoder.layer.1.attention.self.dropout', Dropout(p=0.1, inplace=False), True), ('text_encoder.bert.encoder.layer.1.attention.output.dropout', Dropout(p=0.1, inplace=False), True), ('text_encoder.bert.encoder.layer.1.output.dropout', Dropout(p=0.1, inplace=False), True), ('text_encoder.bert.encoder.layer.2.attention.self.dropout', Dropout(p=0.1, inplace=False), True), ('text_encoder.bert.encoder.layer.2.attention.output.dropout', Dropout(p=0.1, inplace=False), True), ('text_encoder.bert.encoder.layer.2.output.dropout', Dropout(p=0.1, inplace=False), True), ('text_encoder.bert.encoder.layer.3.attention.self.dropout', Dropout(p=0.1, inplace=False), True), ('text_encoder.bert.encoder.layer.3.attention.output.dropout', Dropout(p=0.1, inplace=False), True), ('text_encoder.bert.encoder.layer.3.output.dropout', Dropout(p=0.1, inplace=False), True), ('text_encoder.bert.encoder.layer.4.attention.self.dropout', Dropout(p=0.1, inplace=False), True), ('text_encoder.bert.encoder.layer.4.attention.output.dropout', Dropout(p=0.1, inplace=False), True), ('text_encoder.bert.encoder.layer.4.output.dropout', Dropout(p=0.1, inplace=False), True), ('text_encoder.bert.encoder.layer.5.attention.self.dropout', Dropout(p=0.1, inplace=False), True), ('text_encoder.bert.encoder.layer.5.attention.output.dropout', Dropout(p=0.1, inplace=False), True), ('text_encoder.bert.encoder.layer.5.output.dropout', Dropout(p=0.1, inplace=False), True), ('text_encoder.bert.encoder.layer.6.attention.self.dropout', Dropout(p=0.1, inplace=False), True), ('text_encoder.bert.encoder.layer.6.attention.output.dropout', Dropout(p=0.1, inplace=False), True), ('text_encoder.bert.encoder.layer.6.crossattention.self.dropout', Dropout(p=0.1, inplace=False), True), ('text_encoder.bert.encoder.layer.6.crossattention.output.dropout', Dropout(p=0.1, inplace=False), True), ('text_encoder.bert.encoder.layer.6.output.dropout', Dropout(p=0.1, inplace=False), True), ('text_encoder.bert.encoder.layer.7.attention.self.dropout', Dropout(p=0.1, inplace=False), True), ('text_encoder.bert.encoder.layer.7.attention.output.dropout', Dropout(p=0.1, inplace=False), True), ('text_encoder.bert.encoder.layer.7.crossattention.self.dropout', Dropout(p=0.1, inplace=False), True), ('text_encoder.bert.encoder.layer.7.crossattention.output.dropout', Dropout(p=0.1, inplace=False), True), ('text_encoder.bert.encoder.layer.7.output.dropout', Dropout(p=0.1, inplace=False), True), ('text_encoder.bert.encoder.layer.8.attention.self.dropout', Dropout(p=0.1, inplace=False), True), ('text_encoder.bert.encoder.layer.8.attention.output.dropout', Dropout(p=0.1, inplace=False), True), ('text_encoder.bert.encoder.layer.8.crossattention.self.dropout', Dropout(p=0.1, inplace=False), True), ('text_encoder.bert.encoder.layer.8.crossattention.output.dropout', Dropout(p=0.1, inplace=False), True), ('text_encoder.bert.encoder.layer.8.output.dropout', Dropout(p=0.1, inplace=False), True), ('text_encoder.bert.encoder.layer.9.attention.self.dropout', Dropout(p=0.1, inplace=False), True), ('text_encoder.bert.encoder.layer.9.attention.output.dropout', Dropout(p=0.1, inplace=False), True), ('text_encoder.bert.encoder.layer.9.crossattention.self.dropout', Dropout(p=0.1, inplace=False), True), ('text_encoder.bert.encoder.layer.9.crossattention.output.dropout', Dropout(p=0.1, inplace=False), True), ('text_encoder.bert.encoder.layer.9.output.dropout', Dropout(p=0.1, inplace=False), True), ('text_encoder.bert.encoder.layer.10.attention.self.dropout', Dropout(p=0.1, inplace=False), True), ('text_encoder.bert.encoder.layer.10.attention.output.dropout', Dropout(p=0.1, inplace=False), True), ('text_encoder.bert.encoder.layer.10.crossattention.self.dropout', Dropout(p=0.1, inplace=False), True), ('text_encoder.bert.encoder.layer.10.crossattention.output.dropout', Dropout(p=0.1, inplace=False), True), ('text_encoder.bert.encoder.layer.10.output.dropout', Dropout(p=0.1, inplace=False), True), ('text_encoder.bert.encoder.layer.11.attention.self.dropout', Dropout(p=0.1, inplace=False), True), ('text_encoder.bert.encoder.layer.11.attention.output.dropout', Dropout(p=0.1, inplace=False), True), ('text_encoder.bert.encoder.layer.11.crossattention.self.dropout', Dropout(p=0.1, inplace=False), True), ('text_encoder.bert.encoder.layer.11.crossattention.output.dropout', Dropout(p=0.1, inplace=False), True), ('text_encoder.bert.encoder.layer.11.output.dropout', Dropout(p=0.1, inplace=False), True)]
     TTA Require Gradient Params: 
 [('text_encoder.bert.embeddings.LayerNorm.weight', torch.Size([768])), ('text_encoder.bert.embeddings.LayerNorm.bias', torch.Size([768])), ('text_encoder.bert.encoder.layer.6.attention.output.LayerNorm.weight', torch.Size([768])), ('text_encoder.bert.encoder.layer.6.attention.output.LayerNorm.bias', torch.Size([768])), ('text_encoder.bert.encoder.layer.6.crossattention.output.LayerNorm.weight', torch.Size([768])), ('text_encoder.bert.encoder.layer.6.crossattention.output.LayerNorm.bias', torch.Size([768])), ('text_encoder.bert.encoder.layer.6.output.LayerNorm.weight', torch.Size([768])), ('text_encoder.bert.encoder.layer.6.output.LayerNorm.bias', torch.Size([768])), ('text_encoder.bert.encoder.layer.7.attention.output.LayerNorm.weight', torch.Size([768])), ('text_encoder.bert.encoder.layer.7.attention.output.LayerNorm.bias', torch.Size([768])), ('text_encoder.bert.encoder.layer.7.crossattention.output.LayerNorm.weight', torch.Size([768])), ('text_encoder.bert.encoder.layer.7.crossattention.output.LayerNorm.bias', torch.Size([768])), ('text_encoder.bert.encoder.layer.7.output.LayerNorm.weight', torch.Size([768])), ('text_encoder.bert.encoder.layer.7.output.LayerNorm.bias', torch.Size([768])), ('text_encoder.bert.encoder.layer.8.attention.output.LayerNorm.weight', torch.Size([768])), ('text_encoder.bert.encoder.layer.8.attention.output.LayerNorm.bias', torch.Size([768])), ('text_encoder.bert.encoder.layer.8.crossattention.output.LayerNorm.weight', torch.Size([768])), ('text_encoder.bert.encoder.layer.8.crossattention.output.LayerNorm.bias', torch.Size([768])), ('text_encoder.bert.encoder.layer.8.output.LayerNorm.weight', torch.Size([768])), ('text_encoder.bert.encoder.layer.8.output.LayerNorm.bias', torch.Size([768])), ('text_encoder.bert.encoder.layer.9.attention.output.LayerNorm.weight', torch.Size([768])), ('text_encoder.bert.encoder.layer.9.attention.output.LayerNorm.bias', torch.Size([768])), ('text_encoder.bert.encoder.layer.9.crossattention.output.LayerNorm.weight', torch.Size([768])), ('text_encoder.bert.encoder.layer.9.crossattention.output.LayerNorm.bias', torch.Size([768])), ('text_encoder.bert.encoder.layer.9.output.LayerNorm.weight', torch.Size([768])), ('text_encoder.bert.encoder.layer.9.output.LayerNorm.bias', torch.Size([768])), ('text_encoder.bert.encoder.layer.10.attention.output.LayerNorm.weight', torch.Size([768])), ('text_encoder.bert.encoder.layer.10.attention.output.LayerNorm.bias', torch.Size([768])), ('text_encoder.bert.encoder.layer.10.crossattention.output.LayerNorm.weight', torch.Size([768])), ('text_encoder.bert.encoder.layer.10.crossattention.output.LayerNorm.bias', torch.Size([768])), ('text_encoder.bert.encoder.layer.10.output.LayerNorm.weight', torch.Size([768])), ('text_encoder.bert.encoder.layer.10.output.LayerNorm.bias', torch.Size([768])), ('text_encoder.bert.encoder.layer.11.attention.output.LayerNorm.weight', torch.Size([768])), ('text_encoder.bert.encoder.layer.11.attention.output.LayerNorm.bias', torch.Size([768])), ('text_encoder.bert.encoder.layer.11.crossattention.output.LayerNorm.weight', torch.Size([768])), ('text_encoder.bert.encoder.layer.11.crossattention.output.LayerNorm.bias', torch.Size([768])), ('text_encoder.bert.encoder.layer.11.output.LayerNorm.weight', torch.Size([768])), ('text_encoder.bert.encoder.layer.11.output.LayerNorm.bias', torch.Size([768])), ('text_encoder.cls.predictions.transform.LayerNorm.weight', torch.Size([768])), ('text_encoder.cls.predictions.transform.LayerNorm.bias', torch.Size([768])), ('itm_head.1.weight', torch.Size([1536])), ('itm_head.1.bias', torch.Size([1536]))]
     TTA Dropout Modules Number: 
 122
     TTA Require Gradient Params Sum: 
 33792
     lr:  0.0001    lr_mult:  2
     model has 'init_params',  363
     num_tta_steps:  1650
     num_warmup_steps:  100
     sched: step
### Start ITM Test Time Adaptation
      TTA Epoch: [0] [ 0/54]  eta: 0:00:47  lr: 0.000001  entropy: 0.7054  loss: 0.7054  time: 0.8820  data: 0.6929  max mem: 5880
      TTA Epoch: [0] [53/54]  eta: 0:00:00  lr: 0.000054  entropy: 0.6343  loss: 0.6343  time: 0.0620  data: 0.0002  max mem: 5880
      TTA Epoch: [0] Total time: 0:00:04 (0.0758 s / it)
     Averaged stats: lr: 0.0000  entropy: 0.6637  loss: 0.6637
     itm tta time 0:00:04
     Computing matching score
      ITM Evaluation: [   0/6156]  eta: 0:07:37    time: 0.0743  data: 0.0115  max mem: 5880
      ITM Evaluation: [ 100/6156]  eta: 0:05:10    time: 0.0491  data: 0.0000  max mem: 5880
      ITM Evaluation: [ 200/6156]  eta: 0:04:41    time: 0.0431  data: 0.0000  max mem: 5880
      ITM Evaluation: [ 300/6156]  eta: 0:04:29    time: 0.0427  data: 0.0000  max mem: 5880
      ITM Evaluation: [ 400/6156]  eta: 0:04:20    time: 0.0428  data: 0.0000  max mem: 5880
      ITM Evaluation: [ 500/6156]  eta: 0:04:12    time: 0.0401  data: 0.0000  max mem: 5880
      ITM Evaluation: [ 600/6156]  eta: 0:04:04    time: 0.0405  data: 0.0000  max mem: 5880
      ITM Evaluation: [ 700/6156]  eta: 0:03:58    time: 0.0423  data: 0.0000  max mem: 5880
      ITM Evaluation: [ 800/6156]  eta: 0:03:54    time: 0.0471  data: 0.0000  max mem: 5880
      ITM Evaluation: [ 900/6156]  eta: 0:03:52    time: 0.0513  data: 0.0000  max mem: 5880
      ITM Evaluation: [1000/6156]  eta: 0:03:50    time: 0.0451  data: 0.0000  max mem: 5880
      ITM Evaluation: [1100/6156]  eta: 0:03:46    time: 0.0437  data: 0.0000  max mem: 5880
      ITM Evaluation: [1200/6156]  eta: 0:03:41    time: 0.0443  data: 0.0000  max mem: 5880
      ITM Evaluation: [1300/6156]  eta: 0:03:36    time: 0.0430  data: 0.0000  max mem: 5880
      ITM Evaluation: [1400/6156]  eta: 0:03:31    time: 0.0424  data: 0.0000  max mem: 5880
      ITM Evaluation: [1500/6156]  eta: 0:03:26    time: 0.0449  data: 0.0000  max mem: 5880
      ITM Evaluation: [1600/6156]  eta: 0:03:22    time: 0.0429  data: 0.0000  max mem: 5880
      ITM Evaluation: [1700/6156]  eta: 0:03:17    time: 0.0431  data: 0.0000  max mem: 5880
      ITM Evaluation: [1800/6156]  eta: 0:03:14    time: 0.0510  data: 0.0000  max mem: 5880
      ITM Evaluation: [1900/6156]  eta: 0:03:09    time: 0.0432  data: 0.0000  max mem: 5880
      ITM Evaluation: [2000/6156]  eta: 0:03:04    time: 0.0426  data: 0.0000  max mem: 5880
      ITM Evaluation: [2100/6156]  eta: 0:03:00    time: 0.0409  data: 0.0000  max mem: 5880
      ITM Evaluation: [2200/6156]  eta: 0:02:55    time: 0.0426  data: 0.0000  max mem: 5880
      ITM Evaluation: [2300/6156]  eta: 0:02:50    time: 0.0431  data: 0.0000  max mem: 5880
      ITM Evaluation: [2400/6156]  eta: 0:02:46    time: 0.0408  data: 0.0000  max mem: 5880
      ITM Evaluation: [2500/6156]  eta: 0:02:41    time: 0.0436  data: 0.0000  max mem: 5880
      ITM Evaluation: [2600/6156]  eta: 0:02:36    time: 0.0398  data: 0.0000  max mem: 5880
      ITM Evaluation: [2700/6156]  eta: 0:02:33    time: 0.0459  data: 0.0000  max mem: 5880
      ITM Evaluation: [2800/6156]  eta: 0:02:29    time: 0.0517  data: 0.0000  max mem: 5880
      ITM Evaluation: [2900/6156]  eta: 0:02:25    time: 0.0572  data: 0.0000  max mem: 5880
      ITM Evaluation: [3000/6156]  eta: 0:02:21    time: 0.0452  data: 0.0000  max mem: 5880
      ITM Evaluation: [3100/6156]  eta: 0:02:18    time: 0.0529  data: 0.0000  max mem: 5880
      ITM Evaluation: [3200/6156]  eta: 0:02:14    time: 0.0532  data: 0.0000  max mem: 5880
      ITM Evaluation: [3300/6156]  eta: 0:02:10    time: 0.0547  data: 0.0000  max mem: 5880
      ITM Evaluation: [3400/6156]  eta: 0:02:07    time: 0.0580  data: 0.0000  max mem: 5880
      ITM Evaluation: [3500/6156]  eta: 0:02:02    time: 0.0419  data: 0.0000  max mem: 5880
      ITM Evaluation: [3600/6156]  eta: 0:01:58    time: 0.0514  data: 0.0000  max mem: 5880
      ITM Evaluation: [3700/6156]  eta: 0:01:53    time: 0.0495  data: 0.0000  max mem: 5880
      ITM Evaluation: [3800/6156]  eta: 0:01:49    time: 0.0539  data: 0.0000  max mem: 5880
      ITM Evaluation: [3900/6156]  eta: 0:01:45    time: 0.0511  data: 0.0000  max mem: 5880
      ITM Evaluation: [4000/6156]  eta: 0:01:41    time: 0.0454  data: 0.0000  max mem: 5880
      ITM Evaluation: [4100/6156]  eta: 0:01:36    time: 0.0405  data: 0.0000  max mem: 5880
      ITM Evaluation: [4200/6156]  eta: 0:01:31    time: 0.0438  data: 0.0000  max mem: 5880
      ITM Evaluation: [4300/6156]  eta: 0:01:26    time: 0.0464  data: 0.0000  max mem: 5880
      ITM Evaluation: [4400/6156]  eta: 0:01:21    time: 0.0457  data: 0.0000  max mem: 5880
      ITM Evaluation: [4500/6156]  eta: 0:01:17    time: 0.0460  data: 0.0000  max mem: 5880
      ITM Evaluation: [4600/6156]  eta: 0:01:12    time: 0.0460  data: 0.0000  max mem: 5880
      ITM Evaluation: [4700/6156]  eta: 0:01:07    time: 0.0402  data: 0.0000  max mem: 5880
      ITM Evaluation: [4800/6156]  eta: 0:01:02    time: 0.0438  data: 0.0000  max mem: 5880
      ITM Evaluation: [4900/6156]  eta: 0:00:58    time: 0.0437  data: 0.0000  max mem: 5880
      ITM Evaluation: [5000/6156]  eta: 0:00:53    time: 0.0405  data: 0.0000  max mem: 5880
      ITM Evaluation: [5100/6156]  eta: 0:00:48    time: 0.0402  data: 0.0000  max mem: 5880
      ITM Evaluation: [5200/6156]  eta: 0:00:44    time: 0.0441  data: 0.0000  max mem: 5880
      ITM Evaluation: [5300/6156]  eta: 0:00:39    time: 0.0450  data: 0.0000  max mem: 5880
      ITM Evaluation: [5400/6156]  eta: 0:00:35    time: 0.0682  data: 0.0000  max mem: 5880
      ITM Evaluation: [5500/6156]  eta: 0:00:30    time: 0.0546  data: 0.0000  max mem: 5880
      ITM Evaluation: [5600/6156]  eta: 0:00:25    time: 0.0379  data: 0.0000  max mem: 5880
      ITM Evaluation: [5700/6156]  eta: 0:00:21    time: 0.0394  data: 0.0000  max mem: 5880
      ITM Evaluation: [5800/6156]  eta: 0:00:16    time: 0.0430  data: 0.0000  max mem: 5880
      ITM Evaluation: [5900/6156]  eta: 0:00:11    time: 0.0428  data: 0.0000  max mem: 5880
      ITM Evaluation: [6000/6156]  eta: 0:00:07    time: 0.0427  data: 0.0000  max mem: 5880
      ITM Evaluation: [6100/6156]  eta: 0:00:02    time: 0.0431  data: 0.0000  max mem: 5880
      ITM Evaluation: [6155/6156]  eta: 0:00:00    time: 0.0440  data: 0.0000  max mem: 5880
      ITM Evaluation: Total time: 0:04:44 (0.0462 s / it)
     total_time 284.3937830924988
     Computing matching score time 0:04:44
### TTA ITM Score: 
+-------+--------+--------+--------+--------+--------+
| epoch |   R1   |   R5   |  R10   |  mAP   |  mINP  |
+-------+--------+--------+--------+--------+--------+
|  -999 | 70.760 | 87.378 | 92.268 | 63.849 | 48.174 |
|  -999 | 76.170 | 89.457 | 93.600 | 65.570 | 47.372 |
|   0   | 76.121 | 89.392 | 93.648 | 65.612 | 47.503 |
+-------+--------+--------+--------+--------+--------+
     logs:  {'epo': 0, 'R1': 76.121, 'R5': 89.392, 'R10': 93.648, 'mAP': 65.612, 'mINP': 47.503, 'lr': 2.8e-05, 'entropy': 0.663741, 'loss': 0.663741}
      TTA Epoch: [1] [ 0/54]  eta: 0:00:41  lr: 0.000055  entropy: 0.6862  loss: 0.6862  time: 0.7691  data: 0.6788  max mem: 5880
      TTA Epoch: [1] [53/54]  eta: 0:00:00  lr: 0.000099  entropy: 0.5476  loss: 0.5476  time: 0.0467  data: 0.0002  max mem: 5880
      TTA Epoch: [1] Total time: 0:00:03 (0.0649 s / it)
     Averaged stats: lr: 0.0001  entropy: 0.6046  loss: 0.6046
     itm tta time 0:00:03
     Computing matching score
      ITM Evaluation: [   0/6156]  eta: 0:06:28    time: 0.0631  data: 0.0076  max mem: 5880
      ITM Evaluation: [ 100/6156]  eta: 0:04:13    time: 0.0385  data: 0.0000  max mem: 5880
      ITM Evaluation: [ 200/6156]  eta: 0:04:12    time: 0.0472  data: 0.0000  max mem: 5880
      ITM Evaluation: [ 300/6156]  eta: 0:04:17    time: 0.0477  data: 0.0000  max mem: 5880
      ITM Evaluation: [ 400/6156]  eta: 0:04:14    time: 0.0402  data: 0.0000  max mem: 5880
      ITM Evaluation: [ 500/6156]  eta: 0:04:07    time: 0.0420  data: 0.0000  max mem: 5880
      ITM Evaluation: [ 600/6156]  eta: 0:04:01    time: 0.0420  data: 0.0000  max mem: 5880
      ITM Evaluation: [ 700/6156]  eta: 0:03:55    time: 0.0374  data: 0.0000  max mem: 5880
      ITM Evaluation: [ 800/6156]  eta: 0:03:50    time: 0.0434  data: 0.0000  max mem: 5880
      ITM Evaluation: [ 900/6156]  eta: 0:03:46    time: 0.0437  data: 0.0000  max mem: 5880
      ITM Evaluation: [1000/6156]  eta: 0:03:40    time: 0.0384  data: 0.0000  max mem: 5880
      ITM Evaluation: [1100/6156]  eta: 0:03:35    time: 0.0402  data: 0.0000  max mem: 5880
      ITM Evaluation: [1200/6156]  eta: 0:03:33    time: 0.0529  data: 0.0000  max mem: 5880
      ITM Evaluation: [1300/6156]  eta: 0:03:30    time: 0.0466  data: 0.0000  max mem: 5880
      ITM Evaluation: [1400/6156]  eta: 0:03:26    time: 0.0424  data: 0.0000  max mem: 5880
      ITM Evaluation: [1500/6156]  eta: 0:03:22    time: 0.0486  data: 0.0000  max mem: 5880
      ITM Evaluation: [1600/6156]  eta: 0:03:17    time: 0.0428  data: 0.0000  max mem: 5880
      ITM Evaluation: [1700/6156]  eta: 0:03:13    time: 0.0437  data: 0.0000  max mem: 5880
      ITM Evaluation: [1800/6156]  eta: 0:03:08    time: 0.0472  data: 0.0000  max mem: 5880
      ITM Evaluation: [1900/6156]  eta: 0:03:07    time: 0.0605  data: 0.0000  max mem: 5880
      ITM Evaluation: [2000/6156]  eta: 0:03:05    time: 0.0505  data: 0.0000  max mem: 5880
      ITM Evaluation: [2100/6156]  eta: 0:03:05    time: 0.0643  data: 0.0000  max mem: 5880
      ITM Evaluation: [2200/6156]  eta: 0:03:02    time: 0.0512  data: 0.0000  max mem: 5880
      ITM Evaluation: [2300/6156]  eta: 0:02:58    time: 0.0466  data: 0.0000  max mem: 5880
      ITM Evaluation: [2400/6156]  eta: 0:02:53    time: 0.0444  data: 0.0000  max mem: 5880
      ITM Evaluation: [2500/6156]  eta: 0:02:48    time: 0.0453  data: 0.0000  max mem: 5880
      ITM Evaluation: [2600/6156]  eta: 0:02:43    time: 0.0458  data: 0.0000  max mem: 5880
      ITM Evaluation: [2700/6156]  eta: 0:02:39    time: 0.0458  data: 0.0000  max mem: 5880
      ITM Evaluation: [2800/6156]  eta: 0:02:34    time: 0.0478  data: 0.0000  max mem: 5880
      ITM Evaluation: [2900/6156]  eta: 0:02:30    time: 0.0533  data: 0.0000  max mem: 5880
      ITM Evaluation: [3000/6156]  eta: 0:02:26    time: 0.0594  data: 0.0000  max mem: 5880
      ITM Evaluation: [3100/6156]  eta: 0:02:22    time: 0.0485  data: 0.0000  max mem: 5880
      ITM Evaluation: [3200/6156]  eta: 0:02:17    time: 0.0395  data: 0.0000  max mem: 5880
      ITM Evaluation: [3300/6156]  eta: 0:02:12    time: 0.0388  data: 0.0000  max mem: 5880
      ITM Evaluation: [3400/6156]  eta: 0:02:07    time: 0.0419  data: 0.0000  max mem: 5880
      ITM Evaluation: [3500/6156]  eta: 0:02:01    time: 0.0378  data: 0.0000  max mem: 5880
      ITM Evaluation: [3600/6156]  eta: 0:01:56    time: 0.0357  data: 0.0000  max mem: 5880
      ITM Evaluation: [3700/6156]  eta: 0:01:51    time: 0.0388  data: 0.0000  max mem: 5880
      ITM Evaluation: [3800/6156]  eta: 0:01:46    time: 0.0385  data: 0.0000  max mem: 5880
      ITM Evaluation: [3900/6156]  eta: 0:01:41    time: 0.0401  data: 0.0000  max mem: 5880
      ITM Evaluation: [4000/6156]  eta: 0:01:37    time: 0.0413  data: 0.0000  max mem: 5880
      ITM Evaluation: [4100/6156]  eta: 0:01:32    time: 0.0441  data: 0.0000  max mem: 5880
      ITM Evaluation: [4200/6156]  eta: 0:01:28    time: 0.0419  data: 0.0000  max mem: 5880
      ITM Evaluation: [4300/6156]  eta: 0:01:23    time: 0.0407  data: 0.0000  max mem: 5880
      ITM Evaluation: [4400/6156]  eta: 0:01:18    time: 0.0406  data: 0.0000  max mem: 5880
      ITM Evaluation: [4500/6156]  eta: 0:01:14    time: 0.0409  data: 0.0000  max mem: 5880
      ITM Evaluation: [4600/6156]  eta: 0:01:09    time: 0.0395  data: 0.0000  max mem: 5880
      ITM Evaluation: [4700/6156]  eta: 0:01:04    time: 0.0410  data: 0.0000  max mem: 5880
      ITM Evaluation: [4800/6156]  eta: 0:01:00    time: 0.0418  data: 0.0000  max mem: 5880
      ITM Evaluation: [4900/6156]  eta: 0:00:55    time: 0.0424  data: 0.0000  max mem: 5880
      ITM Evaluation: [5000/6156]  eta: 0:00:51    time: 0.0463  data: 0.0000  max mem: 5880
      ITM Evaluation: [5100/6156]  eta: 0:00:47    time: 0.0517  data: 0.0000  max mem: 5880
      ITM Evaluation: [5200/6156]  eta: 0:00:42    time: 0.0449  data: 0.0000  max mem: 5880
      ITM Evaluation: [5300/6156]  eta: 0:00:38    time: 0.0452  data: 0.0000  max mem: 5880
      ITM Evaluation: [5400/6156]  eta: 0:00:33    time: 0.0390  data: 0.0000  max mem: 5880
      ITM Evaluation: [5500/6156]  eta: 0:00:29    time: 0.0401  data: 0.0000  max mem: 5880
      ITM Evaluation: [5600/6156]  eta: 0:00:24    time: 0.0419  data: 0.0000  max mem: 5880
      ITM Evaluation: [5700/6156]  eta: 0:00:20    time: 0.0388  data: 0.0000  max mem: 5880
      ITM Evaluation: [5800/6156]  eta: 0:00:15    time: 0.0362  data: 0.0000  max mem: 5880
      ITM Evaluation: [5900/6156]  eta: 0:00:11    time: 0.0404  data: 0.0000  max mem: 5880
      ITM Evaluation: [6000/6156]  eta: 0:00:06    time: 0.0481  data: 0.0000  max mem: 5880
      ITM Evaluation: [6100/6156]  eta: 0:00:02    time: 0.0515  data: 0.0000  max mem: 5880
      ITM Evaluation: [6155/6156]  eta: 0:00:00    time: 0.0404  data: 0.0000  max mem: 5880
      ITM Evaluation: Total time: 0:04:32 (0.0442 s / it)
     total_time 272.2645490169525
     Computing matching score time 0:04:32
### TTA ITM Score: 
+-------+--------+--------+--------+--------+--------+
| epoch |   R1   |   R5   |  R10   |  mAP   |  mINP  |
+-------+--------+--------+--------+--------+--------+
|  -999 | 70.760 | 87.378 | 92.268 | 63.849 | 48.174 |
|  -999 | 76.170 | 89.457 | 93.600 | 65.570 | 47.372 |
|   0   | 76.121 | 89.392 | 93.648 | 65.612 | 47.503 |
|   1   | 75.861 | 89.311 | 93.746 | 65.595 | 47.734 |
+-------+--------+--------+--------+--------+--------+
     logs:  {'epo': 1, 'R1': 75.861, 'R5': 89.311, 'R10': 93.746, 'mAP': 65.595, 'mINP': 47.734, 'lr': 8.1e-05, 'entropy': 0.604582, 'loss': 0.604582}
      TTA Epoch: [2] [ 0/54]  eta: 0:00:39  lr: 0.000099  entropy: 0.5214  loss: 0.5214  time: 0.7308  data: 0.6329  max mem: 5880
      TTA Epoch: [2] [53/54]  eta: 0:00:00  lr: 0.000096  entropy: 0.5418  loss: 0.5418  time: 0.0473  data: 0.0001  max mem: 5880
      TTA Epoch: [2] Total time: 0:00:03 (0.0633 s / it)
     Averaged stats: lr: 0.0001  entropy: 0.5294  loss: 0.5294
     itm tta time 0:00:03
     Computing matching score
      ITM Evaluation: [   0/6156]  eta: 0:04:41    time: 0.0457  data: 0.0050  max mem: 5880
      ITM Evaluation: [ 100/6156]  eta: 0:04:02    time: 0.0437  data: 0.0000  max mem: 5880
      ITM Evaluation: [ 200/6156]  eta: 0:03:57    time: 0.0407  data: 0.0000  max mem: 5880
      ITM Evaluation: [ 300/6156]  eta: 0:03:55    time: 0.0389  data: 0.0000  max mem: 5880
      ITM Evaluation: [ 400/6156]  eta: 0:03:53    time: 0.0428  data: 0.0000  max mem: 5880
      ITM Evaluation: [ 500/6156]  eta: 0:03:48    time: 0.0407  data: 0.0000  max mem: 5880
      ITM Evaluation: [ 600/6156]  eta: 0:03:45    time: 0.0400  data: 0.0000  max mem: 5880
      ITM Evaluation: [ 700/6156]  eta: 0:03:45    time: 0.0463  data: 0.0000  max mem: 5880
      ITM Evaluation: [ 800/6156]  eta: 0:03:46    time: 0.0476  data: 0.0000  max mem: 5880
      ITM Evaluation: [ 900/6156]  eta: 0:03:41    time: 0.0373  data: 0.0000  max mem: 5880
      ITM Evaluation: [1000/6156]  eta: 0:03:36    time: 0.0420  data: 0.0000  max mem: 5880
      ITM Evaluation: [1100/6156]  eta: 0:03:31    time: 0.0401  data: 0.0000  max mem: 5880
      ITM Evaluation: [1200/6156]  eta: 0:03:27    time: 0.0432  data: 0.0000  max mem: 5880
      ITM Evaluation: [1300/6156]  eta: 0:03:22    time: 0.0413  data: 0.0000  max mem: 5880
      ITM Evaluation: [1400/6156]  eta: 0:03:17    time: 0.0414  data: 0.0000  max mem: 5880
      ITM Evaluation: [1500/6156]  eta: 0:03:13    time: 0.0416  data: 0.0000  max mem: 5880
      ITM Evaluation: [1600/6156]  eta: 0:03:08    time: 0.0362  data: 0.0000  max mem: 5880
      ITM Evaluation: [1700/6156]  eta: 0:03:04    time: 0.0348  data: 0.0000  max mem: 5880
      ITM Evaluation: [1800/6156]  eta: 0:02:59    time: 0.0374  data: 0.0000  max mem: 5880
      ITM Evaluation: [1900/6156]  eta: 0:02:54    time: 0.0348  data: 0.0000  max mem: 5880
      ITM Evaluation: [2000/6156]  eta: 0:02:48    time: 0.0344  data: 0.0000  max mem: 5880
      ITM Evaluation: [2100/6156]  eta: 0:02:43    time: 0.0343  data: 0.0000  max mem: 5880
      ITM Evaluation: [2200/6156]  eta: 0:02:38    time: 0.0352  data: 0.0000  max mem: 5880
      ITM Evaluation: [2300/6156]  eta: 0:02:33    time: 0.0349  data: 0.0000  max mem: 5880
      ITM Evaluation: [2400/6156]  eta: 0:02:29    time: 0.0388  data: 0.0000  max mem: 5880
      ITM Evaluation: [2500/6156]  eta: 0:02:24    time: 0.0364  data: 0.0000  max mem: 5880
      ITM Evaluation: [2600/6156]  eta: 0:02:19    time: 0.0352  data: 0.0000  max mem: 5880
      ITM Evaluation: [2700/6156]  eta: 0:02:17    time: 0.0664  data: 0.0000  max mem: 5880
      ITM Evaluation: [2800/6156]  eta: 0:02:13    time: 0.0366  data: 0.0000  max mem: 5880
      ITM Evaluation: [2900/6156]  eta: 0:02:08    time: 0.0383  data: 0.0000  max mem: 5880
      ITM Evaluation: [3000/6156]  eta: 0:02:04    time: 0.0354  data: 0.0000  max mem: 5880
      ITM Evaluation: [3100/6156]  eta: 0:02:00    time: 0.0370  data: 0.0000  max mem: 5880
      ITM Evaluation: [3200/6156]  eta: 0:01:56    time: 0.0341  data: 0.0000  max mem: 5880
      ITM Evaluation: [3300/6156]  eta: 0:01:52    time: 0.0401  data: 0.0000  max mem: 5880
      ITM Evaluation: [3400/6156]  eta: 0:01:47    time: 0.0328  data: 0.0000  max mem: 5880
      ITM Evaluation: [3500/6156]  eta: 0:01:43    time: 0.0342  data: 0.0000  max mem: 5880
      ITM Evaluation: [3600/6156]  eta: 0:01:39    time: 0.0372  data: 0.0000  max mem: 5880
      ITM Evaluation: [3700/6156]  eta: 0:01:35    time: 0.0341  data: 0.0000  max mem: 5880
      ITM Evaluation: [3800/6156]  eta: 0:01:31    time: 0.0399  data: 0.0000  max mem: 5880
      ITM Evaluation: [3900/6156]  eta: 0:01:27    time: 0.0389  data: 0.0000  max mem: 5880
      ITM Evaluation: [4000/6156]  eta: 0:01:24    time: 0.0485  data: 0.0000  max mem: 5880
      ITM Evaluation: [4100/6156]  eta: 0:01:20    time: 0.0475  data: 0.0000  max mem: 5880
      ITM Evaluation: [4200/6156]  eta: 0:01:17    time: 0.0515  data: 0.0000  max mem: 5880
      ITM Evaluation: [4300/6156]  eta: 0:01:13    time: 0.0462  data: 0.0000  max mem: 5880
      ITM Evaluation: [4400/6156]  eta: 0:01:09    time: 0.0444  data: 0.0000  max mem: 5880
      ITM Evaluation: [4500/6156]  eta: 0:01:06    time: 0.0445  data: 0.0000  max mem: 5880
      ITM Evaluation: [4600/6156]  eta: 0:01:02    time: 0.0438  data: 0.0000  max mem: 5880
      ITM Evaluation: [4700/6156]  eta: 0:00:58    time: 0.0407  data: 0.0000  max mem: 5880
      ITM Evaluation: [4800/6156]  eta: 0:00:54    time: 0.0403  data: 0.0000  max mem: 5880
      ITM Evaluation: [4900/6156]  eta: 0:00:50    time: 0.0412  data: 0.0000  max mem: 5880
      ITM Evaluation: [5000/6156]  eta: 0:00:46    time: 0.0428  data: 0.0000  max mem: 5880
      ITM Evaluation: [5100/6156]  eta: 0:00:42    time: 0.0450  data: 0.0000  max mem: 5880
      ITM Evaluation: [5200/6156]  eta: 0:00:38    time: 0.0489  data: 0.0000  max mem: 5880
      ITM Evaluation: [5300/6156]  eta: 0:00:34    time: 0.0413  data: 0.0000  max mem: 5880
      ITM Evaluation: [5400/6156]  eta: 0:00:30    time: 0.0390  data: 0.0000  max mem: 5880
      ITM Evaluation: [5500/6156]  eta: 0:00:26    time: 0.0428  data: 0.0000  max mem: 5880
      ITM Evaluation: [5600/6156]  eta: 0:00:22    time: 0.0412  data: 0.0000  max mem: 5880
      ITM Evaluation: [5700/6156]  eta: 0:00:18    time: 0.0423  data: 0.0000  max mem: 5880
      ITM Evaluation: [5800/6156]  eta: 0:00:14    time: 0.0418  data: 0.0000  max mem: 5880
      ITM Evaluation: [5900/6156]  eta: 0:00:10    time: 0.0382  data: 0.0000  max mem: 5880
      ITM Evaluation: [6000/6156]  eta: 0:00:06    time: 0.0411  data: 0.0000  max mem: 5880
      ITM Evaluation: [6100/6156]  eta: 0:00:02    time: 0.0453  data: 0.0000  max mem: 5880
      ITM Evaluation: [6155/6156]  eta: 0:00:00    time: 0.0428  data: 0.0000  max mem: 5880
      ITM Evaluation: Total time: 0:04:09 (0.0406 s / it)
     total_time 249.9017059803009
     Computing matching score time 0:04:09
### TTA ITM Score: 
+-------+--------+--------+--------+--------+--------+
| epoch |   R1   |   R5   |  R10   |  mAP   |  mINP  |
+-------+--------+--------+--------+--------+--------+
|  -999 | 70.760 | 87.378 | 92.268 | 63.849 | 48.174 |
|  -999 | 76.170 | 89.457 | 93.600 | 65.570 | 47.372 |
|   0   | 76.121 | 89.392 | 93.648 | 65.612 | 47.503 |
|   1   | 75.861 | 89.311 | 93.746 | 65.595 | 47.734 |
|   2   | 75.747 | 89.311 | 93.502 | 65.687 | 48.070 |
+-------+--------+--------+--------+--------+--------+
     logs:  {'epo': 2, 'R1': 75.747, 'R5': 89.311, 'R10': 93.502, 'mAP': 65.687, 'mINP': 48.07, 'lr': 9.8e-05, 'entropy': 0.529376, 'loss': 0.529376}
      TTA Epoch: [3] [ 0/54]  eta: 0:00:42  lr: 0.000096  entropy: 0.6197  loss: 0.6197  time: 0.7891  data: 0.7172  max mem: 5880
      TTA Epoch: [3] [53/54]  eta: 0:00:00  lr: 0.000093  entropy: 0.3505  loss: 0.3505  time: 0.0466  data: 0.0001  max mem: 5880
      TTA Epoch: [3] Total time: 0:00:03 (0.0653 s / it)
     Averaged stats: lr: 0.0001  entropy: 0.4556  loss: 0.4556
     itm tta time 0:00:03
     Computing matching score
      ITM Evaluation: [   0/6156]  eta: 0:36:02    time: 0.3512  data: 0.3002  max mem: 5880
      ITM Evaluation: [ 100/6156]  eta: 0:04:25    time: 0.0413  data: 0.0000  max mem: 5880
      ITM Evaluation: [ 200/6156]  eta: 0:04:14    time: 0.0427  data: 0.0000  max mem: 5880
      ITM Evaluation: [ 300/6156]  eta: 0:04:08    time: 0.0427  data: 0.0000  max mem: 5880
      ITM Evaluation: [ 400/6156]  eta: 0:04:02    time: 0.0409  data: 0.0000  max mem: 5880
      ITM Evaluation: [ 500/6156]  eta: 0:03:56    time: 0.0386  data: 0.0000  max mem: 5880
      ITM Evaluation: [ 600/6156]  eta: 0:03:52    time: 0.0412  data: 0.0000  max mem: 5880
      ITM Evaluation: [ 700/6156]  eta: 0:03:48    time: 0.0431  data: 0.0000  max mem: 5880
      ITM Evaluation: [ 800/6156]  eta: 0:03:46    time: 0.0485  data: 0.0000  max mem: 5880
      ITM Evaluation: [ 900/6156]  eta: 0:03:43    time: 0.0379  data: 0.0000  max mem: 5880
      ITM Evaluation: [1000/6156]  eta: 0:03:37    time: 0.0428  data: 0.0000  max mem: 5880
      ITM Evaluation: [1100/6156]  eta: 0:03:32    time: 0.0401  data: 0.0000  max mem: 5880
      ITM Evaluation: [1200/6156]  eta: 0:03:27    time: 0.0412  data: 0.0000  max mem: 5880
      ITM Evaluation: [1300/6156]  eta: 0:03:23    time: 0.0415  data: 0.0000  max mem: 5880
      ITM Evaluation: [1400/6156]  eta: 0:03:18    time: 0.0395  data: 0.0000  max mem: 5880
      ITM Evaluation: [1500/6156]  eta: 0:03:13    time: 0.0369  data: 0.0000  max mem: 5880
      ITM Evaluation: [1600/6156]  eta: 0:03:09    time: 0.0421  data: 0.0000  max mem: 5880
      ITM Evaluation: [1700/6156]  eta: 0:03:05    time: 0.0430  data: 0.0000  max mem: 5880
      ITM Evaluation: [1800/6156]  eta: 0:03:01    time: 0.0421  data: 0.0000  max mem: 5880
      ITM Evaluation: [1900/6156]  eta: 0:02:58    time: 0.0388  data: 0.0000  max mem: 5880
      ITM Evaluation: [2000/6156]  eta: 0:02:53    time: 0.0434  data: 0.0000  max mem: 5880
      ITM Evaluation: [2100/6156]  eta: 0:02:49    time: 0.0434  data: 0.0000  max mem: 5880
      ITM Evaluation: [2200/6156]  eta: 0:02:45    time: 0.0438  data: 0.0000  max mem: 5880
      ITM Evaluation: [2300/6156]  eta: 0:02:40    time: 0.0378  data: 0.0000  max mem: 5880
      ITM Evaluation: [2400/6156]  eta: 0:02:36    time: 0.0434  data: 0.0000  max mem: 5880
      ITM Evaluation: [2500/6156]  eta: 0:02:32    time: 0.0411  data: 0.0000  max mem: 5880
      ITM Evaluation: [2600/6156]  eta: 0:02:27    time: 0.0413  data: 0.0000  max mem: 5880
      ITM Evaluation: [2700/6156]  eta: 0:02:23    time: 0.0384  data: 0.0000  max mem: 5880
      ITM Evaluation: [2800/6156]  eta: 0:02:19    time: 0.0430  data: 0.0000  max mem: 5880
      ITM Evaluation: [2900/6156]  eta: 0:02:15    time: 0.0446  data: 0.0000  max mem: 5880
      ITM Evaluation: [3000/6156]  eta: 0:02:11    time: 0.0405  data: 0.0000  max mem: 5880
      ITM Evaluation: [3100/6156]  eta: 0:02:07    time: 0.0406  data: 0.0000  max mem: 5880
      ITM Evaluation: [3200/6156]  eta: 0:02:02    time: 0.0376  data: 0.0000  max mem: 5880
      ITM Evaluation: [3300/6156]  eta: 0:01:58    time: 0.0393  data: 0.0000  max mem: 5880
      ITM Evaluation: [3400/6156]  eta: 0:01:54    time: 0.0405  data: 0.0000  max mem: 5880
      ITM Evaluation: [3500/6156]  eta: 0:01:50    time: 0.0458  data: 0.0000  max mem: 5880
      ITM Evaluation: [3600/6156]  eta: 0:01:46    time: 0.0457  data: 0.0000  max mem: 5880
      ITM Evaluation: [3700/6156]  eta: 0:01:42    time: 0.0478  data: 0.0000  max mem: 5880
      ITM Evaluation: [3800/6156]  eta: 0:01:38    time: 0.0457  data: 0.0000  max mem: 5880
      ITM Evaluation: [3900/6156]  eta: 0:01:34    time: 0.0373  data: 0.0000  max mem: 5880
      ITM Evaluation: [4000/6156]  eta: 0:01:29    time: 0.0363  data: 0.0000  max mem: 5880
      ITM Evaluation: [4100/6156]  eta: 0:01:25    time: 0.0374  data: 0.0000  max mem: 5880
      ITM Evaluation: [4200/6156]  eta: 0:01:21    time: 0.0412  data: 0.0000  max mem: 5880
      ITM Evaluation: [4300/6156]  eta: 0:01:17    time: 0.0397  data: 0.0000  max mem: 5880
      ITM Evaluation: [4400/6156]  eta: 0:01:12    time: 0.0408  data: 0.0000  max mem: 5880
      ITM Evaluation: [4500/6156]  eta: 0:01:08    time: 0.0413  data: 0.0000  max mem: 5880
      ITM Evaluation: [4600/6156]  eta: 0:01:04    time: 0.0399  data: 0.0000  max mem: 5880
      ITM Evaluation: [4700/6156]  eta: 0:01:00    time: 0.0410  data: 0.0000  max mem: 5880
      ITM Evaluation: [4800/6156]  eta: 0:00:56    time: 0.0415  data: 0.0000  max mem: 5880
      ITM Evaluation: [4900/6156]  eta: 0:00:52    time: 0.0401  data: 0.0000  max mem: 5880
      ITM Evaluation: [5000/6156]  eta: 0:00:48    time: 0.0450  data: 0.0000  max mem: 5880
      ITM Evaluation: [5100/6156]  eta: 0:00:43    time: 0.0476  data: 0.0000  max mem: 5880
      ITM Evaluation: [5200/6156]  eta: 0:00:39    time: 0.0394  data: 0.0000  max mem: 5880
      ITM Evaluation: [5300/6156]  eta: 0:00:35    time: 0.0378  data: 0.0000  max mem: 5880
      ITM Evaluation: [5400/6156]  eta: 0:00:31    time: 0.0407  data: 0.0000  max mem: 5880
      ITM Evaluation: [5500/6156]  eta: 0:00:27    time: 0.0388  data: 0.0000  max mem: 5880
      ITM Evaluation: [5600/6156]  eta: 0:00:23    time: 0.0406  data: 0.0000  max mem: 5880
      ITM Evaluation: [5700/6156]  eta: 0:00:18    time: 0.0373  data: 0.0000  max mem: 5880
      ITM Evaluation: [5800/6156]  eta: 0:00:14    time: 0.0390  data: 0.0000  max mem: 5880
      ITM Evaluation: [5900/6156]  eta: 0:00:10    time: 0.0423  data: 0.0000  max mem: 5880
      ITM Evaluation: [6000/6156]  eta: 0:00:06    time: 0.0455  data: 0.0000  max mem: 5880
      ITM Evaluation: [6100/6156]  eta: 0:00:02    time: 0.0423  data: 0.0000  max mem: 5880
      ITM Evaluation: [6155/6156]  eta: 0:00:00    time: 0.0499  data: 0.0000  max mem: 5880
      ITM Evaluation: Total time: 0:04:16 (0.0416 s / it)
     total_time 256.10079646110535
     Computing matching score time 0:04:16
### TTA ITM Score: 
+-------+--------+--------+--------+--------+--------+
| epoch |   R1   |   R5   |  R10   |  mAP   |  mINP  |
+-------+--------+--------+--------+--------+--------+
|  -999 | 70.760 | 87.378 | 92.268 | 63.849 | 48.174 |
|  -999 | 76.170 | 89.457 | 93.600 | 65.570 | 47.372 |
|   0   | 76.121 | 89.392 | 93.648 | 65.612 | 47.503 |
|   1   | 75.861 | 89.311 | 93.746 | 65.595 | 47.734 |
|   2   | 75.747 | 89.311 | 93.502 | 65.687 | 48.070 |
|   3   | 75.357 | 89.149 | 93.324 | 65.673 | 48.272 |
+-------+--------+--------+--------+--------+--------+
     logs:  {'epo': 3, 'R1': 75.357, 'R5': 89.149, 'R10': 93.324, 'mAP': 65.673, 'mINP': 48.272, 'lr': 9.4e-05, 'entropy': 0.455589, 'loss': 0.455589}
      TTA Epoch: [4] [ 0/54]  eta: 0:00:36  lr: 0.000092  entropy: 0.4852  loss: 0.4852  time: 0.6833  data: 0.6047  max mem: 5880
      TTA Epoch: [4] [53/54]  eta: 0:00:00  lr: 0.000089  entropy: 0.3450  loss: 0.3450  time: 0.0499  data: 0.0001  max mem: 5880
      TTA Epoch: [4] Total time: 0:00:03 (0.0629 s / it)
     Averaged stats: lr: 0.0001  entropy: 0.3803  loss: 0.3803
     itm tta time 0:00:03
     Computing matching score
      ITM Evaluation: [   0/6156]  eta: 0:04:10    time: 0.0406  data: 0.0041  max mem: 5880
      ITM Evaluation: [ 100/6156]  eta: 0:03:53    time: 0.0418  data: 0.0000  max mem: 5880
      ITM Evaluation: [ 200/6156]  eta: 0:03:58    time: 0.0388  data: 0.0000  max mem: 5880
      ITM Evaluation: [ 300/6156]  eta: 0:03:54    time: 0.0427  data: 0.0000  max mem: 5880
      ITM Evaluation: [ 400/6156]  eta: 0:03:52    time: 0.0397  data: 0.0000  max mem: 5880
      ITM Evaluation: [ 500/6156]  eta: 0:03:48    time: 0.0400  data: 0.0000  max mem: 5880
      ITM Evaluation: [ 600/6156]  eta: 0:03:44    time: 0.0406  data: 0.0000  max mem: 5880
      ITM Evaluation: [ 700/6156]  eta: 0:03:42    time: 0.0446  data: 0.0000  max mem: 5880
      ITM Evaluation: [ 800/6156]  eta: 0:03:40    time: 0.0413  data: 0.0000  max mem: 5880
      ITM Evaluation: [ 900/6156]  eta: 0:03:39    time: 0.0440  data: 0.0000  max mem: 5880
      ITM Evaluation: [1000/6156]  eta: 0:03:34    time: 0.0390  data: 0.0000  max mem: 5880
      ITM Evaluation: [1100/6156]  eta: 0:03:29    time: 0.0385  data: 0.0000  max mem: 5880
      ITM Evaluation: [1200/6156]  eta: 0:03:24    time: 0.0391  data: 0.0000  max mem: 5880
      ITM Evaluation: [1300/6156]  eta: 0:03:20    time: 0.0401  data: 0.0000  max mem: 5880
      ITM Evaluation: [1400/6156]  eta: 0:03:16    time: 0.0411  data: 0.0000  max mem: 5880
      ITM Evaluation: [1500/6156]  eta: 0:03:12    time: 0.0419  data: 0.0000  max mem: 5880
      ITM Evaluation: [1600/6156]  eta: 0:03:07    time: 0.0378  data: 0.0000  max mem: 5880
      ITM Evaluation: [1700/6156]  eta: 0:03:03    time: 0.0459  data: 0.0000  max mem: 5880
      ITM Evaluation: [1800/6156]  eta: 0:03:00    time: 0.0474  data: 0.0000  max mem: 5880
      ITM Evaluation: [1900/6156]  eta: 0:02:58    time: 0.0476  data: 0.0000  max mem: 5880
      ITM Evaluation: [2000/6156]  eta: 0:02:54    time: 0.0420  data: 0.0000  max mem: 5880
      ITM Evaluation: [2100/6156]  eta: 0:02:50    time: 0.0441  data: 0.0000  max mem: 5880
      ITM Evaluation: [2200/6156]  eta: 0:02:46    time: 0.0361  data: 0.0000  max mem: 5880
      ITM Evaluation: [2300/6156]  eta: 0:02:40    time: 0.0362  data: 0.0000  max mem: 5880
      ITM Evaluation: [2400/6156]  eta: 0:02:36    time: 0.0438  data: 0.0000  max mem: 5880
      ITM Evaluation: [2500/6156]  eta: 0:02:32    time: 0.0471  data: 0.0000  max mem: 5880
      ITM Evaluation: [2600/6156]  eta: 0:02:28    time: 0.0429  data: 0.0000  max mem: 5880
      ITM Evaluation: [2700/6156]  eta: 0:02:23    time: 0.0425  data: 0.0000  max mem: 5880
      ITM Evaluation: [2800/6156]  eta: 0:02:19    time: 0.0491  data: 0.0000  max mem: 5880
      ITM Evaluation: [2900/6156]  eta: 0:02:16    time: 0.0516  data: 0.0000  max mem: 5880
      ITM Evaluation: [3000/6156]  eta: 0:02:12    time: 0.0408  data: 0.0000  max mem: 5880
      ITM Evaluation: [3100/6156]  eta: 0:02:08    time: 0.0414  data: 0.0000  max mem: 5880
      ITM Evaluation: [3200/6156]  eta: 0:02:04    time: 0.0453  data: 0.0000  max mem: 5880
      ITM Evaluation: [3300/6156]  eta: 0:02:00    time: 0.0451  data: 0.0000  max mem: 5880
      ITM Evaluation: [3400/6156]  eta: 0:01:56    time: 0.0452  data: 0.0000  max mem: 5880
      ITM Evaluation: [3500/6156]  eta: 0:01:51    time: 0.0415  data: 0.0000  max mem: 5880
      ITM Evaluation: [3600/6156]  eta: 0:01:47    time: 0.0393  data: 0.0000  max mem: 5880
      ITM Evaluation: [3700/6156]  eta: 0:01:43    time: 0.0414  data: 0.0000  max mem: 5880
      ITM Evaluation: [3800/6156]  eta: 0:01:39    time: 0.0448  data: 0.0000  max mem: 5880
      ITM Evaluation: [3900/6156]  eta: 0:01:36    time: 0.0602  data: 0.0000  max mem: 5880
      ITM Evaluation: [4000/6156]  eta: 0:01:31    time: 0.0433  data: 0.0000  max mem: 5880
      ITM Evaluation: [4100/6156]  eta: 0:01:27    time: 0.0408  data: 0.0000  max mem: 5880
      ITM Evaluation: [4200/6156]  eta: 0:01:23    time: 0.0423  data: 0.0000  max mem: 5880
      ITM Evaluation: [4300/6156]  eta: 0:01:19    time: 0.0396  data: 0.0000  max mem: 5880
      ITM Evaluation: [4400/6156]  eta: 0:01:14    time: 0.0373  data: 0.0000  max mem: 5880
      ITM Evaluation: [4500/6156]  eta: 0:01:10    time: 0.0372  data: 0.0000  max mem: 5880
      ITM Evaluation: [4600/6156]  eta: 0:01:06    time: 0.0450  data: 0.0000  max mem: 5880
      ITM Evaluation: [4700/6156]  eta: 0:01:01    time: 0.0443  data: 0.0000  max mem: 5880
      ITM Evaluation: [4800/6156]  eta: 0:00:57    time: 0.0439  data: 0.0000  max mem: 5880
      ITM Evaluation: [4900/6156]  eta: 0:00:53    time: 0.0443  data: 0.0000  max mem: 5880
      ITM Evaluation: [5000/6156]  eta: 0:00:49    time: 0.0454  data: 0.0000  max mem: 5880
      ITM Evaluation: [5100/6156]  eta: 0:00:45    time: 0.0449  data: 0.0000  max mem: 5880
      ITM Evaluation: [5200/6156]  eta: 0:00:40    time: 0.0425  data: 0.0000  max mem: 5880
      ITM Evaluation: [5300/6156]  eta: 0:00:36    time: 0.0462  data: 0.0000  max mem: 5880
      ITM Evaluation: [5400/6156]  eta: 0:00:32    time: 0.0512  data: 0.0000  max mem: 5880
      ITM Evaluation: [5500/6156]  eta: 0:00:28    time: 0.0408  data: 0.0000  max mem: 5880
      ITM Evaluation: [5600/6156]  eta: 0:00:23    time: 0.0421  data: 0.0000  max mem: 5880
      ITM Evaluation: [5700/6156]  eta: 0:00:19    time: 0.0393  data: 0.0000  max mem: 5880
      ITM Evaluation: [5800/6156]  eta: 0:00:15    time: 0.0404  data: 0.0000  max mem: 5880
      ITM Evaluation: [5900/6156]  eta: 0:00:11    time: 0.0453  data: 0.0000  max mem: 5880
      ITM Evaluation: [6000/6156]  eta: 0:00:06    time: 0.0427  data: 0.0000  max mem: 5880
      ITM Evaluation: [6100/6156]  eta: 0:00:02    time: 0.0425  data: 0.0000  max mem: 5880
      ITM Evaluation: [6155/6156]  eta: 0:00:00    time: 0.0438  data: 0.0000  max mem: 5880
      ITM Evaluation: Total time: 0:04:25 (0.0431 s / it)
     total_time 265.1441140174866
     Computing matching score time 0:04:25
### TTA ITM Score: 
+-------+--------+--------+--------+--------+--------+
| epoch |   R1   |   R5   |  R10   |  mAP   |  mINP  |
+-------+--------+--------+--------+--------+--------+
|  -999 | 70.760 | 87.378 | 92.268 | 63.849 | 48.174 |
|  -999 | 76.170 | 89.457 | 93.600 | 65.570 | 47.372 |
|   0   | 76.121 | 89.392 | 93.648 | 65.612 | 47.503 |
|   1   | 75.861 | 89.311 | 93.746 | 65.595 | 47.734 |
|   2   | 75.747 | 89.311 | 93.502 | 65.687 | 48.070 |
|   3   | 75.357 | 89.149 | 93.324 | 65.673 | 48.272 |
|   4   | 74.903 | 88.921 | 93.080 | 65.459 | 48.277 |
+-------+--------+--------+--------+--------+--------+
     logs:  {'epo': 4, 'R1': 74.903, 'R5': 88.921, 'R10': 93.08, 'mAP': 65.459, 'mINP': 48.277, 'lr': 9.1e-05, 'entropy': 0.38033, 'loss': 0.38033}
      TTA Epoch: [5] [ 0/54]  eta: 0:00:53  lr: 0.000089  entropy: 0.3356  loss: 0.3356  time: 0.9939  data: 0.8321  max mem: 5880
      TTA Epoch: [5] [53/54]  eta: 0:00:00  lr: 0.000086  entropy: 0.2347  loss: 0.2347  time: 0.0547  data: 0.0002  max mem: 5880
      TTA Epoch: [5] Total time: 0:00:04 (0.0788 s / it)
     Averaged stats: lr: 0.0001  entropy: 0.3171  loss: 0.3171
     itm tta time 0:00:04
     Computing matching score
      ITM Evaluation: [   0/6156]  eta: 0:04:27    time: 0.0435  data: 0.0062  max mem: 5880
      ITM Evaluation: [ 100/6156]  eta: 0:04:25    time: 0.0404  data: 0.0000  max mem: 5880
      ITM Evaluation: [ 200/6156]  eta: 0:04:14    time: 0.0371  data: 0.0000  max mem: 5880
      ITM Evaluation: [ 300/6156]  eta: 0:04:01    time: 0.0409  data: 0.0000  max mem: 5880
      ITM Evaluation: [ 400/6156]  eta: 0:03:58    time: 0.0455  data: 0.0000  max mem: 5880
      ITM Evaluation: [ 500/6156]  eta: 0:03:58    time: 0.0434  data: 0.0000  max mem: 5880
      ITM Evaluation: [ 600/6156]  eta: 0:03:55    time: 0.0439  data: 0.0000  max mem: 5880
      ITM Evaluation: [ 700/6156]  eta: 0:03:53    time: 0.0403  data: 0.0000  max mem: 5880
      ITM Evaluation: [ 800/6156]  eta: 0:03:50    time: 0.0500  data: 0.0000  max mem: 5880
      ITM Evaluation: [ 900/6156]  eta: 0:03:49    time: 0.0524  data: 0.0000  max mem: 5880
      ITM Evaluation: [1000/6156]  eta: 0:03:47    time: 0.0462  data: 0.0000  max mem: 5880
      ITM Evaluation: [1100/6156]  eta: 0:03:42    time: 0.0428  data: 0.0000  max mem: 5880
      ITM Evaluation: [1200/6156]  eta: 0:03:38    time: 0.0438  data: 0.0000  max mem: 5880
      ITM Evaluation: [1300/6156]  eta: 0:03:33    time: 0.0446  data: 0.0000  max mem: 5880
      ITM Evaluation: [1400/6156]  eta: 0:03:29    time: 0.0454  data: 0.0000  max mem: 5880
      ITM Evaluation: [1500/6156]  eta: 0:03:25    time: 0.0451  data: 0.0000  max mem: 5880
      ITM Evaluation: [1600/6156]  eta: 0:03:20    time: 0.0452  data: 0.0000  max mem: 5880
      ITM Evaluation: [1700/6156]  eta: 0:03:16    time: 0.0431  data: 0.0000  max mem: 5880
      ITM Evaluation: [1800/6156]  eta: 0:03:13    time: 0.0502  data: 0.0000  max mem: 5880
      ITM Evaluation: [1900/6156]  eta: 0:03:09    time: 0.0494  data: 0.0000  max mem: 5880
      ITM Evaluation: [2000/6156]  eta: 0:03:05    time: 0.0432  data: 0.0000  max mem: 5880
      ITM Evaluation: [2100/6156]  eta: 0:03:01    time: 0.0484  data: 0.0000  max mem: 5880
      ITM Evaluation: [2200/6156]  eta: 0:02:56    time: 0.0443  data: 0.0000  max mem: 5880
      ITM Evaluation: [2300/6156]  eta: 0:02:52    time: 0.0429  data: 0.0000  max mem: 5880
      ITM Evaluation: [2400/6156]  eta: 0:02:46    time: 0.0374  data: 0.0000  max mem: 5880
      ITM Evaluation: [2500/6156]  eta: 0:02:41    time: 0.0355  data: 0.0000  max mem: 5880
      ITM Evaluation: [2600/6156]  eta: 0:02:36    time: 0.0402  data: 0.0000  max mem: 5880
      ITM Evaluation: [2700/6156]  eta: 0:02:31    time: 0.0401  data: 0.0000  max mem: 5880
      ITM Evaluation: [2800/6156]  eta: 0:02:27    time: 0.0473  data: 0.0000  max mem: 5880
      ITM Evaluation: [2900/6156]  eta: 0:02:23    time: 0.0420  data: 0.0000  max mem: 5880
      ITM Evaluation: [3000/6156]  eta: 0:02:18    time: 0.0403  data: 0.0000  max mem: 5880
      ITM Evaluation: [3100/6156]  eta: 0:02:13    time: 0.0416  data: 0.0000  max mem: 5880
      ITM Evaluation: [3200/6156]  eta: 0:02:09    time: 0.0429  data: 0.0000  max mem: 5880
      ITM Evaluation: [3300/6156]  eta: 0:02:04    time: 0.0392  data: 0.0000  max mem: 5880
      ITM Evaluation: [3400/6156]  eta: 0:02:00    time: 0.0410  data: 0.0000  max mem: 5880
      ITM Evaluation: [3500/6156]  eta: 0:01:55    time: 0.0405  data: 0.0000  max mem: 5880
      ITM Evaluation: [3600/6156]  eta: 0:01:50    time: 0.0383  data: 0.0000  max mem: 5880
      ITM Evaluation: [3700/6156]  eta: 0:01:46    time: 0.0441  data: 0.0000  max mem: 5880
      ITM Evaluation: [3800/6156]  eta: 0:01:42    time: 0.0433  data: 0.0000  max mem: 5880
      ITM Evaluation: [3900/6156]  eta: 0:01:37    time: 0.0441  data: 0.0000  max mem: 5880
      ITM Evaluation: [4000/6156]  eta: 0:01:33    time: 0.0407  data: 0.0000  max mem: 5880
      ITM Evaluation: [4100/6156]  eta: 0:01:28    time: 0.0416  data: 0.0000  max mem: 5880
      ITM Evaluation: [4200/6156]  eta: 0:01:24    time: 0.0422  data: 0.0000  max mem: 5880
      ITM Evaluation: [4300/6156]  eta: 0:01:19    time: 0.0377  data: 0.0000  max mem: 5880
      ITM Evaluation: [4400/6156]  eta: 0:01:15    time: 0.0385  data: 0.0000  max mem: 5880
      ITM Evaluation: [4500/6156]  eta: 0:01:11    time: 0.0365  data: 0.0000  max mem: 5880
      ITM Evaluation: [4600/6156]  eta: 0:01:06    time: 0.0350  data: 0.0000  max mem: 5880
      ITM Evaluation: [4700/6156]  eta: 0:01:02    time: 0.0402  data: 0.0000  max mem: 5880
      ITM Evaluation: [4800/6156]  eta: 0:00:57    time: 0.0392  data: 0.0000  max mem: 5880
      ITM Evaluation: [4900/6156]  eta: 0:00:53    time: 0.0465  data: 0.0000  max mem: 5880
      ITM Evaluation: [5000/6156]  eta: 0:00:49    time: 0.0488  data: 0.0000  max mem: 5880
      ITM Evaluation: [5100/6156]  eta: 0:00:45    time: 0.0376  data: 0.0000  max mem: 5880
      ITM Evaluation: [5200/6156]  eta: 0:00:40    time: 0.0405  data: 0.0000  max mem: 5880
      ITM Evaluation: [5300/6156]  eta: 0:00:36    time: 0.0381  data: 0.0000  max mem: 5880
      ITM Evaluation: [5400/6156]  eta: 0:00:32    time: 0.0413  data: 0.0000  max mem: 5880
      ITM Evaluation: [5500/6156]  eta: 0:00:27    time: 0.0474  data: 0.0000  max mem: 5880
      ITM Evaluation: [5600/6156]  eta: 0:00:23    time: 0.0391  data: 0.0000  max mem: 5880
      ITM Evaluation: [5700/6156]  eta: 0:00:19    time: 0.0445  data: 0.0000  max mem: 5880
      ITM Evaluation: [5800/6156]  eta: 0:00:15    time: 0.0463  data: 0.0000  max mem: 5880
      ITM Evaluation: [5900/6156]  eta: 0:00:10    time: 0.0538  data: 0.0000  max mem: 5880
      ITM Evaluation: [6000/6156]  eta: 0:00:06    time: 0.0476  data: 0.0000  max mem: 5880
      ITM Evaluation: [6100/6156]  eta: 0:00:02    time: 0.0412  data: 0.0000  max mem: 5880
      ITM Evaluation: [6155/6156]  eta: 0:00:00    time: 0.0412  data: 0.0000  max mem: 5880
      ITM Evaluation: Total time: 0:04:23 (0.0429 s / it)
     total_time 263.9410045146942
     Computing matching score time 0:04:23
### TTA ITM Score: 
+-------+--------+--------+--------+--------+--------+
| epoch |   R1   |   R5   |  R10   |  mAP   |  mINP  |
+-------+--------+--------+--------+--------+--------+
|  -999 | 70.760 | 87.378 | 92.268 | 63.849 | 48.174 |
|  -999 | 76.170 | 89.457 | 93.600 | 65.570 | 47.372 |
|   0   | 76.121 | 89.392 | 93.648 | 65.612 | 47.503 |
|   1   | 75.861 | 89.311 | 93.746 | 65.595 | 47.734 |
|   2   | 75.747 | 89.311 | 93.502 | 65.687 | 48.070 |
|   3   | 75.357 | 89.149 | 93.324 | 65.673 | 48.272 |
|   4   | 74.903 | 88.921 | 93.080 | 65.459 | 48.277 |
|   5   | 74.659 | 88.840 | 92.950 | 65.240 | 48.116 |
+-------+--------+--------+--------+--------+--------+
     logs:  {'epo': 5, 'R1': 74.659, 'R5': 88.84, 'R10': 92.95, 'mAP': 65.24, 'mINP': 48.116, 'lr': 8.7e-05, 'entropy': 0.31714, 'loss': 0.31714}
      TTA Epoch: [6] [ 0/54]  eta: 0:00:37  lr: 0.000085  entropy: 0.2547  loss: 0.2547  time: 0.6904  data: 0.6046  max mem: 5880
      TTA Epoch: [6] [53/54]  eta: 0:00:00  lr: 0.000082  entropy: 0.2086  loss: 0.2086  time: 0.0493  data: 0.0001  max mem: 5880
      TTA Epoch: [6] Total time: 0:00:03 (0.0649 s / it)
     Averaged stats: lr: 0.0001  entropy: 0.2882  loss: 0.2882
     itm tta time 0:00:03
     Computing matching score
      ITM Evaluation: [   0/6156]  eta: 0:05:36    time: 0.0546  data: 0.0046  max mem: 5880
      ITM Evaluation: [ 100/6156]  eta: 0:04:03    time: 0.0388  data: 0.0000  max mem: 5880
      ITM Evaluation: [ 200/6156]  eta: 0:03:59    time: 0.0421  data: 0.0000  max mem: 5880
      ITM Evaluation: [ 300/6156]  eta: 0:03:53    time: 0.0384  data: 0.0000  max mem: 5880
      ITM Evaluation: [ 400/6156]  eta: 0:03:41    time: 0.0340  data: 0.0000  max mem: 5880
      ITM Evaluation: [ 500/6156]  eta: 0:03:36    time: 0.0378  data: 0.0000  max mem: 5880
      ITM Evaluation: [ 600/6156]  eta: 0:03:32    time: 0.0377  data: 0.0000  max mem: 5880
      ITM Evaluation: [ 700/6156]  eta: 0:03:29    time: 0.0378  data: 0.0000  max mem: 5880
      ITM Evaluation: [ 800/6156]  eta: 0:03:23    time: 0.0334  data: 0.0000  max mem: 5880
      ITM Evaluation: [ 900/6156]  eta: 0:03:17    time: 0.0342  data: 0.0000  max mem: 5880
      ITM Evaluation: [1000/6156]  eta: 0:03:13    time: 0.0409  data: 0.0000  max mem: 5880
      ITM Evaluation: [1100/6156]  eta: 0:03:09    time: 0.0393  data: 0.0000  max mem: 5880
      ITM Evaluation: [1200/6156]  eta: 0:03:06    time: 0.0395  data: 0.0000  max mem: 5880
      ITM Evaluation: [1300/6156]  eta: 0:03:03    time: 0.0356  data: 0.0000  max mem: 5880
      ITM Evaluation: [1400/6156]  eta: 0:03:00    time: 0.0468  data: 0.0000  max mem: 5880
      ITM Evaluation: [1500/6156]  eta: 0:02:57    time: 0.0396  data: 0.0000  max mem: 5880
      ITM Evaluation: [1600/6156]  eta: 0:02:54    time: 0.0420  data: 0.0000  max mem: 5880
      ITM Evaluation: [1700/6156]  eta: 0:02:52    time: 0.0417  data: 0.0000  max mem: 5880
      ITM Evaluation: [1800/6156]  eta: 0:02:49    time: 0.0399  data: 0.0000  max mem: 5880
      ITM Evaluation: [1900/6156]  eta: 0:02:46    time: 0.0438  data: 0.0000  max mem: 5880
      ITM Evaluation: [2000/6156]  eta: 0:02:43    time: 0.0424  data: 0.0000  max mem: 5880
      ITM Evaluation: [2100/6156]  eta: 0:02:40    time: 0.0482  data: 0.0000  max mem: 5880
      ITM Evaluation: [2200/6156]  eta: 0:02:38    time: 0.0504  data: 0.0000  max mem: 5880
      ITM Evaluation: [2300/6156]  eta: 0:02:35    time: 0.0445  data: 0.0000  max mem: 5880
      ITM Evaluation: [2400/6156]  eta: 0:02:32    time: 0.0437  data: 0.0000  max mem: 5880
      ITM Evaluation: [2500/6156]  eta: 0:02:29    time: 0.0458  data: 0.0000  max mem: 5880
      ITM Evaluation: [2600/6156]  eta: 0:02:25    time: 0.0463  data: 0.0000  max mem: 5880
      ITM Evaluation: [2700/6156]  eta: 0:02:22    time: 0.0451  data: 0.0000  max mem: 5880
      ITM Evaluation: [2800/6156]  eta: 0:02:18    time: 0.0452  data: 0.0000  max mem: 5880
      ITM Evaluation: [2900/6156]  eta: 0:02:15    time: 0.0431  data: 0.0000  max mem: 5880
      ITM Evaluation: [3000/6156]  eta: 0:02:11    time: 0.0466  data: 0.0000  max mem: 5880
      ITM Evaluation: [3100/6156]  eta: 0:02:07    time: 0.0451  data: 0.0000  max mem: 5880
      ITM Evaluation: [3200/6156]  eta: 0:02:03    time: 0.0434  data: 0.0000  max mem: 5880
      ITM Evaluation: [3300/6156]  eta: 0:01:59    time: 0.0367  data: 0.0000  max mem: 5880
      ITM Evaluation: [3400/6156]  eta: 0:01:55    time: 0.0428  data: 0.0000  max mem: 5880
      ITM Evaluation: [3500/6156]  eta: 0:01:51    time: 0.0503  data: 0.0000  max mem: 5880
      ITM Evaluation: [3600/6156]  eta: 0:01:47    time: 0.0457  data: 0.0000  max mem: 5880
      ITM Evaluation: [3700/6156]  eta: 0:01:43    time: 0.0438  data: 0.0000  max mem: 5880
      ITM Evaluation: [3800/6156]  eta: 0:01:39    time: 0.0438  data: 0.0000  max mem: 5880
      ITM Evaluation: [3900/6156]  eta: 0:01:35    time: 0.0443  data: 0.0000  max mem: 5880
      ITM Evaluation: [4000/6156]  eta: 0:01:31    time: 0.0393  data: 0.0000  max mem: 5880
      ITM Evaluation: [4100/6156]  eta: 0:01:27    time: 0.0469  data: 0.0000  max mem: 5880
      ITM Evaluation: [4200/6156]  eta: 0:01:22    time: 0.0482  data: 0.0000  max mem: 5880
      ITM Evaluation: [4300/6156]  eta: 0:01:18    time: 0.0397  data: 0.0000  max mem: 5880
      ITM Evaluation: [4400/6156]  eta: 0:01:14    time: 0.0433  data: 0.0000  max mem: 5880
      ITM Evaluation: [4500/6156]  eta: 0:01:10    time: 0.0416  data: 0.0000  max mem: 5880
      ITM Evaluation: [4600/6156]  eta: 0:01:06    time: 0.0463  data: 0.0000  max mem: 5880
      ITM Evaluation: [4700/6156]  eta: 0:01:01    time: 0.0432  data: 0.0000  max mem: 5880
      ITM Evaluation: [4800/6156]  eta: 0:00:57    time: 0.0444  data: 0.0000  max mem: 5880
      ITM Evaluation: [4900/6156]  eta: 0:00:53    time: 0.0426  data: 0.0000  max mem: 5880
      ITM Evaluation: [5000/6156]  eta: 0:00:49    time: 0.0432  data: 0.0000  max mem: 5880
      ITM Evaluation: [5100/6156]  eta: 0:00:44    time: 0.0433  data: 0.0000  max mem: 5880
      ITM Evaluation: [5200/6156]  eta: 0:00:40    time: 0.0423  data: 0.0000  max mem: 5880
      ITM Evaluation: [5300/6156]  eta: 0:00:36    time: 0.0437  data: 0.0000  max mem: 5880
      ITM Evaluation: [5400/6156]  eta: 0:00:32    time: 0.0439  data: 0.0000  max mem: 5880
      ITM Evaluation: [5500/6156]  eta: 0:00:27    time: 0.0418  data: 0.0000  max mem: 5880
      ITM Evaluation: [5600/6156]  eta: 0:00:23    time: 0.0444  data: 0.0000  max mem: 5880
      ITM Evaluation: [5700/6156]  eta: 0:00:19    time: 0.0441  data: 0.0000  max mem: 5880
      ITM Evaluation: [5800/6156]  eta: 0:00:15    time: 0.0468  data: 0.0000  max mem: 5880
      ITM Evaluation: [5900/6156]  eta: 0:00:10    time: 0.0479  data: 0.0000  max mem: 5880
      ITM Evaluation: [6000/6156]  eta: 0:00:06    time: 0.0514  data: 0.0000  max mem: 5880
      ITM Evaluation: [6100/6156]  eta: 0:00:02    time: 0.0446  data: 0.0000  max mem: 5880
      ITM Evaluation: [6155/6156]  eta: 0:00:00    time: 0.0437  data: 0.0000  max mem: 5880
      ITM Evaluation: Total time: 0:04:24 (0.0429 s / it)
     total_time 264.44688725471497
     Computing matching score time 0:04:24
### TTA ITM Score: 
+-------+--------+--------+--------+--------+--------+
| epoch |   R1   |   R5   |  R10   |  mAP   |  mINP  |
+-------+--------+--------+--------+--------+--------+
|  -999 | 70.760 | 87.378 | 92.268 | 63.849 | 48.174 |
|  -999 | 76.170 | 89.457 | 93.600 | 65.570 | 47.372 |
|   0   | 76.121 | 89.392 | 93.648 | 65.612 | 47.503 |
|   1   | 75.861 | 89.311 | 93.746 | 65.595 | 47.734 |
|   2   | 75.747 | 89.311 | 93.502 | 65.687 | 48.070 |
|   3   | 75.357 | 89.149 | 93.324 | 65.673 | 48.272 |
|   4   | 74.903 | 88.921 | 93.080 | 65.459 | 48.277 |
|   5   | 74.659 | 88.840 | 92.950 | 65.240 | 48.116 |
|   6   | 74.399 | 88.840 | 92.836 | 65.089 | 47.958 |
+-------+--------+--------+--------+--------+--------+
     logs:  {'epo': 6, 'R1': 74.399, 'R5': 88.84, 'R10': 92.836, 'mAP': 65.089, 'mINP': 47.958, 'lr': 8.4e-05, 'entropy': 0.288249, 'loss': 0.288249}
      TTA Epoch: [7] [ 0/54]  eta: 0:01:08  lr: 0.000082  entropy: 0.3621  loss: 0.3621  time: 1.2756  data: 1.1699  max mem: 5880
      TTA Epoch: [7] [53/54]  eta: 0:00:00  lr: 0.000039  entropy: 0.2285  loss: 0.2285  time: 0.0777  data: 0.0003  max mem: 5880
      TTA Epoch: [7] Total time: 0:00:05 (0.0973 s / it)
     Averaged stats: lr: 0.0001  entropy: 0.2644  loss: 0.2644
     itm tta time 0:00:05
     Computing matching score
      ITM Evaluation: [   0/6156]  eta: 0:06:26    time: 0.0628  data: 0.0120  max mem: 5880
      ITM Evaluation: [ 100/6156]  eta: 0:04:40    time: 0.0462  data: 0.0000  max mem: 5880
      ITM Evaluation: [ 200/6156]  eta: 0:04:34    time: 0.0448  data: 0.0000  max mem: 5880
      ITM Evaluation: [ 300/6156]  eta: 0:04:24    time: 0.0412  data: 0.0000  max mem: 5880
      ITM Evaluation: [ 400/6156]  eta: 0:04:16    time: 0.0426  data: 0.0000  max mem: 5880
      ITM Evaluation: [ 500/6156]  eta: 0:04:09    time: 0.0436  data: 0.0000  max mem: 5880
      ITM Evaluation: [ 600/6156]  eta: 0:04:03    time: 0.0393  data: 0.0000  max mem: 5880
      ITM Evaluation: [ 700/6156]  eta: 0:03:59    time: 0.0432  data: 0.0000  max mem: 5880
      ITM Evaluation: [ 800/6156]  eta: 0:03:54    time: 0.0433  data: 0.0000  max mem: 5880
      ITM Evaluation: [ 900/6156]  eta: 0:03:51    time: 0.0476  data: 0.0000  max mem: 5880
      ITM Evaluation: [1000/6156]  eta: 0:03:49    time: 0.0478  data: 0.0000  max mem: 5880
      ITM Evaluation: [1100/6156]  eta: 0:03:48    time: 0.0438  data: 0.0000  max mem: 5880
      ITM Evaluation: [1200/6156]  eta: 0:03:45    time: 0.0492  data: 0.0000  max mem: 5880
      ITM Evaluation: [1300/6156]  eta: 0:03:42    time: 0.0473  data: 0.0000  max mem: 5880
      ITM Evaluation: [1400/6156]  eta: 0:03:37    time: 0.0443  data: 0.0000  max mem: 5880
      ITM Evaluation: [1500/6156]  eta: 0:03:32    time: 0.0423  data: 0.0000  max mem: 5880
      ITM Evaluation: [1600/6156]  eta: 0:03:27    time: 0.0425  data: 0.0000  max mem: 5880
      ITM Evaluation: [1700/6156]  eta: 0:03:22    time: 0.0434  data: 0.0000  max mem: 5880
      ITM Evaluation: [1800/6156]  eta: 0:03:17    time: 0.0416  data: 0.0000  max mem: 5880
      ITM Evaluation: [1900/6156]  eta: 0:03:12    time: 0.0477  data: 0.0000  max mem: 5880
      ITM Evaluation: [2000/6156]  eta: 0:03:08    time: 0.0543  data: 0.0000  max mem: 5880
      ITM Evaluation: [2100/6156]  eta: 0:03:05    time: 0.0482  data: 0.0000  max mem: 5880
      ITM Evaluation: [2200/6156]  eta: 0:03:01    time: 0.0522  data: 0.0000  max mem: 5880
      ITM Evaluation: [2300/6156]  eta: 0:02:57    time: 0.0479  data: 0.0000  max mem: 5880
      ITM Evaluation: [2400/6156]  eta: 0:02:52    time: 0.0523  data: 0.0000  max mem: 5880
      ITM Evaluation: [2500/6156]  eta: 0:02:47    time: 0.0397  data: 0.0000  max mem: 5880
      ITM Evaluation: [2600/6156]  eta: 0:02:43    time: 0.0549  data: 0.0000  max mem: 5880
      ITM Evaluation: [2700/6156]  eta: 0:02:40    time: 0.0551  data: 0.0000  max mem: 5880
      ITM Evaluation: [2800/6156]  eta: 0:02:36    time: 0.0520  data: 0.0000  max mem: 5880
      ITM Evaluation: [2900/6156]  eta: 0:02:32    time: 0.0415  data: 0.0000  max mem: 5880
      ITM Evaluation: [3000/6156]  eta: 0:02:27    time: 0.0443  data: 0.0000  max mem: 5880
      ITM Evaluation: [3100/6156]  eta: 0:02:21    time: 0.0436  data: 0.0000  max mem: 5880
      ITM Evaluation: [3200/6156]  eta: 0:02:16    time: 0.0382  data: 0.0000  max mem: 5880
      ITM Evaluation: [3300/6156]  eta: 0:02:11    time: 0.0420  data: 0.0000  max mem: 5880
      ITM Evaluation: [3400/6156]  eta: 0:02:06    time: 0.0417  data: 0.0000  max mem: 5880
      ITM Evaluation: [3500/6156]  eta: 0:02:01    time: 0.0452  data: 0.0000  max mem: 5880
      ITM Evaluation: [3600/6156]  eta: 0:01:57    time: 0.0407  data: 0.0000  max mem: 5880
      ITM Evaluation: [3700/6156]  eta: 0:01:52    time: 0.0410  data: 0.0000  max mem: 5880
      ITM Evaluation: [3800/6156]  eta: 0:01:47    time: 0.0415  data: 0.0000  max mem: 5880
      ITM Evaluation: [3900/6156]  eta: 0:01:42    time: 0.0382  data: 0.0000  max mem: 5880
      ITM Evaluation: [4000/6156]  eta: 0:01:37    time: 0.0420  data: 0.0000  max mem: 5880
      ITM Evaluation: [4100/6156]  eta: 0:01:33    time: 0.0404  data: 0.0000  max mem: 5880
      ITM Evaluation: [4200/6156]  eta: 0:01:28    time: 0.0414  data: 0.0000  max mem: 5880
      ITM Evaluation: [4300/6156]  eta: 0:01:23    time: 0.0402  data: 0.0000  max mem: 5880
      ITM Evaluation: [4400/6156]  eta: 0:01:19    time: 0.0394  data: 0.0000  max mem: 5880
      ITM Evaluation: [4500/6156]  eta: 0:01:14    time: 0.0415  data: 0.0000  max mem: 5880
      ITM Evaluation: [4600/6156]  eta: 0:01:10    time: 0.0432  data: 0.0000  max mem: 5880
      ITM Evaluation: [4700/6156]  eta: 0:01:05    time: 0.0409  data: 0.0000  max mem: 5880
      ITM Evaluation: [4800/6156]  eta: 0:01:00    time: 0.0454  data: 0.0000  max mem: 5880
      ITM Evaluation: [4900/6156]  eta: 0:00:56    time: 0.0494  data: 0.0000  max mem: 5880
      ITM Evaluation: [5000/6156]  eta: 0:00:51    time: 0.0437  data: 0.0000  max mem: 5880
      ITM Evaluation: [5100/6156]  eta: 0:00:47    time: 0.0415  data: 0.0000  max mem: 5880
      ITM Evaluation: [5200/6156]  eta: 0:00:42    time: 0.0565  data: 0.0000  max mem: 5880
      ITM Evaluation: [5300/6156]  eta: 0:00:38    time: 0.0344  data: 0.0000  max mem: 5880
      ITM Evaluation: [5400/6156]  eta: 0:00:33    time: 0.0321  data: 0.0000  max mem: 5880
      ITM Evaluation: [5500/6156]  eta: 0:00:29    time: 0.0331  data: 0.0000  max mem: 5880
      ITM Evaluation: [5600/6156]  eta: 0:00:24    time: 0.0347  data: 0.0000  max mem: 5880
      ITM Evaluation: [5700/6156]  eta: 0:00:20    time: 0.0320  data: 0.0000  max mem: 5880
      ITM Evaluation: [5800/6156]  eta: 0:00:15    time: 0.0331  data: 0.0000  max mem: 5880
      ITM Evaluation: [5900/6156]  eta: 0:00:11    time: 0.0415  data: 0.0000  max mem: 5880
      ITM Evaluation: [6000/6156]  eta: 0:00:06    time: 0.0323  data: 0.0000  max mem: 5880
      ITM Evaluation: [6100/6156]  eta: 0:00:02    time: 0.0345  data: 0.0000  max mem: 5880
      ITM Evaluation: [6155/6156]  eta: 0:00:00    time: 0.0340  data: 0.0000  max mem: 5880
      ITM Evaluation: Total time: 0:04:28 (0.0436 s / it)
     total_time 268.22009468078613
     Computing matching score time 0:04:28
### TTA ITM Score: 
+-------+--------+--------+--------+--------+--------+
| epoch |   R1   |   R5   |  R10   |  mAP   |  mINP  |
+-------+--------+--------+--------+--------+--------+
|  -999 | 70.760 | 87.378 | 92.268 | 63.849 | 48.174 |
|  -999 | 76.170 | 89.457 | 93.600 | 65.570 | 47.372 |
|   0   | 76.121 | 89.392 | 93.648 | 65.612 | 47.503 |
|   1   | 75.861 | 89.311 | 93.746 | 65.595 | 47.734 |
|   2   | 75.747 | 89.311 | 93.502 | 65.687 | 48.070 |
|   3   | 75.357 | 89.149 | 93.324 | 65.673 | 48.272 |
|   4   | 74.903 | 88.921 | 93.080 | 65.459 | 48.277 |
|   5   | 74.659 | 88.840 | 92.950 | 65.240 | 48.116 |
|   6   | 74.399 | 88.840 | 92.836 | 65.089 | 47.958 |
|   7   | 74.285 | 88.759 | 92.739 | 64.966 | 47.814 |
+-------+--------+--------+--------+--------+--------+
     logs:  {'epo': 7, 'R1': 74.285, 'R5': 88.759, 'R10': 92.739, 'mAP': 64.966, 'mINP': 47.814, 'lr': 5.6e-05, 'entropy': 0.264388, 'loss': 0.264388}
      TTA Epoch: [8] [ 0/54]  eta: 0:00:40  lr: 0.000039  entropy: 0.1738  loss: 0.1738  time: 0.7566  data: 0.6606  max mem: 5880
      TTA Epoch: [8] [53/54]  eta: 0:00:00  lr: 0.000038  entropy: 0.3054  loss: 0.3054  time: 0.0625  data: 0.0002  max mem: 5880
      TTA Epoch: [8] Total time: 0:00:04 (0.0891 s / it)
     Averaged stats: lr: 0.0000  entropy: 0.2605  loss: 0.2605
     itm tta time 0:00:04
     Computing matching score
      ITM Evaluation: [   0/6156]  eta: 0:04:22    time: 0.0426  data: 0.0046  max mem: 5880
      ITM Evaluation: [ 100/6156]  eta: 0:03:44    time: 0.0351  data: 0.0000  max mem: 5880
      ITM Evaluation: [ 200/6156]  eta: 0:03:44    time: 0.0377  data: 0.0000  max mem: 5880
      ITM Evaluation: [ 300/6156]  eta: 0:03:37    time: 0.0380  data: 0.0000  max mem: 5880
      ITM Evaluation: [ 400/6156]  eta: 0:03:35    time: 0.0372  data: 0.0000  max mem: 5880
      ITM Evaluation: [ 500/6156]  eta: 0:03:31    time: 0.0373  data: 0.0000  max mem: 5880
      ITM Evaluation: [ 600/6156]  eta: 0:03:28    time: 0.0364  data: 0.0000  max mem: 5880
      ITM Evaluation: [ 700/6156]  eta: 0:03:25    time: 0.0520  data: 0.0000  max mem: 5880
      ITM Evaluation: [ 800/6156]  eta: 0:03:22    time: 0.0388  data: 0.0000  max mem: 5880
      ITM Evaluation: [ 900/6156]  eta: 0:03:21    time: 0.0406  data: 0.0000  max mem: 5880
      ITM Evaluation: [1000/6156]  eta: 0:03:18    time: 0.0413  data: 0.0000  max mem: 5880
      ITM Evaluation: [1100/6156]  eta: 0:03:16    time: 0.0439  data: 0.0000  max mem: 5880
      ITM Evaluation: [1200/6156]  eta: 0:03:16    time: 0.0412  data: 0.0000  max mem: 5880
      ITM Evaluation: [1300/6156]  eta: 0:03:12    time: 0.0423  data: 0.0000  max mem: 5880
      ITM Evaluation: [1400/6156]  eta: 0:03:07    time: 0.0392  data: 0.0000  max mem: 5880
      ITM Evaluation: [1500/6156]  eta: 0:03:03    time: 0.0397  data: 0.0000  max mem: 5880
      ITM Evaluation: [1600/6156]  eta: 0:02:59    time: 0.0386  data: 0.0000  max mem: 5880
      ITM Evaluation: [1700/6156]  eta: 0:02:55    time: 0.0399  data: 0.0000  max mem: 5880
      ITM Evaluation: [1800/6156]  eta: 0:02:52    time: 0.0411  data: 0.0000  max mem: 5880
      ITM Evaluation: [1900/6156]  eta: 0:02:47    time: 0.0359  data: 0.0000  max mem: 5880
      ITM Evaluation: [2000/6156]  eta: 0:02:43    time: 0.0373  data: 0.0000  max mem: 5880
      ITM Evaluation: [2100/6156]  eta: 0:02:39    time: 0.0443  data: 0.0000  max mem: 5880
      ITM Evaluation: [2200/6156]  eta: 0:02:35    time: 0.0393  data: 0.0000  max mem: 5880
      ITM Evaluation: [2300/6156]  eta: 0:02:31    time: 0.0416  data: 0.0000  max mem: 5880
      ITM Evaluation: [2400/6156]  eta: 0:02:27    time: 0.0434  data: 0.0000  max mem: 5880
      ITM Evaluation: [2500/6156]  eta: 0:02:24    time: 0.0414  data: 0.0000  max mem: 5880
      ITM Evaluation: [2600/6156]  eta: 0:02:20    time: 0.0397  data: 0.0000  max mem: 5880
      ITM Evaluation: [2700/6156]  eta: 0:02:16    time: 0.0415  data: 0.0000  max mem: 5880
      ITM Evaluation: [2800/6156]  eta: 0:02:13    time: 0.0404  data: 0.0000  max mem: 5880
      ITM Evaluation: [2900/6156]  eta: 0:02:09    time: 0.0392  data: 0.0000  max mem: 5880
      ITM Evaluation: [3000/6156]  eta: 0:02:06    time: 0.0428  data: 0.0000  max mem: 5880
      ITM Evaluation: [3100/6156]  eta: 0:02:02    time: 0.0421  data: 0.0000  max mem: 5880
      ITM Evaluation: [3200/6156]  eta: 0:01:58    time: 0.0416  data: 0.0000  max mem: 5880
      ITM Evaluation: [3300/6156]  eta: 0:01:54    time: 0.0429  data: 0.0000  max mem: 5880
      ITM Evaluation: [3400/6156]  eta: 0:01:50    time: 0.0403  data: 0.0000  max mem: 5880
      ITM Evaluation: [3500/6156]  eta: 0:01:46    time: 0.0385  data: 0.0000  max mem: 5880
      ITM Evaluation: [3600/6156]  eta: 0:01:42    time: 0.0387  data: 0.0000  max mem: 5880
      ITM Evaluation: [3700/6156]  eta: 0:01:38    time: 0.0432  data: 0.0000  max mem: 5880
      ITM Evaluation: [3800/6156]  eta: 0:01:35    time: 0.0448  data: 0.0000  max mem: 5880
      ITM Evaluation: [3900/6156]  eta: 0:01:31    time: 0.0407  data: 0.0000  max mem: 5880
      ITM Evaluation: [4000/6156]  eta: 0:01:27    time: 0.0447  data: 0.0000  max mem: 5880
      ITM Evaluation: [4100/6156]  eta: 0:01:23    time: 0.0410  data: 0.0000  max mem: 5880
      ITM Evaluation: [4200/6156]  eta: 0:01:19    time: 0.0381  data: 0.0000  max mem: 5880
      ITM Evaluation: [4300/6156]  eta: 0:01:15    time: 0.0383  data: 0.0000  max mem: 5880
      ITM Evaluation: [4400/6156]  eta: 0:01:11    time: 0.0430  data: 0.0000  max mem: 5880
      ITM Evaluation: [4500/6156]  eta: 0:01:07    time: 0.0439  data: 0.0000  max mem: 5880
      ITM Evaluation: [4600/6156]  eta: 0:01:03    time: 0.0419  data: 0.0000  max mem: 5880
      ITM Evaluation: [4700/6156]  eta: 0:00:59    time: 0.0476  data: 0.0000  max mem: 5880
      ITM Evaluation: [4800/6156]  eta: 0:00:55    time: 0.0473  data: 0.0000  max mem: 5880
      ITM Evaluation: [4900/6156]  eta: 0:00:51    time: 0.0439  data: 0.0000  max mem: 5880
      ITM Evaluation: [5000/6156]  eta: 0:00:47    time: 0.0482  data: 0.0000  max mem: 5880
      ITM Evaluation: [5100/6156]  eta: 0:00:43    time: 0.0466  data: 0.0000  max mem: 5880
      ITM Evaluation: [5200/6156]  eta: 0:00:39    time: 0.0455  data: 0.0000  max mem: 5880
      ITM Evaluation: [5300/6156]  eta: 0:00:35    time: 0.0424  data: 0.0000  max mem: 5880
      ITM Evaluation: [5400/6156]  eta: 0:00:31    time: 0.0473  data: 0.0000  max mem: 5880
      ITM Evaluation: [5500/6156]  eta: 0:00:27    time: 0.0432  data: 0.0000  max mem: 5880
      ITM Evaluation: [5600/6156]  eta: 0:00:23    time: 0.0469  data: 0.0000  max mem: 5880
      ITM Evaluation: [5700/6156]  eta: 0:00:19    time: 0.0416  data: 0.0000  max mem: 5880
      ITM Evaluation: [5800/6156]  eta: 0:00:14    time: 0.0408  data: 0.0000  max mem: 5880
      ITM Evaluation: [5900/6156]  eta: 0:00:10    time: 0.0438  data: 0.0000  max mem: 5880
      ITM Evaluation: [6000/6156]  eta: 0:00:06    time: 0.0453  data: 0.0000  max mem: 5880
      ITM Evaluation: [6100/6156]  eta: 0:00:02    time: 0.0422  data: 0.0000  max mem: 5880
      ITM Evaluation: [6155/6156]  eta: 0:00:00    time: 0.0420  data: 0.0000  max mem: 5880
      ITM Evaluation: Total time: 0:04:17 (0.0418 s / it)
     total_time 257.52299094200134
     Computing matching score time 0:04:17
### TTA ITM Score: 
+-------+--------+--------+--------+--------+--------+
| epoch |   R1   |   R5   |  R10   |  mAP   |  mINP  |
+-------+--------+--------+--------+--------+--------+
|  -999 | 70.760 | 87.378 | 92.268 | 63.849 | 48.174 |
|  -999 | 76.170 | 89.457 | 93.600 | 65.570 | 47.372 |
|   0   | 76.121 | 89.392 | 93.648 | 65.612 | 47.503 |
|   1   | 75.861 | 89.311 | 93.746 | 65.595 | 47.734 |
|   2   | 75.747 | 89.311 | 93.502 | 65.687 | 48.070 |
|   3   | 75.357 | 89.149 | 93.324 | 65.673 | 48.272 |
|   4   | 74.903 | 88.921 | 93.080 | 65.459 | 48.277 |
|   5   | 74.659 | 88.840 | 92.950 | 65.240 | 48.116 |
|   6   | 74.399 | 88.840 | 92.836 | 65.089 | 47.958 |
|   7   | 74.285 | 88.759 | 92.739 | 64.966 | 47.814 |
|   8   | 74.220 | 88.710 | 92.739 | 64.923 | 47.791 |
+-------+--------+--------+--------+--------+--------+
     logs:  {'epo': 8, 'R1': 74.22, 'R5': 88.71, 'R10': 92.739, 'mAP': 64.923, 'mINP': 47.791, 'lr': 3.8e-05, 'entropy': 0.260467, 'loss': 0.260467}
      TTA Epoch: [9] [ 0/54]  eta: 0:00:49  lr: 0.000038  entropy: 0.2386  loss: 0.2386  time: 0.9223  data: 0.8284  max mem: 5880
      TTA Epoch: [9] [53/54]  eta: 0:00:00  lr: 0.000036  entropy: 0.2938  loss: 0.2938  time: 0.0552  data: 0.0002  max mem: 5880
      TTA Epoch: [9] Total time: 0:00:03 (0.0737 s / it)
     Averaged stats: lr: 0.0000  entropy: 0.2518  loss: 0.2518
     itm tta time 0:00:04
     Computing matching score
      ITM Evaluation: [   0/6156]  eta: 0:04:47    time: 0.0468  data: 0.0047  max mem: 5880
      ITM Evaluation: [ 100/6156]  eta: 0:04:31    time: 0.0442  data: 0.0000  max mem: 5880
      ITM Evaluation: [ 200/6156]  eta: 0:04:22    time: 0.0400  data: 0.0000  max mem: 5880
      ITM Evaluation: [ 300/6156]  eta: 0:04:14    time: 0.0406  data: 0.0000  max mem: 5880
      ITM Evaluation: [ 400/6156]  eta: 0:04:09    time: 0.0452  data: 0.0000  max mem: 5880
      ITM Evaluation: [ 500/6156]  eta: 0:04:05    time: 0.0428  data: 0.0000  max mem: 5880
      ITM Evaluation: [ 600/6156]  eta: 0:03:59    time: 0.0404  data: 0.0000  max mem: 5880
      ITM Evaluation: [ 700/6156]  eta: 0:03:51    time: 0.0375  data: 0.0000  max mem: 5880
      ITM Evaluation: [ 800/6156]  eta: 0:03:44    time: 0.0413  data: 0.0000  max mem: 5880
      ITM Evaluation: [ 900/6156]  eta: 0:03:40    time: 0.0437  data: 0.0000  max mem: 5880
      ITM Evaluation: [1000/6156]  eta: 0:03:37    time: 0.0444  data: 0.0000  max mem: 5880
      ITM Evaluation: [1100/6156]  eta: 0:03:33    time: 0.0431  data: 0.0000  max mem: 5880
      ITM Evaluation: [1200/6156]  eta: 0:03:29    time: 0.0394  data: 0.0000  max mem: 5880
      ITM Evaluation: [1300/6156]  eta: 0:03:24    time: 0.0388  data: 0.0000  max mem: 5880
      ITM Evaluation: [1400/6156]  eta: 0:03:20    time: 0.0421  data: 0.0000  max mem: 5880
      ITM Evaluation: [1500/6156]  eta: 0:03:15    time: 0.0424  data: 0.0000  max mem: 5880
      ITM Evaluation: [1600/6156]  eta: 0:03:11    time: 0.0443  data: 0.0000  max mem: 5880
      ITM Evaluation: [1700/6156]  eta: 0:03:07    time: 0.0485  data: 0.0000  max mem: 5880
      ITM Evaluation: [1800/6156]  eta: 0:03:04    time: 0.0464  data: 0.0000  max mem: 5880
      ITM Evaluation: [1900/6156]  eta: 0:03:02    time: 0.0634  data: 0.0000  max mem: 5880
      ITM Evaluation: [2000/6156]  eta: 0:02:58    time: 0.0424  data: 0.0000  max mem: 5880
      ITM Evaluation: [2100/6156]  eta: 0:02:55    time: 0.0550  data: 0.0000  max mem: 5880
      ITM Evaluation: [2200/6156]  eta: 0:02:50    time: 0.0388  data: 0.0000  max mem: 5880
      ITM Evaluation: [2300/6156]  eta: 0:02:47    time: 0.0583  data: 0.0000  max mem: 5880
      ITM Evaluation: [2400/6156]  eta: 0:02:42    time: 0.0418  data: 0.0000  max mem: 5880
      ITM Evaluation: [2500/6156]  eta: 0:02:39    time: 0.0522  data: 0.0000  max mem: 5880
      ITM Evaluation: [2600/6156]  eta: 0:02:36    time: 0.0557  data: 0.0000  max mem: 5880
      ITM Evaluation: [2700/6156]  eta: 0:02:33    time: 0.0554  data: 0.0000  max mem: 5880
      ITM Evaluation: [2800/6156]  eta: 0:02:30    time: 0.0504  data: 0.0000  max mem: 5880
      ITM Evaluation: [2900/6156]  eta: 0:02:26    time: 0.0519  data: 0.0000  max mem: 5880
      ITM Evaluation: [3000/6156]  eta: 0:02:22    time: 0.0448  data: 0.0000  max mem: 5880
      ITM Evaluation: [3100/6156]  eta: 0:02:18    time: 0.0551  data: 0.0000  max mem: 5880
      ITM Evaluation: [3200/6156]  eta: 0:02:15    time: 0.0644  data: 0.0000  max mem: 5880
      ITM Evaluation: [3300/6156]  eta: 0:02:11    time: 0.0529  data: 0.0000  max mem: 5880
      ITM Evaluation: [3400/6156]  eta: 0:02:07    time: 0.0539  data: 0.0000  max mem: 5880
      ITM Evaluation: [3500/6156]  eta: 0:02:03    time: 0.0518  data: 0.0000  max mem: 5880
      ITM Evaluation: [3600/6156]  eta: 0:01:58    time: 0.0493  data: 0.0000  max mem: 5880
      ITM Evaluation: [3700/6156]  eta: 0:01:54    time: 0.0518  data: 0.0000  max mem: 5880
      ITM Evaluation: [3800/6156]  eta: 0:01:49    time: 0.0501  data: 0.0000  max mem: 5880
      ITM Evaluation: [3900/6156]  eta: 0:01:45    time: 0.0465  data: 0.0000  max mem: 5880
      ITM Evaluation: [4000/6156]  eta: 0:01:40    time: 0.0509  data: 0.0000  max mem: 5880
      ITM Evaluation: [4100/6156]  eta: 0:01:36    time: 0.0550  data: 0.0000  max mem: 5880
      ITM Evaluation: [4200/6156]  eta: 0:01:32    time: 0.0577  data: 0.0000  max mem: 5880
      ITM Evaluation: [4300/6156]  eta: 0:01:27    time: 0.0539  data: 0.0000  max mem: 5880
      ITM Evaluation: [4400/6156]  eta: 0:01:23    time: 0.0499  data: 0.0000  max mem: 5880
      ITM Evaluation: [4500/6156]  eta: 0:01:18    time: 0.0467  data: 0.0000  max mem: 5880
      ITM Evaluation: [4600/6156]  eta: 0:01:13    time: 0.0505  data: 0.0000  max mem: 5880
      ITM Evaluation: [4700/6156]  eta: 0:01:09    time: 0.0473  data: 0.0000  max mem: 5880
      ITM Evaluation: [4800/6156]  eta: 0:01:04    time: 0.0477  data: 0.0000  max mem: 5880
      ITM Evaluation: [4900/6156]  eta: 0:00:59    time: 0.0526  data: 0.0000  max mem: 5880
      ITM Evaluation: [5000/6156]  eta: 0:00:55    time: 0.0515  data: 0.0000  max mem: 5880
      ITM Evaluation: [5100/6156]  eta: 0:00:50    time: 0.0451  data: 0.0000  max mem: 5880
      ITM Evaluation: [5200/6156]  eta: 0:00:45    time: 0.0492  data: 0.0000  max mem: 5880
      ITM Evaluation: [5300/6156]  eta: 0:00:40    time: 0.0514  data: 0.0000  max mem: 5880
      ITM Evaluation: [5400/6156]  eta: 0:00:36    time: 0.0485  data: 0.0000  max mem: 5880
      ITM Evaluation: [5500/6156]  eta: 0:00:31    time: 0.0500  data: 0.0000  max mem: 5880
      ITM Evaluation: [5600/6156]  eta: 0:00:26    time: 0.0456  data: 0.0000  max mem: 5880
      ITM Evaluation: [5700/6156]  eta: 0:00:21    time: 0.0442  data: 0.0000  max mem: 5880
      ITM Evaluation: [5800/6156]  eta: 0:00:17    time: 0.0523  data: 0.0000  max mem: 5880
      ITM Evaluation: [5900/6156]  eta: 0:00:12    time: 0.0512  data: 0.0000  max mem: 5880
      ITM Evaluation: [6000/6156]  eta: 0:00:07    time: 0.0473  data: 0.0000  max mem: 5880
      ITM Evaluation: [6100/6156]  eta: 0:00:02    time: 0.0453  data: 0.0000  max mem: 5880
      ITM Evaluation: [6155/6156]  eta: 0:00:00    time: 0.0462  data: 0.0000  max mem: 5880
      ITM Evaluation: Total time: 0:04:55 (0.0480 s / it)
     total_time 295.4176871776581
     Computing matching score time 0:04:55
### TTA ITM Score: 
+-------+--------+--------+--------+--------+--------+
| epoch |   R1   |   R5   |  R10   |  mAP   |  mINP  |
+-------+--------+--------+--------+--------+--------+
|  -999 | 70.760 | 87.378 | 92.268 | 63.849 | 48.174 |
|  -999 | 76.170 | 89.457 | 93.600 | 65.570 | 47.372 |
|   0   | 76.121 | 89.392 | 93.648 | 65.612 | 47.503 |
|   1   | 75.861 | 89.311 | 93.746 | 65.595 | 47.734 |
|   2   | 75.747 | 89.311 | 93.502 | 65.687 | 48.070 |
|   3   | 75.357 | 89.149 | 93.324 | 65.673 | 48.272 |
|   4   | 74.903 | 88.921 | 93.080 | 65.459 | 48.277 |
|   5   | 74.659 | 88.840 | 92.950 | 65.240 | 48.116 |
|   6   | 74.399 | 88.840 | 92.836 | 65.089 | 47.958 |
|   7   | 74.285 | 88.759 | 92.739 | 64.966 | 47.814 |
|   8   | 74.220 | 88.710 | 92.739 | 64.923 | 47.791 |
|   9   | 74.172 | 88.678 | 92.658 | 64.885 | 47.756 |
+-------+--------+--------+--------+--------+--------+
     logs:  {'epo': 9, 'R1': 74.172, 'R5': 88.678, 'R10': 92.658, 'mAP': 64.885, 'mINP': 47.756, 'lr': 3.7e-05, 'entropy': 0.251762, 'loss': 0.251762}
      TTA Epoch: [10] [ 0/54]  eta: 0:00:47  lr: 0.000036  entropy: 0.2879  loss: 0.2879  time: 0.8854  data: 0.7983  max mem: 5880
      TTA Epoch: [10] [53/54]  eta: 0:00:00  lr: 0.000034  entropy: 0.2458  loss: 0.2458  time: 0.0513  data: 0.0002  max mem: 5880
      TTA Epoch: [10] Total time: 0:00:03 (0.0700 s / it)
     Averaged stats: lr: 0.0000  entropy: 0.2523  loss: 0.2523
     itm tta time 0:00:04
     Computing matching score
      ITM Evaluation: [   0/6156]  eta: 0:04:17    time: 0.0418  data: 0.0062  max mem: 5880
      ITM Evaluation: [ 100/6156]  eta: 0:04:36    time: 0.0442  data: 0.0000  max mem: 5880
      ITM Evaluation: [ 200/6156]  eta: 0:04:29    time: 0.0441  data: 0.0000  max mem: 5880
      ITM Evaluation: [ 300/6156]  eta: 0:04:23    time: 0.0436  data: 0.0000  max mem: 5880
      ITM Evaluation: [ 400/6156]  eta: 0:04:19    time: 0.0450  data: 0.0000  max mem: 5880
      ITM Evaluation: [ 500/6156]  eta: 0:04:16    time: 0.0469  data: 0.0000  max mem: 5880
      ITM Evaluation: [ 600/6156]  eta: 0:04:11    time: 0.0364  data: 0.0000  max mem: 5880
      ITM Evaluation: [ 700/6156]  eta: 0:04:07    time: 0.0446  data: 0.0000  max mem: 5880
      ITM Evaluation: [ 800/6156]  eta: 0:04:05    time: 0.0537  data: 0.0000  max mem: 5880
      ITM Evaluation: [ 900/6156]  eta: 0:04:00    time: 0.0435  data: 0.0000  max mem: 5880
      ITM Evaluation: [1000/6156]  eta: 0:03:56    time: 0.0453  data: 0.0000  max mem: 5880
      ITM Evaluation: [1100/6156]  eta: 0:03:51    time: 0.0421  data: 0.0000  max mem: 5880
      ITM Evaluation: [1200/6156]  eta: 0:03:46    time: 0.0446  data: 0.0000  max mem: 5880
      ITM Evaluation: [1300/6156]  eta: 0:03:40    time: 0.0437  data: 0.0000  max mem: 5880
      ITM Evaluation: [1400/6156]  eta: 0:03:34    time: 0.0419  data: 0.0000  max mem: 5880
      ITM Evaluation: [1500/6156]  eta: 0:03:30    time: 0.0459  data: 0.0000  max mem: 5880
      ITM Evaluation: [1600/6156]  eta: 0:03:25    time: 0.0431  data: 0.0000  max mem: 5880
      ITM Evaluation: [1700/6156]  eta: 0:03:20    time: 0.0426  data: 0.0000  max mem: 5880
      ITM Evaluation: [1800/6156]  eta: 0:03:15    time: 0.0460  data: 0.0000  max mem: 5880
      ITM Evaluation: [1900/6156]  eta: 0:03:11    time: 0.0485  data: 0.0000  max mem: 5880
      ITM Evaluation: [2000/6156]  eta: 0:03:07    time: 0.0497  data: 0.0000  max mem: 5880
      ITM Evaluation: [2100/6156]  eta: 0:03:03    time: 0.0469  data: 0.0000  max mem: 5880
      ITM Evaluation: [2200/6156]  eta: 0:02:58    time: 0.0461  data: 0.0000  max mem: 5880
      ITM Evaluation: [2300/6156]  eta: 0:02:54    time: 0.0460  data: 0.0000  max mem: 5880
      ITM Evaluation: [2400/6156]  eta: 0:02:50    time: 0.0430  data: 0.0000  max mem: 5880
      ITM Evaluation: [2500/6156]  eta: 0:02:45    time: 0.0427  data: 0.0000  max mem: 5880
      ITM Evaluation: [2600/6156]  eta: 0:02:40    time: 0.0420  data: 0.0000  max mem: 5880
      ITM Evaluation: [2700/6156]  eta: 0:02:35    time: 0.0395  data: 0.0000  max mem: 5880
      ITM Evaluation: [2800/6156]  eta: 0:02:30    time: 0.0408  data: 0.0000  max mem: 5880
      ITM Evaluation: [2900/6156]  eta: 0:02:25    time: 0.0421  data: 0.0000  max mem: 5880
      ITM Evaluation: [3000/6156]  eta: 0:02:21    time: 0.0420  data: 0.0000  max mem: 5880
      ITM Evaluation: [3100/6156]  eta: 0:02:17    time: 0.0447  data: 0.0000  max mem: 5880
      ITM Evaluation: [3200/6156]  eta: 0:02:12    time: 0.0437  data: 0.0000  max mem: 5880
      ITM Evaluation: [3300/6156]  eta: 0:02:07    time: 0.0427  data: 0.0000  max mem: 5880
      ITM Evaluation: [3400/6156]  eta: 0:02:03    time: 0.0399  data: 0.0000  max mem: 5880
      ITM Evaluation: [3500/6156]  eta: 0:01:58    time: 0.0408  data: 0.0000  max mem: 5880
      ITM Evaluation: [3600/6156]  eta: 0:01:53    time: 0.0434  data: 0.0000  max mem: 5880
      ITM Evaluation: [3700/6156]  eta: 0:01:49    time: 0.0430  data: 0.0000  max mem: 5880
      ITM Evaluation: [3800/6156]  eta: 0:01:44    time: 0.0409  data: 0.0000  max mem: 5880
      ITM Evaluation: [3900/6156]  eta: 0:01:40    time: 0.0423  data: 0.0000  max mem: 5880
      ITM Evaluation: [4000/6156]  eta: 0:01:35    time: 0.0437  data: 0.0000  max mem: 5880
      ITM Evaluation: [4100/6156]  eta: 0:01:31    time: 0.0480  data: 0.0000  max mem: 5880
      ITM Evaluation: [4200/6156]  eta: 0:01:26    time: 0.0483  data: 0.0000  max mem: 5880
      ITM Evaluation: [4300/6156]  eta: 0:01:22    time: 0.0408  data: 0.0000  max mem: 5880
      ITM Evaluation: [4400/6156]  eta: 0:01:18    time: 0.0435  data: 0.0000  max mem: 5880
      ITM Evaluation: [4500/6156]  eta: 0:01:13    time: 0.0415  data: 0.0000  max mem: 5880
      ITM Evaluation: [4600/6156]  eta: 0:01:08    time: 0.0443  data: 0.0000  max mem: 5880
      ITM Evaluation: [4700/6156]  eta: 0:01:04    time: 0.0465  data: 0.0000  max mem: 5880
      ITM Evaluation: [4800/6156]  eta: 0:01:00    time: 0.0446  data: 0.0000  max mem: 5880
      ITM Evaluation: [4900/6156]  eta: 0:00:55    time: 0.0421  data: 0.0000  max mem: 5880
      ITM Evaluation: [5000/6156]  eta: 0:00:51    time: 0.0409  data: 0.0000  max mem: 5880
      ITM Evaluation: [5100/6156]  eta: 0:00:46    time: 0.0497  data: 0.0000  max mem: 5880
      ITM Evaluation: [5200/6156]  eta: 0:00:42    time: 0.0445  data: 0.0000  max mem: 5880
      ITM Evaluation: [5300/6156]  eta: 0:00:37    time: 0.0443  data: 0.0000  max mem: 5880
      ITM Evaluation: [5400/6156]  eta: 0:00:33    time: 0.0432  data: 0.0000  max mem: 5880
      ITM Evaluation: [5500/6156]  eta: 0:00:29    time: 0.0429  data: 0.0000  max mem: 5880
      ITM Evaluation: [5600/6156]  eta: 0:00:24    time: 0.0436  data: 0.0000  max mem: 5880
      ITM Evaluation: [5700/6156]  eta: 0:00:20    time: 0.0400  data: 0.0000  max mem: 5880
      ITM Evaluation: [5800/6156]  eta: 0:00:15    time: 0.0416  data: 0.0000  max mem: 5880
      ITM Evaluation: [5900/6156]  eta: 0:00:11    time: 0.0414  data: 0.0000  max mem: 5880
      ITM Evaluation: [6000/6156]  eta: 0:00:06    time: 0.0418  data: 0.0000  max mem: 5880
      ITM Evaluation: [6100/6156]  eta: 0:00:02    time: 0.0412  data: 0.0000  max mem: 5880
      ITM Evaluation: [6155/6156]  eta: 0:00:00    time: 0.0491  data: 0.0000  max mem: 5880
      ITM Evaluation: Total time: 0:04:32 (0.0443 s / it)
     total_time 272.5474011898041
     Computing matching score time 0:04:32
### TTA ITM Score: 
+-------+--------+--------+--------+--------+--------+
| epoch |   R1   |   R5   |  R10   |  mAP   |  mINP  |
+-------+--------+--------+--------+--------+--------+
|  -999 | 70.760 | 87.378 | 92.268 | 63.849 | 48.174 |
|  -999 | 76.170 | 89.457 | 93.600 | 65.570 | 47.372 |
|   0   | 76.121 | 89.392 | 93.648 | 65.612 | 47.503 |
|   1   | 75.861 | 89.311 | 93.746 | 65.595 | 47.734 |
|   2   | 75.747 | 89.311 | 93.502 | 65.687 | 48.070 |
|   3   | 75.357 | 89.149 | 93.324 | 65.673 | 48.272 |
|   4   | 74.903 | 88.921 | 93.080 | 65.459 | 48.277 |
|   5   | 74.659 | 88.840 | 92.950 | 65.240 | 48.116 |
|   6   | 74.399 | 88.840 | 92.836 | 65.089 | 47.958 |
|   7   | 74.285 | 88.759 | 92.739 | 64.966 | 47.814 |
|   8   | 74.220 | 88.710 | 92.739 | 64.923 | 47.791 |
|   9   | 74.172 | 88.678 | 92.658 | 64.885 | 47.756 |
|   10  | 74.237 | 88.678 | 92.641 | 64.866 | 47.717 |
+-------+--------+--------+--------+--------+--------+
     logs:  {'epo': 10, 'R1': 74.237, 'R5': 88.678, 'R10': 92.641, 'mAP': 64.866, 'mINP': 47.717, 'lr': 3.5e-05, 'entropy': 0.252295, 'loss': 0.252295}
      TTA Epoch: [11] [ 0/54]  eta: 0:00:54  lr: 0.000034  entropy: 0.2014  loss: 0.2014  time: 1.0099  data: 0.9251  max mem: 5880
      TTA Epoch: [11] [53/54]  eta: 0:00:00  lr: 0.000032  entropy: 0.2352  loss: 0.2352  time: 0.0553  data: 0.0002  max mem: 5880
      TTA Epoch: [11] Total time: 0:00:04 (0.0781 s / it)
     Averaged stats: lr: 0.0000  entropy: 0.2489  loss: 0.2489
     itm tta time 0:00:04
     Computing matching score
      ITM Evaluation: [   0/6156]  eta: 0:04:48    time: 0.0468  data: 0.0076  max mem: 5880
      ITM Evaluation: [ 100/6156]  eta: 0:04:35    time: 0.0451  data: 0.0000  max mem: 5880
      ITM Evaluation: [ 200/6156]  eta: 0:04:28    time: 0.0464  data: 0.0000  max mem: 5880
      ITM Evaluation: [ 300/6156]  eta: 0:04:20    time: 0.0417  data: 0.0000  max mem: 5880
      ITM Evaluation: [ 400/6156]  eta: 0:04:13    time: 0.0396  data: 0.0000  max mem: 5880
      ITM Evaluation: [ 500/6156]  eta: 0:04:07    time: 0.0443  data: 0.0000  max mem: 5880
      ITM Evaluation: [ 600/6156]  eta: 0:04:02    time: 0.0427  data: 0.0000  max mem: 5880
      ITM Evaluation: [ 700/6156]  eta: 0:03:57    time: 0.0439  data: 0.0000  max mem: 5880
      ITM Evaluation: [ 800/6156]  eta: 0:03:53    time: 0.0416  data: 0.0000  max mem: 5880
      ITM Evaluation: [ 900/6156]  eta: 0:03:50    time: 0.0475  data: 0.0000  max mem: 5880
      ITM Evaluation: [1000/6156]  eta: 0:03:46    time: 0.0424  data: 0.0000  max mem: 5880
      ITM Evaluation: [1100/6156]  eta: 0:03:42    time: 0.0446  data: 0.0000  max mem: 5880
      ITM Evaluation: [1200/6156]  eta: 0:03:37    time: 0.0375  data: 0.0000  max mem: 5880
      ITM Evaluation: [1300/6156]  eta: 0:03:31    time: 0.0447  data: 0.0000  max mem: 5880
      ITM Evaluation: [1400/6156]  eta: 0:03:26    time: 0.0446  data: 0.0000  max mem: 5880
      ITM Evaluation: [1500/6156]  eta: 0:03:21    time: 0.0423  data: 0.0000  max mem: 5880
      ITM Evaluation: [1600/6156]  eta: 0:03:16    time: 0.0425  data: 0.0000  max mem: 5880
      ITM Evaluation: [1700/6156]  eta: 0:03:11    time: 0.0394  data: 0.0000  max mem: 5880
      ITM Evaluation: [1800/6156]  eta: 0:03:06    time: 0.0384  data: 0.0000  max mem: 5880
      ITM Evaluation: [1900/6156]  eta: 0:03:01    time: 0.0429  data: 0.0000  max mem: 5880
      ITM Evaluation: [2000/6156]  eta: 0:02:56    time: 0.0427  data: 0.0000  max mem: 5880
      ITM Evaluation: [2100/6156]  eta: 0:02:52    time: 0.0437  data: 0.0000  max mem: 5880
      ITM Evaluation: [2200/6156]  eta: 0:02:47    time: 0.0398  data: 0.0000  max mem: 5880
      ITM Evaluation: [2300/6156]  eta: 0:02:43    time: 0.0405  data: 0.0000  max mem: 5880
      ITM Evaluation: [2400/6156]  eta: 0:02:38    time: 0.0442  data: 0.0000  max mem: 5880
      ITM Evaluation: [2500/6156]  eta: 0:02:34    time: 0.0435  data: 0.0000  max mem: 5880
      ITM Evaluation: [2600/6156]  eta: 0:02:30    time: 0.0405  data: 0.0000  max mem: 5880
      ITM Evaluation: [2700/6156]  eta: 0:02:26    time: 0.0424  data: 0.0000  max mem: 5880
      ITM Evaluation: [2800/6156]  eta: 0:02:22    time: 0.0400  data: 0.0000  max mem: 5880
      ITM Evaluation: [2900/6156]  eta: 0:02:17    time: 0.0422  data: 0.0000  max mem: 5880
      ITM Evaluation: [3000/6156]  eta: 0:02:13    time: 0.0401  data: 0.0000  max mem: 5880
      ITM Evaluation: [3100/6156]  eta: 0:02:09    time: 0.0446  data: 0.0000  max mem: 5880
      ITM Evaluation: [3200/6156]  eta: 0:02:04    time: 0.0374  data: 0.0000  max mem: 5880
      ITM Evaluation: [3300/6156]  eta: 0:02:00    time: 0.0366  data: 0.0000  max mem: 5880
      ITM Evaluation: [3400/6156]  eta: 0:01:55    time: 0.0376  data: 0.0000  max mem: 5880
      ITM Evaluation: [3500/6156]  eta: 0:01:51    time: 0.0416  data: 0.0000  max mem: 5880
      ITM Evaluation: [3600/6156]  eta: 0:01:47    time: 0.0437  data: 0.0000  max mem: 5880
      ITM Evaluation: [3700/6156]  eta: 0:01:43    time: 0.0482  data: 0.0000  max mem: 5880
      ITM Evaluation: [3800/6156]  eta: 0:01:39    time: 0.0416  data: 0.0000  max mem: 5880
      ITM Evaluation: [3900/6156]  eta: 0:01:34    time: 0.0420  data: 0.0000  max mem: 5880
      ITM Evaluation: [4000/6156]  eta: 0:01:30    time: 0.0392  data: 0.0000  max mem: 5880
      ITM Evaluation: [4100/6156]  eta: 0:01:26    time: 0.0392  data: 0.0000  max mem: 5880
      ITM Evaluation: [4200/6156]  eta: 0:01:22    time: 0.0402  data: 0.0000  max mem: 5880
      ITM Evaluation: [4300/6156]  eta: 0:01:17    time: 0.0429  data: 0.0000  max mem: 5880
      ITM Evaluation: [4400/6156]  eta: 0:01:13    time: 0.0393  data: 0.0000  max mem: 5880
      ITM Evaluation: [4500/6156]  eta: 0:01:09    time: 0.0401  data: 0.0000  max mem: 5880
      ITM Evaluation: [4600/6156]  eta: 0:01:05    time: 0.0432  data: 0.0000  max mem: 5880
      ITM Evaluation: [4700/6156]  eta: 0:01:00    time: 0.0428  data: 0.0000  max mem: 5880
      ITM Evaluation: [4800/6156]  eta: 0:00:56    time: 0.0415  data: 0.0000  max mem: 5880
      ITM Evaluation: [4900/6156]  eta: 0:00:52    time: 0.0432  data: 0.0000  max mem: 5880
      ITM Evaluation: [5000/6156]  eta: 0:00:48    time: 0.0398  data: 0.0000  max mem: 5880
      ITM Evaluation: [5100/6156]  eta: 0:00:44    time: 0.0394  data: 0.0000  max mem: 5880
      ITM Evaluation: [5200/6156]  eta: 0:00:39    time: 0.0409  data: 0.0000  max mem: 5880
      ITM Evaluation: [5300/6156]  eta: 0:00:35    time: 0.0427  data: 0.0000  max mem: 5880
      ITM Evaluation: [5400/6156]  eta: 0:00:31    time: 0.0423  data: 0.0000  max mem: 5880
      ITM Evaluation: [5500/6156]  eta: 0:00:27    time: 0.0416  data: 0.0000  max mem: 5880
      ITM Evaluation: [5600/6156]  eta: 0:00:23    time: 0.0378  data: 0.0000  max mem: 5880
      ITM Evaluation: [5700/6156]  eta: 0:00:18    time: 0.0378  data: 0.0000  max mem: 5880
      ITM Evaluation: [5800/6156]  eta: 0:00:14    time: 0.0420  data: 0.0000  max mem: 5880
      ITM Evaluation: [5900/6156]  eta: 0:00:10    time: 0.0417  data: 0.0000  max mem: 5880
      ITM Evaluation: [6000/6156]  eta: 0:00:06    time: 0.0413  data: 0.0000  max mem: 5880
      ITM Evaluation: [6100/6156]  eta: 0:00:02    time: 0.0429  data: 0.0000  max mem: 5880
      ITM Evaluation: [6155/6156]  eta: 0:00:00    time: 0.0401  data: 0.0000  max mem: 5880
      ITM Evaluation: Total time: 0:04:15 (0.0415 s / it)
     total_time 255.62240290641785
     Computing matching score time 0:04:15
### TTA ITM Score: 
+-------+--------+--------+--------+--------+--------+
| epoch |   R1   |   R5   |  R10   |  mAP   |  mINP  |
+-------+--------+--------+--------+--------+--------+
|  -999 | 70.760 | 87.378 | 92.268 | 63.849 | 48.174 |
|  -999 | 76.170 | 89.457 | 93.600 | 65.570 | 47.372 |
|   0   | 76.121 | 89.392 | 93.648 | 65.612 | 47.503 |
|   1   | 75.861 | 89.311 | 93.746 | 65.595 | 47.734 |
|   2   | 75.747 | 89.311 | 93.502 | 65.687 | 48.070 |
|   3   | 75.357 | 89.149 | 93.324 | 65.673 | 48.272 |
|   4   | 74.903 | 88.921 | 93.080 | 65.459 | 48.277 |
|   5   | 74.659 | 88.840 | 92.950 | 65.240 | 48.116 |
|   6   | 74.399 | 88.840 | 92.836 | 65.089 | 47.958 |
|   7   | 74.285 | 88.759 | 92.739 | 64.966 | 47.814 |
|   8   | 74.220 | 88.710 | 92.739 | 64.923 | 47.791 |
|   9   | 74.172 | 88.678 | 92.658 | 64.885 | 47.756 |
|   10  | 74.237 | 88.678 | 92.641 | 64.866 | 47.717 |
|   11  | 74.204 | 88.564 | 92.625 | 64.832 | 47.677 |
+-------+--------+--------+--------+--------+--------+
     logs:  {'epo': 11, 'R1': 74.204, 'R5': 88.564, 'R10': 92.625, 'mAP': 64.832, 'mINP': 47.677, 'lr': 3.3e-05, 'entropy': 0.248888, 'loss': 0.248888}
      TTA Epoch: [12] [ 0/54]  eta: 0:00:55  lr: 0.000032  entropy: 0.3120  loss: 0.3120  time: 1.0318  data: 0.9246  max mem: 5880
      TTA Epoch: [12] [53/54]  eta: 0:00:00  lr: 0.000012  entropy: 0.2383  loss: 0.2383  time: 0.0542  data: 0.0002  max mem: 5880
      TTA Epoch: [12] Total time: 0:00:04 (0.0832 s / it)
     Averaged stats: lr: 0.0000  entropy: 0.2480  loss: 0.2480
     itm tta time 0:00:04
     Computing matching score
      ITM Evaluation: [   0/6156]  eta: 0:05:02    time: 0.0491  data: 0.0042  max mem: 5880
      ITM Evaluation: [ 100/6156]  eta: 0:04:10    time: 0.0422  data: 0.0000  max mem: 5880
      ITM Evaluation: [ 200/6156]  eta: 0:04:06    time: 0.0424  data: 0.0000  max mem: 5880
      ITM Evaluation: [ 300/6156]  eta: 0:04:05    time: 0.0444  data: 0.0000  max mem: 5880
      ITM Evaluation: [ 400/6156]  eta: 0:04:00    time: 0.0419  data: 0.0000  max mem: 5880
      ITM Evaluation: [ 500/6156]  eta: 0:03:56    time: 0.0404  data: 0.0000  max mem: 5880
      ITM Evaluation: [ 600/6156]  eta: 0:03:52    time: 0.0412  data: 0.0000  max mem: 5880
      ITM Evaluation: [ 700/6156]  eta: 0:03:48    time: 0.0393  data: 0.0000  max mem: 5880
      ITM Evaluation: [ 800/6156]  eta: 0:03:44    time: 0.0419  data: 0.0000  max mem: 5880
      ITM Evaluation: [ 900/6156]  eta: 0:03:40    time: 0.0422  data: 0.0000  max mem: 5880
      ITM Evaluation: [1000/6156]  eta: 0:03:37    time: 0.0433  data: 0.0000  max mem: 5880
      ITM Evaluation: [1100/6156]  eta: 0:03:32    time: 0.0429  data: 0.0000  max mem: 5880
      ITM Evaluation: [1200/6156]  eta: 0:03:28    time: 0.0429  data: 0.0000  max mem: 5880
      ITM Evaluation: [1300/6156]  eta: 0:03:24    time: 0.0393  data: 0.0000  max mem: 5880
      ITM Evaluation: [1400/6156]  eta: 0:03:19    time: 0.0433  data: 0.0000  max mem: 5880
      ITM Evaluation: [1500/6156]  eta: 0:03:15    time: 0.0434  data: 0.0000  max mem: 5880
      ITM Evaluation: [1600/6156]  eta: 0:03:10    time: 0.0399  data: 0.0000  max mem: 5880
      ITM Evaluation: [1700/6156]  eta: 0:03:05    time: 0.0379  data: 0.0000  max mem: 5880
      ITM Evaluation: [1800/6156]  eta: 0:03:00    time: 0.0382  data: 0.0000  max mem: 5880
      ITM Evaluation: [1900/6156]  eta: 0:02:55    time: 0.0395  data: 0.0000  max mem: 5880
      ITM Evaluation: [2000/6156]  eta: 0:02:51    time: 0.0407  data: 0.0000  max mem: 5880
      ITM Evaluation: [2100/6156]  eta: 0:02:47    time: 0.0410  data: 0.0000  max mem: 5880
      ITM Evaluation: [2200/6156]  eta: 0:02:43    time: 0.0415  data: 0.0000  max mem: 5880
      ITM Evaluation: [2300/6156]  eta: 0:02:39    time: 0.0434  data: 0.0000  max mem: 5880
      ITM Evaluation: [2400/6156]  eta: 0:02:35    time: 0.0419  data: 0.0000  max mem: 5880
      ITM Evaluation: [2500/6156]  eta: 0:02:31    time: 0.0390  data: 0.0000  max mem: 5880
      ITM Evaluation: [2600/6156]  eta: 0:02:26    time: 0.0404  data: 0.0000  max mem: 5880
      ITM Evaluation: [2700/6156]  eta: 0:02:22    time: 0.0404  data: 0.0000  max mem: 5880
      ITM Evaluation: [2800/6156]  eta: 0:02:18    time: 0.0431  data: 0.0000  max mem: 5880
      ITM Evaluation: [2900/6156]  eta: 0:02:14    time: 0.0396  data: 0.0000  max mem: 5880
      ITM Evaluation: [3000/6156]  eta: 0:02:11    time: 0.0443  data: 0.0000  max mem: 5880
      ITM Evaluation: [3100/6156]  eta: 0:02:06    time: 0.0462  data: 0.0000  max mem: 5880
      ITM Evaluation: [3200/6156]  eta: 0:02:03    time: 0.0477  data: 0.0000  max mem: 5880
      ITM Evaluation: [3300/6156]  eta: 0:01:59    time: 0.0483  data: 0.0000  max mem: 5880
      ITM Evaluation: [3400/6156]  eta: 0:01:55    time: 0.0383  data: 0.0000  max mem: 5880
      ITM Evaluation: [3500/6156]  eta: 0:01:51    time: 0.0396  data: 0.0000  max mem: 5880
      ITM Evaluation: [3600/6156]  eta: 0:01:46    time: 0.0426  data: 0.0000  max mem: 5880
      ITM Evaluation: [3700/6156]  eta: 0:01:42    time: 0.0380  data: 0.0000  max mem: 5880
      ITM Evaluation: [3800/6156]  eta: 0:01:38    time: 0.0396  data: 0.0000  max mem: 5880
      ITM Evaluation: [3900/6156]  eta: 0:01:34    time: 0.0412  data: 0.0000  max mem: 5880
      ITM Evaluation: [4000/6156]  eta: 0:01:29    time: 0.0413  data: 0.0000  max mem: 5880
      ITM Evaluation: [4100/6156]  eta: 0:01:25    time: 0.0375  data: 0.0000  max mem: 5880
      ITM Evaluation: [4200/6156]  eta: 0:01:21    time: 0.0385  data: 0.0000  max mem: 5880
      ITM Evaluation: [4300/6156]  eta: 0:01:16    time: 0.0376  data: 0.0000  max mem: 5880
      ITM Evaluation: [4400/6156]  eta: 0:01:12    time: 0.0433  data: 0.0000  max mem: 5880
      ITM Evaluation: [4500/6156]  eta: 0:01:08    time: 0.0440  data: 0.0000  max mem: 5880
      ITM Evaluation: [4600/6156]  eta: 0:01:04    time: 0.0417  data: 0.0000  max mem: 5880
      ITM Evaluation: [4700/6156]  eta: 0:01:00    time: 0.0432  data: 0.0000  max mem: 5880
      ITM Evaluation: [4800/6156]  eta: 0:00:56    time: 0.0438  data: 0.0000  max mem: 5880
      ITM Evaluation: [4900/6156]  eta: 0:00:52    time: 0.0419  data: 0.0000  max mem: 5880
      ITM Evaluation: [5000/6156]  eta: 0:00:48    time: 0.0457  data: 0.0000  max mem: 5880
      ITM Evaluation: [5100/6156]  eta: 0:00:43    time: 0.0447  data: 0.0000  max mem: 5880
      ITM Evaluation: [5200/6156]  eta: 0:00:39    time: 0.0420  data: 0.0000  max mem: 5880
      ITM Evaluation: [5300/6156]  eta: 0:00:35    time: 0.0429  data: 0.0000  max mem: 5880
      ITM Evaluation: [5400/6156]  eta: 0:00:31    time: 0.0410  data: 0.0000  max mem: 5880
      ITM Evaluation: [5500/6156]  eta: 0:00:27    time: 0.0447  data: 0.0000  max mem: 5880
      ITM Evaluation: [5600/6156]  eta: 0:00:23    time: 0.0433  data: 0.0000  max mem: 5880
      ITM Evaluation: [5700/6156]  eta: 0:00:19    time: 0.0427  data: 0.0000  max mem: 5880
      ITM Evaluation: [5800/6156]  eta: 0:00:14    time: 0.0426  data: 0.0000  max mem: 5880
      ITM Evaluation: [5900/6156]  eta: 0:00:10    time: 0.0417  data: 0.0000  max mem: 5880
      ITM Evaluation: [6000/6156]  eta: 0:00:06    time: 0.0427  data: 0.0000  max mem: 5880
      ITM Evaluation: [6100/6156]  eta: 0:00:02    time: 0.0438  data: 0.0000  max mem: 5880
      ITM Evaluation: [6155/6156]  eta: 0:00:00    time: 0.0481  data: 0.0000  max mem: 5880
      ITM Evaluation: Total time: 0:04:17 (0.0418 s / it)
     total_time 257.5252206325531
     Computing matching score time 0:04:17
### TTA ITM Score: 
+-------+--------+--------+--------+--------+--------+
| epoch |   R1   |   R5   |  R10   |  mAP   |  mINP  |
+-------+--------+--------+--------+--------+--------+
|  -999 | 70.760 | 87.378 | 92.268 | 63.849 | 48.174 |
|  -999 | 76.170 | 89.457 | 93.600 | 65.570 | 47.372 |
|   0   | 76.121 | 89.392 | 93.648 | 65.612 | 47.503 |
|   1   | 75.861 | 89.311 | 93.746 | 65.595 | 47.734 |
|   2   | 75.747 | 89.311 | 93.502 | 65.687 | 48.070 |
|   3   | 75.357 | 89.149 | 93.324 | 65.673 | 48.272 |
|   4   | 74.903 | 88.921 | 93.080 | 65.459 | 48.277 |
|   5   | 74.659 | 88.840 | 92.950 | 65.240 | 48.116 |
|   6   | 74.399 | 88.840 | 92.836 | 65.089 | 47.958 |
|   7   | 74.285 | 88.759 | 92.739 | 64.966 | 47.814 |
|   8   | 74.220 | 88.710 | 92.739 | 64.923 | 47.791 |
|   9   | 74.172 | 88.678 | 92.658 | 64.885 | 47.756 |
|   10  | 74.237 | 88.678 | 92.641 | 64.866 | 47.717 |
|   11  | 74.204 | 88.564 | 92.625 | 64.832 | 47.677 |
|   12  | 74.204 | 88.515 | 92.609 | 64.809 | 47.651 |
+-------+--------+--------+--------+--------+--------+
     logs:  {'epo': 12, 'R1': 74.204, 'R5': 88.515, 'R10': 92.609, 'mAP': 64.809, 'mINP': 47.651, 'lr': 3e-05, 'entropy': 0.247953, 'loss': 0.247953}
      TTA Epoch: [13] [ 0/54]  eta: 0:00:43  lr: 0.000012  entropy: 0.3688  loss: 0.3688  time: 0.8017  data: 0.7021  max mem: 5880
      TTA Epoch: [13] [53/54]  eta: 0:00:00  lr: 0.000012  entropy: 0.3163  loss: 0.3163  time: 0.0513  data: 0.0001  max mem: 5880
      TTA Epoch: [13] Total time: 0:00:03 (0.0681 s / it)
     Averaged stats: lr: 0.0000  entropy: 0.2491  loss: 0.2491
     itm tta time 0:00:03
     Computing matching score
      ITM Evaluation: [   0/6156]  eta: 0:04:00    time: 0.0391  data: 0.0065  max mem: 5880
      ITM Evaluation: [ 100/6156]  eta: 0:04:21    time: 0.0431  data: 0.0000  max mem: 5880
      ITM Evaluation: [ 200/6156]  eta: 0:04:10    time: 0.0424  data: 0.0000  max mem: 5880
      ITM Evaluation: [ 300/6156]  eta: 0:04:03    time: 0.0397  data: 0.0000  max mem: 5880
      ITM Evaluation: [ 400/6156]  eta: 0:03:55    time: 0.0383  data: 0.0000  max mem: 5880
      ITM Evaluation: [ 500/6156]  eta: 0:03:49    time: 0.0400  data: 0.0000  max mem: 5880
      ITM Evaluation: [ 600/6156]  eta: 0:03:44    time: 0.0402  data: 0.0000  max mem: 5880
      ITM Evaluation: [ 700/6156]  eta: 0:03:41    time: 0.0438  data: 0.0000  max mem: 5880
      ITM Evaluation: [ 800/6156]  eta: 0:03:38    time: 0.0403  data: 0.0000  max mem: 5880
      ITM Evaluation: [ 900/6156]  eta: 0:03:34    time: 0.0413  data: 0.0000  max mem: 5880
      ITM Evaluation: [1000/6156]  eta: 0:03:29    time: 0.0391  data: 0.0000  max mem: 5880
      ITM Evaluation: [1100/6156]  eta: 0:03:25    time: 0.0414  data: 0.0000  max mem: 5880
      ITM Evaluation: [1200/6156]  eta: 0:03:21    time: 0.0420  data: 0.0000  max mem: 5880
      ITM Evaluation: [1300/6156]  eta: 0:03:17    time: 0.0408  data: 0.0000  max mem: 5880
      ITM Evaluation: [1400/6156]  eta: 0:03:14    time: 0.0410  data: 0.0000  max mem: 5880
      ITM Evaluation: [1500/6156]  eta: 0:03:10    time: 0.0403  data: 0.0000  max mem: 5880
      ITM Evaluation: [1600/6156]  eta: 0:03:06    time: 0.0427  data: 0.0000  max mem: 5880
      ITM Evaluation: [1700/6156]  eta: 0:03:02    time: 0.0410  data: 0.0000  max mem: 5880
      ITM Evaluation: [1800/6156]  eta: 0:02:58    time: 0.0412  data: 0.0000  max mem: 5880
      ITM Evaluation: [1900/6156]  eta: 0:02:54    time: 0.0400  data: 0.0000  max mem: 5880
      ITM Evaluation: [2000/6156]  eta: 0:02:49    time: 0.0379  data: 0.0000  max mem: 5880
      ITM Evaluation: [2100/6156]  eta: 0:02:45    time: 0.0445  data: 0.0000  max mem: 5880
      ITM Evaluation: [2200/6156]  eta: 0:02:41    time: 0.0386  data: 0.0000  max mem: 5880
      ITM Evaluation: [2300/6156]  eta: 0:02:37    time: 0.0400  data: 0.0000  max mem: 5880
      ITM Evaluation: [2400/6156]  eta: 0:02:33    time: 0.0420  data: 0.0000  max mem: 5880
      ITM Evaluation: [2500/6156]  eta: 0:02:29    time: 0.0399  data: 0.0000  max mem: 5880
      ITM Evaluation: [2600/6156]  eta: 0:02:25    time: 0.0411  data: 0.0000  max mem: 5880
      ITM Evaluation: [2700/6156]  eta: 0:02:21    time: 0.0420  data: 0.0000  max mem: 5880
      ITM Evaluation: [2800/6156]  eta: 0:02:18    time: 0.0661  data: 0.0000  max mem: 5880
      ITM Evaluation: [2900/6156]  eta: 0:02:13    time: 0.0361  data: 0.0000  max mem: 5880
      ITM Evaluation: [3000/6156]  eta: 0:02:08    time: 0.0346  data: 0.0000  max mem: 5880
      ITM Evaluation: [3100/6156]  eta: 0:02:04    time: 0.0357  data: 0.0000  max mem: 5880
      ITM Evaluation: [3200/6156]  eta: 0:01:59    time: 0.0350  data: 0.0000  max mem: 5880
      ITM Evaluation: [3300/6156]  eta: 0:01:54    time: 0.0356  data: 0.0000  max mem: 5880
      ITM Evaluation: [3400/6156]  eta: 0:01:50    time: 0.0385  data: 0.0000  max mem: 5880
      ITM Evaluation: [3500/6156]  eta: 0:01:46    time: 0.0384  data: 0.0000  max mem: 5880
      ITM Evaluation: [3600/6156]  eta: 0:01:42    time: 0.0365  data: 0.0000  max mem: 5880
      ITM Evaluation: [3700/6156]  eta: 0:01:37    time: 0.0356  data: 0.0000  max mem: 5880
      ITM Evaluation: [3800/6156]  eta: 0:01:33    time: 0.0350  data: 0.0000  max mem: 5880
      ITM Evaluation: [3900/6156]  eta: 0:01:30    time: 0.0403  data: 0.0000  max mem: 5880
      ITM Evaluation: [4000/6156]  eta: 0:01:26    time: 0.0410  data: 0.0000  max mem: 5880
      ITM Evaluation: [4100/6156]  eta: 0:01:22    time: 0.0366  data: 0.0000  max mem: 5880
      ITM Evaluation: [4200/6156]  eta: 0:01:17    time: 0.0380  data: 0.0000  max mem: 5880
      ITM Evaluation: [4300/6156]  eta: 0:01:13    time: 0.0376  data: 0.0000  max mem: 5880
      ITM Evaluation: [4400/6156]  eta: 0:01:09    time: 0.0376  data: 0.0000  max mem: 5880
      ITM Evaluation: [4500/6156]  eta: 0:01:05    time: 0.0360  data: 0.0000  max mem: 5880
      ITM Evaluation: [4600/6156]  eta: 0:01:01    time: 0.0516  data: 0.0000  max mem: 5880
      ITM Evaluation: [4700/6156]  eta: 0:00:57    time: 0.0400  data: 0.0000  max mem: 5880
      ITM Evaluation: [4800/6156]  eta: 0:00:53    time: 0.0460  data: 0.0000  max mem: 5880
      ITM Evaluation: [4900/6156]  eta: 0:00:50    time: 0.0417  data: 0.0000  max mem: 5880
      ITM Evaluation: [5000/6156]  eta: 0:00:46    time: 0.0435  data: 0.0000  max mem: 5880
      ITM Evaluation: [5100/6156]  eta: 0:00:42    time: 0.0458  data: 0.0000  max mem: 5880
      ITM Evaluation: [5200/6156]  eta: 0:00:38    time: 0.0443  data: 0.0000  max mem: 5880
      ITM Evaluation: [5300/6156]  eta: 0:00:34    time: 0.0422  data: 0.0000  max mem: 5880
      ITM Evaluation: [5400/6156]  eta: 0:00:30    time: 0.0386  data: 0.0000  max mem: 5880
      ITM Evaluation: [5500/6156]  eta: 0:00:26    time: 0.0383  data: 0.0000  max mem: 5880
      ITM Evaluation: [5600/6156]  eta: 0:00:22    time: 0.0362  data: 0.0000  max mem: 5880
      ITM Evaluation: [5700/6156]  eta: 0:00:18    time: 0.0423  data: 0.0000  max mem: 5880
      ITM Evaluation: [5800/6156]  eta: 0:00:14    time: 0.0408  data: 0.0000  max mem: 5880
      ITM Evaluation: [5900/6156]  eta: 0:00:10    time: 0.0386  data: 0.0000  max mem: 5880
      ITM Evaluation: [6000/6156]  eta: 0:00:06    time: 0.0407  data: 0.0000  max mem: 5880
      ITM Evaluation: [6100/6156]  eta: 0:00:02    time: 0.0421  data: 0.0000  max mem: 5880
      ITM Evaluation: [6155/6156]  eta: 0:00:00    time: 0.0424  data: 0.0000  max mem: 5880
      ITM Evaluation: Total time: 0:04:06 (0.0401 s / it)
     total_time 246.88399481773376
     Computing matching score time 0:04:06
### TTA ITM Score: 
+-------+--------+--------+--------+--------+--------+
| epoch |   R1   |   R5   |  R10   |  mAP   |  mINP  |
+-------+--------+--------+--------+--------+--------+
|  -999 | 70.760 | 87.378 | 92.268 | 63.849 | 48.174 |
|  -999 | 76.170 | 89.457 | 93.600 | 65.570 | 47.372 |
|   0   | 76.121 | 89.392 | 93.648 | 65.612 | 47.503 |
|   1   | 75.861 | 89.311 | 93.746 | 65.595 | 47.734 |
|   2   | 75.747 | 89.311 | 93.502 | 65.687 | 48.070 |
|   3   | 75.357 | 89.149 | 93.324 | 65.673 | 48.272 |
|   4   | 74.903 | 88.921 | 93.080 | 65.459 | 48.277 |
|   5   | 74.659 | 88.840 | 92.950 | 65.240 | 48.116 |
|   6   | 74.399 | 88.840 | 92.836 | 65.089 | 47.958 |
|   7   | 74.285 | 88.759 | 92.739 | 64.966 | 47.814 |
|   8   | 74.220 | 88.710 | 92.739 | 64.923 | 47.791 |
|   9   | 74.172 | 88.678 | 92.658 | 64.885 | 47.756 |
|   10  | 74.237 | 88.678 | 92.641 | 64.866 | 47.717 |
|   11  | 74.204 | 88.564 | 92.625 | 64.832 | 47.677 |
|   12  | 74.204 | 88.515 | 92.609 | 64.809 | 47.651 |
|   13  | 74.204 | 88.532 | 92.593 | 64.800 | 47.638 |
+-------+--------+--------+--------+--------+--------+
     logs:  {'epo': 13, 'R1': 74.204, 'R5': 88.532, 'R10': 92.593, 'mAP': 64.8, 'mINP': 47.638, 'lr': 1.2e-05, 'entropy': 0.24905, 'loss': 0.24905}
      TTA Epoch: [14] [ 0/54]  eta: 0:00:48  lr: 0.000012  entropy: 0.1851  loss: 0.1851  time: 0.8943  data: 0.7686  max mem: 5880
      TTA Epoch: [14] [53/54]  eta: 0:00:00  lr: 0.000011  entropy: 0.2797  loss: 0.2797  time: 0.0524  data: 0.0002  max mem: 5880
      TTA Epoch: [14] Total time: 0:00:03 (0.0710 s / it)
     Averaged stats: lr: 0.0000  entropy: 0.2411  loss: 0.2411
     itm tta time 0:00:04
     Computing matching score
      ITM Evaluation: [   0/6156]  eta: 0:03:54    time: 0.0380  data: 0.0054  max mem: 5880
      ITM Evaluation: [ 100/6156]  eta: 0:04:08    time: 0.0396  data: 0.0000  max mem: 5880
      ITM Evaluation: [ 200/6156]  eta: 0:04:03    time: 0.0406  data: 0.0000  max mem: 5880
      ITM Evaluation: [ 300/6156]  eta: 0:04:02    time: 0.0426  data: 0.0000  max mem: 5880
      ITM Evaluation: [ 400/6156]  eta: 0:03:58    time: 0.0411  data: 0.0000  max mem: 5880
      ITM Evaluation: [ 500/6156]  eta: 0:04:00    time: 0.0514  data: 0.0000  max mem: 5880
      ITM Evaluation: [ 600/6156]  eta: 0:04:00    time: 0.0445  data: 0.0000  max mem: 5880
      ITM Evaluation: [ 700/6156]  eta: 0:03:56    time: 0.0444  data: 0.0000  max mem: 5880
      ITM Evaluation: [ 800/6156]  eta: 0:03:54    time: 0.0463  data: 0.0000  max mem: 5880
      ITM Evaluation: [ 900/6156]  eta: 0:03:48    time: 0.0416  data: 0.0000  max mem: 5880
      ITM Evaluation: [1000/6156]  eta: 0:03:43    time: 0.0472  data: 0.0000  max mem: 5880
      ITM Evaluation: [1100/6156]  eta: 0:03:38    time: 0.0433  data: 0.0000  max mem: 5880
      ITM Evaluation: [1200/6156]  eta: 0:03:33    time: 0.0423  data: 0.0000  max mem: 5880
      ITM Evaluation: [1300/6156]  eta: 0:03:28    time: 0.0421  data: 0.0000  max mem: 5880
      ITM Evaluation: [1400/6156]  eta: 0:03:24    time: 0.0413  data: 0.0000  max mem: 5880
      ITM Evaluation: [1500/6156]  eta: 0:03:19    time: 0.0440  data: 0.0000  max mem: 5880
      ITM Evaluation: [1600/6156]  eta: 0:03:14    time: 0.0411  data: 0.0000  max mem: 5880
      ITM Evaluation: [1700/6156]  eta: 0:03:11    time: 0.0498  data: 0.0000  max mem: 5880
      ITM Evaluation: [1800/6156]  eta: 0:03:06    time: 0.0396  data: 0.0000  max mem: 5880
      ITM Evaluation: [1900/6156]  eta: 0:03:01    time: 0.0389  data: 0.0000  max mem: 5880
      ITM Evaluation: [2000/6156]  eta: 0:02:56    time: 0.0406  data: 0.0000  max mem: 5880
      ITM Evaluation: [2100/6156]  eta: 0:02:52    time: 0.0409  data: 0.0000  max mem: 5880
      ITM Evaluation: [2200/6156]  eta: 0:02:47    time: 0.0414  data: 0.0000  max mem: 5880
      ITM Evaluation: [2300/6156]  eta: 0:02:43    time: 0.0413  data: 0.0000  max mem: 5880
      ITM Evaluation: [2400/6156]  eta: 0:02:39    time: 0.0427  data: 0.0000  max mem: 5880
      ITM Evaluation: [2500/6156]  eta: 0:02:35    time: 0.0442  data: 0.0000  max mem: 5880
      ITM Evaluation: [2600/6156]  eta: 0:02:30    time: 0.0404  data: 0.0000  max mem: 5880
      ITM Evaluation: [2700/6156]  eta: 0:02:26    time: 0.0387  data: 0.0000  max mem: 5880
      ITM Evaluation: [2800/6156]  eta: 0:02:22    time: 0.0407  data: 0.0000  max mem: 5880
      ITM Evaluation: [2900/6156]  eta: 0:02:18    time: 0.0460  data: 0.0000  max mem: 5880
      ITM Evaluation: [3000/6156]  eta: 0:02:13    time: 0.0458  data: 0.0000  max mem: 5880
      ITM Evaluation: [3100/6156]  eta: 0:02:09    time: 0.0420  data: 0.0000  max mem: 5880
      ITM Evaluation: [3200/6156]  eta: 0:02:05    time: 0.0438  data: 0.0000  max mem: 5880
      ITM Evaluation: [3300/6156]  eta: 0:02:01    time: 0.0435  data: 0.0000  max mem: 5880
      ITM Evaluation: [3400/6156]  eta: 0:01:56    time: 0.0414  data: 0.0000  max mem: 5880
      ITM Evaluation: [3500/6156]  eta: 0:01:52    time: 0.0438  data: 0.0000  max mem: 5880
      ITM Evaluation: [3600/6156]  eta: 0:01:48    time: 0.0407  data: 0.0000  max mem: 5880
      ITM Evaluation: [3700/6156]  eta: 0:01:44    time: 0.0443  data: 0.0000  max mem: 5880
      ITM Evaluation: [3800/6156]  eta: 0:01:39    time: 0.0410  data: 0.0000  max mem: 5880
      ITM Evaluation: [3900/6156]  eta: 0:01:35    time: 0.0405  data: 0.0000  max mem: 5880
      ITM Evaluation: [4000/6156]  eta: 0:01:31    time: 0.0441  data: 0.0000  max mem: 5880
      ITM Evaluation: [4100/6156]  eta: 0:01:27    time: 0.0414  data: 0.0000  max mem: 5880
      ITM Evaluation: [4200/6156]  eta: 0:01:22    time: 0.0473  data: 0.0000  max mem: 5880
      ITM Evaluation: [4300/6156]  eta: 0:01:18    time: 0.0378  data: 0.0000  max mem: 5880
      ITM Evaluation: [4400/6156]  eta: 0:01:14    time: 0.0399  data: 0.0000  max mem: 5880
      ITM Evaluation: [4500/6156]  eta: 0:01:09    time: 0.0408  data: 0.0000  max mem: 5880
      ITM Evaluation: [4600/6156]  eta: 0:01:05    time: 0.0444  data: 0.0000  max mem: 5880
      ITM Evaluation: [4700/6156]  eta: 0:01:01    time: 0.0417  data: 0.0000  max mem: 5880
      ITM Evaluation: [4800/6156]  eta: 0:00:57    time: 0.0449  data: 0.0000  max mem: 5880
      ITM Evaluation: [4900/6156]  eta: 0:00:53    time: 0.0502  data: 0.0000  max mem: 5880
      ITM Evaluation: [5000/6156]  eta: 0:00:49    time: 0.0436  data: 0.0000  max mem: 5880
      ITM Evaluation: [5100/6156]  eta: 0:00:45    time: 0.0457  data: 0.0000  max mem: 5880
      ITM Evaluation: [5200/6156]  eta: 0:00:40    time: 0.0462  data: 0.0000  max mem: 5880
      ITM Evaluation: [5300/6156]  eta: 0:00:36    time: 0.0415  data: 0.0000  max mem: 5880
      ITM Evaluation: [5400/6156]  eta: 0:00:32    time: 0.0458  data: 0.0000  max mem: 5880
      ITM Evaluation: [5500/6156]  eta: 0:00:28    time: 0.0453  data: 0.0000  max mem: 5880
      ITM Evaluation: [5600/6156]  eta: 0:00:23    time: 0.0396  data: 0.0000  max mem: 5880
      ITM Evaluation: [5700/6156]  eta: 0:00:19    time: 0.0420  data: 0.0000  max mem: 5880
      ITM Evaluation: [5800/6156]  eta: 0:00:15    time: 0.0429  data: 0.0000  max mem: 5880
      ITM Evaluation: [5900/6156]  eta: 0:00:10    time: 0.0503  data: 0.0000  max mem: 5880
      ITM Evaluation: [6000/6156]  eta: 0:00:06    time: 0.0437  data: 0.0000  max mem: 5880
      ITM Evaluation: [6100/6156]  eta: 0:00:02    time: 0.0479  data: 0.0000  max mem: 5880
      ITM Evaluation: [6155/6156]  eta: 0:00:00    time: 0.0457  data: 0.0000  max mem: 5880
      ITM Evaluation: Total time: 0:04:24 (0.0430 s / it)
     total_time 264.70955181121826
     Computing matching score time 0:04:24
### TTA ITM Score: 
+-------+--------+--------+--------+--------+--------+
| epoch |   R1   |   R5   |  R10   |  mAP   |  mINP  |
+-------+--------+--------+--------+--------+--------+
|  -999 | 70.760 | 87.378 | 92.268 | 63.849 | 48.174 |
|  -999 | 76.170 | 89.457 | 93.600 | 65.570 | 47.372 |
|   0   | 76.121 | 89.392 | 93.648 | 65.612 | 47.503 |
|   1   | 75.861 | 89.311 | 93.746 | 65.595 | 47.734 |
|   2   | 75.747 | 89.311 | 93.502 | 65.687 | 48.070 |
|   3   | 75.357 | 89.149 | 93.324 | 65.673 | 48.272 |
|   4   | 74.903 | 88.921 | 93.080 | 65.459 | 48.277 |
|   5   | 74.659 | 88.840 | 92.950 | 65.240 | 48.116 |
|   6   | 74.399 | 88.840 | 92.836 | 65.089 | 47.958 |
|   7   | 74.285 | 88.759 | 92.739 | 64.966 | 47.814 |
|   8   | 74.220 | 88.710 | 92.739 | 64.923 | 47.791 |
|   9   | 74.172 | 88.678 | 92.658 | 64.885 | 47.756 |
|   10  | 74.237 | 88.678 | 92.641 | 64.866 | 47.717 |
|   11  | 74.204 | 88.564 | 92.625 | 64.832 | 47.677 |
|   12  | 74.204 | 88.515 | 92.609 | 64.809 | 47.651 |
|   13  | 74.204 | 88.532 | 92.593 | 64.800 | 47.638 |
|   14  | 74.204 | 88.515 | 92.576 | 64.784 | 47.626 |
+-------+--------+--------+--------+--------+--------+
     logs:  {'epo': 14, 'R1': 74.204, 'R5': 88.515, 'R10': 92.576, 'mAP': 64.784, 'mINP': 47.626, 'lr': 1.1e-05, 'entropy': 0.241089, 'loss': 0.241089}
      TTA Epoch: [15] [ 0/54]  eta: 0:00:47  lr: 0.000011  entropy: 0.2738  loss: 0.2738  time: 0.8747  data: 0.7697  max mem: 5880
      TTA Epoch: [15] [53/54]  eta: 0:00:00  lr: 0.000010  entropy: 0.2246  loss: 0.2246  time: 0.0501  data: 0.0002  max mem: 5880
      TTA Epoch: [15] Total time: 0:00:03 (0.0722 s / it)
     Averaged stats: lr: 0.0000  entropy: 0.2371  loss: 0.2371
     itm tta time 0:00:04
     Computing matching score
      ITM Evaluation: [   0/6156]  eta: 0:05:12    time: 0.0507  data: 0.0042  max mem: 5880
      ITM Evaluation: [ 100/6156]  eta: 0:04:40    time: 0.0471  data: 0.0000  max mem: 5880
      ITM Evaluation: [ 200/6156]  eta: 0:04:37    time: 0.0447  data: 0.0000  max mem: 5880
      ITM Evaluation: [ 300/6156]  eta: 0:04:26    time: 0.0409  data: 0.0000  max mem: 5880
      ITM Evaluation: [ 400/6156]  eta: 0:04:20    time: 0.0457  data: 0.0000  max mem: 5880
      ITM Evaluation: [ 500/6156]  eta: 0:04:14    time: 0.0456  data: 0.0000  max mem: 5880
      ITM Evaluation: [ 600/6156]  eta: 0:04:08    time: 0.0438  data: 0.0000  max mem: 5880
      ITM Evaluation: [ 700/6156]  eta: 0:04:04    time: 0.0468  data: 0.0000  max mem: 5880
      ITM Evaluation: [ 800/6156]  eta: 0:04:02    time: 0.0495  data: 0.0000  max mem: 5880
      ITM Evaluation: [ 900/6156]  eta: 0:04:00    time: 0.0493  data: 0.0000  max mem: 5880
      ITM Evaluation: [1000/6156]  eta: 0:03:57    time: 0.0425  data: 0.0000  max mem: 5880
      ITM Evaluation: [1100/6156]  eta: 0:03:53    time: 0.0465  data: 0.0000  max mem: 5880
      ITM Evaluation: [1200/6156]  eta: 0:03:47    time: 0.0448  data: 0.0000  max mem: 5880
      ITM Evaluation: [1300/6156]  eta: 0:03:42    time: 0.0465  data: 0.0000  max mem: 5880
      ITM Evaluation: [1400/6156]  eta: 0:03:37    time: 0.0434  data: 0.0000  max mem: 5880
      ITM Evaluation: [1500/6156]  eta: 0:03:32    time: 0.0451  data: 0.0000  max mem: 5880
      ITM Evaluation: [1600/6156]  eta: 0:03:27    time: 0.0424  data: 0.0000  max mem: 5880
      ITM Evaluation: [1700/6156]  eta: 0:03:23    time: 0.0462  data: 0.0000  max mem: 5880
      ITM Evaluation: [1800/6156]  eta: 0:03:19    time: 0.0535  data: 0.0000  max mem: 5880
      ITM Evaluation: [1900/6156]  eta: 0:03:15    time: 0.0449  data: 0.0000  max mem: 5880
      ITM Evaluation: [2000/6156]  eta: 0:03:11    time: 0.0456  data: 0.0000  max mem: 5880
      ITM Evaluation: [2100/6156]  eta: 0:03:06    time: 0.0418  data: 0.0000  max mem: 5880
      ITM Evaluation: [2200/6156]  eta: 0:03:01    time: 0.0441  data: 0.0000  max mem: 5880
      ITM Evaluation: [2300/6156]  eta: 0:02:56    time: 0.0442  data: 0.0000  max mem: 5880
      ITM Evaluation: [2400/6156]  eta: 0:02:52    time: 0.0452  data: 0.0000  max mem: 5880
      ITM Evaluation: [2500/6156]  eta: 0:02:47    time: 0.0435  data: 0.0000  max mem: 5880
      ITM Evaluation: [2600/6156]  eta: 0:02:42    time: 0.0433  data: 0.0000  max mem: 5880
      ITM Evaluation: [2700/6156]  eta: 0:02:38    time: 0.0483  data: 0.0000  max mem: 5880
      ITM Evaluation: [2800/6156]  eta: 0:02:33    time: 0.0469  data: 0.0000  max mem: 5880
      ITM Evaluation: [2900/6156]  eta: 0:02:29    time: 0.0460  data: 0.0000  max mem: 5880
      ITM Evaluation: [3000/6156]  eta: 0:02:24    time: 0.0412  data: 0.0000  max mem: 5880
      ITM Evaluation: [3100/6156]  eta: 0:02:19    time: 0.0433  data: 0.0000  max mem: 5880
      ITM Evaluation: [3200/6156]  eta: 0:02:15    time: 0.0458  data: 0.0000  max mem: 5880
      ITM Evaluation: [3300/6156]  eta: 0:02:10    time: 0.0485  data: 0.0000  max mem: 5880
      ITM Evaluation: [3400/6156]  eta: 0:02:06    time: 0.0420  data: 0.0000  max mem: 5880
      ITM Evaluation: [3500/6156]  eta: 0:02:01    time: 0.0469  data: 0.0000  max mem: 5880
      ITM Evaluation: [3600/6156]  eta: 0:01:56    time: 0.0432  data: 0.0000  max mem: 5880
      ITM Evaluation: [3700/6156]  eta: 0:01:52    time: 0.0435  data: 0.0000  max mem: 5880
      ITM Evaluation: [3800/6156]  eta: 0:01:47    time: 0.0373  data: 0.0000  max mem: 5880
      ITM Evaluation: [3900/6156]  eta: 0:01:42    time: 0.0402  data: 0.0000  max mem: 5880
      ITM Evaluation: [4000/6156]  eta: 0:01:37    time: 0.0424  data: 0.0000  max mem: 5880
      ITM Evaluation: [4100/6156]  eta: 0:01:32    time: 0.0419  data: 0.0000  max mem: 5880
      ITM Evaluation: [4200/6156]  eta: 0:01:28    time: 0.0443  data: 0.0000  max mem: 5880
      ITM Evaluation: [4300/6156]  eta: 0:01:23    time: 0.0462  data: 0.0000  max mem: 5880
      ITM Evaluation: [4400/6156]  eta: 0:01:19    time: 0.0419  data: 0.0000  max mem: 5880
      ITM Evaluation: [4500/6156]  eta: 0:01:14    time: 0.0391  data: 0.0000  max mem: 5880
      ITM Evaluation: [4600/6156]  eta: 0:01:10    time: 0.0371  data: 0.0000  max mem: 5880
      ITM Evaluation: [4700/6156]  eta: 0:01:05    time: 0.0411  data: 0.0000  max mem: 5880
      ITM Evaluation: [4800/6156]  eta: 0:01:00    time: 0.0432  data: 0.0000  max mem: 5880
      ITM Evaluation: [4900/6156]  eta: 0:00:56    time: 0.0446  data: 0.0000  max mem: 5880
      ITM Evaluation: [5000/6156]  eta: 0:00:51    time: 0.0414  data: 0.0000  max mem: 5880
      ITM Evaluation: [5100/6156]  eta: 0:00:47    time: 0.0376  data: 0.0000  max mem: 5880
      ITM Evaluation: [5200/6156]  eta: 0:00:42    time: 0.0423  data: 0.0000  max mem: 5880
      ITM Evaluation: [5300/6156]  eta: 0:00:38    time: 0.0392  data: 0.0000  max mem: 5880
      ITM Evaluation: [5400/6156]  eta: 0:00:33    time: 0.0414  data: 0.0000  max mem: 5880
      ITM Evaluation: [5500/6156]  eta: 0:00:29    time: 0.0370  data: 0.0000  max mem: 5880
      ITM Evaluation: [5600/6156]  eta: 0:00:24    time: 0.0404  data: 0.0000  max mem: 5880
      ITM Evaluation: [5700/6156]  eta: 0:00:20    time: 0.0442  data: 0.0000  max mem: 5880
      ITM Evaluation: [5800/6156]  eta: 0:00:15    time: 0.0441  data: 0.0000  max mem: 5880
      ITM Evaluation: [5900/6156]  eta: 0:00:11    time: 0.0396  data: 0.0000  max mem: 5880
      ITM Evaluation: [6000/6156]  eta: 0:00:06    time: 0.0421  data: 0.0000  max mem: 5880
      ITM Evaluation: [6100/6156]  eta: 0:00:02    time: 0.0407  data: 0.0000  max mem: 5880
      ITM Evaluation: [6155/6156]  eta: 0:00:00    time: 0.0426  data: 0.0000  max mem: 5880
      ITM Evaluation: Total time: 0:04:33 (0.0444 s / it)
     total_time 273.13980650901794
     Computing matching score time 0:04:33
### TTA ITM Score: 
+-------+--------+--------+--------+--------+--------+
| epoch |   R1   |   R5   |  R10   |  mAP   |  mINP  |
+-------+--------+--------+--------+--------+--------+
|  -999 | 70.760 | 87.378 | 92.268 | 63.849 | 48.174 |
|  -999 | 76.170 | 89.457 | 93.600 | 65.570 | 47.372 |
|   0   | 76.121 | 89.392 | 93.648 | 65.612 | 47.503 |
|   1   | 75.861 | 89.311 | 93.746 | 65.595 | 47.734 |
|   2   | 75.747 | 89.311 | 93.502 | 65.687 | 48.070 |
|   3   | 75.357 | 89.149 | 93.324 | 65.673 | 48.272 |
|   4   | 74.903 | 88.921 | 93.080 | 65.459 | 48.277 |
|   5   | 74.659 | 88.840 | 92.950 | 65.240 | 48.116 |
|   6   | 74.399 | 88.840 | 92.836 | 65.089 | 47.958 |
|   7   | 74.285 | 88.759 | 92.739 | 64.966 | 47.814 |
|   8   | 74.220 | 88.710 | 92.739 | 64.923 | 47.791 |
|   9   | 74.172 | 88.678 | 92.658 | 64.885 | 47.756 |
|   10  | 74.237 | 88.678 | 92.641 | 64.866 | 47.717 |
|   11  | 74.204 | 88.564 | 92.625 | 64.832 | 47.677 |
|   12  | 74.204 | 88.515 | 92.609 | 64.809 | 47.651 |
|   13  | 74.204 | 88.532 | 92.593 | 64.800 | 47.638 |
|   14  | 74.204 | 88.515 | 92.576 | 64.784 | 47.626 |
|   15  | 74.155 | 88.483 | 92.576 | 64.770 | 47.630 |
+-------+--------+--------+--------+--------+--------+
     logs:  {'epo': 15, 'R1': 74.155, 'R5': 88.483, 'R10': 92.576, 'mAP': 64.77, 'mINP': 47.63, 'lr': 1e-05, 'entropy': 0.237121, 'loss': 0.237121}
      TTA Epoch: [16] [ 0/54]  eta: 0:00:48  lr: 0.000010  entropy: 0.2624  loss: 0.2624  time: 0.8910  data: 0.7968  max mem: 5880
      TTA Epoch: [16] [53/54]  eta: 0:00:00  lr: 0.000009  entropy: 0.3065  loss: 0.3065  time: 0.0539  data: 0.0002  max mem: 5880
      TTA Epoch: [16] Total time: 0:00:03 (0.0721 s / it)
     Averaged stats: lr: 0.0000  entropy: 0.2347  loss: 0.2347
     itm tta time 0:00:04
     Computing matching score
      ITM Evaluation: [   0/6156]  eta: 0:05:27    time: 0.0532  data: 0.0092  max mem: 5880
      ITM Evaluation: [ 100/6156]  eta: 0:04:03    time: 0.0401  data: 0.0000  max mem: 5880
      ITM Evaluation: [ 200/6156]  eta: 0:04:06    time: 0.0424  data: 0.0000  max mem: 5880
      ITM Evaluation: [ 300/6156]  eta: 0:04:07    time: 0.0411  data: 0.0000  max mem: 5880
      ITM Evaluation: [ 400/6156]  eta: 0:04:04    time: 0.0452  data: 0.0000  max mem: 5880
      ITM Evaluation: [ 500/6156]  eta: 0:04:01    time: 0.0421  data: 0.0000  max mem: 5880
      ITM Evaluation: [ 600/6156]  eta: 0:04:01    time: 0.0508  data: 0.0000  max mem: 5880
      ITM Evaluation: [ 700/6156]  eta: 0:03:58    time: 0.0414  data: 0.0000  max mem: 5880
      ITM Evaluation: [ 800/6156]  eta: 0:03:54    time: 0.0405  data: 0.0000  max mem: 5880
      ITM Evaluation: [ 900/6156]  eta: 0:03:49    time: 0.0427  data: 0.0000  max mem: 5880
      ITM Evaluation: [1000/6156]  eta: 0:03:44    time: 0.0407  data: 0.0000  max mem: 5880
      ITM Evaluation: [1100/6156]  eta: 0:03:40    time: 0.0454  data: 0.0000  max mem: 5880
      ITM Evaluation: [1200/6156]  eta: 0:03:36    time: 0.0394  data: 0.0000  max mem: 5880
      ITM Evaluation: [1300/6156]  eta: 0:03:30    time: 0.0407  data: 0.0000  max mem: 5880
      ITM Evaluation: [1400/6156]  eta: 0:03:25    time: 0.0425  data: 0.0000  max mem: 5880
      ITM Evaluation: [1500/6156]  eta: 0:03:23    time: 0.0505  data: 0.0000  max mem: 5880
      ITM Evaluation: [1600/6156]  eta: 0:03:19    time: 0.0436  data: 0.0000  max mem: 5880
      ITM Evaluation: [1700/6156]  eta: 0:03:13    time: 0.0408  data: 0.0000  max mem: 5880
      ITM Evaluation: [1800/6156]  eta: 0:03:08    time: 0.0431  data: 0.0000  max mem: 5880
      ITM Evaluation: [1900/6156]  eta: 0:03:03    time: 0.0444  data: 0.0000  max mem: 5880
      ITM Evaluation: [2000/6156]  eta: 0:02:59    time: 0.0379  data: 0.0000  max mem: 5880
      ITM Evaluation: [2100/6156]  eta: 0:02:55    time: 0.0414  data: 0.0000  max mem: 5880
      ITM Evaluation: [2200/6156]  eta: 0:02:50    time: 0.0449  data: 0.0000  max mem: 5880
      ITM Evaluation: [2300/6156]  eta: 0:02:46    time: 0.0442  data: 0.0000  max mem: 5880
      ITM Evaluation: [2400/6156]  eta: 0:02:42    time: 0.0477  data: 0.0000  max mem: 5880
      ITM Evaluation: [2500/6156]  eta: 0:02:37    time: 0.0417  data: 0.0000  max mem: 5880
      ITM Evaluation: [2600/6156]  eta: 0:02:33    time: 0.0499  data: 0.0000  max mem: 5880
      ITM Evaluation: [2700/6156]  eta: 0:02:29    time: 0.0449  data: 0.0000  max mem: 5880
      ITM Evaluation: [2800/6156]  eta: 0:02:25    time: 0.0503  data: 0.0000  max mem: 5880
      ITM Evaluation: [2900/6156]  eta: 0:02:21    time: 0.0459  data: 0.0000  max mem: 5880
      ITM Evaluation: [3000/6156]  eta: 0:02:17    time: 0.0425  data: 0.0000  max mem: 5880
      ITM Evaluation: [3100/6156]  eta: 0:02:13    time: 0.0421  data: 0.0000  max mem: 5880
      ITM Evaluation: [3200/6156]  eta: 0:02:08    time: 0.0436  data: 0.0000  max mem: 5880
      ITM Evaluation: [3300/6156]  eta: 0:02:04    time: 0.0447  data: 0.0000  max mem: 5880
      ITM Evaluation: [3400/6156]  eta: 0:02:00    time: 0.0477  data: 0.0000  max mem: 5880
      ITM Evaluation: [3500/6156]  eta: 0:01:55    time: 0.0430  data: 0.0000  max mem: 5880
      ITM Evaluation: [3600/6156]  eta: 0:01:51    time: 0.0456  data: 0.0000  max mem: 5880
      ITM Evaluation: [3700/6156]  eta: 0:01:46    time: 0.0426  data: 0.0000  max mem: 5880
      ITM Evaluation: [3800/6156]  eta: 0:01:42    time: 0.0467  data: 0.0000  max mem: 5880
      ITM Evaluation: [3900/6156]  eta: 0:01:38    time: 0.0466  data: 0.0000  max mem: 5880
      ITM Evaluation: [4000/6156]  eta: 0:01:34    time: 0.0466  data: 0.0000  max mem: 5880
      ITM Evaluation: [4100/6156]  eta: 0:01:30    time: 0.0536  data: 0.0000  max mem: 5880
      ITM Evaluation: [4200/6156]  eta: 0:01:25    time: 0.0433  data: 0.0000  max mem: 5880
      ITM Evaluation: [4300/6156]  eta: 0:01:21    time: 0.0399  data: 0.0000  max mem: 5880
      ITM Evaluation: [4400/6156]  eta: 0:01:16    time: 0.0366  data: 0.0000  max mem: 5880
      ITM Evaluation: [4500/6156]  eta: 0:01:12    time: 0.0427  data: 0.0000  max mem: 5880
      ITM Evaluation: [4600/6156]  eta: 0:01:07    time: 0.0395  data: 0.0000  max mem: 5880
      ITM Evaluation: [4700/6156]  eta: 0:01:03    time: 0.0438  data: 0.0000  max mem: 5880
      ITM Evaluation: [4800/6156]  eta: 0:00:59    time: 0.0424  data: 0.0000  max mem: 5880
      ITM Evaluation: [4900/6156]  eta: 0:00:54    time: 0.0477  data: 0.0000  max mem: 5880
      ITM Evaluation: [5000/6156]  eta: 0:00:50    time: 0.0439  data: 0.0000  max mem: 5880
      ITM Evaluation: [5100/6156]  eta: 0:00:46    time: 0.0467  data: 0.0000  max mem: 5880
      ITM Evaluation: [5200/6156]  eta: 0:00:41    time: 0.0460  data: 0.0000  max mem: 5880
      ITM Evaluation: [5300/6156]  eta: 0:00:37    time: 0.0434  data: 0.0000  max mem: 5880
      ITM Evaluation: [5400/6156]  eta: 0:00:33    time: 0.0446  data: 0.0000  max mem: 5880
      ITM Evaluation: [5500/6156]  eta: 0:00:28    time: 0.0462  data: 0.0000  max mem: 5880
      ITM Evaluation: [5600/6156]  eta: 0:00:24    time: 0.0453  data: 0.0000  max mem: 5880
      ITM Evaluation: [5700/6156]  eta: 0:00:19    time: 0.0467  data: 0.0000  max mem: 5880
      ITM Evaluation: [5800/6156]  eta: 0:00:15    time: 0.0441  data: 0.0000  max mem: 5880
      ITM Evaluation: [5900/6156]  eta: 0:00:11    time: 0.0472  data: 0.0000  max mem: 5880
      ITM Evaluation: [6000/6156]  eta: 0:00:06    time: 0.0504  data: 0.0000  max mem: 5880
      ITM Evaluation: [6100/6156]  eta: 0:00:02    time: 0.0503  data: 0.0000  max mem: 5880
      ITM Evaluation: [6155/6156]  eta: 0:00:00    time: 0.0503  data: 0.0000  max mem: 5880
      ITM Evaluation: Total time: 0:04:31 (0.0440 s / it)
     total_time 271.1407883167267
     Computing matching score time 0:04:31
### TTA ITM Score: 
+-------+--------+--------+--------+--------+--------+
| epoch |   R1   |   R5   |  R10   |  mAP   |  mINP  |
+-------+--------+--------+--------+--------+--------+
|  -999 | 70.760 | 87.378 | 92.268 | 63.849 | 48.174 |
|  -999 | 76.170 | 89.457 | 93.600 | 65.570 | 47.372 |
|   0   | 76.121 | 89.392 | 93.648 | 65.612 | 47.503 |
|   1   | 75.861 | 89.311 | 93.746 | 65.595 | 47.734 |
|   2   | 75.747 | 89.311 | 93.502 | 65.687 | 48.070 |
|   3   | 75.357 | 89.149 | 93.324 | 65.673 | 48.272 |
|   4   | 74.903 | 88.921 | 93.080 | 65.459 | 48.277 |
|   5   | 74.659 | 88.840 | 92.950 | 65.240 | 48.116 |
|   6   | 74.399 | 88.840 | 92.836 | 65.089 | 47.958 |
|   7   | 74.285 | 88.759 | 92.739 | 64.966 | 47.814 |
|   8   | 74.220 | 88.710 | 92.739 | 64.923 | 47.791 |
|   9   | 74.172 | 88.678 | 92.658 | 64.885 | 47.756 |
|   10  | 74.237 | 88.678 | 92.641 | 64.866 | 47.717 |
|   11  | 74.204 | 88.564 | 92.625 | 64.832 | 47.677 |
|   12  | 74.204 | 88.515 | 92.609 | 64.809 | 47.651 |
|   13  | 74.204 | 88.532 | 92.593 | 64.800 | 47.638 |
|   14  | 74.204 | 88.515 | 92.576 | 64.784 | 47.626 |
|   15  | 74.155 | 88.483 | 92.576 | 64.770 | 47.630 |
|   16  | 74.172 | 88.467 | 92.560 | 64.768 | 47.628 |
+-------+--------+--------+--------+--------+--------+
     logs:  {'epo': 16, 'R1': 74.172, 'R5': 88.467, 'R10': 92.56, 'mAP': 64.768, 'mINP': 47.628, 'lr': 1e-05, 'entropy': 0.234731, 'loss': 0.234731}
      TTA Epoch: [17] [ 0/54]  eta: 0:00:52  lr: 0.000009  entropy: 0.3161  loss: 0.3161  time: 0.9657  data: 0.8484  max mem: 5880
      TTA Epoch: [17] [53/54]  eta: 0:00:00  lr: 0.000009  entropy: 0.1364  loss: 0.1364  time: 0.0585  data: 0.0001  max mem: 5880
      TTA Epoch: [17] Total time: 0:00:04 (0.0802 s / it)
     Averaged stats: lr: 0.0000  entropy: 0.2356  loss: 0.2356
     itm tta time 0:00:04
     Computing matching score
      ITM Evaluation: [   0/6156]  eta: 0:07:06    time: 0.0692  data: 0.0081  max mem: 5880
      ITM Evaluation: [ 100/6156]  eta: 0:04:45    time: 0.0516  data: 0.0000  max mem: 5880
      ITM Evaluation: [ 200/6156]  eta: 0:04:50    time: 0.0525  data: 0.0000  max mem: 5880
      ITM Evaluation: [ 300/6156]  eta: 0:04:39    time: 0.0471  data: 0.0000  max mem: 5880
      ITM Evaluation: [ 400/6156]  eta: 0:04:28    time: 0.0366  data: 0.0000  max mem: 5880
      ITM Evaluation: [ 500/6156]  eta: 0:04:14    time: 0.0391  data: 0.0000  max mem: 5880
      ITM Evaluation: [ 600/6156]  eta: 0:04:04    time: 0.0355  data: 0.0000  max mem: 5880
      ITM Evaluation: [ 700/6156]  eta: 0:03:59    time: 0.0417  data: 0.0000  max mem: 5880
      ITM Evaluation: [ 800/6156]  eta: 0:03:53    time: 0.0441  data: 0.0000  max mem: 5880
      ITM Evaluation: [ 900/6156]  eta: 0:03:50    time: 0.0495  data: 0.0000  max mem: 5880
      ITM Evaluation: [1000/6156]  eta: 0:03:46    time: 0.0448  data: 0.0000  max mem: 5880
      ITM Evaluation: [1100/6156]  eta: 0:03:42    time: 0.0428  data: 0.0000  max mem: 5880
      ITM Evaluation: [1200/6156]  eta: 0:03:39    time: 0.0485  data: 0.0000  max mem: 5880
      ITM Evaluation: [1300/6156]  eta: 0:03:36    time: 0.0438  data: 0.0000  max mem: 5880
      ITM Evaluation: [1400/6156]  eta: 0:03:33    time: 0.0463  data: 0.0000  max mem: 5880
      ITM Evaluation: [1500/6156]  eta: 0:03:28    time: 0.0458  data: 0.0000  max mem: 5880
      ITM Evaluation: [1600/6156]  eta: 0:03:23    time: 0.0442  data: 0.0000  max mem: 5880
      ITM Evaluation: [1700/6156]  eta: 0:03:19    time: 0.0451  data: 0.0000  max mem: 5880
      ITM Evaluation: [1800/6156]  eta: 0:03:14    time: 0.0448  data: 0.0000  max mem: 5880
      ITM Evaluation: [1900/6156]  eta: 0:03:09    time: 0.0439  data: 0.0000  max mem: 5880
      ITM Evaluation: [2000/6156]  eta: 0:03:05    time: 0.0442  data: 0.0000  max mem: 5880
      ITM Evaluation: [2100/6156]  eta: 0:03:00    time: 0.0425  data: 0.0000  max mem: 5880
      ITM Evaluation: [2200/6156]  eta: 0:02:55    time: 0.0365  data: 0.0000  max mem: 5880
      ITM Evaluation: [2300/6156]  eta: 0:02:51    time: 0.0490  data: 0.0000  max mem: 5880
      ITM Evaluation: [2400/6156]  eta: 0:02:47    time: 0.0523  data: 0.0000  max mem: 5880
      ITM Evaluation: [2500/6156]  eta: 0:02:43    time: 0.0404  data: 0.0000  max mem: 5880
      ITM Evaluation: [2600/6156]  eta: 0:02:39    time: 0.0504  data: 0.0000  max mem: 5880
      ITM Evaluation: [2700/6156]  eta: 0:02:34    time: 0.0426  data: 0.0000  max mem: 5880
      ITM Evaluation: [2800/6156]  eta: 0:02:30    time: 0.0492  data: 0.0000  max mem: 5880
      ITM Evaluation: [2900/6156]  eta: 0:02:25    time: 0.0438  data: 0.0000  max mem: 5880
      ITM Evaluation: [3000/6156]  eta: 0:02:20    time: 0.0367  data: 0.0000  max mem: 5880
      ITM Evaluation: [3100/6156]  eta: 0:02:15    time: 0.0425  data: 0.0000  max mem: 5880
      ITM Evaluation: [3200/6156]  eta: 0:02:10    time: 0.0419  data: 0.0000  max mem: 5880
      ITM Evaluation: [3300/6156]  eta: 0:02:06    time: 0.0430  data: 0.0000  max mem: 5880
      ITM Evaluation: [3400/6156]  eta: 0:02:02    time: 0.0456  data: 0.0000  max mem: 5880
      ITM Evaluation: [3500/6156]  eta: 0:01:57    time: 0.0459  data: 0.0000  max mem: 5880
      ITM Evaluation: [3600/6156]  eta: 0:01:53    time: 0.0459  data: 0.0000  max mem: 5880
      ITM Evaluation: [3700/6156]  eta: 0:01:49    time: 0.0571  data: 0.0000  max mem: 5880
      ITM Evaluation: [3800/6156]  eta: 0:01:45    time: 0.0465  data: 0.0000  max mem: 5880
      ITM Evaluation: [3900/6156]  eta: 0:01:40    time: 0.0474  data: 0.0000  max mem: 5880
      ITM Evaluation: [4000/6156]  eta: 0:01:36    time: 0.0484  data: 0.0000  max mem: 5880
      ITM Evaluation: [4100/6156]  eta: 0:01:31    time: 0.0379  data: 0.0000  max mem: 5880
      ITM Evaluation: [4200/6156]  eta: 0:01:27    time: 0.0441  data: 0.0000  max mem: 5880
      ITM Evaluation: [4300/6156]  eta: 0:01:22    time: 0.0479  data: 0.0000  max mem: 5880
      ITM Evaluation: [4400/6156]  eta: 0:01:18    time: 0.0423  data: 0.0000  max mem: 5880
      ITM Evaluation: [4500/6156]  eta: 0:01:13    time: 0.0503  data: 0.0000  max mem: 5880
      ITM Evaluation: [4600/6156]  eta: 0:01:09    time: 0.0493  data: 0.0000  max mem: 5880
      ITM Evaluation: [4700/6156]  eta: 0:01:05    time: 0.0501  data: 0.0000  max mem: 5880
      ITM Evaluation: [4800/6156]  eta: 0:01:00    time: 0.0434  data: 0.0000  max mem: 5880
      ITM Evaluation: [4900/6156]  eta: 0:00:56    time: 0.0484  data: 0.0000  max mem: 5880
      ITM Evaluation: [5000/6156]  eta: 0:00:51    time: 0.0469  data: 0.0000  max mem: 5880
      ITM Evaluation: [5100/6156]  eta: 0:00:47    time: 0.0425  data: 0.0000  max mem: 5880
      ITM Evaluation: [5200/6156]  eta: 0:00:42    time: 0.0438  data: 0.0000  max mem: 5880
      ITM Evaluation: [5300/6156]  eta: 0:00:38    time: 0.0439  data: 0.0000  max mem: 5880
      ITM Evaluation: [5400/6156]  eta: 0:00:33    time: 0.0442  data: 0.0000  max mem: 5880
      ITM Evaluation: [5500/6156]  eta: 0:00:29    time: 0.0367  data: 0.0000  max mem: 5880
      ITM Evaluation: [5600/6156]  eta: 0:00:24    time: 0.0405  data: 0.0000  max mem: 5880
      ITM Evaluation: [5700/6156]  eta: 0:00:20    time: 0.0410  data: 0.0000  max mem: 5880
      ITM Evaluation: [5800/6156]  eta: 0:00:15    time: 0.0472  data: 0.0000  max mem: 5880
      ITM Evaluation: [5900/6156]  eta: 0:00:11    time: 0.0387  data: 0.0000  max mem: 5880
      ITM Evaluation: [6000/6156]  eta: 0:00:06    time: 0.0372  data: 0.0000  max mem: 5880
      ITM Evaluation: [6100/6156]  eta: 0:00:02    time: 0.0372  data: 0.0000  max mem: 5880
      ITM Evaluation: [6155/6156]  eta: 0:00:00    time: 0.0367  data: 0.0000  max mem: 5880
      ITM Evaluation: Total time: 0:04:31 (0.0442 s / it)
     total_time 272.01504850387573
     Computing matching score time 0:04:32
### TTA ITM Score: 
+-------+--------+--------+--------+--------+--------+
| epoch |   R1   |   R5   |  R10   |  mAP   |  mINP  |
+-------+--------+--------+--------+--------+--------+
|  -999 | 70.760 | 87.378 | 92.268 | 63.849 | 48.174 |
|  -999 | 76.170 | 89.457 | 93.600 | 65.570 | 47.372 |
|   0   | 76.121 | 89.392 | 93.648 | 65.612 | 47.503 |
|   1   | 75.861 | 89.311 | 93.746 | 65.595 | 47.734 |
|   2   | 75.747 | 89.311 | 93.502 | 65.687 | 48.070 |
|   3   | 75.357 | 89.149 | 93.324 | 65.673 | 48.272 |
|   4   | 74.903 | 88.921 | 93.080 | 65.459 | 48.277 |
|   5   | 74.659 | 88.840 | 92.950 | 65.240 | 48.116 |
|   6   | 74.399 | 88.840 | 92.836 | 65.089 | 47.958 |
|   7   | 74.285 | 88.759 | 92.739 | 64.966 | 47.814 |
|   8   | 74.220 | 88.710 | 92.739 | 64.923 | 47.791 |
|   9   | 74.172 | 88.678 | 92.658 | 64.885 | 47.756 |
|   10  | 74.237 | 88.678 | 92.641 | 64.866 | 47.717 |
|   11  | 74.204 | 88.564 | 92.625 | 64.832 | 47.677 |
|   12  | 74.204 | 88.515 | 92.609 | 64.809 | 47.651 |
|   13  | 74.204 | 88.532 | 92.593 | 64.800 | 47.638 |
|   14  | 74.204 | 88.515 | 92.576 | 64.784 | 47.626 |
|   15  | 74.155 | 88.483 | 92.576 | 64.770 | 47.630 |
|   16  | 74.172 | 88.467 | 92.560 | 64.768 | 47.628 |
|   17  | 74.172 | 88.467 | 92.544 | 64.765 | 47.633 |
+-------+--------+--------+--------+--------+--------+
     logs:  {'epo': 17, 'R1': 74.172, 'R5': 88.467, 'R10': 92.544, 'mAP': 64.765, 'mINP': 47.633, 'lr': 9e-06, 'entropy': 0.235576, 'loss': 0.235576}
      TTA Epoch: [18] [ 0/54]  eta: 0:00:43  lr: 0.000009  entropy: 0.1973  loss: 0.1973  time: 0.7994  data: 0.7082  max mem: 5880
      TTA Epoch: [18] [53/54]  eta: 0:00:00  lr: 0.000008  entropy: 0.2820  loss: 0.2820  time: 0.0469  data: 0.0001  max mem: 5880
      TTA Epoch: [18] Total time: 0:00:03 (0.0637 s / it)
     Averaged stats: lr: 0.0000  entropy: 0.2330  loss: 0.2330
     itm tta time 0:00:03
     Computing matching score
      ITM Evaluation: [   0/6156]  eta: 0:05:25    time: 0.0528  data: 0.0058  max mem: 5880
      ITM Evaluation: [ 100/6156]  eta: 0:04:09    time: 0.0386  data: 0.0000  max mem: 5880
      ITM Evaluation: [ 200/6156]  eta: 0:04:27    time: 0.0465  data: 0.0000  max mem: 5880
      ITM Evaluation: [ 300/6156]  eta: 0:04:19    time: 0.0419  data: 0.0000  max mem: 5880
      ITM Evaluation: [ 400/6156]  eta: 0:04:11    time: 0.0395  data: 0.0000  max mem: 5880
      ITM Evaluation: [ 500/6156]  eta: 0:04:07    time: 0.0470  data: 0.0000  max mem: 5880
      ITM Evaluation: [ 600/6156]  eta: 0:04:02    time: 0.0446  data: 0.0000  max mem: 5880
      ITM Evaluation: [ 700/6156]  eta: 0:03:58    time: 0.0460  data: 0.0000  max mem: 5880
      ITM Evaluation: [ 800/6156]  eta: 0:03:54    time: 0.0460  data: 0.0000  max mem: 5880
      ITM Evaluation: [ 900/6156]  eta: 0:03:49    time: 0.0440  data: 0.0000  max mem: 5880
      ITM Evaluation: [1000/6156]  eta: 0:03:45    time: 0.0462  data: 0.0000  max mem: 5880
      ITM Evaluation: [1100/6156]  eta: 0:03:42    time: 0.0476  data: 0.0000  max mem: 5880
      ITM Evaluation: [1200/6156]  eta: 0:03:38    time: 0.0464  data: 0.0000  max mem: 5880
      ITM Evaluation: [1300/6156]  eta: 0:03:35    time: 0.0394  data: 0.0000  max mem: 5880
      ITM Evaluation: [1400/6156]  eta: 0:03:30    time: 0.0448  data: 0.0000  max mem: 5880
      ITM Evaluation: [1500/6156]  eta: 0:03:25    time: 0.0453  data: 0.0000  max mem: 5880
      ITM Evaluation: [1600/6156]  eta: 0:03:21    time: 0.0416  data: 0.0000  max mem: 5880
      ITM Evaluation: [1700/6156]  eta: 0:03:16    time: 0.0418  data: 0.0000  max mem: 5880
      ITM Evaluation: [1800/6156]  eta: 0:03:12    time: 0.0462  data: 0.0000  max mem: 5880
      ITM Evaluation: [1900/6156]  eta: 0:03:08    time: 0.0489  data: 0.0000  max mem: 5880
      ITM Evaluation: [2000/6156]  eta: 0:03:04    time: 0.0549  data: 0.0000  max mem: 5880
      ITM Evaluation: [2100/6156]  eta: 0:03:00    time: 0.0460  data: 0.0000  max mem: 5880
      ITM Evaluation: [2200/6156]  eta: 0:02:56    time: 0.0430  data: 0.0000  max mem: 5880
      ITM Evaluation: [2300/6156]  eta: 0:02:51    time: 0.0366  data: 0.0000  max mem: 5880
      ITM Evaluation: [2400/6156]  eta: 0:02:46    time: 0.0449  data: 0.0000  max mem: 5880
      ITM Evaluation: [2500/6156]  eta: 0:02:41    time: 0.0421  data: 0.0000  max mem: 5880
      ITM Evaluation: [2600/6156]  eta: 0:02:36    time: 0.0428  data: 0.0000  max mem: 5880
      ITM Evaluation: [2700/6156]  eta: 0:02:32    time: 0.0414  data: 0.0000  max mem: 5880
      ITM Evaluation: [2800/6156]  eta: 0:02:28    time: 0.0549  data: 0.0000  max mem: 5880
      ITM Evaluation: [2900/6156]  eta: 0:02:24    time: 0.0456  data: 0.0000  max mem: 5880
      ITM Evaluation: [3000/6156]  eta: 0:02:20    time: 0.0422  data: 0.0000  max mem: 5880
      ITM Evaluation: [3100/6156]  eta: 0:02:15    time: 0.0448  data: 0.0000  max mem: 5880
      ITM Evaluation: [3200/6156]  eta: 0:02:11    time: 0.0405  data: 0.0000  max mem: 5880
      ITM Evaluation: [3300/6156]  eta: 0:02:07    time: 0.0468  data: 0.0000  max mem: 5880
      ITM Evaluation: [3400/6156]  eta: 0:02:02    time: 0.0427  data: 0.0000  max mem: 5880
      ITM Evaluation: [3500/6156]  eta: 0:01:58    time: 0.0478  data: 0.0000  max mem: 5880
      ITM Evaluation: [3600/6156]  eta: 0:01:54    time: 0.0550  data: 0.0000  max mem: 5880
      ITM Evaluation: [3700/6156]  eta: 0:01:49    time: 0.0426  data: 0.0000  max mem: 5880
      ITM Evaluation: [3800/6156]  eta: 0:01:45    time: 0.0457  data: 0.0000  max mem: 5880
      ITM Evaluation: [3900/6156]  eta: 0:01:40    time: 0.0454  data: 0.0000  max mem: 5880
      ITM Evaluation: [4000/6156]  eta: 0:01:36    time: 0.0413  data: 0.0000  max mem: 5880
      ITM Evaluation: [4100/6156]  eta: 0:01:32    time: 0.0488  data: 0.0000  max mem: 5880
      ITM Evaluation: [4200/6156]  eta: 0:01:27    time: 0.0481  data: 0.0000  max mem: 5880
      ITM Evaluation: [4300/6156]  eta: 0:01:23    time: 0.0465  data: 0.0000  max mem: 5880
      ITM Evaluation: [4400/6156]  eta: 0:01:18    time: 0.0441  data: 0.0000  max mem: 5880
      ITM Evaluation: [4500/6156]  eta: 0:01:14    time: 0.0474  data: 0.0000  max mem: 5880
      ITM Evaluation: [4600/6156]  eta: 0:01:09    time: 0.0384  data: 0.0000  max mem: 5880
      ITM Evaluation: [4700/6156]  eta: 0:01:05    time: 0.0459  data: 0.0000  max mem: 5880
      ITM Evaluation: [4800/6156]  eta: 0:01:01    time: 0.0409  data: 0.0000  max mem: 5880
      ITM Evaluation: [4900/6156]  eta: 0:00:56    time: 0.0364  data: 0.0000  max mem: 5880
      ITM Evaluation: [5000/6156]  eta: 0:00:51    time: 0.0464  data: 0.0000  max mem: 5880
      ITM Evaluation: [5100/6156]  eta: 0:00:47    time: 0.0446  data: 0.0000  max mem: 5880
      ITM Evaluation: [5200/6156]  eta: 0:00:42    time: 0.0550  data: 0.0000  max mem: 5880
      ITM Evaluation: [5300/6156]  eta: 0:00:38    time: 0.0392  data: 0.0000  max mem: 5880
      ITM Evaluation: [5400/6156]  eta: 0:00:34    time: 0.0526  data: 0.0000  max mem: 5880
      ITM Evaluation: [5500/6156]  eta: 0:00:29    time: 0.0447  data: 0.0000  max mem: 5880
      ITM Evaluation: [5600/6156]  eta: 0:00:25    time: 0.0395  data: 0.0000  max mem: 5880
      ITM Evaluation: [5700/6156]  eta: 0:00:20    time: 0.0471  data: 0.0000  max mem: 5880
      ITM Evaluation: [5800/6156]  eta: 0:00:16    time: 0.0425  data: 0.0000  max mem: 5880
      ITM Evaluation: [5900/6156]  eta: 0:00:11    time: 0.0460  data: 0.0000  max mem: 5880
      ITM Evaluation: [6000/6156]  eta: 0:00:07    time: 0.0499  data: 0.0000  max mem: 5880
      ITM Evaluation: [6100/6156]  eta: 0:00:02    time: 0.0469  data: 0.0000  max mem: 5880
      ITM Evaluation: [6155/6156]  eta: 0:00:00    time: 0.0501  data: 0.0000  max mem: 5880
      ITM Evaluation: Total time: 0:04:38 (0.0453 s / it)
     total_time 278.8840878009796
     Computing matching score time 0:04:38
### TTA ITM Score: 
+-------+--------+--------+--------+--------+--------+
| epoch |   R1   |   R5   |  R10   |  mAP   |  mINP  |
+-------+--------+--------+--------+--------+--------+
|  -999 | 70.760 | 87.378 | 92.268 | 63.849 | 48.174 |
|  -999 | 76.170 | 89.457 | 93.600 | 65.570 | 47.372 |
|   0   | 76.121 | 89.392 | 93.648 | 65.612 | 47.503 |
|   1   | 75.861 | 89.311 | 93.746 | 65.595 | 47.734 |
|   2   | 75.747 | 89.311 | 93.502 | 65.687 | 48.070 |
|   3   | 75.357 | 89.149 | 93.324 | 65.673 | 48.272 |
|   4   | 74.903 | 88.921 | 93.080 | 65.459 | 48.277 |
|   5   | 74.659 | 88.840 | 92.950 | 65.240 | 48.116 |
|   6   | 74.399 | 88.840 | 92.836 | 65.089 | 47.958 |
|   7   | 74.285 | 88.759 | 92.739 | 64.966 | 47.814 |
|   8   | 74.220 | 88.710 | 92.739 | 64.923 | 47.791 |
|   9   | 74.172 | 88.678 | 92.658 | 64.885 | 47.756 |
|   10  | 74.237 | 88.678 | 92.641 | 64.866 | 47.717 |
|   11  | 74.204 | 88.564 | 92.625 | 64.832 | 47.677 |
|   12  | 74.204 | 88.515 | 92.609 | 64.809 | 47.651 |
|   13  | 74.204 | 88.532 | 92.593 | 64.800 | 47.638 |
|   14  | 74.204 | 88.515 | 92.576 | 64.784 | 47.626 |
|   15  | 74.155 | 88.483 | 92.576 | 64.770 | 47.630 |
|   16  | 74.172 | 88.467 | 92.560 | 64.768 | 47.628 |
|   17  | 74.172 | 88.467 | 92.544 | 64.765 | 47.633 |
|   18  | 74.155 | 88.467 | 92.544 | 64.763 | 47.629 |
+-------+--------+--------+--------+--------+--------+
     logs:  {'epo': 18, 'R1': 74.155, 'R5': 88.467, 'R10': 92.544, 'mAP': 64.763, 'mINP': 47.629, 'lr': 8e-06, 'entropy': 0.233018, 'loss': 0.233018}
      TTA Epoch: [19] [ 0/54]  eta: 0:00:53  lr: 0.000008  entropy: 0.2577  loss: 0.2577  time: 0.9817  data: 0.8920  max mem: 5880
      TTA Epoch: [19] [53/54]  eta: 0:00:00  lr: 0.000007  entropy: 0.2075  loss: 0.2075  time: 0.0560  data: 0.0011  max mem: 5880
      TTA Epoch: [19] Total time: 0:00:04 (0.0775 s / it)
     Averaged stats: lr: 0.0000  entropy: 0.2374  loss: 0.2374
     itm tta time 0:00:04
     Computing matching score
      ITM Evaluation: [   0/6156]  eta: 0:05:07    time: 0.0499  data: 0.0044  max mem: 5880
      ITM Evaluation: [ 100/6156]  eta: 0:04:33    time: 0.0446  data: 0.0000  max mem: 5880
      ITM Evaluation: [ 200/6156]  eta: 0:04:31    time: 0.0449  data: 0.0000  max mem: 5880
      ITM Evaluation: [ 300/6156]  eta: 0:04:34    time: 0.0728  data: 0.0000  max mem: 5880
      ITM Evaluation: [ 400/6156]  eta: 0:04:22    time: 0.0377  data: 0.0000  max mem: 5880
      ITM Evaluation: [ 500/6156]  eta: 0:04:09    time: 0.0405  data: 0.0000  max mem: 5880
      ITM Evaluation: [ 600/6156]  eta: 0:03:58    time: 0.0350  data: 0.0000  max mem: 5880
      ITM Evaluation: [ 700/6156]  eta: 0:03:49    time: 0.0355  data: 0.0000  max mem: 5880
      ITM Evaluation: [ 800/6156]  eta: 0:03:42    time: 0.0373  data: 0.0000  max mem: 5880
      ITM Evaluation: [ 900/6156]  eta: 0:03:35    time: 0.0374  data: 0.0000  max mem: 5880
      ITM Evaluation: [1000/6156]  eta: 0:03:28    time: 0.0341  data: 0.0000  max mem: 5880
      ITM Evaluation: [1100/6156]  eta: 0:03:22    time: 0.0357  data: 0.0000  max mem: 5880
      ITM Evaluation: [1200/6156]  eta: 0:03:17    time: 0.0353  data: 0.0000  max mem: 5880
      ITM Evaluation: [1300/6156]  eta: 0:03:11    time: 0.0346  data: 0.0000  max mem: 5880
      ITM Evaluation: [1400/6156]  eta: 0:03:12    time: 0.0367  data: 0.0000  max mem: 5880
      ITM Evaluation: [1500/6156]  eta: 0:03:07    time: 0.0359  data: 0.0000  max mem: 5880
      ITM Evaluation: [1600/6156]  eta: 0:03:02    time: 0.0427  data: 0.0000  max mem: 5880
      ITM Evaluation: [1700/6156]  eta: 0:02:57    time: 0.0354  data: 0.0000  max mem: 5880
      ITM Evaluation: [1800/6156]  eta: 0:02:53    time: 0.0366  data: 0.0000  max mem: 5880
      ITM Evaluation: [1900/6156]  eta: 0:02:48    time: 0.0352  data: 0.0000  max mem: 5880
      ITM Evaluation: [2000/6156]  eta: 0:02:44    time: 0.0398  data: 0.0000  max mem: 5880
      ITM Evaluation: [2100/6156]  eta: 0:02:41    time: 0.0526  data: 0.0000  max mem: 5880
      ITM Evaluation: [2200/6156]  eta: 0:02:37    time: 0.0425  data: 0.0000  max mem: 5880
      ITM Evaluation: [2300/6156]  eta: 0:02:35    time: 0.0548  data: 0.0000  max mem: 5880
      ITM Evaluation: [2400/6156]  eta: 0:02:33    time: 0.0524  data: 0.0000  max mem: 5880
      ITM Evaluation: [2500/6156]  eta: 0:02:30    time: 0.0497  data: 0.0000  max mem: 5880
      ITM Evaluation: [2600/6156]  eta: 0:02:26    time: 0.0403  data: 0.0000  max mem: 5880
      ITM Evaluation: [2700/6156]  eta: 0:02:23    time: 0.0480  data: 0.0000  max mem: 5880
      ITM Evaluation: [2800/6156]  eta: 0:02:19    time: 0.0378  data: 0.0000  max mem: 5880
      ITM Evaluation: [2900/6156]  eta: 0:02:15    time: 0.0432  data: 0.0000  max mem: 5880
      ITM Evaluation: [3000/6156]  eta: 0:02:11    time: 0.0402  data: 0.0000  max mem: 5880
      ITM Evaluation: [3100/6156]  eta: 0:02:07    time: 0.0425  data: 0.0000  max mem: 5880
      ITM Evaluation: [3200/6156]  eta: 0:02:02    time: 0.0400  data: 0.0000  max mem: 5880
      ITM Evaluation: [3300/6156]  eta: 0:01:58    time: 0.0422  data: 0.0000  max mem: 5880
      ITM Evaluation: [3400/6156]  eta: 0:01:54    time: 0.0463  data: 0.0000  max mem: 5880
      ITM Evaluation: [3500/6156]  eta: 0:01:50    time: 0.0431  data: 0.0000  max mem: 5880
      ITM Evaluation: [3600/6156]  eta: 0:01:46    time: 0.0435  data: 0.0000  max mem: 5880
      ITM Evaluation: [3700/6156]  eta: 0:01:42    time: 0.0502  data: 0.0000  max mem: 5880
      ITM Evaluation: [3800/6156]  eta: 0:01:38    time: 0.0423  data: 0.0000  max mem: 5880
      ITM Evaluation: [3900/6156]  eta: 0:01:35    time: 0.0517  data: 0.0000  max mem: 5880
      ITM Evaluation: [4000/6156]  eta: 0:01:30    time: 0.0407  data: 0.0000  max mem: 5880
      ITM Evaluation: [4100/6156]  eta: 0:01:27    time: 0.0499  data: 0.0000  max mem: 5880
      ITM Evaluation: [4200/6156]  eta: 0:01:22    time: 0.0422  data: 0.0000  max mem: 5880
      ITM Evaluation: [4300/6156]  eta: 0:01:18    time: 0.0416  data: 0.0000  max mem: 5880
      ITM Evaluation: [4400/6156]  eta: 0:01:14    time: 0.0387  data: 0.0000  max mem: 5880
      ITM Evaluation: [4500/6156]  eta: 0:01:10    time: 0.0465  data: 0.0000  max mem: 5880
      ITM Evaluation: [4600/6156]  eta: 0:01:06    time: 0.0464  data: 0.0000  max mem: 5880
      ITM Evaluation: [4700/6156]  eta: 0:01:02    time: 0.0483  data: 0.0000  max mem: 5880
      ITM Evaluation: [4800/6156]  eta: 0:00:57    time: 0.0457  data: 0.0000  max mem: 5880
      ITM Evaluation: [4900/6156]  eta: 0:00:53    time: 0.0518  data: 0.0000  max mem: 5880
      ITM Evaluation: [5000/6156]  eta: 0:00:49    time: 0.0466  data: 0.0000  max mem: 5880
      ITM Evaluation: [5100/6156]  eta: 0:00:45    time: 0.0411  data: 0.0000  max mem: 5880
      ITM Evaluation: [5200/6156]  eta: 0:00:41    time: 0.0418  data: 0.0000  max mem: 5880
      ITM Evaluation: [5300/6156]  eta: 0:00:36    time: 0.0446  data: 0.0000  max mem: 5880
      ITM Evaluation: [5400/6156]  eta: 0:00:32    time: 0.0412  data: 0.0000  max mem: 5880
      ITM Evaluation: [5500/6156]  eta: 0:00:28    time: 0.0398  data: 0.0000  max mem: 5880
      ITM Evaluation: [5600/6156]  eta: 0:00:23    time: 0.0353  data: 0.0000  max mem: 5880
      ITM Evaluation: [5700/6156]  eta: 0:00:19    time: 0.0377  data: 0.0000  max mem: 5880
      ITM Evaluation: [5800/6156]  eta: 0:00:15    time: 0.0373  data: 0.0000  max mem: 5880
      ITM Evaluation: [5900/6156]  eta: 0:00:10    time: 0.0494  data: 0.0000  max mem: 5880
      ITM Evaluation: [6000/6156]  eta: 0:00:06    time: 0.0439  data: 0.0000  max mem: 5880
      ITM Evaluation: [6100/6156]  eta: 0:00:02    time: 0.0453  data: 0.0000  max mem: 5880
      ITM Evaluation: [6155/6156]  eta: 0:00:00    time: 0.0459  data: 0.0000  max mem: 5880
      ITM Evaluation: Total time: 0:04:24 (0.0430 s / it)
     total_time 264.9348306655884
     Computing matching score time 0:04:24
### TTA ITM Score: 
+-------+--------+--------+--------+--------+--------+
| epoch |   R1   |   R5   |  R10   |  mAP   |  mINP  |
+-------+--------+--------+--------+--------+--------+
|  -999 | 70.760 | 87.378 | 92.268 | 63.849 | 48.174 |
|  -999 | 76.170 | 89.457 | 93.600 | 65.570 | 47.372 |
|   0   | 76.121 | 89.392 | 93.648 | 65.612 | 47.503 |
|   1   | 75.861 | 89.311 | 93.746 | 65.595 | 47.734 |
|   2   | 75.747 | 89.311 | 93.502 | 65.687 | 48.070 |
|   3   | 75.357 | 89.149 | 93.324 | 65.673 | 48.272 |
|   4   | 74.903 | 88.921 | 93.080 | 65.459 | 48.277 |
|   5   | 74.659 | 88.840 | 92.950 | 65.240 | 48.116 |
|   6   | 74.399 | 88.840 | 92.836 | 65.089 | 47.958 |
|   7   | 74.285 | 88.759 | 92.739 | 64.966 | 47.814 |
|   8   | 74.220 | 88.710 | 92.739 | 64.923 | 47.791 |
|   9   | 74.172 | 88.678 | 92.658 | 64.885 | 47.756 |
|   10  | 74.237 | 88.678 | 92.641 | 64.866 | 47.717 |
|   11  | 74.204 | 88.564 | 92.625 | 64.832 | 47.677 |
|   12  | 74.204 | 88.515 | 92.609 | 64.809 | 47.651 |
|   13  | 74.204 | 88.532 | 92.593 | 64.800 | 47.638 |
|   14  | 74.204 | 88.515 | 92.576 | 64.784 | 47.626 |
|   15  | 74.155 | 88.483 | 92.576 | 64.770 | 47.630 |
|   16  | 74.172 | 88.467 | 92.560 | 64.768 | 47.628 |
|   17  | 74.172 | 88.467 | 92.544 | 64.765 | 47.633 |
|   18  | 74.155 | 88.467 | 92.544 | 64.763 | 47.629 |
|   19  | 74.155 | 88.450 | 92.544 | 64.750 | 47.617 |
+-------+--------+--------+--------+--------+--------+
     logs:  {'epo': 19, 'R1': 74.155, 'R5': 88.45, 'R10': 92.544, 'mAP': 64.75, 'mINP': 47.617, 'lr': 8e-06, 'entropy': 0.23735, 'loss': 0.23735}
      TTA Epoch: [20] [ 0/54]  eta: 0:00:44  lr: 0.000007  entropy: 0.2605  loss: 0.2605  time: 0.8325  data: 0.7456  max mem: 5880
      TTA Epoch: [20] [53/54]  eta: 0:00:00  lr: 0.000007  entropy: 0.3414  loss: 0.3414  time: 0.0561  data: 0.0002  max mem: 5880
      TTA Epoch: [20] Total time: 0:00:03 (0.0723 s / it)
     Averaged stats: lr: 0.0000  entropy: 0.2327  loss: 0.2327
     itm tta time 0:00:04
     Computing matching score
      ITM Evaluation: [   0/6156]  eta: 0:04:13    time: 0.0411  data: 0.0058  max mem: 5880
      ITM Evaluation: [ 100/6156]  eta: 0:04:09    time: 0.0440  data: 0.0000  max mem: 5880
      ITM Evaluation: [ 200/6156]  eta: 0:04:03    time: 0.0398  data: 0.0000  max mem: 5880
      ITM Evaluation: [ 300/6156]  eta: 0:04:05    time: 0.0484  data: 0.0000  max mem: 5880
      ITM Evaluation: [ 400/6156]  eta: 0:04:01    time: 0.0425  data: 0.0000  max mem: 5880
      ITM Evaluation: [ 500/6156]  eta: 0:03:56    time: 0.0418  data: 0.0000  max mem: 5880
      ITM Evaluation: [ 600/6156]  eta: 0:03:51    time: 0.0415  data: 0.0000  max mem: 5880
      ITM Evaluation: [ 700/6156]  eta: 0:03:48    time: 0.0436  data: 0.0000  max mem: 5880
      ITM Evaluation: [ 800/6156]  eta: 0:03:44    time: 0.0395  data: 0.0000  max mem: 5880
      ITM Evaluation: [ 900/6156]  eta: 0:03:39    time: 0.0401  data: 0.0000  max mem: 5880
      ITM Evaluation: [1000/6156]  eta: 0:03:35    time: 0.0400  data: 0.0000  max mem: 5880
      ITM Evaluation: [1100/6156]  eta: 0:03:32    time: 0.0471  data: 0.0000  max mem: 5880
      ITM Evaluation: [1200/6156]  eta: 0:03:29    time: 0.0474  data: 0.0000  max mem: 5880
      ITM Evaluation: [1300/6156]  eta: 0:03:25    time: 0.0414  data: 0.0000  max mem: 5880
      ITM Evaluation: [1400/6156]  eta: 0:03:21    time: 0.0401  data: 0.0000  max mem: 5880
      ITM Evaluation: [1500/6156]  eta: 0:03:17    time: 0.0426  data: 0.0000  max mem: 5880
      ITM Evaluation: [1600/6156]  eta: 0:03:13    time: 0.0425  data: 0.0000  max mem: 5880
      ITM Evaluation: [1700/6156]  eta: 0:03:08    time: 0.0398  data: 0.0000  max mem: 5880
      ITM Evaluation: [1800/6156]  eta: 0:03:03    time: 0.0391  data: 0.0000  max mem: 5880
      ITM Evaluation: [1900/6156]  eta: 0:02:58    time: 0.0425  data: 0.0000  max mem: 5880
      ITM Evaluation: [2000/6156]  eta: 0:02:54    time: 0.0417  data: 0.0000  max mem: 5880
      ITM Evaluation: [2100/6156]  eta: 0:02:50    time: 0.0407  data: 0.0000  max mem: 5880
      ITM Evaluation: [2200/6156]  eta: 0:02:46    time: 0.0430  data: 0.0000  max mem: 5880
      ITM Evaluation: [2300/6156]  eta: 0:02:41    time: 0.0413  data: 0.0000  max mem: 5880
      ITM Evaluation: [2400/6156]  eta: 0:02:37    time: 0.0399  data: 0.0000  max mem: 5880
      ITM Evaluation: [2500/6156]  eta: 0:02:33    time: 0.0417  data: 0.0000  max mem: 5880
      ITM Evaluation: [2600/6156]  eta: 0:02:28    time: 0.0404  data: 0.0000  max mem: 5880
      ITM Evaluation: [2700/6156]  eta: 0:02:24    time: 0.0420  data: 0.0000  max mem: 5880
      ITM Evaluation: [2800/6156]  eta: 0:02:20    time: 0.0433  data: 0.0000  max mem: 5880
      ITM Evaluation: [2900/6156]  eta: 0:02:16    time: 0.0508  data: 0.0000  max mem: 5880
      ITM Evaluation: [3000/6156]  eta: 0:02:12    time: 0.0453  data: 0.0000  max mem: 5880
      ITM Evaluation: [3100/6156]  eta: 0:02:08    time: 0.0462  data: 0.0000  max mem: 5880
      ITM Evaluation: [3200/6156]  eta: 0:02:04    time: 0.0413  data: 0.0000  max mem: 5880
      ITM Evaluation: [3300/6156]  eta: 0:02:00    time: 0.0449  data: 0.0000  max mem: 5880
      ITM Evaluation: [3400/6156]  eta: 0:01:56    time: 0.0407  data: 0.0000  max mem: 5880
      ITM Evaluation: [3500/6156]  eta: 0:01:51    time: 0.0449  data: 0.0000  max mem: 5880
      ITM Evaluation: [3600/6156]  eta: 0:01:47    time: 0.0430  data: 0.0000  max mem: 5880
      ITM Evaluation: [3700/6156]  eta: 0:01:43    time: 0.0415  data: 0.0000  max mem: 5880
      ITM Evaluation: [3800/6156]  eta: 0:01:39    time: 0.0452  data: 0.0000  max mem: 5880
      ITM Evaluation: [3900/6156]  eta: 0:01:34    time: 0.0372  data: 0.0000  max mem: 5880
      ITM Evaluation: [4000/6156]  eta: 0:01:30    time: 0.0374  data: 0.0000  max mem: 5880
      ITM Evaluation: [4100/6156]  eta: 0:01:25    time: 0.0423  data: 0.0000  max mem: 5880
      ITM Evaluation: [4200/6156]  eta: 0:01:21    time: 0.0437  data: 0.0000  max mem: 5880
      ITM Evaluation: [4300/6156]  eta: 0:01:17    time: 0.0428  data: 0.0000  max mem: 5880
      ITM Evaluation: [4400/6156]  eta: 0:01:13    time: 0.0435  data: 0.0000  max mem: 5880
      ITM Evaluation: [4500/6156]  eta: 0:01:09    time: 0.0408  data: 0.0000  max mem: 5880
      ITM Evaluation: [4600/6156]  eta: 0:01:05    time: 0.0432  data: 0.0000  max mem: 5880
      ITM Evaluation: [4700/6156]  eta: 0:01:01    time: 0.0434  data: 0.0000  max mem: 5880
      ITM Evaluation: [4800/6156]  eta: 0:00:56    time: 0.0423  data: 0.0000  max mem: 5880
      ITM Evaluation: [4900/6156]  eta: 0:00:52    time: 0.0394  data: 0.0000  max mem: 5880
      ITM Evaluation: [5000/6156]  eta: 0:00:48    time: 0.0397  data: 0.0000  max mem: 5880
      ITM Evaluation: [5100/6156]  eta: 0:00:44    time: 0.0409  data: 0.0000  max mem: 5880
      ITM Evaluation: [5200/6156]  eta: 0:00:39    time: 0.0390  data: 0.0000  max mem: 5880
      ITM Evaluation: [5300/6156]  eta: 0:00:35    time: 0.0422  data: 0.0000  max mem: 5880
      ITM Evaluation: [5400/6156]  eta: 0:00:31    time: 0.0446  data: 0.0000  max mem: 5880
      ITM Evaluation: [5500/6156]  eta: 0:00:27    time: 0.0451  data: 0.0000  max mem: 5880
      ITM Evaluation: [5600/6156]  eta: 0:00:23    time: 0.0450  data: 0.0000  max mem: 5880
      ITM Evaluation: [5700/6156]  eta: 0:00:19    time: 0.0413  data: 0.0000  max mem: 5880
      ITM Evaluation: [5800/6156]  eta: 0:00:14    time: 0.0394  data: 0.0000  max mem: 5880
      ITM Evaluation: [5900/6156]  eta: 0:00:10    time: 0.0417  data: 0.0000  max mem: 5880
      ITM Evaluation: [6000/6156]  eta: 0:00:06    time: 0.0413  data: 0.0000  max mem: 5880
      ITM Evaluation: [6100/6156]  eta: 0:00:02    time: 0.0380  data: 0.0000  max mem: 5880
      ITM Evaluation: [6155/6156]  eta: 0:00:00    time: 0.0380  data: 0.0000  max mem: 5880
      ITM Evaluation: Total time: 0:04:18 (0.0419 s / it)
     total_time 258.10693359375
     Computing matching score time 0:04:18
### TTA ITM Score: 
+-------+--------+--------+--------+--------+--------+
| epoch |   R1   |   R5   |  R10   |  mAP   |  mINP  |
+-------+--------+--------+--------+--------+--------+
|  -999 | 70.760 | 87.378 | 92.268 | 63.849 | 48.174 |
|  -999 | 76.170 | 89.457 | 93.600 | 65.570 | 47.372 |
|   0   | 76.121 | 89.392 | 93.648 | 65.612 | 47.503 |
|   1   | 75.861 | 89.311 | 93.746 | 65.595 | 47.734 |
|   2   | 75.747 | 89.311 | 93.502 | 65.687 | 48.070 |
|   3   | 75.357 | 89.149 | 93.324 | 65.673 | 48.272 |
|   4   | 74.903 | 88.921 | 93.080 | 65.459 | 48.277 |
|   5   | 74.659 | 88.840 | 92.950 | 65.240 | 48.116 |
|   6   | 74.399 | 88.840 | 92.836 | 65.089 | 47.958 |
|   7   | 74.285 | 88.759 | 92.739 | 64.966 | 47.814 |
|   8   | 74.220 | 88.710 | 92.739 | 64.923 | 47.791 |
|   9   | 74.172 | 88.678 | 92.658 | 64.885 | 47.756 |
|   10  | 74.237 | 88.678 | 92.641 | 64.866 | 47.717 |
|   11  | 74.204 | 88.564 | 92.625 | 64.832 | 47.677 |
|   12  | 74.204 | 88.515 | 92.609 | 64.809 | 47.651 |
|   13  | 74.204 | 88.532 | 92.593 | 64.800 | 47.638 |
|   14  | 74.204 | 88.515 | 92.576 | 64.784 | 47.626 |
|   15  | 74.155 | 88.483 | 92.576 | 64.770 | 47.630 |
|   16  | 74.172 | 88.467 | 92.560 | 64.768 | 47.628 |
|   17  | 74.172 | 88.467 | 92.544 | 64.765 | 47.633 |
|   18  | 74.155 | 88.467 | 92.544 | 64.763 | 47.629 |
|   19  | 74.155 | 88.450 | 92.544 | 64.750 | 47.617 |
|   20  | 74.139 | 88.434 | 92.544 | 64.744 | 47.608 |
+-------+--------+--------+--------+--------+--------+
     logs:  {'epo': 20, 'R1': 74.139, 'R5': 88.434, 'R10': 92.544, 'mAP': 64.744, 'mINP': 47.608, 'lr': 7e-06, 'entropy': 0.232704, 'loss': 0.232704}
      TTA Epoch: [21] [ 0/54]  eta: 0:00:49  lr: 0.000007  entropy: 0.3450  loss: 0.3450  time: 0.9167  data: 0.8262  max mem: 5880
      TTA Epoch: [21] [53/54]  eta: 0:00:00  lr: 0.000006  entropy: 0.2365  loss: 0.2365  time: 0.0529  data: 0.0002  max mem: 5880
      TTA Epoch: [21] Total time: 0:00:03 (0.0714 s / it)
     Averaged stats: lr: 0.0000  entropy: 0.2346  loss: 0.2346
     itm tta time 0:00:04
     Computing matching score
      ITM Evaluation: [   0/6156]  eta: 0:04:02    time: 0.0394  data: 0.0044  max mem: 5880
      ITM Evaluation: [ 100/6156]  eta: 0:04:10    time: 0.0427  data: 0.0000  max mem: 5880
      ITM Evaluation: [ 200/6156]  eta: 0:04:13    time: 0.0429  data: 0.0000  max mem: 5880
      ITM Evaluation: [ 300/6156]  eta: 0:04:09    time: 0.0458  data: 0.0000  max mem: 5880
      ITM Evaluation: [ 400/6156]  eta: 0:04:07    time: 0.0431  data: 0.0000  max mem: 5880
      ITM Evaluation: [ 500/6156]  eta: 0:04:04    time: 0.0449  data: 0.0000  max mem: 5880
      ITM Evaluation: [ 600/6156]  eta: 0:04:00    time: 0.0415  data: 0.0000  max mem: 5880
      ITM Evaluation: [ 700/6156]  eta: 0:03:56    time: 0.0409  data: 0.0000  max mem: 5880
      ITM Evaluation: [ 800/6156]  eta: 0:03:50    time: 0.0390  data: 0.0000  max mem: 5880
      ITM Evaluation: [ 900/6156]  eta: 0:03:45    time: 0.0418  data: 0.0000  max mem: 5880
      ITM Evaluation: [1000/6156]  eta: 0:03:39    time: 0.0386  data: 0.0000  max mem: 5880
      ITM Evaluation: [1100/6156]  eta: 0:03:33    time: 0.0394  data: 0.0000  max mem: 5880
      ITM Evaluation: [1200/6156]  eta: 0:03:28    time: 0.0405  data: 0.0000  max mem: 5880
      ITM Evaluation: [1300/6156]  eta: 0:03:23    time: 0.0401  data: 0.0000  max mem: 5880
      ITM Evaluation: [1400/6156]  eta: 0:03:19    time: 0.0400  data: 0.0000  max mem: 5880
      ITM Evaluation: [1500/6156]  eta: 0:03:14    time: 0.0396  data: 0.0000  max mem: 5880
      ITM Evaluation: [1600/6156]  eta: 0:03:10    time: 0.0406  data: 0.0000  max mem: 5880
      ITM Evaluation: [1700/6156]  eta: 0:03:06    time: 0.0440  data: 0.0000  max mem: 5880
      ITM Evaluation: [1800/6156]  eta: 0:03:02    time: 0.0445  data: 0.0000  max mem: 5880
      ITM Evaluation: [1900/6156]  eta: 0:02:59    time: 0.0459  data: 0.0000  max mem: 5880
      ITM Evaluation: [2000/6156]  eta: 0:02:54    time: 0.0405  data: 0.0000  max mem: 5880
      ITM Evaluation: [2100/6156]  eta: 0:02:50    time: 0.0392  data: 0.0000  max mem: 5880
      ITM Evaluation: [2200/6156]  eta: 0:02:45    time: 0.0384  data: 0.0000  max mem: 5880
      ITM Evaluation: [2300/6156]  eta: 0:02:41    time: 0.0423  data: 0.0000  max mem: 5880
      ITM Evaluation: [2400/6156]  eta: 0:02:38    time: 0.0451  data: 0.0000  max mem: 5880
      ITM Evaluation: [2500/6156]  eta: 0:02:34    time: 0.0471  data: 0.0000  max mem: 5880
      ITM Evaluation: [2600/6156]  eta: 0:02:30    time: 0.0411  data: 0.0000  max mem: 5880
      ITM Evaluation: [2700/6156]  eta: 0:02:26    time: 0.0447  data: 0.0000  max mem: 5880
      ITM Evaluation: [2800/6156]  eta: 0:02:22    time: 0.0424  data: 0.0000  max mem: 5880
      ITM Evaluation: [2900/6156]  eta: 0:02:19    time: 0.0513  data: 0.0000  max mem: 5880
      ITM Evaluation: [3000/6156]  eta: 0:02:15    time: 0.0429  data: 0.0000  max mem: 5880
      ITM Evaluation: [3100/6156]  eta: 0:02:11    time: 0.0508  data: 0.0000  max mem: 5880
      ITM Evaluation: [3200/6156]  eta: 0:02:07    time: 0.0430  data: 0.0000  max mem: 5880
      ITM Evaluation: [3300/6156]  eta: 0:02:03    time: 0.0427  data: 0.0000  max mem: 5880
      ITM Evaluation: [3400/6156]  eta: 0:01:59    time: 0.0457  data: 0.0000  max mem: 5880
      ITM Evaluation: [3500/6156]  eta: 0:01:55    time: 0.0415  data: 0.0000  max mem: 5880
      ITM Evaluation: [3600/6156]  eta: 0:01:50    time: 0.0423  data: 0.0000  max mem: 5880
      ITM Evaluation: [3700/6156]  eta: 0:01:46    time: 0.0506  data: 0.0000  max mem: 5880
      ITM Evaluation: [3800/6156]  eta: 0:01:42    time: 0.0453  data: 0.0000  max mem: 5880
      ITM Evaluation: [3900/6156]  eta: 0:01:38    time: 0.0509  data: 0.0000  max mem: 5880
      ITM Evaluation: [4000/6156]  eta: 0:01:34    time: 0.0463  data: 0.0000  max mem: 5880
      ITM Evaluation: [4100/6156]  eta: 0:01:30    time: 0.0446  data: 0.0000  max mem: 5880
      ITM Evaluation: [4200/6156]  eta: 0:01:25    time: 0.0483  data: 0.0000  max mem: 5880
      ITM Evaluation: [4300/6156]  eta: 0:01:21    time: 0.0412  data: 0.0000  max mem: 5880
      ITM Evaluation: [4400/6156]  eta: 0:01:16    time: 0.0398  data: 0.0000  max mem: 5880
      ITM Evaluation: [4500/6156]  eta: 0:01:12    time: 0.0425  data: 0.0000  max mem: 5880
      ITM Evaluation: [4600/6156]  eta: 0:01:08    time: 0.0417  data: 0.0000  max mem: 5880
      ITM Evaluation: [4700/6156]  eta: 0:01:03    time: 0.0473  data: 0.0000  max mem: 5880
      ITM Evaluation: [4800/6156]  eta: 0:00:59    time: 0.0398  data: 0.0000  max mem: 5880
      ITM Evaluation: [4900/6156]  eta: 0:00:55    time: 0.0397  data: 0.0000  max mem: 5880
      ITM Evaluation: [5000/6156]  eta: 0:00:50    time: 0.0521  data: 0.0000  max mem: 5880
      ITM Evaluation: [5100/6156]  eta: 0:00:46    time: 0.0482  data: 0.0000  max mem: 5880
      ITM Evaluation: [5200/6156]  eta: 0:00:42    time: 0.0514  data: 0.0000  max mem: 5880
      ITM Evaluation: [5300/6156]  eta: 0:00:37    time: 0.0503  data: 0.0000  max mem: 5880
      ITM Evaluation: [5400/6156]  eta: 0:00:33    time: 0.0444  data: 0.0000  max mem: 5880
      ITM Evaluation: [5500/6156]  eta: 0:00:29    time: 0.0459  data: 0.0000  max mem: 5880
      ITM Evaluation: [5600/6156]  eta: 0:00:24    time: 0.0465  data: 0.0000  max mem: 5880
      ITM Evaluation: [5700/6156]  eta: 0:00:20    time: 0.0437  data: 0.0000  max mem: 5880
      ITM Evaluation: [5800/6156]  eta: 0:00:15    time: 0.0402  data: 0.0000  max mem: 5880
      ITM Evaluation: [5900/6156]  eta: 0:00:11    time: 0.0509  data: 0.0000  max mem: 5880
      ITM Evaluation: [6000/6156]  eta: 0:00:06    time: 0.0408  data: 0.0000  max mem: 5880
      ITM Evaluation: [6100/6156]  eta: 0:00:02    time: 0.0503  data: 0.0000  max mem: 5880
      ITM Evaluation: [6155/6156]  eta: 0:00:00    time: 0.0456  data: 0.0000  max mem: 5880
      ITM Evaluation: Total time: 0:04:34 (0.0445 s / it)
     total_time 274.33759570121765
     Computing matching score time 0:04:34
### TTA ITM Score: 
+-------+--------+--------+--------+--------+--------+
| epoch |   R1   |   R5   |  R10   |  mAP   |  mINP  |
+-------+--------+--------+--------+--------+--------+
|  -999 | 70.760 | 87.378 | 92.268 | 63.849 | 48.174 |
|  -999 | 76.170 | 89.457 | 93.600 | 65.570 | 47.372 |
|   0   | 76.121 | 89.392 | 93.648 | 65.612 | 47.503 |
|   1   | 75.861 | 89.311 | 93.746 | 65.595 | 47.734 |
|   2   | 75.747 | 89.311 | 93.502 | 65.687 | 48.070 |
|   3   | 75.357 | 89.149 | 93.324 | 65.673 | 48.272 |
|   4   | 74.903 | 88.921 | 93.080 | 65.459 | 48.277 |
|   5   | 74.659 | 88.840 | 92.950 | 65.240 | 48.116 |
|   6   | 74.399 | 88.840 | 92.836 | 65.089 | 47.958 |
|   7   | 74.285 | 88.759 | 92.739 | 64.966 | 47.814 |
|   8   | 74.220 | 88.710 | 92.739 | 64.923 | 47.791 |
|   9   | 74.172 | 88.678 | 92.658 | 64.885 | 47.756 |
|   10  | 74.237 | 88.678 | 92.641 | 64.866 | 47.717 |
|   11  | 74.204 | 88.564 | 92.625 | 64.832 | 47.677 |
|   12  | 74.204 | 88.515 | 92.609 | 64.809 | 47.651 |
|   13  | 74.204 | 88.532 | 92.593 | 64.800 | 47.638 |
|   14  | 74.204 | 88.515 | 92.576 | 64.784 | 47.626 |
|   15  | 74.155 | 88.483 | 92.576 | 64.770 | 47.630 |
|   16  | 74.172 | 88.467 | 92.560 | 64.768 | 47.628 |
|   17  | 74.172 | 88.467 | 92.544 | 64.765 | 47.633 |
|   18  | 74.155 | 88.467 | 92.544 | 64.763 | 47.629 |
|   19  | 74.155 | 88.450 | 92.544 | 64.750 | 47.617 |
|   20  | 74.139 | 88.434 | 92.544 | 64.744 | 47.608 |
|   21  | 74.139 | 88.434 | 92.544 | 64.740 | 47.596 |
+-------+--------+--------+--------+--------+--------+
     logs:  {'epo': 21, 'R1': 74.139, 'R5': 88.434, 'R10': 92.544, 'mAP': 64.74, 'mINP': 47.596, 'lr': 6e-06, 'entropy': 0.234629, 'loss': 0.234629}
      TTA Epoch: [22] [ 0/54]  eta: 0:00:56  lr: 0.000006  entropy: 0.3707  loss: 0.3707  time: 1.0462  data: 0.9536  max mem: 5880
      TTA Epoch: [22] [53/54]  eta: 0:00:00  lr: 0.000005  entropy: 0.2187  loss: 0.2187  time: 0.0614  data: 0.0007  max mem: 5880
      TTA Epoch: [22] Total time: 0:00:04 (0.0883 s / it)
     Averaged stats: lr: 0.0000  entropy: 0.2336  loss: 0.2336
     itm tta time 0:00:04
     Computing matching score
      ITM Evaluation: [   0/6156]  eta: 0:05:19    time: 0.0519  data: 0.0109  max mem: 5880
      ITM Evaluation: [ 100/6156]  eta: 0:04:36    time: 0.0401  data: 0.0000  max mem: 5880
      ITM Evaluation: [ 200/6156]  eta: 0:04:15    time: 0.0406  data: 0.0000  max mem: 5880
      ITM Evaluation: [ 300/6156]  eta: 0:04:08    time: 0.0439  data: 0.0000  max mem: 5880
      ITM Evaluation: [ 400/6156]  eta: 0:04:04    time: 0.0450  data: 0.0000  max mem: 5880
      ITM Evaluation: [ 500/6156]  eta: 0:04:03    time: 0.0449  data: 0.0000  max mem: 5880
      ITM Evaluation: [ 600/6156]  eta: 0:04:00    time: 0.0438  data: 0.0000  max mem: 5880
      ITM Evaluation: [ 700/6156]  eta: 0:03:57    time: 0.0432  data: 0.0000  max mem: 5880
      ITM Evaluation: [ 800/6156]  eta: 0:03:53    time: 0.0441  data: 0.0000  max mem: 5880
      ITM Evaluation: [ 900/6156]  eta: 0:03:53    time: 0.0504  data: 0.0000  max mem: 5880
      ITM Evaluation: [1000/6156]  eta: 0:03:51    time: 0.0431  data: 0.0000  max mem: 5880
      ITM Evaluation: [1100/6156]  eta: 0:03:48    time: 0.0485  data: 0.0000  max mem: 5880
      ITM Evaluation: [1200/6156]  eta: 0:03:44    time: 0.0443  data: 0.0000  max mem: 5880
      ITM Evaluation: [1300/6156]  eta: 0:03:40    time: 0.0456  data: 0.0000  max mem: 5880
      ITM Evaluation: [1400/6156]  eta: 0:03:36    time: 0.0455  data: 0.0000  max mem: 5880
      ITM Evaluation: [1500/6156]  eta: 0:03:31    time: 0.0464  data: 0.0000  max mem: 5880
      ITM Evaluation: [1600/6156]  eta: 0:03:27    time: 0.0531  data: 0.0000  max mem: 5880
      ITM Evaluation: [1700/6156]  eta: 0:03:23    time: 0.0440  data: 0.0000  max mem: 5880
      ITM Evaluation: [1800/6156]  eta: 0:03:19    time: 0.0485  data: 0.0000  max mem: 5880
      ITM Evaluation: [1900/6156]  eta: 0:03:15    time: 0.0505  data: 0.0000  max mem: 5880
      ITM Evaluation: [2000/6156]  eta: 0:03:10    time: 0.0515  data: 0.0000  max mem: 5880
      ITM Evaluation: [2100/6156]  eta: 0:03:06    time: 0.0469  data: 0.0000  max mem: 5880
      ITM Evaluation: [2200/6156]  eta: 0:03:02    time: 0.0504  data: 0.0000  max mem: 5880
      ITM Evaluation: [2300/6156]  eta: 0:02:57    time: 0.0434  data: 0.0000  max mem: 5880
      ITM Evaluation: [2400/6156]  eta: 0:02:53    time: 0.0396  data: 0.0000  max mem: 5880
      ITM Evaluation: [2500/6156]  eta: 0:02:47    time: 0.0392  data: 0.0000  max mem: 5880
      ITM Evaluation: [2600/6156]  eta: 0:02:42    time: 0.0409  data: 0.0000  max mem: 5880
      ITM Evaluation: [2700/6156]  eta: 0:02:37    time: 0.0469  data: 0.0000  max mem: 5880
      ITM Evaluation: [2800/6156]  eta: 0:02:32    time: 0.0432  data: 0.0000  max mem: 5880
      ITM Evaluation: [2900/6156]  eta: 0:02:28    time: 0.0400  data: 0.0000  max mem: 5880
      ITM Evaluation: [3000/6156]  eta: 0:02:23    time: 0.0513  data: 0.0000  max mem: 5880
      ITM Evaluation: [3100/6156]  eta: 0:02:19    time: 0.0444  data: 0.0000  max mem: 5880
      ITM Evaluation: [3200/6156]  eta: 0:02:15    time: 0.0447  data: 0.0000  max mem: 5880
      ITM Evaluation: [3300/6156]  eta: 0:02:10    time: 0.0447  data: 0.0000  max mem: 5880
      ITM Evaluation: [3400/6156]  eta: 0:02:06    time: 0.0441  data: 0.0000  max mem: 5880
      ITM Evaluation: [3500/6156]  eta: 0:02:01    time: 0.0440  data: 0.0000  max mem: 5880
      ITM Evaluation: [3600/6156]  eta: 0:01:56    time: 0.0449  data: 0.0000  max mem: 5880
      ITM Evaluation: [3700/6156]  eta: 0:01:52    time: 0.0430  data: 0.0000  max mem: 5880
      ITM Evaluation: [3800/6156]  eta: 0:01:47    time: 0.0452  data: 0.0000  max mem: 5880
      ITM Evaluation: [3900/6156]  eta: 0:01:43    time: 0.0486  data: 0.0000  max mem: 5880
      ITM Evaluation: [4000/6156]  eta: 0:01:38    time: 0.0458  data: 0.0000  max mem: 5880
      ITM Evaluation: [4100/6156]  eta: 0:01:34    time: 0.0454  data: 0.0000  max mem: 5880
      ITM Evaluation: [4200/6156]  eta: 0:01:29    time: 0.0466  data: 0.0000  max mem: 5880
      ITM Evaluation: [4300/6156]  eta: 0:01:25    time: 0.0481  data: 0.0000  max mem: 5880
      ITM Evaluation: [4400/6156]  eta: 0:01:20    time: 0.0447  data: 0.0000  max mem: 5880
      ITM Evaluation: [4500/6156]  eta: 0:01:16    time: 0.0470  data: 0.0000  max mem: 5880
      ITM Evaluation: [4600/6156]  eta: 0:01:11    time: 0.0470  data: 0.0000  max mem: 5880
      ITM Evaluation: [4700/6156]  eta: 0:01:06    time: 0.0403  data: 0.0000  max mem: 5880
      ITM Evaluation: [4800/6156]  eta: 0:01:01    time: 0.0387  data: 0.0000  max mem: 5880
      ITM Evaluation: [4900/6156]  eta: 0:00:57    time: 0.0470  data: 0.0000  max mem: 5880
      ITM Evaluation: [5000/6156]  eta: 0:00:52    time: 0.0447  data: 0.0000  max mem: 5880
      ITM Evaluation: [5100/6156]  eta: 0:00:48    time: 0.0425  data: 0.0000  max mem: 5880
      ITM Evaluation: [5200/6156]  eta: 0:00:43    time: 0.0432  data: 0.0000  max mem: 5880
      ITM Evaluation: [5300/6156]  eta: 0:00:39    time: 0.0510  data: 0.0000  max mem: 5880
      ITM Evaluation: [5400/6156]  eta: 0:00:34    time: 0.0386  data: 0.0000  max mem: 5880
      ITM Evaluation: [5500/6156]  eta: 0:00:29    time: 0.0465  data: 0.0000  max mem: 5880
      ITM Evaluation: [5600/6156]  eta: 0:00:25    time: 0.0487  data: 0.0000  max mem: 5880
      ITM Evaluation: [5700/6156]  eta: 0:00:20    time: 0.0432  data: 0.0000  max mem: 5880
      ITM Evaluation: [5800/6156]  eta: 0:00:16    time: 0.0396  data: 0.0000  max mem: 5880
      ITM Evaluation: [5900/6156]  eta: 0:00:11    time: 0.0462  data: 0.0000  max mem: 5880
      ITM Evaluation: [6000/6156]  eta: 0:00:07    time: 0.0480  data: 0.0000  max mem: 5880
      ITM Evaluation: [6100/6156]  eta: 0:00:02    time: 0.0427  data: 0.0000  max mem: 5880
      ITM Evaluation: [6155/6156]  eta: 0:00:00    time: 0.0478  data: 0.0000  max mem: 5880
      ITM Evaluation: Total time: 0:04:39 (0.0455 s / it)
     total_time 280.052757024765
     Computing matching score time 0:04:40
### TTA ITM Score: 
+-------+--------+--------+--------+--------+--------+
| epoch |   R1   |   R5   |  R10   |  mAP   |  mINP  |
+-------+--------+--------+--------+--------+--------+
|  -999 | 70.760 | 87.378 | 92.268 | 63.849 | 48.174 |
|  -999 | 76.170 | 89.457 | 93.600 | 65.570 | 47.372 |
|   0   | 76.121 | 89.392 | 93.648 | 65.612 | 47.503 |
|   1   | 75.861 | 89.311 | 93.746 | 65.595 | 47.734 |
|   2   | 75.747 | 89.311 | 93.502 | 65.687 | 48.070 |
|   3   | 75.357 | 89.149 | 93.324 | 65.673 | 48.272 |
|   4   | 74.903 | 88.921 | 93.080 | 65.459 | 48.277 |
|   5   | 74.659 | 88.840 | 92.950 | 65.240 | 48.116 |
|   6   | 74.399 | 88.840 | 92.836 | 65.089 | 47.958 |
|   7   | 74.285 | 88.759 | 92.739 | 64.966 | 47.814 |
|   8   | 74.220 | 88.710 | 92.739 | 64.923 | 47.791 |
|   9   | 74.172 | 88.678 | 92.658 | 64.885 | 47.756 |
|   10  | 74.237 | 88.678 | 92.641 | 64.866 | 47.717 |
|   11  | 74.204 | 88.564 | 92.625 | 64.832 | 47.677 |
|   12  | 74.204 | 88.515 | 92.609 | 64.809 | 47.651 |
|   13  | 74.204 | 88.532 | 92.593 | 64.800 | 47.638 |
|   14  | 74.204 | 88.515 | 92.576 | 64.784 | 47.626 |
|   15  | 74.155 | 88.483 | 92.576 | 64.770 | 47.630 |
|   16  | 74.172 | 88.467 | 92.560 | 64.768 | 47.628 |
|   17  | 74.172 | 88.467 | 92.544 | 64.765 | 47.633 |
|   18  | 74.155 | 88.467 | 92.544 | 64.763 | 47.629 |
|   19  | 74.155 | 88.450 | 92.544 | 64.750 | 47.617 |
|   20  | 74.139 | 88.434 | 92.544 | 64.744 | 47.608 |
|   21  | 74.139 | 88.434 | 92.544 | 64.740 | 47.596 |
|   22  | 74.139 | 88.450 | 92.544 | 64.742 | 47.605 |
+-------+--------+--------+--------+--------+--------+
     logs:  {'epo': 22, 'R1': 74.139, 'R5': 88.45, 'R10': 92.544, 'mAP': 64.742, 'mINP': 47.605, 'lr': 6e-06, 'entropy': 0.233641, 'loss': 0.233641}
      TTA Epoch: [23] [ 0/54]  eta: 0:00:56  lr: 0.000005  entropy: 0.2205  loss: 0.2205  time: 1.0416  data: 0.9347  max mem: 5880
      TTA Epoch: [23] [53/54]  eta: 0:00:00  lr: 0.000005  entropy: 0.1906  loss: 0.1906  time: 0.0538  data: 0.0002  max mem: 5880
      TTA Epoch: [23] Total time: 0:00:04 (0.0769 s / it)
     Averaged stats: lr: 0.0000  entropy: 0.2333  loss: 0.2333
     itm tta time 0:00:04
     Computing matching score
      ITM Evaluation: [   0/6156]  eta: 0:03:53    time: 0.0380  data: 0.0061  max mem: 5880
      ITM Evaluation: [ 100/6156]  eta: 0:04:46    time: 0.0515  data: 0.0000  max mem: 5880
      ITM Evaluation: [ 200/6156]  eta: 0:04:39    time: 0.0463  data: 0.0000  max mem: 5880
      ITM Evaluation: [ 300/6156]  eta: 0:04:33    time: 0.0460  data: 0.0000  max mem: 5880
      ITM Evaluation: [ 400/6156]  eta: 0:04:28    time: 0.0453  data: 0.0000  max mem: 5880
      ITM Evaluation: [ 500/6156]  eta: 0:04:19    time: 0.0436  data: 0.0000  max mem: 5880
      ITM Evaluation: [ 600/6156]  eta: 0:04:14    time: 0.0414  data: 0.0000  max mem: 5880
      ITM Evaluation: [ 700/6156]  eta: 0:04:05    time: 0.0388  data: 0.0000  max mem: 5880
      ITM Evaluation: [ 800/6156]  eta: 0:03:56    time: 0.0343  data: 0.0000  max mem: 5880
      ITM Evaluation: [ 900/6156]  eta: 0:03:52    time: 0.0410  data: 0.0000  max mem: 5880
      ITM Evaluation: [1000/6156]  eta: 0:03:47    time: 0.0433  data: 0.0000  max mem: 5880
      ITM Evaluation: [1100/6156]  eta: 0:03:43    time: 0.0456  data: 0.0000  max mem: 5880
      ITM Evaluation: [1200/6156]  eta: 0:03:40    time: 0.0461  data: 0.0000  max mem: 5880
      ITM Evaluation: [1300/6156]  eta: 0:03:37    time: 0.0442  data: 0.0000  max mem: 5880
      ITM Evaluation: [1400/6156]  eta: 0:03:33    time: 0.0460  data: 0.0000  max mem: 5880
      ITM Evaluation: [1500/6156]  eta: 0:03:28    time: 0.0463  data: 0.0000  max mem: 5880
      ITM Evaluation: [1600/6156]  eta: 0:03:23    time: 0.0455  data: 0.0000  max mem: 5880
      ITM Evaluation: [1700/6156]  eta: 0:03:19    time: 0.0443  data: 0.0000  max mem: 5880
      ITM Evaluation: [1800/6156]  eta: 0:03:14    time: 0.0450  data: 0.0000  max mem: 5880
      ITM Evaluation: [1900/6156]  eta: 0:03:10    time: 0.0440  data: 0.0000  max mem: 5880
      ITM Evaluation: [2000/6156]  eta: 0:03:05    time: 0.0444  data: 0.0000  max mem: 5880
      ITM Evaluation: [2100/6156]  eta: 0:03:01    time: 0.0479  data: 0.0000  max mem: 5880
      ITM Evaluation: [2200/6156]  eta: 0:02:56    time: 0.0430  data: 0.0000  max mem: 5880
      ITM Evaluation: [2300/6156]  eta: 0:02:52    time: 0.0471  data: 0.0000  max mem: 5880
      ITM Evaluation: [2400/6156]  eta: 0:02:48    time: 0.0442  data: 0.0000  max mem: 5880
      ITM Evaluation: [2500/6156]  eta: 0:02:44    time: 0.0468  data: 0.0000  max mem: 5880
      ITM Evaluation: [2600/6156]  eta: 0:02:39    time: 0.0477  data: 0.0000  max mem: 5880
      ITM Evaluation: [2700/6156]  eta: 0:02:35    time: 0.0401  data: 0.0000  max mem: 5880
      ITM Evaluation: [2800/6156]  eta: 0:02:30    time: 0.0457  data: 0.0000  max mem: 5880
      ITM Evaluation: [2900/6156]  eta: 0:02:26    time: 0.0418  data: 0.0000  max mem: 5880
      ITM Evaluation: [3000/6156]  eta: 0:02:21    time: 0.0387  data: 0.0000  max mem: 5880
      ITM Evaluation: [3100/6156]  eta: 0:02:16    time: 0.0403  data: 0.0000  max mem: 5880
      ITM Evaluation: [3200/6156]  eta: 0:02:11    time: 0.0410  data: 0.0000  max mem: 5880
      ITM Evaluation: [3300/6156]  eta: 0:02:06    time: 0.0460  data: 0.0000  max mem: 5880
      ITM Evaluation: [3400/6156]  eta: 0:02:02    time: 0.0469  data: 0.0000  max mem: 5880
      ITM Evaluation: [3500/6156]  eta: 0:01:57    time: 0.0427  data: 0.0000  max mem: 5880
      ITM Evaluation: [3600/6156]  eta: 0:01:53    time: 0.0451  data: 0.0000  max mem: 5880
      ITM Evaluation: [3700/6156]  eta: 0:01:49    time: 0.0422  data: 0.0000  max mem: 5880
      ITM Evaluation: [3800/6156]  eta: 0:01:44    time: 0.0389  data: 0.0000  max mem: 5880
      ITM Evaluation: [3900/6156]  eta: 0:01:39    time: 0.0402  data: 0.0000  max mem: 5880
      ITM Evaluation: [4000/6156]  eta: 0:01:35    time: 0.0418  data: 0.0000  max mem: 5880
      ITM Evaluation: [4100/6156]  eta: 0:01:30    time: 0.0452  data: 0.0000  max mem: 5880
      ITM Evaluation: [4200/6156]  eta: 0:01:26    time: 0.0429  data: 0.0000  max mem: 5880
      ITM Evaluation: [4300/6156]  eta: 0:01:21    time: 0.0436  data: 0.0000  max mem: 5880
      ITM Evaluation: [4400/6156]  eta: 0:01:17    time: 0.0405  data: 0.0000  max mem: 5880
      ITM Evaluation: [4500/6156]  eta: 0:01:12    time: 0.0416  data: 0.0000  max mem: 5880
      ITM Evaluation: [4600/6156]  eta: 0:01:08    time: 0.0428  data: 0.0000  max mem: 5880
      ITM Evaluation: [4700/6156]  eta: 0:01:03    time: 0.0392  data: 0.0000  max mem: 5880
      ITM Evaluation: [4800/6156]  eta: 0:00:59    time: 0.0394  data: 0.0000  max mem: 5880
      ITM Evaluation: [4900/6156]  eta: 0:00:54    time: 0.0406  data: 0.0000  max mem: 5880
      ITM Evaluation: [5000/6156]  eta: 0:00:50    time: 0.0470  data: 0.0000  max mem: 5880
      ITM Evaluation: [5100/6156]  eta: 0:00:46    time: 0.0427  data: 0.0000  max mem: 5880
      ITM Evaluation: [5200/6156]  eta: 0:00:41    time: 0.0380  data: 0.0000  max mem: 5880
      ITM Evaluation: [5300/6156]  eta: 0:00:37    time: 0.0369  data: 0.0000  max mem: 5880
      ITM Evaluation: [5400/6156]  eta: 0:00:32    time: 0.0381  data: 0.0000  max mem: 5880
      ITM Evaluation: [5500/6156]  eta: 0:00:28    time: 0.0420  data: 0.0000  max mem: 5880
      ITM Evaluation: [5600/6156]  eta: 0:00:24    time: 0.0372  data: 0.0000  max mem: 5880
      ITM Evaluation: [5700/6156]  eta: 0:00:19    time: 0.0412  data: 0.0000  max mem: 5880
      ITM Evaluation: [5800/6156]  eta: 0:00:15    time: 0.0416  data: 0.0000  max mem: 5880
      ITM Evaluation: [5900/6156]  eta: 0:00:11    time: 0.0425  data: 0.0000  max mem: 5880
      ITM Evaluation: [6000/6156]  eta: 0:00:06    time: 0.0454  data: 0.0000  max mem: 5880
      ITM Evaluation: [6100/6156]  eta: 0:00:02    time: 0.0437  data: 0.0000  max mem: 5880
      ITM Evaluation: [6155/6156]  eta: 0:00:00    time: 0.0434  data: 0.0000  max mem: 5880
      ITM Evaluation: Total time: 0:04:26 (0.0433 s / it)
     total_time 266.77690982818604
     Computing matching score time 0:04:26
### TTA ITM Score: 
+-------+--------+--------+--------+--------+--------+
| epoch |   R1   |   R5   |  R10   |  mAP   |  mINP  |
+-------+--------+--------+--------+--------+--------+
|  -999 | 70.760 | 87.378 | 92.268 | 63.849 | 48.174 |
|  -999 | 76.170 | 89.457 | 93.600 | 65.570 | 47.372 |
|   0   | 76.121 | 89.392 | 93.648 | 65.612 | 47.503 |
|   1   | 75.861 | 89.311 | 93.746 | 65.595 | 47.734 |
|   2   | 75.747 | 89.311 | 93.502 | 65.687 | 48.070 |
|   3   | 75.357 | 89.149 | 93.324 | 65.673 | 48.272 |
|   4   | 74.903 | 88.921 | 93.080 | 65.459 | 48.277 |
|   5   | 74.659 | 88.840 | 92.950 | 65.240 | 48.116 |
|   6   | 74.399 | 88.840 | 92.836 | 65.089 | 47.958 |
|   7   | 74.285 | 88.759 | 92.739 | 64.966 | 47.814 |
|   8   | 74.220 | 88.710 | 92.739 | 64.923 | 47.791 |
|   9   | 74.172 | 88.678 | 92.658 | 64.885 | 47.756 |
|   10  | 74.237 | 88.678 | 92.641 | 64.866 | 47.717 |
|   11  | 74.204 | 88.564 | 92.625 | 64.832 | 47.677 |
|   12  | 74.204 | 88.515 | 92.609 | 64.809 | 47.651 |
|   13  | 74.204 | 88.532 | 92.593 | 64.800 | 47.638 |
|   14  | 74.204 | 88.515 | 92.576 | 64.784 | 47.626 |
|   15  | 74.155 | 88.483 | 92.576 | 64.770 | 47.630 |
|   16  | 74.172 | 88.467 | 92.560 | 64.768 | 47.628 |
|   17  | 74.172 | 88.467 | 92.544 | 64.765 | 47.633 |
|   18  | 74.155 | 88.467 | 92.544 | 64.763 | 47.629 |
|   19  | 74.155 | 88.450 | 92.544 | 64.750 | 47.617 |
|   20  | 74.139 | 88.434 | 92.544 | 64.744 | 47.608 |
|   21  | 74.139 | 88.434 | 92.544 | 64.740 | 47.596 |
|   22  | 74.139 | 88.450 | 92.544 | 64.742 | 47.605 |
|   23  | 74.139 | 88.450 | 92.544 | 64.736 | 47.591 |
+-------+--------+--------+--------+--------+--------+
     logs:  {'epo': 23, 'R1': 74.139, 'R5': 88.45, 'R10': 92.544, 'mAP': 64.736, 'mINP': 47.591, 'lr': 5e-06, 'entropy': 0.233293, 'loss': 0.233293}
      TTA Epoch: [24] [ 0/54]  eta: 0:00:47  lr: 0.000005  entropy: 0.2580  loss: 0.2580  time: 0.8723  data: 0.7821  max mem: 5880
      TTA Epoch: [24] [53/54]  eta: 0:00:00  lr: 0.000004  entropy: 0.1825  loss: 0.1825  time: 0.0507  data: 0.0002  max mem: 5880
      TTA Epoch: [24] Total time: 0:00:03 (0.0696 s / it)
     Averaged stats: lr: 0.0000  entropy: 0.2368  loss: 0.2368
     itm tta time 0:00:04
     Computing matching score
      ITM Evaluation: [   0/6156]  eta: 0:04:45    time: 0.0464  data: 0.0042  max mem: 5880
      ITM Evaluation: [ 100/6156]  eta: 0:03:59    time: 0.0399  data: 0.0000  max mem: 5880
      ITM Evaluation: [ 200/6156]  eta: 0:03:50    time: 0.0353  data: 0.0000  max mem: 5880
      ITM Evaluation: [ 300/6156]  eta: 0:03:55    time: 0.0429  data: 0.0000  max mem: 5880
      ITM Evaluation: [ 400/6156]  eta: 0:03:54    time: 0.0417  data: 0.0000  max mem: 5880
      ITM Evaluation: [ 500/6156]  eta: 0:03:55    time: 0.0440  data: 0.0000  max mem: 5880
      ITM Evaluation: [ 600/6156]  eta: 0:03:54    time: 0.0427  data: 0.0000  max mem: 5880
      ITM Evaluation: [ 700/6156]  eta: 0:03:52    time: 0.0459  data: 0.0000  max mem: 5880
      ITM Evaluation: [ 800/6156]  eta: 0:03:49    time: 0.0473  data: 0.0000  max mem: 5880
      ITM Evaluation: [ 900/6156]  eta: 0:03:46    time: 0.0435  data: 0.0000  max mem: 5880
      ITM Evaluation: [1000/6156]  eta: 0:03:43    time: 0.0411  data: 0.0000  max mem: 5880
      ITM Evaluation: [1100/6156]  eta: 0:03:38    time: 0.0405  data: 0.0000  max mem: 5880
      ITM Evaluation: [1200/6156]  eta: 0:03:33    time: 0.0389  data: 0.0000  max mem: 5880
      ITM Evaluation: [1300/6156]  eta: 0:03:28    time: 0.0455  data: 0.0000  max mem: 5880
      ITM Evaluation: [1400/6156]  eta: 0:03:27    time: 0.0555  data: 0.0000  max mem: 5880
      ITM Evaluation: [1500/6156]  eta: 0:03:23    time: 0.0441  data: 0.0000  max mem: 5880
      ITM Evaluation: [1600/6156]  eta: 0:03:19    time: 0.0479  data: 0.0000  max mem: 5880
      ITM Evaluation: [1700/6156]  eta: 0:03:15    time: 0.0444  data: 0.0000  max mem: 5880
      ITM Evaluation: [1800/6156]  eta: 0:03:12    time: 0.0519  data: 0.0000  max mem: 5880
      ITM Evaluation: [1900/6156]  eta: 0:03:08    time: 0.0451  data: 0.0000  max mem: 5880
      ITM Evaluation: [2000/6156]  eta: 0:03:05    time: 0.0523  data: 0.0000  max mem: 5880
      ITM Evaluation: [2100/6156]  eta: 0:03:01    time: 0.0487  data: 0.0000  max mem: 5880
      ITM Evaluation: [2200/6156]  eta: 0:02:58    time: 0.0458  data: 0.0000  max mem: 5880
      ITM Evaluation: [2300/6156]  eta: 0:02:54    time: 0.0441  data: 0.0000  max mem: 5880
      ITM Evaluation: [2400/6156]  eta: 0:02:49    time: 0.0399  data: 0.0000  max mem: 5880
      ITM Evaluation: [2500/6156]  eta: 0:02:45    time: 0.0386  data: 0.0000  max mem: 5880
      ITM Evaluation: [2600/6156]  eta: 0:02:40    time: 0.0417  data: 0.0000  max mem: 5880
      ITM Evaluation: [2700/6156]  eta: 0:02:35    time: 0.0418  data: 0.0000  max mem: 5880
      ITM Evaluation: [2800/6156]  eta: 0:02:31    time: 0.0480  data: 0.0000  max mem: 5880
      ITM Evaluation: [2900/6156]  eta: 0:02:26    time: 0.0405  data: 0.0000  max mem: 5880
      ITM Evaluation: [3000/6156]  eta: 0:02:22    time: 0.0459  data: 0.0000  max mem: 5880
      ITM Evaluation: [3100/6156]  eta: 0:02:17    time: 0.0402  data: 0.0000  max mem: 5880
      ITM Evaluation: [3200/6156]  eta: 0:02:13    time: 0.0457  data: 0.0000  max mem: 5880
      ITM Evaluation: [3300/6156]  eta: 0:02:08    time: 0.0444  data: 0.0000  max mem: 5880
      ITM Evaluation: [3400/6156]  eta: 0:02:04    time: 0.0428  data: 0.0000  max mem: 5880
      ITM Evaluation: [3500/6156]  eta: 0:01:59    time: 0.0395  data: 0.0000  max mem: 5880
      ITM Evaluation: [3600/6156]  eta: 0:01:54    time: 0.0395  data: 0.0000  max mem: 5880
      ITM Evaluation: [3700/6156]  eta: 0:01:50    time: 0.0418  data: 0.0000  max mem: 5880
      ITM Evaluation: [3800/6156]  eta: 0:01:45    time: 0.0495  data: 0.0000  max mem: 5880
      ITM Evaluation: [3900/6156]  eta: 0:01:40    time: 0.0410  data: 0.0000  max mem: 5880
      ITM Evaluation: [4000/6156]  eta: 0:01:36    time: 0.0430  data: 0.0000  max mem: 5880
      ITM Evaluation: [4100/6156]  eta: 0:01:31    time: 0.0429  data: 0.0000  max mem: 5880
      ITM Evaluation: [4200/6156]  eta: 0:01:27    time: 0.0450  data: 0.0000  max mem: 5880
      ITM Evaluation: [4300/6156]  eta: 0:01:22    time: 0.0430  data: 0.0000  max mem: 5880
      ITM Evaluation: [4400/6156]  eta: 0:01:18    time: 0.0413  data: 0.0000  max mem: 5880
      ITM Evaluation: [4500/6156]  eta: 0:01:13    time: 0.0357  data: 0.0000  max mem: 5880
      ITM Evaluation: [4600/6156]  eta: 0:01:09    time: 0.0391  data: 0.0000  max mem: 5880
      ITM Evaluation: [4700/6156]  eta: 0:01:04    time: 0.0385  data: 0.0000  max mem: 5880
      ITM Evaluation: [4800/6156]  eta: 0:00:59    time: 0.0394  data: 0.0000  max mem: 5880
      ITM Evaluation: [4900/6156]  eta: 0:00:55    time: 0.0397  data: 0.0000  max mem: 5880
      ITM Evaluation: [5000/6156]  eta: 0:00:50    time: 0.0379  data: 0.0000  max mem: 5880
      ITM Evaluation: [5100/6156]  eta: 0:00:46    time: 0.0395  data: 0.0000  max mem: 5880
      ITM Evaluation: [5200/6156]  eta: 0:00:41    time: 0.0408  data: 0.0000  max mem: 5880
      ITM Evaluation: [5300/6156]  eta: 0:00:37    time: 0.0394  data: 0.0000  max mem: 5880
      ITM Evaluation: [5400/6156]  eta: 0:00:32    time: 0.0373  data: 0.0000  max mem: 5880
      ITM Evaluation: [5500/6156]  eta: 0:00:28    time: 0.0541  data: 0.0000  max mem: 5880
      ITM Evaluation: [5600/6156]  eta: 0:00:24    time: 0.0358  data: 0.0000  max mem: 5880
      ITM Evaluation: [5700/6156]  eta: 0:00:19    time: 0.0407  data: 0.0000  max mem: 5880
      ITM Evaluation: [5800/6156]  eta: 0:00:15    time: 0.0415  data: 0.0000  max mem: 5880
      ITM Evaluation: [5900/6156]  eta: 0:00:11    time: 0.0372  data: 0.0000  max mem: 5880
      ITM Evaluation: [6000/6156]  eta: 0:00:06    time: 0.0335  data: 0.0000  max mem: 5880
      ITM Evaluation: [6100/6156]  eta: 0:00:02    time: 0.0360  data: 0.0000  max mem: 5880
      ITM Evaluation: [6155/6156]  eta: 0:00:00    time: 0.0335  data: 0.0000  max mem: 5880
      ITM Evaluation: Total time: 0:04:24 (0.0430 s / it)
     total_time 264.9579520225525
     Computing matching score time 0:04:24
### TTA ITM Score: 
+-------+--------+--------+--------+--------+--------+
| epoch |   R1   |   R5   |  R10   |  mAP   |  mINP  |
+-------+--------+--------+--------+--------+--------+
|  -999 | 70.760 | 87.378 | 92.268 | 63.849 | 48.174 |
|  -999 | 76.170 | 89.457 | 93.600 | 65.570 | 47.372 |
|   0   | 76.121 | 89.392 | 93.648 | 65.612 | 47.503 |
|   1   | 75.861 | 89.311 | 93.746 | 65.595 | 47.734 |
|   2   | 75.747 | 89.311 | 93.502 | 65.687 | 48.070 |
|   3   | 75.357 | 89.149 | 93.324 | 65.673 | 48.272 |
|   4   | 74.903 | 88.921 | 93.080 | 65.459 | 48.277 |
|   5   | 74.659 | 88.840 | 92.950 | 65.240 | 48.116 |
|   6   | 74.399 | 88.840 | 92.836 | 65.089 | 47.958 |
|   7   | 74.285 | 88.759 | 92.739 | 64.966 | 47.814 |
|   8   | 74.220 | 88.710 | 92.739 | 64.923 | 47.791 |
|   9   | 74.172 | 88.678 | 92.658 | 64.885 | 47.756 |
|   10  | 74.237 | 88.678 | 92.641 | 64.866 | 47.717 |
|   11  | 74.204 | 88.564 | 92.625 | 64.832 | 47.677 |
|   12  | 74.204 | 88.515 | 92.609 | 64.809 | 47.651 |
|   13  | 74.204 | 88.532 | 92.593 | 64.800 | 47.638 |
|   14  | 74.204 | 88.515 | 92.576 | 64.784 | 47.626 |
|   15  | 74.155 | 88.483 | 92.576 | 64.770 | 47.630 |
|   16  | 74.172 | 88.467 | 92.560 | 64.768 | 47.628 |
|   17  | 74.172 | 88.467 | 92.544 | 64.765 | 47.633 |
|   18  | 74.155 | 88.467 | 92.544 | 64.763 | 47.629 |
|   19  | 74.155 | 88.450 | 92.544 | 64.750 | 47.617 |
|   20  | 74.139 | 88.434 | 92.544 | 64.744 | 47.608 |
|   21  | 74.139 | 88.434 | 92.544 | 64.740 | 47.596 |
|   22  | 74.139 | 88.450 | 92.544 | 64.742 | 47.605 |
|   23  | 74.139 | 88.450 | 92.544 | 64.736 | 47.591 |
|   24  | 74.155 | 88.450 | 92.544 | 64.732 | 47.589 |
+-------+--------+--------+--------+--------+--------+
     logs:  {'epo': 24, 'R1': 74.155, 'R5': 88.45, 'R10': 92.544, 'mAP': 64.732, 'mINP': 47.589, 'lr': 4e-06, 'entropy': 0.236798, 'loss': 0.236798}
      TTA Epoch: [25] [ 0/54]  eta: 0:00:41  lr: 0.000004  entropy: 0.2063  loss: 0.2063  time: 0.7776  data: 0.6658  max mem: 5880
      TTA Epoch: [25] [53/54]  eta: 0:00:00  lr: 0.000003  entropy: 0.1834  loss: 0.1834  time: 0.0473  data: 0.0001  max mem: 5880
      TTA Epoch: [25] Total time: 0:00:03 (0.0716 s / it)
     Averaged stats: lr: 0.0000  entropy: 0.2393  loss: 0.2393
     itm tta time 0:00:04
     Computing matching score
      ITM Evaluation: [   0/6156]  eta: 0:04:04    time: 0.0398  data: 0.0054  max mem: 5880
      ITM Evaluation: [ 100/6156]  eta: 0:04:20    time: 0.0454  data: 0.0000  max mem: 5880
      ITM Evaluation: [ 200/6156]  eta: 0:04:11    time: 0.0420  data: 0.0000  max mem: 5880
      ITM Evaluation: [ 300/6156]  eta: 0:04:09    time: 0.0421  data: 0.0000  max mem: 5880
      ITM Evaluation: [ 400/6156]  eta: 0:04:07    time: 0.0475  data: 0.0000  max mem: 5880
      ITM Evaluation: [ 500/6156]  eta: 0:04:10    time: 0.0499  data: 0.0000  max mem: 5880
      ITM Evaluation: [ 600/6156]  eta: 0:04:05    time: 0.0380  data: 0.0000  max mem: 5880
      ITM Evaluation: [ 700/6156]  eta: 0:03:58    time: 0.0401  data: 0.0000  max mem: 5880
      ITM Evaluation: [ 800/6156]  eta: 0:03:51    time: 0.0393  data: 0.0000  max mem: 5880
      ITM Evaluation: [ 900/6156]  eta: 0:03:44    time: 0.0370  data: 0.0000  max mem: 5880
      ITM Evaluation: [1000/6156]  eta: 0:03:38    time: 0.0374  data: 0.0000  max mem: 5880
      ITM Evaluation: [1100/6156]  eta: 0:03:32    time: 0.0424  data: 0.0000  max mem: 5880
      ITM Evaluation: [1200/6156]  eta: 0:03:27    time: 0.0432  data: 0.0000  max mem: 5880
      ITM Evaluation: [1300/6156]  eta: 0:03:22    time: 0.0413  data: 0.0000  max mem: 5880
      ITM Evaluation: [1400/6156]  eta: 0:03:17    time: 0.0417  data: 0.0000  max mem: 5880
      ITM Evaluation: [1500/6156]  eta: 0:03:14    time: 0.0451  data: 0.0000  max mem: 5880
      ITM Evaluation: [1600/6156]  eta: 0:03:11    time: 0.0416  data: 0.0000  max mem: 5880
      ITM Evaluation: [1700/6156]  eta: 0:03:07    time: 0.0442  data: 0.0000  max mem: 5880
      ITM Evaluation: [1800/6156]  eta: 0:03:03    time: 0.0437  data: 0.0000  max mem: 5880
      ITM Evaluation: [1900/6156]  eta: 0:02:59    time: 0.0488  data: 0.0000  max mem: 5880
      ITM Evaluation: [2000/6156]  eta: 0:02:56    time: 0.0455  data: 0.0000  max mem: 5880
      ITM Evaluation: [2100/6156]  eta: 0:02:52    time: 0.0481  data: 0.0000  max mem: 5880
      ITM Evaluation: [2200/6156]  eta: 0:02:48    time: 0.0414  data: 0.0000  max mem: 5880
      ITM Evaluation: [2300/6156]  eta: 0:02:42    time: 0.0381  data: 0.0000  max mem: 5880
      ITM Evaluation: [2400/6156]  eta: 0:02:38    time: 0.0405  data: 0.0000  max mem: 5880
      ITM Evaluation: [2500/6156]  eta: 0:02:33    time: 0.0373  data: 0.0000  max mem: 5880
      ITM Evaluation: [2600/6156]  eta: 0:02:29    time: 0.0424  data: 0.0000  max mem: 5880
      ITM Evaluation: [2700/6156]  eta: 0:02:25    time: 0.0403  data: 0.0000  max mem: 5880
      ITM Evaluation: [2800/6156]  eta: 0:02:21    time: 0.0404  data: 0.0000  max mem: 5880
      ITM Evaluation: [2900/6156]  eta: 0:02:17    time: 0.0434  data: 0.0000  max mem: 5880
      ITM Evaluation: [3000/6156]  eta: 0:02:13    time: 0.0513  data: 0.0000  max mem: 5880
      ITM Evaluation: [3100/6156]  eta: 0:02:09    time: 0.0439  data: 0.0000  max mem: 5880
      ITM Evaluation: [3200/6156]  eta: 0:02:05    time: 0.0465  data: 0.0000  max mem: 5880
      ITM Evaluation: [3300/6156]  eta: 0:02:01    time: 0.0467  data: 0.0000  max mem: 5880
      ITM Evaluation: [3400/6156]  eta: 0:01:57    time: 0.0469  data: 0.0000  max mem: 5880
      ITM Evaluation: [3500/6156]  eta: 0:01:53    time: 0.0396  data: 0.0000  max mem: 5880
      ITM Evaluation: [3600/6156]  eta: 0:01:48    time: 0.0452  data: 0.0000  max mem: 5880
      ITM Evaluation: [3700/6156]  eta: 0:01:44    time: 0.0454  data: 0.0000  max mem: 5880
      ITM Evaluation: [3800/6156]  eta: 0:01:40    time: 0.0406  data: 0.0000  max mem: 5880
      ITM Evaluation: [3900/6156]  eta: 0:01:35    time: 0.0443  data: 0.0000  max mem: 5880
      ITM Evaluation: [4000/6156]  eta: 0:01:31    time: 0.0440  data: 0.0000  max mem: 5880
      ITM Evaluation: [4100/6156]  eta: 0:01:27    time: 0.0516  data: 0.0000  max mem: 5880
      ITM Evaluation: [4200/6156]  eta: 0:01:23    time: 0.0381  data: 0.0000  max mem: 5880
      ITM Evaluation: [4300/6156]  eta: 0:01:19    time: 0.0417  data: 0.0000  max mem: 5880
      ITM Evaluation: [4400/6156]  eta: 0:01:15    time: 0.0454  data: 0.0000  max mem: 5880
      ITM Evaluation: [4500/6156]  eta: 0:01:10    time: 0.0453  data: 0.0000  max mem: 5880
      ITM Evaluation: [4600/6156]  eta: 0:01:06    time: 0.0455  data: 0.0000  max mem: 5880
      ITM Evaluation: [4700/6156]  eta: 0:01:02    time: 0.0397  data: 0.0000  max mem: 5880
      ITM Evaluation: [4800/6156]  eta: 0:00:58    time: 0.0435  data: 0.0000  max mem: 5880
      ITM Evaluation: [4900/6156]  eta: 0:00:53    time: 0.0420  data: 0.0000  max mem: 5880
      ITM Evaluation: [5000/6156]  eta: 0:00:49    time: 0.0389  data: 0.0000  max mem: 5880
      ITM Evaluation: [5100/6156]  eta: 0:00:45    time: 0.0357  data: 0.0000  max mem: 5880
      ITM Evaluation: [5200/6156]  eta: 0:00:40    time: 0.0444  data: 0.0000  max mem: 5880
      ITM Evaluation: [5300/6156]  eta: 0:00:36    time: 0.0440  data: 0.0000  max mem: 5880
      ITM Evaluation: [5400/6156]  eta: 0:00:32    time: 0.0465  data: 0.0000  max mem: 5880
      ITM Evaluation: [5500/6156]  eta: 0:00:28    time: 0.0458  data: 0.0000  max mem: 5880
      ITM Evaluation: [5600/6156]  eta: 0:00:23    time: 0.0401  data: 0.0000  max mem: 5880
      ITM Evaluation: [5700/6156]  eta: 0:00:19    time: 0.0498  data: 0.0000  max mem: 5880
      ITM Evaluation: [5800/6156]  eta: 0:00:15    time: 0.0550  data: 0.0000  max mem: 5880
      ITM Evaluation: [5900/6156]  eta: 0:00:11    time: 0.0407  data: 0.0000  max mem: 5880
      ITM Evaluation: [6000/6156]  eta: 0:00:06    time: 0.0425  data: 0.0000  max mem: 5880
      ITM Evaluation: [6100/6156]  eta: 0:00:02    time: 0.0441  data: 0.0000  max mem: 5880
      ITM Evaluation: [6155/6156]  eta: 0:00:00    time: 0.0463  data: 0.0000  max mem: 5880
      ITM Evaluation: Total time: 0:04:26 (0.0432 s / it)
     total_time 266.26510643959045
     Computing matching score time 0:04:26
### TTA ITM Score: 
+-------+--------+--------+--------+--------+--------+
| epoch |   R1   |   R5   |  R10   |  mAP   |  mINP  |
+-------+--------+--------+--------+--------+--------+
|  -999 | 70.760 | 87.378 | 92.268 | 63.849 | 48.174 |
|  -999 | 76.170 | 89.457 | 93.600 | 65.570 | 47.372 |
|   0   | 76.121 | 89.392 | 93.648 | 65.612 | 47.503 |
|   1   | 75.861 | 89.311 | 93.746 | 65.595 | 47.734 |
|   2   | 75.747 | 89.311 | 93.502 | 65.687 | 48.070 |
|   3   | 75.357 | 89.149 | 93.324 | 65.673 | 48.272 |
|   4   | 74.903 | 88.921 | 93.080 | 65.459 | 48.277 |
|   5   | 74.659 | 88.840 | 92.950 | 65.240 | 48.116 |
|   6   | 74.399 | 88.840 | 92.836 | 65.089 | 47.958 |
|   7   | 74.285 | 88.759 | 92.739 | 64.966 | 47.814 |
|   8   | 74.220 | 88.710 | 92.739 | 64.923 | 47.791 |
|   9   | 74.172 | 88.678 | 92.658 | 64.885 | 47.756 |
|   10  | 74.237 | 88.678 | 92.641 | 64.866 | 47.717 |
|   11  | 74.204 | 88.564 | 92.625 | 64.832 | 47.677 |
|   12  | 74.204 | 88.515 | 92.609 | 64.809 | 47.651 |
|   13  | 74.204 | 88.532 | 92.593 | 64.800 | 47.638 |
|   14  | 74.204 | 88.515 | 92.576 | 64.784 | 47.626 |
|   15  | 74.155 | 88.483 | 92.576 | 64.770 | 47.630 |
|   16  | 74.172 | 88.467 | 92.560 | 64.768 | 47.628 |
|   17  | 74.172 | 88.467 | 92.544 | 64.765 | 47.633 |
|   18  | 74.155 | 88.467 | 92.544 | 64.763 | 47.629 |
|   19  | 74.155 | 88.450 | 92.544 | 64.750 | 47.617 |
|   20  | 74.139 | 88.434 | 92.544 | 64.744 | 47.608 |
|   21  | 74.139 | 88.434 | 92.544 | 64.740 | 47.596 |
|   22  | 74.139 | 88.450 | 92.544 | 64.742 | 47.605 |
|   23  | 74.139 | 88.450 | 92.544 | 64.736 | 47.591 |
|   24  | 74.155 | 88.450 | 92.544 | 64.732 | 47.589 |
|   25  | 74.139 | 88.450 | 92.560 | 64.733 | 47.591 |
+-------+--------+--------+--------+--------+--------+
     logs:  {'epo': 25, 'R1': 74.139, 'R5': 88.45, 'R10': 92.56, 'mAP': 64.733, 'mINP': 47.591, 'lr': 4e-06, 'entropy': 0.239262, 'loss': 0.239262}
      TTA Epoch: [26] [ 0/54]  eta: 0:00:45  lr: 0.000003  entropy: 0.2457  loss: 0.2457  time: 0.8514  data: 0.7374  max mem: 5880
      TTA Epoch: [26] [53/54]  eta: 0:00:00  lr: 0.000002  entropy: 0.1390  loss: 0.1390  time: 0.0522  data: 0.0001  max mem: 5880
      TTA Epoch: [26] Total time: 0:00:03 (0.0706 s / it)
     Averaged stats: lr: 0.0000  entropy: 0.2345  loss: 0.2345
     itm tta time 0:00:04
     Computing matching score
      ITM Evaluation: [   0/6156]  eta: 0:05:45    time: 0.0561  data: 0.0043  max mem: 5880
      ITM Evaluation: [ 100/6156]  eta: 0:04:33    time: 0.0476  data: 0.0000  max mem: 5880
      ITM Evaluation: [ 200/6156]  eta: 0:04:31    time: 0.0468  data: 0.0000  max mem: 5880
      ITM Evaluation: [ 300/6156]  eta: 0:04:42    time: 0.0522  data: 0.0000  max mem: 5880
      ITM Evaluation: [ 400/6156]  eta: 0:04:35    time: 0.0502  data: 0.0000  max mem: 5880
      ITM Evaluation: [ 500/6156]  eta: 0:04:30    time: 0.0470  data: 0.0000  max mem: 5880
      ITM Evaluation: [ 600/6156]  eta: 0:04:22    time: 0.0450  data: 0.0000  max mem: 5880
      ITM Evaluation: [ 700/6156]  eta: 0:04:16    time: 0.0418  data: 0.0000  max mem: 5880
      ITM Evaluation: [ 800/6156]  eta: 0:04:10    time: 0.0452  data: 0.0000  max mem: 5880
      ITM Evaluation: [ 900/6156]  eta: 0:04:04    time: 0.0510  data: 0.0000  max mem: 5880
      ITM Evaluation: [1000/6156]  eta: 0:03:56    time: 0.0407  data: 0.0000  max mem: 5880
      ITM Evaluation: [1100/6156]  eta: 0:03:47    time: 0.0381  data: 0.0000  max mem: 5880
      ITM Evaluation: [1200/6156]  eta: 0:03:40    time: 0.0465  data: 0.0000  max mem: 5880
      ITM Evaluation: [1300/6156]  eta: 0:03:37    time: 0.0504  data: 0.0000  max mem: 5880
      ITM Evaluation: [1400/6156]  eta: 0:03:32    time: 0.0450  data: 0.0000  max mem: 5880
      ITM Evaluation: [1500/6156]  eta: 0:03:28    time: 0.0429  data: 0.0000  max mem: 5880
      ITM Evaluation: [1600/6156]  eta: 0:03:25    time: 0.0470  data: 0.0000  max mem: 5880
      ITM Evaluation: [1700/6156]  eta: 0:03:19    time: 0.0405  data: 0.0000  max mem: 5880
      ITM Evaluation: [1800/6156]  eta: 0:03:15    time: 0.0454  data: 0.0000  max mem: 5880
      ITM Evaluation: [1900/6156]  eta: 0:03:10    time: 0.0437  data: 0.0000  max mem: 5880
      ITM Evaluation: [2000/6156]  eta: 0:03:06    time: 0.0442  data: 0.0000  max mem: 5880
      ITM Evaluation: [2100/6156]  eta: 0:03:02    time: 0.0437  data: 0.0000  max mem: 5880
      ITM Evaluation: [2200/6156]  eta: 0:02:57    time: 0.0449  data: 0.0000  max mem: 5880
      ITM Evaluation: [2300/6156]  eta: 0:02:53    time: 0.0485  data: 0.0000  max mem: 5880
      ITM Evaluation: [2400/6156]  eta: 0:02:48    time: 0.0392  data: 0.0000  max mem: 5880
      ITM Evaluation: [2500/6156]  eta: 0:02:43    time: 0.0442  data: 0.0000  max mem: 5880
      ITM Evaluation: [2600/6156]  eta: 0:02:39    time: 0.0436  data: 0.0000  max mem: 5880
      ITM Evaluation: [2700/6156]  eta: 0:02:34    time: 0.0440  data: 0.0000  max mem: 5880
      ITM Evaluation: [2800/6156]  eta: 0:02:29    time: 0.0446  data: 0.0000  max mem: 5880
      ITM Evaluation: [2900/6156]  eta: 0:02:25    time: 0.0405  data: 0.0000  max mem: 5880
      ITM Evaluation: [3000/6156]  eta: 0:02:20    time: 0.0471  data: 0.0000  max mem: 5880
      ITM Evaluation: [3100/6156]  eta: 0:02:16    time: 0.0403  data: 0.0000  max mem: 5880
      ITM Evaluation: [3200/6156]  eta: 0:02:11    time: 0.0403  data: 0.0000  max mem: 5880
      ITM Evaluation: [3300/6156]  eta: 0:02:06    time: 0.0442  data: 0.0000  max mem: 5880
      ITM Evaluation: [3400/6156]  eta: 0:02:02    time: 0.0433  data: 0.0000  max mem: 5880
      ITM Evaluation: [3500/6156]  eta: 0:01:57    time: 0.0358  data: 0.0000  max mem: 5880
      ITM Evaluation: [3600/6156]  eta: 0:01:52    time: 0.0386  data: 0.0000  max mem: 5880
      ITM Evaluation: [3700/6156]  eta: 0:01:47    time: 0.0399  data: 0.0000  max mem: 5880
      ITM Evaluation: [3800/6156]  eta: 0:01:43    time: 0.0466  data: 0.0000  max mem: 5880
      ITM Evaluation: [3900/6156]  eta: 0:01:39    time: 0.0466  data: 0.0000  max mem: 5880
      ITM Evaluation: [4000/6156]  eta: 0:01:34    time: 0.0439  data: 0.0000  max mem: 5880
      ITM Evaluation: [4100/6156]  eta: 0:01:30    time: 0.0412  data: 0.0000  max mem: 5880
      ITM Evaluation: [4200/6156]  eta: 0:01:25    time: 0.0414  data: 0.0000  max mem: 5880
      ITM Evaluation: [4300/6156]  eta: 0:01:21    time: 0.0402  data: 0.0000  max mem: 5880
      ITM Evaluation: [4400/6156]  eta: 0:01:16    time: 0.0375  data: 0.0000  max mem: 5880
      ITM Evaluation: [4500/6156]  eta: 0:01:12    time: 0.0392  data: 0.0000  max mem: 5880
      ITM Evaluation: [4600/6156]  eta: 0:01:07    time: 0.0518  data: 0.0000  max mem: 5880
      ITM Evaluation: [4700/6156]  eta: 0:01:03    time: 0.0383  data: 0.0000  max mem: 5880
      ITM Evaluation: [4800/6156]  eta: 0:00:58    time: 0.0383  data: 0.0000  max mem: 5880
      ITM Evaluation: [4900/6156]  eta: 0:00:54    time: 0.0436  data: 0.0000  max mem: 5880
      ITM Evaluation: [5000/6156]  eta: 0:00:50    time: 0.0379  data: 0.0000  max mem: 5880
      ITM Evaluation: [5100/6156]  eta: 0:00:45    time: 0.0373  data: 0.0000  max mem: 5880
      ITM Evaluation: [5200/6156]  eta: 0:00:41    time: 0.0384  data: 0.0000  max mem: 5880
      ITM Evaluation: [5300/6156]  eta: 0:00:36    time: 0.0389  data: 0.0000  max mem: 5880
      ITM Evaluation: [5400/6156]  eta: 0:00:32    time: 0.0398  data: 0.0000  max mem: 5880
      ITM Evaluation: [5500/6156]  eta: 0:00:28    time: 0.0368  data: 0.0000  max mem: 5880
      ITM Evaluation: [5600/6156]  eta: 0:00:23    time: 0.0428  data: 0.0000  max mem: 5880
      ITM Evaluation: [5700/6156]  eta: 0:00:19    time: 0.0404  data: 0.0000  max mem: 5880
      ITM Evaluation: [5800/6156]  eta: 0:00:15    time: 0.0413  data: 0.0000  max mem: 5880
      ITM Evaluation: [5900/6156]  eta: 0:00:10    time: 0.0377  data: 0.0000  max mem: 5880
      ITM Evaluation: [6000/6156]  eta: 0:00:06    time: 0.0382  data: 0.0000  max mem: 5880
      ITM Evaluation: [6100/6156]  eta: 0:00:02    time: 0.0364  data: 0.0000  max mem: 5880
      ITM Evaluation: [6155/6156]  eta: 0:00:00    time: 0.0429  data: 0.0000  max mem: 5880
      ITM Evaluation: Total time: 0:04:23 (0.0427 s / it)
     total_time 263.2295937538147
     Computing matching score time 0:04:23
### TTA ITM Score: 
+-------+--------+--------+--------+--------+--------+
| epoch |   R1   |   R5   |  R10   |  mAP   |  mINP  |
+-------+--------+--------+--------+--------+--------+
|  -999 | 70.760 | 87.378 | 92.268 | 63.849 | 48.174 |
|  -999 | 76.170 | 89.457 | 93.600 | 65.570 | 47.372 |
|   0   | 76.121 | 89.392 | 93.648 | 65.612 | 47.503 |
|   1   | 75.861 | 89.311 | 93.746 | 65.595 | 47.734 |
|   2   | 75.747 | 89.311 | 93.502 | 65.687 | 48.070 |
|   3   | 75.357 | 89.149 | 93.324 | 65.673 | 48.272 |
|   4   | 74.903 | 88.921 | 93.080 | 65.459 | 48.277 |
|   5   | 74.659 | 88.840 | 92.950 | 65.240 | 48.116 |
|   6   | 74.399 | 88.840 | 92.836 | 65.089 | 47.958 |
|   7   | 74.285 | 88.759 | 92.739 | 64.966 | 47.814 |
|   8   | 74.220 | 88.710 | 92.739 | 64.923 | 47.791 |
|   9   | 74.172 | 88.678 | 92.658 | 64.885 | 47.756 |
|   10  | 74.237 | 88.678 | 92.641 | 64.866 | 47.717 |
|   11  | 74.204 | 88.564 | 92.625 | 64.832 | 47.677 |
|   12  | 74.204 | 88.515 | 92.609 | 64.809 | 47.651 |
|   13  | 74.204 | 88.532 | 92.593 | 64.800 | 47.638 |
|   14  | 74.204 | 88.515 | 92.576 | 64.784 | 47.626 |
|   15  | 74.155 | 88.483 | 92.576 | 64.770 | 47.630 |
|   16  | 74.172 | 88.467 | 92.560 | 64.768 | 47.628 |
|   17  | 74.172 | 88.467 | 92.544 | 64.765 | 47.633 |
|   18  | 74.155 | 88.467 | 92.544 | 64.763 | 47.629 |
|   19  | 74.155 | 88.450 | 92.544 | 64.750 | 47.617 |
|   20  | 74.139 | 88.434 | 92.544 | 64.744 | 47.608 |
|   21  | 74.139 | 88.434 | 92.544 | 64.740 | 47.596 |
|   22  | 74.139 | 88.450 | 92.544 | 64.742 | 47.605 |
|   23  | 74.139 | 88.450 | 92.544 | 64.736 | 47.591 |
|   24  | 74.155 | 88.450 | 92.544 | 64.732 | 47.589 |
|   25  | 74.139 | 88.450 | 92.560 | 64.733 | 47.591 |
|   26  | 74.139 | 88.450 | 92.544 | 64.733 | 47.590 |
+-------+--------+--------+--------+--------+--------+
     logs:  {'epo': 26, 'R1': 74.139, 'R5': 88.45, 'R10': 92.544, 'mAP': 64.733, 'mINP': 47.59, 'lr': 3e-06, 'entropy': 0.234487, 'loss': 0.234487}
      TTA Epoch: [27] [ 0/54]  eta: 0:00:41  lr: 0.000002  entropy: 0.2517  loss: 0.2517  time: 0.7690  data: 0.6515  max mem: 5880
      TTA Epoch: [27] [53/54]  eta: 0:00:00  lr: 0.000002  entropy: 0.2570  loss: 0.2570  time: 0.0507  data: 0.0001  max mem: 5880
      TTA Epoch: [27] Total time: 0:00:03 (0.0692 s / it)
     Averaged stats: lr: 0.0000  entropy: 0.2293  loss: 0.2293
     itm tta time 0:00:03
     Computing matching score
      ITM Evaluation: [   0/6156]  eta: 0:03:57    time: 0.0387  data: 0.0071  max mem: 5880
      ITM Evaluation: [ 100/6156]  eta: 0:04:12    time: 0.0430  data: 0.0000  max mem: 5880
      ITM Evaluation: [ 200/6156]  eta: 0:04:00    time: 0.0361  data: 0.0000  max mem: 5880
      ITM Evaluation: [ 300/6156]  eta: 0:03:58    time: 0.0403  data: 0.0000  max mem: 5880
      ITM Evaluation: [ 400/6156]  eta: 0:03:53    time: 0.0434  data: 0.0000  max mem: 5880
      ITM Evaluation: [ 500/6156]  eta: 0:03:48    time: 0.0433  data: 0.0000  max mem: 5880
      ITM Evaluation: [ 600/6156]  eta: 0:03:43    time: 0.0370  data: 0.0000  max mem: 5880
      ITM Evaluation: [ 700/6156]  eta: 0:03:39    time: 0.0401  data: 0.0000  max mem: 5880
      ITM Evaluation: [ 800/6156]  eta: 0:03:37    time: 0.0403  data: 0.0000  max mem: 5880
      ITM Evaluation: [ 900/6156]  eta: 0:03:32    time: 0.0407  data: 0.0000  max mem: 5880
      ITM Evaluation: [1000/6156]  eta: 0:03:29    time: 0.0457  data: 0.0000  max mem: 5880
      ITM Evaluation: [1100/6156]  eta: 0:03:26    time: 0.0456  data: 0.0000  max mem: 5880
      ITM Evaluation: [1200/6156]  eta: 0:03:24    time: 0.0404  data: 0.0000  max mem: 5880
      ITM Evaluation: [1300/6156]  eta: 0:03:20    time: 0.0429  data: 0.0000  max mem: 5880
      ITM Evaluation: [1400/6156]  eta: 0:03:16    time: 0.0424  data: 0.0000  max mem: 5880
      ITM Evaluation: [1500/6156]  eta: 0:03:12    time: 0.0434  data: 0.0000  max mem: 5880
      ITM Evaluation: [1600/6156]  eta: 0:03:08    time: 0.0434  data: 0.0000  max mem: 5880
      ITM Evaluation: [1700/6156]  eta: 0:03:04    time: 0.0426  data: 0.0000  max mem: 5880
      ITM Evaluation: [1800/6156]  eta: 0:03:00    time: 0.0388  data: 0.0000  max mem: 5880
      ITM Evaluation: [1900/6156]  eta: 0:02:55    time: 0.0368  data: 0.0000  max mem: 5880
      ITM Evaluation: [2000/6156]  eta: 0:02:50    time: 0.0407  data: 0.0000  max mem: 5880
      ITM Evaluation: [2100/6156]  eta: 0:02:47    time: 0.0460  data: 0.0000  max mem: 5880
      ITM Evaluation: [2200/6156]  eta: 0:02:43    time: 0.0454  data: 0.0000  max mem: 5880
      ITM Evaluation: [2300/6156]  eta: 0:02:39    time: 0.0432  data: 0.0000  max mem: 5880
      ITM Evaluation: [2400/6156]  eta: 0:02:35    time: 0.0405  data: 0.0000  max mem: 5880
      ITM Evaluation: [2500/6156]  eta: 0:02:30    time: 0.0387  data: 0.0000  max mem: 5880
      ITM Evaluation: [2600/6156]  eta: 0:02:26    time: 0.0436  data: 0.0000  max mem: 5880
      ITM Evaluation: [2700/6156]  eta: 0:02:22    time: 0.0446  data: 0.0000  max mem: 5880
      ITM Evaluation: [2800/6156]  eta: 0:02:19    time: 0.0453  data: 0.0000  max mem: 5880
      ITM Evaluation: [2900/6156]  eta: 0:02:14    time: 0.0432  data: 0.0000  max mem: 5880
      ITM Evaluation: [3000/6156]  eta: 0:02:10    time: 0.0426  data: 0.0000  max mem: 5880
      ITM Evaluation: [3100/6156]  eta: 0:02:06    time: 0.0452  data: 0.0000  max mem: 5880
      ITM Evaluation: [3200/6156]  eta: 0:02:02    time: 0.0433  data: 0.0000  max mem: 5880
      ITM Evaluation: [3300/6156]  eta: 0:01:58    time: 0.0466  data: 0.0000  max mem: 5880
      ITM Evaluation: [3400/6156]  eta: 0:01:54    time: 0.0423  data: 0.0000  max mem: 5880
      ITM Evaluation: [3500/6156]  eta: 0:01:50    time: 0.0412  data: 0.0000  max mem: 5880
      ITM Evaluation: [3600/6156]  eta: 0:01:46    time: 0.0429  data: 0.0000  max mem: 5880
      ITM Evaluation: [3700/6156]  eta: 0:01:42    time: 0.0450  data: 0.0000  max mem: 5880
      ITM Evaluation: [3800/6156]  eta: 0:01:38    time: 0.0381  data: 0.0000  max mem: 5880
      ITM Evaluation: [3900/6156]  eta: 0:01:34    time: 0.0393  data: 0.0000  max mem: 5880
      ITM Evaluation: [4000/6156]  eta: 0:01:29    time: 0.0388  data: 0.0000  max mem: 5880
      ITM Evaluation: [4100/6156]  eta: 0:01:25    time: 0.0354  data: 0.0000  max mem: 5880
      ITM Evaluation: [4200/6156]  eta: 0:01:21    time: 0.0360  data: 0.0000  max mem: 5880
      ITM Evaluation: [4300/6156]  eta: 0:01:16    time: 0.0380  data: 0.0000  max mem: 5880
      ITM Evaluation: [4400/6156]  eta: 0:01:12    time: 0.0463  data: 0.0000  max mem: 5880
      ITM Evaluation: [4500/6156]  eta: 0:01:08    time: 0.0437  data: 0.0000  max mem: 5880
      ITM Evaluation: [4600/6156]  eta: 0:01:04    time: 0.0437  data: 0.0000  max mem: 5880
      ITM Evaluation: [4700/6156]  eta: 0:01:00    time: 0.0395  data: 0.0000  max mem: 5880
      ITM Evaluation: [4800/6156]  eta: 0:00:56    time: 0.0392  data: 0.0000  max mem: 5880
      ITM Evaluation: [4900/6156]  eta: 0:00:52    time: 0.0440  data: 0.0000  max mem: 5880
      ITM Evaluation: [5000/6156]  eta: 0:00:48    time: 0.0462  data: 0.0000  max mem: 5880
      ITM Evaluation: [5100/6156]  eta: 0:00:44    time: 0.0444  data: 0.0000  max mem: 5880
      ITM Evaluation: [5200/6156]  eta: 0:00:39    time: 0.0430  data: 0.0000  max mem: 5880
      ITM Evaluation: [5300/6156]  eta: 0:00:35    time: 0.0434  data: 0.0000  max mem: 5880
      ITM Evaluation: [5400/6156]  eta: 0:00:31    time: 0.0441  data: 0.0000  max mem: 5880
      ITM Evaluation: [5500/6156]  eta: 0:00:27    time: 0.0414  data: 0.0000  max mem: 5880
      ITM Evaluation: [5600/6156]  eta: 0:00:23    time: 0.0412  data: 0.0000  max mem: 5880
      ITM Evaluation: [5700/6156]  eta: 0:00:19    time: 0.0405  data: 0.0000  max mem: 5880
      ITM Evaluation: [5800/6156]  eta: 0:00:14    time: 0.0410  data: 0.0000  max mem: 5880
      ITM Evaluation: [5900/6156]  eta: 0:00:10    time: 0.0403  data: 0.0000  max mem: 5880
      ITM Evaluation: [6000/6156]  eta: 0:00:06    time: 0.0412  data: 0.0000  max mem: 5880
      ITM Evaluation: [6100/6156]  eta: 0:00:02    time: 0.0410  data: 0.0000  max mem: 5880
      ITM Evaluation: [6155/6156]  eta: 0:00:00    time: 0.0426  data: 0.0000  max mem: 5880
      ITM Evaluation: Total time: 0:04:16 (0.0417 s / it)
     total_time 256.62452483177185
     Computing matching score time 0:04:16
### TTA ITM Score: 
+-------+--------+--------+--------+--------+--------+
| epoch |   R1   |   R5   |  R10   |  mAP   |  mINP  |
+-------+--------+--------+--------+--------+--------+
|  -999 | 70.760 | 87.378 | 92.268 | 63.849 | 48.174 |
|  -999 | 76.170 | 89.457 | 93.600 | 65.570 | 47.372 |
|   0   | 76.121 | 89.392 | 93.648 | 65.612 | 47.503 |
|   1   | 75.861 | 89.311 | 93.746 | 65.595 | 47.734 |
|   2   | 75.747 | 89.311 | 93.502 | 65.687 | 48.070 |
|   3   | 75.357 | 89.149 | 93.324 | 65.673 | 48.272 |
|   4   | 74.903 | 88.921 | 93.080 | 65.459 | 48.277 |
|   5   | 74.659 | 88.840 | 92.950 | 65.240 | 48.116 |
|   6   | 74.399 | 88.840 | 92.836 | 65.089 | 47.958 |
|   7   | 74.285 | 88.759 | 92.739 | 64.966 | 47.814 |
|   8   | 74.220 | 88.710 | 92.739 | 64.923 | 47.791 |
|   9   | 74.172 | 88.678 | 92.658 | 64.885 | 47.756 |
|   10  | 74.237 | 88.678 | 92.641 | 64.866 | 47.717 |
|   11  | 74.204 | 88.564 | 92.625 | 64.832 | 47.677 |
|   12  | 74.204 | 88.515 | 92.609 | 64.809 | 47.651 |
|   13  | 74.204 | 88.532 | 92.593 | 64.800 | 47.638 |
|   14  | 74.204 | 88.515 | 92.576 | 64.784 | 47.626 |
|   15  | 74.155 | 88.483 | 92.576 | 64.770 | 47.630 |
|   16  | 74.172 | 88.467 | 92.560 | 64.768 | 47.628 |
|   17  | 74.172 | 88.467 | 92.544 | 64.765 | 47.633 |
|   18  | 74.155 | 88.467 | 92.544 | 64.763 | 47.629 |
|   19  | 74.155 | 88.450 | 92.544 | 64.750 | 47.617 |
|   20  | 74.139 | 88.434 | 92.544 | 64.744 | 47.608 |
|   21  | 74.139 | 88.434 | 92.544 | 64.740 | 47.596 |
|   22  | 74.139 | 88.450 | 92.544 | 64.742 | 47.605 |
|   23  | 74.139 | 88.450 | 92.544 | 64.736 | 47.591 |
|   24  | 74.155 | 88.450 | 92.544 | 64.732 | 47.589 |
|   25  | 74.139 | 88.450 | 92.560 | 64.733 | 47.591 |
|   26  | 74.139 | 88.450 | 92.544 | 64.733 | 47.590 |
|   27  | 74.139 | 88.450 | 92.544 | 64.732 | 47.590 |
+-------+--------+--------+--------+--------+--------+
     logs:  {'epo': 27, 'R1': 74.139, 'R5': 88.45, 'R10': 92.544, 'mAP': 64.732, 'mINP': 47.59, 'lr': 2e-06, 'entropy': 0.229315, 'loss': 0.229315}
      TTA Epoch: [28] [ 0/54]  eta: 0:00:48  lr: 0.000002  entropy: 0.2762  loss: 0.2762  time: 0.9033  data: 0.8253  max mem: 5880
      TTA Epoch: [28] [53/54]  eta: 0:00:00  lr: 0.000001  entropy: 0.2888  loss: 0.2888  time: 0.0453  data: 0.0001  max mem: 5880
      TTA Epoch: [28] Total time: 0:00:03 (0.0696 s / it)
     Averaged stats: lr: 0.0000  entropy: 0.2405  loss: 0.2405
     itm tta time 0:00:03
     Computing matching score
      ITM Evaluation: [   0/6156]  eta: 0:04:11    time: 0.0409  data: 0.0053  max mem: 5880
      ITM Evaluation: [ 100/6156]  eta: 0:03:53    time: 0.0397  data: 0.0000  max mem: 5880
      ITM Evaluation: [ 200/6156]  eta: 0:04:00    time: 0.0423  data: 0.0000  max mem: 5880
      ITM Evaluation: [ 300/6156]  eta: 0:04:00    time: 0.0421  data: 0.0000  max mem: 5880
      ITM Evaluation: [ 400/6156]  eta: 0:03:56    time: 0.0404  data: 0.0000  max mem: 5880
      ITM Evaluation: [ 500/6156]  eta: 0:03:52    time: 0.0436  data: 0.0000  max mem: 5880
      ITM Evaluation: [ 600/6156]  eta: 0:03:48    time: 0.0435  data: 0.0000  max mem: 5880
      ITM Evaluation: [ 700/6156]  eta: 0:03:44    time: 0.0407  data: 0.0000  max mem: 5880
      ITM Evaluation: [ 800/6156]  eta: 0:03:41    time: 0.0459  data: 0.0000  max mem: 5880
      ITM Evaluation: [ 900/6156]  eta: 0:03:39    time: 0.0437  data: 0.0000  max mem: 5880
      ITM Evaluation: [1000/6156]  eta: 0:03:35    time: 0.0426  data: 0.0000  max mem: 5880
      ITM Evaluation: [1100/6156]  eta: 0:03:31    time: 0.0457  data: 0.0000  max mem: 5880
      ITM Evaluation: [1200/6156]  eta: 0:03:27    time: 0.0431  data: 0.0000  max mem: 5880
      ITM Evaluation: [1300/6156]  eta: 0:03:23    time: 0.0386  data: 0.0000  max mem: 5880
      ITM Evaluation: [1400/6156]  eta: 0:03:18    time: 0.0414  data: 0.0000  max mem: 5880
      ITM Evaluation: [1500/6156]  eta: 0:03:13    time: 0.0423  data: 0.0000  max mem: 5880
      ITM Evaluation: [1600/6156]  eta: 0:03:09    time: 0.0424  data: 0.0000  max mem: 5880
      ITM Evaluation: [1700/6156]  eta: 0:03:04    time: 0.0412  data: 0.0000  max mem: 5880
      ITM Evaluation: [1800/6156]  eta: 0:03:01    time: 0.0407  data: 0.0000  max mem: 5880
      ITM Evaluation: [1900/6156]  eta: 0:02:57    time: 0.0419  data: 0.0000  max mem: 5880
      ITM Evaluation: [2000/6156]  eta: 0:02:52    time: 0.0428  data: 0.0000  max mem: 5880
      ITM Evaluation: [2100/6156]  eta: 0:02:49    time: 0.0408  data: 0.0000  max mem: 5880
      ITM Evaluation: [2200/6156]  eta: 0:02:44    time: 0.0373  data: 0.0000  max mem: 5880
      ITM Evaluation: [2300/6156]  eta: 0:02:39    time: 0.0390  data: 0.0000  max mem: 5880
      ITM Evaluation: [2400/6156]  eta: 0:02:34    time: 0.0405  data: 0.0000  max mem: 5880
      ITM Evaluation: [2500/6156]  eta: 0:02:30    time: 0.0417  data: 0.0000  max mem: 5880
      ITM Evaluation: [2600/6156]  eta: 0:02:26    time: 0.0414  data: 0.0000  max mem: 5880
      ITM Evaluation: [2700/6156]  eta: 0:02:22    time: 0.0408  data: 0.0000  max mem: 5880
      ITM Evaluation: [2800/6156]  eta: 0:02:18    time: 0.0386  data: 0.0000  max mem: 5880
      ITM Evaluation: [2900/6156]  eta: 0:02:14    time: 0.0372  data: 0.0000  max mem: 5880
      ITM Evaluation: [3000/6156]  eta: 0:02:10    time: 0.0379  data: 0.0000  max mem: 5880
      ITM Evaluation: [3100/6156]  eta: 0:02:05    time: 0.0415  data: 0.0000  max mem: 5880
      ITM Evaluation: [3200/6156]  eta: 0:02:01    time: 0.0404  data: 0.0000  max mem: 5880
      ITM Evaluation: [3300/6156]  eta: 0:01:57    time: 0.0404  data: 0.0000  max mem: 5880
      ITM Evaluation: [3400/6156]  eta: 0:01:53    time: 0.0409  data: 0.0000  max mem: 5880
      ITM Evaluation: [3500/6156]  eta: 0:01:49    time: 0.0459  data: 0.0000  max mem: 5880
      ITM Evaluation: [3600/6156]  eta: 0:01:45    time: 0.0411  data: 0.0000  max mem: 5880
      ITM Evaluation: [3700/6156]  eta: 0:01:41    time: 0.0388  data: 0.0000  max mem: 5880
      ITM Evaluation: [3800/6156]  eta: 0:01:37    time: 0.0438  data: 0.0000  max mem: 5880
      ITM Evaluation: [3900/6156]  eta: 0:01:33    time: 0.0444  data: 0.0000  max mem: 5880
      ITM Evaluation: [4000/6156]  eta: 0:01:28    time: 0.0410  data: 0.0000  max mem: 5880
      ITM Evaluation: [4100/6156]  eta: 0:01:24    time: 0.0426  data: 0.0000  max mem: 5880
      ITM Evaluation: [4200/6156]  eta: 0:01:20    time: 0.0384  data: 0.0000  max mem: 5880
      ITM Evaluation: [4300/6156]  eta: 0:01:16    time: 0.0401  data: 0.0000  max mem: 5880
      ITM Evaluation: [4400/6156]  eta: 0:01:12    time: 0.0386  data: 0.0000  max mem: 5880
      ITM Evaluation: [4500/6156]  eta: 0:01:08    time: 0.0373  data: 0.0000  max mem: 5880
      ITM Evaluation: [4600/6156]  eta: 0:01:03    time: 0.0416  data: 0.0000  max mem: 5880
      ITM Evaluation: [4700/6156]  eta: 0:00:59    time: 0.0426  data: 0.0000  max mem: 5880
      ITM Evaluation: [4800/6156]  eta: 0:00:55    time: 0.0423  data: 0.0000  max mem: 5880
      ITM Evaluation: [4900/6156]  eta: 0:00:51    time: 0.0429  data: 0.0000  max mem: 5880
      ITM Evaluation: [5000/6156]  eta: 0:00:47    time: 0.0443  data: 0.0000  max mem: 5880
      ITM Evaluation: [5100/6156]  eta: 0:00:43    time: 0.0438  data: 0.0000  max mem: 5880
      ITM Evaluation: [5200/6156]  eta: 0:00:39    time: 0.0373  data: 0.0000  max mem: 5880
      ITM Evaluation: [5300/6156]  eta: 0:00:35    time: 0.0405  data: 0.0000  max mem: 5880
      ITM Evaluation: [5400/6156]  eta: 0:00:31    time: 0.0441  data: 0.0000  max mem: 5880
      ITM Evaluation: [5500/6156]  eta: 0:00:27    time: 0.0415  data: 0.0000  max mem: 5880
      ITM Evaluation: [5600/6156]  eta: 0:00:22    time: 0.0431  data: 0.0000  max mem: 5880
      ITM Evaluation: [5700/6156]  eta: 0:00:18    time: 0.0429  data: 0.0000  max mem: 5880
      ITM Evaluation: [5800/6156]  eta: 0:00:14    time: 0.0452  data: 0.0000  max mem: 5880
      ITM Evaluation: [5900/6156]  eta: 0:00:10    time: 0.0440  data: 0.0000  max mem: 5880
      ITM Evaluation: [6000/6156]  eta: 0:00:06    time: 0.0365  data: 0.0000  max mem: 5880
      ITM Evaluation: [6100/6156]  eta: 0:00:02    time: 0.0445  data: 0.0000  max mem: 5880
      ITM Evaluation: [6155/6156]  eta: 0:00:00    time: 0.0384  data: 0.0000  max mem: 5880
      ITM Evaluation: Total time: 0:04:13 (0.0412 s / it)
     total_time 253.84568166732788
     Computing matching score time 0:04:13
### TTA ITM Score: 
+-------+--------+--------+--------+--------+--------+
| epoch |   R1   |   R5   |  R10   |  mAP   |  mINP  |
+-------+--------+--------+--------+--------+--------+
|  -999 | 70.760 | 87.378 | 92.268 | 63.849 | 48.174 |
|  -999 | 76.170 | 89.457 | 93.600 | 65.570 | 47.372 |
|   0   | 76.121 | 89.392 | 93.648 | 65.612 | 47.503 |
|   1   | 75.861 | 89.311 | 93.746 | 65.595 | 47.734 |
|   2   | 75.747 | 89.311 | 93.502 | 65.687 | 48.070 |
|   3   | 75.357 | 89.149 | 93.324 | 65.673 | 48.272 |
|   4   | 74.903 | 88.921 | 93.080 | 65.459 | 48.277 |
|   5   | 74.659 | 88.840 | 92.950 | 65.240 | 48.116 |
|   6   | 74.399 | 88.840 | 92.836 | 65.089 | 47.958 |
|   7   | 74.285 | 88.759 | 92.739 | 64.966 | 47.814 |
|   8   | 74.220 | 88.710 | 92.739 | 64.923 | 47.791 |
|   9   | 74.172 | 88.678 | 92.658 | 64.885 | 47.756 |
|   10  | 74.237 | 88.678 | 92.641 | 64.866 | 47.717 |
|   11  | 74.204 | 88.564 | 92.625 | 64.832 | 47.677 |
|   12  | 74.204 | 88.515 | 92.609 | 64.809 | 47.651 |
|   13  | 74.204 | 88.532 | 92.593 | 64.800 | 47.638 |
|   14  | 74.204 | 88.515 | 92.576 | 64.784 | 47.626 |
|   15  | 74.155 | 88.483 | 92.576 | 64.770 | 47.630 |
|   16  | 74.172 | 88.467 | 92.560 | 64.768 | 47.628 |
|   17  | 74.172 | 88.467 | 92.544 | 64.765 | 47.633 |
|   18  | 74.155 | 88.467 | 92.544 | 64.763 | 47.629 |
|   19  | 74.155 | 88.450 | 92.544 | 64.750 | 47.617 |
|   20  | 74.139 | 88.434 | 92.544 | 64.744 | 47.608 |
|   21  | 74.139 | 88.434 | 92.544 | 64.740 | 47.596 |
|   22  | 74.139 | 88.450 | 92.544 | 64.742 | 47.605 |
|   23  | 74.139 | 88.450 | 92.544 | 64.736 | 47.591 |
|   24  | 74.155 | 88.450 | 92.544 | 64.732 | 47.589 |
|   25  | 74.139 | 88.450 | 92.560 | 64.733 | 47.591 |
|   26  | 74.139 | 88.450 | 92.544 | 64.733 | 47.590 |
|   27  | 74.139 | 88.450 | 92.544 | 64.732 | 47.590 |
|   28  | 74.139 | 88.450 | 92.560 | 64.731 | 47.585 |
+-------+--------+--------+--------+--------+--------+
     logs:  {'epo': 28, 'R1': 74.139, 'R5': 88.45, 'R10': 92.56, 'mAP': 64.731, 'mINP': 47.585, 'lr': 1e-06, 'entropy': 0.240482, 'loss': 0.240482}
      TTA Epoch: [29] [ 0/54]  eta: 0:00:43  lr: 0.000001  entropy: 0.2934  loss: 0.2934  time: 0.8056  data: 0.7254  max mem: 5880
      TTA Epoch: [29] [53/54]  eta: 0:00:00  lr: 0.000000  entropy: 0.2469  loss: 0.2469  time: 0.0510  data: 0.0002  max mem: 5880
      TTA Epoch: [29] Total time: 0:00:03 (0.0712 s / it)
     Averaged stats: lr: 0.0000  entropy: 0.2425  loss: 0.2425
     itm tta time 0:00:04
     Computing matching score
      ITM Evaluation: [   0/6156]  eta: 0:05:09    time: 0.0503  data: 0.0051  max mem: 5880
      ITM Evaluation: [ 100/6156]  eta: 0:04:07    time: 0.0408  data: 0.0000  max mem: 5880
      ITM Evaluation: [ 200/6156]  eta: 0:04:04    time: 0.0430  data: 0.0000  max mem: 5880
      ITM Evaluation: [ 300/6156]  eta: 0:03:58    time: 0.0411  data: 0.0000  max mem: 5880
      ITM Evaluation: [ 400/6156]  eta: 0:03:49    time: 0.0349  data: 0.0000  max mem: 5880
      ITM Evaluation: [ 500/6156]  eta: 0:03:40    time: 0.0382  data: 0.0000  max mem: 5880
      ITM Evaluation: [ 600/6156]  eta: 0:03:36    time: 0.0402  data: 0.0000  max mem: 5880
      ITM Evaluation: [ 700/6156]  eta: 0:03:35    time: 0.0420  data: 0.0000  max mem: 5880
      ITM Evaluation: [ 800/6156]  eta: 0:03:33    time: 0.0451  data: 0.0000  max mem: 5880
      ITM Evaluation: [ 900/6156]  eta: 0:03:32    time: 0.0355  data: 0.0000  max mem: 5880
      ITM Evaluation: [1000/6156]  eta: 0:03:28    time: 0.0412  data: 0.0000  max mem: 5880
      ITM Evaluation: [1100/6156]  eta: 0:03:24    time: 0.0403  data: 0.0000  max mem: 5880
      ITM Evaluation: [1200/6156]  eta: 0:03:20    time: 0.0439  data: 0.0000  max mem: 5880
      ITM Evaluation: [1300/6156]  eta: 0:03:16    time: 0.0444  data: 0.0000  max mem: 5880
      ITM Evaluation: [1400/6156]  eta: 0:03:12    time: 0.0371  data: 0.0000  max mem: 5880
      ITM Evaluation: [1500/6156]  eta: 0:03:08    time: 0.0402  data: 0.0000  max mem: 5880
      ITM Evaluation: [1600/6156]  eta: 0:03:05    time: 0.0415  data: 0.0000  max mem: 5880
      ITM Evaluation: [1700/6156]  eta: 0:03:01    time: 0.0407  data: 0.0000  max mem: 5880
      ITM Evaluation: [1800/6156]  eta: 0:02:57    time: 0.0369  data: 0.0000  max mem: 5880
      ITM Evaluation: [1900/6156]  eta: 0:02:53    time: 0.0439  data: 0.0000  max mem: 5880
      ITM Evaluation: [2000/6156]  eta: 0:02:49    time: 0.0400  data: 0.0000  max mem: 5880
      ITM Evaluation: [2100/6156]  eta: 0:02:44    time: 0.0378  data: 0.0000  max mem: 5880
      ITM Evaluation: [2200/6156]  eta: 0:02:40    time: 0.0413  data: 0.0000  max mem: 5880
      ITM Evaluation: [2300/6156]  eta: 0:02:36    time: 0.0407  data: 0.0000  max mem: 5880
      ITM Evaluation: [2400/6156]  eta: 0:02:32    time: 0.0370  data: 0.0000  max mem: 5880
      ITM Evaluation: [2500/6156]  eta: 0:02:28    time: 0.0393  data: 0.0000  max mem: 5880
      ITM Evaluation: [2600/6156]  eta: 0:02:23    time: 0.0372  data: 0.0000  max mem: 5880
      ITM Evaluation: [2700/6156]  eta: 0:02:19    time: 0.0374  data: 0.0000  max mem: 5880
      ITM Evaluation: [2800/6156]  eta: 0:02:14    time: 0.0360  data: 0.0000  max mem: 5880
      ITM Evaluation: [2900/6156]  eta: 0:02:10    time: 0.0360  data: 0.0000  max mem: 5880
      ITM Evaluation: [3000/6156]  eta: 0:02:06    time: 0.0393  data: 0.0000  max mem: 5880
      ITM Evaluation: [3100/6156]  eta: 0:02:02    time: 0.0375  data: 0.0000  max mem: 5880
      ITM Evaluation: [3200/6156]  eta: 0:01:58    time: 0.0403  data: 0.0000  max mem: 5880
      ITM Evaluation: [3300/6156]  eta: 0:01:54    time: 0.0384  data: 0.0000  max mem: 5880
      ITM Evaluation: [3400/6156]  eta: 0:01:50    time: 0.0434  data: 0.0000  max mem: 5880
      ITM Evaluation: [3500/6156]  eta: 0:01:46    time: 0.0395  data: 0.0000  max mem: 5880
      ITM Evaluation: [3600/6156]  eta: 0:01:42    time: 0.0396  data: 0.0000  max mem: 5880
      ITM Evaluation: [3700/6156]  eta: 0:01:38    time: 0.0449  data: 0.0000  max mem: 5880
      ITM Evaluation: [3800/6156]  eta: 0:01:35    time: 0.0383  data: 0.0000  max mem: 5880
      ITM Evaluation: [3900/6156]  eta: 0:01:31    time: 0.0408  data: 0.0000  max mem: 5880
      ITM Evaluation: [4000/6156]  eta: 0:01:27    time: 0.0468  data: 0.0000  max mem: 5880
      ITM Evaluation: [4100/6156]  eta: 0:01:23    time: 0.0458  data: 0.0000  max mem: 5880
      ITM Evaluation: [4200/6156]  eta: 0:01:19    time: 0.0490  data: 0.0000  max mem: 5880
      ITM Evaluation: [4300/6156]  eta: 0:01:15    time: 0.0415  data: 0.0000  max mem: 5880
      ITM Evaluation: [4400/6156]  eta: 0:01:11    time: 0.0432  data: 0.0000  max mem: 5880
      ITM Evaluation: [4500/6156]  eta: 0:01:07    time: 0.0462  data: 0.0000  max mem: 5880
      ITM Evaluation: [4600/6156]  eta: 0:01:03    time: 0.0418  data: 0.0000  max mem: 5880
      ITM Evaluation: [4700/6156]  eta: 0:00:59    time: 0.0433  data: 0.0000  max mem: 5880
      ITM Evaluation: [4800/6156]  eta: 0:00:55    time: 0.0439  data: 0.0000  max mem: 5880
      ITM Evaluation: [4900/6156]  eta: 0:00:51    time: 0.0435  data: 0.0000  max mem: 5880
      ITM Evaluation: [5000/6156]  eta: 0:00:47    time: 0.0454  data: 0.0000  max mem: 5880
      ITM Evaluation: [5100/6156]  eta: 0:00:43    time: 0.0435  data: 0.0000  max mem: 5880
      ITM Evaluation: [5200/6156]  eta: 0:00:39    time: 0.0450  data: 0.0000  max mem: 5880
      ITM Evaluation: [5300/6156]  eta: 0:00:35    time: 0.0423  data: 0.0000  max mem: 5880
      ITM Evaluation: [5400/6156]  eta: 0:00:31    time: 0.0371  data: 0.0000  max mem: 5880
      ITM Evaluation: [5500/6156]  eta: 0:00:27    time: 0.0363  data: 0.0000  max mem: 5880
      ITM Evaluation: [5600/6156]  eta: 0:00:22    time: 0.0380  data: 0.0000  max mem: 5880
      ITM Evaluation: [5700/6156]  eta: 0:00:18    time: 0.0408  data: 0.0000  max mem: 5880
      ITM Evaluation: [5800/6156]  eta: 0:00:14    time: 0.0476  data: 0.0000  max mem: 5880
      ITM Evaluation: [5900/6156]  eta: 0:00:10    time: 0.0437  data: 0.0000  max mem: 5880
      ITM Evaluation: [6000/6156]  eta: 0:00:06    time: 0.0430  data: 0.0000  max mem: 5880
      ITM Evaluation: [6100/6156]  eta: 0:00:02    time: 0.0488  data: 0.0000  max mem: 5880
      ITM Evaluation: [6155/6156]  eta: 0:00:00    time: 0.0441  data: 0.0000  max mem: 5880
      ITM Evaluation: Total time: 0:04:14 (0.0414 s / it)
     total_time 255.03169798851013
     Computing matching score time 0:04:15
### TTA ITM Score: 
+-------+--------+--------+--------+--------+--------+
| epoch |   R1   |   R5   |  R10   |  mAP   |  mINP  |
+-------+--------+--------+--------+--------+--------+
|  -999 | 70.760 | 87.378 | 92.268 | 63.849 | 48.174 |
|  -999 | 76.170 | 89.457 | 93.600 | 65.570 | 47.372 |
|   0   | 76.121 | 89.392 | 93.648 | 65.612 | 47.503 |
|   1   | 75.861 | 89.311 | 93.746 | 65.595 | 47.734 |
|   2   | 75.747 | 89.311 | 93.502 | 65.687 | 48.070 |
|   3   | 75.357 | 89.149 | 93.324 | 65.673 | 48.272 |
|   4   | 74.903 | 88.921 | 93.080 | 65.459 | 48.277 |
|   5   | 74.659 | 88.840 | 92.950 | 65.240 | 48.116 |
|   6   | 74.399 | 88.840 | 92.836 | 65.089 | 47.958 |
|   7   | 74.285 | 88.759 | 92.739 | 64.966 | 47.814 |
|   8   | 74.220 | 88.710 | 92.739 | 64.923 | 47.791 |
|   9   | 74.172 | 88.678 | 92.658 | 64.885 | 47.756 |
|   10  | 74.237 | 88.678 | 92.641 | 64.866 | 47.717 |
|   11  | 74.204 | 88.564 | 92.625 | 64.832 | 47.677 |
|   12  | 74.204 | 88.515 | 92.609 | 64.809 | 47.651 |
|   13  | 74.204 | 88.532 | 92.593 | 64.800 | 47.638 |
|   14  | 74.204 | 88.515 | 92.576 | 64.784 | 47.626 |
|   15  | 74.155 | 88.483 | 92.576 | 64.770 | 47.630 |
|   16  | 74.172 | 88.467 | 92.560 | 64.768 | 47.628 |
|   17  | 74.172 | 88.467 | 92.544 | 64.765 | 47.633 |
|   18  | 74.155 | 88.467 | 92.544 | 64.763 | 47.629 |
|   19  | 74.155 | 88.450 | 92.544 | 64.750 | 47.617 |
|   20  | 74.139 | 88.434 | 92.544 | 64.744 | 47.608 |
|   21  | 74.139 | 88.434 | 92.544 | 64.740 | 47.596 |
|   22  | 74.139 | 88.450 | 92.544 | 64.742 | 47.605 |
|   23  | 74.139 | 88.450 | 92.544 | 64.736 | 47.591 |
|   24  | 74.155 | 88.450 | 92.544 | 64.732 | 47.589 |
|   25  | 74.139 | 88.450 | 92.560 | 64.733 | 47.591 |
|   26  | 74.139 | 88.450 | 92.544 | 64.733 | 47.590 |
|   27  | 74.139 | 88.450 | 92.544 | 64.732 | 47.590 |
|   28  | 74.139 | 88.450 | 92.560 | 64.731 | 47.585 |
|   29  | 74.139 | 88.450 | 92.544 | 64.735 | 47.588 |
+-------+--------+--------+--------+--------+--------+
     logs:  {'epo': 29, 'R1': 74.139, 'R5': 88.45, 'R10': 92.544, 'mAP': 64.735, 'mINP': 47.588, 'lr': 1e-06, 'entropy': 0.242499, 'loss': 0.242499}
### best epoch 0 : {'epo': '0', 'R1': '76.121', 'R5': '89.392', 'R10': '93.648', 'mAP': '65.612', 'mINP': '47.503', 'lr': '2.8e-05', 'entropy': '0.663741', 'loss': '0.663741'}
### Time 2:16:29
