Not using distributed mode
### Hyper-parameters:
     seed: 42
     device: cuda
     output_dir: output/ft_icfg/tta/tta_exp0.3
     batch_size_tta: 16
     epochs: 30
     lr: 0.0005
### Creating model
use_swin
load checkpoint from checkpoints/ft_icfg/checkpoint_best.pth
missing_keys:  []
vision_encoder missing_keys:  []
unexpected_keys:  []
     Total Params Sum:  214456629
### Creating test dataset
     test_dataset: 19848
### Creating test dataloader
### be careful: func create_loader returns a list length of 1
     test_loader: 133
### Inference ITC similiarity matrix
     Computing text features for evaluation
     Computing image features for evaluation
/home/jiahao/task/APTM/reTools.py:308: UserWarning: To copy construct from a tensor, it is recommended to use sourceTensor.clone().detach() or sourceTensor.clone().detach().requires_grad_(True), rather than torch.tensor(sourceTensor).
  similarity = torch.tensor(scores_t2i)
     Computing features time 0:00:59
### Zero-Shot ITC Score: 
+-------+--------+--------+--------+--------+--------+
| epoch |   R1   |   R5   |  R10   |  mAP   |  mINP  |
+-------+--------+--------+--------+--------+--------+
|  -999 | 63.014 | 79.484 | 85.041 | 40.411 | 10.184 |
+-------+--------+--------+--------+--------+--------+
     Computing matching score
      ITM Evaluation: [    0/19848]  eta: 0:25:38    time: 0.0775  data: 0.0106  max mem: 11815
      ITM Evaluation: [  100/19848]  eta: 0:19:56    time: 0.0591  data: 0.0000  max mem: 11815
      ITM Evaluation: [  200/19848]  eta: 0:21:04    time: 0.0697  data: 0.0000  max mem: 11815
      ITM Evaluation: [  300/19848]  eta: 0:21:16    time: 0.0651  data: 0.0000  max mem: 11815
      ITM Evaluation: [  400/19848]  eta: 0:21:05    time: 0.0652  data: 0.0000  max mem: 11815
      ITM Evaluation: [  500/19848]  eta: 0:20:54    time: 0.0631  data: 0.0000  max mem: 11815
      ITM Evaluation: [  600/19848]  eta: 0:20:50    time: 0.0643  data: 0.0000  max mem: 11815
      ITM Evaluation: [  700/19848]  eta: 0:20:40    time: 0.0646  data: 0.0000  max mem: 11815
      ITM Evaluation: [  800/19848]  eta: 0:20:35    time: 0.0680  data: 0.0000  max mem: 11815
      ITM Evaluation: [  900/19848]  eta: 0:20:27    time: 0.0645  data: 0.0000  max mem: 11815
      ITM Evaluation: [ 1000/19848]  eta: 0:20:17    time: 0.0632  data: 0.0000  max mem: 11815
      ITM Evaluation: [ 1100/19848]  eta: 0:20:08    time: 0.0629  data: 0.0000  max mem: 11815
      ITM Evaluation: [ 1200/19848]  eta: 0:20:00    time: 0.0656  data: 0.0000  max mem: 11815
      ITM Evaluation: [ 1300/19848]  eta: 0:19:55    time: 0.0635  data: 0.0000  max mem: 11815
      ITM Evaluation: [ 1400/19848]  eta: 0:19:49    time: 0.0660  data: 0.0000  max mem: 11815
      ITM Evaluation: [ 1500/19848]  eta: 0:19:41    time: 0.0614  data: 0.0000  max mem: 11815
      ITM Evaluation: [ 1600/19848]  eta: 0:19:31    time: 0.0611  data: 0.0000  max mem: 11815
      ITM Evaluation: [ 1700/19848]  eta: 0:19:21    time: 0.0615  data: 0.0000  max mem: 11815
      ITM Evaluation: [ 1800/19848]  eta: 0:19:12    time: 0.0596  data: 0.0000  max mem: 11815
      ITM Evaluation: [ 1900/19848]  eta: 0:19:04    time: 0.0622  data: 0.0000  max mem: 11815
      ITM Evaluation: [ 2000/19848]  eta: 0:18:58    time: 0.0626  data: 0.0000  max mem: 11815
      ITM Evaluation: [ 2100/19848]  eta: 0:18:51    time: 0.0653  data: 0.0000  max mem: 11815
      ITM Evaluation: [ 2200/19848]  eta: 0:18:42    time: 0.0604  data: 0.0000  max mem: 11815
      ITM Evaluation: [ 2300/19848]  eta: 0:18:34    time: 0.0635  data: 0.0000  max mem: 11815
      ITM Evaluation: [ 2400/19848]  eta: 0:18:25    time: 0.0599  data: 0.0000  max mem: 11815
      ITM Evaluation: [ 2500/19848]  eta: 0:18:17    time: 0.0628  data: 0.0000  max mem: 11815
      ITM Evaluation: [ 2600/19848]  eta: 0:18:11    time: 0.0633  data: 0.0000  max mem: 11815
      ITM Evaluation: [ 2700/19848]  eta: 0:18:03    time: 0.0621  data: 0.0000  max mem: 11815
      ITM Evaluation: [ 2800/19848]  eta: 0:17:56    time: 0.0623  data: 0.0000  max mem: 11815
      ITM Evaluation: [ 2900/19848]  eta: 0:17:49    time: 0.0625  data: 0.0000  max mem: 11815
      ITM Evaluation: [ 3000/19848]  eta: 0:17:43    time: 0.0641  data: 0.0000  max mem: 11815
      ITM Evaluation: [ 3100/19848]  eta: 0:17:36    time: 0.0657  data: 0.0000  max mem: 11815
      ITM Evaluation: [ 3200/19848]  eta: 0:17:30    time: 0.0607  data: 0.0000  max mem: 11815
      ITM Evaluation: [ 3300/19848]  eta: 0:17:23    time: 0.0619  data: 0.0000  max mem: 11815
      ITM Evaluation: [ 3400/19848]  eta: 0:17:15    time: 0.0598  data: 0.0000  max mem: 11815
      ITM Evaluation: [ 3500/19848]  eta: 0:17:08    time: 0.0624  data: 0.0000  max mem: 11815
      ITM Evaluation: [ 3600/19848]  eta: 0:17:02    time: 0.0653  data: 0.0000  max mem: 11815
      ITM Evaluation: [ 3700/19848]  eta: 0:16:56    time: 0.0629  data: 0.0000  max mem: 11815
      ITM Evaluation: [ 3800/19848]  eta: 0:16:49    time: 0.0633  data: 0.0000  max mem: 11815
      ITM Evaluation: [ 3900/19848]  eta: 0:16:42    time: 0.0601  data: 0.0000  max mem: 11815
      ITM Evaluation: [ 4000/19848]  eta: 0:16:35    time: 0.0594  data: 0.0000  max mem: 11815
      ITM Evaluation: [ 4100/19848]  eta: 0:16:29    time: 0.0622  data: 0.0000  max mem: 11815
      ITM Evaluation: [ 4200/19848]  eta: 0:16:23    time: 0.0617  data: 0.0000  max mem: 11815
      ITM Evaluation: [ 4300/19848]  eta: 0:16:16    time: 0.0634  data: 0.0000  max mem: 11815
      ITM Evaluation: [ 4400/19848]  eta: 0:16:10    time: 0.0644  data: 0.0000  max mem: 11815
      ITM Evaluation: [ 4500/19848]  eta: 0:16:04    time: 0.0609  data: 0.0000  max mem: 11815
      ITM Evaluation: [ 4600/19848]  eta: 0:15:57    time: 0.0620  data: 0.0000  max mem: 11815
      ITM Evaluation: [ 4700/19848]  eta: 0:15:51    time: 0.0631  data: 0.0000  max mem: 11815
      ITM Evaluation: [ 4800/19848]  eta: 0:15:45    time: 0.0626  data: 0.0000  max mem: 11815
      ITM Evaluation: [ 4900/19848]  eta: 0:15:39    time: 0.0603  data: 0.0000  max mem: 11815
      ITM Evaluation: [ 5000/19848]  eta: 0:15:32    time: 0.0608  data: 0.0000  max mem: 11815
      ITM Evaluation: [ 5100/19848]  eta: 0:15:26    time: 0.0616  data: 0.0000  max mem: 11815
      ITM Evaluation: [ 5200/19848]  eta: 0:15:19    time: 0.0618  data: 0.0000  max mem: 11815
      ITM Evaluation: [ 5300/19848]  eta: 0:15:13    time: 0.0627  data: 0.0000  max mem: 11815
      ITM Evaluation: [ 5400/19848]  eta: 0:15:06    time: 0.0616  data: 0.0000  max mem: 11815
      ITM Evaluation: [ 5500/19848]  eta: 0:15:00    time: 0.0628  data: 0.0000  max mem: 11815
      ITM Evaluation: [ 5600/19848]  eta: 0:14:54    time: 0.0638  data: 0.0000  max mem: 11815
      ITM Evaluation: [ 5700/19848]  eta: 0:14:48    time: 0.0643  data: 0.0000  max mem: 11815
      ITM Evaluation: [ 5800/19848]  eta: 0:14:41    time: 0.0619  data: 0.0000  max mem: 11815
      ITM Evaluation: [ 5900/19848]  eta: 0:14:34    time: 0.0623  data: 0.0000  max mem: 11815
      ITM Evaluation: [ 6000/19848]  eta: 0:14:28    time: 0.0625  data: 0.0000  max mem: 11815
      ITM Evaluation: [ 6100/19848]  eta: 0:14:21    time: 0.0615  data: 0.0000  max mem: 11815
      ITM Evaluation: [ 6200/19848]  eta: 0:14:15    time: 0.0637  data: 0.0000  max mem: 11815
      ITM Evaluation: [ 6300/19848]  eta: 0:14:08    time: 0.0599  data: 0.0000  max mem: 11815
      ITM Evaluation: [ 6400/19848]  eta: 0:14:02    time: 0.0638  data: 0.0000  max mem: 11815
      ITM Evaluation: [ 6500/19848]  eta: 0:13:56    time: 0.0618  data: 0.0000  max mem: 11815
      ITM Evaluation: [ 6600/19848]  eta: 0:13:50    time: 0.0635  data: 0.0000  max mem: 11815
      ITM Evaluation: [ 6700/19848]  eta: 0:13:44    time: 0.0624  data: 0.0000  max mem: 11815
      ITM Evaluation: [ 6800/19848]  eta: 0:13:37    time: 0.0633  data: 0.0000  max mem: 11815
      ITM Evaluation: [ 6900/19848]  eta: 0:13:31    time: 0.0634  data: 0.0000  max mem: 11815
      ITM Evaluation: [ 7000/19848]  eta: 0:13:25    time: 0.0653  data: 0.0000  max mem: 11815
      ITM Evaluation: [ 7100/19848]  eta: 0:13:19    time: 0.0615  data: 0.0000  max mem: 11815
      ITM Evaluation: [ 7200/19848]  eta: 0:13:13    time: 0.0629  data: 0.0000  max mem: 11815
      ITM Evaluation: [ 7300/19848]  eta: 0:13:06    time: 0.0632  data: 0.0000  max mem: 11815
      ITM Evaluation: [ 7400/19848]  eta: 0:13:00    time: 0.0619  data: 0.0000  max mem: 11815
      ITM Evaluation: [ 7500/19848]  eta: 0:12:54    time: 0.0623  data: 0.0000  max mem: 11815
      ITM Evaluation: [ 7600/19848]  eta: 0:12:47    time: 0.0614  data: 0.0000  max mem: 11815
      ITM Evaluation: [ 7700/19848]  eta: 0:12:41    time: 0.0633  data: 0.0000  max mem: 11815
      ITM Evaluation: [ 7800/19848]  eta: 0:12:35    time: 0.0649  data: 0.0000  max mem: 11815
      ITM Evaluation: [ 7900/19848]  eta: 0:12:29    time: 0.0637  data: 0.0000  max mem: 11815
      ITM Evaluation: [ 8000/19848]  eta: 0:12:23    time: 0.0613  data: 0.0000  max mem: 11815
      ITM Evaluation: [ 8100/19848]  eta: 0:12:16    time: 0.0632  data: 0.0000  max mem: 11815
      ITM Evaluation: [ 8200/19848]  eta: 0:12:10    time: 0.0633  data: 0.0000  max mem: 11815
      ITM Evaluation: [ 8300/19848]  eta: 0:12:04    time: 0.0648  data: 0.0000  max mem: 11815
      ITM Evaluation: [ 8400/19848]  eta: 0:11:58    time: 0.0669  data: 0.0000  max mem: 11815
      ITM Evaluation: [ 8500/19848]  eta: 0:11:52    time: 0.0640  data: 0.0000  max mem: 11815
      ITM Evaluation: [ 8600/19848]  eta: 0:11:46    time: 0.0635  data: 0.0000  max mem: 11815
      ITM Evaluation: [ 8700/19848]  eta: 0:11:39    time: 0.0635  data: 0.0000  max mem: 11815
      ITM Evaluation: [ 8800/19848]  eta: 0:11:33    time: 0.0615  data: 0.0000  max mem: 11815
      ITM Evaluation: [ 8900/19848]  eta: 0:11:27    time: 0.0633  data: 0.0000  max mem: 11815
      ITM Evaluation: [ 9000/19848]  eta: 0:11:21    time: 0.0654  data: 0.0000  max mem: 11815
      ITM Evaluation: [ 9100/19848]  eta: 0:11:14    time: 0.0631  data: 0.0000  max mem: 11815
      ITM Evaluation: [ 9200/19848]  eta: 0:11:08    time: 0.0612  data: 0.0000  max mem: 11815
      ITM Evaluation: [ 9300/19848]  eta: 0:11:02    time: 0.0624  data: 0.0000  max mem: 11815
      ITM Evaluation: [ 9400/19848]  eta: 0:10:56    time: 0.0634  data: 0.0000  max mem: 11815
      ITM Evaluation: [ 9500/19848]  eta: 0:10:49    time: 0.0624  data: 0.0000  max mem: 11815
      ITM Evaluation: [ 9600/19848]  eta: 0:10:43    time: 0.0640  data: 0.0000  max mem: 11815
      ITM Evaluation: [ 9700/19848]  eta: 0:10:37    time: 0.0611  data: 0.0000  max mem: 11815
      ITM Evaluation: [ 9800/19848]  eta: 0:10:30    time: 0.0642  data: 0.0000  max mem: 11815
      ITM Evaluation: [ 9900/19848]  eta: 0:10:24    time: 0.0653  data: 0.0000  max mem: 11815
      ITM Evaluation: [10000/19848]  eta: 0:10:18    time: 0.0661  data: 0.0000  max mem: 11815
      ITM Evaluation: [10100/19848]  eta: 0:10:12    time: 0.0646  data: 0.0000  max mem: 11815
      ITM Evaluation: [10200/19848]  eta: 0:10:06    time: 0.0626  data: 0.0000  max mem: 11815
      ITM Evaluation: [10300/19848]  eta: 0:09:59    time: 0.0624  data: 0.0000  max mem: 11815
      ITM Evaluation: [10400/19848]  eta: 0:09:53    time: 0.0625  data: 0.0000  max mem: 11815
      ITM Evaluation: [10500/19848]  eta: 0:09:47    time: 0.0625  data: 0.0000  max mem: 11815
      ITM Evaluation: [10600/19848]  eta: 0:09:40    time: 0.0625  data: 0.0000  max mem: 11815
      ITM Evaluation: [10700/19848]  eta: 0:09:34    time: 0.0623  data: 0.0000  max mem: 11815
      ITM Evaluation: [10800/19848]  eta: 0:09:28    time: 0.0654  data: 0.0000  max mem: 11815
      ITM Evaluation: [10900/19848]  eta: 0:09:22    time: 0.0656  data: 0.0000  max mem: 11815
      ITM Evaluation: [11000/19848]  eta: 0:09:16    time: 0.0643  data: 0.0000  max mem: 11815
      ITM Evaluation: [11100/19848]  eta: 0:09:10    time: 0.0657  data: 0.0000  max mem: 11815
      ITM Evaluation: [11200/19848]  eta: 0:09:04    time: 0.0656  data: 0.0000  max mem: 11815
      ITM Evaluation: [11300/19848]  eta: 0:08:58    time: 0.0704  data: 0.0000  max mem: 11815
      ITM Evaluation: [11400/19848]  eta: 0:08:52    time: 0.0651  data: 0.0000  max mem: 11815
      ITM Evaluation: [11500/19848]  eta: 0:08:46    time: 0.0650  data: 0.0000  max mem: 11815
      ITM Evaluation: [11600/19848]  eta: 0:08:39    time: 0.0634  data: 0.0000  max mem: 11815
      ITM Evaluation: [11700/19848]  eta: 0:08:33    time: 0.0644  data: 0.0000  max mem: 11815
      ITM Evaluation: [11800/19848]  eta: 0:08:27    time: 0.0637  data: 0.0000  max mem: 11815
      ITM Evaluation: [11900/19848]  eta: 0:08:21    time: 0.0644  data: 0.0000  max mem: 11815
      ITM Evaluation: [12000/19848]  eta: 0:08:15    time: 0.0656  data: 0.0000  max mem: 11815
      ITM Evaluation: [12100/19848]  eta: 0:08:09    time: 0.0655  data: 0.0000  max mem: 11815
      ITM Evaluation: [12200/19848]  eta: 0:08:02    time: 0.0639  data: 0.0000  max mem: 11815
      ITM Evaluation: [12300/19848]  eta: 0:07:56    time: 0.0651  data: 0.0000  max mem: 11815
      ITM Evaluation: [12400/19848]  eta: 0:07:50    time: 0.0676  data: 0.0000  max mem: 11815
      ITM Evaluation: [12500/19848]  eta: 0:07:44    time: 0.0633  data: 0.0000  max mem: 11815
      ITM Evaluation: [12600/19848]  eta: 0:07:38    time: 0.0648  data: 0.0000  max mem: 11815
      ITM Evaluation: [12700/19848]  eta: 0:07:32    time: 0.0664  data: 0.0000  max mem: 11815
      ITM Evaluation: [12800/19848]  eta: 0:07:25    time: 0.0637  data: 0.0000  max mem: 11815
      ITM Evaluation: [12900/19848]  eta: 0:07:19    time: 0.0644  data: 0.0000  max mem: 11815
      ITM Evaluation: [13000/19848]  eta: 0:07:13    time: 0.0664  data: 0.0000  max mem: 11815
      ITM Evaluation: [13100/19848]  eta: 0:07:07    time: 0.0648  data: 0.0000  max mem: 11815
      ITM Evaluation: [13200/19848]  eta: 0:07:00    time: 0.0671  data: 0.0000  max mem: 11815
      ITM Evaluation: [13300/19848]  eta: 0:06:54    time: 0.0635  data: 0.0000  max mem: 11815
      ITM Evaluation: [13400/19848]  eta: 0:06:48    time: 0.0622  data: 0.0000  max mem: 11815
      ITM Evaluation: [13500/19848]  eta: 0:06:41    time: 0.0636  data: 0.0000  max mem: 11815
      ITM Evaluation: [13600/19848]  eta: 0:06:35    time: 0.0630  data: 0.0000  max mem: 11815
      ITM Evaluation: [13700/19848]  eta: 0:06:29    time: 0.0609  data: 0.0000  max mem: 11815
      ITM Evaluation: [13800/19848]  eta: 0:06:22    time: 0.0657  data: 0.0000  max mem: 11815
      ITM Evaluation: [13900/19848]  eta: 0:06:16    time: 0.0606  data: 0.0000  max mem: 11815
      ITM Evaluation: [14000/19848]  eta: 0:06:10    time: 0.0613  data: 0.0000  max mem: 11815
      ITM Evaluation: [14100/19848]  eta: 0:06:03    time: 0.0626  data: 0.0000  max mem: 11815
      ITM Evaluation: [14200/19848]  eta: 0:05:57    time: 0.0622  data: 0.0000  max mem: 11815
      ITM Evaluation: [14300/19848]  eta: 0:05:51    time: 0.0653  data: 0.0000  max mem: 11815
      ITM Evaluation: [14400/19848]  eta: 0:05:44    time: 0.0610  data: 0.0000  max mem: 11815
      ITM Evaluation: [14500/19848]  eta: 0:05:38    time: 0.0624  data: 0.0000  max mem: 11815
      ITM Evaluation: [14600/19848]  eta: 0:05:32    time: 0.0620  data: 0.0000  max mem: 11815
      ITM Evaluation: [14700/19848]  eta: 0:05:25    time: 0.0638  data: 0.0000  max mem: 11815
      ITM Evaluation: [14800/19848]  eta: 0:05:19    time: 0.0640  data: 0.0000  max mem: 11815
      ITM Evaluation: [14900/19848]  eta: 0:05:13    time: 0.0620  data: 0.0000  max mem: 11815
      ITM Evaluation: [15000/19848]  eta: 0:05:06    time: 0.0618  data: 0.0000  max mem: 11815
      ITM Evaluation: [15100/19848]  eta: 0:05:00    time: 0.0621  data: 0.0000  max mem: 11815
      ITM Evaluation: [15200/19848]  eta: 0:04:54    time: 0.0643  data: 0.0000  max mem: 11815
      ITM Evaluation: [15300/19848]  eta: 0:04:47    time: 0.0622  data: 0.0000  max mem: 11815
      ITM Evaluation: [15400/19848]  eta: 0:04:41    time: 0.0616  data: 0.0000  max mem: 11815
      ITM Evaluation: [15500/19848]  eta: 0:04:35    time: 0.0609  data: 0.0000  max mem: 11815
      ITM Evaluation: [15600/19848]  eta: 0:04:28    time: 0.0626  data: 0.0000  max mem: 11815
      ITM Evaluation: [15700/19848]  eta: 0:04:22    time: 0.0621  data: 0.0000  max mem: 11815
      ITM Evaluation: [15800/19848]  eta: 0:04:16    time: 0.0606  data: 0.0000  max mem: 11815
      ITM Evaluation: [15900/19848]  eta: 0:04:09    time: 0.0643  data: 0.0000  max mem: 11815
      ITM Evaluation: [16000/19848]  eta: 0:04:03    time: 0.0648  data: 0.0000  max mem: 11815
      ITM Evaluation: [16100/19848]  eta: 0:03:57    time: 0.0630  data: 0.0000  max mem: 11815
      ITM Evaluation: [16200/19848]  eta: 0:03:50    time: 0.0612  data: 0.0000  max mem: 11815
      ITM Evaluation: [16300/19848]  eta: 0:03:44    time: 0.0630  data: 0.0000  max mem: 11815
      ITM Evaluation: [16400/19848]  eta: 0:03:38    time: 0.0619  data: 0.0000  max mem: 11815
      ITM Evaluation: [16500/19848]  eta: 0:03:31    time: 0.0650  data: 0.0000  max mem: 11815
      ITM Evaluation: [16600/19848]  eta: 0:03:25    time: 0.0622  data: 0.0000  max mem: 11815
      ITM Evaluation: [16700/19848]  eta: 0:03:19    time: 0.0631  data: 0.0000  max mem: 11815
      ITM Evaluation: [16800/19848]  eta: 0:03:12    time: 0.0641  data: 0.0000  max mem: 11815
      ITM Evaluation: [16900/19848]  eta: 0:03:06    time: 0.0626  data: 0.0000  max mem: 11815
      ITM Evaluation: [17000/19848]  eta: 0:03:00    time: 0.0613  data: 0.0000  max mem: 11815
      ITM Evaluation: [17100/19848]  eta: 0:02:53    time: 0.0636  data: 0.0000  max mem: 11815
      ITM Evaluation: [17200/19848]  eta: 0:02:47    time: 0.0622  data: 0.0000  max mem: 11815
      ITM Evaluation: [17300/19848]  eta: 0:02:41    time: 0.0644  data: 0.0000  max mem: 11815
      ITM Evaluation: [17400/19848]  eta: 0:02:34    time: 0.0614  data: 0.0000  max mem: 11815
      ITM Evaluation: [17500/19848]  eta: 0:02:28    time: 0.0621  data: 0.0000  max mem: 11815
      ITM Evaluation: [17600/19848]  eta: 0:02:22    time: 0.0634  data: 0.0000  max mem: 11815
      ITM Evaluation: [17700/19848]  eta: 0:02:15    time: 0.0613  data: 0.0000  max mem: 11815
      ITM Evaluation: [17800/19848]  eta: 0:02:09    time: 0.0614  data: 0.0000  max mem: 11815
      ITM Evaluation: [17900/19848]  eta: 0:02:03    time: 0.0628  data: 0.0000  max mem: 11815
      ITM Evaluation: [18000/19848]  eta: 0:01:56    time: 0.0608  data: 0.0000  max mem: 11815
      ITM Evaluation: [18100/19848]  eta: 0:01:50    time: 0.0612  data: 0.0000  max mem: 11815
      ITM Evaluation: [18200/19848]  eta: 0:01:44    time: 0.0660  data: 0.0000  max mem: 11815
      ITM Evaluation: [18300/19848]  eta: 0:01:37    time: 0.0627  data: 0.0000  max mem: 11815
      ITM Evaluation: [18400/19848]  eta: 0:01:31    time: 0.0638  data: 0.0000  max mem: 11815
      ITM Evaluation: [18500/19848]  eta: 0:01:25    time: 0.0617  data: 0.0000  max mem: 11815
      ITM Evaluation: [18600/19848]  eta: 0:01:18    time: 0.0615  data: 0.0000  max mem: 11815
      ITM Evaluation: [18700/19848]  eta: 0:01:12    time: 0.0633  data: 0.0000  max mem: 11815
      ITM Evaluation: [18800/19848]  eta: 0:01:06    time: 0.0671  data: 0.0000  max mem: 11815
      ITM Evaluation: [18900/19848]  eta: 0:00:59    time: 0.0613  data: 0.0000  max mem: 11815
      ITM Evaluation: [19000/19848]  eta: 0:00:53    time: 0.0616  data: 0.0000  max mem: 11815
      ITM Evaluation: [19100/19848]  eta: 0:00:47    time: 0.0615  data: 0.0000  max mem: 11815
      ITM Evaluation: [19200/19848]  eta: 0:00:40    time: 0.0637  data: 0.0000  max mem: 11815
      ITM Evaluation: [19300/19848]  eta: 0:00:34    time: 0.0628  data: 0.0000  max mem: 11815
      ITM Evaluation: [19400/19848]  eta: 0:00:28    time: 0.0630  data: 0.0000  max mem: 11815
      ITM Evaluation: [19500/19848]  eta: 0:00:21    time: 0.0610  data: 0.0000  max mem: 11815
      ITM Evaluation: [19600/19848]  eta: 0:00:15    time: 0.0634  data: 0.0000  max mem: 11815
      ITM Evaluation: [19700/19848]  eta: 0:00:09    time: 0.0624  data: 0.0000  max mem: 11815
      ITM Evaluation: [19800/19848]  eta: 0:00:03    time: 0.0641  data: 0.0000  max mem: 11815
      ITM Evaluation: [19847/19848]  eta: 0:00:00    time: 0.0623  data: 0.0000  max mem: 11815
      ITM Evaluation: Total time: 0:20:53 (0.0632 s / it)
     total_time 1255.3630063533783
     Computing matching score time 0:20:55
### Zero-Shot ITM Score: 
+-------+--------+--------+--------+--------+--------+
| epoch |   R1   |   R5   |  R10   |  mAP   |  mINP  |
+-------+--------+--------+--------+--------+--------+
|  -999 | 63.014 | 79.484 | 85.041 | 40.411 | 10.184 |
|  -999 | 68.183 | 82.885 | 87.500 | 40.507 | 9.104  |
+-------+--------+--------+--------+--------+--------+
### TTA:
### Compute ITC Uncertainty
     preprocess_tta_coefficients  start
     sample selection ...
     number of sample after sample_selection: 19848
     uncertainty ...
     preprocess_tta_coefficients  end
### Creating tta dataset
     tta_dataset: 19848
### Creating tta dataloader
### be careful: func create_loader returns a list length of 1
     tta_loader: 1240
### Configure adapted weights
     TTA Dropout Modules: 
 [('vision_encoder.pos_drop', Dropout(p=0.0, inplace=False), True), ('vision_encoder.layers.0.blocks.0.attn.attn_drop', Dropout(p=0.0, inplace=False), True), ('vision_encoder.layers.0.blocks.0.attn.proj_drop', Dropout(p=0.0, inplace=False), True), ('vision_encoder.layers.0.blocks.0.mlp.drop', Dropout(p=0.0, inplace=False), True), ('vision_encoder.layers.0.blocks.1.attn.attn_drop', Dropout(p=0.0, inplace=False), True), ('vision_encoder.layers.0.blocks.1.attn.proj_drop', Dropout(p=0.0, inplace=False), True), ('vision_encoder.layers.0.blocks.1.mlp.drop', Dropout(p=0.0, inplace=False), True), ('vision_encoder.layers.1.blocks.0.attn.attn_drop', Dropout(p=0.0, inplace=False), True), ('vision_encoder.layers.1.blocks.0.attn.proj_drop', Dropout(p=0.0, inplace=False), True), ('vision_encoder.layers.1.blocks.0.mlp.drop', Dropout(p=0.0, inplace=False), True), ('vision_encoder.layers.1.blocks.1.attn.attn_drop', Dropout(p=0.0, inplace=False), True), ('vision_encoder.layers.1.blocks.1.attn.proj_drop', Dropout(p=0.0, inplace=False), True), ('vision_encoder.layers.1.blocks.1.mlp.drop', Dropout(p=0.0, inplace=False), True), ('vision_encoder.layers.2.blocks.0.attn.attn_drop', Dropout(p=0.0, inplace=False), True), ('vision_encoder.layers.2.blocks.0.attn.proj_drop', Dropout(p=0.0, inplace=False), True), ('vision_encoder.layers.2.blocks.0.mlp.drop', Dropout(p=0.0, inplace=False), True), ('vision_encoder.layers.2.blocks.1.attn.attn_drop', Dropout(p=0.0, inplace=False), True), ('vision_encoder.layers.2.blocks.1.attn.proj_drop', Dropout(p=0.0, inplace=False), True), ('vision_encoder.layers.2.blocks.1.mlp.drop', Dropout(p=0.0, inplace=False), True), ('vision_encoder.layers.2.blocks.2.attn.attn_drop', Dropout(p=0.0, inplace=False), True), ('vision_encoder.layers.2.blocks.2.attn.proj_drop', Dropout(p=0.0, inplace=False), True), ('vision_encoder.layers.2.blocks.2.mlp.drop', Dropout(p=0.0, inplace=False), True), ('vision_encoder.layers.2.blocks.3.attn.attn_drop', Dropout(p=0.0, inplace=False), True), ('vision_encoder.layers.2.blocks.3.attn.proj_drop', Dropout(p=0.0, inplace=False), True), ('vision_encoder.layers.2.blocks.3.mlp.drop', Dropout(p=0.0, inplace=False), True), ('vision_encoder.layers.2.blocks.4.attn.attn_drop', Dropout(p=0.0, inplace=False), True), ('vision_encoder.layers.2.blocks.4.attn.proj_drop', Dropout(p=0.0, inplace=False), True), ('vision_encoder.layers.2.blocks.4.mlp.drop', Dropout(p=0.0, inplace=False), True), ('vision_encoder.layers.2.blocks.5.attn.attn_drop', Dropout(p=0.0, inplace=False), True), ('vision_encoder.layers.2.blocks.5.attn.proj_drop', Dropout(p=0.0, inplace=False), True), ('vision_encoder.layers.2.blocks.5.mlp.drop', Dropout(p=0.0, inplace=False), True), ('vision_encoder.layers.2.blocks.6.attn.attn_drop', Dropout(p=0.0, inplace=False), True), ('vision_encoder.layers.2.blocks.6.attn.proj_drop', Dropout(p=0.0, inplace=False), True), ('vision_encoder.layers.2.blocks.6.mlp.drop', Dropout(p=0.0, inplace=False), True), ('vision_encoder.layers.2.blocks.7.attn.attn_drop', Dropout(p=0.0, inplace=False), True), ('vision_encoder.layers.2.blocks.7.attn.proj_drop', Dropout(p=0.0, inplace=False), True), ('vision_encoder.layers.2.blocks.7.mlp.drop', Dropout(p=0.0, inplace=False), True), ('vision_encoder.layers.2.blocks.8.attn.attn_drop', Dropout(p=0.0, inplace=False), True), ('vision_encoder.layers.2.blocks.8.attn.proj_drop', Dropout(p=0.0, inplace=False), True), ('vision_encoder.layers.2.blocks.8.mlp.drop', Dropout(p=0.0, inplace=False), True), ('vision_encoder.layers.2.blocks.9.attn.attn_drop', Dropout(p=0.0, inplace=False), True), ('vision_encoder.layers.2.blocks.9.attn.proj_drop', Dropout(p=0.0, inplace=False), True), ('vision_encoder.layers.2.blocks.9.mlp.drop', Dropout(p=0.0, inplace=False), True), ('vision_encoder.layers.2.blocks.10.attn.attn_drop', Dropout(p=0.0, inplace=False), True), ('vision_encoder.layers.2.blocks.10.attn.proj_drop', Dropout(p=0.0, inplace=False), True), ('vision_encoder.layers.2.blocks.10.mlp.drop', Dropout(p=0.0, inplace=False), True), ('vision_encoder.layers.2.blocks.11.attn.attn_drop', Dropout(p=0.0, inplace=False), True), ('vision_encoder.layers.2.blocks.11.attn.proj_drop', Dropout(p=0.0, inplace=False), True), ('vision_encoder.layers.2.blocks.11.mlp.drop', Dropout(p=0.0, inplace=False), True), ('vision_encoder.layers.2.blocks.12.attn.attn_drop', Dropout(p=0.0, inplace=False), True), ('vision_encoder.layers.2.blocks.12.attn.proj_drop', Dropout(p=0.0, inplace=False), True), ('vision_encoder.layers.2.blocks.12.mlp.drop', Dropout(p=0.0, inplace=False), True), ('vision_encoder.layers.2.blocks.13.attn.attn_drop', Dropout(p=0.0, inplace=False), True), ('vision_encoder.layers.2.blocks.13.attn.proj_drop', Dropout(p=0.0, inplace=False), True), ('vision_encoder.layers.2.blocks.13.mlp.drop', Dropout(p=0.0, inplace=False), True), ('vision_encoder.layers.2.blocks.14.attn.attn_drop', Dropout(p=0.0, inplace=False), True), ('vision_encoder.layers.2.blocks.14.attn.proj_drop', Dropout(p=0.0, inplace=False), True), ('vision_encoder.layers.2.blocks.14.mlp.drop', Dropout(p=0.0, inplace=False), True), ('vision_encoder.layers.2.blocks.15.attn.attn_drop', Dropout(p=0.0, inplace=False), True), ('vision_encoder.layers.2.blocks.15.attn.proj_drop', Dropout(p=0.0, inplace=False), True), ('vision_encoder.layers.2.blocks.15.mlp.drop', Dropout(p=0.0, inplace=False), True), ('vision_encoder.layers.2.blocks.16.attn.attn_drop', Dropout(p=0.0, inplace=False), True), ('vision_encoder.layers.2.blocks.16.attn.proj_drop', Dropout(p=0.0, inplace=False), True), ('vision_encoder.layers.2.blocks.16.mlp.drop', Dropout(p=0.0, inplace=False), True), ('vision_encoder.layers.2.blocks.17.attn.attn_drop', Dropout(p=0.0, inplace=False), True), ('vision_encoder.layers.2.blocks.17.attn.proj_drop', Dropout(p=0.0, inplace=False), True), ('vision_encoder.layers.2.blocks.17.mlp.drop', Dropout(p=0.0, inplace=False), True), ('vision_encoder.layers.3.blocks.0.attn.attn_drop', Dropout(p=0.0, inplace=False), True), ('vision_encoder.layers.3.blocks.0.attn.proj_drop', Dropout(p=0.0, inplace=False), True), ('vision_encoder.layers.3.blocks.0.mlp.drop', Dropout(p=0.0, inplace=False), True), ('vision_encoder.layers.3.blocks.1.attn.attn_drop', Dropout(p=0.0, inplace=False), True), ('vision_encoder.layers.3.blocks.1.attn.proj_drop', Dropout(p=0.0, inplace=False), True), ('vision_encoder.layers.3.blocks.1.mlp.drop', Dropout(p=0.0, inplace=False), True), ('text_encoder.bert.embeddings.dropout', Dropout(p=0.1, inplace=False), True), ('text_encoder.bert.encoder.layer.0.attention.self.dropout', Dropout(p=0.1, inplace=False), True), ('text_encoder.bert.encoder.layer.0.attention.output.dropout', Dropout(p=0.1, inplace=False), True), ('text_encoder.bert.encoder.layer.0.output.dropout', Dropout(p=0.1, inplace=False), True), ('text_encoder.bert.encoder.layer.1.attention.self.dropout', Dropout(p=0.1, inplace=False), True), ('text_encoder.bert.encoder.layer.1.attention.output.dropout', Dropout(p=0.1, inplace=False), True), ('text_encoder.bert.encoder.layer.1.output.dropout', Dropout(p=0.1, inplace=False), True), ('text_encoder.bert.encoder.layer.2.attention.self.dropout', Dropout(p=0.1, inplace=False), True), ('text_encoder.bert.encoder.layer.2.attention.output.dropout', Dropout(p=0.1, inplace=False), True), ('text_encoder.bert.encoder.layer.2.output.dropout', Dropout(p=0.1, inplace=False), True), ('text_encoder.bert.encoder.layer.3.attention.self.dropout', Dropout(p=0.1, inplace=False), True), ('text_encoder.bert.encoder.layer.3.attention.output.dropout', Dropout(p=0.1, inplace=False), True), ('text_encoder.bert.encoder.layer.3.output.dropout', Dropout(p=0.1, inplace=False), True), ('text_encoder.bert.encoder.layer.4.attention.self.dropout', Dropout(p=0.1, inplace=False), True), ('text_encoder.bert.encoder.layer.4.attention.output.dropout', Dropout(p=0.1, inplace=False), True), ('text_encoder.bert.encoder.layer.4.output.dropout', Dropout(p=0.1, inplace=False), True), ('text_encoder.bert.encoder.layer.5.attention.self.dropout', Dropout(p=0.1, inplace=False), True), ('text_encoder.bert.encoder.layer.5.attention.output.dropout', Dropout(p=0.1, inplace=False), True), ('text_encoder.bert.encoder.layer.5.output.dropout', Dropout(p=0.1, inplace=False), True), ('text_encoder.bert.encoder.layer.6.attention.self.dropout', Dropout(p=0.1, inplace=False), True), ('text_encoder.bert.encoder.layer.6.attention.output.dropout', Dropout(p=0.1, inplace=False), True), ('text_encoder.bert.encoder.layer.6.crossattention.self.dropout', Dropout(p=0.1, inplace=False), True), ('text_encoder.bert.encoder.layer.6.crossattention.output.dropout', Dropout(p=0.1, inplace=False), True), ('text_encoder.bert.encoder.layer.6.output.dropout', Dropout(p=0.1, inplace=False), True), ('text_encoder.bert.encoder.layer.7.attention.self.dropout', Dropout(p=0.1, inplace=False), True), ('text_encoder.bert.encoder.layer.7.attention.output.dropout', Dropout(p=0.1, inplace=False), True), ('text_encoder.bert.encoder.layer.7.crossattention.self.dropout', Dropout(p=0.1, inplace=False), True), ('text_encoder.bert.encoder.layer.7.crossattention.output.dropout', Dropout(p=0.1, inplace=False), True), ('text_encoder.bert.encoder.layer.7.output.dropout', Dropout(p=0.1, inplace=False), True), ('text_encoder.bert.encoder.layer.8.attention.self.dropout', Dropout(p=0.1, inplace=False), True), ('text_encoder.bert.encoder.layer.8.attention.output.dropout', Dropout(p=0.1, inplace=False), True), ('text_encoder.bert.encoder.layer.8.crossattention.self.dropout', Dropout(p=0.1, inplace=False), True), ('text_encoder.bert.encoder.layer.8.crossattention.output.dropout', Dropout(p=0.1, inplace=False), True), ('text_encoder.bert.encoder.layer.8.output.dropout', Dropout(p=0.1, inplace=False), True), ('text_encoder.bert.encoder.layer.9.attention.self.dropout', Dropout(p=0.1, inplace=False), True), ('text_encoder.bert.encoder.layer.9.attention.output.dropout', Dropout(p=0.1, inplace=False), True), ('text_encoder.bert.encoder.layer.9.crossattention.self.dropout', Dropout(p=0.1, inplace=False), True), ('text_encoder.bert.encoder.layer.9.crossattention.output.dropout', Dropout(p=0.1, inplace=False), True), ('text_encoder.bert.encoder.layer.9.output.dropout', Dropout(p=0.1, inplace=False), True), ('text_encoder.bert.encoder.layer.10.attention.self.dropout', Dropout(p=0.1, inplace=False), True), ('text_encoder.bert.encoder.layer.10.attention.output.dropout', Dropout(p=0.1, inplace=False), True), ('text_encoder.bert.encoder.layer.10.crossattention.self.dropout', Dropout(p=0.1, inplace=False), True), ('text_encoder.bert.encoder.layer.10.crossattention.output.dropout', Dropout(p=0.1, inplace=False), True), ('text_encoder.bert.encoder.layer.10.output.dropout', Dropout(p=0.1, inplace=False), True), ('text_encoder.bert.encoder.layer.11.attention.self.dropout', Dropout(p=0.1, inplace=False), True), ('text_encoder.bert.encoder.layer.11.attention.output.dropout', Dropout(p=0.1, inplace=False), True), ('text_encoder.bert.encoder.layer.11.crossattention.self.dropout', Dropout(p=0.1, inplace=False), True), ('text_encoder.bert.encoder.layer.11.crossattention.output.dropout', Dropout(p=0.1, inplace=False), True), ('text_encoder.bert.encoder.layer.11.output.dropout', Dropout(p=0.1, inplace=False), True)]
     TTA Require Gradient Params: 
 [('text_encoder.bert.embeddings.LayerNorm.weight', torch.Size([768])), ('text_encoder.bert.embeddings.LayerNorm.bias', torch.Size([768])), ('text_encoder.bert.encoder.layer.6.attention.output.LayerNorm.weight', torch.Size([768])), ('text_encoder.bert.encoder.layer.6.attention.output.LayerNorm.bias', torch.Size([768])), ('text_encoder.bert.encoder.layer.6.crossattention.output.LayerNorm.weight', torch.Size([768])), ('text_encoder.bert.encoder.layer.6.crossattention.output.LayerNorm.bias', torch.Size([768])), ('text_encoder.bert.encoder.layer.6.output.LayerNorm.weight', torch.Size([768])), ('text_encoder.bert.encoder.layer.6.output.LayerNorm.bias', torch.Size([768])), ('text_encoder.bert.encoder.layer.7.attention.output.LayerNorm.weight', torch.Size([768])), ('text_encoder.bert.encoder.layer.7.attention.output.LayerNorm.bias', torch.Size([768])), ('text_encoder.bert.encoder.layer.7.crossattention.output.LayerNorm.weight', torch.Size([768])), ('text_encoder.bert.encoder.layer.7.crossattention.output.LayerNorm.bias', torch.Size([768])), ('text_encoder.bert.encoder.layer.7.output.LayerNorm.weight', torch.Size([768])), ('text_encoder.bert.encoder.layer.7.output.LayerNorm.bias', torch.Size([768])), ('text_encoder.bert.encoder.layer.8.attention.output.LayerNorm.weight', torch.Size([768])), ('text_encoder.bert.encoder.layer.8.attention.output.LayerNorm.bias', torch.Size([768])), ('text_encoder.bert.encoder.layer.8.crossattention.output.LayerNorm.weight', torch.Size([768])), ('text_encoder.bert.encoder.layer.8.crossattention.output.LayerNorm.bias', torch.Size([768])), ('text_encoder.bert.encoder.layer.8.output.LayerNorm.weight', torch.Size([768])), ('text_encoder.bert.encoder.layer.8.output.LayerNorm.bias', torch.Size([768])), ('text_encoder.bert.encoder.layer.9.attention.output.LayerNorm.weight', torch.Size([768])), ('text_encoder.bert.encoder.layer.9.attention.output.LayerNorm.bias', torch.Size([768])), ('text_encoder.bert.encoder.layer.9.crossattention.output.LayerNorm.weight', torch.Size([768])), ('text_encoder.bert.encoder.layer.9.crossattention.output.LayerNorm.bias', torch.Size([768])), ('text_encoder.bert.encoder.layer.9.output.LayerNorm.weight', torch.Size([768])), ('text_encoder.bert.encoder.layer.9.output.LayerNorm.bias', torch.Size([768])), ('text_encoder.bert.encoder.layer.10.attention.output.LayerNorm.weight', torch.Size([768])), ('text_encoder.bert.encoder.layer.10.attention.output.LayerNorm.bias', torch.Size([768])), ('text_encoder.bert.encoder.layer.10.crossattention.output.LayerNorm.weight', torch.Size([768])), ('text_encoder.bert.encoder.layer.10.crossattention.output.LayerNorm.bias', torch.Size([768])), ('text_encoder.bert.encoder.layer.10.output.LayerNorm.weight', torch.Size([768])), ('text_encoder.bert.encoder.layer.10.output.LayerNorm.bias', torch.Size([768])), ('text_encoder.bert.encoder.layer.11.attention.output.LayerNorm.weight', torch.Size([768])), ('text_encoder.bert.encoder.layer.11.attention.output.LayerNorm.bias', torch.Size([768])), ('text_encoder.bert.encoder.layer.11.crossattention.output.LayerNorm.weight', torch.Size([768])), ('text_encoder.bert.encoder.layer.11.crossattention.output.LayerNorm.bias', torch.Size([768])), ('text_encoder.bert.encoder.layer.11.output.LayerNorm.weight', torch.Size([768])), ('text_encoder.bert.encoder.layer.11.output.LayerNorm.bias', torch.Size([768])), ('text_encoder.cls.predictions.transform.LayerNorm.weight', torch.Size([768])), ('text_encoder.cls.predictions.transform.LayerNorm.bias', torch.Size([768])), ('itm_head.1.weight', torch.Size([1536])), ('itm_head.1.bias', torch.Size([1536]))]
     TTA Dropout Modules Number: 
 122
     TTA Require Gradient Params Sum: 
 33792
     lr:  0.0005    lr_mult:  2
     model has 'init_params',  363
     num_tta_steps:  37230
     num_warmup_steps:  100
     sched: step
### Start ITM Test Time Adaptation
      TTA Epoch: [0] [   0/1240]  eta: 0:41:33  lr: 0.000005  entropy: 1.6595  loss: 1.6595  time: 2.0106  data: 1.8041  max mem: 11815
      TTA Epoch: [0] [ 100/1240]  eta: 0:01:58  lr: 0.000500  entropy: 0.5872  loss: 0.5872  time: 0.0797  data: 0.0002  max mem: 11815
      TTA Epoch: [0] [ 200/1240]  eta: 0:01:34  lr: 0.000499  entropy: 0.4023  loss: 0.4023  time: 0.0792  data: 0.0001  max mem: 11815
      TTA Epoch: [0] [ 300/1240]  eta: 0:01:21  lr: 0.000497  entropy: 0.2484  loss: 0.2484  time: 0.0777  data: 0.0001  max mem: 11815
      TTA Epoch: [0] [ 400/1240]  eta: 0:01:11  lr: 0.000248  entropy: 0.5706  loss: 0.5706  time: 0.0811  data: 0.0001  max mem: 11815
      TTA Epoch: [0] [ 500/1240]  eta: 0:01:03  lr: 0.000247  entropy: 0.3718  loss: 0.3718  time: 0.0802  data: 0.0001  max mem: 11815
      TTA Epoch: [0] [ 600/1240]  eta: 0:00:54  lr: 0.000247  entropy: 0.3334  loss: 0.3334  time: 0.0799  data: 0.0001  max mem: 11815
      TTA Epoch: [0] [ 700/1240]  eta: 0:00:45  lr: 0.000098  entropy: 0.3474  loss: 0.3474  time: 0.0807  data: 0.0001  max mem: 11815
      TTA Epoch: [0] [ 800/1240]  eta: 0:00:37  lr: 0.000098  entropy: 0.2663  loss: 0.2663  time: 0.0808  data: 0.0001  max mem: 11815
      TTA Epoch: [0] [ 900/1240]  eta: 0:00:28  lr: 0.000098  entropy: 0.3845  loss: 0.3845  time: 0.0793  data: 0.0002  max mem: 11815
      TTA Epoch: [0] [1000/1240]  eta: 0:00:20  lr: 0.000098  entropy: 0.2767  loss: 0.2767  time: 0.0806  data: 0.0002  max mem: 11815
      TTA Epoch: [0] [1100/1240]  eta: 0:00:11  lr: 0.000097  entropy: 0.2874  loss: 0.2874  time: 0.0799  data: 0.0001  max mem: 11815
      TTA Epoch: [0] [1200/1240]  eta: 0:00:03  lr: 0.000097  entropy: 0.1697  loss: 0.1697  time: 0.0797  data: 0.0001  max mem: 11815
      TTA Epoch: [0] [1239/1240]  eta: 0:00:00  lr: 0.000097  entropy: 0.2849  loss: 0.2849  time: 0.0791  data: 0.0002  max mem: 11815
      TTA Epoch: [0] Total time: 0:01:42 (0.0827 s / it)
     Averaged stats: lr: 0.0002  entropy: 0.4087  loss: 0.4087
     itm tta time 0:01:43
     Computing matching score
      ITM Evaluation: [    0/19848]  eta: 0:33:17    time: 0.1006  data: 0.0224  max mem: 11815
      ITM Evaluation: [  100/19848]  eta: 0:20:52    time: 0.0629  data: 0.0000  max mem: 11815
      ITM Evaluation: [  200/19848]  eta: 0:20:46    time: 0.0636  data: 0.0000  max mem: 11815
      ITM Evaluation: [  300/19848]  eta: 0:20:45    time: 0.0625  data: 0.0000  max mem: 11815
      ITM Evaluation: [  400/19848]  eta: 0:20:38    time: 0.0620  data: 0.0000  max mem: 11815
      ITM Evaluation: [  500/19848]  eta: 0:20:28    time: 0.0623  data: 0.0000  max mem: 11815
      ITM Evaluation: [  600/19848]  eta: 0:20:20    time: 0.0646  data: 0.0000  max mem: 11815
      ITM Evaluation: [  700/19848]  eta: 0:20:13    time: 0.0616  data: 0.0000  max mem: 11815
      ITM Evaluation: [  800/19848]  eta: 0:20:04    time: 0.0616  data: 0.0000  max mem: 11815
      ITM Evaluation: [  900/19848]  eta: 0:19:58    time: 0.0641  data: 0.0000  max mem: 11815
      ITM Evaluation: [ 1000/19848]  eta: 0:19:53    time: 0.0642  data: 0.0000  max mem: 11815
      ITM Evaluation: [ 1100/19848]  eta: 0:19:47    time: 0.0625  data: 0.0000  max mem: 11815
      ITM Evaluation: [ 1200/19848]  eta: 0:19:36    time: 0.0603  data: 0.0000  max mem: 11815
      ITM Evaluation: [ 1300/19848]  eta: 0:19:27    time: 0.0611  data: 0.0000  max mem: 11815
      ITM Evaluation: [ 1400/19848]  eta: 0:19:18    time: 0.0614  data: 0.0000  max mem: 11815
      ITM Evaluation: [ 1500/19848]  eta: 0:19:09    time: 0.0604  data: 0.0000  max mem: 11815
      ITM Evaluation: [ 1600/19848]  eta: 0:19:00    time: 0.0622  data: 0.0000  max mem: 11815
      ITM Evaluation: [ 1700/19848]  eta: 0:18:54    time: 0.0611  data: 0.0000  max mem: 11815
      ITM Evaluation: [ 1800/19848]  eta: 0:18:45    time: 0.0594  data: 0.0000  max mem: 11815
      ITM Evaluation: [ 1900/19848]  eta: 0:18:37    time: 0.0608  data: 0.0000  max mem: 11815
      ITM Evaluation: [ 2000/19848]  eta: 0:18:30    time: 0.0597  data: 0.0000  max mem: 11815
      ITM Evaluation: [ 2100/19848]  eta: 0:18:22    time: 0.0599  data: 0.0000  max mem: 11815
      ITM Evaluation: [ 2200/19848]  eta: 0:18:14    time: 0.0611  data: 0.0000  max mem: 11815
      ITM Evaluation: [ 2300/19848]  eta: 0:18:09    time: 0.0645  data: 0.0000  max mem: 11815
      ITM Evaluation: [ 2400/19848]  eta: 0:18:03    time: 0.0634  data: 0.0000  max mem: 11815
      ITM Evaluation: [ 2500/19848]  eta: 0:17:58    time: 0.0657  data: 0.0000  max mem: 11815
      ITM Evaluation: [ 2600/19848]  eta: 0:17:51    time: 0.0603  data: 0.0000  max mem: 11815
      ITM Evaluation: [ 2700/19848]  eta: 0:17:44    time: 0.0617  data: 0.0000  max mem: 11815
      ITM Evaluation: [ 2800/19848]  eta: 0:17:37    time: 0.0607  data: 0.0000  max mem: 11815
      ITM Evaluation: [ 2900/19848]  eta: 0:17:31    time: 0.0607  data: 0.0000  max mem: 11815
      ITM Evaluation: [ 3000/19848]  eta: 0:17:24    time: 0.0608  data: 0.0000  max mem: 11815
      ITM Evaluation: [ 3100/19848]  eta: 0:17:17    time: 0.0620  data: 0.0000  max mem: 11815
      ITM Evaluation: [ 3200/19848]  eta: 0:17:10    time: 0.0617  data: 0.0000  max mem: 11815
      ITM Evaluation: [ 3300/19848]  eta: 0:17:04    time: 0.0627  data: 0.0000  max mem: 11815
      ITM Evaluation: [ 3400/19848]  eta: 0:16:58    time: 0.0617  data: 0.0000  max mem: 11815
      ITM Evaluation: [ 3500/19848]  eta: 0:16:52    time: 0.0604  data: 0.0000  max mem: 11815
      ITM Evaluation: [ 3600/19848]  eta: 0:16:45    time: 0.0607  data: 0.0000  max mem: 11815
      ITM Evaluation: [ 3700/19848]  eta: 0:16:38    time: 0.0606  data: 0.0000  max mem: 11815
      ITM Evaluation: [ 3800/19848]  eta: 0:16:31    time: 0.0599  data: 0.0000  max mem: 11815
      ITM Evaluation: [ 3900/19848]  eta: 0:16:24    time: 0.0605  data: 0.0000  max mem: 11815
      ITM Evaluation: [ 4000/19848]  eta: 0:16:18    time: 0.0634  data: 0.0000  max mem: 11815
      ITM Evaluation: [ 4100/19848]  eta: 0:16:12    time: 0.0635  data: 0.0000  max mem: 11815
      ITM Evaluation: [ 4200/19848]  eta: 0:16:06    time: 0.0599  data: 0.0000  max mem: 11815
      ITM Evaluation: [ 4300/19848]  eta: 0:16:00    time: 0.0615  data: 0.0000  max mem: 11815
      ITM Evaluation: [ 4400/19848]  eta: 0:15:53    time: 0.0605  data: 0.0000  max mem: 11815
      ITM Evaluation: [ 4500/19848]  eta: 0:15:47    time: 0.0606  data: 0.0000  max mem: 11815
      ITM Evaluation: [ 4600/19848]  eta: 0:15:40    time: 0.0604  data: 0.0000  max mem: 11815
      ITM Evaluation: [ 4700/19848]  eta: 0:15:33    time: 0.0609  data: 0.0000  max mem: 11815
      ITM Evaluation: [ 4800/19848]  eta: 0:15:27    time: 0.0623  data: 0.0000  max mem: 11815
      ITM Evaluation: [ 4900/19848]  eta: 0:15:20    time: 0.0597  data: 0.0000  max mem: 11815
      ITM Evaluation: [ 5000/19848]  eta: 0:15:14    time: 0.0594  data: 0.0000  max mem: 11815
      ITM Evaluation: [ 5100/19848]  eta: 0:15:07    time: 0.0607  data: 0.0000  max mem: 11815
      ITM Evaluation: [ 5200/19848]  eta: 0:15:00    time: 0.0589  data: 0.0000  max mem: 11815
      ITM Evaluation: [ 5300/19848]  eta: 0:14:55    time: 0.0626  data: 0.0000  max mem: 11815
      ITM Evaluation: [ 5400/19848]  eta: 0:14:49    time: 0.0645  data: 0.0000  max mem: 11815
      ITM Evaluation: [ 5500/19848]  eta: 0:14:43    time: 0.0607  data: 0.0000  max mem: 11815
      ITM Evaluation: [ 5600/19848]  eta: 0:14:37    time: 0.0600  data: 0.0000  max mem: 11815
      ITM Evaluation: [ 5700/19848]  eta: 0:14:30    time: 0.0599  data: 0.0000  max mem: 11815
      ITM Evaluation: [ 5800/19848]  eta: 0:14:24    time: 0.0609  data: 0.0000  max mem: 11815
      ITM Evaluation: [ 5900/19848]  eta: 0:14:18    time: 0.0611  data: 0.0000  max mem: 11815
      ITM Evaluation: [ 6000/19848]  eta: 0:14:12    time: 0.0616  data: 0.0000  max mem: 11815
      ITM Evaluation: [ 6100/19848]  eta: 0:14:06    time: 0.0640  data: 0.0000  max mem: 11815
      ITM Evaluation: [ 6200/19848]  eta: 0:14:00    time: 0.0640  data: 0.0000  max mem: 11815
      ITM Evaluation: [ 6300/19848]  eta: 0:13:54    time: 0.0623  data: 0.0000  max mem: 11815
      ITM Evaluation: [ 6400/19848]  eta: 0:13:49    time: 0.0631  data: 0.0000  max mem: 11815
      ITM Evaluation: [ 6500/19848]  eta: 0:13:43    time: 0.0617  data: 0.0000  max mem: 11815
      ITM Evaluation: [ 6600/19848]  eta: 0:13:37    time: 0.0598  data: 0.0000  max mem: 11815
      ITM Evaluation: [ 6700/19848]  eta: 0:13:30    time: 0.0616  data: 0.0000  max mem: 11815
      ITM Evaluation: [ 6800/19848]  eta: 0:13:24    time: 0.0601  data: 0.0000  max mem: 11815
      ITM Evaluation: [ 6900/19848]  eta: 0:13:18    time: 0.0620  data: 0.0000  max mem: 11815
      ITM Evaluation: [ 7000/19848]  eta: 0:13:12    time: 0.0640  data: 0.0000  max mem: 11815
      ITM Evaluation: [ 7100/19848]  eta: 0:13:06    time: 0.0617  data: 0.0000  max mem: 11815
      ITM Evaluation: [ 7200/19848]  eta: 0:13:00    time: 0.0614  data: 0.0000  max mem: 11815
      ITM Evaluation: [ 7300/19848]  eta: 0:12:53    time: 0.0604  data: 0.0000  max mem: 11815
      ITM Evaluation: [ 7400/19848]  eta: 0:12:47    time: 0.0607  data: 0.0000  max mem: 11815
      ITM Evaluation: [ 7500/19848]  eta: 0:12:41    time: 0.0621  data: 0.0000  max mem: 11815
      ITM Evaluation: [ 7600/19848]  eta: 0:12:35    time: 0.0640  data: 0.0000  max mem: 11815
      ITM Evaluation: [ 7700/19848]  eta: 0:12:29    time: 0.0609  data: 0.0000  max mem: 11815
      ITM Evaluation: [ 7800/19848]  eta: 0:12:22    time: 0.0599  data: 0.0000  max mem: 11815
      ITM Evaluation: [ 7900/19848]  eta: 0:12:16    time: 0.0611  data: 0.0000  max mem: 11815
      ITM Evaluation: [ 8000/19848]  eta: 0:12:09    time: 0.0600  data: 0.0000  max mem: 11815
      ITM Evaluation: [ 8100/19848]  eta: 0:12:03    time: 0.0606  data: 0.0000  max mem: 11815
      ITM Evaluation: [ 8200/19848]  eta: 0:11:57    time: 0.0616  data: 0.0000  max mem: 11815
      ITM Evaluation: [ 8300/19848]  eta: 0:11:51    time: 0.0613  data: 0.0000  max mem: 11815
      ITM Evaluation: [ 8400/19848]  eta: 0:11:45    time: 0.0600  data: 0.0000  max mem: 11815
      ITM Evaluation: [ 8500/19848]  eta: 0:11:38    time: 0.0605  data: 0.0000  max mem: 11815
      ITM Evaluation: [ 8600/19848]  eta: 0:11:32    time: 0.0606  data: 0.0000  max mem: 11815
      ITM Evaluation: [ 8700/19848]  eta: 0:11:26    time: 0.0605  data: 0.0000  max mem: 11815
      ITM Evaluation: [ 8800/19848]  eta: 0:11:19    time: 0.0604  data: 0.0000  max mem: 11815
      ITM Evaluation: [ 8900/19848]  eta: 0:11:13    time: 0.0611  data: 0.0000  max mem: 11815
      ITM Evaluation: [ 9000/19848]  eta: 0:11:07    time: 0.0616  data: 0.0000  max mem: 11815
      ITM Evaluation: [ 9100/19848]  eta: 0:11:01    time: 0.0608  data: 0.0000  max mem: 11815
      ITM Evaluation: [ 9200/19848]  eta: 0:10:54    time: 0.0599  data: 0.0000  max mem: 11815
      ITM Evaluation: [ 9300/19848]  eta: 0:10:48    time: 0.0621  data: 0.0000  max mem: 11815
      ITM Evaluation: [ 9400/19848]  eta: 0:10:42    time: 0.0615  data: 0.0000  max mem: 11815
      ITM Evaluation: [ 9500/19848]  eta: 0:10:36    time: 0.0625  data: 0.0000  max mem: 11815
      ITM Evaluation: [ 9600/19848]  eta: 0:10:30    time: 0.0600  data: 0.0000  max mem: 11815
      ITM Evaluation: [ 9700/19848]  eta: 0:10:23    time: 0.0615  data: 0.0000  max mem: 11815
      ITM Evaluation: [ 9800/19848]  eta: 0:10:17    time: 0.0602  data: 0.0000  max mem: 11815
      ITM Evaluation: [ 9900/19848]  eta: 0:10:11    time: 0.0602  data: 0.0000  max mem: 11815
      ITM Evaluation: [10000/19848]  eta: 0:10:05    time: 0.0603  data: 0.0000  max mem: 11815
      ITM Evaluation: [10100/19848]  eta: 0:09:59    time: 0.0601  data: 0.0000  max mem: 11815
      ITM Evaluation: [10200/19848]  eta: 0:09:52    time: 0.0600  data: 0.0000  max mem: 11815
      ITM Evaluation: [10300/19848]  eta: 0:09:46    time: 0.0614  data: 0.0000  max mem: 11815
      ITM Evaluation: [10400/19848]  eta: 0:09:40    time: 0.0610  data: 0.0000  max mem: 11815
      ITM Evaluation: [10500/19848]  eta: 0:09:34    time: 0.0596  data: 0.0000  max mem: 11815
      ITM Evaluation: [10600/19848]  eta: 0:09:27    time: 0.0583  data: 0.0000  max mem: 11815
      ITM Evaluation: [10700/19848]  eta: 0:09:21    time: 0.0589  data: 0.0000  max mem: 11815
      ITM Evaluation: [10800/19848]  eta: 0:09:15    time: 0.0599  data: 0.0000  max mem: 11815
      ITM Evaluation: [10900/19848]  eta: 0:09:09    time: 0.0589  data: 0.0000  max mem: 11815
      ITM Evaluation: [11000/19848]  eta: 0:09:02    time: 0.0589  data: 0.0000  max mem: 11815
      ITM Evaluation: [11100/19848]  eta: 0:08:56    time: 0.0600  data: 0.0000  max mem: 11815
      ITM Evaluation: [11200/19848]  eta: 0:08:50    time: 0.0585  data: 0.0000  max mem: 11815
      ITM Evaluation: [11300/19848]  eta: 0:08:44    time: 0.0604  data: 0.0000  max mem: 11815
      ITM Evaluation: [11400/19848]  eta: 0:08:37    time: 0.0584  data: 0.0000  max mem: 11815
      ITM Evaluation: [11500/19848]  eta: 0:08:31    time: 0.0580  data: 0.0000  max mem: 11815
      ITM Evaluation: [11600/19848]  eta: 0:08:25    time: 0.0588  data: 0.0000  max mem: 11815
      ITM Evaluation: [11700/19848]  eta: 0:08:18    time: 0.0593  data: 0.0000  max mem: 11815
      ITM Evaluation: [11800/19848]  eta: 0:08:12    time: 0.0590  data: 0.0000  max mem: 11815
      ITM Evaluation: [11900/19848]  eta: 0:08:06    time: 0.0639  data: 0.0000  max mem: 11815
      ITM Evaluation: [12000/19848]  eta: 0:08:00    time: 0.0581  data: 0.0000  max mem: 11815
      ITM Evaluation: [12100/19848]  eta: 0:07:53    time: 0.0584  data: 0.0000  max mem: 11815
      ITM Evaluation: [12200/19848]  eta: 0:07:47    time: 0.0612  data: 0.0000  max mem: 11815
      ITM Evaluation: [12300/19848]  eta: 0:07:41    time: 0.0591  data: 0.0000  max mem: 11815
      ITM Evaluation: [12400/19848]  eta: 0:07:35    time: 0.0559  data: 0.0000  max mem: 11815
      ITM Evaluation: [12500/19848]  eta: 0:07:28    time: 0.0593  data: 0.0000  max mem: 11815
      ITM Evaluation: [12600/19848]  eta: 0:07:22    time: 0.0592  data: 0.0000  max mem: 11815
      ITM Evaluation: [12700/19848]  eta: 0:07:16    time: 0.0589  data: 0.0000  max mem: 11815
      ITM Evaluation: [12800/19848]  eta: 0:07:10    time: 0.0589  data: 0.0000  max mem: 11815
      ITM Evaluation: [12900/19848]  eta: 0:07:04    time: 0.0583  data: 0.0000  max mem: 11815
      ITM Evaluation: [13000/19848]  eta: 0:06:57    time: 0.0593  data: 0.0000  max mem: 11815
      ITM Evaluation: [13100/19848]  eta: 0:06:51    time: 0.0583  data: 0.0000  max mem: 11815
      ITM Evaluation: [13200/19848]  eta: 0:06:45    time: 0.0587  data: 0.0000  max mem: 11815
      ITM Evaluation: [13300/19848]  eta: 0:06:39    time: 0.0602  data: 0.0000  max mem: 11815
      ITM Evaluation: [13400/19848]  eta: 0:06:33    time: 0.0584  data: 0.0000  max mem: 11815
      ITM Evaluation: [13500/19848]  eta: 0:06:27    time: 0.0597  data: 0.0000  max mem: 11815
      ITM Evaluation: [13600/19848]  eta: 0:06:20    time: 0.0590  data: 0.0000  max mem: 11815
      ITM Evaluation: [13700/19848]  eta: 0:06:14    time: 0.0585  data: 0.0000  max mem: 11815
      ITM Evaluation: [13800/19848]  eta: 0:06:08    time: 0.0615  data: 0.0000  max mem: 11815
      ITM Evaluation: [13900/19848]  eta: 0:06:02    time: 0.0590  data: 0.0000  max mem: 11815
      ITM Evaluation: [14000/19848]  eta: 0:05:56    time: 0.0608  data: 0.0000  max mem: 11815
      ITM Evaluation: [14100/19848]  eta: 0:05:50    time: 0.0583  data: 0.0000  max mem: 11815
      ITM Evaluation: [14200/19848]  eta: 0:05:44    time: 0.0595  data: 0.0000  max mem: 11815
      ITM Evaluation: [14300/19848]  eta: 0:05:37    time: 0.0586  data: 0.0000  max mem: 11815
      ITM Evaluation: [14400/19848]  eta: 0:05:31    time: 0.0613  data: 0.0000  max mem: 11815
      ITM Evaluation: [14500/19848]  eta: 0:05:25    time: 0.0587  data: 0.0000  max mem: 11815
      ITM Evaluation: [14600/19848]  eta: 0:05:19    time: 0.0589  data: 0.0000  max mem: 11815
      ITM Evaluation: [14700/19848]  eta: 0:05:13    time: 0.0610  data: 0.0000  max mem: 11815
      ITM Evaluation: [14800/19848]  eta: 0:05:07    time: 0.0600  data: 0.0000  max mem: 11815
      ITM Evaluation: [14900/19848]  eta: 0:05:01    time: 0.0589  data: 0.0000  max mem: 11815
      ITM Evaluation: [15000/19848]  eta: 0:04:54    time: 0.0613  data: 0.0000  max mem: 11815
      ITM Evaluation: [15100/19848]  eta: 0:04:48    time: 0.0593  data: 0.0000  max mem: 11815
      ITM Evaluation: [15200/19848]  eta: 0:04:42    time: 0.0582  data: 0.0000  max mem: 11815
      ITM Evaluation: [15300/19848]  eta: 0:04:36    time: 0.0609  data: 0.0000  max mem: 11815
      ITM Evaluation: [15400/19848]  eta: 0:04:30    time: 0.0604  data: 0.0000  max mem: 11815
      ITM Evaluation: [15500/19848]  eta: 0:04:24    time: 0.0593  data: 0.0000  max mem: 11815
      ITM Evaluation: [15600/19848]  eta: 0:04:18    time: 0.0593  data: 0.0000  max mem: 11815
      ITM Evaluation: [15700/19848]  eta: 0:04:12    time: 0.0643  data: 0.0000  max mem: 11815
      ITM Evaluation: [15800/19848]  eta: 0:04:06    time: 0.0586  data: 0.0000  max mem: 11815
      ITM Evaluation: [15900/19848]  eta: 0:03:59    time: 0.0578  data: 0.0000  max mem: 11815
      ITM Evaluation: [16000/19848]  eta: 0:03:53    time: 0.0591  data: 0.0000  max mem: 11815
      ITM Evaluation: [16100/19848]  eta: 0:03:47    time: 0.0582  data: 0.0000  max mem: 11815
      ITM Evaluation: [16200/19848]  eta: 0:03:41    time: 0.0582  data: 0.0000  max mem: 11815
      ITM Evaluation: [16300/19848]  eta: 0:03:35    time: 0.0631  data: 0.0000  max mem: 11815
      ITM Evaluation: [16400/19848]  eta: 0:03:29    time: 0.0593  data: 0.0000  max mem: 11815
      ITM Evaluation: [16500/19848]  eta: 0:03:23    time: 0.0598  data: 0.0000  max mem: 11815
      ITM Evaluation: [16600/19848]  eta: 0:03:17    time: 0.0592  data: 0.0000  max mem: 11815
      ITM Evaluation: [16700/19848]  eta: 0:03:11    time: 0.0584  data: 0.0000  max mem: 11815
      ITM Evaluation: [16800/19848]  eta: 0:03:04    time: 0.0612  data: 0.0000  max mem: 11815
      ITM Evaluation: [16900/19848]  eta: 0:02:58    time: 0.0642  data: 0.0000  max mem: 11815
      ITM Evaluation: [17000/19848]  eta: 0:02:52    time: 0.0606  data: 0.0000  max mem: 11815
      ITM Evaluation: [17100/19848]  eta: 0:02:46    time: 0.0606  data: 0.0000  max mem: 11815
      ITM Evaluation: [17200/19848]  eta: 0:02:40    time: 0.0585  data: 0.0000  max mem: 11815
      ITM Evaluation: [17300/19848]  eta: 0:02:34    time: 0.0593  data: 0.0000  max mem: 11815
      ITM Evaluation: [17400/19848]  eta: 0:02:28    time: 0.0615  data: 0.0000  max mem: 11815
      ITM Evaluation: [17500/19848]  eta: 0:02:22    time: 0.0613  data: 0.0000  max mem: 11815
      ITM Evaluation: [17600/19848]  eta: 0:02:16    time: 0.0594  data: 0.0000  max mem: 11815
      ITM Evaluation: [17700/19848]  eta: 0:02:10    time: 0.0593  data: 0.0000  max mem: 11815
      ITM Evaluation: [17800/19848]  eta: 0:02:04    time: 0.0593  data: 0.0000  max mem: 11815
      ITM Evaluation: [17900/19848]  eta: 0:01:58    time: 0.0590  data: 0.0000  max mem: 11815
      ITM Evaluation: [18000/19848]  eta: 0:01:52    time: 0.0599  data: 0.0000  max mem: 11815
      ITM Evaluation: [18100/19848]  eta: 0:01:46    time: 0.0592  data: 0.0000  max mem: 11815
      ITM Evaluation: [18200/19848]  eta: 0:01:39    time: 0.0603  data: 0.0000  max mem: 11815
      ITM Evaluation: [18300/19848]  eta: 0:01:33    time: 0.0597  data: 0.0000  max mem: 11815
      ITM Evaluation: [18400/19848]  eta: 0:01:27    time: 0.0591  data: 0.0000  max mem: 11815
      ITM Evaluation: [18500/19848]  eta: 0:01:21    time: 0.0580  data: 0.0000  max mem: 11815
      ITM Evaluation: [18600/19848]  eta: 0:01:15    time: 0.0590  data: 0.0000  max mem: 11815
      ITM Evaluation: [18700/19848]  eta: 0:01:09    time: 0.0605  data: 0.0000  max mem: 11815
      ITM Evaluation: [18800/19848]  eta: 0:01:03    time: 0.0593  data: 0.0000  max mem: 11815
      ITM Evaluation: [18900/19848]  eta: 0:00:57    time: 0.0601  data: 0.0000  max mem: 11815
      ITM Evaluation: [19000/19848]  eta: 0:00:51    time: 0.0602  data: 0.0000  max mem: 11815
      ITM Evaluation: [19100/19848]  eta: 0:00:45    time: 0.0601  data: 0.0000  max mem: 11815
      ITM Evaluation: [19200/19848]  eta: 0:00:39    time: 0.0590  data: 0.0000  max mem: 11815
      ITM Evaluation: [19300/19848]  eta: 0:00:33    time: 0.0602  data: 0.0000  max mem: 11815
      ITM Evaluation: [19400/19848]  eta: 0:00:27    time: 0.0602  data: 0.0000  max mem: 11815
      ITM Evaluation: [19500/19848]  eta: 0:00:21    time: 0.0604  data: 0.0000  max mem: 11815
      ITM Evaluation: [19600/19848]  eta: 0:00:15    time: 0.0597  data: 0.0000  max mem: 11815
      ITM Evaluation: [19700/19848]  eta: 0:00:08    time: 0.0612  data: 0.0000  max mem: 11815
      ITM Evaluation: [19800/19848]  eta: 0:00:02    time: 0.0599  data: 0.0000  max mem: 11815
      ITM Evaluation: [19847/19848]  eta: 0:00:00    time: 0.0607  data: 0.0000  max mem: 11815
      ITM Evaluation: Total time: 0:20:02 (0.0606 s / it)
     total_time 1203.9565081596375
     Computing matching score time 0:20:03
### TTA ITM Score: 
+-------+--------+--------+--------+--------+--------+
| epoch |   R1   |   R5   |  R10   |  mAP   |  mINP  |
+-------+--------+--------+--------+--------+--------+
|  -999 | 63.014 | 79.484 | 85.041 | 40.411 | 10.184 |
|  -999 | 68.183 | 82.885 | 87.500 | 40.507 | 9.104  |
|   0   | 51.194 | 76.340 | 83.918 | 34.260 | 8.543  |
+-------+--------+--------+--------+--------+--------+
     logs:  {'epo': 0, 'R1': 51.194, 'R5': 76.34, 'R10': 83.918, 'mAP': 34.26, 'mINP': 8.543, 'lr': 0.000243, 'entropy': 0.408665, 'loss': 0.408665}
      TTA Epoch: [1] [   0/1240]  eta: 0:30:10  lr: 0.000097  entropy: 0.1662  loss: 0.1662  time: 1.4601  data: 1.3588  max mem: 11815
      TTA Epoch: [1] [ 100/1240]  eta: 0:01:41  lr: 0.000097  entropy: 0.4799  loss: 0.4799  time: 0.0739  data: 0.0001  max mem: 11815
      TTA Epoch: [1] [ 200/1240]  eta: 0:01:28  lr: 0.000096  entropy: 0.1469  loss: 0.1469  time: 0.0787  data: 0.0008  max mem: 11815
      TTA Epoch: [1] [ 300/1240]  eta: 0:01:19  lr: 0.000096  entropy: 0.4113  loss: 0.4113  time: 0.0830  data: 0.0002  max mem: 11815
      TTA Epoch: [1] [ 400/1240]  eta: 0:01:10  lr: 0.000096  entropy: 0.4555  loss: 0.4555  time: 0.0811  data: 0.0001  max mem: 11815
      TTA Epoch: [1] [ 500/1240]  eta: 0:01:01  lr: 0.000096  entropy: 0.2396  loss: 0.2396  time: 0.0813  data: 0.0001  max mem: 11815
      TTA Epoch: [1] [ 600/1240]  eta: 0:00:52  lr: 0.000095  entropy: 0.2819  loss: 0.2819  time: 0.0807  data: 0.0001  max mem: 11815
      TTA Epoch: [1] [ 700/1240]  eta: 0:00:44  lr: 0.000095  entropy: 0.2130  loss: 0.2130  time: 0.0812  data: 0.0001  max mem: 11815
      TTA Epoch: [1] [ 800/1240]  eta: 0:00:36  lr: 0.000095  entropy: 0.3987  loss: 0.3987  time: 0.0800  data: 0.0001  max mem: 11815
      TTA Epoch: [1] [ 900/1240]  eta: 0:00:28  lr: 0.000095  entropy: 0.1737  loss: 0.1737  time: 0.0831  data: 0.0001  max mem: 11815
      TTA Epoch: [1] [1000/1240]  eta: 0:00:19  lr: 0.000094  entropy: 0.2486  loss: 0.2486  time: 0.0827  data: 0.0001  max mem: 11815
      TTA Epoch: [1] [1100/1240]  eta: 0:00:11  lr: 0.000094  entropy: 0.1873  loss: 0.1873  time: 0.0806  data: 0.0001  max mem: 11815
      TTA Epoch: [1] [1200/1240]  eta: 0:00:03  lr: 0.000094  entropy: 0.1731  loss: 0.1731  time: 0.0818  data: 0.0001  max mem: 11815
      TTA Epoch: [1] [1239/1240]  eta: 0:00:00  lr: 0.000094  entropy: 0.2094  loss: 0.2094  time: 0.0783  data: 0.0001  max mem: 11815
      TTA Epoch: [1] Total time: 0:01:42 (0.0830 s / it)
     Averaged stats: lr: 0.0001  entropy: 0.2626  loss: 0.2626
     itm tta time 0:01:43
     Computing matching score
      ITM Evaluation: [    0/19848]  eta: 2:04:10    time: 0.3754  data: 0.3086  max mem: 11815
      ITM Evaluation: [  100/19848]  eta: 0:20:53    time: 0.0614  data: 0.0000  max mem: 11815
      ITM Evaluation: [  200/19848]  eta: 0:20:20    time: 0.0592  data: 0.0000  max mem: 11815
      ITM Evaluation: [  300/19848]  eta: 0:20:06    time: 0.0611  data: 0.0000  max mem: 11815
      ITM Evaluation: [  400/19848]  eta: 0:19:54    time: 0.0587  data: 0.0000  max mem: 11815
      ITM Evaluation: [  500/19848]  eta: 0:19:39    time: 0.0590  data: 0.0000  max mem: 11815
      ITM Evaluation: [  600/19848]  eta: 0:19:26    time: 0.0564  data: 0.0000  max mem: 11815
      ITM Evaluation: [  700/19848]  eta: 0:19:15    time: 0.0591  data: 0.0000  max mem: 11815
      ITM Evaluation: [  800/19848]  eta: 0:19:09    time: 0.0596  data: 0.0000  max mem: 11815
      ITM Evaluation: [  900/19848]  eta: 0:19:03    time: 0.0601  data: 0.0000  max mem: 11815
      ITM Evaluation: [ 1000/19848]  eta: 0:18:59    time: 0.0597  data: 0.0000  max mem: 11815
      ITM Evaluation: [ 1100/19848]  eta: 0:18:52    time: 0.0607  data: 0.0000  max mem: 11815
      ITM Evaluation: [ 1200/19848]  eta: 0:18:45    time: 0.0595  data: 0.0000  max mem: 11815
      ITM Evaluation: [ 1300/19848]  eta: 0:18:38    time: 0.0594  data: 0.0000  max mem: 11815
      ITM Evaluation: [ 1400/19848]  eta: 0:18:31    time: 0.0591  data: 0.0000  max mem: 11815
      ITM Evaluation: [ 1500/19848]  eta: 0:18:25    time: 0.0612  data: 0.0000  max mem: 11815
      ITM Evaluation: [ 1600/19848]  eta: 0:18:21    time: 0.0621  data: 0.0000  max mem: 11815
      ITM Evaluation: [ 1700/19848]  eta: 0:18:16    time: 0.0599  data: 0.0000  max mem: 11815
      ITM Evaluation: [ 1800/19848]  eta: 0:18:09    time: 0.0619  data: 0.0000  max mem: 11815
      ITM Evaluation: [ 1900/19848]  eta: 0:18:03    time: 0.0613  data: 0.0000  max mem: 11815
      ITM Evaluation: [ 2000/19848]  eta: 0:17:57    time: 0.0603  data: 0.0000  max mem: 11815
      ITM Evaluation: [ 2100/19848]  eta: 0:17:52    time: 0.0605  data: 0.0000  max mem: 11815
      ITM Evaluation: [ 2200/19848]  eta: 0:17:47    time: 0.0610  data: 0.0000  max mem: 11815
      ITM Evaluation: [ 2300/19848]  eta: 0:17:42    time: 0.0612  data: 0.0000  max mem: 11815
      ITM Evaluation: [ 2400/19848]  eta: 0:17:37    time: 0.0632  data: 0.0000  max mem: 11815
      ITM Evaluation: [ 2500/19848]  eta: 0:17:31    time: 0.0608  data: 0.0000  max mem: 11815
      ITM Evaluation: [ 2600/19848]  eta: 0:17:25    time: 0.0611  data: 0.0000  max mem: 11815
      ITM Evaluation: [ 2700/19848]  eta: 0:17:19    time: 0.0611  data: 0.0000  max mem: 11815
      ITM Evaluation: [ 2800/19848]  eta: 0:17:15    time: 0.0632  data: 0.0000  max mem: 11815
      ITM Evaluation: [ 2900/19848]  eta: 0:17:09    time: 0.0591  data: 0.0000  max mem: 11815
      ITM Evaluation: [ 3000/19848]  eta: 0:17:03    time: 0.0616  data: 0.0000  max mem: 11815
      ITM Evaluation: [ 3100/19848]  eta: 0:16:57    time: 0.0604  data: 0.0000  max mem: 11815
      ITM Evaluation: [ 3200/19848]  eta: 0:16:51    time: 0.0608  data: 0.0000  max mem: 11815
      ITM Evaluation: [ 3300/19848]  eta: 0:16:44    time: 0.0600  data: 0.0000  max mem: 11815
      ITM Evaluation: [ 3400/19848]  eta: 0:16:39    time: 0.0646  data: 0.0000  max mem: 11815
      ITM Evaluation: [ 3500/19848]  eta: 0:16:32    time: 0.0594  data: 0.0000  max mem: 11815
      ITM Evaluation: [ 3600/19848]  eta: 0:16:26    time: 0.0608  data: 0.0000  max mem: 11815
      ITM Evaluation: [ 3700/19848]  eta: 0:16:20    time: 0.0605  data: 0.0000  max mem: 11815
      ITM Evaluation: [ 3800/19848]  eta: 0:16:14    time: 0.0613  data: 0.0000  max mem: 11815
      ITM Evaluation: [ 3900/19848]  eta: 0:16:08    time: 0.0591  data: 0.0000  max mem: 11815
      ITM Evaluation: [ 4000/19848]  eta: 0:16:01    time: 0.0609  data: 0.0000  max mem: 11815
      ITM Evaluation: [ 4100/19848]  eta: 0:15:55    time: 0.0598  data: 0.0000  max mem: 11815
      ITM Evaluation: [ 4200/19848]  eta: 0:15:48    time: 0.0594  data: 0.0000  max mem: 11815
      ITM Evaluation: [ 4300/19848]  eta: 0:15:42    time: 0.0598  data: 0.0000  max mem: 11815
      ITM Evaluation: [ 4400/19848]  eta: 0:15:36    time: 0.0640  data: 0.0000  max mem: 11815
      ITM Evaluation: [ 4500/19848]  eta: 0:15:30    time: 0.0613  data: 0.0000  max mem: 11815
      ITM Evaluation: [ 4600/19848]  eta: 0:15:25    time: 0.0639  data: 0.0000  max mem: 11815
      ITM Evaluation: [ 4700/19848]  eta: 0:15:20    time: 0.0644  data: 0.0000  max mem: 11815
      ITM Evaluation: [ 4800/19848]  eta: 0:15:14    time: 0.0600  data: 0.0000  max mem: 11815
      ITM Evaluation: [ 4900/19848]  eta: 0:15:07    time: 0.0607  data: 0.0000  max mem: 11815
      ITM Evaluation: [ 5000/19848]  eta: 0:15:01    time: 0.0592  data: 0.0000  max mem: 11815
      ITM Evaluation: [ 5100/19848]  eta: 0:14:55    time: 0.0612  data: 0.0000  max mem: 11815
      ITM Evaluation: [ 5200/19848]  eta: 0:14:49    time: 0.0642  data: 0.0000  max mem: 11815
      ITM Evaluation: [ 5300/19848]  eta: 0:14:43    time: 0.0647  data: 0.0000  max mem: 11815
      ITM Evaluation: [ 5400/19848]  eta: 0:14:38    time: 0.0659  data: 0.0000  max mem: 11815
      ITM Evaluation: [ 5500/19848]  eta: 0:14:33    time: 0.0613  data: 0.0000  max mem: 11815
      ITM Evaluation: [ 5600/19848]  eta: 0:14:27    time: 0.0623  data: 0.0000  max mem: 11815
      ITM Evaluation: [ 5700/19848]  eta: 0:14:21    time: 0.0630  data: 0.0000  max mem: 11815
      ITM Evaluation: [ 5800/19848]  eta: 0:14:15    time: 0.0633  data: 0.0000  max mem: 11815
      ITM Evaluation: [ 5900/19848]  eta: 0:14:09    time: 0.0634  data: 0.0000  max mem: 11815
      ITM Evaluation: [ 6000/19848]  eta: 0:14:04    time: 0.0626  data: 0.0000  max mem: 11815
      ITM Evaluation: [ 6100/19848]  eta: 0:13:58    time: 0.0638  data: 0.0000  max mem: 11815
      ITM Evaluation: [ 6200/19848]  eta: 0:13:52    time: 0.0608  data: 0.0000  max mem: 11815
      ITM Evaluation: [ 6300/19848]  eta: 0:13:46    time: 0.0613  data: 0.0000  max mem: 11815
      ITM Evaluation: [ 6400/19848]  eta: 0:13:40    time: 0.0613  data: 0.0000  max mem: 11815
      ITM Evaluation: [ 6500/19848]  eta: 0:13:34    time: 0.0625  data: 0.0000  max mem: 11815
      ITM Evaluation: [ 6600/19848]  eta: 0:13:29    time: 0.0635  data: 0.0000  max mem: 11815
      ITM Evaluation: [ 6700/19848]  eta: 0:13:23    time: 0.0625  data: 0.0000  max mem: 11815
      ITM Evaluation: [ 6800/19848]  eta: 0:13:17    time: 0.0621  data: 0.0000  max mem: 11815
      ITM Evaluation: [ 6900/19848]  eta: 0:13:11    time: 0.0646  data: 0.0000  max mem: 11815
      ITM Evaluation: [ 7000/19848]  eta: 0:13:06    time: 0.0641  data: 0.0000  max mem: 11815
      ITM Evaluation: [ 7100/19848]  eta: 0:13:00    time: 0.0619  data: 0.0000  max mem: 11815
      ITM Evaluation: [ 7200/19848]  eta: 0:12:54    time: 0.0612  data: 0.0000  max mem: 11815
      ITM Evaluation: [ 7300/19848]  eta: 0:12:47    time: 0.0611  data: 0.0000  max mem: 11815
      ITM Evaluation: [ 7400/19848]  eta: 0:12:41    time: 0.0622  data: 0.0000  max mem: 11815
      ITM Evaluation: [ 7500/19848]  eta: 0:12:35    time: 0.0609  data: 0.0000  max mem: 11815
      ITM Evaluation: [ 7600/19848]  eta: 0:12:29    time: 0.0600  data: 0.0000  max mem: 11815
      ITM Evaluation: [ 7700/19848]  eta: 0:12:23    time: 0.0642  data: 0.0000  max mem: 11815
      ITM Evaluation: [ 7800/19848]  eta: 0:12:17    time: 0.0615  data: 0.0000  max mem: 11815
      ITM Evaluation: [ 7900/19848]  eta: 0:12:11    time: 0.0610  data: 0.0000  max mem: 11815
      ITM Evaluation: [ 8000/19848]  eta: 0:12:05    time: 0.0614  data: 0.0000  max mem: 11815
      ITM Evaluation: [ 8100/19848]  eta: 0:11:59    time: 0.0619  data: 0.0000  max mem: 11815
      ITM Evaluation: [ 8200/19848]  eta: 0:11:53    time: 0.0633  data: 0.0000  max mem: 11815
      ITM Evaluation: [ 8300/19848]  eta: 0:11:47    time: 0.0642  data: 0.0000  max mem: 11815
      ITM Evaluation: [ 8400/19848]  eta: 0:11:42    time: 0.0612  data: 0.0000  max mem: 11815
      ITM Evaluation: [ 8500/19848]  eta: 0:11:35    time: 0.0608  data: 0.0000  max mem: 11815
      ITM Evaluation: [ 8600/19848]  eta: 0:11:29    time: 0.0626  data: 0.0000  max mem: 11815
      ITM Evaluation: [ 8700/19848]  eta: 0:11:23    time: 0.0610  data: 0.0000  max mem: 11815
      ITM Evaluation: [ 8800/19848]  eta: 0:11:17    time: 0.0624  data: 0.0000  max mem: 11815
      ITM Evaluation: [ 8900/19848]  eta: 0:11:11    time: 0.0617  data: 0.0000  max mem: 11815
      ITM Evaluation: [ 9000/19848]  eta: 0:11:06    time: 0.0651  data: 0.0000  max mem: 11815
      ITM Evaluation: [ 9100/19848]  eta: 0:11:00    time: 0.0632  data: 0.0000  max mem: 11815
      ITM Evaluation: [ 9200/19848]  eta: 0:10:54    time: 0.0603  data: 0.0000  max mem: 11815
      ITM Evaluation: [ 9300/19848]  eta: 0:10:47    time: 0.0605  data: 0.0000  max mem: 11815
      ITM Evaluation: [ 9400/19848]  eta: 0:10:41    time: 0.0614  data: 0.0000  max mem: 11815
      ITM Evaluation: [ 9500/19848]  eta: 0:10:35    time: 0.0624  data: 0.0000  max mem: 11815
      ITM Evaluation: [ 9600/19848]  eta: 0:10:29    time: 0.0626  data: 0.0000  max mem: 11815
      ITM Evaluation: [ 9700/19848]  eta: 0:10:23    time: 0.0628  data: 0.0000  max mem: 11815
      ITM Evaluation: [ 9800/19848]  eta: 0:10:17    time: 0.0608  data: 0.0000  max mem: 11815
      ITM Evaluation: [ 9900/19848]  eta: 0:10:11    time: 0.0620  data: 0.0000  max mem: 11815
      ITM Evaluation: [10000/19848]  eta: 0:10:05    time: 0.0619  data: 0.0000  max mem: 11815
      ITM Evaluation: [10100/19848]  eta: 0:09:59    time: 0.0650  data: 0.0000  max mem: 11815
      ITM Evaluation: [10200/19848]  eta: 0:09:53    time: 0.0621  data: 0.0000  max mem: 11815
      ITM Evaluation: [10300/19848]  eta: 0:09:47    time: 0.0649  data: 0.0000  max mem: 11815
      ITM Evaluation: [10400/19848]  eta: 0:09:41    time: 0.0653  data: 0.0000  max mem: 11815
      ITM Evaluation: [10500/19848]  eta: 0:09:35    time: 0.0618  data: 0.0000  max mem: 11815
      ITM Evaluation: [10600/19848]  eta: 0:09:29    time: 0.0622  data: 0.0000  max mem: 11815
      ITM Evaluation: [10700/19848]  eta: 0:09:23    time: 0.0616  data: 0.0000  max mem: 11815
      ITM Evaluation: [10800/19848]  eta: 0:09:17    time: 0.0622  data: 0.0000  max mem: 11815
      ITM Evaluation: [10900/19848]  eta: 0:09:11    time: 0.0636  data: 0.0000  max mem: 11815
      ITM Evaluation: [11000/19848]  eta: 0:09:05    time: 0.0640  data: 0.0000  max mem: 11815
      ITM Evaluation: [11100/19848]  eta: 0:08:59    time: 0.0641  data: 0.0000  max mem: 11815
      ITM Evaluation: [11200/19848]  eta: 0:08:52    time: 0.0619  data: 0.0000  max mem: 11815
      ITM Evaluation: [11300/19848]  eta: 0:08:46    time: 0.0620  data: 0.0000  max mem: 11815
      ITM Evaluation: [11400/19848]  eta: 0:08:40    time: 0.0618  data: 0.0000  max mem: 11815
      ITM Evaluation: [11500/19848]  eta: 0:08:34    time: 0.0604  data: 0.0000  max mem: 11815
      ITM Evaluation: [11600/19848]  eta: 0:08:28    time: 0.0622  data: 0.0000  max mem: 11815
      ITM Evaluation: [11700/19848]  eta: 0:08:22    time: 0.0669  data: 0.0000  max mem: 11815
      ITM Evaluation: [11800/19848]  eta: 0:08:16    time: 0.0622  data: 0.0000  max mem: 11815
      ITM Evaluation: [11900/19848]  eta: 0:08:10    time: 0.0615  data: 0.0000  max mem: 11815
      ITM Evaluation: [12000/19848]  eta: 0:08:04    time: 0.0628  data: 0.0000  max mem: 11815
      ITM Evaluation: [12100/19848]  eta: 0:07:58    time: 0.0623  data: 0.0000  max mem: 11815
      ITM Evaluation: [12200/19848]  eta: 0:07:51    time: 0.0608  data: 0.0000  max mem: 11815
      ITM Evaluation: [12300/19848]  eta: 0:07:45    time: 0.0596  data: 0.0000  max mem: 11815
      ITM Evaluation: [12400/19848]  eta: 0:07:39    time: 0.0596  data: 0.0000  max mem: 11815
      ITM Evaluation: [12500/19848]  eta: 0:07:33    time: 0.0582  data: 0.0000  max mem: 11815
      ITM Evaluation: [12600/19848]  eta: 0:07:26    time: 0.0595  data: 0.0000  max mem: 11815
      ITM Evaluation: [12700/19848]  eta: 0:07:20    time: 0.0591  data: 0.0000  max mem: 11815
      ITM Evaluation: [12800/19848]  eta: 0:07:14    time: 0.0589  data: 0.0000  max mem: 11815
      ITM Evaluation: [12900/19848]  eta: 0:07:07    time: 0.0591  data: 0.0000  max mem: 11815
      ITM Evaluation: [13000/19848]  eta: 0:07:01    time: 0.0589  data: 0.0000  max mem: 11815
      ITM Evaluation: [13100/19848]  eta: 0:06:55    time: 0.0612  data: 0.0000  max mem: 11815
      ITM Evaluation: [13200/19848]  eta: 0:06:49    time: 0.0618  data: 0.0000  max mem: 11815
      ITM Evaluation: [13300/19848]  eta: 0:06:42    time: 0.0585  data: 0.0000  max mem: 11815
      ITM Evaluation: [13400/19848]  eta: 0:06:36    time: 0.0586  data: 0.0000  max mem: 11815
      ITM Evaluation: [13500/19848]  eta: 0:06:30    time: 0.0589  data: 0.0000  max mem: 11815
      ITM Evaluation: [13600/19848]  eta: 0:06:24    time: 0.0581  data: 0.0000  max mem: 11815
      ITM Evaluation: [13700/19848]  eta: 0:06:17    time: 0.0579  data: 0.0000  max mem: 11815
      ITM Evaluation: [13800/19848]  eta: 0:06:11    time: 0.0627  data: 0.0000  max mem: 11815
      ITM Evaluation: [13900/19848]  eta: 0:06:05    time: 0.0604  data: 0.0000  max mem: 11815
      ITM Evaluation: [14000/19848]  eta: 0:05:59    time: 0.0586  data: 0.0000  max mem: 11815
      ITM Evaluation: [14100/19848]  eta: 0:05:53    time: 0.0592  data: 0.0000  max mem: 11815
      ITM Evaluation: [14200/19848]  eta: 0:05:46    time: 0.0591  data: 0.0000  max mem: 11815
      ITM Evaluation: [14300/19848]  eta: 0:05:40    time: 0.0594  data: 0.0000  max mem: 11815
      ITM Evaluation: [14400/19848]  eta: 0:05:34    time: 0.0621  data: 0.0000  max mem: 11815
      ITM Evaluation: [14500/19848]  eta: 0:05:28    time: 0.0613  data: 0.0000  max mem: 11815
      ITM Evaluation: [14600/19848]  eta: 0:05:22    time: 0.0610  data: 0.0000  max mem: 11815
      ITM Evaluation: [14700/19848]  eta: 0:05:15    time: 0.0586  data: 0.0000  max mem: 11815
      ITM Evaluation: [14800/19848]  eta: 0:05:09    time: 0.0584  data: 0.0000  max mem: 11815
      ITM Evaluation: [14900/19848]  eta: 0:05:03    time: 0.0588  data: 0.0000  max mem: 11815
      ITM Evaluation: [15000/19848]  eta: 0:04:57    time: 0.0604  data: 0.0000  max mem: 11815
      ITM Evaluation: [15100/19848]  eta: 0:04:51    time: 0.0580  data: 0.0000  max mem: 11815
      ITM Evaluation: [15200/19848]  eta: 0:04:44    time: 0.0587  data: 0.0000  max mem: 11815
      ITM Evaluation: [15300/19848]  eta: 0:04:38    time: 0.0604  data: 0.0000  max mem: 11815
      ITM Evaluation: [15400/19848]  eta: 0:04:32    time: 0.0611  data: 0.0000  max mem: 11815
      ITM Evaluation: [15500/19848]  eta: 0:04:26    time: 0.0593  data: 0.0000  max mem: 11815
      ITM Evaluation: [15600/19848]  eta: 0:04:20    time: 0.0599  data: 0.0000  max mem: 11815
      ITM Evaluation: [15700/19848]  eta: 0:04:14    time: 0.0599  data: 0.0000  max mem: 11815
      ITM Evaluation: [15800/19848]  eta: 0:04:07    time: 0.0583  data: 0.0000  max mem: 11815
      ITM Evaluation: [15900/19848]  eta: 0:04:01    time: 0.0589  data: 0.0000  max mem: 11815
      ITM Evaluation: [16000/19848]  eta: 0:03:55    time: 0.0590  data: 0.0000  max mem: 11815
      ITM Evaluation: [16100/19848]  eta: 0:03:49    time: 0.0608  data: 0.0000  max mem: 11815
      ITM Evaluation: [16200/19848]  eta: 0:03:43    time: 0.0581  data: 0.0000  max mem: 11815
      ITM Evaluation: [16300/19848]  eta: 0:03:37    time: 0.0578  data: 0.0000  max mem: 11815
      ITM Evaluation: [16400/19848]  eta: 0:03:30    time: 0.0587  data: 0.0000  max mem: 11815
      ITM Evaluation: [16500/19848]  eta: 0:03:24    time: 0.0581  data: 0.0000  max mem: 11815
      ITM Evaluation: [16600/19848]  eta: 0:03:18    time: 0.0578  data: 0.0000  max mem: 11815
      ITM Evaluation: [16700/19848]  eta: 0:03:12    time: 0.0598  data: 0.0000  max mem: 11815
      ITM Evaluation: [16800/19848]  eta: 0:03:06    time: 0.0603  data: 0.0000  max mem: 11815
      ITM Evaluation: [16900/19848]  eta: 0:03:00    time: 0.0599  data: 0.0000  max mem: 11815
      ITM Evaluation: [17000/19848]  eta: 0:02:53    time: 0.0593  data: 0.0000  max mem: 11815
      ITM Evaluation: [17100/19848]  eta: 0:02:47    time: 0.0604  data: 0.0000  max mem: 11815
      ITM Evaluation: [17200/19848]  eta: 0:02:41    time: 0.0592  data: 0.0000  max mem: 11815
      ITM Evaluation: [17300/19848]  eta: 0:02:35    time: 0.0585  data: 0.0000  max mem: 11815
      ITM Evaluation: [17400/19848]  eta: 0:02:29    time: 0.0587  data: 0.0000  max mem: 11815
      ITM Evaluation: [17500/19848]  eta: 0:02:23    time: 0.0628  data: 0.0000  max mem: 11815
      ITM Evaluation: [17600/19848]  eta: 0:02:17    time: 0.0591  data: 0.0000  max mem: 11815
      ITM Evaluation: [17700/19848]  eta: 0:02:11    time: 0.0583  data: 0.0000  max mem: 11815
      ITM Evaluation: [17800/19848]  eta: 0:02:04    time: 0.0586  data: 0.0000  max mem: 11815
      ITM Evaluation: [17900/19848]  eta: 0:01:58    time: 0.0584  data: 0.0000  max mem: 11815
      ITM Evaluation: [18000/19848]  eta: 0:01:52    time: 0.0579  data: 0.0000  max mem: 11815
      ITM Evaluation: [18100/19848]  eta: 0:01:46    time: 0.0605  data: 0.0000  max mem: 11815
      ITM Evaluation: [18200/19848]  eta: 0:01:40    time: 0.0604  data: 0.0000  max mem: 11815
      ITM Evaluation: [18300/19848]  eta: 0:01:34    time: 0.0581  data: 0.0000  max mem: 11815
      ITM Evaluation: [18400/19848]  eta: 0:01:28    time: 0.0591  data: 0.0000  max mem: 11815
      ITM Evaluation: [18500/19848]  eta: 0:01:22    time: 0.0607  data: 0.0000  max mem: 11815
      ITM Evaluation: [18600/19848]  eta: 0:01:16    time: 0.0579  data: 0.0000  max mem: 11815
      ITM Evaluation: [18700/19848]  eta: 0:01:09    time: 0.0585  data: 0.0000  max mem: 11815
      ITM Evaluation: [18800/19848]  eta: 0:01:03    time: 0.0583  data: 0.0000  max mem: 11815
      ITM Evaluation: [18900/19848]  eta: 0:00:57    time: 0.0600  data: 0.0000  max mem: 11815
      ITM Evaluation: [19000/19848]  eta: 0:00:51    time: 0.0592  data: 0.0000  max mem: 11815
      ITM Evaluation: [19100/19848]  eta: 0:00:45    time: 0.0590  data: 0.0000  max mem: 11815
      ITM Evaluation: [19200/19848]  eta: 0:00:39    time: 0.0577  data: 0.0000  max mem: 11815
      ITM Evaluation: [19300/19848]  eta: 0:00:33    time: 0.0579  data: 0.0000  max mem: 11815
      ITM Evaluation: [19400/19848]  eta: 0:00:27    time: 0.0590  data: 0.0000  max mem: 11815
      ITM Evaluation: [19500/19848]  eta: 0:00:21    time: 0.0588  data: 0.0000  max mem: 11815
      ITM Evaluation: [19600/19848]  eta: 0:00:15    time: 0.0600  data: 0.0000  max mem: 11815
      ITM Evaluation: [19700/19848]  eta: 0:00:09    time: 0.0597  data: 0.0000  max mem: 11815
      ITM Evaluation: [19800/19848]  eta: 0:00:02    time: 0.0586  data: 0.0000  max mem: 11815
      ITM Evaluation: [19847/19848]  eta: 0:00:00    time: 0.0585  data: 0.0000  max mem: 11815
      ITM Evaluation: Total time: 0:20:07 (0.0608 s / it)
     total_time 1208.7930471897125
     Computing matching score time 0:20:08
### TTA ITM Score: 
+-------+--------+--------+--------+--------+--------+
| epoch |   R1   |   R5   |  R10   |  mAP   |  mINP  |
+-------+--------+--------+--------+--------+--------+
|  -999 | 63.014 | 79.484 | 85.041 | 40.411 | 10.184 |
|  -999 | 68.183 | 82.885 | 87.500 | 40.507 | 9.104  |
|   0   | 51.194 | 76.340 | 83.918 | 34.260 | 8.543  |
|   1   | 49.924 | 75.731 | 83.706 | 33.600 | 8.701  |
+-------+--------+--------+--------+--------+--------+
     logs:  {'epo': 1, 'R1': 49.924, 'R5': 75.731, 'R10': 83.706, 'mAP': 33.6, 'mINP': 8.701, 'lr': 9.5e-05, 'entropy': 0.262555, 'loss': 0.262555}
      TTA Epoch: [2] [   0/1240]  eta: 0:32:34  lr: 0.000094  entropy: 0.1764  loss: 0.1764  time: 1.5763  data: 1.4793  max mem: 11815
      TTA Epoch: [2] [ 100/1240]  eta: 0:01:43  lr: 0.000093  entropy: 0.1643  loss: 0.1643  time: 0.0794  data: 0.0001  max mem: 11815
      TTA Epoch: [2] [ 200/1240]  eta: 0:01:30  lr: 0.000093  entropy: 0.3982  loss: 0.3982  time: 0.0887  data: 0.0002  max mem: 11815
      TTA Epoch: [2] [ 300/1240]  eta: 0:01:20  lr: 0.000093  entropy: 0.1872  loss: 0.1872  time: 0.0826  data: 0.0001  max mem: 11815
      TTA Epoch: [2] [ 400/1240]  eta: 0:01:11  lr: 0.000093  entropy: 0.1329  loss: 0.1329  time: 0.0803  data: 0.0001  max mem: 11815
      TTA Epoch: [2] [ 500/1240]  eta: 0:01:02  lr: 0.000092  entropy: 0.2759  loss: 0.2759  time: 0.0801  data: 0.0001  max mem: 11815
      TTA Epoch: [2] [ 600/1240]  eta: 0:00:53  lr: 0.000092  entropy: 0.2340  loss: 0.2340  time: 0.0810  data: 0.0001  max mem: 11815
      TTA Epoch: [2] [ 700/1240]  eta: 0:00:45  lr: 0.000092  entropy: 0.1348  loss: 0.1348  time: 0.1001  data: 0.0002  max mem: 11815
      TTA Epoch: [2] [ 800/1240]  eta: 0:00:36  lr: 0.000091  entropy: 0.2143  loss: 0.2143  time: 0.0818  data: 0.0001  max mem: 11815
      TTA Epoch: [2] [ 900/1240]  eta: 0:00:28  lr: 0.000091  entropy: 0.1552  loss: 0.1552  time: 0.0832  data: 0.0001  max mem: 11815
      TTA Epoch: [2] [1000/1240]  eta: 0:00:19  lr: 0.000091  entropy: 0.1066  loss: 0.1066  time: 0.0827  data: 0.0001  max mem: 11815
      TTA Epoch: [2] [1100/1240]  eta: 0:00:11  lr: 0.000091  entropy: 0.0755  loss: 0.0755  time: 0.0807  data: 0.0001  max mem: 11815
      TTA Epoch: [2] [1200/1240]  eta: 0:00:03  lr: 0.000090  entropy: 0.1852  loss: 0.1852  time: 0.0857  data: 0.0002  max mem: 11815
      TTA Epoch: [2] [1239/1240]  eta: 0:00:00  lr: 0.000090  entropy: 0.2830  loss: 0.2830  time: 0.0788  data: 0.0001  max mem: 11815
      TTA Epoch: [2] Total time: 0:01:43 (0.0838 s / it)
     Averaged stats: lr: 0.0001  entropy: 0.2323  loss: 0.2323
     itm tta time 0:01:44
     Computing matching score
      ITM Evaluation: [    0/19848]  eta: 0:29:16    time: 0.0885  data: 0.0155  max mem: 11815
      ITM Evaluation: [  100/19848]  eta: 0:19:31    time: 0.0591  data: 0.0000  max mem: 11815
      ITM Evaluation: [  200/19848]  eta: 0:19:25    time: 0.0589  data: 0.0000  max mem: 11815
      ITM Evaluation: [  300/19848]  eta: 0:19:16    time: 0.0583  data: 0.0000  max mem: 11815
      ITM Evaluation: [  400/19848]  eta: 0:19:10    time: 0.0589  data: 0.0000  max mem: 11815
      ITM Evaluation: [  500/19848]  eta: 0:19:08    time: 0.0589  data: 0.0000  max mem: 11815
      ITM Evaluation: [  600/19848]  eta: 0:19:04    time: 0.0595  data: 0.0000  max mem: 11815
      ITM Evaluation: [  700/19848]  eta: 0:18:58    time: 0.0596  data: 0.0000  max mem: 11815
      ITM Evaluation: [  800/19848]  eta: 0:18:51    time: 0.0596  data: 0.0000  max mem: 11815
      ITM Evaluation: [  900/19848]  eta: 0:18:45    time: 0.0600  data: 0.0000  max mem: 11815
      ITM Evaluation: [ 1000/19848]  eta: 0:18:38    time: 0.0587  data: 0.0000  max mem: 11815
      ITM Evaluation: [ 1100/19848]  eta: 0:18:36    time: 0.0634  data: 0.0000  max mem: 11815
      ITM Evaluation: [ 1200/19848]  eta: 0:18:30    time: 0.0583  data: 0.0000  max mem: 11815
      ITM Evaluation: [ 1300/19848]  eta: 0:18:23    time: 0.0597  data: 0.0000  max mem: 11815
      ITM Evaluation: [ 1400/19848]  eta: 0:18:18    time: 0.0599  data: 0.0000  max mem: 11815
      ITM Evaluation: [ 1500/19848]  eta: 0:18:11    time: 0.0581  data: 0.0000  max mem: 11815
      ITM Evaluation: [ 1600/19848]  eta: 0:18:04    time: 0.0588  data: 0.0000  max mem: 11815
      ITM Evaluation: [ 1700/19848]  eta: 0:17:58    time: 0.0608  data: 0.0000  max mem: 11815
      ITM Evaluation: [ 1800/19848]  eta: 0:17:51    time: 0.0585  data: 0.0000  max mem: 11815
      ITM Evaluation: [ 1900/19848]  eta: 0:17:45    time: 0.0582  data: 0.0000  max mem: 11815
      ITM Evaluation: [ 2000/19848]  eta: 0:17:38    time: 0.0583  data: 0.0000  max mem: 11815
      ITM Evaluation: [ 2100/19848]  eta: 0:17:32    time: 0.0591  data: 0.0000  max mem: 11815
      ITM Evaluation: [ 2200/19848]  eta: 0:17:26    time: 0.0584  data: 0.0000  max mem: 11815
      ITM Evaluation: [ 2300/19848]  eta: 0:17:19    time: 0.0612  data: 0.0000  max mem: 11815
      ITM Evaluation: [ 2400/19848]  eta: 0:17:14    time: 0.0586  data: 0.0000  max mem: 11815
      ITM Evaluation: [ 2500/19848]  eta: 0:17:08    time: 0.0593  data: 0.0000  max mem: 11815
      ITM Evaluation: [ 2600/19848]  eta: 0:17:02    time: 0.0586  data: 0.0000  max mem: 11815
      ITM Evaluation: [ 2700/19848]  eta: 0:16:55    time: 0.0587  data: 0.0000  max mem: 11815
      ITM Evaluation: [ 2800/19848]  eta: 0:16:49    time: 0.0605  data: 0.0000  max mem: 11815
      ITM Evaluation: [ 2900/19848]  eta: 0:16:43    time: 0.0583  data: 0.0000  max mem: 11815
      ITM Evaluation: [ 3000/19848]  eta: 0:16:38    time: 0.0587  data: 0.0000  max mem: 11815
      ITM Evaluation: [ 3100/19848]  eta: 0:16:31    time: 0.0584  data: 0.0000  max mem: 11815
      ITM Evaluation: [ 3200/19848]  eta: 0:16:25    time: 0.0585  data: 0.0000  max mem: 11815
      ITM Evaluation: [ 3300/19848]  eta: 0:16:19    time: 0.0597  data: 0.0000  max mem: 11815
      ITM Evaluation: [ 3400/19848]  eta: 0:16:13    time: 0.0591  data: 0.0000  max mem: 11815
      ITM Evaluation: [ 3500/19848]  eta: 0:16:08    time: 0.0624  data: 0.0000  max mem: 11815
      ITM Evaluation: [ 3600/19848]  eta: 0:16:03    time: 0.0609  data: 0.0000  max mem: 11815
      ITM Evaluation: [ 3700/19848]  eta: 0:15:58    time: 0.0628  data: 0.0000  max mem: 11815
      ITM Evaluation: [ 3800/19848]  eta: 0:15:53    time: 0.0591  data: 0.0000  max mem: 11815
      ITM Evaluation: [ 3900/19848]  eta: 0:15:47    time: 0.0592  data: 0.0000  max mem: 11815
      ITM Evaluation: [ 4000/19848]  eta: 0:15:41    time: 0.0606  data: 0.0000  max mem: 11815
      ITM Evaluation: [ 4100/19848]  eta: 0:15:36    time: 0.0612  data: 0.0000  max mem: 11815
      ITM Evaluation: [ 4200/19848]  eta: 0:15:30    time: 0.0595  data: 0.0000  max mem: 11815
      ITM Evaluation: [ 4300/19848]  eta: 0:15:25    time: 0.0589  data: 0.0000  max mem: 11815
      ITM Evaluation: [ 4400/19848]  eta: 0:15:19    time: 0.0603  data: 0.0000  max mem: 11815
      ITM Evaluation: [ 4500/19848]  eta: 0:15:13    time: 0.0610  data: 0.0000  max mem: 11815
      ITM Evaluation: [ 4600/19848]  eta: 0:15:08    time: 0.0584  data: 0.0000  max mem: 11815
      ITM Evaluation: [ 4700/19848]  eta: 0:15:02    time: 0.0594  data: 0.0000  max mem: 11815
      ITM Evaluation: [ 4800/19848]  eta: 0:14:56    time: 0.0636  data: 0.0000  max mem: 11815
      ITM Evaluation: [ 4900/19848]  eta: 0:14:51    time: 0.0600  data: 0.0000  max mem: 11815
      ITM Evaluation: [ 5000/19848]  eta: 0:14:45    time: 0.0609  data: 0.0000  max mem: 11815
      ITM Evaluation: [ 5100/19848]  eta: 0:14:40    time: 0.0625  data: 0.0000  max mem: 11815
      ITM Evaluation: [ 5200/19848]  eta: 0:14:34    time: 0.0613  data: 0.0000  max mem: 11815
      ITM Evaluation: [ 5300/19848]  eta: 0:14:28    time: 0.0601  data: 0.0000  max mem: 11815
      ITM Evaluation: [ 5400/19848]  eta: 0:14:23    time: 0.0632  data: 0.0000  max mem: 11815
      ITM Evaluation: [ 5500/19848]  eta: 0:14:17    time: 0.0589  data: 0.0000  max mem: 11815
      ITM Evaluation: [ 5600/19848]  eta: 0:14:11    time: 0.0588  data: 0.0000  max mem: 11815
      ITM Evaluation: [ 5700/19848]  eta: 0:14:05    time: 0.0606  data: 0.0000  max mem: 11815
      ITM Evaluation: [ 5800/19848]  eta: 0:13:59    time: 0.0610  data: 0.0000  max mem: 11815
      ITM Evaluation: [ 5900/19848]  eta: 0:13:53    time: 0.0623  data: 0.0000  max mem: 11815
      ITM Evaluation: [ 6000/19848]  eta: 0:13:47    time: 0.0623  data: 0.0000  max mem: 11815
      ITM Evaluation: [ 6100/19848]  eta: 0:13:41    time: 0.0590  data: 0.0000  max mem: 11815
      ITM Evaluation: [ 6200/19848]  eta: 0:13:36    time: 0.0605  data: 0.0000  max mem: 11815
      ITM Evaluation: [ 6300/19848]  eta: 0:13:30    time: 0.0605  data: 0.0000  max mem: 11815
      ITM Evaluation: [ 6400/19848]  eta: 0:13:24    time: 0.0605  data: 0.0000  max mem: 11815
      ITM Evaluation: [ 6500/19848]  eta: 0:13:17    time: 0.0580  data: 0.0000  max mem: 11815
      ITM Evaluation: [ 6600/19848]  eta: 0:13:11    time: 0.0619  data: 0.0000  max mem: 11815
      ITM Evaluation: [ 6700/19848]  eta: 0:13:06    time: 0.0588  data: 0.0000  max mem: 11815
      ITM Evaluation: [ 6800/19848]  eta: 0:12:59    time: 0.0599  data: 0.0000  max mem: 11815
      ITM Evaluation: [ 6900/19848]  eta: 0:12:53    time: 0.0601  data: 0.0000  max mem: 11815
      ITM Evaluation: [ 7000/19848]  eta: 0:12:48    time: 0.0606  data: 0.0000  max mem: 11815
      ITM Evaluation: [ 7100/19848]  eta: 0:12:42    time: 0.0590  data: 0.0000  max mem: 11815
      ITM Evaluation: [ 7200/19848]  eta: 0:12:35    time: 0.0598  data: 0.0000  max mem: 11815
      ITM Evaluation: [ 7300/19848]  eta: 0:12:30    time: 0.0608  data: 0.0000  max mem: 11815
      ITM Evaluation: [ 7400/19848]  eta: 0:12:24    time: 0.0602  data: 0.0000  max mem: 11815
      ITM Evaluation: [ 7500/19848]  eta: 0:12:18    time: 0.0588  data: 0.0000  max mem: 11815
      ITM Evaluation: [ 7600/19848]  eta: 0:12:12    time: 0.0591  data: 0.0000  max mem: 11815
      ITM Evaluation: [ 7700/19848]  eta: 0:12:06    time: 0.0612  data: 0.0000  max mem: 11815
      ITM Evaluation: [ 7800/19848]  eta: 0:12:00    time: 0.0600  data: 0.0000  max mem: 11815
      ITM Evaluation: [ 7900/19848]  eta: 0:11:54    time: 0.0596  data: 0.0000  max mem: 11815
      ITM Evaluation: [ 8000/19848]  eta: 0:11:48    time: 0.0603  data: 0.0000  max mem: 11815
      ITM Evaluation: [ 8100/19848]  eta: 0:11:42    time: 0.0593  data: 0.0000  max mem: 11815
      ITM Evaluation: [ 8200/19848]  eta: 0:11:36    time: 0.0589  data: 0.0000  max mem: 11815
      ITM Evaluation: [ 8300/19848]  eta: 0:11:30    time: 0.0588  data: 0.0000  max mem: 11815
      ITM Evaluation: [ 8400/19848]  eta: 0:11:24    time: 0.0584  data: 0.0000  max mem: 11815
      ITM Evaluation: [ 8500/19848]  eta: 0:11:18    time: 0.0588  data: 0.0000  max mem: 11815
      ITM Evaluation: [ 8600/19848]  eta: 0:11:12    time: 0.0587  data: 0.0000  max mem: 11815
      ITM Evaluation: [ 8700/19848]  eta: 0:11:06    time: 0.0621  data: 0.0000  max mem: 11815
      ITM Evaluation: [ 8800/19848]  eta: 0:11:00    time: 0.0602  data: 0.0000  max mem: 11815
      ITM Evaluation: [ 8900/19848]  eta: 0:10:54    time: 0.0575  data: 0.0000  max mem: 11815
      ITM Evaluation: [ 9000/19848]  eta: 0:10:48    time: 0.0592  data: 0.0000  max mem: 11815
      ITM Evaluation: [ 9100/19848]  eta: 0:10:42    time: 0.0608  data: 0.0000  max mem: 11815
      ITM Evaluation: [ 9200/19848]  eta: 0:10:36    time: 0.0590  data: 0.0000  max mem: 11815
      ITM Evaluation: [ 9300/19848]  eta: 0:10:30    time: 0.0585  data: 0.0000  max mem: 11815
      ITM Evaluation: [ 9400/19848]  eta: 0:10:24    time: 0.0605  data: 0.0000  max mem: 11815
      ITM Evaluation: [ 9500/19848]  eta: 0:10:18    time: 0.0611  data: 0.0000  max mem: 11815
      ITM Evaluation: [ 9600/19848]  eta: 0:10:12    time: 0.0588  data: 0.0000  max mem: 11815
      ITM Evaluation: [ 9700/19848]  eta: 0:10:06    time: 0.0625  data: 0.0000  max mem: 11815
      ITM Evaluation: [ 9800/19848]  eta: 0:10:00    time: 0.0587  data: 0.0000  max mem: 11815
      ITM Evaluation: [ 9900/19848]  eta: 0:09:54    time: 0.0589  data: 0.0000  max mem: 11815
      ITM Evaluation: [10000/19848]  eta: 0:09:48    time: 0.0592  data: 0.0000  max mem: 11815
      ITM Evaluation: [10100/19848]  eta: 0:09:42    time: 0.0563  data: 0.0000  max mem: 11815
      ITM Evaluation: [10200/19848]  eta: 0:09:36    time: 0.0585  data: 0.0000  max mem: 11815
      ITM Evaluation: [10300/19848]  eta: 0:09:30    time: 0.0620  data: 0.0000  max mem: 11815
      ITM Evaluation: [10400/19848]  eta: 0:09:24    time: 0.0606  data: 0.0000  max mem: 11815
      ITM Evaluation: [10500/19848]  eta: 0:09:18    time: 0.0591  data: 0.0000  max mem: 11815
      ITM Evaluation: [10600/19848]  eta: 0:09:12    time: 0.0585  data: 0.0000  max mem: 11815
      ITM Evaluation: [10700/19848]  eta: 0:09:06    time: 0.0591  data: 0.0000  max mem: 11815
      ITM Evaluation: [10800/19848]  eta: 0:09:00    time: 0.0610  data: 0.0000  max mem: 11815
      ITM Evaluation: [10900/19848]  eta: 0:08:54    time: 0.0620  data: 0.0000  max mem: 11815
      ITM Evaluation: [11000/19848]  eta: 0:08:48    time: 0.0590  data: 0.0000  max mem: 11815
      ITM Evaluation: [11100/19848]  eta: 0:08:42    time: 0.0594  data: 0.0000  max mem: 11815
      ITM Evaluation: [11200/19848]  eta: 0:08:36    time: 0.0597  data: 0.0000  max mem: 11815
      ITM Evaluation: [11300/19848]  eta: 0:08:30    time: 0.0580  data: 0.0000  max mem: 11815
      ITM Evaluation: [11400/19848]  eta: 0:08:24    time: 0.0585  data: 0.0000  max mem: 11815
      ITM Evaluation: [11500/19848]  eta: 0:08:18    time: 0.0600  data: 0.0000  max mem: 11815
      ITM Evaluation: [11600/19848]  eta: 0:08:12    time: 0.0597  data: 0.0000  max mem: 11815
      ITM Evaluation: [11700/19848]  eta: 0:08:06    time: 0.0582  data: 0.0000  max mem: 11815
      ITM Evaluation: [11800/19848]  eta: 0:08:00    time: 0.0587  data: 0.0000  max mem: 11815
      ITM Evaluation: [11900/19848]  eta: 0:07:54    time: 0.0587  data: 0.0000  max mem: 11815
      ITM Evaluation: [12000/19848]  eta: 0:07:48    time: 0.0580  data: 0.0000  max mem: 11815
      ITM Evaluation: [12100/19848]  eta: 0:07:42    time: 0.0589  data: 0.0000  max mem: 11815
      ITM Evaluation: [12200/19848]  eta: 0:07:36    time: 0.0632  data: 0.0000  max mem: 11815
      ITM Evaluation: [12300/19848]  eta: 0:07:30    time: 0.0616  data: 0.0000  max mem: 11815
      ITM Evaluation: [12400/19848]  eta: 0:07:25    time: 0.0636  data: 0.0000  max mem: 11815
      ITM Evaluation: [12500/19848]  eta: 0:07:19    time: 0.0595  data: 0.0000  max mem: 11815
      ITM Evaluation: [12600/19848]  eta: 0:07:13    time: 0.0599  data: 0.0000  max mem: 11815
      ITM Evaluation: [12700/19848]  eta: 0:07:07    time: 0.0593  data: 0.0000  max mem: 11815
      ITM Evaluation: [12800/19848]  eta: 0:07:01    time: 0.0642  data: 0.0000  max mem: 11815
      ITM Evaluation: [12900/19848]  eta: 0:06:55    time: 0.0598  data: 0.0000  max mem: 11815
      ITM Evaluation: [13000/19848]  eta: 0:06:49    time: 0.0606  data: 0.0000  max mem: 11815
      ITM Evaluation: [13100/19848]  eta: 0:06:43    time: 0.0604  data: 0.0000  max mem: 11815
      ITM Evaluation: [13200/19848]  eta: 0:06:37    time: 0.0595  data: 0.0000  max mem: 11815
      ITM Evaluation: [13300/19848]  eta: 0:06:31    time: 0.0588  data: 0.0000  max mem: 11815
      ITM Evaluation: [13400/19848]  eta: 0:06:25    time: 0.0602  data: 0.0000  max mem: 11815
      ITM Evaluation: [13500/19848]  eta: 0:06:19    time: 0.0587  data: 0.0000  max mem: 11815
      ITM Evaluation: [13600/19848]  eta: 0:06:13    time: 0.0587  data: 0.0000  max mem: 11815
      ITM Evaluation: [13700/19848]  eta: 0:06:07    time: 0.0576  data: 0.0000  max mem: 11815
      ITM Evaluation: [13800/19848]  eta: 0:06:01    time: 0.0595  data: 0.0000  max mem: 11815
      ITM Evaluation: [13900/19848]  eta: 0:05:55    time: 0.0602  data: 0.0000  max mem: 11815
      ITM Evaluation: [14000/19848]  eta: 0:05:49    time: 0.0587  data: 0.0000  max mem: 11815
      ITM Evaluation: [14100/19848]  eta: 0:05:43    time: 0.0598  data: 0.0000  max mem: 11815
      ITM Evaluation: [14200/19848]  eta: 0:05:37    time: 0.0587  data: 0.0000  max mem: 11815
      ITM Evaluation: [14300/19848]  eta: 0:05:31    time: 0.0596  data: 0.0000  max mem: 11815
      ITM Evaluation: [14400/19848]  eta: 0:05:25    time: 0.0608  data: 0.0000  max mem: 11815
      ITM Evaluation: [14500/19848]  eta: 0:05:19    time: 0.0614  data: 0.0000  max mem: 11815
      ITM Evaluation: [14600/19848]  eta: 0:05:13    time: 0.0604  data: 0.0000  max mem: 11815
      ITM Evaluation: [14700/19848]  eta: 0:05:07    time: 0.0594  data: 0.0000  max mem: 11815
      ITM Evaluation: [14800/19848]  eta: 0:05:01    time: 0.0591  data: 0.0000  max mem: 11815
      ITM Evaluation: [14900/19848]  eta: 0:04:55    time: 0.0595  data: 0.0000  max mem: 11815
      ITM Evaluation: [15000/19848]  eta: 0:04:49    time: 0.0582  data: 0.0000  max mem: 11815
      ITM Evaluation: [15100/19848]  eta: 0:04:43    time: 0.0593  data: 0.0000  max mem: 11815
      ITM Evaluation: [15200/19848]  eta: 0:04:37    time: 0.0607  data: 0.0000  max mem: 11815
      ITM Evaluation: [15300/19848]  eta: 0:04:31    time: 0.0621  data: 0.0000  max mem: 11815
      ITM Evaluation: [15400/19848]  eta: 0:04:25    time: 0.0595  data: 0.0000  max mem: 11815
      ITM Evaluation: [15500/19848]  eta: 0:04:19    time: 0.0598  data: 0.0000  max mem: 11815
      ITM Evaluation: [15600/19848]  eta: 0:04:13    time: 0.0592  data: 0.0000  max mem: 11815
      ITM Evaluation: [15700/19848]  eta: 0:04:07    time: 0.0592  data: 0.0000  max mem: 11815
      ITM Evaluation: [15800/19848]  eta: 0:04:01    time: 0.0595  data: 0.0000  max mem: 11815
      ITM Evaluation: [15900/19848]  eta: 0:03:56    time: 0.0644  data: 0.0000  max mem: 11815
      ITM Evaluation: [16000/19848]  eta: 0:03:50    time: 0.0593  data: 0.0000  max mem: 11815
      ITM Evaluation: [16100/19848]  eta: 0:03:44    time: 0.0587  data: 0.0000  max mem: 11815
      ITM Evaluation: [16200/19848]  eta: 0:03:38    time: 0.0601  data: 0.0000  max mem: 11815
      ITM Evaluation: [16300/19848]  eta: 0:03:32    time: 0.0599  data: 0.0000  max mem: 11815
      ITM Evaluation: [16400/19848]  eta: 0:03:26    time: 0.0594  data: 0.0000  max mem: 11815
      ITM Evaluation: [16500/19848]  eta: 0:03:20    time: 0.0627  data: 0.0000  max mem: 11815
      ITM Evaluation: [16600/19848]  eta: 0:03:14    time: 0.0598  data: 0.0000  max mem: 11815
      ITM Evaluation: [16700/19848]  eta: 0:03:08    time: 0.0591  data: 0.0000  max mem: 11815
      ITM Evaluation: [16800/19848]  eta: 0:03:02    time: 0.0594  data: 0.0000  max mem: 11815
      ITM Evaluation: [16900/19848]  eta: 0:02:56    time: 0.0588  data: 0.0000  max mem: 11815
      ITM Evaluation: [17000/19848]  eta: 0:02:50    time: 0.0595  data: 0.0000  max mem: 11815
      ITM Evaluation: [17100/19848]  eta: 0:02:44    time: 0.0605  data: 0.0000  max mem: 11815
      ITM Evaluation: [17200/19848]  eta: 0:02:38    time: 0.0579  data: 0.0000  max mem: 11815
      ITM Evaluation: [17300/19848]  eta: 0:02:32    time: 0.0576  data: 0.0000  max mem: 11815
      ITM Evaluation: [17400/19848]  eta: 0:02:26    time: 0.0585  data: 0.0000  max mem: 11815
      ITM Evaluation: [17500/19848]  eta: 0:02:20    time: 0.0585  data: 0.0000  max mem: 11815
      ITM Evaluation: [17600/19848]  eta: 0:02:14    time: 0.0579  data: 0.0000  max mem: 11815
      ITM Evaluation: [17700/19848]  eta: 0:02:08    time: 0.0589  data: 0.0000  max mem: 11815
      ITM Evaluation: [17800/19848]  eta: 0:02:02    time: 0.0578  data: 0.0000  max mem: 11815
      ITM Evaluation: [17900/19848]  eta: 0:01:56    time: 0.0592  data: 0.0000  max mem: 11815
      ITM Evaluation: [18000/19848]  eta: 0:01:50    time: 0.0602  data: 0.0000  max mem: 11815
      ITM Evaluation: [18100/19848]  eta: 0:01:44    time: 0.0589  data: 0.0000  max mem: 11815
      ITM Evaluation: [18200/19848]  eta: 0:01:38    time: 0.0595  data: 0.0000  max mem: 11815
      ITM Evaluation: [18300/19848]  eta: 0:01:32    time: 0.0578  data: 0.0000  max mem: 11815
      ITM Evaluation: [18400/19848]  eta: 0:01:26    time: 0.0597  data: 0.0000  max mem: 11815
      ITM Evaluation: [18500/19848]  eta: 0:01:20    time: 0.0585  data: 0.0000  max mem: 11815
      ITM Evaluation: [18600/19848]  eta: 0:01:14    time: 0.0584  data: 0.0000  max mem: 11815
      ITM Evaluation: [18700/19848]  eta: 0:01:08    time: 0.0594  data: 0.0000  max mem: 11815
      ITM Evaluation: [18800/19848]  eta: 0:01:02    time: 0.0613  data: 0.0000  max mem: 11815
      ITM Evaluation: [18900/19848]  eta: 0:00:56    time: 0.0587  data: 0.0000  max mem: 11815
      ITM Evaluation: [19000/19848]  eta: 0:00:50    time: 0.0610  data: 0.0000  max mem: 11815
      ITM Evaluation: [19100/19848]  eta: 0:00:44    time: 0.0582  data: 0.0000  max mem: 11815
      ITM Evaluation: [19200/19848]  eta: 0:00:38    time: 0.0582  data: 0.0000  max mem: 11815
      ITM Evaluation: [19300/19848]  eta: 0:00:32    time: 0.0580  data: 0.0000  max mem: 11815
      ITM Evaluation: [19400/19848]  eta: 0:00:26    time: 0.0616  data: 0.0000  max mem: 11815
      ITM Evaluation: [19500/19848]  eta: 0:00:20    time: 0.0604  data: 0.0000  max mem: 11815
      ITM Evaluation: [19600/19848]  eta: 0:00:14    time: 0.0610  data: 0.0000  max mem: 11815
      ITM Evaluation: [19700/19848]  eta: 0:00:08    time: 0.0592  data: 0.0000  max mem: 11815
      ITM Evaluation: [19800/19848]  eta: 0:00:02    time: 0.0584  data: 0.0000  max mem: 11815
      ITM Evaluation: [19847/19848]  eta: 0:00:00    time: 0.0583  data: 0.0000  max mem: 11815
      ITM Evaluation: Total time: 0:19:45 (0.0597 s / it)
     total_time 1187.2367708683014
     Computing matching score time 0:19:47
### TTA ITM Score: 
+-------+--------+--------+--------+--------+--------+
| epoch |   R1   |   R5   |  R10   |  mAP   |  mINP  |
+-------+--------+--------+--------+--------+--------+
|  -999 | 63.014 | 79.484 | 85.041 | 40.411 | 10.184 |
|  -999 | 68.183 | 82.885 | 87.500 | 40.507 | 9.104  |
|   0   | 51.194 | 76.340 | 83.918 | 34.260 | 8.543  |
|   1   | 49.924 | 75.731 | 83.706 | 33.600 | 8.701  |
|   2   | 50.872 | 76.511 | 84.129 | 34.339 | 8.722  |
+-------+--------+--------+--------+--------+--------+
     logs:  {'epo': 2, 'R1': 50.872, 'R5': 76.511, 'R10': 84.129, 'mAP': 34.339, 'mINP': 8.722, 'lr': 9.2e-05, 'entropy': 0.232319, 'loss': 0.232319}
      TTA Epoch: [3] [   0/1240]  eta: 0:33:53  lr: 0.000090  entropy: 0.1286  loss: 0.1286  time: 1.6396  data: 1.5247  max mem: 11815
      TTA Epoch: [3] [ 100/1240]  eta: 0:01:47  lr: 0.000090  entropy: 0.2725  loss: 0.2725  time: 0.0778  data: 0.0001  max mem: 11815
      TTA Epoch: [3] [ 200/1240]  eta: 0:01:32  lr: 0.000090  entropy: 0.5019  loss: 0.5019  time: 0.0980  data: 0.0002  max mem: 11815
      TTA Epoch: [3] [ 300/1240]  eta: 0:01:20  lr: 0.000089  entropy: 0.1570  loss: 0.1570  time: 0.0784  data: 0.0001  max mem: 11815
      TTA Epoch: [3] [ 400/1240]  eta: 0:01:11  lr: 0.000089  entropy: 0.1816  loss: 0.1816  time: 0.0811  data: 0.0001  max mem: 11815
      TTA Epoch: [3] [ 500/1240]  eta: 0:01:02  lr: 0.000089  entropy: 0.1890  loss: 0.1890  time: 0.0809  data: 0.0001  max mem: 11815
      TTA Epoch: [3] [ 600/1240]  eta: 0:00:53  lr: 0.000089  entropy: 0.2855  loss: 0.2855  time: 0.0810  data: 0.0001  max mem: 11815
      TTA Epoch: [3] [ 700/1240]  eta: 0:00:45  lr: 0.000088  entropy: 0.3215  loss: 0.3215  time: 0.0883  data: 0.0002  max mem: 11815
      TTA Epoch: [3] [ 800/1240]  eta: 0:00:36  lr: 0.000088  entropy: 0.3035  loss: 0.3035  time: 0.0807  data: 0.0001  max mem: 11815
      TTA Epoch: [3] [ 900/1240]  eta: 0:00:28  lr: 0.000088  entropy: 0.2122  loss: 0.2122  time: 0.0834  data: 0.0001  max mem: 11815
      TTA Epoch: [3] [1000/1240]  eta: 0:00:20  lr: 0.000088  entropy: 0.1920  loss: 0.1920  time: 0.0843  data: 0.0002  max mem: 11815
      TTA Epoch: [3] [1100/1240]  eta: 0:00:11  lr: 0.000087  entropy: 0.1931  loss: 0.1931  time: 0.0805  data: 0.0001  max mem: 11815
      TTA Epoch: [3] [1200/1240]  eta: 0:00:03  lr: 0.000087  entropy: 0.2267  loss: 0.2267  time: 0.0815  data: 0.0001  max mem: 11815
      TTA Epoch: [3] [1239/1240]  eta: 0:00:00  lr: 0.000087  entropy: 0.1640  loss: 0.1640  time: 0.0776  data: 0.0001  max mem: 11815
      TTA Epoch: [3] Total time: 0:01:43 (0.0834 s / it)
     Averaged stats: lr: 0.0001  entropy: 0.2114  loss: 0.2114
     itm tta time 0:01:44
     Computing matching score
      ITM Evaluation: [    0/19848]  eta: 0:28:25    time: 0.0859  data: 0.0136  max mem: 11815
      ITM Evaluation: [  100/19848]  eta: 0:19:40    time: 0.0594  data: 0.0000  max mem: 11815
      ITM Evaluation: [  200/19848]  eta: 0:19:32    time: 0.0590  data: 0.0000  max mem: 11815
      ITM Evaluation: [  300/19848]  eta: 0:19:26    time: 0.0603  data: 0.0000  max mem: 11815
      ITM Evaluation: [  400/19848]  eta: 0:19:29    time: 0.0621  data: 0.0000  max mem: 11815
      ITM Evaluation: [  500/19848]  eta: 0:19:30    time: 0.0598  data: 0.0000  max mem: 11815
      ITM Evaluation: [  600/19848]  eta: 0:19:22    time: 0.0597  data: 0.0000  max mem: 11815
      ITM Evaluation: [  700/19848]  eta: 0:19:15    time: 0.0585  data: 0.0000  max mem: 11815
      ITM Evaluation: [  800/19848]  eta: 0:19:07    time: 0.0599  data: 0.0000  max mem: 11815
      ITM Evaluation: [  900/19848]  eta: 0:19:00    time: 0.0590  data: 0.0000  max mem: 11815
      ITM Evaluation: [ 1000/19848]  eta: 0:18:52    time: 0.0589  data: 0.0000  max mem: 11815
      ITM Evaluation: [ 1100/19848]  eta: 0:18:51    time: 0.0609  data: 0.0000  max mem: 11815
      ITM Evaluation: [ 1200/19848]  eta: 0:18:47    time: 0.0597  data: 0.0000  max mem: 11815
      ITM Evaluation: [ 1300/19848]  eta: 0:18:40    time: 0.0606  data: 0.0000  max mem: 11815
      ITM Evaluation: [ 1400/19848]  eta: 0:18:34    time: 0.0591  data: 0.0000  max mem: 11815
      ITM Evaluation: [ 1500/19848]  eta: 0:18:27    time: 0.0599  data: 0.0000  max mem: 11815
      ITM Evaluation: [ 1600/19848]  eta: 0:18:21    time: 0.0608  data: 0.0000  max mem: 11815
      ITM Evaluation: [ 1700/19848]  eta: 0:18:15    time: 0.0625  data: 0.0000  max mem: 11815
      ITM Evaluation: [ 1800/19848]  eta: 0:18:12    time: 0.0614  data: 0.0000  max mem: 11815
      ITM Evaluation: [ 1900/19848]  eta: 0:18:05    time: 0.0576  data: 0.0000  max mem: 11815
      ITM Evaluation: [ 2000/19848]  eta: 0:17:58    time: 0.0592  data: 0.0000  max mem: 11815
      ITM Evaluation: [ 2100/19848]  eta: 0:17:52    time: 0.0602  data: 0.0000  max mem: 11815
      ITM Evaluation: [ 2200/19848]  eta: 0:17:45    time: 0.0593  data: 0.0000  max mem: 11815
      ITM Evaluation: [ 2300/19848]  eta: 0:17:38    time: 0.0597  data: 0.0000  max mem: 11815
      ITM Evaluation: [ 2400/19848]  eta: 0:17:32    time: 0.0599  data: 0.0000  max mem: 11815
      ITM Evaluation: [ 2500/19848]  eta: 0:17:26    time: 0.0607  data: 0.0000  max mem: 11815
      ITM Evaluation: [ 2600/19848]  eta: 0:17:21    time: 0.0627  data: 0.0000  max mem: 11815
      ITM Evaluation: [ 2700/19848]  eta: 0:17:14    time: 0.0588  data: 0.0000  max mem: 11815
      ITM Evaluation: [ 2800/19848]  eta: 0:17:07    time: 0.0606  data: 0.0000  max mem: 11815
      ITM Evaluation: [ 2900/19848]  eta: 0:17:01    time: 0.0592  data: 0.0000  max mem: 11815
      ITM Evaluation: [ 3000/19848]  eta: 0:16:56    time: 0.0611  data: 0.0000  max mem: 11815
      ITM Evaluation: [ 3100/19848]  eta: 0:16:49    time: 0.0612  data: 0.0000  max mem: 11815
      ITM Evaluation: [ 3200/19848]  eta: 0:16:44    time: 0.0631  data: 0.0000  max mem: 11815
      ITM Evaluation: [ 3300/19848]  eta: 0:16:38    time: 0.0618  data: 0.0000  max mem: 11815
      ITM Evaluation: [ 3400/19848]  eta: 0:16:33    time: 0.0603  data: 0.0000  max mem: 11815
      ITM Evaluation: [ 3500/19848]  eta: 0:16:27    time: 0.0596  data: 0.0000  max mem: 11815
      ITM Evaluation: [ 3600/19848]  eta: 0:16:21    time: 0.0636  data: 0.0000  max mem: 11815
      ITM Evaluation: [ 3700/19848]  eta: 0:16:15    time: 0.0600  data: 0.0000  max mem: 11815
      ITM Evaluation: [ 3800/19848]  eta: 0:16:09    time: 0.0594  data: 0.0000  max mem: 11815
      ITM Evaluation: [ 3900/19848]  eta: 0:16:03    time: 0.0609  data: 0.0000  max mem: 11815
      ITM Evaluation: [ 4000/19848]  eta: 0:15:58    time: 0.0619  data: 0.0000  max mem: 11815
      ITM Evaluation: [ 4100/19848]  eta: 0:15:52    time: 0.0618  data: 0.0000  max mem: 11815
      ITM Evaluation: [ 4200/19848]  eta: 0:15:46    time: 0.0618  data: 0.0000  max mem: 11815
      ITM Evaluation: [ 4300/19848]  eta: 0:15:40    time: 0.0592  data: 0.0000  max mem: 11815
      ITM Evaluation: [ 4400/19848]  eta: 0:15:34    time: 0.0600  data: 0.0000  max mem: 11815
      ITM Evaluation: [ 4500/19848]  eta: 0:15:28    time: 0.0600  data: 0.0000  max mem: 11815
      ITM Evaluation: [ 4600/19848]  eta: 0:15:22    time: 0.0595  data: 0.0000  max mem: 11815
      ITM Evaluation: [ 4700/19848]  eta: 0:15:16    time: 0.0629  data: 0.0000  max mem: 11815
      ITM Evaluation: [ 4800/19848]  eta: 0:15:11    time: 0.0635  data: 0.0000  max mem: 11815
      ITM Evaluation: [ 4900/19848]  eta: 0:15:05    time: 0.0594  data: 0.0000  max mem: 11815
      ITM Evaluation: [ 5000/19848]  eta: 0:14:58    time: 0.0588  data: 0.0000  max mem: 11815
      ITM Evaluation: [ 5100/19848]  eta: 0:14:52    time: 0.0595  data: 0.0000  max mem: 11815
      ITM Evaluation: [ 5200/19848]  eta: 0:14:45    time: 0.0595  data: 0.0000  max mem: 11815
      ITM Evaluation: [ 5300/19848]  eta: 0:14:39    time: 0.0603  data: 0.0000  max mem: 11815
      ITM Evaluation: [ 5400/19848]  eta: 0:14:33    time: 0.0612  data: 0.0000  max mem: 11815
      ITM Evaluation: [ 5500/19848]  eta: 0:14:27    time: 0.0604  data: 0.0000  max mem: 11815
      ITM Evaluation: [ 5600/19848]  eta: 0:14:21    time: 0.0596  data: 0.0000  max mem: 11815
      ITM Evaluation: [ 5700/19848]  eta: 0:14:15    time: 0.0586  data: 0.0000  max mem: 11815
      ITM Evaluation: [ 5800/19848]  eta: 0:14:08    time: 0.0599  data: 0.0000  max mem: 11815
      ITM Evaluation: [ 5900/19848]  eta: 0:14:02    time: 0.0585  data: 0.0000  max mem: 11815
      ITM Evaluation: [ 6000/19848]  eta: 0:13:56    time: 0.0609  data: 0.0000  max mem: 11815
      ITM Evaluation: [ 6100/19848]  eta: 0:13:50    time: 0.0590  data: 0.0000  max mem: 11815
      ITM Evaluation: [ 6200/19848]  eta: 0:13:44    time: 0.0611  data: 0.0000  max mem: 11815
      ITM Evaluation: [ 6300/19848]  eta: 0:13:38    time: 0.0631  data: 0.0000  max mem: 11815
      ITM Evaluation: [ 6400/19848]  eta: 0:13:32    time: 0.0604  data: 0.0000  max mem: 11815
      ITM Evaluation: [ 6500/19848]  eta: 0:13:26    time: 0.0605  data: 0.0000  max mem: 11815
      ITM Evaluation: [ 6600/19848]  eta: 0:13:20    time: 0.0604  data: 0.0000  max mem: 11815
      ITM Evaluation: [ 6700/19848]  eta: 0:13:14    time: 0.0597  data: 0.0000  max mem: 11815
      ITM Evaluation: [ 6800/19848]  eta: 0:13:08    time: 0.0600  data: 0.0000  max mem: 11815
      ITM Evaluation: [ 6900/19848]  eta: 0:13:02    time: 0.0625  data: 0.0000  max mem: 11815
      ITM Evaluation: [ 7000/19848]  eta: 0:12:56    time: 0.0625  data: 0.0000  max mem: 11815
      ITM Evaluation: [ 7100/19848]  eta: 0:12:50    time: 0.0631  data: 0.0000  max mem: 11815
      ITM Evaluation: [ 7200/19848]  eta: 0:12:44    time: 0.0599  data: 0.0000  max mem: 11815
      ITM Evaluation: [ 7300/19848]  eta: 0:12:38    time: 0.0605  data: 0.0000  max mem: 11815
      ITM Evaluation: [ 7400/19848]  eta: 0:12:32    time: 0.0592  data: 0.0000  max mem: 11815
      ITM Evaluation: [ 7500/19848]  eta: 0:12:26    time: 0.0591  data: 0.0000  max mem: 11815
      ITM Evaluation: [ 7600/19848]  eta: 0:12:20    time: 0.0619  data: 0.0000  max mem: 11815
      ITM Evaluation: [ 7700/19848]  eta: 0:12:14    time: 0.0610  data: 0.0000  max mem: 11815
      ITM Evaluation: [ 7800/19848]  eta: 0:12:08    time: 0.0602  data: 0.0000  max mem: 11815
      ITM Evaluation: [ 7900/19848]  eta: 0:12:02    time: 0.0623  data: 0.0000  max mem: 11815
      ITM Evaluation: [ 8000/19848]  eta: 0:11:56    time: 0.0596  data: 0.0000  max mem: 11815
      ITM Evaluation: [ 8100/19848]  eta: 0:11:50    time: 0.0597  data: 0.0000  max mem: 11815
      ITM Evaluation: [ 8200/19848]  eta: 0:11:44    time: 0.0592  data: 0.0000  max mem: 11815
      ITM Evaluation: [ 8300/19848]  eta: 0:11:38    time: 0.0606  data: 0.0000  max mem: 11815
      ITM Evaluation: [ 8400/19848]  eta: 0:11:32    time: 0.0607  data: 0.0000  max mem: 11815
      ITM Evaluation: [ 8500/19848]  eta: 0:11:25    time: 0.0605  data: 0.0000  max mem: 11815
      ITM Evaluation: [ 8600/19848]  eta: 0:11:19    time: 0.0588  data: 0.0000  max mem: 11815
      ITM Evaluation: [ 8700/19848]  eta: 0:11:13    time: 0.0600  data: 0.0000  max mem: 11815
      ITM Evaluation: [ 8800/19848]  eta: 0:11:07    time: 0.0594  data: 0.0000  max mem: 11815
      ITM Evaluation: [ 8900/19848]  eta: 0:11:01    time: 0.0607  data: 0.0000  max mem: 11815
      ITM Evaluation: [ 9000/19848]  eta: 0:10:55    time: 0.0615  data: 0.0000  max mem: 11815
      ITM Evaluation: [ 9100/19848]  eta: 0:10:49    time: 0.0610  data: 0.0000  max mem: 11815
      ITM Evaluation: [ 9200/19848]  eta: 0:10:43    time: 0.0603  data: 0.0000  max mem: 11815
      ITM Evaluation: [ 9300/19848]  eta: 0:10:37    time: 0.0598  data: 0.0000  max mem: 11815
      ITM Evaluation: [ 9400/19848]  eta: 0:10:30    time: 0.0580  data: 0.0000  max mem: 11815
      ITM Evaluation: [ 9500/19848]  eta: 0:10:24    time: 0.0596  data: 0.0000  max mem: 11815
      ITM Evaluation: [ 9600/19848]  eta: 0:10:18    time: 0.0587  data: 0.0000  max mem: 11815
      ITM Evaluation: [ 9700/19848]  eta: 0:10:12    time: 0.0603  data: 0.0000  max mem: 11815
      ITM Evaluation: [ 9800/19848]  eta: 0:10:06    time: 0.0598  data: 0.0000  max mem: 11815
      ITM Evaluation: [ 9900/19848]  eta: 0:10:00    time: 0.0598  data: 0.0000  max mem: 11815
      ITM Evaluation: [10000/19848]  eta: 0:09:54    time: 0.0590  data: 0.0000  max mem: 11815
      ITM Evaluation: [10100/19848]  eta: 0:09:48    time: 0.0593  data: 0.0000  max mem: 11815
      ITM Evaluation: [10200/19848]  eta: 0:09:42    time: 0.0596  data: 0.0000  max mem: 11815
      ITM Evaluation: [10300/19848]  eta: 0:09:36    time: 0.0608  data: 0.0000  max mem: 11815
      ITM Evaluation: [10400/19848]  eta: 0:09:30    time: 0.0619  data: 0.0000  max mem: 11815
      ITM Evaluation: [10500/19848]  eta: 0:09:24    time: 0.0612  data: 0.0000  max mem: 11815
      ITM Evaluation: [10600/19848]  eta: 0:09:18    time: 0.0615  data: 0.0000  max mem: 11815
      ITM Evaluation: [10700/19848]  eta: 0:09:12    time: 0.0603  data: 0.0000  max mem: 11815
      ITM Evaluation: [10800/19848]  eta: 0:09:06    time: 0.0581  data: 0.0000  max mem: 11815
      ITM Evaluation: [10900/19848]  eta: 0:08:59    time: 0.0595  data: 0.0000  max mem: 11815
      ITM Evaluation: [11000/19848]  eta: 0:08:53    time: 0.0619  data: 0.0000  max mem: 11815
      ITM Evaluation: [11100/19848]  eta: 0:08:47    time: 0.0592  data: 0.0000  max mem: 11815
      ITM Evaluation: [11200/19848]  eta: 0:08:41    time: 0.0594  data: 0.0000  max mem: 11815
      ITM Evaluation: [11300/19848]  eta: 0:08:35    time: 0.0616  data: 0.0000  max mem: 11815
      ITM Evaluation: [11400/19848]  eta: 0:08:29    time: 0.0599  data: 0.0000  max mem: 11815
      ITM Evaluation: [11500/19848]  eta: 0:08:23    time: 0.0588  data: 0.0000  max mem: 11815
      ITM Evaluation: [11600/19848]  eta: 0:08:17    time: 0.0601  data: 0.0000  max mem: 11815
      ITM Evaluation: [11700/19848]  eta: 0:08:11    time: 0.0592  data: 0.0000  max mem: 11815
      ITM Evaluation: [11800/19848]  eta: 0:08:05    time: 0.0585  data: 0.0000  max mem: 11815
      ITM Evaluation: [11900/19848]  eta: 0:07:58    time: 0.0598  data: 0.0000  max mem: 11815
      ITM Evaluation: [12000/19848]  eta: 0:07:52    time: 0.0603  data: 0.0000  max mem: 11815
      ITM Evaluation: [12100/19848]  eta: 0:07:46    time: 0.0600  data: 0.0000  max mem: 11815
      ITM Evaluation: [12200/19848]  eta: 0:07:40    time: 0.0579  data: 0.0000  max mem: 11815
      ITM Evaluation: [12300/19848]  eta: 0:07:34    time: 0.0598  data: 0.0000  max mem: 11815
      ITM Evaluation: [12400/19848]  eta: 0:07:28    time: 0.0586  data: 0.0000  max mem: 11815
      ITM Evaluation: [12500/19848]  eta: 0:07:22    time: 0.0591  data: 0.0000  max mem: 11815
      ITM Evaluation: [12600/19848]  eta: 0:07:16    time: 0.0589  data: 0.0000  max mem: 11815
      ITM Evaluation: [12700/19848]  eta: 0:07:10    time: 0.0601  data: 0.0000  max mem: 11815
      ITM Evaluation: [12800/19848]  eta: 0:07:04    time: 0.0599  data: 0.0000  max mem: 11815
      ITM Evaluation: [12900/19848]  eta: 0:06:58    time: 0.0595  data: 0.0000  max mem: 11815
      ITM Evaluation: [13000/19848]  eta: 0:06:52    time: 0.0617  data: 0.0000  max mem: 11815
      ITM Evaluation: [13100/19848]  eta: 0:06:46    time: 0.0563  data: 0.0000  max mem: 11815
      ITM Evaluation: [13200/19848]  eta: 0:06:40    time: 0.0586  data: 0.0000  max mem: 11815
      ITM Evaluation: [13300/19848]  eta: 0:06:34    time: 0.0603  data: 0.0000  max mem: 11815
      ITM Evaluation: [13400/19848]  eta: 0:06:28    time: 0.0602  data: 0.0000  max mem: 11815
      ITM Evaluation: [13500/19848]  eta: 0:06:22    time: 0.0598  data: 0.0000  max mem: 11815
      ITM Evaluation: [13600/19848]  eta: 0:06:16    time: 0.0641  data: 0.0000  max mem: 11815
      ITM Evaluation: [13700/19848]  eta: 0:06:10    time: 0.0598  data: 0.0000  max mem: 11815
      ITM Evaluation: [13800/19848]  eta: 0:06:04    time: 0.0584  data: 0.0000  max mem: 11815
      ITM Evaluation: [13900/19848]  eta: 0:05:58    time: 0.0589  data: 0.0000  max mem: 11815
      ITM Evaluation: [14000/19848]  eta: 0:05:51    time: 0.0587  data: 0.0000  max mem: 11815
      ITM Evaluation: [14100/19848]  eta: 0:05:45    time: 0.0605  data: 0.0000  max mem: 11815
      ITM Evaluation: [14200/19848]  eta: 0:05:39    time: 0.0595  data: 0.0000  max mem: 11815
      ITM Evaluation: [14300/19848]  eta: 0:05:33    time: 0.0609  data: 0.0000  max mem: 11815
      ITM Evaluation: [14400/19848]  eta: 0:05:27    time: 0.0601  data: 0.0000  max mem: 11815
      ITM Evaluation: [14500/19848]  eta: 0:05:21    time: 0.0582  data: 0.0000  max mem: 11815
      ITM Evaluation: [14600/19848]  eta: 0:05:15    time: 0.0591  data: 0.0000  max mem: 11815
      ITM Evaluation: [14700/19848]  eta: 0:05:09    time: 0.0593  data: 0.0000  max mem: 11815
      ITM Evaluation: [14800/19848]  eta: 0:05:03    time: 0.0614  data: 0.0000  max mem: 11815
      ITM Evaluation: [14900/19848]  eta: 0:04:57    time: 0.0618  data: 0.0000  max mem: 11815
      ITM Evaluation: [15000/19848]  eta: 0:04:51    time: 0.0581  data: 0.0000  max mem: 11815
      ITM Evaluation: [15100/19848]  eta: 0:04:45    time: 0.0584  data: 0.0000  max mem: 11815
      ITM Evaluation: [15200/19848]  eta: 0:04:39    time: 0.0582  data: 0.0000  max mem: 11815
      ITM Evaluation: [15300/19848]  eta: 0:04:33    time: 0.0593  data: 0.0000  max mem: 11815
      ITM Evaluation: [15400/19848]  eta: 0:04:27    time: 0.0586  data: 0.0000  max mem: 11815
      ITM Evaluation: [15500/19848]  eta: 0:04:21    time: 0.0610  data: 0.0000  max mem: 11815
      ITM Evaluation: [15600/19848]  eta: 0:04:15    time: 0.0640  data: 0.0000  max mem: 11815
      ITM Evaluation: [15700/19848]  eta: 0:04:09    time: 0.0586  data: 0.0000  max mem: 11815
      ITM Evaluation: [15800/19848]  eta: 0:04:03    time: 0.0592  data: 0.0000  max mem: 11815
      ITM Evaluation: [15900/19848]  eta: 0:03:57    time: 0.0602  data: 0.0000  max mem: 11815
      ITM Evaluation: [16000/19848]  eta: 0:03:51    time: 0.0593  data: 0.0000  max mem: 11815
      ITM Evaluation: [16100/19848]  eta: 0:03:45    time: 0.0593  data: 0.0000  max mem: 11815
      ITM Evaluation: [16200/19848]  eta: 0:03:39    time: 0.0629  data: 0.0000  max mem: 11815
      ITM Evaluation: [16300/19848]  eta: 0:03:33    time: 0.0590  data: 0.0000  max mem: 11815
      ITM Evaluation: [16400/19848]  eta: 0:03:27    time: 0.0585  data: 0.0000  max mem: 11815
      ITM Evaluation: [16500/19848]  eta: 0:03:21    time: 0.0593  data: 0.0000  max mem: 11815
      ITM Evaluation: [16600/19848]  eta: 0:03:15    time: 0.0591  data: 0.0000  max mem: 11815
      ITM Evaluation: [16700/19848]  eta: 0:03:09    time: 0.0591  data: 0.0000  max mem: 11815
      ITM Evaluation: [16800/19848]  eta: 0:03:03    time: 0.0613  data: 0.0000  max mem: 11815
      ITM Evaluation: [16900/19848]  eta: 0:02:57    time: 0.0575  data: 0.0000  max mem: 11815
      ITM Evaluation: [17000/19848]  eta: 0:02:51    time: 0.0584  data: 0.0000  max mem: 11815
      ITM Evaluation: [17100/19848]  eta: 0:02:45    time: 0.0560  data: 0.0000  max mem: 11815
      ITM Evaluation: [17200/19848]  eta: 0:02:38    time: 0.0556  data: 0.0000  max mem: 11815
      ITM Evaluation: [17300/19848]  eta: 0:02:32    time: 0.0563  data: 0.0000  max mem: 11815
      ITM Evaluation: [17400/19848]  eta: 0:02:26    time: 0.0571  data: 0.0000  max mem: 11815
      ITM Evaluation: [17500/19848]  eta: 0:02:20    time: 0.0636  data: 0.0000  max mem: 11815
      ITM Evaluation: [17600/19848]  eta: 0:02:14    time: 0.0585  data: 0.0000  max mem: 11815
      ITM Evaluation: [17700/19848]  eta: 0:02:08    time: 0.0592  data: 0.0000  max mem: 11815
      ITM Evaluation: [17800/19848]  eta: 0:02:02    time: 0.0598  data: 0.0000  max mem: 11815
      ITM Evaluation: [17900/19848]  eta: 0:01:56    time: 0.0588  data: 0.0000  max mem: 11815
      ITM Evaluation: [18000/19848]  eta: 0:01:50    time: 0.0598  data: 0.0000  max mem: 11815
      ITM Evaluation: [18100/19848]  eta: 0:01:44    time: 0.0655  data: 0.0000  max mem: 11815
      ITM Evaluation: [18200/19848]  eta: 0:01:38    time: 0.0595  data: 0.0000  max mem: 11815
      ITM Evaluation: [18300/19848]  eta: 0:01:32    time: 0.0593  data: 0.0000  max mem: 11815
      ITM Evaluation: [18400/19848]  eta: 0:01:26    time: 0.0580  data: 0.0000  max mem: 11815
      ITM Evaluation: [18500/19848]  eta: 0:01:20    time: 0.0593  data: 0.0000  max mem: 11815
      ITM Evaluation: [18600/19848]  eta: 0:01:14    time: 0.0598  data: 0.0000  max mem: 11815
      ITM Evaluation: [18700/19848]  eta: 0:01:08    time: 0.0603  data: 0.0000  max mem: 11815
      ITM Evaluation: [18800/19848]  eta: 0:01:02    time: 0.0617  data: 0.0000  max mem: 11815
      ITM Evaluation: [18900/19848]  eta: 0:00:56    time: 0.0578  data: 0.0000  max mem: 11815
      ITM Evaluation: [19000/19848]  eta: 0:00:50    time: 0.0604  data: 0.0000  max mem: 11815
      ITM Evaluation: [19100/19848]  eta: 0:00:44    time: 0.0586  data: 0.0000  max mem: 11815
      ITM Evaluation: [19200/19848]  eta: 0:00:38    time: 0.0586  data: 0.0000  max mem: 11815
      ITM Evaluation: [19300/19848]  eta: 0:00:32    time: 0.0621  data: 0.0000  max mem: 11815
      ITM Evaluation: [19400/19848]  eta: 0:00:26    time: 0.0601  data: 0.0000  max mem: 11815
      ITM Evaluation: [19500/19848]  eta: 0:00:20    time: 0.0626  data: 0.0000  max mem: 11815
      ITM Evaluation: [19600/19848]  eta: 0:00:14    time: 0.0595  data: 0.0000  max mem: 11815
      ITM Evaluation: [19700/19848]  eta: 0:00:08    time: 0.0585  data: 0.0000  max mem: 11815
      ITM Evaluation: [19800/19848]  eta: 0:00:02    time: 0.0592  data: 0.0000  max mem: 11815
      ITM Evaluation: [19847/19848]  eta: 0:00:00    time: 0.0600  data: 0.0000  max mem: 11815
      ITM Evaluation: Total time: 0:19:51 (0.0600 s / it)
     total_time 1192.7232134342194
     Computing matching score time 0:19:52
### TTA ITM Score: 
+-------+--------+--------+--------+--------+--------+
| epoch |   R1   |   R5   |  R10   |  mAP   |  mINP  |
+-------+--------+--------+--------+--------+--------+
|  -999 | 63.014 | 79.484 | 85.041 | 40.411 | 10.184 |
|  -999 | 68.183 | 82.885 | 87.500 | 40.507 | 9.104  |
|   0   | 51.194 | 76.340 | 83.918 | 34.260 | 8.543  |
|   1   | 49.924 | 75.731 | 83.706 | 33.600 | 8.701  |
|   2   | 50.872 | 76.511 | 84.129 | 34.339 | 8.722  |
|   3   | 49.899 | 76.295 | 84.195 | 34.336 | 8.791  |
+-------+--------+--------+--------+--------+--------+
     logs:  {'epo': 3, 'R1': 49.899, 'R5': 76.295, 'R10': 84.195, 'mAP': 34.336, 'mINP': 8.791, 'lr': 8.9e-05, 'entropy': 0.211386, 'loss': 0.211386}
      TTA Epoch: [4] [   0/1240]  eta: 0:35:57  lr: 0.000087  entropy: 0.1406  loss: 0.1406  time: 1.7397  data: 1.6207  max mem: 11815
      TTA Epoch: [4] [ 100/1240]  eta: 0:01:49  lr: 0.000087  entropy: 0.1017  loss: 0.1017  time: 0.0778  data: 0.0001  max mem: 11815
      TTA Epoch: [4] [ 200/1240]  eta: 0:01:31  lr: 0.000086  entropy: 0.1003  loss: 0.1003  time: 0.0787  data: 0.0001  max mem: 11815
      TTA Epoch: [4] [ 300/1240]  eta: 0:01:22  lr: 0.000086  entropy: 0.2255  loss: 0.2255  time: 0.0821  data: 0.0001  max mem: 11815
      TTA Epoch: [4] [ 400/1240]  eta: 0:01:12  lr: 0.000086  entropy: 0.1291  loss: 0.1291  time: 0.0824  data: 0.0001  max mem: 11815
      TTA Epoch: [4] [ 500/1240]  eta: 0:01:02  lr: 0.000086  entropy: 0.1261  loss: 0.1261  time: 0.0815  data: 0.0001  max mem: 11815
      TTA Epoch: [4] [ 600/1240]  eta: 0:00:53  lr: 0.000085  entropy: 0.1978  loss: 0.1978  time: 0.0803  data: 0.0001  max mem: 11815
      TTA Epoch: [4] [ 700/1240]  eta: 0:00:45  lr: 0.000085  entropy: 0.4484  loss: 0.4484  time: 0.0873  data: 0.0002  max mem: 11815
      TTA Epoch: [4] [ 800/1240]  eta: 0:00:36  lr: 0.000085  entropy: 0.1454  loss: 0.1454  time: 0.0841  data: 0.0001  max mem: 11815
      TTA Epoch: [4] [ 900/1240]  eta: 0:00:28  lr: 0.000084  entropy: 0.1493  loss: 0.1493  time: 0.0819  data: 0.0001  max mem: 11815
      TTA Epoch: [4] [1000/1240]  eta: 0:00:20  lr: 0.000084  entropy: 0.1396  loss: 0.1396  time: 0.0816  data: 0.0001  max mem: 11815
      TTA Epoch: [4] [1100/1240]  eta: 0:00:11  lr: 0.000084  entropy: 0.2898  loss: 0.2898  time: 0.0824  data: 0.0001  max mem: 11815
      TTA Epoch: [4] [1200/1240]  eta: 0:00:03  lr: 0.000084  entropy: 0.2512  loss: 0.2512  time: 0.0814  data: 0.0001  max mem: 11815
      TTA Epoch: [4] [1239/1240]  eta: 0:00:00  lr: 0.000084  entropy: 0.1296  loss: 0.1296  time: 0.0780  data: 0.0001  max mem: 11815
      TTA Epoch: [4] Total time: 0:01:43 (0.0834 s / it)
     Averaged stats: lr: 0.0001  entropy: 0.1964  loss: 0.1964
     itm tta time 0:01:43
     Computing matching score
      ITM Evaluation: [    0/19848]  eta: 0:25:13    time: 0.0762  data: 0.0137  max mem: 11815
      ITM Evaluation: [  100/19848]  eta: 0:19:41    time: 0.0610  data: 0.0000  max mem: 11815
      ITM Evaluation: [  200/19848]  eta: 0:19:48    time: 0.0604  data: 0.0000  max mem: 11815
      ITM Evaluation: [  300/19848]  eta: 0:19:34    time: 0.0585  data: 0.0000  max mem: 11815
      ITM Evaluation: [  400/19848]  eta: 0:19:23    time: 0.0592  data: 0.0000  max mem: 11815
      ITM Evaluation: [  500/19848]  eta: 0:19:19    time: 0.0615  data: 0.0000  max mem: 11815
      ITM Evaluation: [  600/19848]  eta: 0:19:09    time: 0.0586  data: 0.0000  max mem: 11815
      ITM Evaluation: [  700/19848]  eta: 0:19:00    time: 0.0597  data: 0.0000  max mem: 11815
      ITM Evaluation: [  800/19848]  eta: 0:18:54    time: 0.0600  data: 0.0000  max mem: 11815
      ITM Evaluation: [  900/19848]  eta: 0:18:51    time: 0.0598  data: 0.0000  max mem: 11815
      ITM Evaluation: [ 1000/19848]  eta: 0:18:46    time: 0.0618  data: 0.0000  max mem: 11815
      ITM Evaluation: [ 1100/19848]  eta: 0:18:45    time: 0.0625  data: 0.0000  max mem: 11815
      ITM Evaluation: [ 1200/19848]  eta: 0:18:38    time: 0.0587  data: 0.0000  max mem: 11815
      ITM Evaluation: [ 1300/19848]  eta: 0:18:31    time: 0.0592  data: 0.0000  max mem: 11815
      ITM Evaluation: [ 1400/19848]  eta: 0:18:25    time: 0.0593  data: 0.0000  max mem: 11815
      ITM Evaluation: [ 1500/19848]  eta: 0:18:18    time: 0.0604  data: 0.0000  max mem: 11815
      ITM Evaluation: [ 1600/19848]  eta: 0:18:13    time: 0.0607  data: 0.0000  max mem: 11815
      ITM Evaluation: [ 1700/19848]  eta: 0:18:09    time: 0.0630  data: 0.0000  max mem: 11815
      ITM Evaluation: [ 1800/19848]  eta: 0:18:05    time: 0.0612  data: 0.0000  max mem: 11815
      ITM Evaluation: [ 1900/19848]  eta: 0:18:00    time: 0.0605  data: 0.0000  max mem: 11815
      ITM Evaluation: [ 2000/19848]  eta: 0:17:54    time: 0.0600  data: 0.0000  max mem: 11815
      ITM Evaluation: [ 2100/19848]  eta: 0:17:48    time: 0.0605  data: 0.0000  max mem: 11815
      ITM Evaluation: [ 2200/19848]  eta: 0:17:43    time: 0.0602  data: 0.0000  max mem: 11815
      ITM Evaluation: [ 2300/19848]  eta: 0:17:37    time: 0.0623  data: 0.0000  max mem: 11815
      ITM Evaluation: [ 2400/19848]  eta: 0:17:33    time: 0.0639  data: 0.0000  max mem: 11815
      ITM Evaluation: [ 2500/19848]  eta: 0:17:28    time: 0.0623  data: 0.0000  max mem: 11815
      ITM Evaluation: [ 2600/19848]  eta: 0:17:22    time: 0.0621  data: 0.0000  max mem: 11815
      ITM Evaluation: [ 2700/19848]  eta: 0:17:16    time: 0.0589  data: 0.0000  max mem: 11815
      ITM Evaluation: [ 2800/19848]  eta: 0:17:09    time: 0.0598  data: 0.0000  max mem: 11815
      ITM Evaluation: [ 2900/19848]  eta: 0:17:03    time: 0.0594  data: 0.0000  max mem: 11815
      ITM Evaluation: [ 3000/19848]  eta: 0:16:58    time: 0.0616  data: 0.0000  max mem: 11815
      ITM Evaluation: [ 3100/19848]  eta: 0:16:52    time: 0.0619  data: 0.0000  max mem: 11815
      ITM Evaluation: [ 3200/19848]  eta: 0:16:47    time: 0.0622  data: 0.0000  max mem: 11815
      ITM Evaluation: [ 3300/19848]  eta: 0:16:41    time: 0.0606  data: 0.0000  max mem: 11815
      ITM Evaluation: [ 3400/19848]  eta: 0:16:35    time: 0.0599  data: 0.0000  max mem: 11815
      ITM Evaluation: [ 3500/19848]  eta: 0:16:29    time: 0.0594  data: 0.0000  max mem: 11815
      ITM Evaluation: [ 3600/19848]  eta: 0:16:23    time: 0.0623  data: 0.0000  max mem: 11815
      ITM Evaluation: [ 3700/19848]  eta: 0:16:17    time: 0.0604  data: 0.0000  max mem: 11815
      ITM Evaluation: [ 3800/19848]  eta: 0:16:10    time: 0.0589  data: 0.0000  max mem: 11815
      ITM Evaluation: [ 3900/19848]  eta: 0:16:05    time: 0.0623  data: 0.0000  max mem: 11815
      ITM Evaluation: [ 4000/19848]  eta: 0:15:59    time: 0.0591  data: 0.0000  max mem: 11815
      ITM Evaluation: [ 4100/19848]  eta: 0:15:53    time: 0.0611  data: 0.0000  max mem: 11815
      ITM Evaluation: [ 4200/19848]  eta: 0:15:47    time: 0.0612  data: 0.0000  max mem: 11815
      ITM Evaluation: [ 4300/19848]  eta: 0:15:41    time: 0.0598  data: 0.0000  max mem: 11815
      ITM Evaluation: [ 4400/19848]  eta: 0:15:35    time: 0.0597  data: 0.0000  max mem: 11815
      ITM Evaluation: [ 4500/19848]  eta: 0:15:29    time: 0.0609  data: 0.0000  max mem: 11815
      ITM Evaluation: [ 4600/19848]  eta: 0:15:23    time: 0.0632  data: 0.0000  max mem: 11815
      ITM Evaluation: [ 4700/19848]  eta: 0:15:17    time: 0.0590  data: 0.0000  max mem: 11815
      ITM Evaluation: [ 4800/19848]  eta: 0:15:11    time: 0.0593  data: 0.0000  max mem: 11815
      ITM Evaluation: [ 4900/19848]  eta: 0:15:06    time: 0.0641  data: 0.0000  max mem: 11815
      ITM Evaluation: [ 5000/19848]  eta: 0:15:00    time: 0.0606  data: 0.0000  max mem: 11815
      ITM Evaluation: [ 5100/19848]  eta: 0:14:53    time: 0.0599  data: 0.0000  max mem: 11815
      ITM Evaluation: [ 5200/19848]  eta: 0:14:47    time: 0.0609  data: 0.0000  max mem: 11815
      ITM Evaluation: [ 5300/19848]  eta: 0:14:41    time: 0.0617  data: 0.0000  max mem: 11815
      ITM Evaluation: [ 5400/19848]  eta: 0:14:35    time: 0.0600  data: 0.0000  max mem: 11815
      ITM Evaluation: [ 5500/19848]  eta: 0:14:29    time: 0.0632  data: 0.0000  max mem: 11815
      ITM Evaluation: [ 5600/19848]  eta: 0:14:23    time: 0.0613  data: 0.0000  max mem: 11815
      ITM Evaluation: [ 5700/19848]  eta: 0:14:17    time: 0.0612  data: 0.0000  max mem: 11815
      ITM Evaluation: [ 5800/19848]  eta: 0:14:11    time: 0.0577  data: 0.0000  max mem: 11815
      ITM Evaluation: [ 5900/19848]  eta: 0:14:04    time: 0.0587  data: 0.0000  max mem: 11815
      ITM Evaluation: [ 6000/19848]  eta: 0:13:58    time: 0.0603  data: 0.0000  max mem: 11815
      ITM Evaluation: [ 6100/19848]  eta: 0:13:52    time: 0.0628  data: 0.0000  max mem: 11815
      ITM Evaluation: [ 6200/19848]  eta: 0:13:46    time: 0.0583  data: 0.0000  max mem: 11815
      ITM Evaluation: [ 6300/19848]  eta: 0:13:40    time: 0.0591  data: 0.0000  max mem: 11815
      ITM Evaluation: [ 6400/19848]  eta: 0:13:33    time: 0.0586  data: 0.0000  max mem: 11815
      ITM Evaluation: [ 6500/19848]  eta: 0:13:27    time: 0.0597  data: 0.0000  max mem: 11815
      ITM Evaluation: [ 6600/19848]  eta: 0:13:20    time: 0.0569  data: 0.0000  max mem: 11815
      ITM Evaluation: [ 6700/19848]  eta: 0:13:14    time: 0.0594  data: 0.0000  max mem: 11815
      ITM Evaluation: [ 6800/19848]  eta: 0:13:08    time: 0.0615  data: 0.0000  max mem: 11815
      ITM Evaluation: [ 6900/19848]  eta: 0:13:02    time: 0.0600  data: 0.0000  max mem: 11815
      ITM Evaluation: [ 7000/19848]  eta: 0:12:56    time: 0.0594  data: 0.0000  max mem: 11815
      ITM Evaluation: [ 7100/19848]  eta: 0:12:49    time: 0.0600  data: 0.0000  max mem: 11815
      ITM Evaluation: [ 7200/19848]  eta: 0:12:43    time: 0.0589  data: 0.0000  max mem: 11815
      ITM Evaluation: [ 7300/19848]  eta: 0:12:37    time: 0.0584  data: 0.0000  max mem: 11815
      ITM Evaluation: [ 7400/19848]  eta: 0:12:30    time: 0.0619  data: 0.0000  max mem: 11815
      ITM Evaluation: [ 7500/19848]  eta: 0:12:25    time: 0.0606  data: 0.0000  max mem: 11815
      ITM Evaluation: [ 7600/19848]  eta: 0:12:18    time: 0.0599  data: 0.0000  max mem: 11815
      ITM Evaluation: [ 7700/19848]  eta: 0:12:12    time: 0.0603  data: 0.0000  max mem: 11815
      ITM Evaluation: [ 7800/19848]  eta: 0:12:06    time: 0.0586  data: 0.0000  max mem: 11815
      ITM Evaluation: [ 7900/19848]  eta: 0:12:00    time: 0.0582  data: 0.0000  max mem: 11815
      ITM Evaluation: [ 8000/19848]  eta: 0:11:54    time: 0.0602  data: 0.0000  max mem: 11815
      ITM Evaluation: [ 8100/19848]  eta: 0:11:48    time: 0.0607  data: 0.0000  max mem: 11815
      ITM Evaluation: [ 8200/19848]  eta: 0:11:42    time: 0.0610  data: 0.0000  max mem: 11815
      ITM Evaluation: [ 8300/19848]  eta: 0:11:35    time: 0.0589  data: 0.0000  max mem: 11815
      ITM Evaluation: [ 8400/19848]  eta: 0:11:29    time: 0.0595  data: 0.0000  max mem: 11815
      ITM Evaluation: [ 8500/19848]  eta: 0:11:23    time: 0.0586  data: 0.0000  max mem: 11815
      ITM Evaluation: [ 8600/19848]  eta: 0:11:17    time: 0.0583  data: 0.0000  max mem: 11815
      ITM Evaluation: [ 8700/19848]  eta: 0:11:11    time: 0.0602  data: 0.0000  max mem: 11815
      ITM Evaluation: [ 8800/19848]  eta: 0:11:05    time: 0.0582  data: 0.0000  max mem: 11815
      ITM Evaluation: [ 8900/19848]  eta: 0:10:59    time: 0.0608  data: 0.0000  max mem: 11815
      ITM Evaluation: [ 9000/19848]  eta: 0:10:53    time: 0.0593  data: 0.0000  max mem: 11815
      ITM Evaluation: [ 9100/19848]  eta: 0:10:46    time: 0.0585  data: 0.0000  max mem: 11815
      ITM Evaluation: [ 9200/19848]  eta: 0:10:40    time: 0.0585  data: 0.0000  max mem: 11815
      ITM Evaluation: [ 9300/19848]  eta: 0:10:34    time: 0.0601  data: 0.0000  max mem: 11815
      ITM Evaluation: [ 9400/19848]  eta: 0:10:28    time: 0.0599  data: 0.0000  max mem: 11815
      ITM Evaluation: [ 9500/19848]  eta: 0:10:22    time: 0.0583  data: 0.0000  max mem: 11815
      ITM Evaluation: [ 9600/19848]  eta: 0:10:16    time: 0.0599  data: 0.0000  max mem: 11815
      ITM Evaluation: [ 9700/19848]  eta: 0:10:10    time: 0.0601  data: 0.0000  max mem: 11815
      ITM Evaluation: [ 9800/19848]  eta: 0:10:04    time: 0.0583  data: 0.0000  max mem: 11815
      ITM Evaluation: [ 9900/19848]  eta: 0:09:58    time: 0.0588  data: 0.0000  max mem: 11815
      ITM Evaluation: [10000/19848]  eta: 0:09:52    time: 0.0600  data: 0.0000  max mem: 11815
      ITM Evaluation: [10100/19848]  eta: 0:09:46    time: 0.0592  data: 0.0000  max mem: 11815
      ITM Evaluation: [10200/19848]  eta: 0:09:39    time: 0.0575  data: 0.0000  max mem: 11815
      ITM Evaluation: [10300/19848]  eta: 0:09:33    time: 0.0602  data: 0.0000  max mem: 11815
      ITM Evaluation: [10400/19848]  eta: 0:09:27    time: 0.0603  data: 0.0000  max mem: 11815
      ITM Evaluation: [10500/19848]  eta: 0:09:21    time: 0.0568  data: 0.0000  max mem: 11815
      ITM Evaluation: [10600/19848]  eta: 0:09:15    time: 0.0612  data: 0.0000  max mem: 11815
      ITM Evaluation: [10700/19848]  eta: 0:09:09    time: 0.0590  data: 0.0000  max mem: 11815
      ITM Evaluation: [10800/19848]  eta: 0:09:03    time: 0.0586  data: 0.0000  max mem: 11815
      ITM Evaluation: [10900/19848]  eta: 0:08:57    time: 0.0603  data: 0.0000  max mem: 11815
      ITM Evaluation: [11000/19848]  eta: 0:08:51    time: 0.0604  data: 0.0000  max mem: 11815
      ITM Evaluation: [11100/19848]  eta: 0:08:45    time: 0.0606  data: 0.0000  max mem: 11815
      ITM Evaluation: [11200/19848]  eta: 0:08:39    time: 0.0621  data: 0.0000  max mem: 11815
      ITM Evaluation: [11300/19848]  eta: 0:08:33    time: 0.0594  data: 0.0000  max mem: 11815
      ITM Evaluation: [11400/19848]  eta: 0:08:27    time: 0.0603  data: 0.0000  max mem: 11815
      ITM Evaluation: [11500/19848]  eta: 0:08:21    time: 0.0602  data: 0.0000  max mem: 11815
      ITM Evaluation: [11600/19848]  eta: 0:08:15    time: 0.0594  data: 0.0000  max mem: 11815
      ITM Evaluation: [11700/19848]  eta: 0:08:09    time: 0.0606  data: 0.0000  max mem: 11815
      ITM Evaluation: [11800/19848]  eta: 0:08:03    time: 0.0606  data: 0.0000  max mem: 11815
      ITM Evaluation: [11900/19848]  eta: 0:07:57    time: 0.0589  data: 0.0000  max mem: 11815
      ITM Evaluation: [12000/19848]  eta: 0:07:51    time: 0.0603  data: 0.0000  max mem: 11815
      ITM Evaluation: [12100/19848]  eta: 0:07:45    time: 0.0613  data: 0.0000  max mem: 11815
      ITM Evaluation: [12200/19848]  eta: 0:07:39    time: 0.0594  data: 0.0000  max mem: 11815
      ITM Evaluation: [12300/19848]  eta: 0:07:33    time: 0.0595  data: 0.0000  max mem: 11815
      ITM Evaluation: [12400/19848]  eta: 0:07:26    time: 0.0589  data: 0.0000  max mem: 11815
      ITM Evaluation: [12500/19848]  eta: 0:07:21    time: 0.0592  data: 0.0000  max mem: 11815
      ITM Evaluation: [12600/19848]  eta: 0:07:15    time: 0.0585  data: 0.0000  max mem: 11815
      ITM Evaluation: [12700/19848]  eta: 0:07:09    time: 0.0578  data: 0.0000  max mem: 11815
      ITM Evaluation: [12800/19848]  eta: 0:07:02    time: 0.0585  data: 0.0000  max mem: 11815
      ITM Evaluation: [12900/19848]  eta: 0:06:56    time: 0.0587  data: 0.0000  max mem: 11815
      ITM Evaluation: [13000/19848]  eta: 0:06:50    time: 0.0587  data: 0.0000  max mem: 11815
      ITM Evaluation: [13100/19848]  eta: 0:06:44    time: 0.0601  data: 0.0000  max mem: 11815
      ITM Evaluation: [13200/19848]  eta: 0:06:38    time: 0.0604  data: 0.0000  max mem: 11815
      ITM Evaluation: [13300/19848]  eta: 0:06:32    time: 0.0589  data: 0.0000  max mem: 11815
      ITM Evaluation: [13400/19848]  eta: 0:06:26    time: 0.0587  data: 0.0000  max mem: 11815
      ITM Evaluation: [13500/19848]  eta: 0:06:20    time: 0.0585  data: 0.0000  max mem: 11815
      ITM Evaluation: [13600/19848]  eta: 0:06:14    time: 0.0599  data: 0.0000  max mem: 11815
      ITM Evaluation: [13700/19848]  eta: 0:06:08    time: 0.0592  data: 0.0000  max mem: 11815
      ITM Evaluation: [13800/19848]  eta: 0:06:02    time: 0.0603  data: 0.0000  max mem: 11815
      ITM Evaluation: [13900/19848]  eta: 0:05:56    time: 0.0600  data: 0.0000  max mem: 11815
      ITM Evaluation: [14000/19848]  eta: 0:05:50    time: 0.0597  data: 0.0000  max mem: 11815
      ITM Evaluation: [14100/19848]  eta: 0:05:44    time: 0.0592  data: 0.0000  max mem: 11815
      ITM Evaluation: [14200/19848]  eta: 0:05:38    time: 0.0588  data: 0.0000  max mem: 11815
      ITM Evaluation: [14300/19848]  eta: 0:05:32    time: 0.0598  data: 0.0000  max mem: 11815
      ITM Evaluation: [14400/19848]  eta: 0:05:26    time: 0.0620  data: 0.0000  max mem: 11815
      ITM Evaluation: [14500/19848]  eta: 0:05:20    time: 0.0571  data: 0.0000  max mem: 11815
      ITM Evaluation: [14600/19848]  eta: 0:05:14    time: 0.0597  data: 0.0000  max mem: 11815
      ITM Evaluation: [14700/19848]  eta: 0:05:08    time: 0.0591  data: 0.0000  max mem: 11815
      ITM Evaluation: [14800/19848]  eta: 0:05:02    time: 0.0592  data: 0.0000  max mem: 11815
      ITM Evaluation: [14900/19848]  eta: 0:04:56    time: 0.0596  data: 0.0000  max mem: 11815
      ITM Evaluation: [15000/19848]  eta: 0:04:50    time: 0.0610  data: 0.0000  max mem: 11815
      ITM Evaluation: [15100/19848]  eta: 0:04:44    time: 0.0594  data: 0.0000  max mem: 11815
      ITM Evaluation: [15200/19848]  eta: 0:04:38    time: 0.0591  data: 0.0000  max mem: 11815
      ITM Evaluation: [15300/19848]  eta: 0:04:32    time: 0.0597  data: 0.0000  max mem: 11815
      ITM Evaluation: [15400/19848]  eta: 0:04:26    time: 0.0612  data: 0.0000  max mem: 11815
      ITM Evaluation: [15500/19848]  eta: 0:04:20    time: 0.0631  data: 0.0000  max mem: 11815
      ITM Evaluation: [15600/19848]  eta: 0:04:14    time: 0.0598  data: 0.0000  max mem: 11815
      ITM Evaluation: [15700/19848]  eta: 0:04:08    time: 0.0593  data: 0.0000  max mem: 11815
      ITM Evaluation: [15800/19848]  eta: 0:04:02    time: 0.0593  data: 0.0000  max mem: 11815
      ITM Evaluation: [15900/19848]  eta: 0:03:56    time: 0.0595  data: 0.0000  max mem: 11815
      ITM Evaluation: [16000/19848]  eta: 0:03:50    time: 0.0590  data: 0.0000  max mem: 11815
      ITM Evaluation: [16100/19848]  eta: 0:03:44    time: 0.0583  data: 0.0000  max mem: 11815
      ITM Evaluation: [16200/19848]  eta: 0:03:38    time: 0.0598  data: 0.0000  max mem: 11815
      ITM Evaluation: [16300/19848]  eta: 0:03:32    time: 0.0617  data: 0.0000  max mem: 11815
      ITM Evaluation: [16400/19848]  eta: 0:03:26    time: 0.0591  data: 0.0000  max mem: 11815
      ITM Evaluation: [16500/19848]  eta: 0:03:20    time: 0.0580  data: 0.0000  max mem: 11815
      ITM Evaluation: [16600/19848]  eta: 0:03:14    time: 0.0586  data: 0.0000  max mem: 11815
      ITM Evaluation: [16700/19848]  eta: 0:03:08    time: 0.0606  data: 0.0000  max mem: 11815
      ITM Evaluation: [16800/19848]  eta: 0:03:02    time: 0.0586  data: 0.0000  max mem: 11815
      ITM Evaluation: [16900/19848]  eta: 0:02:56    time: 0.0619  data: 0.0000  max mem: 11815
      ITM Evaluation: [17000/19848]  eta: 0:02:50    time: 0.0619  data: 0.0000  max mem: 11815
      ITM Evaluation: [17100/19848]  eta: 0:02:44    time: 0.0585  data: 0.0000  max mem: 11815
      ITM Evaluation: [17200/19848]  eta: 0:02:38    time: 0.0610  data: 0.0000  max mem: 11815
      ITM Evaluation: [17300/19848]  eta: 0:02:32    time: 0.0576  data: 0.0000  max mem: 11815
      ITM Evaluation: [17400/19848]  eta: 0:02:26    time: 0.0588  data: 0.0000  max mem: 11815
      ITM Evaluation: [17500/19848]  eta: 0:02:20    time: 0.0651  data: 0.0000  max mem: 11815
      ITM Evaluation: [17600/19848]  eta: 0:02:14    time: 0.0600  data: 0.0000  max mem: 11815
      ITM Evaluation: [17700/19848]  eta: 0:02:08    time: 0.0599  data: 0.0000  max mem: 11815
      ITM Evaluation: [17800/19848]  eta: 0:02:02    time: 0.0619  data: 0.0000  max mem: 11815
      ITM Evaluation: [17900/19848]  eta: 0:01:56    time: 0.0588  data: 0.0000  max mem: 11815
      ITM Evaluation: [18000/19848]  eta: 0:01:50    time: 0.0598  data: 0.0000  max mem: 11815
      ITM Evaluation: [18100/19848]  eta: 0:01:44    time: 0.0601  data: 0.0000  max mem: 11815
      ITM Evaluation: [18200/19848]  eta: 0:01:38    time: 0.0624  data: 0.0000  max mem: 11815
      ITM Evaluation: [18300/19848]  eta: 0:01:32    time: 0.0608  data: 0.0000  max mem: 11815
      ITM Evaluation: [18400/19848]  eta: 0:01:26    time: 0.0609  data: 0.0000  max mem: 11815
      ITM Evaluation: [18500/19848]  eta: 0:01:20    time: 0.0615  data: 0.0000  max mem: 11815
      ITM Evaluation: [18600/19848]  eta: 0:01:14    time: 0.0570  data: 0.0000  max mem: 11815
      ITM Evaluation: [18700/19848]  eta: 0:01:08    time: 0.0593  data: 0.0000  max mem: 11815
      ITM Evaluation: [18800/19848]  eta: 0:01:02    time: 0.0595  data: 0.0000  max mem: 11815
      ITM Evaluation: [18900/19848]  eta: 0:00:56    time: 0.0590  data: 0.0000  max mem: 11815
      ITM Evaluation: [19000/19848]  eta: 0:00:50    time: 0.0601  data: 0.0000  max mem: 11815
      ITM Evaluation: [19100/19848]  eta: 0:00:44    time: 0.0616  data: 0.0000  max mem: 11815
      ITM Evaluation: [19200/19848]  eta: 0:00:38    time: 0.0608  data: 0.0000  max mem: 11815
      ITM Evaluation: [19300/19848]  eta: 0:00:32    time: 0.0584  data: 0.0000  max mem: 11815
      ITM Evaluation: [19400/19848]  eta: 0:00:26    time: 0.0591  data: 0.0000  max mem: 11815
      ITM Evaluation: [19500/19848]  eta: 0:00:20    time: 0.0615  data: 0.0000  max mem: 11815
      ITM Evaluation: [19600/19848]  eta: 0:00:14    time: 0.0602  data: 0.0000  max mem: 11815
      ITM Evaluation: [19700/19848]  eta: 0:00:08    time: 0.0612  data: 0.0000  max mem: 11815
      ITM Evaluation: [19800/19848]  eta: 0:00:02    time: 0.0605  data: 0.0000  max mem: 11815
      ITM Evaluation: [19847/19848]  eta: 0:00:00    time: 0.0610  data: 0.0000  max mem: 11815
      ITM Evaluation: Total time: 0:19:49 (0.0599 s / it)
     total_time 1191.000634431839
     Computing matching score time 0:19:51
### TTA ITM Score: 
+-------+--------+--------+--------+--------+--------+
| epoch |   R1   |   R5   |  R10   |  mAP   |  mINP  |
+-------+--------+--------+--------+--------+--------+
|  -999 | 63.014 | 79.484 | 85.041 | 40.411 | 10.184 |
|  -999 | 68.183 | 82.885 | 87.500 | 40.507 | 9.104  |
|   0   | 51.194 | 76.340 | 83.918 | 34.260 | 8.543  |
|   1   | 49.924 | 75.731 | 83.706 | 33.600 | 8.701  |
|   2   | 50.872 | 76.511 | 84.129 | 34.339 | 8.722  |
|   3   | 49.899 | 76.295 | 84.195 | 34.336 | 8.791  |
|   4   | 51.648 | 77.106 | 84.553 | 34.580 | 8.802  |
+-------+--------+--------+--------+--------+--------+
     logs:  {'epo': 4, 'R1': 51.648, 'R5': 77.106, 'R10': 84.553, 'mAP': 34.58, 'mINP': 8.802, 'lr': 8.5e-05, 'entropy': 0.196422, 'loss': 0.196422}
      TTA Epoch: [5] [   0/1240]  eta: 0:36:29  lr: 0.000084  entropy: 0.2076  loss: 0.2076  time: 1.7661  data: 1.6758  max mem: 11815
      TTA Epoch: [5] [ 100/1240]  eta: 0:01:48  lr: 0.000083  entropy: 0.1617  loss: 0.1617  time: 0.0853  data: 0.0002  max mem: 11815
      TTA Epoch: [5] [ 200/1240]  eta: 0:01:31  lr: 0.000083  entropy: 0.1605  loss: 0.1605  time: 0.0813  data: 0.0001  max mem: 11815
      TTA Epoch: [5] [ 300/1240]  eta: 0:01:20  lr: 0.000083  entropy: 0.2185  loss: 0.2185  time: 0.0833  data: 0.0001  max mem: 11815
      TTA Epoch: [5] [ 400/1240]  eta: 0:01:12  lr: 0.000083  entropy: 0.2901  loss: 0.2901  time: 0.0917  data: 0.0002  max mem: 11815
      TTA Epoch: [5] [ 500/1240]  eta: 0:01:02  lr: 0.000082  entropy: 0.2325  loss: 0.2325  time: 0.0809  data: 0.0001  max mem: 11815
      TTA Epoch: [5] [ 600/1240]  eta: 0:00:53  lr: 0.000082  entropy: 0.0926  loss: 0.0926  time: 0.0813  data: 0.0001  max mem: 11815
      TTA Epoch: [5] [ 700/1240]  eta: 0:00:45  lr: 0.000082  entropy: 0.4121  loss: 0.4121  time: 0.0810  data: 0.0001  max mem: 11815
      TTA Epoch: [5] [ 800/1240]  eta: 0:00:36  lr: 0.000081  entropy: 0.1998  loss: 0.1998  time: 0.0799  data: 0.0001  max mem: 11815
      TTA Epoch: [5] [ 900/1240]  eta: 0:00:28  lr: 0.000081  entropy: 0.2063  loss: 0.2063  time: 0.0838  data: 0.0001  max mem: 11815
      TTA Epoch: [5] [1000/1240]  eta: 0:00:20  lr: 0.000081  entropy: 0.1507  loss: 0.1507  time: 0.0817  data: 0.0001  max mem: 11815
      TTA Epoch: [5] [1100/1240]  eta: 0:00:11  lr: 0.000081  entropy: 0.1202  loss: 0.1202  time: 0.0834  data: 0.0001  max mem: 11815
      TTA Epoch: [5] [1200/1240]  eta: 0:00:03  lr: 0.000080  entropy: 0.4115  loss: 0.4115  time: 0.0812  data: 0.0001  max mem: 11815
      TTA Epoch: [5] [1239/1240]  eta: 0:00:00  lr: 0.000080  entropy: 0.1463  loss: 0.1463  time: 0.0788  data: 0.0001  max mem: 11815
      TTA Epoch: [5] Total time: 0:01:43 (0.0834 s / it)
     Averaged stats: lr: 0.0001  entropy: 0.1855  loss: 0.1855
     itm tta time 0:01:43
     Computing matching score
      ITM Evaluation: [    0/19848]  eta: 0:26:48    time: 0.0810  data: 0.0132  max mem: 11815
      ITM Evaluation: [  100/19848]  eta: 0:19:55    time: 0.0611  data: 0.0000  max mem: 11815
      ITM Evaluation: [  200/19848]  eta: 0:20:05    time: 0.0617  data: 0.0000  max mem: 11815
      ITM Evaluation: [  300/19848]  eta: 0:19:54    time: 0.0600  data: 0.0000  max mem: 11815
      ITM Evaluation: [  400/19848]  eta: 0:19:38    time: 0.0587  data: 0.0000  max mem: 11815
      ITM Evaluation: [  500/19848]  eta: 0:19:33    time: 0.0611  data: 0.0000  max mem: 11815
      ITM Evaluation: [  600/19848]  eta: 0:19:25    time: 0.0592  data: 0.0000  max mem: 11815
      ITM Evaluation: [  700/19848]  eta: 0:19:16    time: 0.0590  data: 0.0000  max mem: 11815
      ITM Evaluation: [  800/19848]  eta: 0:19:11    time: 0.0631  data: 0.0000  max mem: 11815
      ITM Evaluation: [  900/19848]  eta: 0:19:08    time: 0.0609  data: 0.0000  max mem: 11815
      ITM Evaluation: [ 1000/19848]  eta: 0:19:01    time: 0.0600  data: 0.0000  max mem: 11815
      ITM Evaluation: [ 1100/19848]  eta: 0:18:56    time: 0.0635  data: 0.0000  max mem: 11815
      ITM Evaluation: [ 1200/19848]  eta: 0:18:52    time: 0.0602  data: 0.0000  max mem: 11815
      ITM Evaluation: [ 1300/19848]  eta: 0:18:45    time: 0.0596  data: 0.0000  max mem: 11815
      ITM Evaluation: [ 1400/19848]  eta: 0:18:38    time: 0.0604  data: 0.0000  max mem: 11815
      ITM Evaluation: [ 1500/19848]  eta: 0:18:31    time: 0.0614  data: 0.0000  max mem: 11815
      ITM Evaluation: [ 1600/19848]  eta: 0:18:27    time: 0.0610  data: 0.0000  max mem: 11815
      ITM Evaluation: [ 1700/19848]  eta: 0:18:20    time: 0.0604  data: 0.0000  max mem: 11815
      ITM Evaluation: [ 1800/19848]  eta: 0:18:15    time: 0.0593  data: 0.0000  max mem: 11815
      ITM Evaluation: [ 1900/19848]  eta: 0:18:08    time: 0.0585  data: 0.0000  max mem: 11815
      ITM Evaluation: [ 2000/19848]  eta: 0:18:01    time: 0.0605  data: 0.0000  max mem: 11815
      ITM Evaluation: [ 2100/19848]  eta: 0:17:56    time: 0.0631  data: 0.0000  max mem: 11815
      ITM Evaluation: [ 2200/19848]  eta: 0:17:49    time: 0.0611  data: 0.0000  max mem: 11815
      ITM Evaluation: [ 2300/19848]  eta: 0:17:44    time: 0.0632  data: 0.0000  max mem: 11815
      ITM Evaluation: [ 2400/19848]  eta: 0:17:38    time: 0.0586  data: 0.0000  max mem: 11815
      ITM Evaluation: [ 2500/19848]  eta: 0:17:31    time: 0.0592  data: 0.0000  max mem: 11815
      ITM Evaluation: [ 2600/19848]  eta: 0:17:24    time: 0.0603  data: 0.0000  max mem: 11815
      ITM Evaluation: [ 2700/19848]  eta: 0:17:18    time: 0.0595  data: 0.0000  max mem: 11815
      ITM Evaluation: [ 2800/19848]  eta: 0:17:11    time: 0.0592  data: 0.0000  max mem: 11815
      ITM Evaluation: [ 2900/19848]  eta: 0:17:05    time: 0.0623  data: 0.0000  max mem: 11815
      ITM Evaluation: [ 3000/19848]  eta: 0:17:00    time: 0.0611  data: 0.0000  max mem: 11815
      ITM Evaluation: [ 3100/19848]  eta: 0:16:54    time: 0.0614  data: 0.0000  max mem: 11815
      ITM Evaluation: [ 3200/19848]  eta: 0:16:48    time: 0.0606  data: 0.0000  max mem: 11815
      ITM Evaluation: [ 3300/19848]  eta: 0:16:42    time: 0.0599  data: 0.0000  max mem: 11815
      ITM Evaluation: [ 3400/19848]  eta: 0:16:35    time: 0.0606  data: 0.0000  max mem: 11815
      ITM Evaluation: [ 3500/19848]  eta: 0:16:29    time: 0.0590  data: 0.0000  max mem: 11815
      ITM Evaluation: [ 3600/19848]  eta: 0:16:23    time: 0.0565  data: 0.0000  max mem: 11815
      ITM Evaluation: [ 3700/19848]  eta: 0:16:17    time: 0.0604  data: 0.0000  max mem: 11815
      ITM Evaluation: [ 3800/19848]  eta: 0:16:11    time: 0.0604  data: 0.0000  max mem: 11815
      ITM Evaluation: [ 3900/19848]  eta: 0:16:04    time: 0.0596  data: 0.0000  max mem: 11815
      ITM Evaluation: [ 4000/19848]  eta: 0:15:58    time: 0.0596  data: 0.0000  max mem: 11815
      ITM Evaluation: [ 4100/19848]  eta: 0:15:52    time: 0.0621  data: 0.0000  max mem: 11815
      ITM Evaluation: [ 4200/19848]  eta: 0:15:46    time: 0.0609  data: 0.0000  max mem: 11815
      ITM Evaluation: [ 4300/19848]  eta: 0:15:40    time: 0.0607  data: 0.0000  max mem: 11815
      ITM Evaluation: [ 4400/19848]  eta: 0:15:34    time: 0.0601  data: 0.0000  max mem: 11815
      ITM Evaluation: [ 4500/19848]  eta: 0:15:28    time: 0.0593  data: 0.0000  max mem: 11815
      ITM Evaluation: [ 4600/19848]  eta: 0:15:22    time: 0.0596  data: 0.0000  max mem: 11815
      ITM Evaluation: [ 4700/19848]  eta: 0:15:15    time: 0.0597  data: 0.0000  max mem: 11815
      ITM Evaluation: [ 4800/19848]  eta: 0:15:09    time: 0.0632  data: 0.0000  max mem: 11815
      ITM Evaluation: [ 4900/19848]  eta: 0:15:03    time: 0.0596  data: 0.0000  max mem: 11815
      ITM Evaluation: [ 5000/19848]  eta: 0:14:57    time: 0.0607  data: 0.0000  max mem: 11815
      ITM Evaluation: [ 5100/19848]  eta: 0:14:51    time: 0.0599  data: 0.0000  max mem: 11815
      ITM Evaluation: [ 5200/19848]  eta: 0:14:45    time: 0.0599  data: 0.0000  max mem: 11815
      ITM Evaluation: [ 5300/19848]  eta: 0:14:39    time: 0.0596  data: 0.0000  max mem: 11815
      ITM Evaluation: [ 5400/19848]  eta: 0:14:32    time: 0.0589  data: 0.0000  max mem: 11815
      ITM Evaluation: [ 5500/19848]  eta: 0:14:26    time: 0.0586  data: 0.0000  max mem: 11815
      ITM Evaluation: [ 5600/19848]  eta: 0:14:20    time: 0.0600  data: 0.0000  max mem: 11815
      ITM Evaluation: [ 5700/19848]  eta: 0:14:14    time: 0.0591  data: 0.0000  max mem: 11815
      ITM Evaluation: [ 5800/19848]  eta: 0:14:07    time: 0.0614  data: 0.0000  max mem: 11815
      ITM Evaluation: [ 5900/19848]  eta: 0:14:01    time: 0.0602  data: 0.0000  max mem: 11815
      ITM Evaluation: [ 6000/19848]  eta: 0:13:55    time: 0.0615  data: 0.0000  max mem: 11815
      ITM Evaluation: [ 6100/19848]  eta: 0:13:49    time: 0.0601  data: 0.0000  max mem: 11815
      ITM Evaluation: [ 6200/19848]  eta: 0:13:43    time: 0.0604  data: 0.0000  max mem: 11815
      ITM Evaluation: [ 6300/19848]  eta: 0:13:37    time: 0.0592  data: 0.0000  max mem: 11815
      ITM Evaluation: [ 6400/19848]  eta: 0:13:31    time: 0.0607  data: 0.0000  max mem: 11815
      ITM Evaluation: [ 6500/19848]  eta: 0:13:25    time: 0.0620  data: 0.0000  max mem: 11815
      ITM Evaluation: [ 6600/19848]  eta: 0:13:19    time: 0.0637  data: 0.0000  max mem: 11815
      ITM Evaluation: [ 6700/19848]  eta: 0:13:14    time: 0.0595  data: 0.0000  max mem: 11815
      ITM Evaluation: [ 6800/19848]  eta: 0:13:08    time: 0.0598  data: 0.0000  max mem: 11815
      ITM Evaluation: [ 6900/19848]  eta: 0:13:02    time: 0.0610  data: 0.0000  max mem: 11815
      ITM Evaluation: [ 7000/19848]  eta: 0:12:55    time: 0.0594  data: 0.0000  max mem: 11815
      ITM Evaluation: [ 7100/19848]  eta: 0:12:49    time: 0.0599  data: 0.0000  max mem: 11815
      ITM Evaluation: [ 7200/19848]  eta: 0:12:43    time: 0.0588  data: 0.0000  max mem: 11815
      ITM Evaluation: [ 7300/19848]  eta: 0:12:38    time: 0.0609  data: 0.0000  max mem: 11815
      ITM Evaluation: [ 7400/19848]  eta: 0:12:32    time: 0.0598  data: 0.0000  max mem: 11815
      ITM Evaluation: [ 7500/19848]  eta: 0:12:25    time: 0.0601  data: 0.0000  max mem: 11815
      ITM Evaluation: [ 7600/19848]  eta: 0:12:19    time: 0.0568  data: 0.0000  max mem: 11815
      ITM Evaluation: [ 7700/19848]  eta: 0:12:13    time: 0.0586  data: 0.0000  max mem: 11815
      ITM Evaluation: [ 7800/19848]  eta: 0:12:06    time: 0.0594  data: 0.0000  max mem: 11815
      ITM Evaluation: [ 7900/19848]  eta: 0:12:00    time: 0.0585  data: 0.0000  max mem: 11815
      ITM Evaluation: [ 8000/19848]  eta: 0:11:54    time: 0.0618  data: 0.0000  max mem: 11815
      ITM Evaluation: [ 8100/19848]  eta: 0:11:49    time: 0.0590  data: 0.0000  max mem: 11815
      ITM Evaluation: [ 8200/19848]  eta: 0:11:42    time: 0.0590  data: 0.0000  max mem: 11815
      ITM Evaluation: [ 8300/19848]  eta: 0:11:36    time: 0.0589  data: 0.0000  max mem: 11815
      ITM Evaluation: [ 8400/19848]  eta: 0:11:30    time: 0.0599  data: 0.0000  max mem: 11815
      ITM Evaluation: [ 8500/19848]  eta: 0:11:24    time: 0.0616  data: 0.0000  max mem: 11815
      ITM Evaluation: [ 8600/19848]  eta: 0:11:18    time: 0.0592  data: 0.0000  max mem: 11815
      ITM Evaluation: [ 8700/19848]  eta: 0:11:12    time: 0.0620  data: 0.0000  max mem: 11815
      ITM Evaluation: [ 8800/19848]  eta: 0:11:06    time: 0.0620  data: 0.0000  max mem: 11815
      ITM Evaluation: [ 8900/19848]  eta: 0:11:00    time: 0.0604  data: 0.0000  max mem: 11815
      ITM Evaluation: [ 9000/19848]  eta: 0:10:54    time: 0.0601  data: 0.0000  max mem: 11815
      ITM Evaluation: [ 9100/19848]  eta: 0:10:48    time: 0.0613  data: 0.0000  max mem: 11815
      ITM Evaluation: [ 9200/19848]  eta: 0:10:42    time: 0.0598  data: 0.0000  max mem: 11815
      ITM Evaluation: [ 9300/19848]  eta: 0:10:36    time: 0.0591  data: 0.0000  max mem: 11815
      ITM Evaluation: [ 9400/19848]  eta: 0:10:30    time: 0.0618  data: 0.0000  max mem: 11815
      ITM Evaluation: [ 9500/19848]  eta: 0:10:24    time: 0.0614  data: 0.0000  max mem: 11815
      ITM Evaluation: [ 9600/19848]  eta: 0:10:18    time: 0.0593  data: 0.0000  max mem: 11815
      ITM Evaluation: [ 9700/19848]  eta: 0:10:12    time: 0.0621  data: 0.0000  max mem: 11815
      ITM Evaluation: [ 9800/19848]  eta: 0:10:06    time: 0.0600  data: 0.0000  max mem: 11815
      ITM Evaluation: [ 9900/19848]  eta: 0:10:00    time: 0.0603  data: 0.0000  max mem: 11815
      ITM Evaluation: [10000/19848]  eta: 0:09:54    time: 0.0598  data: 0.0000  max mem: 11815
      ITM Evaluation: [10100/19848]  eta: 0:09:48    time: 0.0610  data: 0.0000  max mem: 11815
      ITM Evaluation: [10200/19848]  eta: 0:09:42    time: 0.0618  data: 0.0000  max mem: 11815
      ITM Evaluation: [10300/19848]  eta: 0:09:36    time: 0.0589  data: 0.0000  max mem: 11815
      ITM Evaluation: [10400/19848]  eta: 0:09:30    time: 0.0596  data: 0.0000  max mem: 11815
      ITM Evaluation: [10500/19848]  eta: 0:09:24    time: 0.0594  data: 0.0000  max mem: 11815
      ITM Evaluation: [10600/19848]  eta: 0:09:18    time: 0.0595  data: 0.0000  max mem: 11815
      ITM Evaluation: [10700/19848]  eta: 0:09:12    time: 0.0586  data: 0.0000  max mem: 11815
      ITM Evaluation: [10800/19848]  eta: 0:09:06    time: 0.0589  data: 0.0000  max mem: 11815
      ITM Evaluation: [10900/19848]  eta: 0:09:00    time: 0.0622  data: 0.0000  max mem: 11815
      ITM Evaluation: [11000/19848]  eta: 0:08:54    time: 0.0623  data: 0.0000  max mem: 11815
      ITM Evaluation: [11100/19848]  eta: 0:08:48    time: 0.0611  data: 0.0000  max mem: 11815
      ITM Evaluation: [11200/19848]  eta: 0:08:42    time: 0.0596  data: 0.0000  max mem: 11815
      ITM Evaluation: [11300/19848]  eta: 0:08:36    time: 0.0592  data: 0.0000  max mem: 11815
      ITM Evaluation: [11400/19848]  eta: 0:08:30    time: 0.0590  data: 0.0000  max mem: 11815
      ITM Evaluation: [11500/19848]  eta: 0:08:23    time: 0.0592  data: 0.0000  max mem: 11815
      ITM Evaluation: [11600/19848]  eta: 0:08:18    time: 0.0644  data: 0.0000  max mem: 11815
      ITM Evaluation: [11700/19848]  eta: 0:08:12    time: 0.0570  data: 0.0000  max mem: 11815
      ITM Evaluation: [11800/19848]  eta: 0:08:06    time: 0.0602  data: 0.0000  max mem: 11815
      ITM Evaluation: [11900/19848]  eta: 0:08:00    time: 0.0600  data: 0.0000  max mem: 11815
      ITM Evaluation: [12000/19848]  eta: 0:07:53    time: 0.0600  data: 0.0000  max mem: 11815
      ITM Evaluation: [12100/19848]  eta: 0:07:47    time: 0.0611  data: 0.0000  max mem: 11815
      ITM Evaluation: [12200/19848]  eta: 0:07:41    time: 0.0607  data: 0.0000  max mem: 11815
      ITM Evaluation: [12300/19848]  eta: 0:07:36    time: 0.0648  data: 0.0000  max mem: 11815
      ITM Evaluation: [12400/19848]  eta: 0:07:30    time: 0.0604  data: 0.0000  max mem: 11815
      ITM Evaluation: [12500/19848]  eta: 0:07:24    time: 0.0602  data: 0.0000  max mem: 11815
      ITM Evaluation: [12600/19848]  eta: 0:07:18    time: 0.0608  data: 0.0000  max mem: 11815
      ITM Evaluation: [12700/19848]  eta: 0:07:12    time: 0.0608  data: 0.0000  max mem: 11815
      ITM Evaluation: [12800/19848]  eta: 0:07:06    time: 0.0612  data: 0.0000  max mem: 11815
      ITM Evaluation: [12900/19848]  eta: 0:07:00    time: 0.0641  data: 0.0000  max mem: 11815
      ITM Evaluation: [13000/19848]  eta: 0:06:54    time: 0.0639  data: 0.0000  max mem: 11815
      ITM Evaluation: [13100/19848]  eta: 0:06:48    time: 0.0608  data: 0.0000  max mem: 11815
      ITM Evaluation: [13200/19848]  eta: 0:06:42    time: 0.0611  data: 0.0000  max mem: 11815
      ITM Evaluation: [13300/19848]  eta: 0:06:36    time: 0.0600  data: 0.0000  max mem: 11815
      ITM Evaluation: [13400/19848]  eta: 0:06:30    time: 0.0604  data: 0.0000  max mem: 11815
      ITM Evaluation: [13500/19848]  eta: 0:06:24    time: 0.0627  data: 0.0000  max mem: 11815
      ITM Evaluation: [13600/19848]  eta: 0:06:18    time: 0.0608  data: 0.0000  max mem: 11815
      ITM Evaluation: [13700/19848]  eta: 0:06:12    time: 0.0633  data: 0.0000  max mem: 11815
      ITM Evaluation: [13800/19848]  eta: 0:06:06    time: 0.0594  data: 0.0000  max mem: 11815
      ITM Evaluation: [13900/19848]  eta: 0:06:00    time: 0.0604  data: 0.0000  max mem: 11815
      ITM Evaluation: [14000/19848]  eta: 0:05:54    time: 0.0609  data: 0.0000  max mem: 11815
      ITM Evaluation: [14100/19848]  eta: 0:05:48    time: 0.0609  data: 0.0000  max mem: 11815
      ITM Evaluation: [14200/19848]  eta: 0:05:42    time: 0.0620  data: 0.0000  max mem: 11815
      ITM Evaluation: [14300/19848]  eta: 0:05:36    time: 0.0596  data: 0.0000  max mem: 11815
      ITM Evaluation: [14400/19848]  eta: 0:05:30    time: 0.0625  data: 0.0000  max mem: 11815
      ITM Evaluation: [14500/19848]  eta: 0:05:23    time: 0.0607  data: 0.0000  max mem: 11815
      ITM Evaluation: [14600/19848]  eta: 0:05:17    time: 0.0599  data: 0.0000  max mem: 11815
      ITM Evaluation: [14700/19848]  eta: 0:05:11    time: 0.0586  data: 0.0000  max mem: 11815
      ITM Evaluation: [14800/19848]  eta: 0:05:05    time: 0.0622  data: 0.0000  max mem: 11815
      ITM Evaluation: [14900/19848]  eta: 0:04:59    time: 0.0592  data: 0.0000  max mem: 11815
      ITM Evaluation: [15000/19848]  eta: 0:04:53    time: 0.0587  data: 0.0000  max mem: 11815
      ITM Evaluation: [15100/19848]  eta: 0:04:47    time: 0.0615  data: 0.0000  max mem: 11815
      ITM Evaluation: [15200/19848]  eta: 0:04:41    time: 0.0601  data: 0.0000  max mem: 11815
      ITM Evaluation: [15300/19848]  eta: 0:04:35    time: 0.0590  data: 0.0000  max mem: 11815
      ITM Evaluation: [15400/19848]  eta: 0:04:29    time: 0.0611  data: 0.0000  max mem: 11815
      ITM Evaluation: [15500/19848]  eta: 0:04:23    time: 0.0606  data: 0.0000  max mem: 11815
      ITM Evaluation: [15600/19848]  eta: 0:04:17    time: 0.0585  data: 0.0000  max mem: 11815
      ITM Evaluation: [15700/19848]  eta: 0:04:11    time: 0.0594  data: 0.0000  max mem: 11815
      ITM Evaluation: [15800/19848]  eta: 0:04:05    time: 0.0593  data: 0.0000  max mem: 11815
      ITM Evaluation: [15900/19848]  eta: 0:03:58    time: 0.0598  data: 0.0000  max mem: 11815
      ITM Evaluation: [16000/19848]  eta: 0:03:52    time: 0.0610  data: 0.0000  max mem: 11815
      ITM Evaluation: [16100/19848]  eta: 0:03:46    time: 0.0611  data: 0.0000  max mem: 11815
      ITM Evaluation: [16200/19848]  eta: 0:03:40    time: 0.0587  data: 0.0000  max mem: 11815
      ITM Evaluation: [16300/19848]  eta: 0:03:34    time: 0.0597  data: 0.0000  max mem: 11815
      ITM Evaluation: [16400/19848]  eta: 0:03:28    time: 0.0601  data: 0.0000  max mem: 11815
      ITM Evaluation: [16500/19848]  eta: 0:03:22    time: 0.0603  data: 0.0000  max mem: 11815
      ITM Evaluation: [16600/19848]  eta: 0:03:16    time: 0.0594  data: 0.0000  max mem: 11815
      ITM Evaluation: [16700/19848]  eta: 0:03:10    time: 0.0592  data: 0.0000  max mem: 11815
      ITM Evaluation: [16800/19848]  eta: 0:03:04    time: 0.0598  data: 0.0000  max mem: 11815
      ITM Evaluation: [16900/19848]  eta: 0:02:58    time: 0.0606  data: 0.0000  max mem: 11815
      ITM Evaluation: [17000/19848]  eta: 0:02:52    time: 0.0590  data: 0.0000  max mem: 11815
      ITM Evaluation: [17100/19848]  eta: 0:02:46    time: 0.0594  data: 0.0000  max mem: 11815
      ITM Evaluation: [17200/19848]  eta: 0:02:40    time: 0.0610  data: 0.0000  max mem: 11815
      ITM Evaluation: [17300/19848]  eta: 0:02:34    time: 0.0599  data: 0.0000  max mem: 11815
      ITM Evaluation: [17400/19848]  eta: 0:02:28    time: 0.0593  data: 0.0000  max mem: 11815
      ITM Evaluation: [17500/19848]  eta: 0:02:22    time: 0.0601  data: 0.0000  max mem: 11815
      ITM Evaluation: [17600/19848]  eta: 0:02:16    time: 0.0581  data: 0.0000  max mem: 11815
      ITM Evaluation: [17700/19848]  eta: 0:02:09    time: 0.0598  data: 0.0000  max mem: 11815
      ITM Evaluation: [17800/19848]  eta: 0:02:03    time: 0.0602  data: 0.0000  max mem: 11815
      ITM Evaluation: [17900/19848]  eta: 0:01:57    time: 0.0641  data: 0.0000  max mem: 11815
      ITM Evaluation: [18000/19848]  eta: 0:01:51    time: 0.0606  data: 0.0000  max mem: 11815
      ITM Evaluation: [18100/19848]  eta: 0:01:45    time: 0.0589  data: 0.0000  max mem: 11815
      ITM Evaluation: [18200/19848]  eta: 0:01:39    time: 0.0593  data: 0.0000  max mem: 11815
      ITM Evaluation: [18300/19848]  eta: 0:01:33    time: 0.0583  data: 0.0000  max mem: 11815
      ITM Evaluation: [18400/19848]  eta: 0:01:27    time: 0.0596  data: 0.0000  max mem: 11815
      ITM Evaluation: [18500/19848]  eta: 0:01:21    time: 0.0623  data: 0.0000  max mem: 11815
      ITM Evaluation: [18600/19848]  eta: 0:01:15    time: 0.0602  data: 0.0000  max mem: 11815
      ITM Evaluation: [18700/19848]  eta: 0:01:09    time: 0.0599  data: 0.0000  max mem: 11815
      ITM Evaluation: [18800/19848]  eta: 0:01:03    time: 0.0589  data: 0.0000  max mem: 11815
      ITM Evaluation: [18900/19848]  eta: 0:00:57    time: 0.0595  data: 0.0000  max mem: 11815
      ITM Evaluation: [19000/19848]  eta: 0:00:51    time: 0.0595  data: 0.0000  max mem: 11815
      ITM Evaluation: [19100/19848]  eta: 0:00:45    time: 0.0612  data: 0.0000  max mem: 11815
      ITM Evaluation: [19200/19848]  eta: 0:00:39    time: 0.0590  data: 0.0000  max mem: 11815
      ITM Evaluation: [19300/19848]  eta: 0:00:33    time: 0.0602  data: 0.0000  max mem: 11815
      ITM Evaluation: [19400/19848]  eta: 0:00:27    time: 0.0605  data: 0.0000  max mem: 11815
      ITM Evaluation: [19500/19848]  eta: 0:00:21    time: 0.0568  data: 0.0000  max mem: 11815
      ITM Evaluation: [19600/19848]  eta: 0:00:15    time: 0.0599  data: 0.0000  max mem: 11815
      ITM Evaluation: [19700/19848]  eta: 0:00:08    time: 0.0595  data: 0.0000  max mem: 11815
      ITM Evaluation: [19800/19848]  eta: 0:00:02    time: 0.0609  data: 0.0000  max mem: 11815
      ITM Evaluation: [19847/19848]  eta: 0:00:00    time: 0.0600  data: 0.0000  max mem: 11815
      ITM Evaluation: Total time: 0:20:01 (0.0605 s / it)
     total_time 1202.5631773471832
     Computing matching score time 0:20:02
### TTA ITM Score: 
+-------+--------+--------+--------+--------+--------+
| epoch |   R1   |   R5   |  R10   |  mAP   |  mINP  |
+-------+--------+--------+--------+--------+--------+
|  -999 | 63.014 | 79.484 | 85.041 | 40.411 | 10.184 |
|  -999 | 68.183 | 82.885 | 87.500 | 40.507 | 9.104  |
|   0   | 51.194 | 76.340 | 83.918 | 34.260 | 8.543  |
|   1   | 49.924 | 75.731 | 83.706 | 33.600 | 8.701  |
|   2   | 50.872 | 76.511 | 84.129 | 34.339 | 8.722  |
|   3   | 49.899 | 76.295 | 84.195 | 34.336 | 8.791  |
|   4   | 51.648 | 77.106 | 84.553 | 34.580 | 8.802  |
|   5   | 49.133 | 75.776 | 83.948 | 33.658 | 8.610  |
+-------+--------+--------+--------+--------+--------+
     logs:  {'epo': 5, 'R1': 49.133, 'R5': 75.776, 'R10': 83.948, 'mAP': 33.658, 'mINP': 8.61, 'lr': 8.2e-05, 'entropy': 0.185543, 'loss': 0.185543}
      TTA Epoch: [6] [   0/1240]  eta: 0:36:43  lr: 0.000080  entropy: 0.0981  loss: 0.0981  time: 1.7771  data: 1.6858  max mem: 11815
      TTA Epoch: [6] [ 100/1240]  eta: 0:01:55  lr: 0.000080  entropy: 0.1264  loss: 0.1264  time: 0.0799  data: 0.0001  max mem: 11815
      TTA Epoch: [6] [ 200/1240]  eta: 0:01:36  lr: 0.000080  entropy: 0.1249  loss: 0.1249  time: 0.0832  data: 0.0002  max mem: 11815
      TTA Epoch: [6] [ 300/1240]  eta: 0:01:23  lr: 0.000079  entropy: 0.0242  loss: 0.0242  time: 0.0817  data: 0.0002  max mem: 11815
      TTA Epoch: [6] [ 400/1240]  eta: 0:01:13  lr: 0.000079  entropy: 0.0687  loss: 0.0687  time: 0.0813  data: 0.0001  max mem: 11815
      TTA Epoch: [6] [ 500/1240]  eta: 0:01:03  lr: 0.000079  entropy: 0.0463  loss: 0.0463  time: 0.0801  data: 0.0001  max mem: 11815
      TTA Epoch: [6] [ 600/1240]  eta: 0:00:54  lr: 0.000079  entropy: 0.0845  loss: 0.0845  time: 0.0824  data: 0.0001  max mem: 11815
      TTA Epoch: [6] [ 700/1240]  eta: 0:00:45  lr: 0.000078  entropy: 0.0509  loss: 0.0509  time: 0.0809  data: 0.0001  max mem: 11815
      TTA Epoch: [6] [ 800/1240]  eta: 0:00:37  lr: 0.000078  entropy: 0.1608  loss: 0.1608  time: 0.0821  data: 0.0001  max mem: 11815
      TTA Epoch: [6] [ 900/1240]  eta: 0:00:28  lr: 0.000078  entropy: 0.0507  loss: 0.0507  time: 0.0829  data: 0.0001  max mem: 11815
      TTA Epoch: [6] [1000/1240]  eta: 0:00:20  lr: 0.000078  entropy: 0.2438  loss: 0.2438  time: 0.0820  data: 0.0001  max mem: 11815
      TTA Epoch: [6] [1100/1240]  eta: 0:00:11  lr: 0.000077  entropy: 0.1845  loss: 0.1845  time: 0.0864  data: 0.0002  max mem: 11815
      TTA Epoch: [6] [1200/1240]  eta: 0:00:03  lr: 0.000077  entropy: 0.1916  loss: 0.1916  time: 0.0795  data: 0.0001  max mem: 11815
      TTA Epoch: [6] [1239/1240]  eta: 0:00:00  lr: 0.000077  entropy: 0.3339  loss: 0.3339  time: 0.0781  data: 0.0001  max mem: 11815
      TTA Epoch: [6] Total time: 0:01:43 (0.0835 s / it)
     Averaged stats: lr: 0.0001  entropy: 0.1735  loss: 0.1735
     itm tta time 0:01:44
     Computing matching score
      ITM Evaluation: [    0/19848]  eta: 0:28:17    time: 0.0855  data: 0.0139  max mem: 11815
      ITM Evaluation: [  100/19848]  eta: 0:19:26    time: 0.0595  data: 0.0000  max mem: 11815
      ITM Evaluation: [  200/19848]  eta: 0:19:41    time: 0.0606  data: 0.0000  max mem: 11815
      ITM Evaluation: [  300/19848]  eta: 0:19:29    time: 0.0585  data: 0.0000  max mem: 11815
      ITM Evaluation: [  400/19848]  eta: 0:19:27    time: 0.0610  data: 0.0000  max mem: 11815
      ITM Evaluation: [  500/19848]  eta: 0:19:20    time: 0.0589  data: 0.0000  max mem: 11815
      ITM Evaluation: [  600/19848]  eta: 0:19:08    time: 0.0570  data: 0.0000  max mem: 11815
      ITM Evaluation: [  700/19848]  eta: 0:19:03    time: 0.0602  data: 0.0000  max mem: 11815
      ITM Evaluation: [  800/19848]  eta: 0:18:58    time: 0.0599  data: 0.0000  max mem: 11815
      ITM Evaluation: [  900/19848]  eta: 0:18:54    time: 0.0612  data: 0.0000  max mem: 11815
      ITM Evaluation: [ 1000/19848]  eta: 0:18:51    time: 0.0626  data: 0.0000  max mem: 11815
      ITM Evaluation: [ 1100/19848]  eta: 0:18:44    time: 0.0589  data: 0.0000  max mem: 11815
      ITM Evaluation: [ 1200/19848]  eta: 0:18:37    time: 0.0601  data: 0.0000  max mem: 11815
      ITM Evaluation: [ 1300/19848]  eta: 0:18:30    time: 0.0593  data: 0.0000  max mem: 11815
      ITM Evaluation: [ 1400/19848]  eta: 0:18:24    time: 0.0593  data: 0.0000  max mem: 11815
      ITM Evaluation: [ 1500/19848]  eta: 0:18:17    time: 0.0601  data: 0.0000  max mem: 11815
      ITM Evaluation: [ 1600/19848]  eta: 0:18:12    time: 0.0627  data: 0.0000  max mem: 11815
      ITM Evaluation: [ 1700/19848]  eta: 0:18:07    time: 0.0608  data: 0.0000  max mem: 11815
      ITM Evaluation: [ 1800/19848]  eta: 0:18:00    time: 0.0599  data: 0.0000  max mem: 11815
      ITM Evaluation: [ 1900/19848]  eta: 0:17:54    time: 0.0591  data: 0.0000  max mem: 11815
      ITM Evaluation: [ 2000/19848]  eta: 0:17:47    time: 0.0590  data: 0.0000  max mem: 11815
      ITM Evaluation: [ 2100/19848]  eta: 0:17:41    time: 0.0591  data: 0.0000  max mem: 11815
      ITM Evaluation: [ 2200/19848]  eta: 0:17:35    time: 0.0600  data: 0.0000  max mem: 11815
      ITM Evaluation: [ 2300/19848]  eta: 0:17:30    time: 0.0597  data: 0.0000  max mem: 11815
      ITM Evaluation: [ 2400/19848]  eta: 0:17:24    time: 0.0592  data: 0.0000  max mem: 11815
      ITM Evaluation: [ 2500/19848]  eta: 0:17:18    time: 0.0588  data: 0.0000  max mem: 11815
      ITM Evaluation: [ 2600/19848]  eta: 0:17:11    time: 0.0581  data: 0.0000  max mem: 11815
      ITM Evaluation: [ 2700/19848]  eta: 0:17:04    time: 0.0581  data: 0.0000  max mem: 11815
      ITM Evaluation: [ 2800/19848]  eta: 0:16:58    time: 0.0601  data: 0.0000  max mem: 11815
      ITM Evaluation: [ 2900/19848]  eta: 0:16:53    time: 0.0594  data: 0.0000  max mem: 11815
      ITM Evaluation: [ 3000/19848]  eta: 0:16:47    time: 0.0592  data: 0.0000  max mem: 11815
      ITM Evaluation: [ 3100/19848]  eta: 0:16:42    time: 0.0597  data: 0.0000  max mem: 11815
      ITM Evaluation: [ 3200/19848]  eta: 0:16:35    time: 0.0580  data: 0.0000  max mem: 11815
      ITM Evaluation: [ 3300/19848]  eta: 0:16:29    time: 0.0584  data: 0.0000  max mem: 11815
      ITM Evaluation: [ 3400/19848]  eta: 0:16:22    time: 0.0585  data: 0.0000  max mem: 11815
      ITM Evaluation: [ 3500/19848]  eta: 0:16:16    time: 0.0592  data: 0.0000  max mem: 11815
      ITM Evaluation: [ 3600/19848]  eta: 0:16:10    time: 0.0610  data: 0.0000  max mem: 11815
      ITM Evaluation: [ 3700/19848]  eta: 0:16:04    time: 0.0589  data: 0.0000  max mem: 11815
      ITM Evaluation: [ 3800/19848]  eta: 0:15:58    time: 0.0598  data: 0.0000  max mem: 11815
      ITM Evaluation: [ 3900/19848]  eta: 0:15:52    time: 0.0586  data: 0.0000  max mem: 11815
      ITM Evaluation: [ 4000/19848]  eta: 0:15:46    time: 0.0589  data: 0.0000  max mem: 11815
      ITM Evaluation: [ 4100/19848]  eta: 0:15:39    time: 0.0589  data: 0.0000  max mem: 11815
      ITM Evaluation: [ 4200/19848]  eta: 0:15:34    time: 0.0627  data: 0.0000  max mem: 11815
      ITM Evaluation: [ 4300/19848]  eta: 0:15:28    time: 0.0594  data: 0.0000  max mem: 11815
      ITM Evaluation: [ 4400/19848]  eta: 0:15:22    time: 0.0579  data: 0.0000  max mem: 11815
      ITM Evaluation: [ 4500/19848]  eta: 0:15:15    time: 0.0596  data: 0.0000  max mem: 11815
      ITM Evaluation: [ 4600/19848]  eta: 0:15:09    time: 0.0585  data: 0.0000  max mem: 11815
      ITM Evaluation: [ 4700/19848]  eta: 0:15:03    time: 0.0585  data: 0.0000  max mem: 11815
      ITM Evaluation: [ 4800/19848]  eta: 0:14:56    time: 0.0580  data: 0.0000  max mem: 11815
      ITM Evaluation: [ 4900/19848]  eta: 0:14:50    time: 0.0582  data: 0.0000  max mem: 11815
      ITM Evaluation: [ 5000/19848]  eta: 0:14:44    time: 0.0579  data: 0.0000  max mem: 11815
      ITM Evaluation: [ 5100/19848]  eta: 0:14:38    time: 0.0585  data: 0.0000  max mem: 11815
      ITM Evaluation: [ 5200/19848]  eta: 0:14:32    time: 0.0597  data: 0.0000  max mem: 11815
      ITM Evaluation: [ 5300/19848]  eta: 0:14:26    time: 0.0602  data: 0.0000  max mem: 11815
      ITM Evaluation: [ 5400/19848]  eta: 0:14:20    time: 0.0588  data: 0.0000  max mem: 11815
      ITM Evaluation: [ 5500/19848]  eta: 0:14:14    time: 0.0603  data: 0.0000  max mem: 11815
      ITM Evaluation: [ 5600/19848]  eta: 0:14:07    time: 0.0586  data: 0.0000  max mem: 11815
      ITM Evaluation: [ 5700/19848]  eta: 0:14:01    time: 0.0584  data: 0.0000  max mem: 11815
      ITM Evaluation: [ 5800/19848]  eta: 0:13:55    time: 0.0587  data: 0.0000  max mem: 11815
      ITM Evaluation: [ 5900/19848]  eta: 0:13:49    time: 0.0600  data: 0.0000  max mem: 11815
      ITM Evaluation: [ 6000/19848]  eta: 0:13:43    time: 0.0596  data: 0.0000  max mem: 11815
      ITM Evaluation: [ 6100/19848]  eta: 0:13:38    time: 0.0620  data: 0.0000  max mem: 11815
      ITM Evaluation: [ 6200/19848]  eta: 0:13:32    time: 0.0592  data: 0.0000  max mem: 11815
      ITM Evaluation: [ 6300/19848]  eta: 0:13:26    time: 0.0597  data: 0.0000  max mem: 11815
      ITM Evaluation: [ 6400/19848]  eta: 0:13:20    time: 0.0583  data: 0.0000  max mem: 11815
      ITM Evaluation: [ 6500/19848]  eta: 0:13:14    time: 0.0592  data: 0.0000  max mem: 11815
      ITM Evaluation: [ 6600/19848]  eta: 0:13:08    time: 0.0592  data: 0.0000  max mem: 11815
      ITM Evaluation: [ 6700/19848]  eta: 0:13:02    time: 0.0629  data: 0.0000  max mem: 11815
      ITM Evaluation: [ 6800/19848]  eta: 0:12:56    time: 0.0595  data: 0.0000  max mem: 11815
      ITM Evaluation: [ 6900/19848]  eta: 0:12:51    time: 0.0625  data: 0.0000  max mem: 11815
      ITM Evaluation: [ 7000/19848]  eta: 0:12:45    time: 0.0644  data: 0.0000  max mem: 11815
      ITM Evaluation: [ 7100/19848]  eta: 0:12:40    time: 0.0646  data: 0.0000  max mem: 11815
      ITM Evaluation: [ 7200/19848]  eta: 0:12:35    time: 0.0656  data: 0.0000  max mem: 11815
      ITM Evaluation: [ 7300/19848]  eta: 0:12:29    time: 0.0659  data: 0.0000  max mem: 11815
      ITM Evaluation: [ 7400/19848]  eta: 0:12:24    time: 0.0704  data: 0.0000  max mem: 11815
      ITM Evaluation: [ 7500/19848]  eta: 0:12:19    time: 0.0677  data: 0.0000  max mem: 11815
      ITM Evaluation: [ 7600/19848]  eta: 0:12:14    time: 0.0667  data: 0.0000  max mem: 11815
      ITM Evaluation: [ 7700/19848]  eta: 0:12:08    time: 0.0582  data: 0.0000  max mem: 11815
      ITM Evaluation: [ 7800/19848]  eta: 0:12:02    time: 0.0657  data: 0.0000  max mem: 11815
      ITM Evaluation: [ 7900/19848]  eta: 0:11:56    time: 0.0601  data: 0.0000  max mem: 11815
      ITM Evaluation: [ 8000/19848]  eta: 0:11:50    time: 0.0582  data: 0.0000  max mem: 11815
      ITM Evaluation: [ 8100/19848]  eta: 0:11:44    time: 0.0590  data: 0.0000  max mem: 11815
      ITM Evaluation: [ 8200/19848]  eta: 0:11:38    time: 0.0589  data: 0.0000  max mem: 11815
      ITM Evaluation: [ 8300/19848]  eta: 0:11:32    time: 0.0608  data: 0.0000  max mem: 11815
      ITM Evaluation: [ 8400/19848]  eta: 0:11:26    time: 0.0604  data: 0.0000  max mem: 11815
      ITM Evaluation: [ 8500/19848]  eta: 0:11:20    time: 0.0603  data: 0.0000  max mem: 11815
      ITM Evaluation: [ 8600/19848]  eta: 0:11:14    time: 0.0573  data: 0.0000  max mem: 11815
      ITM Evaluation: [ 8700/19848]  eta: 0:11:08    time: 0.0600  data: 0.0000  max mem: 11815
      ITM Evaluation: [ 8800/19848]  eta: 0:11:02    time: 0.0582  data: 0.0000  max mem: 11815
      ITM Evaluation: [ 8900/19848]  eta: 0:10:55    time: 0.0594  data: 0.0000  max mem: 11815
      ITM Evaluation: [ 9000/19848]  eta: 0:10:49    time: 0.0586  data: 0.0000  max mem: 11815
      ITM Evaluation: [ 9100/19848]  eta: 0:10:43    time: 0.0614  data: 0.0000  max mem: 11815
      ITM Evaluation: [ 9200/19848]  eta: 0:10:38    time: 0.0594  data: 0.0000  max mem: 11815
      ITM Evaluation: [ 9300/19848]  eta: 0:10:32    time: 0.0614  data: 0.0000  max mem: 11815
      ITM Evaluation: [ 9400/19848]  eta: 0:10:26    time: 0.0596  data: 0.0000  max mem: 11815
      ITM Evaluation: [ 9500/19848]  eta: 0:10:20    time: 0.0617  data: 0.0000  max mem: 11815
      ITM Evaluation: [ 9600/19848]  eta: 0:10:14    time: 0.0596  data: 0.0000  max mem: 11815
      ITM Evaluation: [ 9700/19848]  eta: 0:10:08    time: 0.0608  data: 0.0000  max mem: 11815
      ITM Evaluation: [ 9800/19848]  eta: 0:10:02    time: 0.0590  data: 0.0000  max mem: 11815
      ITM Evaluation: [ 9900/19848]  eta: 0:09:56    time: 0.0599  data: 0.0000  max mem: 11815
      ITM Evaluation: [10000/19848]  eta: 0:09:50    time: 0.0605  data: 0.0000  max mem: 11815
      ITM Evaluation: [10100/19848]  eta: 0:09:44    time: 0.0593  data: 0.0000  max mem: 11815
      ITM Evaluation: [10200/19848]  eta: 0:09:38    time: 0.0601  data: 0.0000  max mem: 11815
      ITM Evaluation: [10300/19848]  eta: 0:09:32    time: 0.0601  data: 0.0000  max mem: 11815
      ITM Evaluation: [10400/19848]  eta: 0:09:26    time: 0.0598  data: 0.0000  max mem: 11815
      ITM Evaluation: [10500/19848]  eta: 0:09:20    time: 0.0601  data: 0.0000  max mem: 11815
      ITM Evaluation: [10600/19848]  eta: 0:09:14    time: 0.0595  data: 0.0000  max mem: 11815
      ITM Evaluation: [10700/19848]  eta: 0:09:08    time: 0.0588  data: 0.0000  max mem: 11815
      ITM Evaluation: [10800/19848]  eta: 0:09:02    time: 0.0613  data: 0.0000  max mem: 11815
      ITM Evaluation: [10900/19848]  eta: 0:08:56    time: 0.0593  data: 0.0000  max mem: 11815
      ITM Evaluation: [11000/19848]  eta: 0:08:51    time: 0.0601  data: 0.0000  max mem: 11815
      ITM Evaluation: [11100/19848]  eta: 0:08:45    time: 0.0594  data: 0.0000  max mem: 11815
      ITM Evaluation: [11200/19848]  eta: 0:08:39    time: 0.0594  data: 0.0000  max mem: 11815
      ITM Evaluation: [11300/19848]  eta: 0:08:33    time: 0.0594  data: 0.0000  max mem: 11815
      ITM Evaluation: [11400/19848]  eta: 0:08:27    time: 0.0598  data: 0.0000  max mem: 11815
      ITM Evaluation: [11500/19848]  eta: 0:08:21    time: 0.0589  data: 0.0000  max mem: 11815
      ITM Evaluation: [11600/19848]  eta: 0:08:15    time: 0.0594  data: 0.0000  max mem: 11815
      ITM Evaluation: [11700/19848]  eta: 0:08:09    time: 0.0594  data: 0.0000  max mem: 11815
      ITM Evaluation: [11800/19848]  eta: 0:08:02    time: 0.0587  data: 0.0000  max mem: 11815
      ITM Evaluation: [11900/19848]  eta: 0:07:56    time: 0.0593  data: 0.0000  max mem: 11815
      ITM Evaluation: [12000/19848]  eta: 0:07:50    time: 0.0622  data: 0.0000  max mem: 11815
      ITM Evaluation: [12100/19848]  eta: 0:07:44    time: 0.0608  data: 0.0000  max mem: 11815
      ITM Evaluation: [12200/19848]  eta: 0:07:38    time: 0.0619  data: 0.0000  max mem: 11815
      ITM Evaluation: [12300/19848]  eta: 0:07:32    time: 0.0602  data: 0.0000  max mem: 11815
      ITM Evaluation: [12400/19848]  eta: 0:07:26    time: 0.0612  data: 0.0000  max mem: 11815
      ITM Evaluation: [12500/19848]  eta: 0:07:20    time: 0.0577  data: 0.0000  max mem: 11815
      ITM Evaluation: [12600/19848]  eta: 0:07:14    time: 0.0628  data: 0.0000  max mem: 11815
      ITM Evaluation: [12700/19848]  eta: 0:07:08    time: 0.0592  data: 0.0000  max mem: 11815
      ITM Evaluation: [12800/19848]  eta: 0:07:02    time: 0.0596  data: 0.0000  max mem: 11815
      ITM Evaluation: [12900/19848]  eta: 0:06:56    time: 0.0588  data: 0.0000  max mem: 11815
      ITM Evaluation: [13000/19848]  eta: 0:06:50    time: 0.0601  data: 0.0000  max mem: 11815
      ITM Evaluation: [13100/19848]  eta: 0:06:44    time: 0.0590  data: 0.0000  max mem: 11815
      ITM Evaluation: [13200/19848]  eta: 0:06:38    time: 0.0617  data: 0.0000  max mem: 11815
      ITM Evaluation: [13300/19848]  eta: 0:06:32    time: 0.0581  data: 0.0000  max mem: 11815
      ITM Evaluation: [13400/19848]  eta: 0:06:26    time: 0.0610  data: 0.0000  max mem: 11815
      ITM Evaluation: [13500/19848]  eta: 0:06:20    time: 0.0586  data: 0.0000  max mem: 11815
      ITM Evaluation: [13600/19848]  eta: 0:06:14    time: 0.0599  data: 0.0000  max mem: 11815
      ITM Evaluation: [13700/19848]  eta: 0:06:08    time: 0.0585  data: 0.0000  max mem: 11815
      ITM Evaluation: [13800/19848]  eta: 0:06:02    time: 0.0601  data: 0.0000  max mem: 11815
      ITM Evaluation: [13900/19848]  eta: 0:05:56    time: 0.0605  data: 0.0000  max mem: 11815
      ITM Evaluation: [14000/19848]  eta: 0:05:50    time: 0.0603  data: 0.0000  max mem: 11815
      ITM Evaluation: [14100/19848]  eta: 0:05:44    time: 0.0613  data: 0.0000  max mem: 11815
      ITM Evaluation: [14200/19848]  eta: 0:05:38    time: 0.0587  data: 0.0000  max mem: 11815
      ITM Evaluation: [14300/19848]  eta: 0:05:32    time: 0.0591  data: 0.0000  max mem: 11815
      ITM Evaluation: [14400/19848]  eta: 0:05:26    time: 0.0584  data: 0.0000  max mem: 11815
      ITM Evaluation: [14500/19848]  eta: 0:05:20    time: 0.0592  data: 0.0000  max mem: 11815
      ITM Evaluation: [14600/19848]  eta: 0:05:14    time: 0.0604  data: 0.0000  max mem: 11815
      ITM Evaluation: [14700/19848]  eta: 0:05:08    time: 0.0602  data: 0.0000  max mem: 11815
      ITM Evaluation: [14800/19848]  eta: 0:05:02    time: 0.0584  data: 0.0000  max mem: 11815
      ITM Evaluation: [14900/19848]  eta: 0:04:56    time: 0.0603  data: 0.0000  max mem: 11815
      ITM Evaluation: [15000/19848]  eta: 0:04:50    time: 0.0581  data: 0.0000  max mem: 11815
      ITM Evaluation: [15100/19848]  eta: 0:04:44    time: 0.0592  data: 0.0000  max mem: 11815
      ITM Evaluation: [15200/19848]  eta: 0:04:38    time: 0.0584  data: 0.0000  max mem: 11815
      ITM Evaluation: [15300/19848]  eta: 0:04:32    time: 0.0587  data: 0.0000  max mem: 11815
      ITM Evaluation: [15400/19848]  eta: 0:04:26    time: 0.0583  data: 0.0000  max mem: 11815
      ITM Evaluation: [15500/19848]  eta: 0:04:20    time: 0.0588  data: 0.0000  max mem: 11815
      ITM Evaluation: [15600/19848]  eta: 0:04:14    time: 0.0582  data: 0.0000  max mem: 11815
      ITM Evaluation: [15700/19848]  eta: 0:04:08    time: 0.0625  data: 0.0000  max mem: 11815
      ITM Evaluation: [15800/19848]  eta: 0:04:02    time: 0.0582  data: 0.0000  max mem: 11815
      ITM Evaluation: [15900/19848]  eta: 0:03:56    time: 0.0600  data: 0.0000  max mem: 11815
      ITM Evaluation: [16000/19848]  eta: 0:03:50    time: 0.0629  data: 0.0000  max mem: 11815
      ITM Evaluation: [16100/19848]  eta: 0:03:44    time: 0.0609  data: 0.0000  max mem: 11815
      ITM Evaluation: [16200/19848]  eta: 0:03:38    time: 0.0593  data: 0.0000  max mem: 11815
      ITM Evaluation: [16300/19848]  eta: 0:03:32    time: 0.0617  data: 0.0000  max mem: 11815
      ITM Evaluation: [16400/19848]  eta: 0:03:26    time: 0.0610  data: 0.0000  max mem: 11815
      ITM Evaluation: [16500/19848]  eta: 0:03:20    time: 0.0590  data: 0.0000  max mem: 11815
      ITM Evaluation: [16600/19848]  eta: 0:03:14    time: 0.0603  data: 0.0000  max mem: 11815
      ITM Evaluation: [16700/19848]  eta: 0:03:08    time: 0.0590  data: 0.0000  max mem: 11815
      ITM Evaluation: [16800/19848]  eta: 0:03:02    time: 0.0610  data: 0.0000  max mem: 11815
      ITM Evaluation: [16900/19848]  eta: 0:02:56    time: 0.0609  data: 0.0000  max mem: 11815
      ITM Evaluation: [17000/19848]  eta: 0:02:50    time: 0.0587  data: 0.0000  max mem: 11815
      ITM Evaluation: [17100/19848]  eta: 0:02:44    time: 0.0582  data: 0.0000  max mem: 11815
      ITM Evaluation: [17200/19848]  eta: 0:02:38    time: 0.0622  data: 0.0000  max mem: 11815
      ITM Evaluation: [17300/19848]  eta: 0:02:32    time: 0.0617  data: 0.0000  max mem: 11815
      ITM Evaluation: [17400/19848]  eta: 0:02:26    time: 0.0609  data: 0.0000  max mem: 11815
      ITM Evaluation: [17500/19848]  eta: 0:02:20    time: 0.0620  data: 0.0000  max mem: 11815
      ITM Evaluation: [17600/19848]  eta: 0:02:14    time: 0.0581  data: 0.0000  max mem: 11815
      ITM Evaluation: [17700/19848]  eta: 0:02:08    time: 0.0592  data: 0.0000  max mem: 11815
      ITM Evaluation: [17800/19848]  eta: 0:02:02    time: 0.0592  data: 0.0000  max mem: 11815
      ITM Evaluation: [17900/19848]  eta: 0:01:56    time: 0.0608  data: 0.0000  max mem: 11815
      ITM Evaluation: [18000/19848]  eta: 0:01:50    time: 0.0579  data: 0.0000  max mem: 11815
      ITM Evaluation: [18100/19848]  eta: 0:01:44    time: 0.0593  data: 0.0000  max mem: 11815
      ITM Evaluation: [18200/19848]  eta: 0:01:38    time: 0.0607  data: 0.0000  max mem: 11815
      ITM Evaluation: [18300/19848]  eta: 0:01:32    time: 0.0588  data: 0.0000  max mem: 11815
      ITM Evaluation: [18400/19848]  eta: 0:01:26    time: 0.0594  data: 0.0000  max mem: 11815
      ITM Evaluation: [18500/19848]  eta: 0:01:20    time: 0.0579  data: 0.0000  max mem: 11815
      ITM Evaluation: [18600/19848]  eta: 0:01:14    time: 0.0582  data: 0.0000  max mem: 11815
      ITM Evaluation: [18700/19848]  eta: 0:01:08    time: 0.0582  data: 0.0000  max mem: 11815
      ITM Evaluation: [18800/19848]  eta: 0:01:02    time: 0.0599  data: 0.0000  max mem: 11815
      ITM Evaluation: [18900/19848]  eta: 0:00:56    time: 0.0580  data: 0.0000  max mem: 11815
      ITM Evaluation: [19000/19848]  eta: 0:00:50    time: 0.0600  data: 0.0000  max mem: 11815
      ITM Evaluation: [19100/19848]  eta: 0:00:44    time: 0.0602  data: 0.0000  max mem: 11815
      ITM Evaluation: [19200/19848]  eta: 0:00:38    time: 0.0593  data: 0.0000  max mem: 11815
      ITM Evaluation: [19300/19848]  eta: 0:00:32    time: 0.0600  data: 0.0000  max mem: 11815
      ITM Evaluation: [19400/19848]  eta: 0:00:26    time: 0.0652  data: 0.0000  max mem: 11815
      ITM Evaluation: [19500/19848]  eta: 0:00:20    time: 0.0578  data: 0.0000  max mem: 11815
      ITM Evaluation: [19600/19848]  eta: 0:00:14    time: 0.0586  data: 0.0000  max mem: 11815
      ITM Evaluation: [19700/19848]  eta: 0:00:08    time: 0.0631  data: 0.0000  max mem: 11815
      ITM Evaluation: [19800/19848]  eta: 0:00:02    time: 0.0590  data: 0.0000  max mem: 11815
      ITM Evaluation: [19847/19848]  eta: 0:00:00    time: 0.0594  data: 0.0000  max mem: 11815
      ITM Evaluation: Total time: 0:19:48 (0.0599 s / it)
     total_time 1190.2856504917145
     Computing matching score time 0:19:50
### TTA ITM Score: 
+-------+--------+--------+--------+--------+--------+
| epoch |   R1   |   R5   |  R10   |  mAP   |  mINP  |
+-------+--------+--------+--------+--------+--------+
|  -999 | 63.014 | 79.484 | 85.041 | 40.411 | 10.184 |
|  -999 | 68.183 | 82.885 | 87.500 | 40.507 | 9.104  |
|   0   | 51.194 | 76.340 | 83.918 | 34.260 | 8.543  |
|   1   | 49.924 | 75.731 | 83.706 | 33.600 | 8.701  |
|   2   | 50.872 | 76.511 | 84.129 | 34.339 | 8.722  |
|   3   | 49.899 | 76.295 | 84.195 | 34.336 | 8.791  |
|   4   | 51.648 | 77.106 | 84.553 | 34.580 | 8.802  |
|   5   | 49.133 | 75.776 | 83.948 | 33.658 | 8.610  |
|   6   | 43.843 | 73.297 | 82.361 | 31.786 | 8.304  |
+-------+--------+--------+--------+--------+--------+
     logs:  {'epo': 6, 'R1': 43.843, 'R5': 73.297, 'R10': 82.361, 'mAP': 31.786, 'mINP': 8.304, 'lr': 7.9e-05, 'entropy': 0.173488, 'loss': 0.173488}
      TTA Epoch: [7] [   0/1240]  eta: 0:31:01  lr: 0.000077  entropy: 0.0656  loss: 0.0656  time: 1.5010  data: 1.3961  max mem: 11815
      TTA Epoch: [7] [ 100/1240]  eta: 0:01:42  lr: 0.000077  entropy: 0.0983  loss: 0.0983  time: 0.0797  data: 0.0001  max mem: 11815
      TTA Epoch: [7] [ 200/1240]  eta: 0:01:29  lr: 0.000076  entropy: 0.2244  loss: 0.2244  time: 0.0893  data: 0.0002  max mem: 11815
      TTA Epoch: [7] [ 300/1240]  eta: 0:01:20  lr: 0.000076  entropy: 0.1294  loss: 0.1294  time: 0.0833  data: 0.0001  max mem: 11815
      TTA Epoch: [7] [ 400/1240]  eta: 0:01:10  lr: 0.000076  entropy: 0.1557  loss: 0.1557  time: 0.0804  data: 0.0001  max mem: 11815
      TTA Epoch: [7] [ 500/1240]  eta: 0:01:01  lr: 0.000076  entropy: 0.1733  loss: 0.1733  time: 0.0804  data: 0.0001  max mem: 11815
      TTA Epoch: [7] [ 600/1240]  eta: 0:00:53  lr: 0.000075  entropy: 0.2695  loss: 0.2695  time: 0.0824  data: 0.0001  max mem: 11815
      TTA Epoch: [7] [ 700/1240]  eta: 0:00:45  lr: 0.000075  entropy: 0.2404  loss: 0.2404  time: 0.0865  data: 0.0002  max mem: 11815
      TTA Epoch: [7] [ 800/1240]  eta: 0:00:36  lr: 0.000075  entropy: 0.1101  loss: 0.1101  time: 0.0828  data: 0.0001  max mem: 11815
      TTA Epoch: [7] [ 900/1240]  eta: 0:00:28  lr: 0.000074  entropy: 0.1220  loss: 0.1220  time: 0.0824  data: 0.0001  max mem: 11815
      TTA Epoch: [7] [1000/1240]  eta: 0:00:19  lr: 0.000074  entropy: 0.0994  loss: 0.0994  time: 0.0833  data: 0.0001  max mem: 11815
      TTA Epoch: [7] [1100/1240]  eta: 0:00:11  lr: 0.000074  entropy: 0.1897  loss: 0.1897  time: 0.0868  data: 0.0002  max mem: 11815
      TTA Epoch: [7] [1200/1240]  eta: 0:00:03  lr: 0.000074  entropy: 0.1708  loss: 0.1708  time: 0.0819  data: 0.0001  max mem: 11815
      TTA Epoch: [7] [1239/1240]  eta: 0:00:00  lr: 0.000074  entropy: 0.1052  loss: 0.1052  time: 0.0799  data: 0.0002  max mem: 11815
      TTA Epoch: [7] Total time: 0:01:43 (0.0835 s / it)
     Averaged stats: lr: 0.0001  entropy: 0.1661  loss: 0.1661
     itm tta time 0:01:44
     Computing matching score
      ITM Evaluation: [    0/19848]  eta: 0:26:17    time: 0.0795  data: 0.0151  max mem: 11815
      ITM Evaluation: [  100/19848]  eta: 0:19:45    time: 0.0589  data: 0.0000  max mem: 11815
      ITM Evaluation: [  200/19848]  eta: 0:19:33    time: 0.0601  data: 0.0000  max mem: 11815
      ITM Evaluation: [  300/19848]  eta: 0:19:23    time: 0.0596  data: 0.0000  max mem: 11815
      ITM Evaluation: [  400/19848]  eta: 0:19:18    time: 0.0601  data: 0.0000  max mem: 11815
      ITM Evaluation: [  500/19848]  eta: 0:19:19    time: 0.0590  data: 0.0000  max mem: 11815
      ITM Evaluation: [  600/19848]  eta: 0:19:11    time: 0.0597  data: 0.0000  max mem: 11815
      ITM Evaluation: [  700/19848]  eta: 0:19:05    time: 0.0591  data: 0.0000  max mem: 11815
      ITM Evaluation: [  800/19848]  eta: 0:18:58    time: 0.0597  data: 0.0000  max mem: 11815
      ITM Evaluation: [  900/19848]  eta: 0:18:51    time: 0.0592  data: 0.0000  max mem: 11815
      ITM Evaluation: [ 1000/19848]  eta: 0:18:46    time: 0.0602  data: 0.0000  max mem: 11815
      ITM Evaluation: [ 1100/19848]  eta: 0:18:44    time: 0.0650  data: 0.0000  max mem: 11815
      ITM Evaluation: [ 1200/19848]  eta: 0:18:36    time: 0.0600  data: 0.0000  max mem: 11815
      ITM Evaluation: [ 1300/19848]  eta: 0:18:30    time: 0.0591  data: 0.0000  max mem: 11815
      ITM Evaluation: [ 1400/19848]  eta: 0:18:23    time: 0.0598  data: 0.0000  max mem: 11815
      ITM Evaluation: [ 1500/19848]  eta: 0:18:16    time: 0.0587  data: 0.0000  max mem: 11815
      ITM Evaluation: [ 1600/19848]  eta: 0:18:10    time: 0.0587  data: 0.0000  max mem: 11815
      ITM Evaluation: [ 1700/19848]  eta: 0:18:05    time: 0.0642  data: 0.0000  max mem: 11815
      ITM Evaluation: [ 1800/19848]  eta: 0:18:00    time: 0.0606  data: 0.0000  max mem: 11815
      ITM Evaluation: [ 1900/19848]  eta: 0:17:54    time: 0.0593  data: 0.0000  max mem: 11815
      ITM Evaluation: [ 2000/19848]  eta: 0:17:47    time: 0.0591  data: 0.0000  max mem: 11815
      ITM Evaluation: [ 2100/19848]  eta: 0:17:41    time: 0.0607  data: 0.0000  max mem: 11815
      ITM Evaluation: [ 2200/19848]  eta: 0:17:36    time: 0.0591  data: 0.0000  max mem: 11815
      ITM Evaluation: [ 2300/19848]  eta: 0:17:29    time: 0.0598  data: 0.0000  max mem: 11815
      ITM Evaluation: [ 2400/19848]  eta: 0:17:25    time: 0.0601  data: 0.0000  max mem: 11815
      ITM Evaluation: [ 2500/19848]  eta: 0:17:19    time: 0.0596  data: 0.0000  max mem: 11815
      ITM Evaluation: [ 2600/19848]  eta: 0:17:12    time: 0.0583  data: 0.0000  max mem: 11815
      ITM Evaluation: [ 2700/19848]  eta: 0:17:05    time: 0.0599  data: 0.0000  max mem: 11815
      ITM Evaluation: [ 2800/19848]  eta: 0:16:59    time: 0.0592  data: 0.0000  max mem: 11815
      ITM Evaluation: [ 2900/19848]  eta: 0:16:53    time: 0.0607  data: 0.0000  max mem: 11815
      ITM Evaluation: [ 3000/19848]  eta: 0:16:48    time: 0.0601  data: 0.0000  max mem: 11815
      ITM Evaluation: [ 3100/19848]  eta: 0:16:43    time: 0.0598  data: 0.0000  max mem: 11815
      ITM Evaluation: [ 3200/19848]  eta: 0:16:37    time: 0.0603  data: 0.0000  max mem: 11815
      ITM Evaluation: [ 3300/19848]  eta: 0:16:31    time: 0.0603  data: 0.0000  max mem: 11815
      ITM Evaluation: [ 3400/19848]  eta: 0:16:25    time: 0.0592  data: 0.0000  max mem: 11815
      ITM Evaluation: [ 3500/19848]  eta: 0:16:19    time: 0.0599  data: 0.0000  max mem: 11815
      ITM Evaluation: [ 3600/19848]  eta: 0:16:14    time: 0.0595  data: 0.0000  max mem: 11815
      ITM Evaluation: [ 3700/19848]  eta: 0:16:09    time: 0.0602  data: 0.0000  max mem: 11815
      ITM Evaluation: [ 3800/19848]  eta: 0:16:03    time: 0.0606  data: 0.0000  max mem: 11815
      ITM Evaluation: [ 3900/19848]  eta: 0:15:57    time: 0.0602  data: 0.0000  max mem: 11815
      ITM Evaluation: [ 4000/19848]  eta: 0:15:51    time: 0.0604  data: 0.0000  max mem: 11815
      ITM Evaluation: [ 4100/19848]  eta: 0:15:45    time: 0.0593  data: 0.0000  max mem: 11815
      ITM Evaluation: [ 4200/19848]  eta: 0:15:40    time: 0.0609  data: 0.0000  max mem: 11815
      ITM Evaluation: [ 4300/19848]  eta: 0:15:34    time: 0.0626  data: 0.0000  max mem: 11815
      ITM Evaluation: [ 4400/19848]  eta: 0:15:28    time: 0.0594  data: 0.0000  max mem: 11815
      ITM Evaluation: [ 4500/19848]  eta: 0:15:22    time: 0.0596  data: 0.0000  max mem: 11815
      ITM Evaluation: [ 4600/19848]  eta: 0:15:16    time: 0.0602  data: 0.0000  max mem: 11815
      ITM Evaluation: [ 4700/19848]  eta: 0:15:10    time: 0.0598  data: 0.0000  max mem: 11815
      ITM Evaluation: [ 4800/19848]  eta: 0:15:05    time: 0.0622  data: 0.0000  max mem: 11815
      ITM Evaluation: [ 4900/19848]  eta: 0:14:59    time: 0.0617  data: 0.0000  max mem: 11815
      ITM Evaluation: [ 5000/19848]  eta: 0:14:53    time: 0.0581  data: 0.0000  max mem: 11815
      ITM Evaluation: [ 5100/19848]  eta: 0:14:47    time: 0.0596  data: 0.0000  max mem: 11815
      ITM Evaluation: [ 5200/19848]  eta: 0:14:41    time: 0.0607  data: 0.0000  max mem: 11815
      ITM Evaluation: [ 5300/19848]  eta: 0:14:35    time: 0.0597  data: 0.0000  max mem: 11815
      ITM Evaluation: [ 5400/19848]  eta: 0:14:30    time: 0.0628  data: 0.0000  max mem: 11815
      ITM Evaluation: [ 5500/19848]  eta: 0:14:24    time: 0.0605  data: 0.0000  max mem: 11815
      ITM Evaluation: [ 5600/19848]  eta: 0:14:18    time: 0.0599  data: 0.0000  max mem: 11815
      ITM Evaluation: [ 5700/19848]  eta: 0:14:12    time: 0.0607  data: 0.0000  max mem: 11815
      ITM Evaluation: [ 5800/19848]  eta: 0:14:06    time: 0.0601  data: 0.0000  max mem: 11815
      ITM Evaluation: [ 5900/19848]  eta: 0:14:00    time: 0.0605  data: 0.0000  max mem: 11815
      ITM Evaluation: [ 6000/19848]  eta: 0:13:54    time: 0.0615  data: 0.0000  max mem: 11815
      ITM Evaluation: [ 6100/19848]  eta: 0:13:48    time: 0.0598  data: 0.0000  max mem: 11815
      ITM Evaluation: [ 6200/19848]  eta: 0:13:42    time: 0.0620  data: 0.0000  max mem: 11815
      ITM Evaluation: [ 6300/19848]  eta: 0:13:36    time: 0.0612  data: 0.0000  max mem: 11815
      ITM Evaluation: [ 6400/19848]  eta: 0:13:30    time: 0.0606  data: 0.0000  max mem: 11815
      ITM Evaluation: [ 6500/19848]  eta: 0:13:24    time: 0.0594  data: 0.0000  max mem: 11815
      ITM Evaluation: [ 6600/19848]  eta: 0:13:18    time: 0.0629  data: 0.0000  max mem: 11815
      ITM Evaluation: [ 6700/19848]  eta: 0:13:12    time: 0.0616  data: 0.0000  max mem: 11815
      ITM Evaluation: [ 6800/19848]  eta: 0:13:07    time: 0.0652  data: 0.0000  max mem: 11815
      ITM Evaluation: [ 6900/19848]  eta: 0:13:01    time: 0.0597  data: 0.0000  max mem: 11815
      ITM Evaluation: [ 7000/19848]  eta: 0:12:55    time: 0.0594  data: 0.0000  max mem: 11815
      ITM Evaluation: [ 7100/19848]  eta: 0:12:49    time: 0.0602  data: 0.0000  max mem: 11815
      ITM Evaluation: [ 7200/19848]  eta: 0:12:43    time: 0.0627  data: 0.0000  max mem: 11815
      ITM Evaluation: [ 7300/19848]  eta: 0:12:37    time: 0.0595  data: 0.0000  max mem: 11815
      ITM Evaluation: [ 7400/19848]  eta: 0:12:31    time: 0.0598  data: 0.0000  max mem: 11815
      ITM Evaluation: [ 7500/19848]  eta: 0:12:25    time: 0.0617  data: 0.0000  max mem: 11815
      ITM Evaluation: [ 7600/19848]  eta: 0:12:19    time: 0.0603  data: 0.0000  max mem: 11815
      ITM Evaluation: [ 7700/19848]  eta: 0:12:13    time: 0.0602  data: 0.0000  max mem: 11815
      ITM Evaluation: [ 7800/19848]  eta: 0:12:07    time: 0.0632  data: 0.0000  max mem: 11815
      ITM Evaluation: [ 7900/19848]  eta: 0:12:01    time: 0.0601  data: 0.0000  max mem: 11815
      ITM Evaluation: [ 8000/19848]  eta: 0:11:55    time: 0.0601  data: 0.0000  max mem: 11815
      ITM Evaluation: [ 8100/19848]  eta: 0:11:49    time: 0.0616  data: 0.0000  max mem: 11815
      ITM Evaluation: [ 8200/19848]  eta: 0:11:43    time: 0.0600  data: 0.0000  max mem: 11815
      ITM Evaluation: [ 8300/19848]  eta: 0:11:37    time: 0.0605  data: 0.0000  max mem: 11815
      ITM Evaluation: [ 8400/19848]  eta: 0:11:31    time: 0.0612  data: 0.0000  max mem: 11815
      ITM Evaluation: [ 8500/19848]  eta: 0:11:25    time: 0.0598  data: 0.0000  max mem: 11815
      ITM Evaluation: [ 8600/19848]  eta: 0:11:19    time: 0.0598  data: 0.0000  max mem: 11815
      ITM Evaluation: [ 8700/19848]  eta: 0:11:13    time: 0.0606  data: 0.0000  max mem: 11815
      ITM Evaluation: [ 8800/19848]  eta: 0:11:07    time: 0.0608  data: 0.0000  max mem: 11815
      ITM Evaluation: [ 8900/19848]  eta: 0:11:01    time: 0.0598  data: 0.0000  max mem: 11815
      ITM Evaluation: [ 9000/19848]  eta: 0:10:55    time: 0.0615  data: 0.0000  max mem: 11815
      ITM Evaluation: [ 9100/19848]  eta: 0:10:49    time: 0.0594  data: 0.0000  max mem: 11815
      ITM Evaluation: [ 9200/19848]  eta: 0:10:43    time: 0.0604  data: 0.0000  max mem: 11815
      ITM Evaluation: [ 9300/19848]  eta: 0:10:36    time: 0.0594  data: 0.0000  max mem: 11815
      ITM Evaluation: [ 9400/19848]  eta: 0:10:31    time: 0.0634  data: 0.0000  max mem: 11815
      ITM Evaluation: [ 9500/19848]  eta: 0:10:25    time: 0.0595  data: 0.0000  max mem: 11815
      ITM Evaluation: [ 9600/19848]  eta: 0:10:19    time: 0.0623  data: 0.0000  max mem: 11815
      ITM Evaluation: [ 9700/19848]  eta: 0:10:13    time: 0.0600  data: 0.0000  max mem: 11815
      ITM Evaluation: [ 9800/19848]  eta: 0:10:07    time: 0.0602  data: 0.0000  max mem: 11815
      ITM Evaluation: [ 9900/19848]  eta: 0:10:01    time: 0.0615  data: 0.0000  max mem: 11815
      ITM Evaluation: [10000/19848]  eta: 0:09:55    time: 0.0625  data: 0.0000  max mem: 11815
      ITM Evaluation: [10100/19848]  eta: 0:09:49    time: 0.0602  data: 0.0000  max mem: 11815
      ITM Evaluation: [10200/19848]  eta: 0:09:43    time: 0.0604  data: 0.0000  max mem: 11815
      ITM Evaluation: [10300/19848]  eta: 0:09:37    time: 0.0611  data: 0.0000  max mem: 11815
      ITM Evaluation: [10400/19848]  eta: 0:09:31    time: 0.0608  data: 0.0000  max mem: 11815
      ITM Evaluation: [10500/19848]  eta: 0:09:25    time: 0.0599  data: 0.0000  max mem: 11815
      ITM Evaluation: [10600/19848]  eta: 0:09:19    time: 0.0610  data: 0.0000  max mem: 11815
      ITM Evaluation: [10700/19848]  eta: 0:09:13    time: 0.0619  data: 0.0000  max mem: 11815
      ITM Evaluation: [10800/19848]  eta: 0:09:07    time: 0.0592  data: 0.0000  max mem: 11815
      ITM Evaluation: [10900/19848]  eta: 0:09:01    time: 0.0598  data: 0.0000  max mem: 11815
      ITM Evaluation: [11000/19848]  eta: 0:08:55    time: 0.0601  data: 0.0000  max mem: 11815
      ITM Evaluation: [11100/19848]  eta: 0:08:49    time: 0.0603  data: 0.0000  max mem: 11815
      ITM Evaluation: [11200/19848]  eta: 0:08:43    time: 0.0594  data: 0.0000  max mem: 11815
      ITM Evaluation: [11300/19848]  eta: 0:08:37    time: 0.0622  data: 0.0000  max mem: 11815
      ITM Evaluation: [11400/19848]  eta: 0:08:31    time: 0.0595  data: 0.0000  max mem: 11815
      ITM Evaluation: [11500/19848]  eta: 0:08:25    time: 0.0606  data: 0.0000  max mem: 11815
      ITM Evaluation: [11600/19848]  eta: 0:08:19    time: 0.0606  data: 0.0000  max mem: 11815
      ITM Evaluation: [11700/19848]  eta: 0:08:13    time: 0.0605  data: 0.0000  max mem: 11815
      ITM Evaluation: [11800/19848]  eta: 0:08:06    time: 0.0581  data: 0.0000  max mem: 11815
      ITM Evaluation: [11900/19848]  eta: 0:08:00    time: 0.0588  data: 0.0000  max mem: 11815
      ITM Evaluation: [12000/19848]  eta: 0:07:54    time: 0.0581  data: 0.0000  max mem: 11815
      ITM Evaluation: [12100/19848]  eta: 0:07:48    time: 0.0582  data: 0.0000  max mem: 11815
      ITM Evaluation: [12200/19848]  eta: 0:07:42    time: 0.0603  data: 0.0000  max mem: 11815
      ITM Evaluation: [12300/19848]  eta: 0:07:36    time: 0.0589  data: 0.0000  max mem: 11815
      ITM Evaluation: [12400/19848]  eta: 0:07:30    time: 0.0589  data: 0.0000  max mem: 11815
      ITM Evaluation: [12500/19848]  eta: 0:07:23    time: 0.0585  data: 0.0000  max mem: 11815
      ITM Evaluation: [12600/19848]  eta: 0:07:17    time: 0.0610  data: 0.0000  max mem: 11815
      ITM Evaluation: [12700/19848]  eta: 0:07:11    time: 0.0587  data: 0.0000  max mem: 11815
      ITM Evaluation: [12800/19848]  eta: 0:07:05    time: 0.0628  data: 0.0000  max mem: 11815
      ITM Evaluation: [12900/19848]  eta: 0:06:59    time: 0.0566  data: 0.0000  max mem: 11815
      ITM Evaluation: [13000/19848]  eta: 0:06:53    time: 0.0600  data: 0.0000  max mem: 11815
      ITM Evaluation: [13100/19848]  eta: 0:06:47    time: 0.0583  data: 0.0000  max mem: 11815
      ITM Evaluation: [13200/19848]  eta: 0:06:41    time: 0.0585  data: 0.0000  max mem: 11815
      ITM Evaluation: [13300/19848]  eta: 0:06:35    time: 0.0584  data: 0.0000  max mem: 11815
      ITM Evaluation: [13400/19848]  eta: 0:06:29    time: 0.0590  data: 0.0000  max mem: 11815
      ITM Evaluation: [13500/19848]  eta: 0:06:22    time: 0.0597  data: 0.0000  max mem: 11815
      ITM Evaluation: [13600/19848]  eta: 0:06:16    time: 0.0586  data: 0.0000  max mem: 11815
      ITM Evaluation: [13700/19848]  eta: 0:06:10    time: 0.0586  data: 0.0000  max mem: 11815
      ITM Evaluation: [13800/19848]  eta: 0:06:04    time: 0.0585  data: 0.0000  max mem: 11815
      ITM Evaluation: [13900/19848]  eta: 0:05:58    time: 0.0600  data: 0.0000  max mem: 11815
      ITM Evaluation: [14000/19848]  eta: 0:05:52    time: 0.0589  data: 0.0000  max mem: 11815
      ITM Evaluation: [14100/19848]  eta: 0:05:46    time: 0.0607  data: 0.0000  max mem: 11815
      ITM Evaluation: [14200/19848]  eta: 0:05:40    time: 0.0588  data: 0.0000  max mem: 11815
      ITM Evaluation: [14300/19848]  eta: 0:05:34    time: 0.0592  data: 0.0000  max mem: 11815
      ITM Evaluation: [14400/19848]  eta: 0:05:28    time: 0.0589  data: 0.0000  max mem: 11815
      ITM Evaluation: [14500/19848]  eta: 0:05:22    time: 0.0601  data: 0.0000  max mem: 11815
      ITM Evaluation: [14600/19848]  eta: 0:05:16    time: 0.0587  data: 0.0000  max mem: 11815
      ITM Evaluation: [14700/19848]  eta: 0:05:10    time: 0.0601  data: 0.0000  max mem: 11815
      ITM Evaluation: [14800/19848]  eta: 0:05:04    time: 0.0589  data: 0.0000  max mem: 11815
      ITM Evaluation: [14900/19848]  eta: 0:04:58    time: 0.0580  data: 0.0000  max mem: 11815
      ITM Evaluation: [15000/19848]  eta: 0:04:51    time: 0.0589  data: 0.0000  max mem: 11815
      ITM Evaluation: [15100/19848]  eta: 0:04:45    time: 0.0590  data: 0.0000  max mem: 11815
      ITM Evaluation: [15200/19848]  eta: 0:04:39    time: 0.0592  data: 0.0000  max mem: 11815
      ITM Evaluation: [15300/19848]  eta: 0:04:33    time: 0.0586  data: 0.0000  max mem: 11815
      ITM Evaluation: [15400/19848]  eta: 0:04:27    time: 0.0576  data: 0.0000  max mem: 11815
      ITM Evaluation: [15500/19848]  eta: 0:04:21    time: 0.0581  data: 0.0000  max mem: 11815
      ITM Evaluation: [15600/19848]  eta: 0:04:15    time: 0.0586  data: 0.0000  max mem: 11815
      ITM Evaluation: [15700/19848]  eta: 0:04:09    time: 0.0585  data: 0.0000  max mem: 11815
      ITM Evaluation: [15800/19848]  eta: 0:04:03    time: 0.0593  data: 0.0000  max mem: 11815
      ITM Evaluation: [15900/19848]  eta: 0:03:57    time: 0.0592  data: 0.0000  max mem: 11815
      ITM Evaluation: [16000/19848]  eta: 0:03:51    time: 0.0596  data: 0.0000  max mem: 11815
      ITM Evaluation: [16100/19848]  eta: 0:03:45    time: 0.0588  data: 0.0000  max mem: 11815
      ITM Evaluation: [16200/19848]  eta: 0:03:39    time: 0.0575  data: 0.0000  max mem: 11815
      ITM Evaluation: [16300/19848]  eta: 0:03:33    time: 0.0581  data: 0.0000  max mem: 11815
      ITM Evaluation: [16400/19848]  eta: 0:03:27    time: 0.0596  data: 0.0000  max mem: 11815
      ITM Evaluation: [16500/19848]  eta: 0:03:21    time: 0.0580  data: 0.0000  max mem: 11815
      ITM Evaluation: [16600/19848]  eta: 0:03:15    time: 0.0609  data: 0.0000  max mem: 11815
      ITM Evaluation: [16700/19848]  eta: 0:03:09    time: 0.0608  data: 0.0000  max mem: 11815
      ITM Evaluation: [16800/19848]  eta: 0:03:03    time: 0.0594  data: 0.0000  max mem: 11815
      ITM Evaluation: [16900/19848]  eta: 0:02:57    time: 0.0597  data: 0.0000  max mem: 11815
      ITM Evaluation: [17000/19848]  eta: 0:02:51    time: 0.0603  data: 0.0000  max mem: 11815
      ITM Evaluation: [17100/19848]  eta: 0:02:45    time: 0.0586  data: 0.0000  max mem: 11815
      ITM Evaluation: [17200/19848]  eta: 0:02:39    time: 0.0612  data: 0.0000  max mem: 11815
      ITM Evaluation: [17300/19848]  eta: 0:02:33    time: 0.0601  data: 0.0000  max mem: 11815
      ITM Evaluation: [17400/19848]  eta: 0:02:27    time: 0.0602  data: 0.0000  max mem: 11815
      ITM Evaluation: [17500/19848]  eta: 0:02:21    time: 0.0597  data: 0.0000  max mem: 11815
      ITM Evaluation: [17600/19848]  eta: 0:02:15    time: 0.0598  data: 0.0000  max mem: 11815
      ITM Evaluation: [17700/19848]  eta: 0:02:09    time: 0.0612  data: 0.0000  max mem: 11815
      ITM Evaluation: [17800/19848]  eta: 0:02:03    time: 0.0614  data: 0.0000  max mem: 11815
      ITM Evaluation: [17900/19848]  eta: 0:01:57    time: 0.0594  data: 0.0000  max mem: 11815
      ITM Evaluation: [18000/19848]  eta: 0:01:51    time: 0.0593  data: 0.0000  max mem: 11815
      ITM Evaluation: [18100/19848]  eta: 0:01:45    time: 0.0596  data: 0.0000  max mem: 11815
      ITM Evaluation: [18200/19848]  eta: 0:01:39    time: 0.0598  data: 0.0000  max mem: 11815
      ITM Evaluation: [18300/19848]  eta: 0:01:33    time: 0.0612  data: 0.0000  max mem: 11815
      ITM Evaluation: [18400/19848]  eta: 0:01:27    time: 0.0625  data: 0.0000  max mem: 11815
      ITM Evaluation: [18500/19848]  eta: 0:01:21    time: 0.0589  data: 0.0000  max mem: 11815
      ITM Evaluation: [18600/19848]  eta: 0:01:14    time: 0.0596  data: 0.0000  max mem: 11815
      ITM Evaluation: [18700/19848]  eta: 0:01:08    time: 0.0591  data: 0.0000  max mem: 11815
      ITM Evaluation: [18800/19848]  eta: 0:01:02    time: 0.0596  data: 0.0000  max mem: 11815
      ITM Evaluation: [18900/19848]  eta: 0:00:56    time: 0.0619  data: 0.0000  max mem: 11815
      ITM Evaluation: [19000/19848]  eta: 0:00:50    time: 0.0606  data: 0.0000  max mem: 11815
      ITM Evaluation: [19100/19848]  eta: 0:00:44    time: 0.0594  data: 0.0000  max mem: 11815
      ITM Evaluation: [19200/19848]  eta: 0:00:38    time: 0.0592  data: 0.0000  max mem: 11815
      ITM Evaluation: [19300/19848]  eta: 0:00:32    time: 0.0596  data: 0.0000  max mem: 11815
      ITM Evaluation: [19400/19848]  eta: 0:00:26    time: 0.0606  data: 0.0000  max mem: 11815
      ITM Evaluation: [19500/19848]  eta: 0:00:20    time: 0.0585  data: 0.0000  max mem: 11815
      ITM Evaluation: [19600/19848]  eta: 0:00:14    time: 0.0620  data: 0.0000  max mem: 11815
      ITM Evaluation: [19700/19848]  eta: 0:00:08    time: 0.0598  data: 0.0000  max mem: 11815
      ITM Evaluation: [19800/19848]  eta: 0:00:02    time: 0.0599  data: 0.0000  max mem: 11815
      ITM Evaluation: [19847/19848]  eta: 0:00:00    time: 0.0607  data: 0.0000  max mem: 11815
      ITM Evaluation: Total time: 0:19:53 (0.0601 s / it)
     total_time 1195.2328820228577
     Computing matching score time 0:19:55
### TTA ITM Score: 
+-------+--------+--------+--------+--------+--------+
| epoch |   R1   |   R5   |  R10   |  mAP   |  mINP  |
+-------+--------+--------+--------+--------+--------+
|  -999 | 63.014 | 79.484 | 85.041 | 40.411 | 10.184 |
|  -999 | 68.183 | 82.885 | 87.500 | 40.507 | 9.104  |
|   0   | 51.194 | 76.340 | 83.918 | 34.260 | 8.543  |
|   1   | 49.924 | 75.731 | 83.706 | 33.600 | 8.701  |
|   2   | 50.872 | 76.511 | 84.129 | 34.339 | 8.722  |
|   3   | 49.899 | 76.295 | 84.195 | 34.336 | 8.791  |
|   4   | 51.648 | 77.106 | 84.553 | 34.580 | 8.802  |
|   5   | 49.133 | 75.776 | 83.948 | 33.658 | 8.610  |
|   6   | 43.843 | 73.297 | 82.361 | 31.786 | 8.304  |
|   7   | 42.992 | 71.947 | 81.313 | 30.706 | 8.213  |
+-------+--------+--------+--------+--------+--------+
     logs:  {'epo': 7, 'R1': 42.992, 'R5': 71.947, 'R10': 81.313, 'mAP': 30.706, 'mINP': 8.213, 'lr': 7.5e-05, 'entropy': 0.166112, 'loss': 0.166112}
      TTA Epoch: [8] [   0/1240]  eta: 0:50:57  lr: 0.000074  entropy: 0.0996  loss: 0.0996  time: 2.4656  data: 2.3669  max mem: 11815
      TTA Epoch: [8] [ 100/1240]  eta: 0:01:55  lr: 0.000073  entropy: 0.0352  loss: 0.0352  time: 0.0784  data: 0.0001  max mem: 11815
      TTA Epoch: [8] [ 200/1240]  eta: 0:01:35  lr: 0.000073  entropy: 0.2597  loss: 0.2597  time: 0.0815  data: 0.0001  max mem: 11815
      TTA Epoch: [8] [ 300/1240]  eta: 0:01:22  lr: 0.000073  entropy: 0.1135  loss: 0.1135  time: 0.0797  data: 0.0001  max mem: 11815
      TTA Epoch: [8] [ 400/1240]  eta: 0:01:12  lr: 0.000072  entropy: 0.1349  loss: 0.1349  time: 0.0809  data: 0.0001  max mem: 11815
      TTA Epoch: [8] [ 500/1240]  eta: 0:01:03  lr: 0.000072  entropy: 0.0710  loss: 0.0710  time: 0.0814  data: 0.0001  max mem: 11815
      TTA Epoch: [8] [ 600/1240]  eta: 0:00:54  lr: 0.000072  entropy: 0.1610  loss: 0.1610  time: 0.0808  data: 0.0001  max mem: 11815
      TTA Epoch: [8] [ 700/1240]  eta: 0:00:45  lr: 0.000072  entropy: 0.1801  loss: 0.1801  time: 0.0817  data: 0.0002  max mem: 11815
      TTA Epoch: [8] [ 800/1240]  eta: 0:00:37  lr: 0.000071  entropy: 0.1668  loss: 0.1668  time: 0.0819  data: 0.0001  max mem: 11815
      TTA Epoch: [8] [ 900/1240]  eta: 0:00:28  lr: 0.000071  entropy: 0.1738  loss: 0.1738  time: 0.0868  data: 0.0002  max mem: 11815
      TTA Epoch: [8] [1000/1240]  eta: 0:00:20  lr: 0.000071  entropy: 0.1292  loss: 0.1292  time: 0.0815  data: 0.0001  max mem: 11815
      TTA Epoch: [8] [1100/1240]  eta: 0:00:11  lr: 0.000071  entropy: 0.2078  loss: 0.2078  time: 0.0839  data: 0.0001  max mem: 11815
      TTA Epoch: [8] [1200/1240]  eta: 0:00:03  lr: 0.000070  entropy: 0.0715  loss: 0.0715  time: 0.0816  data: 0.0005  max mem: 11815
      TTA Epoch: [8] [1239/1240]  eta: 0:00:00  lr: 0.000070  entropy: 0.1312  loss: 0.1312  time: 0.0792  data: 0.0001  max mem: 11815
      TTA Epoch: [8] Total time: 0:01:43 (0.0837 s / it)
     Averaged stats: lr: 0.0001  entropy: 0.1631  loss: 0.1631
     itm tta time 0:01:44
     Computing matching score
      ITM Evaluation: [    0/19848]  eta: 0:29:08    time: 0.0881  data: 0.0167  max mem: 11815
      ITM Evaluation: [  100/19848]  eta: 0:19:50    time: 0.0602  data: 0.0000  max mem: 11815
      ITM Evaluation: [  200/19848]  eta: 0:19:53    time: 0.0605  data: 0.0000  max mem: 11815
      ITM Evaluation: [  300/19848]  eta: 0:19:36    time: 0.0586  data: 0.0000  max mem: 11815
      ITM Evaluation: [  400/19848]  eta: 0:19:34    time: 0.0605  data: 0.0000  max mem: 11815
      ITM Evaluation: [  500/19848]  eta: 0:19:30    time: 0.0615  data: 0.0000  max mem: 11815
      ITM Evaluation: [  600/19848]  eta: 0:19:28    time: 0.0619  data: 0.0000  max mem: 11815
      ITM Evaluation: [  700/19848]  eta: 0:19:21    time: 0.0601  data: 0.0000  max mem: 11815
      ITM Evaluation: [  800/19848]  eta: 0:19:17    time: 0.0600  data: 0.0000  max mem: 11815
      ITM Evaluation: [  900/19848]  eta: 0:19:10    time: 0.0600  data: 0.0000  max mem: 11815
      ITM Evaluation: [ 1000/19848]  eta: 0:19:03    time: 0.0609  data: 0.0000  max mem: 11815
      ITM Evaluation: [ 1100/19848]  eta: 0:18:57    time: 0.0615  data: 0.0000  max mem: 11815
      ITM Evaluation: [ 1200/19848]  eta: 0:18:53    time: 0.0620  data: 0.0000  max mem: 11815
      ITM Evaluation: [ 1300/19848]  eta: 0:18:48    time: 0.0609  data: 0.0000  max mem: 11815
      ITM Evaluation: [ 1400/19848]  eta: 0:18:43    time: 0.0605  data: 0.0000  max mem: 11815
      ITM Evaluation: [ 1500/19848]  eta: 0:18:36    time: 0.0591  data: 0.0000  max mem: 11815
      ITM Evaluation: [ 1600/19848]  eta: 0:18:28    time: 0.0597  data: 0.0000  max mem: 11815
      ITM Evaluation: [ 1700/19848]  eta: 0:18:21    time: 0.0592  data: 0.0000  max mem: 11815
      ITM Evaluation: [ 1800/19848]  eta: 0:18:14    time: 0.0604  data: 0.0000  max mem: 11815
      ITM Evaluation: [ 1900/19848]  eta: 0:18:07    time: 0.0594  data: 0.0000  max mem: 11815
      ITM Evaluation: [ 2000/19848]  eta: 0:18:02    time: 0.0599  data: 0.0000  max mem: 11815
      ITM Evaluation: [ 2100/19848]  eta: 0:17:57    time: 0.0620  data: 0.0000  max mem: 11815
      ITM Evaluation: [ 2200/19848]  eta: 0:17:51    time: 0.0605  data: 0.0000  max mem: 11815
      ITM Evaluation: [ 2300/19848]  eta: 0:17:45    time: 0.0600  data: 0.0000  max mem: 11815
      ITM Evaluation: [ 2400/19848]  eta: 0:17:38    time: 0.0595  data: 0.0000  max mem: 11815
      ITM Evaluation: [ 2500/19848]  eta: 0:17:32    time: 0.0618  data: 0.0000  max mem: 11815
      ITM Evaluation: [ 2600/19848]  eta: 0:17:28    time: 0.0624  data: 0.0000  max mem: 11815
      ITM Evaluation: [ 2700/19848]  eta: 0:17:21    time: 0.0612  data: 0.0000  max mem: 11815
      ITM Evaluation: [ 2800/19848]  eta: 0:17:15    time: 0.0623  data: 0.0000  max mem: 11815
      ITM Evaluation: [ 2900/19848]  eta: 0:17:09    time: 0.0613  data: 0.0000  max mem: 11815
      ITM Evaluation: [ 3000/19848]  eta: 0:17:04    time: 0.0614  data: 0.0000  max mem: 11815
      ITM Evaluation: [ 3100/19848]  eta: 0:16:57    time: 0.0608  data: 0.0000  max mem: 11815
      ITM Evaluation: [ 3200/19848]  eta: 0:16:53    time: 0.0622  data: 0.0000  max mem: 11815
      ITM Evaluation: [ 3300/19848]  eta: 0:16:48    time: 0.0610  data: 0.0000  max mem: 11815
      ITM Evaluation: [ 3400/19848]  eta: 0:16:42    time: 0.0607  data: 0.0000  max mem: 11815
      ITM Evaluation: [ 3500/19848]  eta: 0:16:35    time: 0.0609  data: 0.0000  max mem: 11815
      ITM Evaluation: [ 3600/19848]  eta: 0:16:29    time: 0.0614  data: 0.0000  max mem: 11815
      ITM Evaluation: [ 3700/19848]  eta: 0:16:23    time: 0.0612  data: 0.0000  max mem: 11815
      ITM Evaluation: [ 3800/19848]  eta: 0:16:18    time: 0.0615  data: 0.0000  max mem: 11815
      ITM Evaluation: [ 3900/19848]  eta: 0:16:13    time: 0.0654  data: 0.0000  max mem: 11815
      ITM Evaluation: [ 4000/19848]  eta: 0:16:07    time: 0.0610  data: 0.0000  max mem: 11815
      ITM Evaluation: [ 4100/19848]  eta: 0:16:00    time: 0.0615  data: 0.0000  max mem: 11815
      ITM Evaluation: [ 4200/19848]  eta: 0:15:54    time: 0.0614  data: 0.0000  max mem: 11815
      ITM Evaluation: [ 4300/19848]  eta: 0:15:48    time: 0.0612  data: 0.0000  max mem: 11815
      ITM Evaluation: [ 4400/19848]  eta: 0:15:42    time: 0.0625  data: 0.0000  max mem: 11815
      ITM Evaluation: [ 4500/19848]  eta: 0:15:36    time: 0.0617  data: 0.0000  max mem: 11815
      ITM Evaluation: [ 4600/19848]  eta: 0:15:31    time: 0.0610  data: 0.0000  max mem: 11815
      ITM Evaluation: [ 4700/19848]  eta: 0:15:24    time: 0.0602  data: 0.0000  max mem: 11815
      ITM Evaluation: [ 4800/19848]  eta: 0:15:18    time: 0.0607  data: 0.0000  max mem: 11815
      ITM Evaluation: [ 4900/19848]  eta: 0:15:11    time: 0.0609  data: 0.0000  max mem: 11815
      ITM Evaluation: [ 5000/19848]  eta: 0:15:05    time: 0.0630  data: 0.0000  max mem: 11815
      ITM Evaluation: [ 5100/19848]  eta: 0:14:59    time: 0.0596  data: 0.0000  max mem: 11815
      ITM Evaluation: [ 5200/19848]  eta: 0:14:53    time: 0.0634  data: 0.0000  max mem: 11815
      ITM Evaluation: [ 5300/19848]  eta: 0:14:47    time: 0.0612  data: 0.0000  max mem: 11815
      ITM Evaluation: [ 5400/19848]  eta: 0:14:41    time: 0.0615  data: 0.0000  max mem: 11815
      ITM Evaluation: [ 5500/19848]  eta: 0:14:36    time: 0.0633  data: 0.0000  max mem: 11815
      ITM Evaluation: [ 5600/19848]  eta: 0:14:31    time: 0.0674  data: 0.0000  max mem: 11815
      ITM Evaluation: [ 5700/19848]  eta: 0:14:26    time: 0.0628  data: 0.0000  max mem: 11815
      ITM Evaluation: [ 5800/19848]  eta: 0:14:20    time: 0.0662  data: 0.0000  max mem: 11815
      ITM Evaluation: [ 5900/19848]  eta: 0:14:15    time: 0.0678  data: 0.0000  max mem: 11815
      ITM Evaluation: [ 6000/19848]  eta: 0:14:10    time: 0.0663  data: 0.0000  max mem: 11815
      ITM Evaluation: [ 6100/19848]  eta: 0:14:05    time: 0.0636  data: 0.0000  max mem: 11815
      ITM Evaluation: [ 6200/19848]  eta: 0:14:00    time: 0.0672  data: 0.0000  max mem: 11815
      ITM Evaluation: [ 6300/19848]  eta: 0:13:55    time: 0.0645  data: 0.0000  max mem: 11815
      ITM Evaluation: [ 6400/19848]  eta: 0:13:50    time: 0.0670  data: 0.0000  max mem: 11815
      ITM Evaluation: [ 6500/19848]  eta: 0:13:44    time: 0.0664  data: 0.0000  max mem: 11815
      ITM Evaluation: [ 6600/19848]  eta: 0:13:39    time: 0.0662  data: 0.0000  max mem: 11815
      ITM Evaluation: [ 6700/19848]  eta: 0:13:34    time: 0.0679  data: 0.0000  max mem: 11815
      ITM Evaluation: [ 6800/19848]  eta: 0:13:29    time: 0.0685  data: 0.0000  max mem: 11815
      ITM Evaluation: [ 6900/19848]  eta: 0:13:24    time: 0.0649  data: 0.0000  max mem: 11815
      ITM Evaluation: [ 7000/19848]  eta: 0:13:18    time: 0.0657  data: 0.0000  max mem: 11815
      ITM Evaluation: [ 7100/19848]  eta: 0:13:12    time: 0.0649  data: 0.0000  max mem: 11815
      ITM Evaluation: [ 7200/19848]  eta: 0:13:07    time: 0.0662  data: 0.0000  max mem: 11815
      ITM Evaluation: [ 7300/19848]  eta: 0:13:01    time: 0.0664  data: 0.0000  max mem: 11815
      ITM Evaluation: [ 7400/19848]  eta: 0:12:56    time: 0.0647  data: 0.0000  max mem: 11815
      ITM Evaluation: [ 7500/19848]  eta: 0:12:50    time: 0.0660  data: 0.0000  max mem: 11815
      ITM Evaluation: [ 7600/19848]  eta: 0:12:44    time: 0.0640  data: 0.0000  max mem: 11815
      ITM Evaluation: [ 7700/19848]  eta: 0:12:38    time: 0.0656  data: 0.0000  max mem: 11815
      ITM Evaluation: [ 7800/19848]  eta: 0:12:32    time: 0.0645  data: 0.0000  max mem: 11815
      ITM Evaluation: [ 7900/19848]  eta: 0:12:27    time: 0.0672  data: 0.0000  max mem: 11815
      ITM Evaluation: [ 8000/19848]  eta: 0:12:21    time: 0.0646  data: 0.0000  max mem: 11815
      ITM Evaluation: [ 8100/19848]  eta: 0:12:15    time: 0.0645  data: 0.0000  max mem: 11815
      ITM Evaluation: [ 8200/19848]  eta: 0:12:09    time: 0.0637  data: 0.0000  max mem: 11815
      ITM Evaluation: [ 8300/19848]  eta: 0:12:03    time: 0.0657  data: 0.0000  max mem: 11815
      ITM Evaluation: [ 8400/19848]  eta: 0:11:57    time: 0.0658  data: 0.0000  max mem: 11815
      ITM Evaluation: [ 8500/19848]  eta: 0:11:52    time: 0.0696  data: 0.0000  max mem: 11815
      ITM Evaluation: [ 8600/19848]  eta: 0:11:46    time: 0.0660  data: 0.0000  max mem: 11815
      ITM Evaluation: [ 8700/19848]  eta: 0:11:40    time: 0.0644  data: 0.0000  max mem: 11815
      ITM Evaluation: [ 8800/19848]  eta: 0:11:34    time: 0.0640  data: 0.0000  max mem: 11815
      ITM Evaluation: [ 8900/19848]  eta: 0:11:28    time: 0.0644  data: 0.0000  max mem: 11815
      ITM Evaluation: [ 9000/19848]  eta: 0:11:22    time: 0.0647  data: 0.0000  max mem: 11815
      ITM Evaluation: [ 9100/19848]  eta: 0:11:16    time: 0.0693  data: 0.0000  max mem: 11815
      ITM Evaluation: [ 9200/19848]  eta: 0:11:10    time: 0.0678  data: 0.0000  max mem: 11815
      ITM Evaluation: [ 9300/19848]  eta: 0:11:04    time: 0.0643  data: 0.0000  max mem: 11815
      ITM Evaluation: [ 9400/19848]  eta: 0:10:58    time: 0.0642  data: 0.0000  max mem: 11815
      ITM Evaluation: [ 9500/19848]  eta: 0:10:51    time: 0.0667  data: 0.0000  max mem: 11815
      ITM Evaluation: [ 9600/19848]  eta: 0:10:45    time: 0.0640  data: 0.0000  max mem: 11815
      ITM Evaluation: [ 9700/19848]  eta: 0:10:39    time: 0.0647  data: 0.0000  max mem: 11815
      ITM Evaluation: [ 9800/19848]  eta: 0:10:33    time: 0.0642  data: 0.0000  max mem: 11815
      ITM Evaluation: [ 9900/19848]  eta: 0:10:27    time: 0.0614  data: 0.0000  max mem: 11815
      ITM Evaluation: [10000/19848]  eta: 0:10:20    time: 0.0594  data: 0.0000  max mem: 11815
      ITM Evaluation: [10100/19848]  eta: 0:10:14    time: 0.0607  data: 0.0000  max mem: 11815
      ITM Evaluation: [10200/19848]  eta: 0:10:07    time: 0.0597  data: 0.0000  max mem: 11815
      ITM Evaluation: [10300/19848]  eta: 0:10:01    time: 0.0618  data: 0.0000  max mem: 11815
      ITM Evaluation: [10400/19848]  eta: 0:09:54    time: 0.0616  data: 0.0000  max mem: 11815
      ITM Evaluation: [10500/19848]  eta: 0:09:48    time: 0.0617  data: 0.0000  max mem: 11815
      ITM Evaluation: [10600/19848]  eta: 0:09:41    time: 0.0590  data: 0.0000  max mem: 11815
      ITM Evaluation: [10700/19848]  eta: 0:09:35    time: 0.0609  data: 0.0000  max mem: 11815
      ITM Evaluation: [10800/19848]  eta: 0:09:28    time: 0.0612  data: 0.0000  max mem: 11815
      ITM Evaluation: [10900/19848]  eta: 0:09:22    time: 0.0625  data: 0.0000  max mem: 11815
      ITM Evaluation: [11000/19848]  eta: 0:09:16    time: 0.0607  data: 0.0000  max mem: 11815
      ITM Evaluation: [11100/19848]  eta: 0:09:09    time: 0.0619  data: 0.0000  max mem: 11815
      ITM Evaluation: [11200/19848]  eta: 0:09:03    time: 0.0606  data: 0.0000  max mem: 11815
      ITM Evaluation: [11300/19848]  eta: 0:08:56    time: 0.0605  data: 0.0000  max mem: 11815
      ITM Evaluation: [11400/19848]  eta: 0:08:50    time: 0.0595  data: 0.0000  max mem: 11815
      ITM Evaluation: [11500/19848]  eta: 0:08:43    time: 0.0644  data: 0.0000  max mem: 11815
      ITM Evaluation: [11600/19848]  eta: 0:08:37    time: 0.0585  data: 0.0000  max mem: 11815
      ITM Evaluation: [11700/19848]  eta: 0:08:30    time: 0.0601  data: 0.0000  max mem: 11815
      ITM Evaluation: [11800/19848]  eta: 0:08:24    time: 0.0629  data: 0.0000  max mem: 11815
      ITM Evaluation: [11900/19848]  eta: 0:08:18    time: 0.0604  data: 0.0000  max mem: 11815
      ITM Evaluation: [12000/19848]  eta: 0:08:11    time: 0.0598  data: 0.0000  max mem: 11815
      ITM Evaluation: [12100/19848]  eta: 0:08:05    time: 0.0593  data: 0.0000  max mem: 11815
      ITM Evaluation: [12200/19848]  eta: 0:07:58    time: 0.0610  data: 0.0000  max mem: 11815
      ITM Evaluation: [12300/19848]  eta: 0:07:52    time: 0.0591  data: 0.0000  max mem: 11815
      ITM Evaluation: [12400/19848]  eta: 0:07:46    time: 0.0593  data: 0.0000  max mem: 11815
      ITM Evaluation: [12500/19848]  eta: 0:07:39    time: 0.0604  data: 0.0000  max mem: 11815
      ITM Evaluation: [12600/19848]  eta: 0:07:33    time: 0.0595  data: 0.0000  max mem: 11815
      ITM Evaluation: [12700/19848]  eta: 0:07:26    time: 0.0594  data: 0.0000  max mem: 11815
      ITM Evaluation: [12800/19848]  eta: 0:07:20    time: 0.0606  data: 0.0000  max mem: 11815
      ITM Evaluation: [12900/19848]  eta: 0:07:14    time: 0.0589  data: 0.0000  max mem: 11815
      ITM Evaluation: [13000/19848]  eta: 0:07:07    time: 0.0589  data: 0.0000  max mem: 11815
      ITM Evaluation: [13100/19848]  eta: 0:07:01    time: 0.0600  data: 0.0000  max mem: 11815
      ITM Evaluation: [13200/19848]  eta: 0:06:55    time: 0.0600  data: 0.0000  max mem: 11815
      ITM Evaluation: [13300/19848]  eta: 0:06:48    time: 0.0566  data: 0.0000  max mem: 11815
      ITM Evaluation: [13400/19848]  eta: 0:06:42    time: 0.0613  data: 0.0000  max mem: 11815
      ITM Evaluation: [13500/19848]  eta: 0:06:35    time: 0.0595  data: 0.0000  max mem: 11815
      ITM Evaluation: [13600/19848]  eta: 0:06:29    time: 0.0590  data: 0.0000  max mem: 11815
      ITM Evaluation: [13700/19848]  eta: 0:06:23    time: 0.0595  data: 0.0000  max mem: 11815
      ITM Evaluation: [13800/19848]  eta: 0:06:16    time: 0.0627  data: 0.0000  max mem: 11815
      ITM Evaluation: [13900/19848]  eta: 0:06:10    time: 0.0606  data: 0.0000  max mem: 11815
      ITM Evaluation: [14000/19848]  eta: 0:06:04    time: 0.0618  data: 0.0000  max mem: 11815
      ITM Evaluation: [14100/19848]  eta: 0:05:57    time: 0.0602  data: 0.0000  max mem: 11815
      ITM Evaluation: [14200/19848]  eta: 0:05:51    time: 0.0602  data: 0.0000  max mem: 11815
      ITM Evaluation: [14300/19848]  eta: 0:05:45    time: 0.0600  data: 0.0000  max mem: 11815
      ITM Evaluation: [14400/19848]  eta: 0:05:38    time: 0.0588  data: 0.0000  max mem: 11815
      ITM Evaluation: [14500/19848]  eta: 0:05:32    time: 0.0609  data: 0.0000  max mem: 11815
      ITM Evaluation: [14600/19848]  eta: 0:05:26    time: 0.0636  data: 0.0000  max mem: 11815
      ITM Evaluation: [14700/19848]  eta: 0:05:20    time: 0.0610  data: 0.0000  max mem: 11815
      ITM Evaluation: [14800/19848]  eta: 0:05:13    time: 0.0592  data: 0.0000  max mem: 11815
      ITM Evaluation: [14900/19848]  eta: 0:05:07    time: 0.0595  data: 0.0000  max mem: 11815
      ITM Evaluation: [15000/19848]  eta: 0:05:01    time: 0.0605  data: 0.0000  max mem: 11815
      ITM Evaluation: [15100/19848]  eta: 0:04:55    time: 0.0599  data: 0.0000  max mem: 11815
      ITM Evaluation: [15200/19848]  eta: 0:04:48    time: 0.0618  data: 0.0000  max mem: 11815
      ITM Evaluation: [15300/19848]  eta: 0:04:42    time: 0.0596  data: 0.0000  max mem: 11815
      ITM Evaluation: [15400/19848]  eta: 0:04:36    time: 0.0589  data: 0.0000  max mem: 11815
      ITM Evaluation: [15500/19848]  eta: 0:04:29    time: 0.0592  data: 0.0000  max mem: 11815
      ITM Evaluation: [15600/19848]  eta: 0:04:23    time: 0.0589  data: 0.0000  max mem: 11815
      ITM Evaluation: [15700/19848]  eta: 0:04:17    time: 0.0585  data: 0.0000  max mem: 11815
      ITM Evaluation: [15800/19848]  eta: 0:04:11    time: 0.0612  data: 0.0000  max mem: 11815
      ITM Evaluation: [15900/19848]  eta: 0:04:04    time: 0.0607  data: 0.0000  max mem: 11815
      ITM Evaluation: [16000/19848]  eta: 0:03:58    time: 0.0595  data: 0.0000  max mem: 11815
      ITM Evaluation: [16100/19848]  eta: 0:03:52    time: 0.0591  data: 0.0000  max mem: 11815
      ITM Evaluation: [16200/19848]  eta: 0:03:46    time: 0.0598  data: 0.0000  max mem: 11815
      ITM Evaluation: [16300/19848]  eta: 0:03:39    time: 0.0595  data: 0.0000  max mem: 11815
      ITM Evaluation: [16400/19848]  eta: 0:03:33    time: 0.0609  data: 0.0000  max mem: 11815
      ITM Evaluation: [16500/19848]  eta: 0:03:27    time: 0.0612  data: 0.0000  max mem: 11815
      ITM Evaluation: [16600/19848]  eta: 0:03:21    time: 0.0630  data: 0.0000  max mem: 11815
      ITM Evaluation: [16700/19848]  eta: 0:03:15    time: 0.0593  data: 0.0000  max mem: 11815
      ITM Evaluation: [16800/19848]  eta: 0:03:08    time: 0.0596  data: 0.0000  max mem: 11815
      ITM Evaluation: [16900/19848]  eta: 0:03:02    time: 0.0596  data: 0.0000  max mem: 11815
      ITM Evaluation: [17000/19848]  eta: 0:02:56    time: 0.0588  data: 0.0000  max mem: 11815
      ITM Evaluation: [17100/19848]  eta: 0:02:50    time: 0.0609  data: 0.0000  max mem: 11815
      ITM Evaluation: [17200/19848]  eta: 0:02:43    time: 0.0605  data: 0.0000  max mem: 11815
      ITM Evaluation: [17300/19848]  eta: 0:02:37    time: 0.0608  data: 0.0000  max mem: 11815
      ITM Evaluation: [17400/19848]  eta: 0:02:31    time: 0.0601  data: 0.0000  max mem: 11815
      ITM Evaluation: [17500/19848]  eta: 0:02:25    time: 0.0598  data: 0.0000  max mem: 11815
      ITM Evaluation: [17600/19848]  eta: 0:02:19    time: 0.0585  data: 0.0000  max mem: 11815
      ITM Evaluation: [17700/19848]  eta: 0:02:12    time: 0.0620  data: 0.0000  max mem: 11815
      ITM Evaluation: [17800/19848]  eta: 0:02:06    time: 0.0602  data: 0.0000  max mem: 11815
      ITM Evaluation: [17900/19848]  eta: 0:02:00    time: 0.0611  data: 0.0000  max mem: 11815
      ITM Evaluation: [18000/19848]  eta: 0:01:54    time: 0.0598  data: 0.0000  max mem: 11815
      ITM Evaluation: [18100/19848]  eta: 0:01:48    time: 0.0594  data: 0.0000  max mem: 11815
      ITM Evaluation: [18200/19848]  eta: 0:01:41    time: 0.0598  data: 0.0000  max mem: 11815
      ITM Evaluation: [18300/19848]  eta: 0:01:35    time: 0.0629  data: 0.0000  max mem: 11815
      ITM Evaluation: [18400/19848]  eta: 0:01:29    time: 0.0595  data: 0.0000  max mem: 11815
      ITM Evaluation: [18500/19848]  eta: 0:01:23    time: 0.0600  data: 0.0000  max mem: 11815
      ITM Evaluation: [18600/19848]  eta: 0:01:17    time: 0.0608  data: 0.0000  max mem: 11815
      ITM Evaluation: [18700/19848]  eta: 0:01:10    time: 0.0609  data: 0.0000  max mem: 11815
      ITM Evaluation: [18800/19848]  eta: 0:01:04    time: 0.0594  data: 0.0000  max mem: 11815
      ITM Evaluation: [18900/19848]  eta: 0:00:58    time: 0.0611  data: 0.0000  max mem: 11815
      ITM Evaluation: [19000/19848]  eta: 0:00:52    time: 0.0598  data: 0.0000  max mem: 11815
      ITM Evaluation: [19100/19848]  eta: 0:00:46    time: 0.0622  data: 0.0000  max mem: 11815
      ITM Evaluation: [19200/19848]  eta: 0:00:40    time: 0.0613  data: 0.0000  max mem: 11815
      ITM Evaluation: [19300/19848]  eta: 0:00:33    time: 0.0616  data: 0.0000  max mem: 11815
      ITM Evaluation: [19400/19848]  eta: 0:00:27    time: 0.0610  data: 0.0000  max mem: 11815
      ITM Evaluation: [19500/19848]  eta: 0:00:21    time: 0.0627  data: 0.0000  max mem: 11815
      ITM Evaluation: [19600/19848]  eta: 0:00:15    time: 0.0605  data: 0.0000  max mem: 11815
      ITM Evaluation: [19700/19848]  eta: 0:00:09    time: 0.0591  data: 0.0000  max mem: 11815
      ITM Evaluation: [19800/19848]  eta: 0:00:02    time: 0.0604  data: 0.0000  max mem: 11815
      ITM Evaluation: [19847/19848]  eta: 0:00:00    time: 0.0601  data: 0.0000  max mem: 11815
      ITM Evaluation: Total time: 0:20:25 (0.0617 s / it)
     total_time 1226.5310378074646
     Computing matching score time 0:20:26
### TTA ITM Score: 
+-------+--------+--------+--------+--------+--------+
| epoch |   R1   |   R5   |  R10   |  mAP   |  mINP  |
+-------+--------+--------+--------+--------+--------+
|  -999 | 63.014 | 79.484 | 85.041 | 40.411 | 10.184 |
|  -999 | 68.183 | 82.885 | 87.500 | 40.507 | 9.104  |
|   0   | 51.194 | 76.340 | 83.918 | 34.260 | 8.543  |
|   1   | 49.924 | 75.731 | 83.706 | 33.600 | 8.701  |
|   2   | 50.872 | 76.511 | 84.129 | 34.339 | 8.722  |
|   3   | 49.899 | 76.295 | 84.195 | 34.336 | 8.791  |
|   4   | 51.648 | 77.106 | 84.553 | 34.580 | 8.802  |
|   5   | 49.133 | 75.776 | 83.948 | 33.658 | 8.610  |
|   6   | 43.843 | 73.297 | 82.361 | 31.786 | 8.304  |
|   7   | 42.992 | 71.947 | 81.313 | 30.706 | 8.213  |
|   8   | 44.352 | 72.783 | 81.847 | 31.141 | 8.210  |
+-------+--------+--------+--------+--------+--------+
     logs:  {'epo': 8, 'R1': 44.352, 'R5': 72.783, 'R10': 81.847, 'mAP': 31.141, 'mINP': 8.21, 'lr': 7.2e-05, 'entropy': 0.163129, 'loss': 0.163129}
      TTA Epoch: [9] [   0/1240]  eta: 0:32:53  lr: 0.000070  entropy: 0.0567  loss: 0.0567  time: 1.5919  data: 1.4821  max mem: 11815
      TTA Epoch: [9] [ 100/1240]  eta: 0:01:46  lr: 0.000070  entropy: 0.1387  loss: 0.1387  time: 0.0801  data: 0.0001  max mem: 11815
      TTA Epoch: [9] [ 200/1240]  eta: 0:01:30  lr: 0.000070  entropy: 0.2038  loss: 0.2038  time: 0.0820  data: 0.0001  max mem: 11815
      TTA Epoch: [9] [ 300/1240]  eta: 0:01:19  lr: 0.000069  entropy: 0.1202  loss: 0.1202  time: 0.0810  data: 0.0001  max mem: 11815
      TTA Epoch: [9] [ 400/1240]  eta: 0:01:10  lr: 0.000069  entropy: 0.2310  loss: 0.2310  time: 0.0810  data: 0.0001  max mem: 11815
      TTA Epoch: [9] [ 500/1240]  eta: 0:01:01  lr: 0.000069  entropy: 0.1027  loss: 0.1027  time: 0.0800  data: 0.0001  max mem: 11815
      TTA Epoch: [9] [ 600/1240]  eta: 0:00:53  lr: 0.000069  entropy: 0.2450  loss: 0.2450  time: 0.0815  data: 0.0001  max mem: 11815
      TTA Epoch: [9] [ 700/1240]  eta: 0:00:44  lr: 0.000068  entropy: 0.1613  loss: 0.1613  time: 0.0811  data: 0.0001  max mem: 11815
      TTA Epoch: [9] [ 800/1240]  eta: 0:00:36  lr: 0.000068  entropy: 0.1537  loss: 0.1537  time: 0.0905  data: 0.0002  max mem: 11815
      TTA Epoch: [9] [ 900/1240]  eta: 0:00:28  lr: 0.000068  entropy: 0.1867  loss: 0.1867  time: 0.0831  data: 0.0001  max mem: 11815
      TTA Epoch: [9] [1000/1240]  eta: 0:00:19  lr: 0.000068  entropy: 0.1625  loss: 0.1625  time: 0.0797  data: 0.0001  max mem: 11815
      TTA Epoch: [9] [1100/1240]  eta: 0:00:11  lr: 0.000067  entropy: 0.0761  loss: 0.0761  time: 0.0820  data: 0.0001  max mem: 11815
      TTA Epoch: [9] [1200/1240]  eta: 0:00:03  lr: 0.000067  entropy: 0.1575  loss: 0.1575  time: 0.0824  data: 0.0001  max mem: 11815
      TTA Epoch: [9] [1239/1240]  eta: 0:00:00  lr: 0.000067  entropy: 0.2953  loss: 0.2953  time: 0.0806  data: 0.0001  max mem: 11815
      TTA Epoch: [9] Total time: 0:01:42 (0.0827 s / it)
     Averaged stats: lr: 0.0001  entropy: 0.1533  loss: 0.1533
     itm tta time 0:01:43
     Computing matching score
      ITM Evaluation: [    0/19848]  eta: 0:37:29    time: 0.1133  data: 0.0218  max mem: 11815
      ITM Evaluation: [  100/19848]  eta: 0:20:56    time: 0.0609  data: 0.0000  max mem: 11815
      ITM Evaluation: [  200/19848]  eta: 0:20:13    time: 0.0598  data: 0.0000  max mem: 11815
      ITM Evaluation: [  300/19848]  eta: 0:19:50    time: 0.0592  data: 0.0000  max mem: 11815
      ITM Evaluation: [  400/19848]  eta: 0:19:35    time: 0.0599  data: 0.0000  max mem: 11815
      ITM Evaluation: [  500/19848]  eta: 0:19:27    time: 0.0601  data: 0.0000  max mem: 11815
      ITM Evaluation: [  600/19848]  eta: 0:19:21    time: 0.0618  data: 0.0000  max mem: 11815
      ITM Evaluation: [  700/19848]  eta: 0:19:25    time: 0.0665  data: 0.0000  max mem: 11815
      ITM Evaluation: [  800/19848]  eta: 0:19:25    time: 0.0624  data: 0.0000  max mem: 11815
      ITM Evaluation: [  900/19848]  eta: 0:19:17    time: 0.0608  data: 0.0000  max mem: 11815
      ITM Evaluation: [ 1000/19848]  eta: 0:19:08    time: 0.0604  data: 0.0000  max mem: 11815
      ITM Evaluation: [ 1100/19848]  eta: 0:19:01    time: 0.0613  data: 0.0000  max mem: 11815
      ITM Evaluation: [ 1200/19848]  eta: 0:18:54    time: 0.0599  data: 0.0000  max mem: 11815
      ITM Evaluation: [ 1300/19848]  eta: 0:18:47    time: 0.0615  data: 0.0000  max mem: 11815
      ITM Evaluation: [ 1400/19848]  eta: 0:18:41    time: 0.0624  data: 0.0000  max mem: 11815
      ITM Evaluation: [ 1500/19848]  eta: 0:18:36    time: 0.0620  data: 0.0000  max mem: 11815
      ITM Evaluation: [ 1600/19848]  eta: 0:18:28    time: 0.0597  data: 0.0000  max mem: 11815
      ITM Evaluation: [ 1700/19848]  eta: 0:18:22    time: 0.0596  data: 0.0000  max mem: 11815
      ITM Evaluation: [ 1800/19848]  eta: 0:18:15    time: 0.0611  data: 0.0000  max mem: 11815
      ITM Evaluation: [ 1900/19848]  eta: 0:18:09    time: 0.0630  data: 0.0000  max mem: 11815
      ITM Evaluation: [ 2000/19848]  eta: 0:18:04    time: 0.0608  data: 0.0000  max mem: 11815
      ITM Evaluation: [ 2100/19848]  eta: 0:17:58    time: 0.0622  data: 0.0000  max mem: 11815
      ITM Evaluation: [ 2200/19848]  eta: 0:17:53    time: 0.0626  data: 0.0000  max mem: 11815
      ITM Evaluation: [ 2300/19848]  eta: 0:17:46    time: 0.0592  data: 0.0000  max mem: 11815
      ITM Evaluation: [ 2400/19848]  eta: 0:17:40    time: 0.0602  data: 0.0000  max mem: 11815
      ITM Evaluation: [ 2500/19848]  eta: 0:17:33    time: 0.0581  data: 0.0000  max mem: 11815
      ITM Evaluation: [ 2600/19848]  eta: 0:17:25    time: 0.0565  data: 0.0000  max mem: 11815
      ITM Evaluation: [ 2700/19848]  eta: 0:17:17    time: 0.0571  data: 0.0000  max mem: 11815
      ITM Evaluation: [ 2800/19848]  eta: 0:17:09    time: 0.0569  data: 0.0000  max mem: 11815
      ITM Evaluation: [ 2900/19848]  eta: 0:17:01    time: 0.0567  data: 0.0000  max mem: 11815
      ITM Evaluation: [ 3000/19848]  eta: 0:16:54    time: 0.0569  data: 0.0000  max mem: 11815
      ITM Evaluation: [ 3100/19848]  eta: 0:16:47    time: 0.0610  data: 0.0000  max mem: 11815
      ITM Evaluation: [ 3200/19848]  eta: 0:16:42    time: 0.0623  data: 0.0000  max mem: 11815
      ITM Evaluation: [ 3300/19848]  eta: 0:16:35    time: 0.0590  data: 0.0000  max mem: 11815
      ITM Evaluation: [ 3400/19848]  eta: 0:16:29    time: 0.0598  data: 0.0000  max mem: 11815
      ITM Evaluation: [ 3500/19848]  eta: 0:16:23    time: 0.0611  data: 0.0000  max mem: 11815
      ITM Evaluation: [ 3600/19848]  eta: 0:16:16    time: 0.0590  data: 0.0000  max mem: 11815
      ITM Evaluation: [ 3700/19848]  eta: 0:16:11    time: 0.0633  data: 0.0000  max mem: 11815
      ITM Evaluation: [ 3800/19848]  eta: 0:16:05    time: 0.0614  data: 0.0000  max mem: 11815
      ITM Evaluation: [ 3900/19848]  eta: 0:16:00    time: 0.0595  data: 0.0000  max mem: 11815
      ITM Evaluation: [ 4000/19848]  eta: 0:15:54    time: 0.0596  data: 0.0000  max mem: 11815
      ITM Evaluation: [ 4100/19848]  eta: 0:15:48    time: 0.0609  data: 0.0000  max mem: 11815
      ITM Evaluation: [ 4200/19848]  eta: 0:15:42    time: 0.0599  data: 0.0000  max mem: 11815
      ITM Evaluation: [ 4300/19848]  eta: 0:15:36    time: 0.0628  data: 0.0000  max mem: 11815
      ITM Evaluation: [ 4400/19848]  eta: 0:15:30    time: 0.0609  data: 0.0000  max mem: 11815
      ITM Evaluation: [ 4500/19848]  eta: 0:15:25    time: 0.0623  data: 0.0000  max mem: 11815
      ITM Evaluation: [ 4600/19848]  eta: 0:15:19    time: 0.0609  data: 0.0000  max mem: 11815
      ITM Evaluation: [ 4700/19848]  eta: 0:15:13    time: 0.0597  data: 0.0000  max mem: 11815
      ITM Evaluation: [ 4800/19848]  eta: 0:15:07    time: 0.0606  data: 0.0000  max mem: 11815
      ITM Evaluation: [ 4900/19848]  eta: 0:15:02    time: 0.0639  data: 0.0000  max mem: 11815
      ITM Evaluation: [ 5000/19848]  eta: 0:14:56    time: 0.0602  data: 0.0000  max mem: 11815
      ITM Evaluation: [ 5100/19848]  eta: 0:14:50    time: 0.0618  data: 0.0000  max mem: 11815
      ITM Evaluation: [ 5200/19848]  eta: 0:14:45    time: 0.0628  data: 0.0000  max mem: 11815
      ITM Evaluation: [ 5300/19848]  eta: 0:14:39    time: 0.0615  data: 0.0000  max mem: 11815
      ITM Evaluation: [ 5400/19848]  eta: 0:14:33    time: 0.0613  data: 0.0000  max mem: 11815
      ITM Evaluation: [ 5500/19848]  eta: 0:14:27    time: 0.0637  data: 0.0000  max mem: 11815
      ITM Evaluation: [ 5600/19848]  eta: 0:14:21    time: 0.0603  data: 0.0000  max mem: 11815
      ITM Evaluation: [ 5700/19848]  eta: 0:14:16    time: 0.0619  data: 0.0000  max mem: 11815
      ITM Evaluation: [ 5800/19848]  eta: 0:14:10    time: 0.0649  data: 0.0000  max mem: 11815
      ITM Evaluation: [ 5900/19848]  eta: 0:14:05    time: 0.0626  data: 0.0000  max mem: 11815
      ITM Evaluation: [ 6000/19848]  eta: 0:13:59    time: 0.0608  data: 0.0000  max mem: 11815
      ITM Evaluation: [ 6100/19848]  eta: 0:13:53    time: 0.0627  data: 0.0000  max mem: 11815
      ITM Evaluation: [ 6200/19848]  eta: 0:13:47    time: 0.0601  data: 0.0000  max mem: 11815
      ITM Evaluation: [ 6300/19848]  eta: 0:13:41    time: 0.0607  data: 0.0000  max mem: 11815
      ITM Evaluation: [ 6400/19848]  eta: 0:13:35    time: 0.0615  data: 0.0000  max mem: 11815
      ITM Evaluation: [ 6500/19848]  eta: 0:13:29    time: 0.0636  data: 0.0000  max mem: 11815
      ITM Evaluation: [ 6600/19848]  eta: 0:13:23    time: 0.0606  data: 0.0000  max mem: 11815
      ITM Evaluation: [ 6700/19848]  eta: 0:13:17    time: 0.0648  data: 0.0000  max mem: 11815
      ITM Evaluation: [ 6800/19848]  eta: 0:13:11    time: 0.0563  data: 0.0000  max mem: 11815
      ITM Evaluation: [ 6900/19848]  eta: 0:13:04    time: 0.0581  data: 0.0000  max mem: 11815
      ITM Evaluation: [ 7000/19848]  eta: 0:12:58    time: 0.0593  data: 0.0000  max mem: 11815
      ITM Evaluation: [ 7100/19848]  eta: 0:12:52    time: 0.0588  data: 0.0000  max mem: 11815
      ITM Evaluation: [ 7200/19848]  eta: 0:12:46    time: 0.0618  data: 0.0000  max mem: 11815
      ITM Evaluation: [ 7300/19848]  eta: 0:12:40    time: 0.0679  data: 0.0000  max mem: 11815
      ITM Evaluation: [ 7400/19848]  eta: 0:12:34    time: 0.0602  data: 0.0000  max mem: 11815
      ITM Evaluation: [ 7500/19848]  eta: 0:12:28    time: 0.0607  data: 0.0000  max mem: 11815
      ITM Evaluation: [ 7600/19848]  eta: 0:12:22    time: 0.0597  data: 0.0000  max mem: 11815
      ITM Evaluation: [ 7700/19848]  eta: 0:12:16    time: 0.0619  data: 0.0000  max mem: 11815
      ITM Evaluation: [ 7800/19848]  eta: 0:12:10    time: 0.0614  data: 0.0000  max mem: 11815
      ITM Evaluation: [ 7900/19848]  eta: 0:12:04    time: 0.0642  data: 0.0000  max mem: 11815
      ITM Evaluation: [ 8000/19848]  eta: 0:11:58    time: 0.0615  data: 0.0000  max mem: 11815
      ITM Evaluation: [ 8100/19848]  eta: 0:11:53    time: 0.0623  data: 0.0000  max mem: 11815
      ITM Evaluation: [ 8200/19848]  eta: 0:11:46    time: 0.0600  data: 0.0000  max mem: 11815
      ITM Evaluation: [ 8300/19848]  eta: 0:11:40    time: 0.0605  data: 0.0000  max mem: 11815
      ITM Evaluation: [ 8400/19848]  eta: 0:11:34    time: 0.0592  data: 0.0000  max mem: 11815
      ITM Evaluation: [ 8500/19848]  eta: 0:11:28    time: 0.0655  data: 0.0000  max mem: 11815
      ITM Evaluation: [ 8600/19848]  eta: 0:11:22    time: 0.0591  data: 0.0000  max mem: 11815
      ITM Evaluation: [ 8700/19848]  eta: 0:11:16    time: 0.0629  data: 0.0000  max mem: 11815
      ITM Evaluation: [ 8800/19848]  eta: 0:11:10    time: 0.0612  data: 0.0000  max mem: 11815
      ITM Evaluation: [ 8900/19848]  eta: 0:11:04    time: 0.0613  data: 0.0000  max mem: 11815
      ITM Evaluation: [ 9000/19848]  eta: 0:10:58    time: 0.0595  data: 0.0000  max mem: 11815
      ITM Evaluation: [ 9100/19848]  eta: 0:10:52    time: 0.0609  data: 0.0000  max mem: 11815
      ITM Evaluation: [ 9200/19848]  eta: 0:10:46    time: 0.0601  data: 0.0000  max mem: 11815
      ITM Evaluation: [ 9300/19848]  eta: 0:10:39    time: 0.0574  data: 0.0000  max mem: 11815
      ITM Evaluation: [ 9400/19848]  eta: 0:10:33    time: 0.0607  data: 0.0000  max mem: 11815
      ITM Evaluation: [ 9500/19848]  eta: 0:10:27    time: 0.0596  data: 0.0000  max mem: 11815
      ITM Evaluation: [ 9600/19848]  eta: 0:10:21    time: 0.0588  data: 0.0000  max mem: 11815
      ITM Evaluation: [ 9700/19848]  eta: 0:10:15    time: 0.0609  data: 0.0000  max mem: 11815
      ITM Evaluation: [ 9800/19848]  eta: 0:10:09    time: 0.0598  data: 0.0000  max mem: 11815
      ITM Evaluation: [ 9900/19848]  eta: 0:10:03    time: 0.0608  data: 0.0000  max mem: 11815
      ITM Evaluation: [10000/19848]  eta: 0:09:57    time: 0.0590  data: 0.0000  max mem: 11815
      ITM Evaluation: [10100/19848]  eta: 0:09:50    time: 0.0592  data: 0.0000  max mem: 11815
      ITM Evaluation: [10200/19848]  eta: 0:09:44    time: 0.0617  data: 0.0000  max mem: 11815
      ITM Evaluation: [10300/19848]  eta: 0:09:38    time: 0.0588  data: 0.0000  max mem: 11815
      ITM Evaluation: [10400/19848]  eta: 0:09:32    time: 0.0595  data: 0.0000  max mem: 11815
      ITM Evaluation: [10500/19848]  eta: 0:09:26    time: 0.0585  data: 0.0000  max mem: 11815
      ITM Evaluation: [10600/19848]  eta: 0:09:20    time: 0.0594  data: 0.0000  max mem: 11815
      ITM Evaluation: [10700/19848]  eta: 0:09:14    time: 0.0581  data: 0.0000  max mem: 11815
      ITM Evaluation: [10800/19848]  eta: 0:09:07    time: 0.0607  data: 0.0000  max mem: 11815
      ITM Evaluation: [10900/19848]  eta: 0:09:01    time: 0.0601  data: 0.0000  max mem: 11815
      ITM Evaluation: [11000/19848]  eta: 0:08:55    time: 0.0604  data: 0.0000  max mem: 11815
      ITM Evaluation: [11100/19848]  eta: 0:08:49    time: 0.0589  data: 0.0000  max mem: 11815
      ITM Evaluation: [11200/19848]  eta: 0:08:43    time: 0.0617  data: 0.0000  max mem: 11815
      ITM Evaluation: [11300/19848]  eta: 0:08:37    time: 0.0590  data: 0.0000  max mem: 11815
      ITM Evaluation: [11400/19848]  eta: 0:08:31    time: 0.0607  data: 0.0000  max mem: 11815
      ITM Evaluation: [11500/19848]  eta: 0:08:25    time: 0.0595  data: 0.0000  max mem: 11815
      ITM Evaluation: [11600/19848]  eta: 0:08:19    time: 0.0588  data: 0.0000  max mem: 11815
      ITM Evaluation: [11700/19848]  eta: 0:08:13    time: 0.0621  data: 0.0000  max mem: 11815
      ITM Evaluation: [11800/19848]  eta: 0:08:07    time: 0.0609  data: 0.0000  max mem: 11815
      ITM Evaluation: [11900/19848]  eta: 0:08:01    time: 0.0592  data: 0.0000  max mem: 11815
      ITM Evaluation: [12000/19848]  eta: 0:07:54    time: 0.0577  data: 0.0000  max mem: 11815
      ITM Evaluation: [12100/19848]  eta: 0:07:48    time: 0.0594  data: 0.0000  max mem: 11815
      ITM Evaluation: [12200/19848]  eta: 0:07:42    time: 0.0595  data: 0.0000  max mem: 11815
      ITM Evaluation: [12300/19848]  eta: 0:07:36    time: 0.0601  data: 0.0000  max mem: 11815
      ITM Evaluation: [12400/19848]  eta: 0:07:30    time: 0.0606  data: 0.0000  max mem: 11815
      ITM Evaluation: [12500/19848]  eta: 0:07:24    time: 0.0587  data: 0.0000  max mem: 11815
      ITM Evaluation: [12600/19848]  eta: 0:07:18    time: 0.0601  data: 0.0000  max mem: 11815
      ITM Evaluation: [12700/19848]  eta: 0:07:12    time: 0.0594  data: 0.0000  max mem: 11815
      ITM Evaluation: [12800/19848]  eta: 0:07:06    time: 0.0613  data: 0.0000  max mem: 11815
      ITM Evaluation: [12900/19848]  eta: 0:07:00    time: 0.0596  data: 0.0000  max mem: 11815
      ITM Evaluation: [13000/19848]  eta: 0:06:54    time: 0.0590  data: 0.0000  max mem: 11815
      ITM Evaluation: [13100/19848]  eta: 0:06:48    time: 0.0591  data: 0.0000  max mem: 11815
      ITM Evaluation: [13200/19848]  eta: 0:06:41    time: 0.0592  data: 0.0000  max mem: 11815
      ITM Evaluation: [13300/19848]  eta: 0:06:35    time: 0.0586  data: 0.0000  max mem: 11815
      ITM Evaluation: [13400/19848]  eta: 0:06:29    time: 0.0587  data: 0.0000  max mem: 11815
      ITM Evaluation: [13500/19848]  eta: 0:06:23    time: 0.0583  data: 0.0000  max mem: 11815
      ITM Evaluation: [13600/19848]  eta: 0:06:17    time: 0.0577  data: 0.0000  max mem: 11815
      ITM Evaluation: [13700/19848]  eta: 0:06:11    time: 0.0590  data: 0.0000  max mem: 11815
      ITM Evaluation: [13800/19848]  eta: 0:06:05    time: 0.0617  data: 0.0000  max mem: 11815
      ITM Evaluation: [13900/19848]  eta: 0:05:59    time: 0.0601  data: 0.0000  max mem: 11815
      ITM Evaluation: [14000/19848]  eta: 0:05:53    time: 0.0644  data: 0.0000  max mem: 11815
      ITM Evaluation: [14100/19848]  eta: 0:05:47    time: 0.0601  data: 0.0000  max mem: 11815
      ITM Evaluation: [14200/19848]  eta: 0:05:41    time: 0.0600  data: 0.0000  max mem: 11815
      ITM Evaluation: [14300/19848]  eta: 0:05:34    time: 0.0587  data: 0.0000  max mem: 11815
      ITM Evaluation: [14400/19848]  eta: 0:05:28    time: 0.0586  data: 0.0000  max mem: 11815
      ITM Evaluation: [14500/19848]  eta: 0:05:22    time: 0.0597  data: 0.0000  max mem: 11815
      ITM Evaluation: [14600/19848]  eta: 0:05:16    time: 0.0595  data: 0.0000  max mem: 11815
      ITM Evaluation: [14700/19848]  eta: 0:05:10    time: 0.0595  data: 0.0000  max mem: 11815
      ITM Evaluation: [14800/19848]  eta: 0:05:04    time: 0.0620  data: 0.0000  max mem: 11815
      ITM Evaluation: [14900/19848]  eta: 0:04:58    time: 0.0598  data: 0.0000  max mem: 11815
      ITM Evaluation: [15000/19848]  eta: 0:04:52    time: 0.0610  data: 0.0000  max mem: 11815
      ITM Evaluation: [15100/19848]  eta: 0:04:46    time: 0.0596  data: 0.0000  max mem: 11815
      ITM Evaluation: [15200/19848]  eta: 0:04:40    time: 0.0600  data: 0.0000  max mem: 11815
      ITM Evaluation: [15300/19848]  eta: 0:04:34    time: 0.0592  data: 0.0000  max mem: 11815
      ITM Evaluation: [15400/19848]  eta: 0:04:28    time: 0.0595  data: 0.0000  max mem: 11815
      ITM Evaluation: [15500/19848]  eta: 0:04:22    time: 0.0594  data: 0.0000  max mem: 11815
      ITM Evaluation: [15600/19848]  eta: 0:04:16    time: 0.0604  data: 0.0000  max mem: 11815
      ITM Evaluation: [15700/19848]  eta: 0:04:10    time: 0.0609  data: 0.0000  max mem: 11815
      ITM Evaluation: [15800/19848]  eta: 0:04:04    time: 0.0618  data: 0.0000  max mem: 11815
      ITM Evaluation: [15900/19848]  eta: 0:03:58    time: 0.0616  data: 0.0000  max mem: 11815
      ITM Evaluation: [16000/19848]  eta: 0:03:52    time: 0.0598  data: 0.0000  max mem: 11815
      ITM Evaluation: [16100/19848]  eta: 0:03:46    time: 0.0594  data: 0.0000  max mem: 11815
      ITM Evaluation: [16200/19848]  eta: 0:03:40    time: 0.0593  data: 0.0000  max mem: 11815
      ITM Evaluation: [16300/19848]  eta: 0:03:34    time: 0.0599  data: 0.0000  max mem: 11815
      ITM Evaluation: [16400/19848]  eta: 0:03:28    time: 0.0596  data: 0.0000  max mem: 11815
      ITM Evaluation: [16500/19848]  eta: 0:03:22    time: 0.0598  data: 0.0000  max mem: 11815
      ITM Evaluation: [16600/19848]  eta: 0:03:16    time: 0.0598  data: 0.0000  max mem: 11815
      ITM Evaluation: [16700/19848]  eta: 0:03:09    time: 0.0611  data: 0.0000  max mem: 11815
      ITM Evaluation: [16800/19848]  eta: 0:03:03    time: 0.0607  data: 0.0000  max mem: 11815
      ITM Evaluation: [16900/19848]  eta: 0:02:57    time: 0.0603  data: 0.0000  max mem: 11815
      ITM Evaluation: [17000/19848]  eta: 0:02:51    time: 0.0581  data: 0.0000  max mem: 11815
      ITM Evaluation: [17100/19848]  eta: 0:02:45    time: 0.0594  data: 0.0000  max mem: 11815
      ITM Evaluation: [17200/19848]  eta: 0:02:39    time: 0.0608  data: 0.0000  max mem: 11815
      ITM Evaluation: [17300/19848]  eta: 0:02:33    time: 0.0603  data: 0.0000  max mem: 11815
      ITM Evaluation: [17400/19848]  eta: 0:02:27    time: 0.0595  data: 0.0000  max mem: 11815
      ITM Evaluation: [17500/19848]  eta: 0:02:21    time: 0.0607  data: 0.0000  max mem: 11815
      ITM Evaluation: [17600/19848]  eta: 0:02:15    time: 0.0584  data: 0.0000  max mem: 11815
      ITM Evaluation: [17700/19848]  eta: 0:02:09    time: 0.0591  data: 0.0000  max mem: 11815
      ITM Evaluation: [17800/19848]  eta: 0:02:03    time: 0.0597  data: 0.0000  max mem: 11815
      ITM Evaluation: [17900/19848]  eta: 0:01:57    time: 0.0616  data: 0.0000  max mem: 11815
      ITM Evaluation: [18000/19848]  eta: 0:01:51    time: 0.0607  data: 0.0000  max mem: 11815
      ITM Evaluation: [18100/19848]  eta: 0:01:45    time: 0.0600  data: 0.0000  max mem: 11815
      ITM Evaluation: [18200/19848]  eta: 0:01:39    time: 0.0594  data: 0.0000  max mem: 11815
      ITM Evaluation: [18300/19848]  eta: 0:01:33    time: 0.0590  data: 0.0000  max mem: 11815
      ITM Evaluation: [18400/19848]  eta: 0:01:27    time: 0.0575  data: 0.0000  max mem: 11815
      ITM Evaluation: [18500/19848]  eta: 0:01:21    time: 0.0595  data: 0.0000  max mem: 11815
      ITM Evaluation: [18600/19848]  eta: 0:01:15    time: 0.0601  data: 0.0000  max mem: 11815
      ITM Evaluation: [18700/19848]  eta: 0:01:09    time: 0.0598  data: 0.0000  max mem: 11815
      ITM Evaluation: [18800/19848]  eta: 0:01:03    time: 0.0602  data: 0.0000  max mem: 11815
      ITM Evaluation: [18900/19848]  eta: 0:00:57    time: 0.0604  data: 0.0000  max mem: 11815
      ITM Evaluation: [19000/19848]  eta: 0:00:51    time: 0.0599  data: 0.0000  max mem: 11815
      ITM Evaluation: [19100/19848]  eta: 0:00:45    time: 0.0604  data: 0.0000  max mem: 11815
      ITM Evaluation: [19200/19848]  eta: 0:00:39    time: 0.0589  data: 0.0000  max mem: 11815
      ITM Evaluation: [19300/19848]  eta: 0:00:33    time: 0.0656  data: 0.0000  max mem: 11815
      ITM Evaluation: [19400/19848]  eta: 0:00:26    time: 0.0608  data: 0.0000  max mem: 11815
      ITM Evaluation: [19500/19848]  eta: 0:00:20    time: 0.0617  data: 0.0000  max mem: 11815
      ITM Evaluation: [19600/19848]  eta: 0:00:14    time: 0.0596  data: 0.0000  max mem: 11815
      ITM Evaluation: [19700/19848]  eta: 0:00:08    time: 0.0613  data: 0.0000  max mem: 11815
      ITM Evaluation: [19800/19848]  eta: 0:00:02    time: 0.0596  data: 0.0000  max mem: 11815
      ITM Evaluation: [19847/19848]  eta: 0:00:00    time: 0.0601  data: 0.0000  max mem: 11815
      ITM Evaluation: Total time: 0:19:56 (0.0603 s / it)
     total_time 1197.9135780334473
     Computing matching score time 0:19:57
### TTA ITM Score: 
+-------+--------+--------+--------+--------+--------+
| epoch |   R1   |   R5   |  R10   |  mAP   |  mINP  |
+-------+--------+--------+--------+--------+--------+
|  -999 | 63.014 | 79.484 | 85.041 | 40.411 | 10.184 |
|  -999 | 68.183 | 82.885 | 87.500 | 40.507 | 9.104  |
|   0   | 51.194 | 76.340 | 83.918 | 34.260 | 8.543  |
|   1   | 49.924 | 75.731 | 83.706 | 33.600 | 8.701  |
|   2   | 50.872 | 76.511 | 84.129 | 34.339 | 8.722  |
|   3   | 49.899 | 76.295 | 84.195 | 34.336 | 8.791  |
|   4   | 51.648 | 77.106 | 84.553 | 34.580 | 8.802  |
|   5   | 49.133 | 75.776 | 83.948 | 33.658 | 8.610  |
|   6   | 43.843 | 73.297 | 82.361 | 31.786 | 8.304  |
|   7   | 42.992 | 71.947 | 81.313 | 30.706 | 8.213  |
|   8   | 44.352 | 72.783 | 81.847 | 31.141 | 8.210  |
|   9   | 41.909 | 71.115 | 80.794 | 30.064 | 8.011  |
+-------+--------+--------+--------+--------+--------+
     logs:  {'epo': 9, 'R1': 41.909, 'R5': 71.115, 'R10': 80.794, 'mAP': 30.064, 'mINP': 8.011, 'lr': 6.9e-05, 'entropy': 0.153327, 'loss': 0.153327}
      TTA Epoch: [10] [   0/1240]  eta: 0:33:10  lr: 0.000067  entropy: 0.2198  loss: 0.2198  time: 1.6049  data: 1.3616  max mem: 11815
      TTA Epoch: [10] [ 100/1240]  eta: 0:01:47  lr: 0.000067  entropy: 0.2052  loss: 0.2052  time: 0.0750  data: 0.0001  max mem: 11815
      TTA Epoch: [10] [ 200/1240]  eta: 0:01:31  lr: 0.000066  entropy: 0.0687  loss: 0.0687  time: 0.0804  data: 0.0002  max mem: 11815
      TTA Epoch: [10] [ 300/1240]  eta: 0:01:20  lr: 0.000066  entropy: 0.3028  loss: 0.3028  time: 0.0796  data: 0.0001  max mem: 11815
      TTA Epoch: [10] [ 400/1240]  eta: 0:01:12  lr: 0.000066  entropy: 0.2377  loss: 0.2377  time: 0.0831  data: 0.0009  max mem: 11815
      TTA Epoch: [10] [ 500/1240]  eta: 0:01:03  lr: 0.000066  entropy: 0.1525  loss: 0.1525  time: 0.0831  data: 0.0001  max mem: 11815
      TTA Epoch: [10] [ 600/1240]  eta: 0:00:54  lr: 0.000065  entropy: 0.1200  loss: 0.1200  time: 0.0905  data: 0.0002  max mem: 11815
      TTA Epoch: [10] [ 700/1240]  eta: 0:00:45  lr: 0.000065  entropy: 0.2177  loss: 0.2177  time: 0.0818  data: 0.0001  max mem: 11815
      TTA Epoch: [10] [ 800/1240]  eta: 0:00:37  lr: 0.000065  entropy: 0.2050  loss: 0.2050  time: 0.0826  data: 0.0002  max mem: 11815
      TTA Epoch: [10] [ 900/1240]  eta: 0:00:28  lr: 0.000064  entropy: 0.1348  loss: 0.1348  time: 0.0828  data: 0.0008  max mem: 11815
      TTA Epoch: [10] [1000/1240]  eta: 0:00:20  lr: 0.000064  entropy: 0.2318  loss: 0.2318  time: 0.0830  data: 0.0002  max mem: 11815
      TTA Epoch: [10] [1100/1240]  eta: 0:00:11  lr: 0.000064  entropy: 0.1530  loss: 0.1530  time: 0.0806  data: 0.0001  max mem: 11815
      TTA Epoch: [10] [1200/1240]  eta: 0:00:03  lr: 0.000064  entropy: 0.1565  loss: 0.1565  time: 0.0799  data: 0.0001  max mem: 11815
      TTA Epoch: [10] [1239/1240]  eta: 0:00:00  lr: 0.000064  entropy: 0.0294  loss: 0.0294  time: 0.0795  data: 0.0001  max mem: 11815
      TTA Epoch: [10] Total time: 0:01:43 (0.0837 s / it)
     Averaged stats: lr: 0.0001  entropy: 0.1490  loss: 0.1490
     itm tta time 0:01:44
     Computing matching score
      ITM Evaluation: [    0/19848]  eta: 1:21:38    time: 0.2468  data: 0.1719  max mem: 11815
      ITM Evaluation: [  100/19848]  eta: 0:20:23    time: 0.0611  data: 0.0000  max mem: 11815
      ITM Evaluation: [  200/19848]  eta: 0:19:59    time: 0.0597  data: 0.0000  max mem: 11815
      ITM Evaluation: [  300/19848]  eta: 0:19:49    time: 0.0608  data: 0.0000  max mem: 11815
      ITM Evaluation: [  400/19848]  eta: 0:19:47    time: 0.0601  data: 0.0000  max mem: 11815
      ITM Evaluation: [  500/19848]  eta: 0:19:38    time: 0.0604  data: 0.0000  max mem: 11815
      ITM Evaluation: [  600/19848]  eta: 0:19:29    time: 0.0598  data: 0.0000  max mem: 11815
      ITM Evaluation: [  700/19848]  eta: 0:19:22    time: 0.0602  data: 0.0000  max mem: 11815
      ITM Evaluation: [  800/19848]  eta: 0:19:17    time: 0.0595  data: 0.0000  max mem: 11815
      ITM Evaluation: [  900/19848]  eta: 0:19:10    time: 0.0600  data: 0.0000  max mem: 11815
      ITM Evaluation: [ 1000/19848]  eta: 0:19:07    time: 0.0625  data: 0.0000  max mem: 11815
      ITM Evaluation: [ 1100/19848]  eta: 0:19:02    time: 0.0609  data: 0.0000  max mem: 11815
      ITM Evaluation: [ 1200/19848]  eta: 0:18:55    time: 0.0603  data: 0.0000  max mem: 11815
      ITM Evaluation: [ 1300/19848]  eta: 0:18:48    time: 0.0600  data: 0.0000  max mem: 11815
      ITM Evaluation: [ 1400/19848]  eta: 0:18:40    time: 0.0592  data: 0.0000  max mem: 11815
      ITM Evaluation: [ 1500/19848]  eta: 0:18:34    time: 0.0610  data: 0.0000  max mem: 11815
      ITM Evaluation: [ 1600/19848]  eta: 0:18:31    time: 0.0640  data: 0.0000  max mem: 11815
      ITM Evaluation: [ 1700/19848]  eta: 0:18:25    time: 0.0611  data: 0.0000  max mem: 11815
      ITM Evaluation: [ 1800/19848]  eta: 0:18:20    time: 0.0615  data: 0.0000  max mem: 11815
      ITM Evaluation: [ 1900/19848]  eta: 0:18:13    time: 0.0596  data: 0.0000  max mem: 11815
      ITM Evaluation: [ 2000/19848]  eta: 0:18:06    time: 0.0599  data: 0.0000  max mem: 11815
      ITM Evaluation: [ 2100/19848]  eta: 0:18:00    time: 0.0592  data: 0.0000  max mem: 11815
      ITM Evaluation: [ 2200/19848]  eta: 0:17:54    time: 0.0622  data: 0.0000  max mem: 11815
      ITM Evaluation: [ 2300/19848]  eta: 0:17:48    time: 0.0609  data: 0.0000  max mem: 11815
      ITM Evaluation: [ 2400/19848]  eta: 0:17:42    time: 0.0615  data: 0.0000  max mem: 11815
      ITM Evaluation: [ 2500/19848]  eta: 0:17:37    time: 0.0624  data: 0.0000  max mem: 11815
      ITM Evaluation: [ 2600/19848]  eta: 0:17:31    time: 0.0596  data: 0.0000  max mem: 11815
      ITM Evaluation: [ 2700/19848]  eta: 0:17:24    time: 0.0602  data: 0.0000  max mem: 11815
      ITM Evaluation: [ 2800/19848]  eta: 0:17:18    time: 0.0605  data: 0.0000  max mem: 11815
      ITM Evaluation: [ 2900/19848]  eta: 0:17:12    time: 0.0599  data: 0.0000  max mem: 11815
      ITM Evaluation: [ 3000/19848]  eta: 0:17:05    time: 0.0604  data: 0.0000  max mem: 11815
      ITM Evaluation: [ 3100/19848]  eta: 0:16:59    time: 0.0629  data: 0.0000  max mem: 11815
      ITM Evaluation: [ 3200/19848]  eta: 0:16:54    time: 0.0614  data: 0.0000  max mem: 11815
      ITM Evaluation: [ 3300/19848]  eta: 0:16:47    time: 0.0594  data: 0.0000  max mem: 11815
      ITM Evaluation: [ 3400/19848]  eta: 0:16:41    time: 0.0632  data: 0.0000  max mem: 11815
      ITM Evaluation: [ 3500/19848]  eta: 0:16:34    time: 0.0575  data: 0.0000  max mem: 11815
      ITM Evaluation: [ 3600/19848]  eta: 0:16:27    time: 0.0580  data: 0.0000  max mem: 11815
      ITM Evaluation: [ 3700/19848]  eta: 0:16:20    time: 0.0586  data: 0.0000  max mem: 11815
      ITM Evaluation: [ 3800/19848]  eta: 0:16:13    time: 0.0577  data: 0.0000  max mem: 11815
      ITM Evaluation: [ 3900/19848]  eta: 0:16:06    time: 0.0593  data: 0.0000  max mem: 11815
      ITM Evaluation: [ 4000/19848]  eta: 0:16:00    time: 0.0619  data: 0.0000  max mem: 11815
      ITM Evaluation: [ 4100/19848]  eta: 0:15:54    time: 0.0597  data: 0.0000  max mem: 11815
      ITM Evaluation: [ 4200/19848]  eta: 0:15:47    time: 0.0589  data: 0.0000  max mem: 11815
      ITM Evaluation: [ 4300/19848]  eta: 0:15:40    time: 0.0582  data: 0.0000  max mem: 11815
      ITM Evaluation: [ 4400/19848]  eta: 0:15:34    time: 0.0581  data: 0.0000  max mem: 11815
      ITM Evaluation: [ 4500/19848]  eta: 0:15:27    time: 0.0582  data: 0.0000  max mem: 11815
      ITM Evaluation: [ 4600/19848]  eta: 0:15:21    time: 0.0597  data: 0.0000  max mem: 11815
      ITM Evaluation: [ 4700/19848]  eta: 0:15:15    time: 0.0595  data: 0.0000  max mem: 11815
      ITM Evaluation: [ 4800/19848]  eta: 0:15:08    time: 0.0586  data: 0.0000  max mem: 11815
      ITM Evaluation: [ 4900/19848]  eta: 0:15:02    time: 0.0590  data: 0.0000  max mem: 11815
      ITM Evaluation: [ 5000/19848]  eta: 0:14:55    time: 0.0583  data: 0.0000  max mem: 11815
      ITM Evaluation: [ 5100/19848]  eta: 0:14:49    time: 0.0588  data: 0.0000  max mem: 11815
      ITM Evaluation: [ 5200/19848]  eta: 0:14:43    time: 0.0585  data: 0.0000  max mem: 11815
      ITM Evaluation: [ 5300/19848]  eta: 0:14:37    time: 0.0607  data: 0.0000  max mem: 11815
      ITM Evaluation: [ 5400/19848]  eta: 0:14:31    time: 0.0615  data: 0.0000  max mem: 11815
      ITM Evaluation: [ 5500/19848]  eta: 0:14:24    time: 0.0581  data: 0.0000  max mem: 11815
      ITM Evaluation: [ 5600/19848]  eta: 0:14:18    time: 0.0585  data: 0.0000  max mem: 11815
      ITM Evaluation: [ 5700/19848]  eta: 0:14:11    time: 0.0595  data: 0.0000  max mem: 11815
      ITM Evaluation: [ 5800/19848]  eta: 0:14:05    time: 0.0587  data: 0.0000  max mem: 11815
      ITM Evaluation: [ 5900/19848]  eta: 0:13:59    time: 0.0587  data: 0.0000  max mem: 11815
      ITM Evaluation: [ 6000/19848]  eta: 0:13:53    time: 0.0605  data: 0.0000  max mem: 11815
      ITM Evaluation: [ 6100/19848]  eta: 0:13:47    time: 0.0591  data: 0.0000  max mem: 11815
      ITM Evaluation: [ 6200/19848]  eta: 0:13:40    time: 0.0586  data: 0.0000  max mem: 11815
      ITM Evaluation: [ 6300/19848]  eta: 0:13:34    time: 0.0599  data: 0.0000  max mem: 11815
      ITM Evaluation: [ 6400/19848]  eta: 0:13:28    time: 0.0587  data: 0.0000  max mem: 11815
      ITM Evaluation: [ 6500/19848]  eta: 0:13:22    time: 0.0593  data: 0.0000  max mem: 11815
      ITM Evaluation: [ 6600/19848]  eta: 0:13:16    time: 0.0588  data: 0.0000  max mem: 11815
      ITM Evaluation: [ 6700/19848]  eta: 0:13:09    time: 0.0595  data: 0.0000  max mem: 11815
      ITM Evaluation: [ 6800/19848]  eta: 0:13:04    time: 0.0594  data: 0.0000  max mem: 11815
      ITM Evaluation: [ 6900/19848]  eta: 0:12:57    time: 0.0584  data: 0.0000  max mem: 11815
      ITM Evaluation: [ 7000/19848]  eta: 0:12:51    time: 0.0574  data: 0.0000  max mem: 11815
      ITM Evaluation: [ 7100/19848]  eta: 0:12:45    time: 0.0597  data: 0.0000  max mem: 11815
      ITM Evaluation: [ 7200/19848]  eta: 0:12:38    time: 0.0578  data: 0.0000  max mem: 11815
      ITM Evaluation: [ 7300/19848]  eta: 0:12:32    time: 0.0567  data: 0.0000  max mem: 11815
      ITM Evaluation: [ 7400/19848]  eta: 0:12:26    time: 0.0590  data: 0.0000  max mem: 11815
      ITM Evaluation: [ 7500/19848]  eta: 0:12:20    time: 0.0588  data: 0.0000  max mem: 11815
      ITM Evaluation: [ 7600/19848]  eta: 0:12:13    time: 0.0582  data: 0.0000  max mem: 11815
      ITM Evaluation: [ 7700/19848]  eta: 0:12:07    time: 0.0591  data: 0.0000  max mem: 11815
      ITM Evaluation: [ 7800/19848]  eta: 0:12:01    time: 0.0583  data: 0.0000  max mem: 11815
      ITM Evaluation: [ 7900/19848]  eta: 0:11:55    time: 0.0584  data: 0.0000  max mem: 11815
      ITM Evaluation: [ 8000/19848]  eta: 0:11:49    time: 0.0590  data: 0.0000  max mem: 11815
      ITM Evaluation: [ 8100/19848]  eta: 0:11:43    time: 0.0591  data: 0.0000  max mem: 11815
      ITM Evaluation: [ 8200/19848]  eta: 0:11:37    time: 0.0604  data: 0.0000  max mem: 11815
      ITM Evaluation: [ 8300/19848]  eta: 0:11:31    time: 0.0581  data: 0.0000  max mem: 11815
      ITM Evaluation: [ 8400/19848]  eta: 0:11:25    time: 0.0592  data: 0.0000  max mem: 11815
      ITM Evaluation: [ 8500/19848]  eta: 0:11:19    time: 0.0587  data: 0.0000  max mem: 11815
      ITM Evaluation: [ 8600/19848]  eta: 0:11:13    time: 0.0593  data: 0.0000  max mem: 11815
      ITM Evaluation: [ 8700/19848]  eta: 0:11:07    time: 0.0599  data: 0.0000  max mem: 11815
      ITM Evaluation: [ 8800/19848]  eta: 0:11:01    time: 0.0605  data: 0.0000  max mem: 11815
      ITM Evaluation: [ 8900/19848]  eta: 0:10:55    time: 0.0615  data: 0.0000  max mem: 11815
      ITM Evaluation: [ 9000/19848]  eta: 0:10:49    time: 0.0621  data: 0.0000  max mem: 11815
      ITM Evaluation: [ 9100/19848]  eta: 0:10:43    time: 0.0606  data: 0.0000  max mem: 11815
      ITM Evaluation: [ 9200/19848]  eta: 0:10:37    time: 0.0601  data: 0.0000  max mem: 11815
      ITM Evaluation: [ 9300/19848]  eta: 0:10:31    time: 0.0605  data: 0.0000  max mem: 11815
      ITM Evaluation: [ 9400/19848]  eta: 0:10:25    time: 0.0600  data: 0.0000  max mem: 11815
      ITM Evaluation: [ 9500/19848]  eta: 0:10:19    time: 0.0582  data: 0.0000  max mem: 11815
      ITM Evaluation: [ 9600/19848]  eta: 0:10:13    time: 0.0599  data: 0.0000  max mem: 11815
      ITM Evaluation: [ 9700/19848]  eta: 0:10:07    time: 0.0617  data: 0.0000  max mem: 11815
      ITM Evaluation: [ 9800/19848]  eta: 0:10:01    time: 0.0581  data: 0.0000  max mem: 11815
      ITM Evaluation: [ 9900/19848]  eta: 0:09:55    time: 0.0586  data: 0.0000  max mem: 11815
      ITM Evaluation: [10000/19848]  eta: 0:09:49    time: 0.0591  data: 0.0000  max mem: 11815
      ITM Evaluation: [10100/19848]  eta: 0:09:43    time: 0.0597  data: 0.0000  max mem: 11815
      ITM Evaluation: [10200/19848]  eta: 0:09:37    time: 0.0606  data: 0.0000  max mem: 11815
      ITM Evaluation: [10300/19848]  eta: 0:09:31    time: 0.0591  data: 0.0000  max mem: 11815
      ITM Evaluation: [10400/19848]  eta: 0:09:25    time: 0.0606  data: 0.0000  max mem: 11815
      ITM Evaluation: [10500/19848]  eta: 0:09:19    time: 0.0582  data: 0.0000  max mem: 11815
      ITM Evaluation: [10600/19848]  eta: 0:09:13    time: 0.0591  data: 0.0000  max mem: 11815
      ITM Evaluation: [10700/19848]  eta: 0:09:07    time: 0.0584  data: 0.0000  max mem: 11815
      ITM Evaluation: [10800/19848]  eta: 0:09:01    time: 0.0588  data: 0.0000  max mem: 11815
      ITM Evaluation: [10900/19848]  eta: 0:08:55    time: 0.0615  data: 0.0000  max mem: 11815
      ITM Evaluation: [11000/19848]  eta: 0:08:49    time: 0.0590  data: 0.0000  max mem: 11815
      ITM Evaluation: [11100/19848]  eta: 0:08:43    time: 0.0615  data: 0.0000  max mem: 11815
      ITM Evaluation: [11200/19848]  eta: 0:08:37    time: 0.0586  data: 0.0000  max mem: 11815
      ITM Evaluation: [11300/19848]  eta: 0:08:31    time: 0.0612  data: 0.0000  max mem: 11815
      ITM Evaluation: [11400/19848]  eta: 0:08:25    time: 0.0596  data: 0.0000  max mem: 11815
      ITM Evaluation: [11500/19848]  eta: 0:08:19    time: 0.0594  data: 0.0000  max mem: 11815
      ITM Evaluation: [11600/19848]  eta: 0:08:13    time: 0.0577  data: 0.0000  max mem: 11815
      ITM Evaluation: [11700/19848]  eta: 0:08:07    time: 0.0592  data: 0.0000  max mem: 11815
      ITM Evaluation: [11800/19848]  eta: 0:08:01    time: 0.0623  data: 0.0000  max mem: 11815
      ITM Evaluation: [11900/19848]  eta: 0:07:55    time: 0.0631  data: 0.0000  max mem: 11815
      ITM Evaluation: [12000/19848]  eta: 0:07:50    time: 0.0598  data: 0.0000  max mem: 11815
      ITM Evaluation: [12100/19848]  eta: 0:07:43    time: 0.0584  data: 0.0000  max mem: 11815
      ITM Evaluation: [12200/19848]  eta: 0:07:37    time: 0.0591  data: 0.0000  max mem: 11815
      ITM Evaluation: [12300/19848]  eta: 0:07:31    time: 0.0593  data: 0.0000  max mem: 11815
      ITM Evaluation: [12400/19848]  eta: 0:07:25    time: 0.0587  data: 0.0000  max mem: 11815
      ITM Evaluation: [12500/19848]  eta: 0:07:19    time: 0.0633  data: 0.0000  max mem: 11815
      ITM Evaluation: [12600/19848]  eta: 0:07:13    time: 0.0610  data: 0.0000  max mem: 11815
      ITM Evaluation: [12700/19848]  eta: 0:07:07    time: 0.0584  data: 0.0000  max mem: 11815
      ITM Evaluation: [12800/19848]  eta: 0:07:01    time: 0.0593  data: 0.0000  max mem: 11815
      ITM Evaluation: [12900/19848]  eta: 0:06:55    time: 0.0593  data: 0.0000  max mem: 11815
      ITM Evaluation: [13000/19848]  eta: 0:06:49    time: 0.0582  data: 0.0000  max mem: 11815
      ITM Evaluation: [13100/19848]  eta: 0:06:43    time: 0.0627  data: 0.0000  max mem: 11815
      ITM Evaluation: [13200/19848]  eta: 0:06:37    time: 0.0607  data: 0.0000  max mem: 11815
      ITM Evaluation: [13300/19848]  eta: 0:06:31    time: 0.0599  data: 0.0000  max mem: 11815
      ITM Evaluation: [13400/19848]  eta: 0:06:25    time: 0.0600  data: 0.0000  max mem: 11815
      ITM Evaluation: [13500/19848]  eta: 0:06:19    time: 0.0612  data: 0.0000  max mem: 11815
      ITM Evaluation: [13600/19848]  eta: 0:06:13    time: 0.0598  data: 0.0000  max mem: 11815
      ITM Evaluation: [13700/19848]  eta: 0:06:07    time: 0.0587  data: 0.0000  max mem: 11815
      ITM Evaluation: [13800/19848]  eta: 0:06:01    time: 0.0588  data: 0.0000  max mem: 11815
      ITM Evaluation: [13900/19848]  eta: 0:05:55    time: 0.0607  data: 0.0000  max mem: 11815
      ITM Evaluation: [14000/19848]  eta: 0:05:49    time: 0.0613  data: 0.0000  max mem: 11815
      ITM Evaluation: [14100/19848]  eta: 0:05:43    time: 0.0589  data: 0.0000  max mem: 11815
      ITM Evaluation: [14200/19848]  eta: 0:05:37    time: 0.0600  data: 0.0000  max mem: 11815
      ITM Evaluation: [14300/19848]  eta: 0:05:31    time: 0.0583  data: 0.0000  max mem: 11815
      ITM Evaluation: [14400/19848]  eta: 0:05:25    time: 0.0595  data: 0.0000  max mem: 11815
      ITM Evaluation: [14500/19848]  eta: 0:05:19    time: 0.0584  data: 0.0000  max mem: 11815
      ITM Evaluation: [14600/19848]  eta: 0:05:13    time: 0.0595  data: 0.0000  max mem: 11815
      ITM Evaluation: [14700/19848]  eta: 0:05:07    time: 0.0601  data: 0.0000  max mem: 11815
      ITM Evaluation: [14800/19848]  eta: 0:05:01    time: 0.0611  data: 0.0000  max mem: 11815
      ITM Evaluation: [14900/19848]  eta: 0:04:55    time: 0.0583  data: 0.0000  max mem: 11815
      ITM Evaluation: [15000/19848]  eta: 0:04:49    time: 0.0569  data: 0.0000  max mem: 11815
      ITM Evaluation: [15100/19848]  eta: 0:04:43    time: 0.0587  data: 0.0000  max mem: 11815
      ITM Evaluation: [15200/19848]  eta: 0:04:37    time: 0.0588  data: 0.0000  max mem: 11815
      ITM Evaluation: [15300/19848]  eta: 0:04:31    time: 0.0584  data: 0.0000  max mem: 11815
      ITM Evaluation: [15400/19848]  eta: 0:04:25    time: 0.0651  data: 0.0000  max mem: 11815
      ITM Evaluation: [15500/19848]  eta: 0:04:20    time: 0.0602  data: 0.0000  max mem: 11815
      ITM Evaluation: [15600/19848]  eta: 0:04:14    time: 0.0586  data: 0.0000  max mem: 11815
      ITM Evaluation: [15700/19848]  eta: 0:04:08    time: 0.0595  data: 0.0000  max mem: 11815
      ITM Evaluation: [15800/19848]  eta: 0:04:02    time: 0.0594  data: 0.0000  max mem: 11815
      ITM Evaluation: [15900/19848]  eta: 0:03:56    time: 0.0604  data: 0.0000  max mem: 11815
      ITM Evaluation: [16000/19848]  eta: 0:03:50    time: 0.0592  data: 0.0000  max mem: 11815
      ITM Evaluation: [16100/19848]  eta: 0:03:44    time: 0.0620  data: 0.0000  max mem: 11815
      ITM Evaluation: [16200/19848]  eta: 0:03:38    time: 0.0610  data: 0.0000  max mem: 11815
      ITM Evaluation: [16300/19848]  eta: 0:03:32    time: 0.0595  data: 0.0000  max mem: 11815
      ITM Evaluation: [16400/19848]  eta: 0:03:26    time: 0.0595  data: 0.0000  max mem: 11815
      ITM Evaluation: [16500/19848]  eta: 0:03:20    time: 0.0584  data: 0.0000  max mem: 11815
      ITM Evaluation: [16600/19848]  eta: 0:03:14    time: 0.0611  data: 0.0000  max mem: 11815
      ITM Evaluation: [16700/19848]  eta: 0:03:08    time: 0.0595  data: 0.0000  max mem: 11815
      ITM Evaluation: [16800/19848]  eta: 0:03:02    time: 0.0606  data: 0.0000  max mem: 11815
      ITM Evaluation: [16900/19848]  eta: 0:02:56    time: 0.0620  data: 0.0000  max mem: 11815
      ITM Evaluation: [17000/19848]  eta: 0:02:50    time: 0.0593  data: 0.0000  max mem: 11815
      ITM Evaluation: [17100/19848]  eta: 0:02:44    time: 0.0596  data: 0.0000  max mem: 11815
      ITM Evaluation: [17200/19848]  eta: 0:02:38    time: 0.0607  data: 0.0000  max mem: 11815
      ITM Evaluation: [17300/19848]  eta: 0:02:32    time: 0.0599  data: 0.0000  max mem: 11815
      ITM Evaluation: [17400/19848]  eta: 0:02:26    time: 0.0598  data: 0.0000  max mem: 11815
      ITM Evaluation: [17500/19848]  eta: 0:02:20    time: 0.0596  data: 0.0000  max mem: 11815
      ITM Evaluation: [17600/19848]  eta: 0:02:14    time: 0.0606  data: 0.0000  max mem: 11815
      ITM Evaluation: [17700/19848]  eta: 0:02:08    time: 0.0601  data: 0.0000  max mem: 11815
      ITM Evaluation: [17800/19848]  eta: 0:02:02    time: 0.0582  data: 0.0000  max mem: 11815
      ITM Evaluation: [17900/19848]  eta: 0:01:56    time: 0.0597  data: 0.0000  max mem: 11815
      ITM Evaluation: [18000/19848]  eta: 0:01:50    time: 0.0588  data: 0.0000  max mem: 11815
      ITM Evaluation: [18100/19848]  eta: 0:01:44    time: 0.0607  data: 0.0000  max mem: 11815
      ITM Evaluation: [18200/19848]  eta: 0:01:38    time: 0.0606  data: 0.0000  max mem: 11815
      ITM Evaluation: [18300/19848]  eta: 0:01:32    time: 0.0620  data: 0.0000  max mem: 11815
      ITM Evaluation: [18400/19848]  eta: 0:01:26    time: 0.0619  data: 0.0000  max mem: 11815
      ITM Evaluation: [18500/19848]  eta: 0:01:20    time: 0.0605  data: 0.0000  max mem: 11815
      ITM Evaluation: [18600/19848]  eta: 0:01:14    time: 0.0593  data: 0.0000  max mem: 11815
      ITM Evaluation: [18700/19848]  eta: 0:01:08    time: 0.0609  data: 0.0000  max mem: 11815
      ITM Evaluation: [18800/19848]  eta: 0:01:02    time: 0.0604  data: 0.0000  max mem: 11815
      ITM Evaluation: [18900/19848]  eta: 0:00:56    time: 0.0596  data: 0.0000  max mem: 11815
      ITM Evaluation: [19000/19848]  eta: 0:00:50    time: 0.0618  data: 0.0000  max mem: 11815
      ITM Evaluation: [19100/19848]  eta: 0:00:44    time: 0.0591  data: 0.0000  max mem: 11815
      ITM Evaluation: [19200/19848]  eta: 0:00:38    time: 0.0587  data: 0.0000  max mem: 11815
      ITM Evaluation: [19300/19848]  eta: 0:00:32    time: 0.0610  data: 0.0000  max mem: 11815
      ITM Evaluation: [19400/19848]  eta: 0:00:26    time: 0.0597  data: 0.0000  max mem: 11815
      ITM Evaluation: [19500/19848]  eta: 0:00:20    time: 0.0598  data: 0.0000  max mem: 11815
      ITM Evaluation: [19600/19848]  eta: 0:00:14    time: 0.0614  data: 0.0000  max mem: 11815
      ITM Evaluation: [19700/19848]  eta: 0:00:08    time: 0.0607  data: 0.0000  max mem: 11815
      ITM Evaluation: [19800/19848]  eta: 0:00:02    time: 0.0588  data: 0.0000  max mem: 11815
      ITM Evaluation: [19847/19848]  eta: 0:00:00    time: 0.0592  data: 0.0000  max mem: 11815
      ITM Evaluation: Total time: 0:19:48 (0.0599 s / it)
     total_time 1189.7327952384949
     Computing matching score time 0:19:49
### TTA ITM Score: 
+-------+--------+--------+--------+--------+--------+
| epoch |   R1   |   R5   |  R10   |  mAP   |  mINP  |
+-------+--------+--------+--------+--------+--------+
|  -999 | 63.014 | 79.484 | 85.041 | 40.411 | 10.184 |
|  -999 | 68.183 | 82.885 | 87.500 | 40.507 | 9.104  |
|   0   | 51.194 | 76.340 | 83.918 | 34.260 | 8.543  |
|   1   | 49.924 | 75.731 | 83.706 | 33.600 | 8.701  |
|   2   | 50.872 | 76.511 | 84.129 | 34.339 | 8.722  |
|   3   | 49.899 | 76.295 | 84.195 | 34.336 | 8.791  |
|   4   | 51.648 | 77.106 | 84.553 | 34.580 | 8.802  |
|   5   | 49.133 | 75.776 | 83.948 | 33.658 | 8.610  |
|   6   | 43.843 | 73.297 | 82.361 | 31.786 | 8.304  |
|   7   | 42.992 | 71.947 | 81.313 | 30.706 | 8.213  |
|   8   | 44.352 | 72.783 | 81.847 | 31.141 | 8.210  |
|   9   | 41.909 | 71.115 | 80.794 | 30.064 | 8.011  |
|   10  | 44.831 | 72.949 | 81.958 | 31.495 | 8.118  |
+-------+--------+--------+--------+--------+--------+
     logs:  {'epo': 10, 'R1': 44.831, 'R5': 72.949, 'R10': 81.958, 'mAP': 31.495, 'mINP': 8.118, 'lr': 6.5e-05, 'entropy': 0.148968, 'loss': 0.148968}
      TTA Epoch: [11] [   0/1240]  eta: 0:31:07  lr: 0.000064  entropy: 0.1429  loss: 0.1429  time: 1.5059  data: 1.4049  max mem: 11815
      TTA Epoch: [11] [ 100/1240]  eta: 0:01:52  lr: 0.000063  entropy: 0.2770  loss: 0.2770  time: 0.0791  data: 0.0001  max mem: 11815
      TTA Epoch: [11] [ 200/1240]  eta: 0:01:34  lr: 0.000063  entropy: 0.1063  loss: 0.1063  time: 0.0896  data: 0.0002  max mem: 11815
      TTA Epoch: [11] [ 300/1240]  eta: 0:01:23  lr: 0.000063  entropy: 0.1251  loss: 0.1251  time: 0.0762  data: 0.0002  max mem: 11815
      TTA Epoch: [11] [ 400/1240]  eta: 0:01:12  lr: 0.000062  entropy: 0.0486  loss: 0.0486  time: 0.0811  data: 0.0001  max mem: 11815
      TTA Epoch: [11] [ 500/1240]  eta: 0:01:03  lr: 0.000062  entropy: 0.1057  loss: 0.1057  time: 0.0808  data: 0.0001  max mem: 11815
      TTA Epoch: [11] [ 600/1240]  eta: 0:00:54  lr: 0.000062  entropy: 0.1461  loss: 0.1461  time: 0.0805  data: 0.0001  max mem: 11815
      TTA Epoch: [11] [ 700/1240]  eta: 0:00:45  lr: 0.000062  entropy: 0.2540  loss: 0.2540  time: 0.0812  data: 0.0001  max mem: 11815
      TTA Epoch: [11] [ 800/1240]  eta: 0:00:37  lr: 0.000061  entropy: 0.2494  loss: 0.2494  time: 0.0825  data: 0.0002  max mem: 11815
      TTA Epoch: [11] [ 900/1240]  eta: 0:00:28  lr: 0.000061  entropy: 0.2608  loss: 0.2608  time: 0.0826  data: 0.0001  max mem: 11815
      TTA Epoch: [11] [1000/1240]  eta: 0:00:20  lr: 0.000061  entropy: 0.1050  loss: 0.1050  time: 0.0832  data: 0.0001  max mem: 11815
      TTA Epoch: [11] [1100/1240]  eta: 0:00:11  lr: 0.000061  entropy: 0.1694  loss: 0.1694  time: 0.0952  data: 0.0003  max mem: 11815
      TTA Epoch: [11] [1200/1240]  eta: 0:00:03  lr: 0.000060  entropy: 0.2276  loss: 0.2276  time: 0.0821  data: 0.0001  max mem: 11815
      TTA Epoch: [11] [1239/1240]  eta: 0:00:00  lr: 0.000060  entropy: 0.0460  loss: 0.0460  time: 0.0796  data: 0.0002  max mem: 11815
      TTA Epoch: [11] Total time: 0:01:43 (0.0838 s / it)
     Averaged stats: lr: 0.0001  entropy: 0.1429  loss: 0.1429
     itm tta time 0:01:44
     Computing matching score
      ITM Evaluation: [    0/19848]  eta: 0:30:49    time: 0.0932  data: 0.0143  max mem: 11815
      ITM Evaluation: [  100/19848]  eta: 0:19:51    time: 0.0596  data: 0.0000  max mem: 11815
      ITM Evaluation: [  200/19848]  eta: 0:19:45    time: 0.0608  data: 0.0000  max mem: 11815
      ITM Evaluation: [  300/19848]  eta: 0:19:33    time: 0.0601  data: 0.0000  max mem: 11815
      ITM Evaluation: [  400/19848]  eta: 0:19:28    time: 0.0598  data: 0.0000  max mem: 11815
      ITM Evaluation: [  500/19848]  eta: 0:19:19    time: 0.0596  data: 0.0000  max mem: 11815
      ITM Evaluation: [  600/19848]  eta: 0:19:13    time: 0.0609  data: 0.0000  max mem: 11815
      ITM Evaluation: [  700/19848]  eta: 0:19:06    time: 0.0586  data: 0.0000  max mem: 11815
      ITM Evaluation: [  800/19848]  eta: 0:19:00    time: 0.0614  data: 0.0000  max mem: 11815
      ITM Evaluation: [  900/19848]  eta: 0:18:56    time: 0.0626  data: 0.0000  max mem: 11815
      ITM Evaluation: [ 1000/19848]  eta: 0:18:56    time: 0.0631  data: 0.0000  max mem: 11815
      ITM Evaluation: [ 1100/19848]  eta: 0:18:48    time: 0.0589  data: 0.0000  max mem: 11815
      ITM Evaluation: [ 1200/19848]  eta: 0:18:41    time: 0.0590  data: 0.0000  max mem: 11815
      ITM Evaluation: [ 1300/19848]  eta: 0:18:34    time: 0.0590  data: 0.0000  max mem: 11815
      ITM Evaluation: [ 1400/19848]  eta: 0:18:27    time: 0.0593  data: 0.0000  max mem: 11815
      ITM Evaluation: [ 1500/19848]  eta: 0:18:20    time: 0.0596  data: 0.0000  max mem: 11815
      ITM Evaluation: [ 1600/19848]  eta: 0:18:16    time: 0.0616  data: 0.0000  max mem: 11815
      ITM Evaluation: [ 1700/19848]  eta: 0:18:11    time: 0.0610  data: 0.0000  max mem: 11815
      ITM Evaluation: [ 1800/19848]  eta: 0:18:04    time: 0.0584  data: 0.0000  max mem: 11815
      ITM Evaluation: [ 1900/19848]  eta: 0:17:58    time: 0.0607  data: 0.0000  max mem: 11815
      ITM Evaluation: [ 2000/19848]  eta: 0:17:51    time: 0.0591  data: 0.0000  max mem: 11815
      ITM Evaluation: [ 2100/19848]  eta: 0:17:45    time: 0.0596  data: 0.0000  max mem: 11815
      ITM Evaluation: [ 2200/19848]  eta: 0:17:39    time: 0.0593  data: 0.0000  max mem: 11815
      ITM Evaluation: [ 2300/19848]  eta: 0:17:33    time: 0.0598  data: 0.0000  max mem: 11815
      ITM Evaluation: [ 2400/19848]  eta: 0:17:26    time: 0.0602  data: 0.0000  max mem: 11815
      ITM Evaluation: [ 2500/19848]  eta: 0:17:20    time: 0.0589  data: 0.0000  max mem: 11815
      ITM Evaluation: [ 2600/19848]  eta: 0:17:14    time: 0.0604  data: 0.0000  max mem: 11815
      ITM Evaluation: [ 2700/19848]  eta: 0:17:08    time: 0.0602  data: 0.0000  max mem: 11815
      ITM Evaluation: [ 2800/19848]  eta: 0:17:03    time: 0.0602  data: 0.0000  max mem: 11815
      ITM Evaluation: [ 2900/19848]  eta: 0:16:57    time: 0.0593  data: 0.0000  max mem: 11815
      ITM Evaluation: [ 3000/19848]  eta: 0:16:51    time: 0.0611  data: 0.0000  max mem: 11815
      ITM Evaluation: [ 3100/19848]  eta: 0:16:46    time: 0.0607  data: 0.0000  max mem: 11815
      ITM Evaluation: [ 3200/19848]  eta: 0:16:40    time: 0.0589  data: 0.0000  max mem: 11815
      ITM Evaluation: [ 3300/19848]  eta: 0:16:33    time: 0.0589  data: 0.0000  max mem: 11815
      ITM Evaluation: [ 3400/19848]  eta: 0:16:28    time: 0.0589  data: 0.0000  max mem: 11815
      ITM Evaluation: [ 3500/19848]  eta: 0:16:22    time: 0.0599  data: 0.0000  max mem: 11815
      ITM Evaluation: [ 3600/19848]  eta: 0:16:15    time: 0.0594  data: 0.0000  max mem: 11815
      ITM Evaluation: [ 3700/19848]  eta: 0:16:09    time: 0.0595  data: 0.0000  max mem: 11815
      ITM Evaluation: [ 3800/19848]  eta: 0:16:02    time: 0.0570  data: 0.0000  max mem: 11815
      ITM Evaluation: [ 3900/19848]  eta: 0:15:56    time: 0.0630  data: 0.0000  max mem: 11815
      ITM Evaluation: [ 4000/19848]  eta: 0:15:51    time: 0.0607  data: 0.0000  max mem: 11815
      ITM Evaluation: [ 4100/19848]  eta: 0:15:45    time: 0.0597  data: 0.0000  max mem: 11815
      ITM Evaluation: [ 4200/19848]  eta: 0:15:39    time: 0.0590  data: 0.0000  max mem: 11815
      ITM Evaluation: [ 4300/19848]  eta: 0:15:33    time: 0.0606  data: 0.0000  max mem: 11815
      ITM Evaluation: [ 4400/19848]  eta: 0:15:27    time: 0.0599  data: 0.0000  max mem: 11815
      ITM Evaluation: [ 4500/19848]  eta: 0:15:22    time: 0.0645  data: 0.0000  max mem: 11815
      ITM Evaluation: [ 4600/19848]  eta: 0:15:16    time: 0.0596  data: 0.0000  max mem: 11815
      ITM Evaluation: [ 4700/19848]  eta: 0:15:09    time: 0.0576  data: 0.0000  max mem: 11815
      ITM Evaluation: [ 4800/19848]  eta: 0:15:03    time: 0.0589  data: 0.0000  max mem: 11815
      ITM Evaluation: [ 4900/19848]  eta: 0:14:57    time: 0.0608  data: 0.0000  max mem: 11815
      ITM Evaluation: [ 5000/19848]  eta: 0:14:50    time: 0.0594  data: 0.0000  max mem: 11815
      ITM Evaluation: [ 5100/19848]  eta: 0:14:45    time: 0.0600  data: 0.0000  max mem: 11815
      ITM Evaluation: [ 5200/19848]  eta: 0:14:39    time: 0.0603  data: 0.0000  max mem: 11815
      ITM Evaluation: [ 5300/19848]  eta: 0:14:33    time: 0.0594  data: 0.0000  max mem: 11815
      ITM Evaluation: [ 5400/19848]  eta: 0:14:27    time: 0.0600  data: 0.0000  max mem: 11815
      ITM Evaluation: [ 5500/19848]  eta: 0:14:21    time: 0.0593  data: 0.0000  max mem: 11815
      ITM Evaluation: [ 5600/19848]  eta: 0:14:15    time: 0.0606  data: 0.0000  max mem: 11815
      ITM Evaluation: [ 5700/19848]  eta: 0:14:09    time: 0.0611  data: 0.0000  max mem: 11815
      ITM Evaluation: [ 5800/19848]  eta: 0:14:03    time: 0.0593  data: 0.0000  max mem: 11815
      ITM Evaluation: [ 5900/19848]  eta: 0:13:58    time: 0.0609  data: 0.0000  max mem: 11815
      ITM Evaluation: [ 6000/19848]  eta: 0:13:52    time: 0.0603  data: 0.0000  max mem: 11815
      ITM Evaluation: [ 6100/19848]  eta: 0:13:46    time: 0.0606  data: 0.0000  max mem: 11815
      ITM Evaluation: [ 6200/19848]  eta: 0:13:39    time: 0.0598  data: 0.0000  max mem: 11815
      ITM Evaluation: [ 6300/19848]  eta: 0:13:33    time: 0.0614  data: 0.0000  max mem: 11815
      ITM Evaluation: [ 6400/19848]  eta: 0:13:27    time: 0.0601  data: 0.0000  max mem: 11815
      ITM Evaluation: [ 6500/19848]  eta: 0:13:21    time: 0.0596  data: 0.0000  max mem: 11815
      ITM Evaluation: [ 6600/19848]  eta: 0:13:15    time: 0.0606  data: 0.0000  max mem: 11815
      ITM Evaluation: [ 6700/19848]  eta: 0:13:09    time: 0.0607  data: 0.0000  max mem: 11815
      ITM Evaluation: [ 6800/19848]  eta: 0:13:03    time: 0.0596  data: 0.0000  max mem: 11815
      ITM Evaluation: [ 6900/19848]  eta: 0:12:57    time: 0.0597  data: 0.0000  max mem: 11815
      ITM Evaluation: [ 7000/19848]  eta: 0:12:51    time: 0.0588  data: 0.0000  max mem: 11815
      ITM Evaluation: [ 7100/19848]  eta: 0:12:45    time: 0.0596  data: 0.0000  max mem: 11815
      ITM Evaluation: [ 7200/19848]  eta: 0:12:39    time: 0.0597  data: 0.0000  max mem: 11815
      ITM Evaluation: [ 7300/19848]  eta: 0:12:33    time: 0.0617  data: 0.0000  max mem: 11815
      ITM Evaluation: [ 7400/19848]  eta: 0:12:27    time: 0.0598  data: 0.0000  max mem: 11815
      ITM Evaluation: [ 7500/19848]  eta: 0:12:21    time: 0.0628  data: 0.0000  max mem: 11815
      ITM Evaluation: [ 7600/19848]  eta: 0:12:15    time: 0.0597  data: 0.0000  max mem: 11815
      ITM Evaluation: [ 7700/19848]  eta: 0:12:09    time: 0.0590  data: 0.0000  max mem: 11815
      ITM Evaluation: [ 7800/19848]  eta: 0:12:03    time: 0.0581  data: 0.0000  max mem: 11815
      ITM Evaluation: [ 7900/19848]  eta: 0:11:57    time: 0.0588  data: 0.0000  max mem: 11815
      ITM Evaluation: [ 8000/19848]  eta: 0:11:50    time: 0.0613  data: 0.0000  max mem: 11815
      ITM Evaluation: [ 8100/19848]  eta: 0:11:45    time: 0.0652  data: 0.0000  max mem: 11815
      ITM Evaluation: [ 8200/19848]  eta: 0:11:39    time: 0.0609  data: 0.0000  max mem: 11815
      ITM Evaluation: [ 8300/19848]  eta: 0:11:33    time: 0.0602  data: 0.0000  max mem: 11815
      ITM Evaluation: [ 8400/19848]  eta: 0:11:27    time: 0.0610  data: 0.0000  max mem: 11815
      ITM Evaluation: [ 8500/19848]  eta: 0:11:21    time: 0.0613  data: 0.0000  max mem: 11815
      ITM Evaluation: [ 8600/19848]  eta: 0:11:15    time: 0.0623  data: 0.0000  max mem: 11815
      ITM Evaluation: [ 8700/19848]  eta: 0:11:10    time: 0.0658  data: 0.0000  max mem: 11815
      ITM Evaluation: [ 8800/19848]  eta: 0:11:04    time: 0.0637  data: 0.0000  max mem: 11815
      ITM Evaluation: [ 8900/19848]  eta: 0:10:58    time: 0.0604  data: 0.0000  max mem: 11815
      ITM Evaluation: [ 9000/19848]  eta: 0:10:52    time: 0.0603  data: 0.0000  max mem: 11815
      ITM Evaluation: [ 9100/19848]  eta: 0:10:46    time: 0.0603  data: 0.0000  max mem: 11815
      ITM Evaluation: [ 9200/19848]  eta: 0:10:40    time: 0.0600  data: 0.0000  max mem: 11815
      ITM Evaluation: [ 9300/19848]  eta: 0:10:35    time: 0.0631  data: 0.0000  max mem: 11815
      ITM Evaluation: [ 9400/19848]  eta: 0:10:29    time: 0.0618  data: 0.0000  max mem: 11815
      ITM Evaluation: [ 9500/19848]  eta: 0:10:23    time: 0.0634  data: 0.0000  max mem: 11815
      ITM Evaluation: [ 9600/19848]  eta: 0:10:18    time: 0.0629  data: 0.0000  max mem: 11815
      ITM Evaluation: [ 9700/19848]  eta: 0:10:12    time: 0.0614  data: 0.0000  max mem: 11815
      ITM Evaluation: [ 9800/19848]  eta: 0:10:06    time: 0.0607  data: 0.0000  max mem: 11815
      ITM Evaluation: [ 9900/19848]  eta: 0:10:00    time: 0.0635  data: 0.0000  max mem: 11815
      ITM Evaluation: [10000/19848]  eta: 0:09:54    time: 0.0596  data: 0.0000  max mem: 11815
      ITM Evaluation: [10100/19848]  eta: 0:09:48    time: 0.0613  data: 0.0000  max mem: 11815
      ITM Evaluation: [10200/19848]  eta: 0:09:42    time: 0.0613  data: 0.0000  max mem: 11815
      ITM Evaluation: [10300/19848]  eta: 0:09:36    time: 0.0631  data: 0.0000  max mem: 11815
      ITM Evaluation: [10400/19848]  eta: 0:09:30    time: 0.0630  data: 0.0000  max mem: 11815
      ITM Evaluation: [10500/19848]  eta: 0:09:24    time: 0.0634  data: 0.0000  max mem: 11815
      ITM Evaluation: [10600/19848]  eta: 0:09:18    time: 0.0608  data: 0.0000  max mem: 11815
      ITM Evaluation: [10700/19848]  eta: 0:09:12    time: 0.0598  data: 0.0000  max mem: 11815
      ITM Evaluation: [10800/19848]  eta: 0:09:06    time: 0.0605  data: 0.0000  max mem: 11815
      ITM Evaluation: [10900/19848]  eta: 0:09:00    time: 0.0600  data: 0.0000  max mem: 11815
      ITM Evaluation: [11000/19848]  eta: 0:08:54    time: 0.0640  data: 0.0000  max mem: 11815
      ITM Evaluation: [11100/19848]  eta: 0:08:48    time: 0.0607  data: 0.0000  max mem: 11815
      ITM Evaluation: [11200/19848]  eta: 0:08:42    time: 0.0604  data: 0.0000  max mem: 11815
      ITM Evaluation: [11300/19848]  eta: 0:08:36    time: 0.0608  data: 0.0000  max mem: 11815
      ITM Evaluation: [11400/19848]  eta: 0:08:30    time: 0.0578  data: 0.0000  max mem: 11815
      ITM Evaluation: [11500/19848]  eta: 0:08:24    time: 0.0606  data: 0.0000  max mem: 11815
      ITM Evaluation: [11600/19848]  eta: 0:08:18    time: 0.0605  data: 0.0000  max mem: 11815
      ITM Evaluation: [11700/19848]  eta: 0:08:12    time: 0.0612  data: 0.0000  max mem: 11815
      ITM Evaluation: [11800/19848]  eta: 0:08:06    time: 0.0602  data: 0.0000  max mem: 11815
      ITM Evaluation: [11900/19848]  eta: 0:08:00    time: 0.0597  data: 0.0000  max mem: 11815
      ITM Evaluation: [12000/19848]  eta: 0:07:54    time: 0.0608  data: 0.0000  max mem: 11815
      ITM Evaluation: [12100/19848]  eta: 0:07:48    time: 0.0616  data: 0.0000  max mem: 11815
      ITM Evaluation: [12200/19848]  eta: 0:07:42    time: 0.0600  data: 0.0000  max mem: 11815
      ITM Evaluation: [12300/19848]  eta: 0:07:36    time: 0.0610  data: 0.0000  max mem: 11815
      ITM Evaluation: [12400/19848]  eta: 0:07:30    time: 0.0624  data: 0.0000  max mem: 11815
      ITM Evaluation: [12500/19848]  eta: 0:07:24    time: 0.0615  data: 0.0000  max mem: 11815
      ITM Evaluation: [12600/19848]  eta: 0:07:18    time: 0.0607  data: 0.0000  max mem: 11815
      ITM Evaluation: [12700/19848]  eta: 0:07:12    time: 0.0598  data: 0.0000  max mem: 11815
      ITM Evaluation: [12800/19848]  eta: 0:07:06    time: 0.0601  data: 0.0000  max mem: 11815
      ITM Evaluation: [12900/19848]  eta: 0:07:00    time: 0.0618  data: 0.0000  max mem: 11815
      ITM Evaluation: [13000/19848]  eta: 0:06:54    time: 0.0598  data: 0.0000  max mem: 11815
      ITM Evaluation: [13100/19848]  eta: 0:06:48    time: 0.0602  data: 0.0000  max mem: 11815
      ITM Evaluation: [13200/19848]  eta: 0:06:42    time: 0.0587  data: 0.0000  max mem: 11815
      ITM Evaluation: [13300/19848]  eta: 0:06:35    time: 0.0592  data: 0.0000  max mem: 11815
      ITM Evaluation: [13400/19848]  eta: 0:06:29    time: 0.0583  data: 0.0000  max mem: 11815
      ITM Evaluation: [13500/19848]  eta: 0:06:23    time: 0.0592  data: 0.0000  max mem: 11815
      ITM Evaluation: [13600/19848]  eta: 0:06:17    time: 0.0594  data: 0.0000  max mem: 11815
      ITM Evaluation: [13700/19848]  eta: 0:06:11    time: 0.0619  data: 0.0000  max mem: 11815
      ITM Evaluation: [13800/19848]  eta: 0:06:05    time: 0.0642  data: 0.0000  max mem: 11815
      ITM Evaluation: [13900/19848]  eta: 0:05:59    time: 0.0613  data: 0.0000  max mem: 11815
      ITM Evaluation: [14000/19848]  eta: 0:05:53    time: 0.0662  data: 0.0000  max mem: 11815
      ITM Evaluation: [14100/19848]  eta: 0:05:47    time: 0.0642  data: 0.0000  max mem: 11815
      ITM Evaluation: [14200/19848]  eta: 0:05:41    time: 0.0607  data: 0.0000  max mem: 11815
      ITM Evaluation: [14300/19848]  eta: 0:05:35    time: 0.0664  data: 0.0000  max mem: 11815
      ITM Evaluation: [14400/19848]  eta: 0:05:30    time: 0.0671  data: 0.0000  max mem: 11815
      ITM Evaluation: [14500/19848]  eta: 0:05:24    time: 0.0629  data: 0.0000  max mem: 11815
      ITM Evaluation: [14600/19848]  eta: 0:05:18    time: 0.0633  data: 0.0000  max mem: 11815
      ITM Evaluation: [14700/19848]  eta: 0:05:12    time: 0.0646  data: 0.0000  max mem: 11815
      ITM Evaluation: [14800/19848]  eta: 0:05:06    time: 0.0629  data: 0.0000  max mem: 11815
      ITM Evaluation: [14900/19848]  eta: 0:05:00    time: 0.0625  data: 0.0000  max mem: 11815
      ITM Evaluation: [15000/19848]  eta: 0:04:54    time: 0.0651  data: 0.0000  max mem: 11815
      ITM Evaluation: [15100/19848]  eta: 0:04:48    time: 0.0625  data: 0.0000  max mem: 11815
      ITM Evaluation: [15200/19848]  eta: 0:04:42    time: 0.0584  data: 0.0000  max mem: 11815
      ITM Evaluation: [15300/19848]  eta: 0:04:36    time: 0.0608  data: 0.0000  max mem: 11815
      ITM Evaluation: [15400/19848]  eta: 0:04:29    time: 0.0623  data: 0.0000  max mem: 11815
      ITM Evaluation: [15500/19848]  eta: 0:04:23    time: 0.0601  data: 0.0000  max mem: 11815
      ITM Evaluation: [15600/19848]  eta: 0:04:17    time: 0.0588  data: 0.0000  max mem: 11815
      ITM Evaluation: [15700/19848]  eta: 0:04:11    time: 0.0616  data: 0.0000  max mem: 11815
      ITM Evaluation: [15800/19848]  eta: 0:04:05    time: 0.0599  data: 0.0000  max mem: 11815
      ITM Evaluation: [15900/19848]  eta: 0:03:59    time: 0.0601  data: 0.0000  max mem: 11815
      ITM Evaluation: [16000/19848]  eta: 0:03:53    time: 0.0591  data: 0.0000  max mem: 11815
      ITM Evaluation: [16100/19848]  eta: 0:03:47    time: 0.0600  data: 0.0000  max mem: 11815
      ITM Evaluation: [16200/19848]  eta: 0:03:41    time: 0.0610  data: 0.0000  max mem: 11815
      ITM Evaluation: [16300/19848]  eta: 0:03:35    time: 0.0598  data: 0.0000  max mem: 11815
      ITM Evaluation: [16400/19848]  eta: 0:03:29    time: 0.0587  data: 0.0000  max mem: 11815
      ITM Evaluation: [16500/19848]  eta: 0:03:22    time: 0.0582  data: 0.0000  max mem: 11815
      ITM Evaluation: [16600/19848]  eta: 0:03:16    time: 0.0591  data: 0.0000  max mem: 11815
      ITM Evaluation: [16700/19848]  eta: 0:03:10    time: 0.0586  data: 0.0000  max mem: 11815
      ITM Evaluation: [16800/19848]  eta: 0:03:04    time: 0.0589  data: 0.0000  max mem: 11815
      ITM Evaluation: [16900/19848]  eta: 0:02:58    time: 0.0609  data: 0.0000  max mem: 11815
      ITM Evaluation: [17000/19848]  eta: 0:02:52    time: 0.0591  data: 0.0000  max mem: 11815
      ITM Evaluation: [17100/19848]  eta: 0:02:46    time: 0.0602  data: 0.0000  max mem: 11815
      ITM Evaluation: [17200/19848]  eta: 0:02:40    time: 0.0596  data: 0.0000  max mem: 11815
      ITM Evaluation: [17300/19848]  eta: 0:02:34    time: 0.0615  data: 0.0000  max mem: 11815
      ITM Evaluation: [17400/19848]  eta: 0:02:28    time: 0.0597  data: 0.0000  max mem: 11815
      ITM Evaluation: [17500/19848]  eta: 0:02:22    time: 0.0627  data: 0.0000  max mem: 11815
      ITM Evaluation: [17600/19848]  eta: 0:02:16    time: 0.0640  data: 0.0000  max mem: 11815
      ITM Evaluation: [17700/19848]  eta: 0:02:10    time: 0.0604  data: 0.0000  max mem: 11815
      ITM Evaluation: [17800/19848]  eta: 0:02:04    time: 0.0664  data: 0.0000  max mem: 11815
      ITM Evaluation: [17900/19848]  eta: 0:01:58    time: 0.0633  data: 0.0000  max mem: 11815
      ITM Evaluation: [18000/19848]  eta: 0:01:52    time: 0.0664  data: 0.0000  max mem: 11815
      ITM Evaluation: [18100/19848]  eta: 0:01:46    time: 0.0607  data: 0.0000  max mem: 11815
      ITM Evaluation: [18200/19848]  eta: 0:01:40    time: 0.0691  data: 0.0000  max mem: 11815
      ITM Evaluation: [18300/19848]  eta: 0:01:34    time: 0.0683  data: 0.0000  max mem: 11815
      ITM Evaluation: [18400/19848]  eta: 0:01:28    time: 0.0680  data: 0.0000  max mem: 11815
      ITM Evaluation: [18500/19848]  eta: 0:01:21    time: 0.0689  data: 0.0000  max mem: 11815
      ITM Evaluation: [18600/19848]  eta: 0:01:15    time: 0.0600  data: 0.0000  max mem: 11815
      ITM Evaluation: [18700/19848]  eta: 0:01:09    time: 0.0635  data: 0.0000  max mem: 11815
      ITM Evaluation: [18800/19848]  eta: 0:01:03    time: 0.0620  data: 0.0000  max mem: 11815
      ITM Evaluation: [18900/19848]  eta: 0:00:57    time: 0.0664  data: 0.0000  max mem: 11815
      ITM Evaluation: [19000/19848]  eta: 0:00:51    time: 0.0630  data: 0.0000  max mem: 11815
      ITM Evaluation: [19100/19848]  eta: 0:00:45    time: 0.0624  data: 0.0000  max mem: 11815
      ITM Evaluation: [19200/19848]  eta: 0:00:39    time: 0.0622  data: 0.0000  max mem: 11815
      ITM Evaluation: [19300/19848]  eta: 0:00:33    time: 0.0645  data: 0.0000  max mem: 11815
      ITM Evaluation: [19400/19848]  eta: 0:00:27    time: 0.0594  data: 0.0000  max mem: 11815
      ITM Evaluation: [19500/19848]  eta: 0:00:21    time: 0.0594  data: 0.0000  max mem: 11815
      ITM Evaluation: [19600/19848]  eta: 0:00:15    time: 0.0590  data: 0.0000  max mem: 11815
      ITM Evaluation: [19700/19848]  eta: 0:00:09    time: 0.0704  data: 0.0000  max mem: 11815
      ITM Evaluation: [19800/19848]  eta: 0:00:02    time: 0.0679  data: 0.0000  max mem: 11815
      ITM Evaluation: [19847/19848]  eta: 0:00:00    time: 0.0716  data: 0.0000  max mem: 11815
      ITM Evaluation: Total time: 0:20:10 (0.0610 s / it)
     total_time 1212.6390507221222
     Computing matching score time 0:20:12
### TTA ITM Score: 
+-------+--------+--------+--------+--------+--------+
| epoch |   R1   |   R5   |  R10   |  mAP   |  mINP  |
+-------+--------+--------+--------+--------+--------+
|  -999 | 63.014 | 79.484 | 85.041 | 40.411 | 10.184 |
|  -999 | 68.183 | 82.885 | 87.500 | 40.507 | 9.104  |
|   0   | 51.194 | 76.340 | 83.918 | 34.260 | 8.543  |
|   1   | 49.924 | 75.731 | 83.706 | 33.600 | 8.701  |
|   2   | 50.872 | 76.511 | 84.129 | 34.339 | 8.722  |
|   3   | 49.899 | 76.295 | 84.195 | 34.336 | 8.791  |
|   4   | 51.648 | 77.106 | 84.553 | 34.580 | 8.802  |
|   5   | 49.133 | 75.776 | 83.948 | 33.658 | 8.610  |
|   6   | 43.843 | 73.297 | 82.361 | 31.786 | 8.304  |
|   7   | 42.992 | 71.947 | 81.313 | 30.706 | 8.213  |
|   8   | 44.352 | 72.783 | 81.847 | 31.141 | 8.210  |
|   9   | 41.909 | 71.115 | 80.794 | 30.064 | 8.011  |
|   10  | 44.831 | 72.949 | 81.958 | 31.495 | 8.118  |
|   11  | 45.289 | 72.985 | 82.038 | 31.655 | 8.208  |
+-------+--------+--------+--------+--------+--------+
     logs:  {'epo': 11, 'R1': 45.289, 'R5': 72.985, 'R10': 82.038, 'mAP': 31.655, 'mINP': 8.208, 'lr': 6.2e-05, 'entropy': 0.142895, 'loss': 0.142895}
      TTA Epoch: [12] [   0/1240]  eta: 0:46:09  lr: 0.000060  entropy: 0.1238  loss: 0.1238  time: 2.2338  data: 2.1264  max mem: 11815
      TTA Epoch: [12] [ 100/1240]  eta: 0:02:03  lr: 0.000060  entropy: 0.1243  loss: 0.1243  time: 0.0828  data: 0.0002  max mem: 11815
      TTA Epoch: [12] [ 200/1240]  eta: 0:01:41  lr: 0.000060  entropy: 0.2200  loss: 0.2200  time: 0.0864  data: 0.0003  max mem: 11815
      TTA Epoch: [12] [ 300/1240]  eta: 0:01:26  lr: 0.000059  entropy: 0.0152  loss: 0.0152  time: 0.0824  data: 0.0002  max mem: 11815
      TTA Epoch: [12] [ 400/1240]  eta: 0:01:14  lr: 0.000059  entropy: 0.1540  loss: 0.1540  time: 0.0780  data: 0.0002  max mem: 11815
      TTA Epoch: [12] [ 500/1240]  eta: 0:01:04  lr: 0.000059  entropy: 0.2554  loss: 0.2554  time: 0.0779  data: 0.0001  max mem: 11815
      TTA Epoch: [12] [ 600/1240]  eta: 0:00:54  lr: 0.000059  entropy: 0.2288  loss: 0.2288  time: 0.0777  data: 0.0001  max mem: 11815
      TTA Epoch: [12] [ 700/1240]  eta: 0:00:45  lr: 0.000058  entropy: 0.1479  loss: 0.1479  time: 0.0759  data: 0.0001  max mem: 11815
      TTA Epoch: [12] [ 800/1240]  eta: 0:00:36  lr: 0.000058  entropy: 0.0858  loss: 0.0858  time: 0.0762  data: 0.0001  max mem: 11815
      TTA Epoch: [12] [ 900/1240]  eta: 0:00:28  lr: 0.000058  entropy: 0.0973  loss: 0.0973  time: 0.0841  data: 0.0002  max mem: 11815
      TTA Epoch: [12] [1000/1240]  eta: 0:00:20  lr: 0.000058  entropy: 0.1177  loss: 0.1177  time: 0.0828  data: 0.0001  max mem: 11815
      TTA Epoch: [12] [1100/1240]  eta: 0:00:11  lr: 0.000057  entropy: 0.1565  loss: 0.1565  time: 0.0794  data: 0.0001  max mem: 11815
      TTA Epoch: [12] [1200/1240]  eta: 0:00:03  lr: 0.000057  entropy: 0.0502  loss: 0.0502  time: 0.0816  data: 0.0001  max mem: 11815
      TTA Epoch: [12] [1239/1240]  eta: 0:00:00  lr: 0.000057  entropy: 0.1097  loss: 0.1097  time: 0.0775  data: 0.0001  max mem: 11815
      TTA Epoch: [12] Total time: 0:01:43 (0.0835 s / it)
     Averaged stats: lr: 0.0001  entropy: 0.1399  loss: 0.1399
     itm tta time 0:01:44
     Computing matching score
      ITM Evaluation: [    0/19848]  eta: 0:25:21    time: 0.0767  data: 0.0133  max mem: 11815
      ITM Evaluation: [  100/19848]  eta: 0:19:34    time: 0.0592  data: 0.0000  max mem: 11815
      ITM Evaluation: [  200/19848]  eta: 0:19:32    time: 0.0604  data: 0.0000  max mem: 11815
      ITM Evaluation: [  300/19848]  eta: 0:19:35    time: 0.0636  data: 0.0000  max mem: 11815
      ITM Evaluation: [  400/19848]  eta: 0:19:28    time: 0.0597  data: 0.0000  max mem: 11815
      ITM Evaluation: [  500/19848]  eta: 0:19:24    time: 0.0609  data: 0.0000  max mem: 11815
      ITM Evaluation: [  600/19848]  eta: 0:19:14    time: 0.0590  data: 0.0000  max mem: 11815
      ITM Evaluation: [  700/19848]  eta: 0:19:07    time: 0.0591  data: 0.0000  max mem: 11815
      ITM Evaluation: [  800/19848]  eta: 0:18:59    time: 0.0590  data: 0.0000  max mem: 11815
      ITM Evaluation: [  900/19848]  eta: 0:18:49    time: 0.0590  data: 0.0000  max mem: 11815
      ITM Evaluation: [ 1000/19848]  eta: 0:18:43    time: 0.0584  data: 0.0000  max mem: 11815
      ITM Evaluation: [ 1100/19848]  eta: 0:18:37    time: 0.0605  data: 0.0000  max mem: 11815
      ITM Evaluation: [ 1200/19848]  eta: 0:18:29    time: 0.0581  data: 0.0000  max mem: 11815
      ITM Evaluation: [ 1300/19848]  eta: 0:18:22    time: 0.0582  data: 0.0000  max mem: 11815
      ITM Evaluation: [ 1400/19848]  eta: 0:18:16    time: 0.0589  data: 0.0000  max mem: 11815
      ITM Evaluation: [ 1500/19848]  eta: 0:18:10    time: 0.0592  data: 0.0000  max mem: 11815
      ITM Evaluation: [ 1600/19848]  eta: 0:18:02    time: 0.0584  data: 0.0000  max mem: 11815
      ITM Evaluation: [ 1700/19848]  eta: 0:18:01    time: 0.0671  data: 0.0000  max mem: 11815
      ITM Evaluation: [ 1800/19848]  eta: 0:17:57    time: 0.0597  data: 0.0000  max mem: 11815
      ITM Evaluation: [ 1900/19848]  eta: 0:17:51    time: 0.0598  data: 0.0000  max mem: 11815
      ITM Evaluation: [ 2000/19848]  eta: 0:17:44    time: 0.0593  data: 0.0000  max mem: 11815
      ITM Evaluation: [ 2100/19848]  eta: 0:17:38    time: 0.0590  data: 0.0000  max mem: 11815
      ITM Evaluation: [ 2200/19848]  eta: 0:17:31    time: 0.0588  data: 0.0000  max mem: 11815
      ITM Evaluation: [ 2300/19848]  eta: 0:17:25    time: 0.0575  data: 0.0000  max mem: 11815
      ITM Evaluation: [ 2400/19848]  eta: 0:17:19    time: 0.0602  data: 0.0000  max mem: 11815
      ITM Evaluation: [ 2500/19848]  eta: 0:17:15    time: 0.0599  data: 0.0000  max mem: 11815
      ITM Evaluation: [ 2600/19848]  eta: 0:17:09    time: 0.0592  data: 0.0000  max mem: 11815
      ITM Evaluation: [ 2700/19848]  eta: 0:17:02    time: 0.0579  data: 0.0000  max mem: 11815
      ITM Evaluation: [ 2800/19848]  eta: 0:16:55    time: 0.0578  data: 0.0000  max mem: 11815
      ITM Evaluation: [ 2900/19848]  eta: 0:16:49    time: 0.0587  data: 0.0000  max mem: 11815
      ITM Evaluation: [ 3000/19848]  eta: 0:16:43    time: 0.0582  data: 0.0000  max mem: 11815
      ITM Evaluation: [ 3100/19848]  eta: 0:16:37    time: 0.0610  data: 0.0000  max mem: 11815
      ITM Evaluation: [ 3200/19848]  eta: 0:16:31    time: 0.0608  data: 0.0000  max mem: 11815
      ITM Evaluation: [ 3300/19848]  eta: 0:16:25    time: 0.0594  data: 0.0000  max mem: 11815
      ITM Evaluation: [ 3400/19848]  eta: 0:16:20    time: 0.0606  data: 0.0000  max mem: 11815
      ITM Evaluation: [ 3500/19848]  eta: 0:16:14    time: 0.0609  data: 0.0000  max mem: 11815
      ITM Evaluation: [ 3600/19848]  eta: 0:16:09    time: 0.0598  data: 0.0000  max mem: 11815
      ITM Evaluation: [ 3700/19848]  eta: 0:16:03    time: 0.0593  data: 0.0000  max mem: 11815
      ITM Evaluation: [ 3800/19848]  eta: 0:15:58    time: 0.0626  data: 0.0000  max mem: 11815
      ITM Evaluation: [ 3900/19848]  eta: 0:15:52    time: 0.0612  data: 0.0000  max mem: 11815
      ITM Evaluation: [ 4000/19848]  eta: 0:15:47    time: 0.0599  data: 0.0000  max mem: 11815
      ITM Evaluation: [ 4100/19848]  eta: 0:15:41    time: 0.0596  data: 0.0000  max mem: 11815
      ITM Evaluation: [ 4200/19848]  eta: 0:15:35    time: 0.0614  data: 0.0000  max mem: 11815
      ITM Evaluation: [ 4300/19848]  eta: 0:15:30    time: 0.0600  data: 0.0000  max mem: 11815
      ITM Evaluation: [ 4400/19848]  eta: 0:15:24    time: 0.0600  data: 0.0000  max mem: 11815
      ITM Evaluation: [ 4500/19848]  eta: 0:15:18    time: 0.0623  data: 0.0000  max mem: 11815
      ITM Evaluation: [ 4600/19848]  eta: 0:15:13    time: 0.0610  data: 0.0000  max mem: 11815
      ITM Evaluation: [ 4700/19848]  eta: 0:15:07    time: 0.0593  data: 0.0000  max mem: 11815
      ITM Evaluation: [ 4800/19848]  eta: 0:15:02    time: 0.0628  data: 0.0000  max mem: 11815
      ITM Evaluation: [ 4900/19848]  eta: 0:14:56    time: 0.0600  data: 0.0000  max mem: 11815
      ITM Evaluation: [ 5000/19848]  eta: 0:14:49    time: 0.0563  data: 0.0000  max mem: 11815
      ITM Evaluation: [ 5100/19848]  eta: 0:14:43    time: 0.0595  data: 0.0000  max mem: 11815
      ITM Evaluation: [ 5200/19848]  eta: 0:14:37    time: 0.0589  data: 0.0000  max mem: 11815
      ITM Evaluation: [ 5300/19848]  eta: 0:14:31    time: 0.0592  data: 0.0000  max mem: 11815
      ITM Evaluation: [ 5400/19848]  eta: 0:14:25    time: 0.0635  data: 0.0000  max mem: 11815
      ITM Evaluation: [ 5500/19848]  eta: 0:14:19    time: 0.0606  data: 0.0000  max mem: 11815
      ITM Evaluation: [ 5600/19848]  eta: 0:14:13    time: 0.0606  data: 0.0000  max mem: 11815
      ITM Evaluation: [ 5700/19848]  eta: 0:14:07    time: 0.0616  data: 0.0000  max mem: 11815
      ITM Evaluation: [ 5800/19848]  eta: 0:14:01    time: 0.0601  data: 0.0000  max mem: 11815
      ITM Evaluation: [ 5900/19848]  eta: 0:13:56    time: 0.0603  data: 0.0000  max mem: 11815
      ITM Evaluation: [ 6000/19848]  eta: 0:13:50    time: 0.0663  data: 0.0000  max mem: 11815
      ITM Evaluation: [ 6100/19848]  eta: 0:13:45    time: 0.0633  data: 0.0000  max mem: 11815
      ITM Evaluation: [ 6200/19848]  eta: 0:13:39    time: 0.0605  data: 0.0000  max mem: 11815
      ITM Evaluation: [ 6300/19848]  eta: 0:13:34    time: 0.0611  data: 0.0000  max mem: 11815
      ITM Evaluation: [ 6400/19848]  eta: 0:13:28    time: 0.0603  data: 0.0000  max mem: 11815
      ITM Evaluation: [ 6500/19848]  eta: 0:13:22    time: 0.0602  data: 0.0000  max mem: 11815
      ITM Evaluation: [ 6600/19848]  eta: 0:13:16    time: 0.0628  data: 0.0000  max mem: 11815
      ITM Evaluation: [ 6700/19848]  eta: 0:13:10    time: 0.0615  data: 0.0000  max mem: 11815
      ITM Evaluation: [ 6800/19848]  eta: 0:13:04    time: 0.0614  data: 0.0000  max mem: 11815
      ITM Evaluation: [ 6900/19848]  eta: 0:12:58    time: 0.0586  data: 0.0000  max mem: 11815
      ITM Evaluation: [ 7000/19848]  eta: 0:12:52    time: 0.0605  data: 0.0000  max mem: 11815
      ITM Evaluation: [ 7100/19848]  eta: 0:12:46    time: 0.0604  data: 0.0000  max mem: 11815
      ITM Evaluation: [ 7200/19848]  eta: 0:12:40    time: 0.0629  data: 0.0000  max mem: 11815
      ITM Evaluation: [ 7300/19848]  eta: 0:12:34    time: 0.0589  data: 0.0000  max mem: 11815
      ITM Evaluation: [ 7400/19848]  eta: 0:12:29    time: 0.0620  data: 0.0000  max mem: 11815
      ITM Evaluation: [ 7500/19848]  eta: 0:12:23    time: 0.0618  data: 0.0000  max mem: 11815
      ITM Evaluation: [ 7600/19848]  eta: 0:12:17    time: 0.0595  data: 0.0000  max mem: 11815
      ITM Evaluation: [ 7700/19848]  eta: 0:12:11    time: 0.0606  data: 0.0000  max mem: 11815
      ITM Evaluation: [ 7800/19848]  eta: 0:12:05    time: 0.0627  data: 0.0000  max mem: 11815
      ITM Evaluation: [ 7900/19848]  eta: 0:11:59    time: 0.0644  data: 0.0000  max mem: 11815
      ITM Evaluation: [ 8000/19848]  eta: 0:11:53    time: 0.0599  data: 0.0000  max mem: 11815
      ITM Evaluation: [ 8100/19848]  eta: 0:11:47    time: 0.0623  data: 0.0000  max mem: 11815
      ITM Evaluation: [ 8200/19848]  eta: 0:11:41    time: 0.0620  data: 0.0000  max mem: 11815
      ITM Evaluation: [ 8300/19848]  eta: 0:11:35    time: 0.0597  data: 0.0000  max mem: 11815
      ITM Evaluation: [ 8400/19848]  eta: 0:11:29    time: 0.0596  data: 0.0000  max mem: 11815
      ITM Evaluation: [ 8500/19848]  eta: 0:11:24    time: 0.0598  data: 0.0000  max mem: 11815
      ITM Evaluation: [ 8600/19848]  eta: 0:11:18    time: 0.0601  data: 0.0000  max mem: 11815
      ITM Evaluation: [ 8700/19848]  eta: 0:11:11    time: 0.0590  data: 0.0000  max mem: 11815
      ITM Evaluation: [ 8800/19848]  eta: 0:11:06    time: 0.0610  data: 0.0000  max mem: 11815
      ITM Evaluation: [ 8900/19848]  eta: 0:11:00    time: 0.0627  data: 0.0000  max mem: 11815
      ITM Evaluation: [ 9000/19848]  eta: 0:10:54    time: 0.0592  data: 0.0000  max mem: 11815
      ITM Evaluation: [ 9100/19848]  eta: 0:10:48    time: 0.0590  data: 0.0000  max mem: 11815
      ITM Evaluation: [ 9200/19848]  eta: 0:10:42    time: 0.0611  data: 0.0000  max mem: 11815
      ITM Evaluation: [ 9300/19848]  eta: 0:10:36    time: 0.0605  data: 0.0000  max mem: 11815
      ITM Evaluation: [ 9400/19848]  eta: 0:10:30    time: 0.0609  data: 0.0000  max mem: 11815
      ITM Evaluation: [ 9500/19848]  eta: 0:10:24    time: 0.0618  data: 0.0000  max mem: 11815
      ITM Evaluation: [ 9600/19848]  eta: 0:10:18    time: 0.0597  data: 0.0000  max mem: 11815
      ITM Evaluation: [ 9700/19848]  eta: 0:10:12    time: 0.0607  data: 0.0000  max mem: 11815
      ITM Evaluation: [ 9800/19848]  eta: 0:10:06    time: 0.0620  data: 0.0000  max mem: 11815
      ITM Evaluation: [ 9900/19848]  eta: 0:10:00    time: 0.0597  data: 0.0000  max mem: 11815
      ITM Evaluation: [10000/19848]  eta: 0:09:54    time: 0.0612  data: 0.0000  max mem: 11815
      ITM Evaluation: [10100/19848]  eta: 0:09:48    time: 0.0608  data: 0.0000  max mem: 11815
      ITM Evaluation: [10200/19848]  eta: 0:09:42    time: 0.0610  data: 0.0000  max mem: 11815
      ITM Evaluation: [10300/19848]  eta: 0:09:36    time: 0.0606  data: 0.0000  max mem: 11815
      ITM Evaluation: [10400/19848]  eta: 0:09:30    time: 0.0626  data: 0.0000  max mem: 11815
      ITM Evaluation: [10500/19848]  eta: 0:09:24    time: 0.0615  data: 0.0000  max mem: 11815
      ITM Evaluation: [10600/19848]  eta: 0:09:18    time: 0.0605  data: 0.0000  max mem: 11815
      ITM Evaluation: [10700/19848]  eta: 0:09:12    time: 0.0602  data: 0.0000  max mem: 11815
      ITM Evaluation: [10800/19848]  eta: 0:09:06    time: 0.0604  data: 0.0000  max mem: 11815
      ITM Evaluation: [10900/19848]  eta: 0:09:00    time: 0.0600  data: 0.0000  max mem: 11815
      ITM Evaluation: [11000/19848]  eta: 0:08:54    time: 0.0589  data: 0.0000  max mem: 11815
      ITM Evaluation: [11100/19848]  eta: 0:08:48    time: 0.0608  data: 0.0000  max mem: 11815
      ITM Evaluation: [11200/19848]  eta: 0:08:42    time: 0.0619  data: 0.0000  max mem: 11815
      ITM Evaluation: [11300/19848]  eta: 0:08:36    time: 0.0603  data: 0.0000  max mem: 11815
      ITM Evaluation: [11400/19848]  eta: 0:08:30    time: 0.0604  data: 0.0000  max mem: 11815
      ITM Evaluation: [11500/19848]  eta: 0:08:24    time: 0.0589  data: 0.0000  max mem: 11815
      ITM Evaluation: [11600/19848]  eta: 0:08:18    time: 0.0596  data: 0.0000  max mem: 11815
      ITM Evaluation: [11700/19848]  eta: 0:08:11    time: 0.0596  data: 0.0000  max mem: 11815
      ITM Evaluation: [11800/19848]  eta: 0:08:05    time: 0.0602  data: 0.0000  max mem: 11815
      ITM Evaluation: [11900/19848]  eta: 0:07:59    time: 0.0611  data: 0.0000  max mem: 11815
      ITM Evaluation: [12000/19848]  eta: 0:07:53    time: 0.0588  data: 0.0000  max mem: 11815
      ITM Evaluation: [12100/19848]  eta: 0:07:47    time: 0.0598  data: 0.0000  max mem: 11815
      ITM Evaluation: [12200/19848]  eta: 0:07:41    time: 0.0585  data: 0.0000  max mem: 11815
      ITM Evaluation: [12300/19848]  eta: 0:07:35    time: 0.0610  data: 0.0000  max mem: 11815
      ITM Evaluation: [12400/19848]  eta: 0:07:29    time: 0.0612  data: 0.0000  max mem: 11815
      ITM Evaluation: [12500/19848]  eta: 0:07:23    time: 0.0612  data: 0.0000  max mem: 11815
      ITM Evaluation: [12600/19848]  eta: 0:07:17    time: 0.0645  data: 0.0000  max mem: 11815
      ITM Evaluation: [12700/19848]  eta: 0:07:11    time: 0.0584  data: 0.0000  max mem: 11815
      ITM Evaluation: [12800/19848]  eta: 0:07:05    time: 0.0597  data: 0.0000  max mem: 11815
      ITM Evaluation: [12900/19848]  eta: 0:06:59    time: 0.0601  data: 0.0000  max mem: 11815
      ITM Evaluation: [13000/19848]  eta: 0:06:53    time: 0.0596  data: 0.0000  max mem: 11815
      ITM Evaluation: [13100/19848]  eta: 0:06:47    time: 0.0588  data: 0.0000  max mem: 11815
      ITM Evaluation: [13200/19848]  eta: 0:06:41    time: 0.0630  data: 0.0000  max mem: 11815
      ITM Evaluation: [13300/19848]  eta: 0:06:35    time: 0.0593  data: 0.0000  max mem: 11815
      ITM Evaluation: [13400/19848]  eta: 0:06:29    time: 0.0593  data: 0.0000  max mem: 11815
      ITM Evaluation: [13500/19848]  eta: 0:06:22    time: 0.0596  data: 0.0000  max mem: 11815
      ITM Evaluation: [13600/19848]  eta: 0:06:16    time: 0.0600  data: 0.0000  max mem: 11815
      ITM Evaluation: [13700/19848]  eta: 0:06:10    time: 0.0594  data: 0.0000  max mem: 11815
      ITM Evaluation: [13800/19848]  eta: 0:06:04    time: 0.0625  data: 0.0000  max mem: 11815
      ITM Evaluation: [13900/19848]  eta: 0:05:58    time: 0.0605  data: 0.0000  max mem: 11815
      ITM Evaluation: [14000/19848]  eta: 0:05:52    time: 0.0610  data: 0.0000  max mem: 11815
      ITM Evaluation: [14100/19848]  eta: 0:05:47    time: 0.0641  data: 0.0000  max mem: 11815
      ITM Evaluation: [14200/19848]  eta: 0:05:41    time: 0.0639  data: 0.0000  max mem: 11815
      ITM Evaluation: [14300/19848]  eta: 0:05:35    time: 0.0631  data: 0.0000  max mem: 11815
      ITM Evaluation: [14400/19848]  eta: 0:05:29    time: 0.0800  data: 0.0000  max mem: 11815
      ITM Evaluation: [14500/19848]  eta: 0:05:23    time: 0.0624  data: 0.0000  max mem: 11815
      ITM Evaluation: [14600/19848]  eta: 0:05:17    time: 0.0721  data: 0.0000  max mem: 11815
      ITM Evaluation: [14700/19848]  eta: 0:05:11    time: 0.0624  data: 0.0000  max mem: 11815
      ITM Evaluation: [14800/19848]  eta: 0:05:05    time: 0.0708  data: 0.0000  max mem: 11815
      ITM Evaluation: [14900/19848]  eta: 0:04:59    time: 0.0613  data: 0.0000  max mem: 11815
      ITM Evaluation: [15000/19848]  eta: 0:04:53    time: 0.0631  data: 0.0000  max mem: 11815
      ITM Evaluation: [15100/19848]  eta: 0:04:47    time: 0.0596  data: 0.0000  max mem: 11815
      ITM Evaluation: [15200/19848]  eta: 0:04:41    time: 0.0627  data: 0.0000  max mem: 11815
      ITM Evaluation: [15300/19848]  eta: 0:04:35    time: 0.0601  data: 0.0000  max mem: 11815
      ITM Evaluation: [15400/19848]  eta: 0:04:29    time: 0.0591  data: 0.0000  max mem: 11815
      ITM Evaluation: [15500/19848]  eta: 0:04:23    time: 0.0588  data: 0.0000  max mem: 11815
      ITM Evaluation: [15600/19848]  eta: 0:04:17    time: 0.0600  data: 0.0000  max mem: 11815
      ITM Evaluation: [15700/19848]  eta: 0:04:11    time: 0.0599  data: 0.0000  max mem: 11815
      ITM Evaluation: [15800/19848]  eta: 0:04:05    time: 0.0614  data: 0.0000  max mem: 11815
      ITM Evaluation: [15900/19848]  eta: 0:03:59    time: 0.0593  data: 0.0000  max mem: 11815
      ITM Evaluation: [16000/19848]  eta: 0:03:53    time: 0.0595  data: 0.0000  max mem: 11815
      ITM Evaluation: [16100/19848]  eta: 0:03:47    time: 0.0604  data: 0.0000  max mem: 11815
      ITM Evaluation: [16200/19848]  eta: 0:03:41    time: 0.0600  data: 0.0000  max mem: 11815
      ITM Evaluation: [16300/19848]  eta: 0:03:34    time: 0.0594  data: 0.0000  max mem: 11815
      ITM Evaluation: [16400/19848]  eta: 0:03:28    time: 0.0606  data: 0.0000  max mem: 11815
      ITM Evaluation: [16500/19848]  eta: 0:03:22    time: 0.0592  data: 0.0000  max mem: 11815
      ITM Evaluation: [16600/19848]  eta: 0:03:16    time: 0.0585  data: 0.0000  max mem: 11815
      ITM Evaluation: [16700/19848]  eta: 0:03:10    time: 0.0588  data: 0.0000  max mem: 11815
      ITM Evaluation: [16800/19848]  eta: 0:03:04    time: 0.0604  data: 0.0000  max mem: 11815
      ITM Evaluation: [16900/19848]  eta: 0:02:58    time: 0.0597  data: 0.0000  max mem: 11815
      ITM Evaluation: [17000/19848]  eta: 0:02:52    time: 0.0606  data: 0.0000  max mem: 11815
      ITM Evaluation: [17100/19848]  eta: 0:02:46    time: 0.0572  data: 0.0000  max mem: 11815
      ITM Evaluation: [17200/19848]  eta: 0:02:40    time: 0.0604  data: 0.0000  max mem: 11815
      ITM Evaluation: [17300/19848]  eta: 0:02:34    time: 0.0600  data: 0.0000  max mem: 11815
      ITM Evaluation: [17400/19848]  eta: 0:02:28    time: 0.0597  data: 0.0000  max mem: 11815
      ITM Evaluation: [17500/19848]  eta: 0:02:22    time: 0.0587  data: 0.0000  max mem: 11815
      ITM Evaluation: [17600/19848]  eta: 0:02:16    time: 0.0585  data: 0.0000  max mem: 11815
      ITM Evaluation: [17700/19848]  eta: 0:02:09    time: 0.0590  data: 0.0000  max mem: 11815
      ITM Evaluation: [17800/19848]  eta: 0:02:03    time: 0.0588  data: 0.0000  max mem: 11815
      ITM Evaluation: [17900/19848]  eta: 0:01:57    time: 0.0591  data: 0.0000  max mem: 11815
      ITM Evaluation: [18000/19848]  eta: 0:01:51    time: 0.0604  data: 0.0000  max mem: 11815
      ITM Evaluation: [18100/19848]  eta: 0:01:45    time: 0.0599  data: 0.0000  max mem: 11815
      ITM Evaluation: [18200/19848]  eta: 0:01:39    time: 0.0587  data: 0.0000  max mem: 11815
      ITM Evaluation: [18300/19848]  eta: 0:01:33    time: 0.0597  data: 0.0000  max mem: 11815
      ITM Evaluation: [18400/19848]  eta: 0:01:27    time: 0.0591  data: 0.0000  max mem: 11815
      ITM Evaluation: [18500/19848]  eta: 0:01:21    time: 0.0600  data: 0.0000  max mem: 11815
      ITM Evaluation: [18600/19848]  eta: 0:01:15    time: 0.0612  data: 0.0000  max mem: 11815
      ITM Evaluation: [18700/19848]  eta: 0:01:09    time: 0.0592  data: 0.0000  max mem: 11815
      ITM Evaluation: [18800/19848]  eta: 0:01:03    time: 0.0590  data: 0.0000  max mem: 11815
      ITM Evaluation: [18900/19848]  eta: 0:00:57    time: 0.0589  data: 0.0000  max mem: 11815
      ITM Evaluation: [19000/19848]  eta: 0:00:51    time: 0.0589  data: 0.0000  max mem: 11815
      ITM Evaluation: [19100/19848]  eta: 0:00:45    time: 0.0600  data: 0.0000  max mem: 11815
      ITM Evaluation: [19200/19848]  eta: 0:00:39    time: 0.0602  data: 0.0000  max mem: 11815
      ITM Evaluation: [19300/19848]  eta: 0:00:33    time: 0.0588  data: 0.0000  max mem: 11815
      ITM Evaluation: [19400/19848]  eta: 0:00:27    time: 0.0591  data: 0.0000  max mem: 11815
      ITM Evaluation: [19500/19848]  eta: 0:00:21    time: 0.0592  data: 0.0000  max mem: 11815
      ITM Evaluation: [19600/19848]  eta: 0:00:14    time: 0.0595  data: 0.0000  max mem: 11815
      ITM Evaluation: [19700/19848]  eta: 0:00:08    time: 0.0584  data: 0.0000  max mem: 11815
      ITM Evaluation: [19800/19848]  eta: 0:00:02    time: 0.0606  data: 0.0000  max mem: 11815
      ITM Evaluation: [19847/19848]  eta: 0:00:00    time: 0.0591  data: 0.0000  max mem: 11815
      ITM Evaluation: Total time: 0:19:59 (0.0604 s / it)
     total_time 1200.739398241043
     Computing matching score time 0:20:00
### TTA ITM Score: 
+-------+--------+--------+--------+--------+--------+
| epoch |   R1   |   R5   |  R10   |  mAP   |  mINP  |
+-------+--------+--------+--------+--------+--------+
|  -999 | 63.014 | 79.484 | 85.041 | 40.411 | 10.184 |
|  -999 | 68.183 | 82.885 | 87.500 | 40.507 | 9.104  |
|   0   | 51.194 | 76.340 | 83.918 | 34.260 | 8.543  |
|   1   | 49.924 | 75.731 | 83.706 | 33.600 | 8.701  |
|   2   | 50.872 | 76.511 | 84.129 | 34.339 | 8.722  |
|   3   | 49.899 | 76.295 | 84.195 | 34.336 | 8.791  |
|   4   | 51.648 | 77.106 | 84.553 | 34.580 | 8.802  |
|   5   | 49.133 | 75.776 | 83.948 | 33.658 | 8.610  |
|   6   | 43.843 | 73.297 | 82.361 | 31.786 | 8.304  |
|   7   | 42.992 | 71.947 | 81.313 | 30.706 | 8.213  |
|   8   | 44.352 | 72.783 | 81.847 | 31.141 | 8.210  |
|   9   | 41.909 | 71.115 | 80.794 | 30.064 | 8.011  |
|   10  | 44.831 | 72.949 | 81.958 | 31.495 | 8.118  |
|   11  | 45.289 | 72.985 | 82.038 | 31.655 | 8.208  |
|   12  | 41.243 | 70.697 | 80.789 | 30.621 | 8.277  |
+-------+--------+--------+--------+--------+--------+
     logs:  {'epo': 12, 'R1': 41.243, 'R5': 70.697, 'R10': 80.789, 'mAP': 30.621, 'mINP': 8.277, 'lr': 5.9e-05, 'entropy': 0.139861, 'loss': 0.139861}
      TTA Epoch: [13] [   0/1240]  eta: 0:45:08  lr: 0.000057  entropy: 0.1318  loss: 0.1318  time: 2.1846  data: 2.0618  max mem: 11815
      TTA Epoch: [13] [ 100/1240]  eta: 0:01:52  lr: 0.000057  entropy: 0.1862  loss: 0.1862  time: 0.0774  data: 0.0001  max mem: 11815
      TTA Epoch: [13] [ 200/1240]  eta: 0:01:30  lr: 0.000056  entropy: 0.1415  loss: 0.1415  time: 0.0737  data: 0.0001  max mem: 11815
      TTA Epoch: [13] [ 300/1240]  eta: 0:01:18  lr: 0.000056  entropy: 0.1313  loss: 0.1313  time: 0.0778  data: 0.0001  max mem: 11815
      TTA Epoch: [13] [ 400/1240]  eta: 0:01:08  lr: 0.000056  entropy: 0.0572  loss: 0.0572  time: 0.0790  data: 0.0001  max mem: 11815
      TTA Epoch: [13] [ 500/1240]  eta: 0:01:01  lr: 0.000056  entropy: 0.0673  loss: 0.0673  time: 0.0970  data: 0.0003  max mem: 11815
      TTA Epoch: [13] [ 600/1240]  eta: 0:00:52  lr: 0.000055  entropy: 0.3092  loss: 0.3092  time: 0.0819  data: 0.0001  max mem: 11815
      TTA Epoch: [13] [ 700/1240]  eta: 0:00:44  lr: 0.000055  entropy: 0.0769  loss: 0.0769  time: 0.0827  data: 0.0001  max mem: 11815
      TTA Epoch: [13] [ 800/1240]  eta: 0:00:36  lr: 0.000055  entropy: 0.1048  loss: 0.1048  time: 0.0806  data: 0.0001  max mem: 11815
      TTA Epoch: [13] [ 900/1240]  eta: 0:00:28  lr: 0.000054  entropy: 0.0327  loss: 0.0327  time: 0.0883  data: 0.0002  max mem: 11815
      TTA Epoch: [13] [1000/1240]  eta: 0:00:19  lr: 0.000054  entropy: 0.1189  loss: 0.1189  time: 0.0804  data: 0.0002  max mem: 11815
      TTA Epoch: [13] [1100/1240]  eta: 0:00:11  lr: 0.000054  entropy: 0.0768  loss: 0.0768  time: 0.0841  data: 0.0002  max mem: 11815
      TTA Epoch: [13] [1200/1240]  eta: 0:00:03  lr: 0.000054  entropy: 0.0499  loss: 0.0499  time: 0.0800  data: 0.0001  max mem: 11815
      TTA Epoch: [13] [1239/1240]  eta: 0:00:00  lr: 0.000054  entropy: 0.2076  loss: 0.2076  time: 0.0793  data: 0.0001  max mem: 11815
      TTA Epoch: [13] Total time: 0:01:41 (0.0820 s / it)
     Averaged stats: lr: 0.0001  entropy: 0.1389  loss: 0.1389
     itm tta time 0:01:42
     Computing matching score
      ITM Evaluation: [    0/19848]  eta: 0:24:07    time: 0.0730  data: 0.0153  max mem: 11815
      ITM Evaluation: [  100/19848]  eta: 0:19:41    time: 0.0621  data: 0.0000  max mem: 11815
      ITM Evaluation: [  200/19848]  eta: 0:19:41    time: 0.0598  data: 0.0000  max mem: 11815
      ITM Evaluation: [  300/19848]  eta: 0:19:28    time: 0.0591  data: 0.0000  max mem: 11815
      ITM Evaluation: [  400/19848]  eta: 0:19:21    time: 0.0613  data: 0.0000  max mem: 11815
      ITM Evaluation: [  500/19848]  eta: 0:19:22    time: 0.0622  data: 0.0000  max mem: 11815
      ITM Evaluation: [  600/19848]  eta: 0:19:19    time: 0.0599  data: 0.0000  max mem: 11815
      ITM Evaluation: [  700/19848]  eta: 0:19:11    time: 0.0595  data: 0.0000  max mem: 11815
      ITM Evaluation: [  800/19848]  eta: 0:19:07    time: 0.0598  data: 0.0000  max mem: 11815
      ITM Evaluation: [  900/19848]  eta: 0:18:59    time: 0.0594  data: 0.0000  max mem: 11815
      ITM Evaluation: [ 1000/19848]  eta: 0:18:51    time: 0.0591  data: 0.0000  max mem: 11815
      ITM Evaluation: [ 1100/19848]  eta: 0:18:45    time: 0.0592  data: 0.0000  max mem: 11815
      ITM Evaluation: [ 1200/19848]  eta: 0:18:41    time: 0.0608  data: 0.0000  max mem: 11815
      ITM Evaluation: [ 1300/19848]  eta: 0:18:36    time: 0.0612  data: 0.0000  max mem: 11815
      ITM Evaluation: [ 1400/19848]  eta: 0:18:31    time: 0.0615  data: 0.0000  max mem: 11815
      ITM Evaluation: [ 1500/19848]  eta: 0:18:24    time: 0.0594  data: 0.0000  max mem: 11815
      ITM Evaluation: [ 1600/19848]  eta: 0:18:17    time: 0.0597  data: 0.0000  max mem: 11815
      ITM Evaluation: [ 1700/19848]  eta: 0:18:11    time: 0.0601  data: 0.0000  max mem: 11815
      ITM Evaluation: [ 1800/19848]  eta: 0:18:05    time: 0.0597  data: 0.0000  max mem: 11815
      ITM Evaluation: [ 1900/19848]  eta: 0:18:00    time: 0.0625  data: 0.0000  max mem: 11815
      ITM Evaluation: [ 2000/19848]  eta: 0:17:57    time: 0.0624  data: 0.0000  max mem: 11815
      ITM Evaluation: [ 2100/19848]  eta: 0:17:52    time: 0.0594  data: 0.0000  max mem: 11815
      ITM Evaluation: [ 2200/19848]  eta: 0:17:45    time: 0.0599  data: 0.0000  max mem: 11815
      ITM Evaluation: [ 2300/19848]  eta: 0:17:38    time: 0.0587  data: 0.0000  max mem: 11815
      ITM Evaluation: [ 2400/19848]  eta: 0:17:31    time: 0.0585  data: 0.0000  max mem: 11815
      ITM Evaluation: [ 2500/19848]  eta: 0:17:24    time: 0.0569  data: 0.0000  max mem: 11815
      ITM Evaluation: [ 2600/19848]  eta: 0:17:18    time: 0.0592  data: 0.0000  max mem: 11815
      ITM Evaluation: [ 2700/19848]  eta: 0:17:11    time: 0.0593  data: 0.0000  max mem: 11815
      ITM Evaluation: [ 2800/19848]  eta: 0:17:04    time: 0.0590  data: 0.0000  max mem: 11815
      ITM Evaluation: [ 2900/19848]  eta: 0:16:57    time: 0.0600  data: 0.0000  max mem: 11815
      ITM Evaluation: [ 3000/19848]  eta: 0:16:51    time: 0.0586  data: 0.0000  max mem: 11815
      ITM Evaluation: [ 3100/19848]  eta: 0:16:45    time: 0.0593  data: 0.0000  max mem: 11815
      ITM Evaluation: [ 3200/19848]  eta: 0:16:39    time: 0.0596  data: 0.0000  max mem: 11815
      ITM Evaluation: [ 3300/19848]  eta: 0:16:33    time: 0.0591  data: 0.0000  max mem: 11815
      ITM Evaluation: [ 3400/19848]  eta: 0:16:27    time: 0.0617  data: 0.0000  max mem: 11815
      ITM Evaluation: [ 3500/19848]  eta: 0:16:21    time: 0.0615  data: 0.0000  max mem: 11815
      ITM Evaluation: [ 3600/19848]  eta: 0:16:15    time: 0.0593  data: 0.0000  max mem: 11815
      ITM Evaluation: [ 3700/19848]  eta: 0:16:09    time: 0.0597  data: 0.0000  max mem: 11815
      ITM Evaluation: [ 3800/19848]  eta: 0:16:04    time: 0.0597  data: 0.0000  max mem: 11815
      ITM Evaluation: [ 3900/19848]  eta: 0:15:58    time: 0.0595  data: 0.0000  max mem: 11815
      ITM Evaluation: [ 4000/19848]  eta: 0:15:52    time: 0.0602  data: 0.0000  max mem: 11815
      ITM Evaluation: [ 4100/19848]  eta: 0:15:46    time: 0.0611  data: 0.0000  max mem: 11815
      ITM Evaluation: [ 4200/19848]  eta: 0:15:41    time: 0.0616  data: 0.0000  max mem: 11815
      ITM Evaluation: [ 4300/19848]  eta: 0:15:36    time: 0.0605  data: 0.0000  max mem: 11815
      ITM Evaluation: [ 4400/19848]  eta: 0:15:30    time: 0.0605  data: 0.0000  max mem: 11815
      ITM Evaluation: [ 4500/19848]  eta: 0:15:24    time: 0.0599  data: 0.0000  max mem: 11815
      ITM Evaluation: [ 4600/19848]  eta: 0:15:18    time: 0.0608  data: 0.0000  max mem: 11815
      ITM Evaluation: [ 4700/19848]  eta: 0:15:13    time: 0.0614  data: 0.0000  max mem: 11815
      ITM Evaluation: [ 4800/19848]  eta: 0:15:07    time: 0.0611  data: 0.0000  max mem: 11815
      ITM Evaluation: [ 4900/19848]  eta: 0:15:01    time: 0.0620  data: 0.0000  max mem: 11815
      ITM Evaluation: [ 5000/19848]  eta: 0:14:56    time: 0.0637  data: 0.0000  max mem: 11815
      ITM Evaluation: [ 5100/19848]  eta: 0:14:51    time: 0.0614  data: 0.0000  max mem: 11815
      ITM Evaluation: [ 5200/19848]  eta: 0:14:45    time: 0.0595  data: 0.0000  max mem: 11815
      ITM Evaluation: [ 5300/19848]  eta: 0:14:39    time: 0.0607  data: 0.0000  max mem: 11815
      ITM Evaluation: [ 5400/19848]  eta: 0:14:33    time: 0.0594  data: 0.0000  max mem: 11815
      ITM Evaluation: [ 5500/19848]  eta: 0:14:27    time: 0.0609  data: 0.0000  max mem: 11815
      ITM Evaluation: [ 5600/19848]  eta: 0:14:21    time: 0.0647  data: 0.0000  max mem: 11815
      ITM Evaluation: [ 5700/19848]  eta: 0:14:16    time: 0.0622  data: 0.0000  max mem: 11815
      ITM Evaluation: [ 5800/19848]  eta: 0:14:10    time: 0.0599  data: 0.0000  max mem: 11815
      ITM Evaluation: [ 5900/19848]  eta: 0:14:04    time: 0.0602  data: 0.0000  max mem: 11815
      ITM Evaluation: [ 6000/19848]  eta: 0:13:58    time: 0.0594  data: 0.0000  max mem: 11815
      ITM Evaluation: [ 6100/19848]  eta: 0:13:51    time: 0.0603  data: 0.0000  max mem: 11815
      ITM Evaluation: [ 6200/19848]  eta: 0:13:45    time: 0.0598  data: 0.0000  max mem: 11815
      ITM Evaluation: [ 6300/19848]  eta: 0:13:39    time: 0.0601  data: 0.0000  max mem: 11815
      ITM Evaluation: [ 6400/19848]  eta: 0:13:34    time: 0.0612  data: 0.0000  max mem: 11815
      ITM Evaluation: [ 6500/19848]  eta: 0:13:28    time: 0.0608  data: 0.0000  max mem: 11815
      ITM Evaluation: [ 6600/19848]  eta: 0:13:22    time: 0.0568  data: 0.0000  max mem: 11815
      ITM Evaluation: [ 6700/19848]  eta: 0:13:15    time: 0.0594  data: 0.0000  max mem: 11815
      ITM Evaluation: [ 6800/19848]  eta: 0:13:09    time: 0.0589  data: 0.0000  max mem: 11815
      ITM Evaluation: [ 6900/19848]  eta: 0:13:03    time: 0.0589  data: 0.0000  max mem: 11815
      ITM Evaluation: [ 7000/19848]  eta: 0:12:57    time: 0.0598  data: 0.0000  max mem: 11815
      ITM Evaluation: [ 7100/19848]  eta: 0:12:51    time: 0.0617  data: 0.0000  max mem: 11815
      ITM Evaluation: [ 7200/19848]  eta: 0:12:45    time: 0.0623  data: 0.0000  max mem: 11815
      ITM Evaluation: [ 7300/19848]  eta: 0:12:39    time: 0.0602  data: 0.0000  max mem: 11815
      ITM Evaluation: [ 7400/19848]  eta: 0:12:33    time: 0.0600  data: 0.0000  max mem: 11815
      ITM Evaluation: [ 7500/19848]  eta: 0:12:27    time: 0.0608  data: 0.0000  max mem: 11815
      ITM Evaluation: [ 7600/19848]  eta: 0:12:21    time: 0.0613  data: 0.0000  max mem: 11815
      ITM Evaluation: [ 7700/19848]  eta: 0:12:15    time: 0.0601  data: 0.0000  max mem: 11815
      ITM Evaluation: [ 7800/19848]  eta: 0:12:09    time: 0.0608  data: 0.0000  max mem: 11815
      ITM Evaluation: [ 7900/19848]  eta: 0:12:03    time: 0.0605  data: 0.0000  max mem: 11815
      ITM Evaluation: [ 8000/19848]  eta: 0:11:57    time: 0.0621  data: 0.0000  max mem: 11815
      ITM Evaluation: [ 8100/19848]  eta: 0:11:51    time: 0.0589  data: 0.0000  max mem: 11815
      ITM Evaluation: [ 8200/19848]  eta: 0:11:45    time: 0.0590  data: 0.0000  max mem: 11815
      ITM Evaluation: [ 8300/19848]  eta: 0:11:39    time: 0.0611  data: 0.0000  max mem: 11815
      ITM Evaluation: [ 8400/19848]  eta: 0:11:33    time: 0.0606  data: 0.0000  max mem: 11815
      ITM Evaluation: [ 8500/19848]  eta: 0:11:27    time: 0.0604  data: 0.0000  max mem: 11815
      ITM Evaluation: [ 8600/19848]  eta: 0:11:21    time: 0.0655  data: 0.0000  max mem: 11815
      ITM Evaluation: [ 8700/19848]  eta: 0:11:15    time: 0.0615  data: 0.0000  max mem: 11815
      ITM Evaluation: [ 8800/19848]  eta: 0:11:09    time: 0.0598  data: 0.0000  max mem: 11815
      ITM Evaluation: [ 8900/19848]  eta: 0:11:03    time: 0.0599  data: 0.0000  max mem: 11815
      ITM Evaluation: [ 9000/19848]  eta: 0:10:57    time: 0.0601  data: 0.0000  max mem: 11815
      ITM Evaluation: [ 9100/19848]  eta: 0:10:50    time: 0.0584  data: 0.0000  max mem: 11815
      ITM Evaluation: [ 9200/19848]  eta: 0:10:44    time: 0.0631  data: 0.0000  max mem: 11815
      ITM Evaluation: [ 9300/19848]  eta: 0:10:39    time: 0.0630  data: 0.0000  max mem: 11815
      ITM Evaluation: [ 9400/19848]  eta: 0:10:33    time: 0.0607  data: 0.0000  max mem: 11815
      ITM Evaluation: [ 9500/19848]  eta: 0:10:27    time: 0.0618  data: 0.0000  max mem: 11815
      ITM Evaluation: [ 9600/19848]  eta: 0:10:21    time: 0.0617  data: 0.0000  max mem: 11815
      ITM Evaluation: [ 9700/19848]  eta: 0:10:15    time: 0.0638  data: 0.0000  max mem: 11815
      ITM Evaluation: [ 9800/19848]  eta: 0:10:10    time: 0.0882  data: 0.0000  max mem: 11815
      ITM Evaluation: [ 9900/19848]  eta: 0:10:05    time: 0.0607  data: 0.0000  max mem: 11815
      ITM Evaluation: [10000/19848]  eta: 0:09:59    time: 0.0667  data: 0.0000  max mem: 11815
      ITM Evaluation: [10100/19848]  eta: 0:09:53    time: 0.0599  data: 0.0000  max mem: 11815
      ITM Evaluation: [10200/19848]  eta: 0:09:47    time: 0.0665  data: 0.0000  max mem: 11815
      ITM Evaluation: [10300/19848]  eta: 0:09:41    time: 0.0572  data: 0.0000  max mem: 11815
      ITM Evaluation: [10400/19848]  eta: 0:09:35    time: 0.0647  data: 0.0000  max mem: 11815
      ITM Evaluation: [10500/19848]  eta: 0:09:29    time: 0.0598  data: 0.0000  max mem: 11815
      ITM Evaluation: [10600/19848]  eta: 0:09:23    time: 0.0584  data: 0.0000  max mem: 11815
      ITM Evaluation: [10700/19848]  eta: 0:09:16    time: 0.0594  data: 0.0000  max mem: 11815
      ITM Evaluation: [10800/19848]  eta: 0:09:10    time: 0.0588  data: 0.0000  max mem: 11815
      ITM Evaluation: [10900/19848]  eta: 0:09:04    time: 0.0584  data: 0.0000  max mem: 11815
      ITM Evaluation: [11000/19848]  eta: 0:08:58    time: 0.0594  data: 0.0000  max mem: 11815
      ITM Evaluation: [11100/19848]  eta: 0:08:51    time: 0.0591  data: 0.0000  max mem: 11815
      ITM Evaluation: [11200/19848]  eta: 0:08:45    time: 0.0584  data: 0.0000  max mem: 11815
      ITM Evaluation: [11300/19848]  eta: 0:08:39    time: 0.0580  data: 0.0000  max mem: 11815
      ITM Evaluation: [11400/19848]  eta: 0:08:33    time: 0.0589  data: 0.0000  max mem: 11815
      ITM Evaluation: [11500/19848]  eta: 0:08:27    time: 0.0597  data: 0.0000  max mem: 11815
      ITM Evaluation: [11600/19848]  eta: 0:08:20    time: 0.0614  data: 0.0000  max mem: 11815
      ITM Evaluation: [11700/19848]  eta: 0:08:14    time: 0.0591  data: 0.0000  max mem: 11815
      ITM Evaluation: [11800/19848]  eta: 0:08:08    time: 0.0602  data: 0.0000  max mem: 11815
      ITM Evaluation: [11900/19848]  eta: 0:08:02    time: 0.0586  data: 0.0000  max mem: 11815
      ITM Evaluation: [12000/19848]  eta: 0:07:56    time: 0.0593  data: 0.0000  max mem: 11815
      ITM Evaluation: [12100/19848]  eta: 0:07:50    time: 0.0598  data: 0.0000  max mem: 11815
      ITM Evaluation: [12200/19848]  eta: 0:07:44    time: 0.0627  data: 0.0000  max mem: 11815
      ITM Evaluation: [12300/19848]  eta: 0:07:37    time: 0.0601  data: 0.0000  max mem: 11815
      ITM Evaluation: [12400/19848]  eta: 0:07:31    time: 0.0611  data: 0.0000  max mem: 11815
      ITM Evaluation: [12500/19848]  eta: 0:07:25    time: 0.0600  data: 0.0000  max mem: 11815
      ITM Evaluation: [12600/19848]  eta: 0:07:19    time: 0.0604  data: 0.0000  max mem: 11815
      ITM Evaluation: [12700/19848]  eta: 0:07:13    time: 0.0597  data: 0.0000  max mem: 11815
      ITM Evaluation: [12800/19848]  eta: 0:07:07    time: 0.0607  data: 0.0000  max mem: 11815
      ITM Evaluation: [12900/19848]  eta: 0:07:01    time: 0.0608  data: 0.0000  max mem: 11815
      ITM Evaluation: [13000/19848]  eta: 0:06:55    time: 0.0594  data: 0.0000  max mem: 11815
      ITM Evaluation: [13100/19848]  eta: 0:06:49    time: 0.0587  data: 0.0000  max mem: 11815
      ITM Evaluation: [13200/19848]  eta: 0:06:42    time: 0.0597  data: 0.0000  max mem: 11815
      ITM Evaluation: [13300/19848]  eta: 0:06:36    time: 0.0584  data: 0.0000  max mem: 11815
      ITM Evaluation: [13400/19848]  eta: 0:06:30    time: 0.0605  data: 0.0000  max mem: 11815
      ITM Evaluation: [13500/19848]  eta: 0:06:24    time: 0.0595  data: 0.0000  max mem: 11815
      ITM Evaluation: [13600/19848]  eta: 0:06:18    time: 0.0604  data: 0.0000  max mem: 11815
      ITM Evaluation: [13700/19848]  eta: 0:06:12    time: 0.0601  data: 0.0000  max mem: 11815
      ITM Evaluation: [13800/19848]  eta: 0:06:06    time: 0.0584  data: 0.0000  max mem: 11815
      ITM Evaluation: [13900/19848]  eta: 0:06:00    time: 0.0585  data: 0.0000  max mem: 11815
      ITM Evaluation: [14000/19848]  eta: 0:05:54    time: 0.0583  data: 0.0000  max mem: 11815
      ITM Evaluation: [14100/19848]  eta: 0:05:48    time: 0.0584  data: 0.0000  max mem: 11815
      ITM Evaluation: [14200/19848]  eta: 0:05:41    time: 0.0594  data: 0.0000  max mem: 11815
      ITM Evaluation: [14300/19848]  eta: 0:05:35    time: 0.0599  data: 0.0000  max mem: 11815
      ITM Evaluation: [14400/19848]  eta: 0:05:29    time: 0.0594  data: 0.0000  max mem: 11815
      ITM Evaluation: [14500/19848]  eta: 0:05:23    time: 0.0582  data: 0.0000  max mem: 11815
      ITM Evaluation: [14600/19848]  eta: 0:05:17    time: 0.0599  data: 0.0000  max mem: 11815
      ITM Evaluation: [14700/19848]  eta: 0:05:11    time: 0.0602  data: 0.0000  max mem: 11815
      ITM Evaluation: [14800/19848]  eta: 0:05:05    time: 0.0599  data: 0.0000  max mem: 11815
      ITM Evaluation: [14900/19848]  eta: 0:04:59    time: 0.0588  data: 0.0000  max mem: 11815
      ITM Evaluation: [15000/19848]  eta: 0:04:53    time: 0.0592  data: 0.0000  max mem: 11815
      ITM Evaluation: [15100/19848]  eta: 0:04:47    time: 0.0637  data: 0.0000  max mem: 11815
      ITM Evaluation: [15200/19848]  eta: 0:04:41    time: 0.0590  data: 0.0000  max mem: 11815
      ITM Evaluation: [15300/19848]  eta: 0:04:35    time: 0.0585  data: 0.0000  max mem: 11815
      ITM Evaluation: [15400/19848]  eta: 0:04:29    time: 0.0588  data: 0.0000  max mem: 11815
      ITM Evaluation: [15500/19848]  eta: 0:04:22    time: 0.0607  data: 0.0000  max mem: 11815
      ITM Evaluation: [15600/19848]  eta: 0:04:16    time: 0.0599  data: 0.0000  max mem: 11815
      ITM Evaluation: [15700/19848]  eta: 0:04:10    time: 0.0628  data: 0.0000  max mem: 11815
      ITM Evaluation: [15800/19848]  eta: 0:04:04    time: 0.0590  data: 0.0000  max mem: 11815
      ITM Evaluation: [15900/19848]  eta: 0:03:58    time: 0.0605  data: 0.0000  max mem: 11815
      ITM Evaluation: [16000/19848]  eta: 0:03:52    time: 0.0602  data: 0.0000  max mem: 11815
      ITM Evaluation: [16100/19848]  eta: 0:03:46    time: 0.0593  data: 0.0000  max mem: 11815
      ITM Evaluation: [16200/19848]  eta: 0:03:40    time: 0.0587  data: 0.0000  max mem: 11815
      ITM Evaluation: [16300/19848]  eta: 0:03:34    time: 0.0619  data: 0.0000  max mem: 11815
      ITM Evaluation: [16400/19848]  eta: 0:03:28    time: 0.0592  data: 0.0000  max mem: 11815
      ITM Evaluation: [16500/19848]  eta: 0:03:22    time: 0.0607  data: 0.0000  max mem: 11815
      ITM Evaluation: [16600/19848]  eta: 0:03:16    time: 0.0598  data: 0.0000  max mem: 11815
      ITM Evaluation: [16700/19848]  eta: 0:03:10    time: 0.0592  data: 0.0000  max mem: 11815
      ITM Evaluation: [16800/19848]  eta: 0:03:04    time: 0.0603  data: 0.0000  max mem: 11815
      ITM Evaluation: [16900/19848]  eta: 0:02:58    time: 0.0599  data: 0.0000  max mem: 11815
      ITM Evaluation: [17000/19848]  eta: 0:02:52    time: 0.0593  data: 0.0000  max mem: 11815
      ITM Evaluation: [17100/19848]  eta: 0:02:46    time: 0.0592  data: 0.0000  max mem: 11815
      ITM Evaluation: [17200/19848]  eta: 0:02:39    time: 0.0596  data: 0.0000  max mem: 11815
      ITM Evaluation: [17300/19848]  eta: 0:02:33    time: 0.0594  data: 0.0000  max mem: 11815
      ITM Evaluation: [17400/19848]  eta: 0:02:27    time: 0.0596  data: 0.0000  max mem: 11815
      ITM Evaluation: [17500/19848]  eta: 0:02:21    time: 0.0593  data: 0.0000  max mem: 11815
      ITM Evaluation: [17600/19848]  eta: 0:02:15    time: 0.0596  data: 0.0000  max mem: 11815
      ITM Evaluation: [17700/19848]  eta: 0:02:09    time: 0.0585  data: 0.0000  max mem: 11815
      ITM Evaluation: [17800/19848]  eta: 0:02:03    time: 0.0584  data: 0.0000  max mem: 11815
      ITM Evaluation: [17900/19848]  eta: 0:01:57    time: 0.0583  data: 0.0000  max mem: 11815
      ITM Evaluation: [18000/19848]  eta: 0:01:51    time: 0.0585  data: 0.0000  max mem: 11815
      ITM Evaluation: [18100/19848]  eta: 0:01:45    time: 0.0584  data: 0.0000  max mem: 11815
      ITM Evaluation: [18200/19848]  eta: 0:01:39    time: 0.0602  data: 0.0000  max mem: 11815
      ITM Evaluation: [18300/19848]  eta: 0:01:33    time: 0.0572  data: 0.0000  max mem: 11815
      ITM Evaluation: [18400/19848]  eta: 0:01:27    time: 0.0591  data: 0.0000  max mem: 11815
      ITM Evaluation: [18500/19848]  eta: 0:01:21    time: 0.0596  data: 0.0000  max mem: 11815
      ITM Evaluation: [18600/19848]  eta: 0:01:15    time: 0.0591  data: 0.0000  max mem: 11815
      ITM Evaluation: [18700/19848]  eta: 0:01:09    time: 0.0642  data: 0.0000  max mem: 11815
      ITM Evaluation: [18800/19848]  eta: 0:01:03    time: 0.0632  data: 0.0000  max mem: 11815
      ITM Evaluation: [18900/19848]  eta: 0:00:57    time: 0.0628  data: 0.0000  max mem: 11815
      ITM Evaluation: [19000/19848]  eta: 0:00:51    time: 0.0612  data: 0.0000  max mem: 11815
      ITM Evaluation: [19100/19848]  eta: 0:00:45    time: 0.0721  data: 0.0000  max mem: 11815
      ITM Evaluation: [19200/19848]  eta: 0:00:39    time: 0.0722  data: 0.0000  max mem: 11815
      ITM Evaluation: [19300/19848]  eta: 0:00:33    time: 0.0617  data: 0.0000  max mem: 11815
      ITM Evaluation: [19400/19848]  eta: 0:00:27    time: 0.0582  data: 0.0000  max mem: 11815
      ITM Evaluation: [19500/19848]  eta: 0:00:21    time: 0.0613  data: 0.0000  max mem: 11815
      ITM Evaluation: [19600/19848]  eta: 0:00:14    time: 0.0591  data: 0.0000  max mem: 11815
      ITM Evaluation: [19700/19848]  eta: 0:00:08    time: 0.0598  data: 0.0000  max mem: 11815
      ITM Evaluation: [19800/19848]  eta: 0:00:02    time: 0.0584  data: 0.0000  max mem: 11815
      ITM Evaluation: [19847/19848]  eta: 0:00:00    time: 0.0587  data: 0.0000  max mem: 11815
      ITM Evaluation: Total time: 0:19:59 (0.0605 s / it)
     total_time 1201.1250205039978
     Computing matching score time 0:20:01
### TTA ITM Score: 
+-------+--------+--------+--------+--------+--------+
| epoch |   R1   |   R5   |  R10   |  mAP   |  mINP  |
+-------+--------+--------+--------+--------+--------+
|  -999 | 63.014 | 79.484 | 85.041 | 40.411 | 10.184 |
|  -999 | 68.183 | 82.885 | 87.500 | 40.507 | 9.104  |
|   0   | 51.194 | 76.340 | 83.918 | 34.260 | 8.543  |
|   1   | 49.924 | 75.731 | 83.706 | 33.600 | 8.701  |
|   2   | 50.872 | 76.511 | 84.129 | 34.339 | 8.722  |
|   3   | 49.899 | 76.295 | 84.195 | 34.336 | 8.791  |
|   4   | 51.648 | 77.106 | 84.553 | 34.580 | 8.802  |
|   5   | 49.133 | 75.776 | 83.948 | 33.658 | 8.610  |
|   6   | 43.843 | 73.297 | 82.361 | 31.786 | 8.304  |
|   7   | 42.992 | 71.947 | 81.313 | 30.706 | 8.213  |
|   8   | 44.352 | 72.783 | 81.847 | 31.141 | 8.210  |
|   9   | 41.909 | 71.115 | 80.794 | 30.064 | 8.011  |
|   10  | 44.831 | 72.949 | 81.958 | 31.495 | 8.118  |
|   11  | 45.289 | 72.985 | 82.038 | 31.655 | 8.208  |
|   12  | 41.243 | 70.697 | 80.789 | 30.621 | 8.277  |
|   13  | 40.075 | 70.123 | 80.467 | 30.304 | 8.319  |
+-------+--------+--------+--------+--------+--------+
     logs:  {'epo': 13, 'R1': 40.075, 'R5': 70.123, 'R10': 80.467, 'mAP': 30.304, 'mINP': 8.319, 'lr': 5.5e-05, 'entropy': 0.138909, 'loss': 0.138909}
      TTA Epoch: [14] [   0/1240]  eta: 0:32:57  lr: 0.000054  entropy: 0.2730  loss: 0.2730  time: 1.5949  data: 1.4739  max mem: 11815
      TTA Epoch: [14] [ 100/1240]  eta: 0:01:53  lr: 0.000053  entropy: 0.0584  loss: 0.0584  time: 0.0760  data: 0.0002  max mem: 11815
      TTA Epoch: [14] [ 200/1240]  eta: 0:01:36  lr: 0.000053  entropy: 0.1847  loss: 0.1847  time: 0.0873  data: 0.0002  max mem: 11815
      TTA Epoch: [14] [ 300/1240]  eta: 0:01:25  lr: 0.000053  entropy: 0.2555  loss: 0.2555  time: 0.0810  data: 0.0001  max mem: 11815
      TTA Epoch: [14] [ 400/1240]  eta: 0:01:13  lr: 0.000052  entropy: 0.2183  loss: 0.2183  time: 0.0832  data: 0.0001  max mem: 11815
      TTA Epoch: [14] [ 500/1240]  eta: 0:01:04  lr: 0.000052  entropy: 0.1298  loss: 0.1298  time: 0.0817  data: 0.0001  max mem: 11815
      TTA Epoch: [14] [ 600/1240]  eta: 0:00:54  lr: 0.000052  entropy: 0.2388  loss: 0.2388  time: 0.0811  data: 0.0001  max mem: 11815
      TTA Epoch: [14] [ 700/1240]  eta: 0:00:46  lr: 0.000052  entropy: 0.1465  loss: 0.1465  time: 0.0844  data: 0.0002  max mem: 11815
      TTA Epoch: [14] [ 800/1240]  eta: 0:00:37  lr: 0.000051  entropy: 0.1902  loss: 0.1902  time: 0.0960  data: 0.0003  max mem: 11815
      TTA Epoch: [14] [ 900/1240]  eta: 0:00:29  lr: 0.000051  entropy: 0.1482  loss: 0.1482  time: 0.0823  data: 0.0001  max mem: 11815
      TTA Epoch: [14] [1000/1240]  eta: 0:00:20  lr: 0.000051  entropy: 0.2310  loss: 0.2310  time: 0.0810  data: 0.0001  max mem: 11815
      TTA Epoch: [14] [1100/1240]  eta: 0:00:11  lr: 0.000051  entropy: 0.2568  loss: 0.2568  time: 0.0828  data: 0.0001  max mem: 11815
      TTA Epoch: [14] [1200/1240]  eta: 0:00:03  lr: 0.000050  entropy: 0.2259  loss: 0.2259  time: 0.0839  data: 0.0001  max mem: 11815
      TTA Epoch: [14] [1239/1240]  eta: 0:00:00  lr: 0.000050  entropy: 0.0597  loss: 0.0597  time: 0.0859  data: 0.0002  max mem: 11815
      TTA Epoch: [14] Total time: 0:01:45 (0.0848 s / it)
     Averaged stats: lr: 0.0001  entropy: 0.1369  loss: 0.1369
     itm tta time 0:01:45
     Computing matching score
      ITM Evaluation: [    0/19848]  eta: 0:28:19    time: 0.0856  data: 0.0144  max mem: 11815
      ITM Evaluation: [  100/19848]  eta: 0:19:30    time: 0.0592  data: 0.0000  max mem: 11815
      ITM Evaluation: [  200/19848]  eta: 0:19:20    time: 0.0580  data: 0.0000  max mem: 11815
      ITM Evaluation: [  300/19848]  eta: 0:19:18    time: 0.0594  data: 0.0000  max mem: 11815
      ITM Evaluation: [  400/19848]  eta: 0:19:12    time: 0.0590  data: 0.0000  max mem: 11815
      ITM Evaluation: [  500/19848]  eta: 0:19:05    time: 0.0590  data: 0.0000  max mem: 11815
      ITM Evaluation: [  600/19848]  eta: 0:19:04    time: 0.0612  data: 0.0000  max mem: 11815
      ITM Evaluation: [  700/19848]  eta: 0:18:57    time: 0.0583  data: 0.0000  max mem: 11815
      ITM Evaluation: [  800/19848]  eta: 0:18:52    time: 0.0601  data: 0.0000  max mem: 11815
      ITM Evaluation: [  900/19848]  eta: 0:18:47    time: 0.0588  data: 0.0000  max mem: 11815
      ITM Evaluation: [ 1000/19848]  eta: 0:18:44    time: 0.0608  data: 0.0000  max mem: 11815
      ITM Evaluation: [ 1100/19848]  eta: 0:18:42    time: 0.0622  data: 0.0000  max mem: 11815
      ITM Evaluation: [ 1200/19848]  eta: 0:18:41    time: 0.0659  data: 0.0000  max mem: 11815
      ITM Evaluation: [ 1300/19848]  eta: 0:18:35    time: 0.0591  data: 0.0000  max mem: 11815
      ITM Evaluation: [ 1400/19848]  eta: 0:18:27    time: 0.0593  data: 0.0000  max mem: 11815
      ITM Evaluation: [ 1500/19848]  eta: 0:18:20    time: 0.0595  data: 0.0000  max mem: 11815
      ITM Evaluation: [ 1600/19848]  eta: 0:18:14    time: 0.0594  data: 0.0000  max mem: 11815
      ITM Evaluation: [ 1700/19848]  eta: 0:18:07    time: 0.0585  data: 0.0000  max mem: 11815
      ITM Evaluation: [ 1800/19848]  eta: 0:18:04    time: 0.0632  data: 0.0000  max mem: 11815
      ITM Evaluation: [ 1900/19848]  eta: 0:18:01    time: 0.0639  data: 0.0000  max mem: 11815
      ITM Evaluation: [ 2000/19848]  eta: 0:17:57    time: 0.0635  data: 0.0000  max mem: 11815
      ITM Evaluation: [ 2100/19848]  eta: 0:17:52    time: 0.0631  data: 0.0000  max mem: 11815
      ITM Evaluation: [ 2200/19848]  eta: 0:17:57    time: 0.0678  data: 0.0000  max mem: 11815
      ITM Evaluation: [ 2300/19848]  eta: 0:17:53    time: 0.0688  data: 0.0000  max mem: 11815
      ITM Evaluation: [ 2400/19848]  eta: 0:17:48    time: 0.0604  data: 0.0000  max mem: 11815
      ITM Evaluation: [ 2500/19848]  eta: 0:17:43    time: 0.0599  data: 0.0000  max mem: 11815
      ITM Evaluation: [ 2600/19848]  eta: 0:17:38    time: 0.0648  data: 0.0000  max mem: 11815
      ITM Evaluation: [ 2700/19848]  eta: 0:17:31    time: 0.0598  data: 0.0000  max mem: 11815
      ITM Evaluation: [ 2800/19848]  eta: 0:17:25    time: 0.0648  data: 0.0000  max mem: 11815
      ITM Evaluation: [ 2900/19848]  eta: 0:17:19    time: 0.0595  data: 0.0000  max mem: 11815
      ITM Evaluation: [ 3000/19848]  eta: 0:17:11    time: 0.0586  data: 0.0000  max mem: 11815
      ITM Evaluation: [ 3100/19848]  eta: 0:17:04    time: 0.0588  data: 0.0000  max mem: 11815
      ITM Evaluation: [ 3200/19848]  eta: 0:16:57    time: 0.0614  data: 0.0000  max mem: 11815
      ITM Evaluation: [ 3300/19848]  eta: 0:16:51    time: 0.0590  data: 0.0000  max mem: 11815
      ITM Evaluation: [ 3400/19848]  eta: 0:16:44    time: 0.0612  data: 0.0000  max mem: 11815
      ITM Evaluation: [ 3500/19848]  eta: 0:16:37    time: 0.0589  data: 0.0000  max mem: 11815
      ITM Evaluation: [ 3600/19848]  eta: 0:16:30    time: 0.0588  data: 0.0000  max mem: 11815
      ITM Evaluation: [ 3700/19848]  eta: 0:16:23    time: 0.0593  data: 0.0000  max mem: 11815
      ITM Evaluation: [ 3800/19848]  eta: 0:16:16    time: 0.0608  data: 0.0000  max mem: 11815
      ITM Evaluation: [ 3900/19848]  eta: 0:16:11    time: 0.0600  data: 0.0000  max mem: 11815
      ITM Evaluation: [ 4000/19848]  eta: 0:16:04    time: 0.0592  data: 0.0000  max mem: 11815
      ITM Evaluation: [ 4100/19848]  eta: 0:15:57    time: 0.0593  data: 0.0000  max mem: 11815
      ITM Evaluation: [ 4200/19848]  eta: 0:15:51    time: 0.0620  data: 0.0000  max mem: 11815
      ITM Evaluation: [ 4300/19848]  eta: 0:15:45    time: 0.0613  data: 0.0000  max mem: 11815
      ITM Evaluation: [ 4400/19848]  eta: 0:15:39    time: 0.0583  data: 0.0000  max mem: 11815
      ITM Evaluation: [ 4500/19848]  eta: 0:15:32    time: 0.0594  data: 0.0000  max mem: 11815
      ITM Evaluation: [ 4600/19848]  eta: 0:15:26    time: 0.0583  data: 0.0000  max mem: 11815
      ITM Evaluation: [ 4700/19848]  eta: 0:15:19    time: 0.0581  data: 0.0000  max mem: 11815
      ITM Evaluation: [ 4800/19848]  eta: 0:15:13    time: 0.0598  data: 0.0000  max mem: 11815
      ITM Evaluation: [ 4900/19848]  eta: 0:15:06    time: 0.0595  data: 0.0000  max mem: 11815
      ITM Evaluation: [ 5000/19848]  eta: 0:15:00    time: 0.0618  data: 0.0000  max mem: 11815
      ITM Evaluation: [ 5100/19848]  eta: 0:14:54    time: 0.0585  data: 0.0000  max mem: 11815
      ITM Evaluation: [ 5200/19848]  eta: 0:14:48    time: 0.0582  data: 0.0000  max mem: 11815
      ITM Evaluation: [ 5300/19848]  eta: 0:14:41    time: 0.0593  data: 0.0000  max mem: 11815
      ITM Evaluation: [ 5400/19848]  eta: 0:14:35    time: 0.0601  data: 0.0000  max mem: 11815
      ITM Evaluation: [ 5500/19848]  eta: 0:14:28    time: 0.0581  data: 0.0000  max mem: 11815
      ITM Evaluation: [ 5600/19848]  eta: 0:14:22    time: 0.0604  data: 0.0000  max mem: 11815
      ITM Evaluation: [ 5700/19848]  eta: 0:14:16    time: 0.0588  data: 0.0000  max mem: 11815
      ITM Evaluation: [ 5800/19848]  eta: 0:14:10    time: 0.0596  data: 0.0000  max mem: 11815
      ITM Evaluation: [ 5900/19848]  eta: 0:14:04    time: 0.0591  data: 0.0000  max mem: 11815
      ITM Evaluation: [ 6000/19848]  eta: 0:13:57    time: 0.0588  data: 0.0000  max mem: 11815
      ITM Evaluation: [ 6100/19848]  eta: 0:13:51    time: 0.0590  data: 0.0000  max mem: 11815
      ITM Evaluation: [ 6200/19848]  eta: 0:13:45    time: 0.0595  data: 0.0000  max mem: 11815
      ITM Evaluation: [ 6300/19848]  eta: 0:13:39    time: 0.0604  data: 0.0000  max mem: 11815
      ITM Evaluation: [ 6400/19848]  eta: 0:13:33    time: 0.0587  data: 0.0000  max mem: 11815
      ITM Evaluation: [ 6500/19848]  eta: 0:13:27    time: 0.0611  data: 0.0000  max mem: 11815
      ITM Evaluation: [ 6600/19848]  eta: 0:13:20    time: 0.0591  data: 0.0000  max mem: 11815
      ITM Evaluation: [ 6700/19848]  eta: 0:13:14    time: 0.0598  data: 0.0000  max mem: 11815
      ITM Evaluation: [ 6800/19848]  eta: 0:13:08    time: 0.0601  data: 0.0000  max mem: 11815
      ITM Evaluation: [ 6900/19848]  eta: 0:13:02    time: 0.0599  data: 0.0000  max mem: 11815
      ITM Evaluation: [ 7000/19848]  eta: 0:12:56    time: 0.0577  data: 0.0000  max mem: 11815
      ITM Evaluation: [ 7100/19848]  eta: 0:12:49    time: 0.0592  data: 0.0000  max mem: 11815
      ITM Evaluation: [ 7200/19848]  eta: 0:12:43    time: 0.0589  data: 0.0000  max mem: 11815
      ITM Evaluation: [ 7300/19848]  eta: 0:12:37    time: 0.0592  data: 0.0000  max mem: 11815
      ITM Evaluation: [ 7400/19848]  eta: 0:12:31    time: 0.0635  data: 0.0000  max mem: 11815
      ITM Evaluation: [ 7500/19848]  eta: 0:12:25    time: 0.0574  data: 0.0000  max mem: 11815
      ITM Evaluation: [ 7600/19848]  eta: 0:12:19    time: 0.0591  data: 0.0000  max mem: 11815
      ITM Evaluation: [ 7700/19848]  eta: 0:12:12    time: 0.0584  data: 0.0000  max mem: 11815
      ITM Evaluation: [ 7800/19848]  eta: 0:12:06    time: 0.0585  data: 0.0000  max mem: 11815
      ITM Evaluation: [ 7900/19848]  eta: 0:12:00    time: 0.0607  data: 0.0000  max mem: 11815
      ITM Evaluation: [ 8000/19848]  eta: 0:11:54    time: 0.0599  data: 0.0000  max mem: 11815
      ITM Evaluation: [ 8100/19848]  eta: 0:11:48    time: 0.0633  data: 0.0000  max mem: 11815
      ITM Evaluation: [ 8200/19848]  eta: 0:11:43    time: 0.0632  data: 0.0000  max mem: 11815
      ITM Evaluation: [ 8300/19848]  eta: 0:11:37    time: 0.0594  data: 0.0000  max mem: 11815
      ITM Evaluation: [ 8400/19848]  eta: 0:11:30    time: 0.0605  data: 0.0000  max mem: 11815
      ITM Evaluation: [ 8500/19848]  eta: 0:11:24    time: 0.0602  data: 0.0000  max mem: 11815
      ITM Evaluation: [ 8600/19848]  eta: 0:11:18    time: 0.0599  data: 0.0000  max mem: 11815
      ITM Evaluation: [ 8700/19848]  eta: 0:11:12    time: 0.0610  data: 0.0000  max mem: 11815
      ITM Evaluation: [ 8800/19848]  eta: 0:11:06    time: 0.0609  data: 0.0000  max mem: 11815
      ITM Evaluation: [ 8900/19848]  eta: 0:11:01    time: 0.0616  data: 0.0000  max mem: 11815
      ITM Evaluation: [ 9000/19848]  eta: 0:10:54    time: 0.0599  data: 0.0000  max mem: 11815
      ITM Evaluation: [ 9100/19848]  eta: 0:10:48    time: 0.0628  data: 0.0000  max mem: 11815
      ITM Evaluation: [ 9200/19848]  eta: 0:10:43    time: 0.0603  data: 0.0000  max mem: 11815
      ITM Evaluation: [ 9300/19848]  eta: 0:10:37    time: 0.0601  data: 0.0000  max mem: 11815
      ITM Evaluation: [ 9400/19848]  eta: 0:10:31    time: 0.0600  data: 0.0000  max mem: 11815
      ITM Evaluation: [ 9500/19848]  eta: 0:10:25    time: 0.0617  data: 0.0000  max mem: 11815
      ITM Evaluation: [ 9600/19848]  eta: 0:10:19    time: 0.0598  data: 0.0000  max mem: 11815
      ITM Evaluation: [ 9700/19848]  eta: 0:10:12    time: 0.0597  data: 0.0000  max mem: 11815
      ITM Evaluation: [ 9800/19848]  eta: 0:10:06    time: 0.0611  data: 0.0000  max mem: 11815
      ITM Evaluation: [ 9900/19848]  eta: 0:10:00    time: 0.0600  data: 0.0000  max mem: 11815
      ITM Evaluation: [10000/19848]  eta: 0:09:54    time: 0.0596  data: 0.0000  max mem: 11815
      ITM Evaluation: [10100/19848]  eta: 0:09:48    time: 0.0600  data: 0.0000  max mem: 11815
      ITM Evaluation: [10200/19848]  eta: 0:09:42    time: 0.0622  data: 0.0000  max mem: 11815
      ITM Evaluation: [10300/19848]  eta: 0:09:36    time: 0.0600  data: 0.0000  max mem: 11815
      ITM Evaluation: [10400/19848]  eta: 0:09:30    time: 0.0590  data: 0.0000  max mem: 11815
      ITM Evaluation: [10500/19848]  eta: 0:09:24    time: 0.0607  data: 0.0000  max mem: 11815
      ITM Evaluation: [10600/19848]  eta: 0:09:18    time: 0.0602  data: 0.0000  max mem: 11815
      ITM Evaluation: [10700/19848]  eta: 0:09:12    time: 0.0599  data: 0.0000  max mem: 11815
      ITM Evaluation: [10800/19848]  eta: 0:09:06    time: 0.0629  data: 0.0000  max mem: 11815
      ITM Evaluation: [10900/19848]  eta: 0:09:00    time: 0.0606  data: 0.0000  max mem: 11815
      ITM Evaluation: [11000/19848]  eta: 0:08:54    time: 0.0597  data: 0.0000  max mem: 11815
      ITM Evaluation: [11100/19848]  eta: 0:08:48    time: 0.0609  data: 0.0000  max mem: 11815
      ITM Evaluation: [11200/19848]  eta: 0:08:42    time: 0.0602  data: 0.0000  max mem: 11815
      ITM Evaluation: [11300/19848]  eta: 0:08:36    time: 0.0603  data: 0.0000  max mem: 11815
      ITM Evaluation: [11400/19848]  eta: 0:08:30    time: 0.0645  data: 0.0000  max mem: 11815
      ITM Evaluation: [11500/19848]  eta: 0:08:24    time: 0.0628  data: 0.0000  max mem: 11815
      ITM Evaluation: [11600/19848]  eta: 0:08:18    time: 0.0680  data: 0.0000  max mem: 11815
      ITM Evaluation: [11700/19848]  eta: 0:08:12    time: 0.0636  data: 0.0000  max mem: 11815
      ITM Evaluation: [11800/19848]  eta: 0:08:06    time: 0.0578  data: 0.0000  max mem: 11815
      ITM Evaluation: [11900/19848]  eta: 0:08:00    time: 0.0566  data: 0.0000  max mem: 11815
      ITM Evaluation: [12000/19848]  eta: 0:07:54    time: 0.0583  data: 0.0000  max mem: 11815
      ITM Evaluation: [12100/19848]  eta: 0:07:48    time: 0.0568  data: 0.0000  max mem: 11815
      ITM Evaluation: [12200/19848]  eta: 0:07:41    time: 0.0586  data: 0.0000  max mem: 11815
      ITM Evaluation: [12300/19848]  eta: 0:07:35    time: 0.0566  data: 0.0000  max mem: 11815
      ITM Evaluation: [12400/19848]  eta: 0:07:29    time: 0.0596  data: 0.0000  max mem: 11815
      ITM Evaluation: [12500/19848]  eta: 0:07:23    time: 0.0605  data: 0.0000  max mem: 11815
      ITM Evaluation: [12600/19848]  eta: 0:07:17    time: 0.0620  data: 0.0000  max mem: 11815
      ITM Evaluation: [12700/19848]  eta: 0:07:11    time: 0.0616  data: 0.0000  max mem: 11815
      ITM Evaluation: [12800/19848]  eta: 0:07:05    time: 0.0615  data: 0.0000  max mem: 11815
      ITM Evaluation: [12900/19848]  eta: 0:06:59    time: 0.0608  data: 0.0000  max mem: 11815
      ITM Evaluation: [13000/19848]  eta: 0:06:53    time: 0.0604  data: 0.0000  max mem: 11815
      ITM Evaluation: [13100/19848]  eta: 0:06:47    time: 0.0608  data: 0.0000  max mem: 11815
      ITM Evaluation: [13200/19848]  eta: 0:06:41    time: 0.0606  data: 0.0000  max mem: 11815
      ITM Evaluation: [13300/19848]  eta: 0:06:35    time: 0.0604  data: 0.0000  max mem: 11815
      ITM Evaluation: [13400/19848]  eta: 0:06:29    time: 0.0604  data: 0.0000  max mem: 11815
      ITM Evaluation: [13500/19848]  eta: 0:06:23    time: 0.0601  data: 0.0000  max mem: 11815
      ITM Evaluation: [13600/19848]  eta: 0:06:17    time: 0.0601  data: 0.0000  max mem: 11815
      ITM Evaluation: [13700/19848]  eta: 0:06:11    time: 0.0599  data: 0.0000  max mem: 11815
      ITM Evaluation: [13800/19848]  eta: 0:06:05    time: 0.0606  data: 0.0000  max mem: 11815
      ITM Evaluation: [13900/19848]  eta: 0:05:59    time: 0.0619  data: 0.0000  max mem: 11815
      ITM Evaluation: [14000/19848]  eta: 0:05:53    time: 0.0604  data: 0.0000  max mem: 11815
      ITM Evaluation: [14100/19848]  eta: 0:05:47    time: 0.0608  data: 0.0000  max mem: 11815
      ITM Evaluation: [14200/19848]  eta: 0:05:41    time: 0.0593  data: 0.0000  max mem: 11815
      ITM Evaluation: [14300/19848]  eta: 0:05:35    time: 0.0611  data: 0.0000  max mem: 11815
      ITM Evaluation: [14400/19848]  eta: 0:05:29    time: 0.0616  data: 0.0000  max mem: 11815
      ITM Evaluation: [14500/19848]  eta: 0:05:23    time: 0.0611  data: 0.0000  max mem: 11815
      ITM Evaluation: [14600/19848]  eta: 0:05:17    time: 0.0603  data: 0.0000  max mem: 11815
      ITM Evaluation: [14700/19848]  eta: 0:05:11    time: 0.0605  data: 0.0000  max mem: 11815
      ITM Evaluation: [14800/19848]  eta: 0:05:04    time: 0.0581  data: 0.0000  max mem: 11815
      ITM Evaluation: [14900/19848]  eta: 0:04:58    time: 0.0597  data: 0.0000  max mem: 11815
      ITM Evaluation: [15000/19848]  eta: 0:04:52    time: 0.0592  data: 0.0000  max mem: 11815
      ITM Evaluation: [15100/19848]  eta: 0:04:46    time: 0.0586  data: 0.0000  max mem: 11815
      ITM Evaluation: [15200/19848]  eta: 0:04:40    time: 0.0595  data: 0.0000  max mem: 11815
      ITM Evaluation: [15300/19848]  eta: 0:04:34    time: 0.0607  data: 0.0000  max mem: 11815
      ITM Evaluation: [15400/19848]  eta: 0:04:28    time: 0.0592  data: 0.0000  max mem: 11815
      ITM Evaluation: [15500/19848]  eta: 0:04:22    time: 0.0610  data: 0.0000  max mem: 11815
      ITM Evaluation: [15600/19848]  eta: 0:04:16    time: 0.0607  data: 0.0000  max mem: 11815
      ITM Evaluation: [15700/19848]  eta: 0:04:10    time: 0.0596  data: 0.0000  max mem: 11815
      ITM Evaluation: [15800/19848]  eta: 0:04:04    time: 0.0623  data: 0.0000  max mem: 11815
      ITM Evaluation: [15900/19848]  eta: 0:03:58    time: 0.0574  data: 0.0000  max mem: 11815
      ITM Evaluation: [16000/19848]  eta: 0:03:52    time: 0.0620  data: 0.0000  max mem: 11815
      ITM Evaluation: [16100/19848]  eta: 0:03:46    time: 0.0593  data: 0.0000  max mem: 11815
      ITM Evaluation: [16200/19848]  eta: 0:03:40    time: 0.0596  data: 0.0000  max mem: 11815
      ITM Evaluation: [16300/19848]  eta: 0:03:34    time: 0.0591  data: 0.0000  max mem: 11815
      ITM Evaluation: [16400/19848]  eta: 0:03:28    time: 0.0591  data: 0.0000  max mem: 11815
      ITM Evaluation: [16500/19848]  eta: 0:03:22    time: 0.0598  data: 0.0000  max mem: 11815
      ITM Evaluation: [16600/19848]  eta: 0:03:16    time: 0.0602  data: 0.0000  max mem: 11815
      ITM Evaluation: [16700/19848]  eta: 0:03:10    time: 0.0610  data: 0.0000  max mem: 11815
      ITM Evaluation: [16800/19848]  eta: 0:03:04    time: 0.0603  data: 0.0000  max mem: 11815
      ITM Evaluation: [16900/19848]  eta: 0:02:58    time: 0.0606  data: 0.0000  max mem: 11815
      ITM Evaluation: [17000/19848]  eta: 0:02:52    time: 0.0600  data: 0.0000  max mem: 11815
      ITM Evaluation: [17100/19848]  eta: 0:02:45    time: 0.0586  data: 0.0000  max mem: 11815
      ITM Evaluation: [17200/19848]  eta: 0:02:39    time: 0.0589  data: 0.0000  max mem: 11815
      ITM Evaluation: [17300/19848]  eta: 0:02:33    time: 0.0592  data: 0.0000  max mem: 11815
      ITM Evaluation: [17400/19848]  eta: 0:02:27    time: 0.0592  data: 0.0000  max mem: 11815
      ITM Evaluation: [17500/19848]  eta: 0:02:21    time: 0.0613  data: 0.0000  max mem: 11815
      ITM Evaluation: [17600/19848]  eta: 0:02:15    time: 0.0590  data: 0.0000  max mem: 11815
      ITM Evaluation: [17700/19848]  eta: 0:02:09    time: 0.0589  data: 0.0000  max mem: 11815
      ITM Evaluation: [17800/19848]  eta: 0:02:03    time: 0.0594  data: 0.0000  max mem: 11815
      ITM Evaluation: [17900/19848]  eta: 0:01:57    time: 0.0587  data: 0.0000  max mem: 11815
      ITM Evaluation: [18000/19848]  eta: 0:01:51    time: 0.0595  data: 0.0000  max mem: 11815
      ITM Evaluation: [18100/19848]  eta: 0:01:45    time: 0.0614  data: 0.0000  max mem: 11815
      ITM Evaluation: [18200/19848]  eta: 0:01:39    time: 0.0593  data: 0.0000  max mem: 11815
      ITM Evaluation: [18300/19848]  eta: 0:01:33    time: 0.0598  data: 0.0000  max mem: 11815
      ITM Evaluation: [18400/19848]  eta: 0:01:27    time: 0.0598  data: 0.0000  max mem: 11815
      ITM Evaluation: [18500/19848]  eta: 0:01:21    time: 0.0594  data: 0.0000  max mem: 11815
      ITM Evaluation: [18600/19848]  eta: 0:01:15    time: 0.0599  data: 0.0000  max mem: 11815
      ITM Evaluation: [18700/19848]  eta: 0:01:09    time: 0.0600  data: 0.0000  max mem: 11815
      ITM Evaluation: [18800/19848]  eta: 0:01:03    time: 0.0595  data: 0.0000  max mem: 11815
      ITM Evaluation: [18900/19848]  eta: 0:00:57    time: 0.0595  data: 0.0000  max mem: 11815
      ITM Evaluation: [19000/19848]  eta: 0:00:51    time: 0.0599  data: 0.0000  max mem: 11815
      ITM Evaluation: [19100/19848]  eta: 0:00:45    time: 0.0587  data: 0.0000  max mem: 11815
      ITM Evaluation: [19200/19848]  eta: 0:00:39    time: 0.0595  data: 0.0000  max mem: 11815
      ITM Evaluation: [19300/19848]  eta: 0:00:33    time: 0.0589  data: 0.0000  max mem: 11815
      ITM Evaluation: [19400/19848]  eta: 0:00:27    time: 0.0591  data: 0.0000  max mem: 11815
      ITM Evaluation: [19500/19848]  eta: 0:00:20    time: 0.0592  data: 0.0000  max mem: 11815
      ITM Evaluation: [19600/19848]  eta: 0:00:14    time: 0.0593  data: 0.0000  max mem: 11815
      ITM Evaluation: [19700/19848]  eta: 0:00:08    time: 0.0596  data: 0.0000  max mem: 11815
      ITM Evaluation: [19800/19848]  eta: 0:00:02    time: 0.0604  data: 0.0000  max mem: 11815
      ITM Evaluation: [19847/19848]  eta: 0:00:00    time: 0.0592  data: 0.0000  max mem: 11815
      ITM Evaluation: Total time: 0:19:57 (0.0603 s / it)
     total_time 1198.6859648227692
     Computing matching score time 0:19:58
### TTA ITM Score: 
+-------+--------+--------+--------+--------+--------+
| epoch |   R1   |   R5   |  R10   |  mAP   |  mINP  |
+-------+--------+--------+--------+--------+--------+
|  -999 | 63.014 | 79.484 | 85.041 | 40.411 | 10.184 |
|  -999 | 68.183 | 82.885 | 87.500 | 40.507 | 9.104  |
|   0   | 51.194 | 76.340 | 83.918 | 34.260 | 8.543  |
|   1   | 49.924 | 75.731 | 83.706 | 33.600 | 8.701  |
|   2   | 50.872 | 76.511 | 84.129 | 34.339 | 8.722  |
|   3   | 49.899 | 76.295 | 84.195 | 34.336 | 8.791  |
|   4   | 51.648 | 77.106 | 84.553 | 34.580 | 8.802  |
|   5   | 49.133 | 75.776 | 83.948 | 33.658 | 8.610  |
|   6   | 43.843 | 73.297 | 82.361 | 31.786 | 8.304  |
|   7   | 42.992 | 71.947 | 81.313 | 30.706 | 8.213  |
|   8   | 44.352 | 72.783 | 81.847 | 31.141 | 8.210  |
|   9   | 41.909 | 71.115 | 80.794 | 30.064 | 8.011  |
|   10  | 44.831 | 72.949 | 81.958 | 31.495 | 8.118  |
|   11  | 45.289 | 72.985 | 82.038 | 31.655 | 8.208  |
|   12  | 41.243 | 70.697 | 80.789 | 30.621 | 8.277  |
|   13  | 40.075 | 70.123 | 80.467 | 30.304 | 8.319  |
|   14  | 44.881 | 73.191 | 82.205 | 31.933 | 8.483  |
+-------+--------+--------+--------+--------+--------+
     logs:  {'epo': 14, 'R1': 44.881, 'R5': 73.191, 'R10': 82.205, 'mAP': 31.933, 'mINP': 8.483, 'lr': 5.2e-05, 'entropy': 0.136911, 'loss': 0.136911}
      TTA Epoch: [15] [   0/1240]  eta: 0:28:38  lr: 0.000050  entropy: 0.1367  loss: 0.1367  time: 1.3862  data: 1.2615  max mem: 11815
      TTA Epoch: [15] [ 100/1240]  eta: 0:01:45  lr: 0.000050  entropy: 0.0593  loss: 0.0593  time: 0.0746  data: 0.0001  max mem: 11815
      TTA Epoch: [15] [ 200/1240]  eta: 0:01:29  lr: 0.000050  entropy: 0.1521  loss: 0.1521  time: 0.0781  data: 0.0008  max mem: 11815
      TTA Epoch: [15] [ 300/1240]  eta: 0:01:18  lr: 0.000049  entropy: 0.2025  loss: 0.2025  time: 0.0764  data: 0.0002  max mem: 11815
      TTA Epoch: [15] [ 400/1240]  eta: 0:01:09  lr: 0.000049  entropy: 0.0524  loss: 0.0524  time: 0.0794  data: 0.0001  max mem: 11815
      TTA Epoch: [15] [ 500/1240]  eta: 0:00:59  lr: 0.000049  entropy: 0.0625  loss: 0.0625  time: 0.0774  data: 0.0001  max mem: 11815
      TTA Epoch: [15] [ 600/1240]  eta: 0:00:51  lr: 0.000049  entropy: 0.0926  loss: 0.0926  time: 0.0873  data: 0.0002  max mem: 11815
      TTA Epoch: [15] [ 700/1240]  eta: 0:00:43  lr: 0.000048  entropy: 0.1538  loss: 0.1538  time: 0.0791  data: 0.0001  max mem: 11815
      TTA Epoch: [15] [ 800/1240]  eta: 0:00:35  lr: 0.000048  entropy: 0.1134  loss: 0.1134  time: 0.0844  data: 0.0002  max mem: 11815
      TTA Epoch: [15] [ 900/1240]  eta: 0:00:27  lr: 0.000048  entropy: 0.1495  loss: 0.1495  time: 0.0813  data: 0.0001  max mem: 11815
      TTA Epoch: [15] [1000/1240]  eta: 0:00:19  lr: 0.000048  entropy: 0.2840  loss: 0.2840  time: 0.0828  data: 0.0001  max mem: 11815
      TTA Epoch: [15] [1100/1240]  eta: 0:00:11  lr: 0.000047  entropy: 0.0667  loss: 0.0667  time: 0.0817  data: 0.0001  max mem: 11815
      TTA Epoch: [15] [1200/1240]  eta: 0:00:03  lr: 0.000047  entropy: 0.1152  loss: 0.1152  time: 0.0798  data: 0.0001  max mem: 11815
      TTA Epoch: [15] [1239/1240]  eta: 0:00:00  lr: 0.000047  entropy: 0.1302  loss: 0.1302  time: 0.0804  data: 0.0002  max mem: 11815
      TTA Epoch: [15] Total time: 0:01:41 (0.0820 s / it)
     Averaged stats: lr: 0.0000  entropy: 0.1296  loss: 0.1296
     itm tta time 0:01:42
     Computing matching score
      ITM Evaluation: [    0/19848]  eta: 0:29:52    time: 0.0903  data: 0.0179  max mem: 11815
      ITM Evaluation: [  100/19848]  eta: 0:20:28    time: 0.0618  data: 0.0000  max mem: 11815
      ITM Evaluation: [  200/19848]  eta: 0:20:03    time: 0.0600  data: 0.0000  max mem: 11815
      ITM Evaluation: [  300/19848]  eta: 0:19:42    time: 0.0589  data: 0.0000  max mem: 11815
      ITM Evaluation: [  400/19848]  eta: 0:19:32    time: 0.0611  data: 0.0000  max mem: 11815
      ITM Evaluation: [  500/19848]  eta: 0:19:22    time: 0.0591  data: 0.0000  max mem: 11815
      ITM Evaluation: [  600/19848]  eta: 0:19:23    time: 0.0682  data: 0.0000  max mem: 11815
      ITM Evaluation: [  700/19848]  eta: 0:19:16    time: 0.0620  data: 0.0000  max mem: 11815
      ITM Evaluation: [  800/19848]  eta: 0:19:15    time: 0.0635  data: 0.0000  max mem: 11815
      ITM Evaluation: [  900/19848]  eta: 0:19:09    time: 0.0597  data: 0.0000  max mem: 11815
      ITM Evaluation: [ 1000/19848]  eta: 0:19:02    time: 0.0591  data: 0.0000  max mem: 11815
      ITM Evaluation: [ 1100/19848]  eta: 0:18:56    time: 0.0597  data: 0.0000  max mem: 11815
      ITM Evaluation: [ 1200/19848]  eta: 0:18:51    time: 0.0625  data: 0.0000  max mem: 11815
      ITM Evaluation: [ 1300/19848]  eta: 0:18:45    time: 0.0596  data: 0.0000  max mem: 11815
      ITM Evaluation: [ 1400/19848]  eta: 0:18:38    time: 0.0623  data: 0.0000  max mem: 11815
      ITM Evaluation: [ 1500/19848]  eta: 0:18:30    time: 0.0584  data: 0.0000  max mem: 11815
      ITM Evaluation: [ 1600/19848]  eta: 0:18:23    time: 0.0597  data: 0.0000  max mem: 11815
      ITM Evaluation: [ 1700/19848]  eta: 0:18:16    time: 0.0594  data: 0.0000  max mem: 11815
      ITM Evaluation: [ 1800/19848]  eta: 0:18:10    time: 0.0625  data: 0.0000  max mem: 11815
      ITM Evaluation: [ 1900/19848]  eta: 0:18:04    time: 0.0599  data: 0.0000  max mem: 11815
      ITM Evaluation: [ 2000/19848]  eta: 0:17:58    time: 0.0598  data: 0.0000  max mem: 11815
      ITM Evaluation: [ 2100/19848]  eta: 0:17:52    time: 0.0622  data: 0.0000  max mem: 11815
      ITM Evaluation: [ 2200/19848]  eta: 0:17:47    time: 0.0624  data: 0.0000  max mem: 11815
      ITM Evaluation: [ 2300/19848]  eta: 0:17:41    time: 0.0587  data: 0.0000  max mem: 11815
      ITM Evaluation: [ 2400/19848]  eta: 0:17:35    time: 0.0631  data: 0.0000  max mem: 11815
      ITM Evaluation: [ 2500/19848]  eta: 0:17:29    time: 0.0596  data: 0.0000  max mem: 11815
      ITM Evaluation: [ 2600/19848]  eta: 0:17:22    time: 0.0603  data: 0.0000  max mem: 11815
      ITM Evaluation: [ 2700/19848]  eta: 0:17:16    time: 0.0590  data: 0.0000  max mem: 11815
      ITM Evaluation: [ 2800/19848]  eta: 0:17:09    time: 0.0602  data: 0.0000  max mem: 11815
      ITM Evaluation: [ 2900/19848]  eta: 0:17:03    time: 0.0603  data: 0.0000  max mem: 11815
      ITM Evaluation: [ 3000/19848]  eta: 0:16:57    time: 0.0620  data: 0.0000  max mem: 11815
      ITM Evaluation: [ 3100/19848]  eta: 0:16:50    time: 0.0579  data: 0.0000  max mem: 11815
      ITM Evaluation: [ 3200/19848]  eta: 0:16:45    time: 0.0643  data: 0.0000  max mem: 11815
      ITM Evaluation: [ 3300/19848]  eta: 0:16:40    time: 0.0621  data: 0.0000  max mem: 11815
      ITM Evaluation: [ 3400/19848]  eta: 0:16:35    time: 0.0632  data: 0.0000  max mem: 11815
      ITM Evaluation: [ 3500/19848]  eta: 0:16:33    time: 0.0753  data: 0.0000  max mem: 11815
      ITM Evaluation: [ 3600/19848]  eta: 0:16:29    time: 0.0634  data: 0.0000  max mem: 11815
      ITM Evaluation: [ 3700/19848]  eta: 0:16:25    time: 0.0606  data: 0.0000  max mem: 11815
      ITM Evaluation: [ 3800/19848]  eta: 0:16:20    time: 0.0612  data: 0.0000  max mem: 11815
      ITM Evaluation: [ 3900/19848]  eta: 0:16:14    time: 0.0606  data: 0.0000  max mem: 11815
      ITM Evaluation: [ 4000/19848]  eta: 0:16:08    time: 0.0623  data: 0.0000  max mem: 11815
      ITM Evaluation: [ 4100/19848]  eta: 0:16:02    time: 0.0610  data: 0.0000  max mem: 11815
      ITM Evaluation: [ 4200/19848]  eta: 0:15:56    time: 0.0583  data: 0.0000  max mem: 11815
      ITM Evaluation: [ 4300/19848]  eta: 0:15:49    time: 0.0589  data: 0.0000  max mem: 11815
      ITM Evaluation: [ 4400/19848]  eta: 0:15:42    time: 0.0592  data: 0.0000  max mem: 11815
      ITM Evaluation: [ 4500/19848]  eta: 0:15:36    time: 0.0595  data: 0.0000  max mem: 11815
      ITM Evaluation: [ 4600/19848]  eta: 0:15:30    time: 0.0622  data: 0.0000  max mem: 11815
      ITM Evaluation: [ 4700/19848]  eta: 0:15:23    time: 0.0591  data: 0.0000  max mem: 11815
      ITM Evaluation: [ 4800/19848]  eta: 0:15:17    time: 0.0609  data: 0.0000  max mem: 11815
      ITM Evaluation: [ 4900/19848]  eta: 0:15:10    time: 0.0590  data: 0.0000  max mem: 11815
      ITM Evaluation: [ 5000/19848]  eta: 0:15:04    time: 0.0593  data: 0.0000  max mem: 11815
      ITM Evaluation: [ 5100/19848]  eta: 0:14:57    time: 0.0597  data: 0.0000  max mem: 11815
      ITM Evaluation: [ 5200/19848]  eta: 0:14:51    time: 0.0616  data: 0.0000  max mem: 11815
      ITM Evaluation: [ 5300/19848]  eta: 0:14:44    time: 0.0591  data: 0.0000  max mem: 11815
      ITM Evaluation: [ 5400/19848]  eta: 0:14:38    time: 0.0593  data: 0.0000  max mem: 11815
      ITM Evaluation: [ 5500/19848]  eta: 0:14:31    time: 0.0593  data: 0.0000  max mem: 11815
      ITM Evaluation: [ 5600/19848]  eta: 0:14:25    time: 0.0576  data: 0.0000  max mem: 11815
      ITM Evaluation: [ 5700/19848]  eta: 0:14:18    time: 0.0599  data: 0.0000  max mem: 11815
      ITM Evaluation: [ 5800/19848]  eta: 0:14:12    time: 0.0607  data: 0.0000  max mem: 11815
      ITM Evaluation: [ 5900/19848]  eta: 0:14:06    time: 0.0606  data: 0.0000  max mem: 11815
      ITM Evaluation: [ 6000/19848]  eta: 0:14:00    time: 0.0595  data: 0.0000  max mem: 11815
      ITM Evaluation: [ 6100/19848]  eta: 0:13:55    time: 0.0602  data: 0.0000  max mem: 11815
      ITM Evaluation: [ 6200/19848]  eta: 0:13:48    time: 0.0601  data: 0.0000  max mem: 11815
      ITM Evaluation: [ 6300/19848]  eta: 0:13:42    time: 0.0610  data: 0.0000  max mem: 11815
      ITM Evaluation: [ 6400/19848]  eta: 0:13:36    time: 0.0611  data: 0.0000  max mem: 11815
      ITM Evaluation: [ 6500/19848]  eta: 0:13:30    time: 0.0584  data: 0.0000  max mem: 11815
      ITM Evaluation: [ 6600/19848]  eta: 0:13:23    time: 0.0591  data: 0.0000  max mem: 11815
      ITM Evaluation: [ 6700/19848]  eta: 0:13:17    time: 0.0587  data: 0.0000  max mem: 11815
      ITM Evaluation: [ 6800/19848]  eta: 0:13:11    time: 0.0626  data: 0.0000  max mem: 11815
      ITM Evaluation: [ 6900/19848]  eta: 0:13:05    time: 0.0614  data: 0.0000  max mem: 11815
      ITM Evaluation: [ 7000/19848]  eta: 0:12:59    time: 0.0596  data: 0.0000  max mem: 11815
      ITM Evaluation: [ 7100/19848]  eta: 0:12:53    time: 0.0613  data: 0.0000  max mem: 11815
      ITM Evaluation: [ 7200/19848]  eta: 0:12:47    time: 0.0606  data: 0.0000  max mem: 11815
      ITM Evaluation: [ 7300/19848]  eta: 0:12:41    time: 0.0610  data: 0.0000  max mem: 11815
      ITM Evaluation: [ 7400/19848]  eta: 0:12:35    time: 0.0651  data: 0.0000  max mem: 11815
      ITM Evaluation: [ 7500/19848]  eta: 0:12:30    time: 0.0657  data: 0.0000  max mem: 11815
      ITM Evaluation: [ 7600/19848]  eta: 0:12:24    time: 0.0630  data: 0.0000  max mem: 11815
      ITM Evaluation: [ 7700/19848]  eta: 0:12:18    time: 0.0609  data: 0.0000  max mem: 11815
      ITM Evaluation: [ 7800/19848]  eta: 0:12:12    time: 0.0604  data: 0.0000  max mem: 11815
      ITM Evaluation: [ 7900/19848]  eta: 0:12:06    time: 0.0597  data: 0.0000  max mem: 11815
      ITM Evaluation: [ 8000/19848]  eta: 0:12:00    time: 0.0626  data: 0.0000  max mem: 11815
      ITM Evaluation: [ 8100/19848]  eta: 0:11:55    time: 0.0736  data: 0.0000  max mem: 11815
      ITM Evaluation: [ 8200/19848]  eta: 0:11:49    time: 0.0656  data: 0.0000  max mem: 11815
      ITM Evaluation: [ 8300/19848]  eta: 0:11:44    time: 0.0714  data: 0.0000  max mem: 11815
      ITM Evaluation: [ 8400/19848]  eta: 0:11:39    time: 0.0668  data: 0.0000  max mem: 11815
      ITM Evaluation: [ 8500/19848]  eta: 0:11:34    time: 0.0661  data: 0.0000  max mem: 11815
      ITM Evaluation: [ 8600/19848]  eta: 0:11:29    time: 0.0704  data: 0.0000  max mem: 11815
      ITM Evaluation: [ 8700/19848]  eta: 0:11:23    time: 0.0605  data: 0.0000  max mem: 11815
      ITM Evaluation: [ 8800/19848]  eta: 0:11:17    time: 0.0619  data: 0.0000  max mem: 11815
      ITM Evaluation: [ 8900/19848]  eta: 0:11:11    time: 0.0603  data: 0.0000  max mem: 11815
      ITM Evaluation: [ 9000/19848]  eta: 0:11:05    time: 0.0624  data: 0.0000  max mem: 11815
      ITM Evaluation: [ 9100/19848]  eta: 0:10:58    time: 0.0581  data: 0.0000  max mem: 11815
      ITM Evaluation: [ 9200/19848]  eta: 0:10:52    time: 0.0612  data: 0.0000  max mem: 11815
      ITM Evaluation: [ 9300/19848]  eta: 0:10:46    time: 0.0625  data: 0.0000  max mem: 11815
      ITM Evaluation: [ 9400/19848]  eta: 0:10:40    time: 0.0682  data: 0.0000  max mem: 11815
      ITM Evaluation: [ 9500/19848]  eta: 0:10:34    time: 0.0630  data: 0.0000  max mem: 11815
      ITM Evaluation: [ 9600/19848]  eta: 0:10:28    time: 0.0629  data: 0.0000  max mem: 11815
      ITM Evaluation: [ 9700/19848]  eta: 0:10:22    time: 0.0623  data: 0.0000  max mem: 11815
      ITM Evaluation: [ 9800/19848]  eta: 0:10:17    time: 0.0644  data: 0.0000  max mem: 11815
      ITM Evaluation: [ 9900/19848]  eta: 0:10:11    time: 0.0614  data: 0.0000  max mem: 11815
      ITM Evaluation: [10000/19848]  eta: 0:10:04    time: 0.0631  data: 0.0000  max mem: 11815
      ITM Evaluation: [10100/19848]  eta: 0:09:58    time: 0.0628  data: 0.0000  max mem: 11815
      ITM Evaluation: [10200/19848]  eta: 0:09:52    time: 0.0594  data: 0.0000  max mem: 11815
      ITM Evaluation: [10300/19848]  eta: 0:09:46    time: 0.0689  data: 0.0000  max mem: 11815
      ITM Evaluation: [10400/19848]  eta: 0:09:41    time: 0.0691  data: 0.0000  max mem: 11815
      ITM Evaluation: [10500/19848]  eta: 0:09:35    time: 0.0700  data: 0.0000  max mem: 11815
      ITM Evaluation: [10600/19848]  eta: 0:09:31    time: 0.0833  data: 0.0000  max mem: 11815
      ITM Evaluation: [10700/19848]  eta: 0:09:26    time: 0.0788  data: 0.0000  max mem: 11815
      ITM Evaluation: [10800/19848]  eta: 0:09:22    time: 0.0814  data: 0.0000  max mem: 11815
      ITM Evaluation: [10900/19848]  eta: 0:09:17    time: 0.0639  data: 0.0000  max mem: 11815
      ITM Evaluation: [11000/19848]  eta: 0:09:11    time: 0.0616  data: 0.0000  max mem: 11815
      ITM Evaluation: [11100/19848]  eta: 0:09:05    time: 0.0608  data: 0.0000  max mem: 11815
      ITM Evaluation: [11200/19848]  eta: 0:08:58    time: 0.0596  data: 0.0000  max mem: 11815
      ITM Evaluation: [11300/19848]  eta: 0:08:52    time: 0.0594  data: 0.0000  max mem: 11815
      ITM Evaluation: [11400/19848]  eta: 0:08:46    time: 0.0602  data: 0.0000  max mem: 11815
      ITM Evaluation: [11500/19848]  eta: 0:08:39    time: 0.0598  data: 0.0000  max mem: 11815
      ITM Evaluation: [11600/19848]  eta: 0:08:33    time: 0.0614  data: 0.0000  max mem: 11815
      ITM Evaluation: [11700/19848]  eta: 0:08:27    time: 0.0603  data: 0.0000  max mem: 11815
      ITM Evaluation: [11800/19848]  eta: 0:08:20    time: 0.0599  data: 0.0000  max mem: 11815
      ITM Evaluation: [11900/19848]  eta: 0:08:14    time: 0.0591  data: 0.0000  max mem: 11815
      ITM Evaluation: [12000/19848]  eta: 0:08:08    time: 0.0600  data: 0.0000  max mem: 11815
      ITM Evaluation: [12100/19848]  eta: 0:08:02    time: 0.0592  data: 0.0000  max mem: 11815
      ITM Evaluation: [12200/19848]  eta: 0:07:55    time: 0.0589  data: 0.0000  max mem: 11815
      ITM Evaluation: [12300/19848]  eta: 0:07:49    time: 0.0594  data: 0.0000  max mem: 11815
      ITM Evaluation: [12400/19848]  eta: 0:07:42    time: 0.0594  data: 0.0000  max mem: 11815
      ITM Evaluation: [12500/19848]  eta: 0:07:36    time: 0.0619  data: 0.0000  max mem: 11815
      ITM Evaluation: [12600/19848]  eta: 0:07:30    time: 0.0591  data: 0.0000  max mem: 11815
      ITM Evaluation: [12700/19848]  eta: 0:07:24    time: 0.0604  data: 0.0000  max mem: 11815
      ITM Evaluation: [12800/19848]  eta: 0:07:17    time: 0.0598  data: 0.0000  max mem: 11815
      ITM Evaluation: [12900/19848]  eta: 0:07:11    time: 0.0593  data: 0.0000  max mem: 11815
      ITM Evaluation: [13000/19848]  eta: 0:07:05    time: 0.0618  data: 0.0000  max mem: 11815
      ITM Evaluation: [13100/19848]  eta: 0:06:58    time: 0.0601  data: 0.0000  max mem: 11815
      ITM Evaluation: [13200/19848]  eta: 0:06:52    time: 0.0574  data: 0.0000  max mem: 11815
      ITM Evaluation: [13300/19848]  eta: 0:06:46    time: 0.0603  data: 0.0000  max mem: 11815
      ITM Evaluation: [13400/19848]  eta: 0:06:40    time: 0.0618  data: 0.0000  max mem: 11815
      ITM Evaluation: [13500/19848]  eta: 0:06:33    time: 0.0599  data: 0.0000  max mem: 11815
      ITM Evaluation: [13600/19848]  eta: 0:06:27    time: 0.0611  data: 0.0000  max mem: 11815
      ITM Evaluation: [13700/19848]  eta: 0:06:21    time: 0.0608  data: 0.0000  max mem: 11815
      ITM Evaluation: [13800/19848]  eta: 0:06:14    time: 0.0615  data: 0.0000  max mem: 11815
      ITM Evaluation: [13900/19848]  eta: 0:06:08    time: 0.0607  data: 0.0000  max mem: 11815
      ITM Evaluation: [14000/19848]  eta: 0:06:02    time: 0.0643  data: 0.0000  max mem: 11815
      ITM Evaluation: [14100/19848]  eta: 0:05:56    time: 0.0600  data: 0.0000  max mem: 11815
      ITM Evaluation: [14200/19848]  eta: 0:05:49    time: 0.0594  data: 0.0000  max mem: 11815
      ITM Evaluation: [14300/19848]  eta: 0:05:43    time: 0.0604  data: 0.0000  max mem: 11815
      ITM Evaluation: [14400/19848]  eta: 0:05:37    time: 0.0592  data: 0.0000  max mem: 11815
      ITM Evaluation: [14500/19848]  eta: 0:05:31    time: 0.0606  data: 0.0000  max mem: 11815
      ITM Evaluation: [14600/19848]  eta: 0:05:25    time: 0.0993  data: 0.0000  max mem: 11815
      ITM Evaluation: [14700/19848]  eta: 0:05:20    time: 0.0631  data: 0.0000  max mem: 11815
      ITM Evaluation: [14800/19848]  eta: 0:05:13    time: 0.0609  data: 0.0000  max mem: 11815
      ITM Evaluation: [14900/19848]  eta: 0:05:07    time: 0.0702  data: 0.0000  max mem: 11815
      ITM Evaluation: [15000/19848]  eta: 0:05:01    time: 0.0628  data: 0.0000  max mem: 11815
      ITM Evaluation: [15100/19848]  eta: 0:04:55    time: 0.0623  data: 0.0000  max mem: 11815
      ITM Evaluation: [15200/19848]  eta: 0:04:49    time: 0.0617  data: 0.0000  max mem: 11815
      ITM Evaluation: [15300/19848]  eta: 0:04:42    time: 0.0609  data: 0.0000  max mem: 11815
      ITM Evaluation: [15400/19848]  eta: 0:04:36    time: 0.0638  data: 0.0000  max mem: 11815
      ITM Evaluation: [15500/19848]  eta: 0:04:30    time: 0.0615  data: 0.0000  max mem: 11815
      ITM Evaluation: [15600/19848]  eta: 0:04:24    time: 0.0629  data: 0.0000  max mem: 11815
      ITM Evaluation: [15700/19848]  eta: 0:04:18    time: 0.0616  data: 0.0000  max mem: 11815
      ITM Evaluation: [15800/19848]  eta: 0:04:11    time: 0.0590  data: 0.0000  max mem: 11815
      ITM Evaluation: [15900/19848]  eta: 0:04:05    time: 0.0605  data: 0.0000  max mem: 11815
      ITM Evaluation: [16000/19848]  eta: 0:03:59    time: 0.0585  data: 0.0000  max mem: 11815
      ITM Evaluation: [16100/19848]  eta: 0:03:53    time: 0.0601  data: 0.0000  max mem: 11815
      ITM Evaluation: [16200/19848]  eta: 0:03:46    time: 0.0593  data: 0.0000  max mem: 11815
      ITM Evaluation: [16300/19848]  eta: 0:03:40    time: 0.0630  data: 0.0000  max mem: 11815
      ITM Evaluation: [16400/19848]  eta: 0:03:34    time: 0.0625  data: 0.0000  max mem: 11815
      ITM Evaluation: [16500/19848]  eta: 0:03:28    time: 0.0620  data: 0.0000  max mem: 11815
      ITM Evaluation: [16600/19848]  eta: 0:03:21    time: 0.0605  data: 0.0000  max mem: 11815
      ITM Evaluation: [16700/19848]  eta: 0:03:15    time: 0.0586  data: 0.0000  max mem: 11815
      ITM Evaluation: [16800/19848]  eta: 0:03:09    time: 0.0608  data: 0.0000  max mem: 11815
      ITM Evaluation: [16900/19848]  eta: 0:03:03    time: 0.0634  data: 0.0000  max mem: 11815
      ITM Evaluation: [17000/19848]  eta: 0:02:56    time: 0.0620  data: 0.0000  max mem: 11815
      ITM Evaluation: [17100/19848]  eta: 0:02:50    time: 0.0630  data: 0.0000  max mem: 11815
      ITM Evaluation: [17200/19848]  eta: 0:02:44    time: 0.0610  data: 0.0000  max mem: 11815
      ITM Evaluation: [17300/19848]  eta: 0:02:38    time: 0.0593  data: 0.0000  max mem: 11815
      ITM Evaluation: [17400/19848]  eta: 0:02:32    time: 0.0665  data: 0.0000  max mem: 11815
      ITM Evaluation: [17500/19848]  eta: 0:02:25    time: 0.0612  data: 0.0000  max mem: 11815
      ITM Evaluation: [17600/19848]  eta: 0:02:19    time: 0.0624  data: 0.0000  max mem: 11815
      ITM Evaluation: [17700/19848]  eta: 0:02:13    time: 0.0596  data: 0.0000  max mem: 11815
      ITM Evaluation: [17800/19848]  eta: 0:02:07    time: 0.0625  data: 0.0000  max mem: 11815
      ITM Evaluation: [17900/19848]  eta: 0:02:00    time: 0.0659  data: 0.0000  max mem: 11815
      ITM Evaluation: [18000/19848]  eta: 0:01:54    time: 0.0647  data: 0.0000  max mem: 11815
      ITM Evaluation: [18100/19848]  eta: 0:01:48    time: 0.0854  data: 0.0000  max mem: 11815
      ITM Evaluation: [18200/19848]  eta: 0:01:42    time: 0.0744  data: 0.0000  max mem: 11815
      ITM Evaluation: [18300/19848]  eta: 0:01:36    time: 0.0644  data: 0.0000  max mem: 11815
      ITM Evaluation: [18400/19848]  eta: 0:01:30    time: 0.0627  data: 0.0000  max mem: 11815
      ITM Evaluation: [18500/19848]  eta: 0:01:23    time: 0.0623  data: 0.0000  max mem: 11815
      ITM Evaluation: [18600/19848]  eta: 0:01:17    time: 0.0626  data: 0.0000  max mem: 11815
      ITM Evaluation: [18700/19848]  eta: 0:01:11    time: 0.0697  data: 0.0000  max mem: 11815
      ITM Evaluation: [18800/19848]  eta: 0:01:05    time: 0.0655  data: 0.0000  max mem: 11815
      ITM Evaluation: [18900/19848]  eta: 0:00:59    time: 0.0644  data: 0.0000  max mem: 11815
      ITM Evaluation: [19000/19848]  eta: 0:00:52    time: 0.0626  data: 0.0000  max mem: 11815
      ITM Evaluation: [19100/19848]  eta: 0:00:46    time: 0.0647  data: 0.0000  max mem: 11815
      ITM Evaluation: [19200/19848]  eta: 0:00:40    time: 0.0618  data: 0.0000  max mem: 11815
      ITM Evaluation: [19300/19848]  eta: 0:00:34    time: 0.0666  data: 0.0000  max mem: 11815
      ITM Evaluation: [19400/19848]  eta: 0:00:27    time: 0.0628  data: 0.0000  max mem: 11815
      ITM Evaluation: [19500/19848]  eta: 0:00:21    time: 0.0642  data: 0.0000  max mem: 11815
      ITM Evaluation: [19600/19848]  eta: 0:00:15    time: 0.0639  data: 0.0000  max mem: 11815
      ITM Evaluation: [19700/19848]  eta: 0:00:09    time: 0.0622  data: 0.0000  max mem: 11815
      ITM Evaluation: [19800/19848]  eta: 0:00:02    time: 0.0591  data: 0.0000  max mem: 11815
      ITM Evaluation: [19847/19848]  eta: 0:00:00    time: 0.0611  data: 0.0000  max mem: 11815
      ITM Evaluation: Total time: 0:20:38 (0.0624 s / it)
     total_time 1240.322729587555
     Computing matching score time 0:20:40
### TTA ITM Score: 
+-------+--------+--------+--------+--------+--------+
| epoch |   R1   |   R5   |  R10   |  mAP   |  mINP  |
+-------+--------+--------+--------+--------+--------+
|  -999 | 63.014 | 79.484 | 85.041 | 40.411 | 10.184 |
|  -999 | 68.183 | 82.885 | 87.500 | 40.507 | 9.104  |
|   0   | 51.194 | 76.340 | 83.918 | 34.260 | 8.543  |
|   1   | 49.924 | 75.731 | 83.706 | 33.600 | 8.701  |
|   2   | 50.872 | 76.511 | 84.129 | 34.339 | 8.722  |
|   3   | 49.899 | 76.295 | 84.195 | 34.336 | 8.791  |
|   4   | 51.648 | 77.106 | 84.553 | 34.580 | 8.802  |
|   5   | 49.133 | 75.776 | 83.948 | 33.658 | 8.610  |
|   6   | 43.843 | 73.297 | 82.361 | 31.786 | 8.304  |
|   7   | 42.992 | 71.947 | 81.313 | 30.706 | 8.213  |
|   8   | 44.352 | 72.783 | 81.847 | 31.141 | 8.210  |
|   9   | 41.909 | 71.115 | 80.794 | 30.064 | 8.011  |
|   10  | 44.831 | 72.949 | 81.958 | 31.495 | 8.118  |
|   11  | 45.289 | 72.985 | 82.038 | 31.655 | 8.208  |
|   12  | 41.243 | 70.697 | 80.789 | 30.621 | 8.277  |
|   13  | 40.075 | 70.123 | 80.467 | 30.304 | 8.319  |
|   14  | 44.881 | 73.191 | 82.205 | 31.933 | 8.483  |
|   15  | 42.120 | 71.559 | 81.268 | 31.132 | 8.377  |
+-------+--------+--------+--------+--------+--------+
     logs:  {'epo': 15, 'R1': 42.12, 'R5': 71.559, 'R10': 81.268, 'mAP': 31.132, 'mINP': 8.377, 'lr': 4.9e-05, 'entropy': 0.129604, 'loss': 0.129604}
      TTA Epoch: [16] [   0/1240]  eta: 0:26:34  lr: 0.000047  entropy: 0.0709  loss: 0.0709  time: 1.2861  data: 1.1755  max mem: 11815
      TTA Epoch: [16] [ 100/1240]  eta: 0:01:38  lr: 0.000047  entropy: 0.1853  loss: 0.1853  time: 0.0761  data: 0.0001  max mem: 11815
      TTA Epoch: [16] [ 200/1240]  eta: 0:01:26  lr: 0.000046  entropy: 0.1630  loss: 0.1630  time: 0.0922  data: 0.0002  max mem: 11815
      TTA Epoch: [16] [ 300/1240]  eta: 0:01:17  lr: 0.000046  entropy: 0.1426  loss: 0.1426  time: 0.0905  data: 0.0002  max mem: 11815
      TTA Epoch: [16] [ 400/1240]  eta: 0:01:08  lr: 0.000046  entropy: 0.0596  loss: 0.0596  time: 0.0804  data: 0.0001  max mem: 11815
      TTA Epoch: [16] [ 500/1240]  eta: 0:01:00  lr: 0.000046  entropy: 0.0919  loss: 0.0919  time: 0.0819  data: 0.0001  max mem: 11815
      TTA Epoch: [16] [ 600/1240]  eta: 0:00:52  lr: 0.000045  entropy: 0.2011  loss: 0.2011  time: 0.0821  data: 0.0001  max mem: 11815
      TTA Epoch: [16] [ 700/1240]  eta: 0:00:43  lr: 0.000045  entropy: 0.2265  loss: 0.2265  time: 0.0802  data: 0.0001  max mem: 11815
      TTA Epoch: [16] [ 800/1240]  eta: 0:00:36  lr: 0.000045  entropy: 0.0433  loss: 0.0433  time: 0.0813  data: 0.0001  max mem: 11815
      TTA Epoch: [16] [ 900/1240]  eta: 0:00:27  lr: 0.000044  entropy: 0.1798  loss: 0.1798  time: 0.0746  data: 0.0001  max mem: 11815
      TTA Epoch: [16] [1000/1240]  eta: 0:00:19  lr: 0.000044  entropy: 0.1298  loss: 0.1298  time: 0.0943  data: 0.0003  max mem: 11815
      TTA Epoch: [16] [1100/1240]  eta: 0:00:11  lr: 0.000044  entropy: 0.1732  loss: 0.1732  time: 0.0959  data: 0.0003  max mem: 11815
      TTA Epoch: [16] [1200/1240]  eta: 0:00:03  lr: 0.000044  entropy: 0.1950  loss: 0.1950  time: 0.0862  data: 0.0002  max mem: 11815
      TTA Epoch: [16] [1239/1240]  eta: 0:00:00  lr: 0.000044  entropy: 0.0917  loss: 0.0917  time: 0.0836  data: 0.0003  max mem: 11815
      TTA Epoch: [16] Total time: 0:01:43 (0.0831 s / it)
     Averaged stats: lr: 0.0000  entropy: 0.1273  loss: 0.1273
     itm tta time 0:01:43
     Computing matching score
      ITM Evaluation: [    0/19848]  eta: 2:18:42    time: 0.4193  data: 0.3611  max mem: 11815
      ITM Evaluation: [  100/19848]  eta: 0:20:58    time: 0.0590  data: 0.0000  max mem: 11815
      ITM Evaluation: [  200/19848]  eta: 0:20:29    time: 0.0613  data: 0.0000  max mem: 11815
      ITM Evaluation: [  300/19848]  eta: 0:20:04    time: 0.0584  data: 0.0000  max mem: 11815
      ITM Evaluation: [  400/19848]  eta: 0:19:46    time: 0.0600  data: 0.0000  max mem: 11815
      ITM Evaluation: [  500/19848]  eta: 0:19:36    time: 0.0597  data: 0.0000  max mem: 11815
      ITM Evaluation: [  600/19848]  eta: 0:19:33    time: 0.0628  data: 0.0000  max mem: 11815
      ITM Evaluation: [  700/19848]  eta: 0:19:23    time: 0.0584  data: 0.0000  max mem: 11815
      ITM Evaluation: [  800/19848]  eta: 0:19:17    time: 0.0627  data: 0.0000  max mem: 11815
      ITM Evaluation: [  900/19848]  eta: 0:19:12    time: 0.0599  data: 0.0000  max mem: 11815
      ITM Evaluation: [ 1000/19848]  eta: 0:19:03    time: 0.0596  data: 0.0000  max mem: 11815
      ITM Evaluation: [ 1100/19848]  eta: 0:18:57    time: 0.0606  data: 0.0000  max mem: 11815
      ITM Evaluation: [ 1200/19848]  eta: 0:18:52    time: 0.0630  data: 0.0000  max mem: 11815
      ITM Evaluation: [ 1300/19848]  eta: 0:18:47    time: 0.0625  data: 0.0000  max mem: 11815
      ITM Evaluation: [ 1400/19848]  eta: 0:18:42    time: 0.0605  data: 0.0000  max mem: 11815
      ITM Evaluation: [ 1500/19848]  eta: 0:18:34    time: 0.0601  data: 0.0000  max mem: 11815
      ITM Evaluation: [ 1600/19848]  eta: 0:18:30    time: 0.0650  data: 0.0000  max mem: 11815
      ITM Evaluation: [ 1700/19848]  eta: 0:18:23    time: 0.0595  data: 0.0000  max mem: 11815
      ITM Evaluation: [ 1800/19848]  eta: 0:18:18    time: 0.0652  data: 0.0000  max mem: 11815
      ITM Evaluation: [ 1900/19848]  eta: 0:18:13    time: 0.0601  data: 0.0000  max mem: 11815
      ITM Evaluation: [ 2000/19848]  eta: 0:18:06    time: 0.0608  data: 0.0000  max mem: 11815
      ITM Evaluation: [ 2100/19848]  eta: 0:17:59    time: 0.0589  data: 0.0000  max mem: 11815
      ITM Evaluation: [ 2200/19848]  eta: 0:17:53    time: 0.0629  data: 0.0000  max mem: 11815
      ITM Evaluation: [ 2300/19848]  eta: 0:17:47    time: 0.0559  data: 0.0000  max mem: 11815
      ITM Evaluation: [ 2400/19848]  eta: 0:17:40    time: 0.0631  data: 0.0000  max mem: 11815
      ITM Evaluation: [ 2500/19848]  eta: 0:17:33    time: 0.0593  data: 0.0000  max mem: 11815
      ITM Evaluation: [ 2600/19848]  eta: 0:17:26    time: 0.0591  data: 0.0000  max mem: 11815
      ITM Evaluation: [ 2700/19848]  eta: 0:17:21    time: 0.0640  data: 0.0000  max mem: 11815
      ITM Evaluation: [ 2800/19848]  eta: 0:17:17    time: 0.0649  data: 0.0000  max mem: 11815
      ITM Evaluation: [ 2900/19848]  eta: 0:17:14    time: 0.0756  data: 0.0000  max mem: 11815
      ITM Evaluation: [ 3000/19848]  eta: 0:17:12    time: 0.0638  data: 0.0000  max mem: 11815
      ITM Evaluation: [ 3100/19848]  eta: 0:17:10    time: 0.0661  data: 0.0000  max mem: 11815
      ITM Evaluation: [ 3200/19848]  eta: 0:17:04    time: 0.0633  data: 0.0000  max mem: 11815
      ITM Evaluation: [ 3300/19848]  eta: 0:17:00    time: 0.0614  data: 0.0000  max mem: 11815
      ITM Evaluation: [ 3400/19848]  eta: 0:16:54    time: 0.0606  data: 0.0000  max mem: 11815
      ITM Evaluation: [ 3500/19848]  eta: 0:16:48    time: 0.0599  data: 0.0000  max mem: 11815
      ITM Evaluation: [ 3600/19848]  eta: 0:16:42    time: 0.0625  data: 0.0000  max mem: 11815
      ITM Evaluation: [ 3700/19848]  eta: 0:16:36    time: 0.0653  data: 0.0000  max mem: 11815
      ITM Evaluation: [ 3800/19848]  eta: 0:16:30    time: 0.0637  data: 0.0000  max mem: 11815
      ITM Evaluation: [ 3900/19848]  eta: 0:16:27    time: 0.0785  data: 0.0000  max mem: 11815
      ITM Evaluation: [ 4000/19848]  eta: 0:16:26    time: 0.0655  data: 0.0000  max mem: 11815
      ITM Evaluation: [ 4100/19848]  eta: 0:16:22    time: 0.0687  data: 0.0000  max mem: 11815
      ITM Evaluation: [ 4200/19848]  eta: 0:16:18    time: 0.0773  data: 0.0000  max mem: 11815
      ITM Evaluation: [ 4300/19848]  eta: 0:16:12    time: 0.0666  data: 0.0000  max mem: 11815
      ITM Evaluation: [ 4400/19848]  eta: 0:16:07    time: 0.0648  data: 0.0000  max mem: 11815
      ITM Evaluation: [ 4500/19848]  eta: 0:16:02    time: 0.0682  data: 0.0000  max mem: 11815
      ITM Evaluation: [ 4600/19848]  eta: 0:15:57    time: 0.0639  data: 0.0000  max mem: 11815
      ITM Evaluation: [ 4700/19848]  eta: 0:15:51    time: 0.0597  data: 0.0000  max mem: 11815
      ITM Evaluation: [ 4800/19848]  eta: 0:15:45    time: 0.0700  data: 0.0000  max mem: 11815
      ITM Evaluation: [ 4900/19848]  eta: 0:15:40    time: 0.0693  data: 0.0000  max mem: 11815
      ITM Evaluation: [ 5000/19848]  eta: 0:15:36    time: 0.0671  data: 0.0000  max mem: 11815
      ITM Evaluation: [ 5100/19848]  eta: 0:15:31    time: 0.0700  data: 0.0000  max mem: 11815
      ITM Evaluation: [ 5200/19848]  eta: 0:15:26    time: 0.0652  data: 0.0000  max mem: 11815
      ITM Evaluation: [ 5300/19848]  eta: 0:15:20    time: 0.0612  data: 0.0000  max mem: 11815
      ITM Evaluation: [ 5400/19848]  eta: 0:15:14    time: 0.0632  data: 0.0000  max mem: 11815
      ITM Evaluation: [ 5500/19848]  eta: 0:15:07    time: 0.0640  data: 0.0000  max mem: 11815
      ITM Evaluation: [ 5600/19848]  eta: 0:15:02    time: 0.0655  data: 0.0000  max mem: 11815
      ITM Evaluation: [ 5700/19848]  eta: 0:14:55    time: 0.0640  data: 0.0000  max mem: 11815
      ITM Evaluation: [ 5800/19848]  eta: 0:14:50    time: 0.0635  data: 0.0000  max mem: 11815
      ITM Evaluation: [ 5900/19848]  eta: 0:14:43    time: 0.0651  data: 0.0000  max mem: 11815
      ITM Evaluation: [ 6000/19848]  eta: 0:14:37    time: 0.0622  data: 0.0000  max mem: 11815
      ITM Evaluation: [ 6100/19848]  eta: 0:14:31    time: 0.0644  data: 0.0000  max mem: 11815
      ITM Evaluation: [ 6200/19848]  eta: 0:14:24    time: 0.0640  data: 0.0000  max mem: 11815
      ITM Evaluation: [ 6300/19848]  eta: 0:14:18    time: 0.0645  data: 0.0000  max mem: 11815
      ITM Evaluation: [ 6400/19848]  eta: 0:14:12    time: 0.0616  data: 0.0000  max mem: 11815
      ITM Evaluation: [ 6500/19848]  eta: 0:14:05    time: 0.0645  data: 0.0000  max mem: 11815
      ITM Evaluation: [ 6600/19848]  eta: 0:13:59    time: 0.0644  data: 0.0000  max mem: 11815
      ITM Evaluation: [ 6700/19848]  eta: 0:13:53    time: 0.0640  data: 0.0000  max mem: 11815
      ITM Evaluation: [ 6800/19848]  eta: 0:13:47    time: 0.0648  data: 0.0000  max mem: 11815
      ITM Evaluation: [ 6900/19848]  eta: 0:13:41    time: 0.0637  data: 0.0000  max mem: 11815
      ITM Evaluation: [ 7000/19848]  eta: 0:13:35    time: 0.0650  data: 0.0000  max mem: 11815
      ITM Evaluation: [ 7100/19848]  eta: 0:13:29    time: 0.0640  data: 0.0000  max mem: 11815
      ITM Evaluation: [ 7200/19848]  eta: 0:13:23    time: 0.0663  data: 0.0000  max mem: 11815
      ITM Evaluation: [ 7300/19848]  eta: 0:13:19    time: 0.0837  data: 0.0000  max mem: 11815
      ITM Evaluation: [ 7400/19848]  eta: 0:13:13    time: 0.0658  data: 0.0000  max mem: 11815
      ITM Evaluation: [ 7500/19848]  eta: 0:13:08    time: 0.0683  data: 0.0000  max mem: 11815
      ITM Evaluation: [ 7600/19848]  eta: 0:13:02    time: 0.0724  data: 0.0000  max mem: 11815
      ITM Evaluation: [ 7700/19848]  eta: 0:12:56    time: 0.0627  data: 0.0000  max mem: 11815
      ITM Evaluation: [ 7800/19848]  eta: 0:12:49    time: 0.0614  data: 0.0000  max mem: 11815
      ITM Evaluation: [ 7900/19848]  eta: 0:12:43    time: 0.0633  data: 0.0000  max mem: 11815
      ITM Evaluation: [ 8000/19848]  eta: 0:12:36    time: 0.0631  data: 0.0000  max mem: 11815
      ITM Evaluation: [ 8100/19848]  eta: 0:12:30    time: 0.0621  data: 0.0000  max mem: 11815
      ITM Evaluation: [ 8200/19848]  eta: 0:12:24    time: 0.0633  data: 0.0000  max mem: 11815
      ITM Evaluation: [ 8300/19848]  eta: 0:12:17    time: 0.0648  data: 0.0000  max mem: 11815
      ITM Evaluation: [ 8400/19848]  eta: 0:12:11    time: 0.0627  data: 0.0000  max mem: 11815
      ITM Evaluation: [ 8500/19848]  eta: 0:12:05    time: 0.0638  data: 0.0000  max mem: 11815
      ITM Evaluation: [ 8600/19848]  eta: 0:11:59    time: 0.0667  data: 0.0000  max mem: 11815
      ITM Evaluation: [ 8700/19848]  eta: 0:11:52    time: 0.0651  data: 0.0000  max mem: 11815
      ITM Evaluation: [ 8800/19848]  eta: 0:11:46    time: 0.0660  data: 0.0000  max mem: 11815
      ITM Evaluation: [ 8900/19848]  eta: 0:11:40    time: 0.0667  data: 0.0000  max mem: 11815
      ITM Evaluation: [ 9000/19848]  eta: 0:11:34    time: 0.0647  data: 0.0000  max mem: 11815
      ITM Evaluation: [ 9100/19848]  eta: 0:11:27    time: 0.0639  data: 0.0000  max mem: 11815
      ITM Evaluation: [ 9200/19848]  eta: 0:11:21    time: 0.0617  data: 0.0000  max mem: 11815
      ITM Evaluation: [ 9300/19848]  eta: 0:11:14    time: 0.0618  data: 0.0000  max mem: 11815
      ITM Evaluation: [ 9400/19848]  eta: 0:11:07    time: 0.0615  data: 0.0000  max mem: 11815
      ITM Evaluation: [ 9500/19848]  eta: 0:11:01    time: 0.0609  data: 0.0000  max mem: 11815
      ITM Evaluation: [ 9600/19848]  eta: 0:10:54    time: 0.0636  data: 0.0000  max mem: 11815
      ITM Evaluation: [ 9700/19848]  eta: 0:10:48    time: 0.0637  data: 0.0000  max mem: 11815
      ITM Evaluation: [ 9800/19848]  eta: 0:10:41    time: 0.0614  data: 0.0000  max mem: 11815
      ITM Evaluation: [ 9900/19848]  eta: 0:10:35    time: 0.0636  data: 0.0000  max mem: 11815
      ITM Evaluation: [10000/19848]  eta: 0:10:28    time: 0.0606  data: 0.0000  max mem: 11815
      ITM Evaluation: [10100/19848]  eta: 0:10:22    time: 0.0606  data: 0.0000  max mem: 11815
      ITM Evaluation: [10200/19848]  eta: 0:10:15    time: 0.0617  data: 0.0000  max mem: 11815
      ITM Evaluation: [10300/19848]  eta: 0:10:09    time: 0.0623  data: 0.0000  max mem: 11815
      ITM Evaluation: [10400/19848]  eta: 0:10:02    time: 0.0625  data: 0.0000  max mem: 11815
      ITM Evaluation: [10500/19848]  eta: 0:09:56    time: 0.0628  data: 0.0000  max mem: 11815
      ITM Evaluation: [10600/19848]  eta: 0:09:49    time: 0.0628  data: 0.0000  max mem: 11815
      ITM Evaluation: [10700/19848]  eta: 0:09:43    time: 0.0624  data: 0.0000  max mem: 11815
      ITM Evaluation: [10800/19848]  eta: 0:09:36    time: 0.0639  data: 0.0000  max mem: 11815
      ITM Evaluation: [10900/19848]  eta: 0:09:30    time: 0.0627  data: 0.0000  max mem: 11815
      ITM Evaluation: [11000/19848]  eta: 0:09:24    time: 0.0607  data: 0.0000  max mem: 11815
      ITM Evaluation: [11100/19848]  eta: 0:09:17    time: 0.0601  data: 0.0000  max mem: 11815
      ITM Evaluation: [11200/19848]  eta: 0:09:11    time: 0.0622  data: 0.0000  max mem: 11815
      ITM Evaluation: [11300/19848]  eta: 0:09:04    time: 0.0618  data: 0.0000  max mem: 11815
      ITM Evaluation: [11400/19848]  eta: 0:08:58    time: 0.0636  data: 0.0000  max mem: 11815
      ITM Evaluation: [11500/19848]  eta: 0:08:51    time: 0.0589  data: 0.0000  max mem: 11815
      ITM Evaluation: [11600/19848]  eta: 0:08:45    time: 0.0640  data: 0.0000  max mem: 11815
      ITM Evaluation: [11700/19848]  eta: 0:08:38    time: 0.0611  data: 0.0000  max mem: 11815
      ITM Evaluation: [11800/19848]  eta: 0:08:32    time: 0.0610  data: 0.0000  max mem: 11815
      ITM Evaluation: [11900/19848]  eta: 0:08:26    time: 0.0654  data: 0.0000  max mem: 11815
      ITM Evaluation: [12000/19848]  eta: 0:08:19    time: 0.0634  data: 0.0000  max mem: 11815
      ITM Evaluation: [12100/19848]  eta: 0:08:13    time: 0.0619  data: 0.0000  max mem: 11815
      ITM Evaluation: [12200/19848]  eta: 0:08:07    time: 0.0768  data: 0.0000  max mem: 11815
      ITM Evaluation: [12300/19848]  eta: 0:08:01    time: 0.0755  data: 0.0000  max mem: 11815
      ITM Evaluation: [12400/19848]  eta: 0:07:55    time: 0.0634  data: 0.0000  max mem: 11815
      ITM Evaluation: [12500/19848]  eta: 0:07:48    time: 0.0626  data: 0.0000  max mem: 11815
      ITM Evaluation: [12600/19848]  eta: 0:07:42    time: 0.0615  data: 0.0000  max mem: 11815
      ITM Evaluation: [12700/19848]  eta: 0:07:36    time: 0.0640  data: 0.0000  max mem: 11815
      ITM Evaluation: [12800/19848]  eta: 0:07:29    time: 0.0642  data: 0.0000  max mem: 11815
      ITM Evaluation: [12900/19848]  eta: 0:07:23    time: 0.0656  data: 0.0000  max mem: 11815
      ITM Evaluation: [13000/19848]  eta: 0:07:17    time: 0.0616  data: 0.0000  max mem: 11815
      ITM Evaluation: [13100/19848]  eta: 0:07:10    time: 0.0637  data: 0.0000  max mem: 11815
      ITM Evaluation: [13200/19848]  eta: 0:07:04    time: 0.0641  data: 0.0000  max mem: 11815
      ITM Evaluation: [13300/19848]  eta: 0:06:57    time: 0.0602  data: 0.0000  max mem: 11815
      ITM Evaluation: [13400/19848]  eta: 0:06:51    time: 0.0582  data: 0.0000  max mem: 11815
      ITM Evaluation: [13500/19848]  eta: 0:06:44    time: 0.0613  data: 0.0000  max mem: 11815
      ITM Evaluation: [13600/19848]  eta: 0:06:38    time: 0.0646  data: 0.0000  max mem: 11815
      ITM Evaluation: [13700/19848]  eta: 0:06:31    time: 0.0609  data: 0.0000  max mem: 11815
      ITM Evaluation: [13800/19848]  eta: 0:06:25    time: 0.0673  data: 0.0000  max mem: 11815
      ITM Evaluation: [13900/19848]  eta: 0:06:19    time: 0.0638  data: 0.0000  max mem: 11815
      ITM Evaluation: [14000/19848]  eta: 0:06:12    time: 0.0636  data: 0.0000  max mem: 11815
      ITM Evaluation: [14100/19848]  eta: 0:06:06    time: 0.0613  data: 0.0000  max mem: 11815
      ITM Evaluation: [14200/19848]  eta: 0:05:59    time: 0.0617  data: 0.0000  max mem: 11815
      ITM Evaluation: [14300/19848]  eta: 0:05:53    time: 0.0637  data: 0.0000  max mem: 11815
      ITM Evaluation: [14400/19848]  eta: 0:05:47    time: 0.0620  data: 0.0000  max mem: 11815
      ITM Evaluation: [14500/19848]  eta: 0:05:40    time: 0.0618  data: 0.0000  max mem: 11815
      ITM Evaluation: [14600/19848]  eta: 0:05:34    time: 0.0642  data: 0.0000  max mem: 11815
      ITM Evaluation: [14700/19848]  eta: 0:05:27    time: 0.0633  data: 0.0000  max mem: 11815
      ITM Evaluation: [14800/19848]  eta: 0:05:21    time: 0.0643  data: 0.0000  max mem: 11815
      ITM Evaluation: [14900/19848]  eta: 0:05:15    time: 0.0634  data: 0.0000  max mem: 11815
      ITM Evaluation: [15000/19848]  eta: 0:05:08    time: 0.0635  data: 0.0000  max mem: 11815
      ITM Evaluation: [15100/19848]  eta: 0:05:02    time: 0.0636  data: 0.0000  max mem: 11815
      ITM Evaluation: [15200/19848]  eta: 0:04:56    time: 0.0642  data: 0.0000  max mem: 11815
      ITM Evaluation: [15300/19848]  eta: 0:04:49    time: 0.0655  data: 0.0000  max mem: 11815
      ITM Evaluation: [15400/19848]  eta: 0:04:43    time: 0.0612  data: 0.0000  max mem: 11815
      ITM Evaluation: [15500/19848]  eta: 0:04:37    time: 0.0620  data: 0.0000  max mem: 11815
      ITM Evaluation: [15600/19848]  eta: 0:04:30    time: 0.0624  data: 0.0000  max mem: 11815
      ITM Evaluation: [15700/19848]  eta: 0:04:24    time: 0.0659  data: 0.0000  max mem: 11815
      ITM Evaluation: [15800/19848]  eta: 0:04:17    time: 0.0658  data: 0.0000  max mem: 11815
      ITM Evaluation: [15900/19848]  eta: 0:04:11    time: 0.0632  data: 0.0000  max mem: 11815
      ITM Evaluation: [16000/19848]  eta: 0:04:05    time: 0.0637  data: 0.0000  max mem: 11815
      ITM Evaluation: [16100/19848]  eta: 0:03:58    time: 0.0648  data: 0.0000  max mem: 11815
      ITM Evaluation: [16200/19848]  eta: 0:03:52    time: 0.0644  data: 0.0000  max mem: 11815
      ITM Evaluation: [16300/19848]  eta: 0:03:46    time: 0.0602  data: 0.0000  max mem: 11815
      ITM Evaluation: [16400/19848]  eta: 0:03:39    time: 0.0629  data: 0.0000  max mem: 11815
      ITM Evaluation: [16500/19848]  eta: 0:03:33    time: 0.0652  data: 0.0000  max mem: 11815
      ITM Evaluation: [16600/19848]  eta: 0:03:27    time: 0.0649  data: 0.0000  max mem: 11815
      ITM Evaluation: [16700/19848]  eta: 0:03:20    time: 0.0641  data: 0.0000  max mem: 11815
      ITM Evaluation: [16800/19848]  eta: 0:03:14    time: 0.0647  data: 0.0000  max mem: 11815
      ITM Evaluation: [16900/19848]  eta: 0:03:07    time: 0.0633  data: 0.0000  max mem: 11815
      ITM Evaluation: [17000/19848]  eta: 0:03:01    time: 0.0642  data: 0.0000  max mem: 11815
      ITM Evaluation: [17100/19848]  eta: 0:02:55    time: 0.0633  data: 0.0000  max mem: 11815
      ITM Evaluation: [17200/19848]  eta: 0:02:48    time: 0.0673  data: 0.0000  max mem: 11815
      ITM Evaluation: [17300/19848]  eta: 0:02:42    time: 0.0666  data: 0.0000  max mem: 11815
      ITM Evaluation: [17400/19848]  eta: 0:02:36    time: 0.0686  data: 0.0000  max mem: 11815
      ITM Evaluation: [17500/19848]  eta: 0:02:29    time: 0.0664  data: 0.0000  max mem: 11815
      ITM Evaluation: [17600/19848]  eta: 0:02:23    time: 0.0622  data: 0.0000  max mem: 11815
      ITM Evaluation: [17700/19848]  eta: 0:02:17    time: 0.0598  data: 0.0000  max mem: 11815
      ITM Evaluation: [17800/19848]  eta: 0:02:10    time: 0.0605  data: 0.0000  max mem: 11815
      ITM Evaluation: [17900/19848]  eta: 0:02:04    time: 0.0673  data: 0.0000  max mem: 11815
      ITM Evaluation: [18000/19848]  eta: 0:01:57    time: 0.0602  data: 0.0000  max mem: 11815
      ITM Evaluation: [18100/19848]  eta: 0:01:51    time: 0.0648  data: 0.0000  max mem: 11815
      ITM Evaluation: [18200/19848]  eta: 0:01:45    time: 0.0633  data: 0.0000  max mem: 11815
      ITM Evaluation: [18300/19848]  eta: 0:01:38    time: 0.0602  data: 0.0000  max mem: 11815
      ITM Evaluation: [18400/19848]  eta: 0:01:32    time: 0.0610  data: 0.0000  max mem: 11815
      ITM Evaluation: [18500/19848]  eta: 0:01:25    time: 0.0638  data: 0.0000  max mem: 11815
      ITM Evaluation: [18600/19848]  eta: 0:01:19    time: 0.0634  data: 0.0000  max mem: 11815
      ITM Evaluation: [18700/19848]  eta: 0:01:13    time: 0.0632  data: 0.0000  max mem: 11815
      ITM Evaluation: [18800/19848]  eta: 0:01:06    time: 0.0633  data: 0.0000  max mem: 11815
      ITM Evaluation: [18900/19848]  eta: 0:01:00    time: 0.0660  data: 0.0000  max mem: 11815
      ITM Evaluation: [19000/19848]  eta: 0:00:54    time: 0.0640  data: 0.0000  max mem: 11815
      ITM Evaluation: [19100/19848]  eta: 0:00:47    time: 0.0644  data: 0.0000  max mem: 11815
      ITM Evaluation: [19200/19848]  eta: 0:00:41    time: 0.0652  data: 0.0000  max mem: 11815
      ITM Evaluation: [19300/19848]  eta: 0:00:34    time: 0.0618  data: 0.0000  max mem: 11815
      ITM Evaluation: [19400/19848]  eta: 0:00:28    time: 0.0643  data: 0.0000  max mem: 11815
      ITM Evaluation: [19500/19848]  eta: 0:00:22    time: 0.0652  data: 0.0000  max mem: 11815
      ITM Evaluation: [19600/19848]  eta: 0:00:15    time: 0.0650  data: 0.0000  max mem: 11815
      ITM Evaluation: [19700/19848]  eta: 0:00:09    time: 0.0646  data: 0.0000  max mem: 11815
      ITM Evaluation: [19800/19848]  eta: 0:00:03    time: 0.0645  data: 0.0000  max mem: 11815
      ITM Evaluation: [19847/19848]  eta: 0:00:00    time: 0.0686  data: 0.0000  max mem: 11815
      ITM Evaluation: Total time: 0:21:06 (0.0638 s / it)
     total_time 1267.903825044632
     Computing matching score time 0:21:07
### TTA ITM Score: 
+-------+--------+--------+--------+--------+--------+
| epoch |   R1   |   R5   |  R10   |  mAP   |  mINP  |
+-------+--------+--------+--------+--------+--------+
|  -999 | 63.014 | 79.484 | 85.041 | 40.411 | 10.184 |
|  -999 | 68.183 | 82.885 | 87.500 | 40.507 | 9.104  |
|   0   | 51.194 | 76.340 | 83.918 | 34.260 | 8.543  |
|   1   | 49.924 | 75.731 | 83.706 | 33.600 | 8.701  |
|   2   | 50.872 | 76.511 | 84.129 | 34.339 | 8.722  |
|   3   | 49.899 | 76.295 | 84.195 | 34.336 | 8.791  |
|   4   | 51.648 | 77.106 | 84.553 | 34.580 | 8.802  |
|   5   | 49.133 | 75.776 | 83.948 | 33.658 | 8.610  |
|   6   | 43.843 | 73.297 | 82.361 | 31.786 | 8.304  |
|   7   | 42.992 | 71.947 | 81.313 | 30.706 | 8.213  |
|   8   | 44.352 | 72.783 | 81.847 | 31.141 | 8.210  |
|   9   | 41.909 | 71.115 | 80.794 | 30.064 | 8.011  |
|   10  | 44.831 | 72.949 | 81.958 | 31.495 | 8.118  |
|   11  | 45.289 | 72.985 | 82.038 | 31.655 | 8.208  |
|   12  | 41.243 | 70.697 | 80.789 | 30.621 | 8.277  |
|   13  | 40.075 | 70.123 | 80.467 | 30.304 | 8.319  |
|   14  | 44.881 | 73.191 | 82.205 | 31.933 | 8.483  |
|   15  | 42.120 | 71.559 | 81.268 | 31.132 | 8.377  |
|   16  | 40.946 | 71.005 | 80.940 | 30.736 | 8.306  |
+-------+--------+--------+--------+--------+--------+
     logs:  {'epo': 16, 'R1': 40.946, 'R5': 71.005, 'R10': 80.94, 'mAP': 30.736, 'mINP': 8.306, 'lr': 4.5e-05, 'entropy': 0.127295, 'loss': 0.127295}
      TTA Epoch: [17] [   0/1240]  eta: 0:47:17  lr: 0.000044  entropy: 0.1496  loss: 0.1496  time: 2.2881  data: 2.1412  max mem: 11815
      TTA Epoch: [17] [ 100/1240]  eta: 0:02:10  lr: 0.000043  entropy: 0.0483  loss: 0.0483  time: 0.0916  data: 0.0002  max mem: 11815
      TTA Epoch: [17] [ 200/1240]  eta: 0:01:43  lr: 0.000043  entropy: 0.0617  loss: 0.0617  time: 0.0808  data: 0.0001  max mem: 11815
      TTA Epoch: [17] [ 300/1240]  eta: 0:01:28  lr: 0.000043  entropy: 0.1898  loss: 0.1898  time: 0.0814  data: 0.0002  max mem: 11815
      TTA Epoch: [17] [ 400/1240]  eta: 0:01:17  lr: 0.000042  entropy: 0.1096  loss: 0.1096  time: 0.0811  data: 0.0002  max mem: 11815
      TTA Epoch: [17] [ 500/1240]  eta: 0:01:06  lr: 0.000042  entropy: 0.0639  loss: 0.0639  time: 0.0837  data: 0.0001  max mem: 11815
      TTA Epoch: [17] [ 600/1240]  eta: 0:00:56  lr: 0.000042  entropy: 0.1057  loss: 0.1057  time: 0.0753  data: 0.0001  max mem: 11815
      TTA Epoch: [17] [ 700/1240]  eta: 0:00:46  lr: 0.000042  entropy: 0.0225  loss: 0.0225  time: 0.0756  data: 0.0001  max mem: 11815
      TTA Epoch: [17] [ 800/1240]  eta: 0:00:37  lr: 0.000041  entropy: 0.0949  loss: 0.0949  time: 0.0772  data: 0.0001  max mem: 11815
      TTA Epoch: [17] [ 900/1240]  eta: 0:00:28  lr: 0.000041  entropy: 0.2179  loss: 0.2179  time: 0.0766  data: 0.0002  max mem: 11815
      TTA Epoch: [17] [1000/1240]  eta: 0:00:20  lr: 0.000041  entropy: 0.0989  loss: 0.0989  time: 0.0792  data: 0.0002  max mem: 11815
      TTA Epoch: [17] [1100/1240]  eta: 0:00:11  lr: 0.000041  entropy: 0.0586  loss: 0.0586  time: 0.0855  data: 0.0002  max mem: 11815
      TTA Epoch: [17] [1200/1240]  eta: 0:00:03  lr: 0.000040  entropy: 0.1389  loss: 0.1389  time: 0.0843  data: 0.0002  max mem: 11815
      TTA Epoch: [17] [1239/1240]  eta: 0:00:00  lr: 0.000040  entropy: 0.0294  loss: 0.0294  time: 0.0815  data: 0.0002  max mem: 11815
      TTA Epoch: [17] Total time: 0:01:43 (0.0835 s / it)
     Averaged stats: lr: 0.0000  entropy: 0.1294  loss: 0.1294
     itm tta time 0:01:44
     Computing matching score
      ITM Evaluation: [    0/19848]  eta: 0:34:43    time: 0.1050  data: 0.0158  max mem: 11815
      ITM Evaluation: [  100/19848]  eta: 0:25:26    time: 0.0780  data: 0.0000  max mem: 11815
      ITM Evaluation: [  200/19848]  eta: 0:24:22    time: 0.0707  data: 0.0000  max mem: 11815
      ITM Evaluation: [  300/19848]  eta: 0:24:00    time: 0.0735  data: 0.0000  max mem: 11815
      ITM Evaluation: [  400/19848]  eta: 0:23:37    time: 0.0705  data: 0.0000  max mem: 11815
      ITM Evaluation: [  500/19848]  eta: 0:23:39    time: 0.0741  data: 0.0000  max mem: 11815
      ITM Evaluation: [  600/19848]  eta: 0:23:44    time: 0.0799  data: 0.0000  max mem: 11815
      ITM Evaluation: [  700/19848]  eta: 0:23:48    time: 0.0771  data: 0.0000  max mem: 11815
      ITM Evaluation: [  800/19848]  eta: 0:23:43    time: 0.0760  data: 0.0000  max mem: 11815
      ITM Evaluation: [  900/19848]  eta: 0:23:38    time: 0.0754  data: 0.0000  max mem: 11815
      ITM Evaluation: [ 1000/19848]  eta: 0:23:29    time: 0.0685  data: 0.0000  max mem: 11815
      ITM Evaluation: [ 1100/19848]  eta: 0:23:20    time: 0.0725  data: 0.0000  max mem: 11815
      ITM Evaluation: [ 1200/19848]  eta: 0:23:12    time: 0.0745  data: 0.0000  max mem: 11815
      ITM Evaluation: [ 1300/19848]  eta: 0:22:49    time: 0.0600  data: 0.0000  max mem: 11815
      ITM Evaluation: [ 1400/19848]  eta: 0:22:26    time: 0.0615  data: 0.0000  max mem: 11815
      ITM Evaluation: [ 1500/19848]  eta: 0:22:06    time: 0.0645  data: 0.0000  max mem: 11815
      ITM Evaluation: [ 1600/19848]  eta: 0:21:47    time: 0.0620  data: 0.0000  max mem: 11815
      ITM Evaluation: [ 1700/19848]  eta: 0:21:28    time: 0.0611  data: 0.0000  max mem: 11815
      ITM Evaluation: [ 1800/19848]  eta: 0:21:11    time: 0.0602  data: 0.0000  max mem: 11815
      ITM Evaluation: [ 1900/19848]  eta: 0:20:56    time: 0.0623  data: 0.0000  max mem: 11815
      ITM Evaluation: [ 2000/19848]  eta: 0:20:41    time: 0.0614  data: 0.0000  max mem: 11815
      ITM Evaluation: [ 2100/19848]  eta: 0:20:29    time: 0.0622  data: 0.0000  max mem: 11815
      ITM Evaluation: [ 2200/19848]  eta: 0:20:18    time: 0.0659  data: 0.0000  max mem: 11815
      ITM Evaluation: [ 2300/19848]  eta: 0:20:05    time: 0.0595  data: 0.0000  max mem: 11815
      ITM Evaluation: [ 2400/19848]  eta: 0:19:52    time: 0.0603  data: 0.0000  max mem: 11815
      ITM Evaluation: [ 2500/19848]  eta: 0:19:40    time: 0.0607  data: 0.0000  max mem: 11815
      ITM Evaluation: [ 2600/19848]  eta: 0:19:28    time: 0.0618  data: 0.0000  max mem: 11815
      ITM Evaluation: [ 2700/19848]  eta: 0:19:17    time: 0.0600  data: 0.0000  max mem: 11815
      ITM Evaluation: [ 2800/19848]  eta: 0:19:07    time: 0.0633  data: 0.0000  max mem: 11815
      ITM Evaluation: [ 2900/19848]  eta: 0:18:59    time: 0.0638  data: 0.0000  max mem: 11815
      ITM Evaluation: [ 3000/19848]  eta: 0:18:49    time: 0.0606  data: 0.0000  max mem: 11815
      ITM Evaluation: [ 3100/19848]  eta: 0:18:39    time: 0.0588  data: 0.0000  max mem: 11815
      ITM Evaluation: [ 3200/19848]  eta: 0:18:30    time: 0.0621  data: 0.0000  max mem: 11815
      ITM Evaluation: [ 3300/19848]  eta: 0:18:20    time: 0.0612  data: 0.0000  max mem: 11815
      ITM Evaluation: [ 3400/19848]  eta: 0:18:11    time: 0.0622  data: 0.0000  max mem: 11815
      ITM Evaluation: [ 3500/19848]  eta: 0:18:03    time: 0.0620  data: 0.0000  max mem: 11815
      ITM Evaluation: [ 3600/19848]  eta: 0:17:55    time: 0.0639  data: 0.0000  max mem: 11815
      ITM Evaluation: [ 3700/19848]  eta: 0:17:47    time: 0.0662  data: 0.0000  max mem: 11815
      ITM Evaluation: [ 3800/19848]  eta: 0:17:40    time: 0.0649  data: 0.0000  max mem: 11815
      ITM Evaluation: [ 3900/19848]  eta: 0:17:33    time: 0.0694  data: 0.0000  max mem: 11815
      ITM Evaluation: [ 4000/19848]  eta: 0:17:27    time: 0.0649  data: 0.0000  max mem: 11815
      ITM Evaluation: [ 4100/19848]  eta: 0:17:20    time: 0.0662  data: 0.0000  max mem: 11815
      ITM Evaluation: [ 4200/19848]  eta: 0:17:16    time: 0.0743  data: 0.0000  max mem: 11815
      ITM Evaluation: [ 4300/19848]  eta: 0:17:15    time: 0.0814  data: 0.0000  max mem: 11815
      ITM Evaluation: [ 4400/19848]  eta: 0:17:12    time: 0.0774  data: 0.0000  max mem: 11815
      ITM Evaluation: [ 4500/19848]  eta: 0:17:08    time: 0.0744  data: 0.0000  max mem: 11815
      ITM Evaluation: [ 4600/19848]  eta: 0:17:05    time: 0.0760  data: 0.0000  max mem: 11815
      ITM Evaluation: [ 4700/19848]  eta: 0:17:00    time: 0.0677  data: 0.0000  max mem: 11815
      ITM Evaluation: [ 4800/19848]  eta: 0:16:54    time: 0.0712  data: 0.0000  max mem: 11815
      ITM Evaluation: [ 4900/19848]  eta: 0:16:50    time: 0.0740  data: 0.0000  max mem: 11815
      ITM Evaluation: [ 5000/19848]  eta: 0:16:46    time: 0.0751  data: 0.0000  max mem: 11815
      ITM Evaluation: [ 5100/19848]  eta: 0:16:42    time: 0.0763  data: 0.0000  max mem: 11815
      ITM Evaluation: [ 5200/19848]  eta: 0:16:38    time: 0.0761  data: 0.0000  max mem: 11815
      ITM Evaluation: [ 5300/19848]  eta: 0:16:33    time: 0.0773  data: 0.0000  max mem: 11815
      ITM Evaluation: [ 5400/19848]  eta: 0:16:28    time: 0.0727  data: 0.0000  max mem: 11815
      ITM Evaluation: [ 5500/19848]  eta: 0:16:22    time: 0.0748  data: 0.0000  max mem: 11815
      ITM Evaluation: [ 5600/19848]  eta: 0:16:17    time: 0.0749  data: 0.0000  max mem: 11815
      ITM Evaluation: [ 5700/19848]  eta: 0:16:11    time: 0.0765  data: 0.0000  max mem: 11815
      ITM Evaluation: [ 5800/19848]  eta: 0:16:06    time: 0.0750  data: 0.0000  max mem: 11815
      ITM Evaluation: [ 5900/19848]  eta: 0:16:00    time: 0.0731  data: 0.0000  max mem: 11815
      ITM Evaluation: [ 6000/19848]  eta: 0:15:55    time: 0.0727  data: 0.0000  max mem: 11815
      ITM Evaluation: [ 6100/19848]  eta: 0:15:49    time: 0.0750  data: 0.0000  max mem: 11815
      ITM Evaluation: [ 6200/19848]  eta: 0:15:43    time: 0.0717  data: 0.0000  max mem: 11815
      ITM Evaluation: [ 6300/19848]  eta: 0:15:37    time: 0.0735  data: 0.0000  max mem: 11815
      ITM Evaluation: [ 6400/19848]  eta: 0:15:31    time: 0.0713  data: 0.0000  max mem: 11815
      ITM Evaluation: [ 6500/19848]  eta: 0:15:25    time: 0.0756  data: 0.0000  max mem: 11815
      ITM Evaluation: [ 6600/19848]  eta: 0:15:19    time: 0.0738  data: 0.0000  max mem: 11815
      ITM Evaluation: [ 6700/19848]  eta: 0:15:14    time: 0.0778  data: 0.0000  max mem: 11815
      ITM Evaluation: [ 6800/19848]  eta: 0:15:08    time: 0.0723  data: 0.0000  max mem: 11815
      ITM Evaluation: [ 6900/19848]  eta: 0:15:02    time: 0.0765  data: 0.0000  max mem: 11815
      ITM Evaluation: [ 7000/19848]  eta: 0:14:56    time: 0.0755  data: 0.0000  max mem: 11815
      ITM Evaluation: [ 7100/19848]  eta: 0:14:50    time: 0.0755  data: 0.0000  max mem: 11815
      ITM Evaluation: [ 7200/19848]  eta: 0:14:44    time: 0.0774  data: 0.0000  max mem: 11815
      ITM Evaluation: [ 7300/19848]  eta: 0:14:37    time: 0.0705  data: 0.0000  max mem: 11815
      ITM Evaluation: [ 7400/19848]  eta: 0:14:31    time: 0.0742  data: 0.0000  max mem: 11815
      ITM Evaluation: [ 7500/19848]  eta: 0:14:24    time: 0.0712  data: 0.0000  max mem: 11815
      ITM Evaluation: [ 7600/19848]  eta: 0:14:18    time: 0.0748  data: 0.0000  max mem: 11815
      ITM Evaluation: [ 7700/19848]  eta: 0:14:12    time: 0.0766  data: 0.0000  max mem: 11815
      ITM Evaluation: [ 7800/19848]  eta: 0:14:06    time: 0.0797  data: 0.0000  max mem: 11815
      ITM Evaluation: [ 7900/19848]  eta: 0:14:00    time: 0.0814  data: 0.0000  max mem: 11815
      ITM Evaluation: [ 8000/19848]  eta: 0:13:55    time: 0.0814  data: 0.0000  max mem: 11815
      ITM Evaluation: [ 8100/19848]  eta: 0:13:49    time: 0.0755  data: 0.0000  max mem: 11815
      ITM Evaluation: [ 8200/19848]  eta: 0:13:43    time: 0.0759  data: 0.0000  max mem: 11815
      ITM Evaluation: [ 8300/19848]  eta: 0:13:37    time: 0.0788  data: 0.0000  max mem: 11815
      ITM Evaluation: [ 8400/19848]  eta: 0:13:32    time: 0.0775  data: 0.0000  max mem: 11815
      ITM Evaluation: [ 8500/19848]  eta: 0:13:26    time: 0.0857  data: 0.0000  max mem: 11815
      ITM Evaluation: [ 8600/19848]  eta: 0:13:20    time: 0.0809  data: 0.0000  max mem: 11815
      ITM Evaluation: [ 8700/19848]  eta: 0:13:14    time: 0.0815  data: 0.0000  max mem: 11815
      ITM Evaluation: [ 8800/19848]  eta: 0:13:08    time: 0.0796  data: 0.0000  max mem: 11815
      ITM Evaluation: [ 8900/19848]  eta: 0:13:02    time: 0.0786  data: 0.0000  max mem: 11815
      ITM Evaluation: [ 9000/19848]  eta: 0:12:55    time: 0.0772  data: 0.0000  max mem: 11815
      ITM Evaluation: [ 9100/19848]  eta: 0:12:49    time: 0.0766  data: 0.0000  max mem: 11815
      ITM Evaluation: [ 9200/19848]  eta: 0:12:43    time: 0.0780  data: 0.0000  max mem: 11815
      ITM Evaluation: [ 9300/19848]  eta: 0:12:36    time: 0.0799  data: 0.0000  max mem: 11815
      ITM Evaluation: [ 9400/19848]  eta: 0:12:30    time: 0.0797  data: 0.0000  max mem: 11815
      ITM Evaluation: [ 9500/19848]  eta: 0:12:23    time: 0.0785  data: 0.0000  max mem: 11815
      ITM Evaluation: [ 9600/19848]  eta: 0:12:17    time: 0.0783  data: 0.0000  max mem: 11815
      ITM Evaluation: [ 9700/19848]  eta: 0:12:10    time: 0.0774  data: 0.0000  max mem: 11815
      ITM Evaluation: [ 9800/19848]  eta: 0:12:03    time: 0.0749  data: 0.0000  max mem: 11815
      ITM Evaluation: [ 9900/19848]  eta: 0:11:56    time: 0.0753  data: 0.0000  max mem: 11815
      ITM Evaluation: [10000/19848]  eta: 0:11:49    time: 0.0726  data: 0.0000  max mem: 11815
      ITM Evaluation: [10100/19848]  eta: 0:11:42    time: 0.0733  data: 0.0000  max mem: 11815
      ITM Evaluation: [10200/19848]  eta: 0:11:35    time: 0.0764  data: 0.0000  max mem: 11815
      ITM Evaluation: [10300/19848]  eta: 0:11:28    time: 0.0767  data: 0.0000  max mem: 11815
      ITM Evaluation: [10400/19848]  eta: 0:11:21    time: 0.0761  data: 0.0000  max mem: 11815
      ITM Evaluation: [10500/19848]  eta: 0:11:15    time: 0.0732  data: 0.0000  max mem: 11815
      ITM Evaluation: [10600/19848]  eta: 0:11:08    time: 0.0739  data: 0.0000  max mem: 11815
      ITM Evaluation: [10700/19848]  eta: 0:11:01    time: 0.0748  data: 0.0000  max mem: 11815
      ITM Evaluation: [10800/19848]  eta: 0:10:54    time: 0.0768  data: 0.0000  max mem: 11815
      ITM Evaluation: [10900/19848]  eta: 0:10:47    time: 0.0774  data: 0.0000  max mem: 11815
      ITM Evaluation: [11000/19848]  eta: 0:10:40    time: 0.0711  data: 0.0000  max mem: 11815
      ITM Evaluation: [11100/19848]  eta: 0:10:33    time: 0.0744  data: 0.0000  max mem: 11815
      ITM Evaluation: [11200/19848]  eta: 0:10:26    time: 0.0753  data: 0.0000  max mem: 11815
      ITM Evaluation: [11300/19848]  eta: 0:10:19    time: 0.0713  data: 0.0000  max mem: 11815
      ITM Evaluation: [11400/19848]  eta: 0:10:12    time: 0.0750  data: 0.0000  max mem: 11815
      ITM Evaluation: [11500/19848]  eta: 0:10:04    time: 0.0659  data: 0.0000  max mem: 11815
      ITM Evaluation: [11600/19848]  eta: 0:09:57    time: 0.0712  data: 0.0000  max mem: 11815
      ITM Evaluation: [11700/19848]  eta: 0:09:49    time: 0.0736  data: 0.0000  max mem: 11815
      ITM Evaluation: [11800/19848]  eta: 0:09:42    time: 0.0755  data: 0.0000  max mem: 11815
      ITM Evaluation: [11900/19848]  eta: 0:09:35    time: 0.0789  data: 0.0000  max mem: 11815
      ITM Evaluation: [12000/19848]  eta: 0:09:28    time: 0.0763  data: 0.0000  max mem: 11815
      ITM Evaluation: [12100/19848]  eta: 0:09:21    time: 0.0736  data: 0.0000  max mem: 11815
      ITM Evaluation: [12200/19848]  eta: 0:09:14    time: 0.0762  data: 0.0000  max mem: 11815
      ITM Evaluation: [12300/19848]  eta: 0:09:07    time: 0.0741  data: 0.0000  max mem: 11815
      ITM Evaluation: [12400/19848]  eta: 0:09:00    time: 0.0708  data: 0.0000  max mem: 11815
      ITM Evaluation: [12500/19848]  eta: 0:08:53    time: 0.0745  data: 0.0000  max mem: 11815
      ITM Evaluation: [12600/19848]  eta: 0:08:46    time: 0.0755  data: 0.0000  max mem: 11815
      ITM Evaluation: [12700/19848]  eta: 0:08:39    time: 0.0717  data: 0.0000  max mem: 11815
      ITM Evaluation: [12800/19848]  eta: 0:08:31    time: 0.0752  data: 0.0000  max mem: 11815
      ITM Evaluation: [12900/19848]  eta: 0:08:24    time: 0.0759  data: 0.0000  max mem: 11815
      ITM Evaluation: [13000/19848]  eta: 0:08:17    time: 0.0763  data: 0.0000  max mem: 11815
      ITM Evaluation: [13100/19848]  eta: 0:08:10    time: 0.0766  data: 0.0000  max mem: 11815
      ITM Evaluation: [13200/19848]  eta: 0:08:03    time: 0.0730  data: 0.0000  max mem: 11815
      ITM Evaluation: [13300/19848]  eta: 0:07:56    time: 0.0729  data: 0.0000  max mem: 11815
      ITM Evaluation: [13400/19848]  eta: 0:07:48    time: 0.0697  data: 0.0000  max mem: 11815
      ITM Evaluation: [13500/19848]  eta: 0:07:41    time: 0.0766  data: 0.0000  max mem: 11815
      ITM Evaluation: [13600/19848]  eta: 0:07:34    time: 0.0758  data: 0.0000  max mem: 11815
      ITM Evaluation: [13700/19848]  eta: 0:07:27    time: 0.0769  data: 0.0000  max mem: 11815
      ITM Evaluation: [13800/19848]  eta: 0:07:20    time: 0.0757  data: 0.0000  max mem: 11815
      ITM Evaluation: [13900/19848]  eta: 0:07:13    time: 0.0756  data: 0.0000  max mem: 11815
      ITM Evaluation: [14000/19848]  eta: 0:07:05    time: 0.0778  data: 0.0000  max mem: 11815
      ITM Evaluation: [14100/19848]  eta: 0:06:58    time: 0.0723  data: 0.0000  max mem: 11815
      ITM Evaluation: [14200/19848]  eta: 0:06:51    time: 0.0774  data: 0.0000  max mem: 11815
      ITM Evaluation: [14300/19848]  eta: 0:06:44    time: 0.0785  data: 0.0000  max mem: 11815
      ITM Evaluation: [14400/19848]  eta: 0:06:37    time: 0.0753  data: 0.0000  max mem: 11815
      ITM Evaluation: [14500/19848]  eta: 0:06:30    time: 0.0782  data: 0.0000  max mem: 11815
      ITM Evaluation: [14600/19848]  eta: 0:06:23    time: 0.0821  data: 0.0000  max mem: 11815
      ITM Evaluation: [14700/19848]  eta: 0:06:15    time: 0.0764  data: 0.0000  max mem: 11815
      ITM Evaluation: [14800/19848]  eta: 0:06:08    time: 0.0787  data: 0.0000  max mem: 11815
      ITM Evaluation: [14900/19848]  eta: 0:06:01    time: 0.0698  data: 0.0000  max mem: 11815
      ITM Evaluation: [15000/19848]  eta: 0:05:53    time: 0.0677  data: 0.0000  max mem: 11815
      ITM Evaluation: [15100/19848]  eta: 0:05:46    time: 0.0673  data: 0.0000  max mem: 11815
      ITM Evaluation: [15200/19848]  eta: 0:05:39    time: 0.0693  data: 0.0000  max mem: 11815
      ITM Evaluation: [15300/19848]  eta: 0:05:31    time: 0.0682  data: 0.0000  max mem: 11815
      ITM Evaluation: [15400/19848]  eta: 0:05:24    time: 0.0725  data: 0.0000  max mem: 11815
      ITM Evaluation: [15500/19848]  eta: 0:05:17    time: 0.0692  data: 0.0000  max mem: 11815
      ITM Evaluation: [15600/19848]  eta: 0:05:09    time: 0.0694  data: 0.0000  max mem: 11815
      ITM Evaluation: [15700/19848]  eta: 0:05:02    time: 0.0688  data: 0.0000  max mem: 11815
      ITM Evaluation: [15800/19848]  eta: 0:04:54    time: 0.0701  data: 0.0000  max mem: 11815
      ITM Evaluation: [15900/19848]  eta: 0:04:47    time: 0.0694  data: 0.0000  max mem: 11815
      ITM Evaluation: [16000/19848]  eta: 0:04:40    time: 0.0669  data: 0.0000  max mem: 11815
      ITM Evaluation: [16100/19848]  eta: 0:04:32    time: 0.0703  data: 0.0000  max mem: 11815
      ITM Evaluation: [16200/19848]  eta: 0:04:25    time: 0.0668  data: 0.0000  max mem: 11815
      ITM Evaluation: [16300/19848]  eta: 0:04:17    time: 0.0688  data: 0.0000  max mem: 11815
      ITM Evaluation: [16400/19848]  eta: 0:04:10    time: 0.0700  data: 0.0000  max mem: 11815
      ITM Evaluation: [16500/19848]  eta: 0:04:03    time: 0.0704  data: 0.0000  max mem: 11815
      ITM Evaluation: [16600/19848]  eta: 0:03:55    time: 0.0712  data: 0.0000  max mem: 11815
      ITM Evaluation: [16700/19848]  eta: 0:03:48    time: 0.0750  data: 0.0000  max mem: 11815
      ITM Evaluation: [16800/19848]  eta: 0:03:41    time: 0.0721  data: 0.0000  max mem: 11815
      ITM Evaluation: [16900/19848]  eta: 0:03:34    time: 0.0723  data: 0.0000  max mem: 11815
      ITM Evaluation: [17000/19848]  eta: 0:03:27    time: 0.0717  data: 0.0000  max mem: 11815
      ITM Evaluation: [17100/19848]  eta: 0:03:19    time: 0.0712  data: 0.0000  max mem: 11815
      ITM Evaluation: [17200/19848]  eta: 0:03:12    time: 0.0776  data: 0.0000  max mem: 11815
      ITM Evaluation: [17300/19848]  eta: 0:03:05    time: 0.0803  data: 0.0000  max mem: 11815
      ITM Evaluation: [17400/19848]  eta: 0:02:58    time: 0.0752  data: 0.0000  max mem: 11815
      ITM Evaluation: [17500/19848]  eta: 0:02:50    time: 0.0756  data: 0.0000  max mem: 11815
      ITM Evaluation: [17600/19848]  eta: 0:02:43    time: 0.0637  data: 0.0000  max mem: 11815
      ITM Evaluation: [17700/19848]  eta: 0:02:36    time: 0.0687  data: 0.0000  max mem: 11815
      ITM Evaluation: [17800/19848]  eta: 0:02:28    time: 0.0727  data: 0.0000  max mem: 11815
      ITM Evaluation: [17900/19848]  eta: 0:02:21    time: 0.0735  data: 0.0000  max mem: 11815
      ITM Evaluation: [18000/19848]  eta: 0:02:14    time: 0.0697  data: 0.0000  max mem: 11815
      ITM Evaluation: [18100/19848]  eta: 0:02:07    time: 0.0687  data: 0.0000  max mem: 11815
      ITM Evaluation: [18200/19848]  eta: 0:01:59    time: 0.0673  data: 0.0000  max mem: 11815
      ITM Evaluation: [18300/19848]  eta: 0:01:52    time: 0.0703  data: 0.0000  max mem: 11815
      ITM Evaluation: [18400/19848]  eta: 0:01:45    time: 0.0696  data: 0.0000  max mem: 11815
      ITM Evaluation: [18500/19848]  eta: 0:01:37    time: 0.0698  data: 0.0000  max mem: 11815
      ITM Evaluation: [18600/19848]  eta: 0:01:30    time: 0.0672  data: 0.0000  max mem: 11815
      ITM Evaluation: [18700/19848]  eta: 0:01:23    time: 0.0721  data: 0.0000  max mem: 11815
      ITM Evaluation: [18800/19848]  eta: 0:01:16    time: 0.0738  data: 0.0000  max mem: 11815
      ITM Evaluation: [18900/19848]  eta: 0:01:08    time: 0.0685  data: 0.0000  max mem: 11815
      ITM Evaluation: [19000/19848]  eta: 0:01:01    time: 0.0681  data: 0.0000  max mem: 11815
      ITM Evaluation: [19100/19848]  eta: 0:00:54    time: 0.0670  data: 0.0000  max mem: 11815
      ITM Evaluation: [19200/19848]  eta: 0:00:46    time: 0.0708  data: 0.0000  max mem: 11815
      ITM Evaluation: [19300/19848]  eta: 0:00:39    time: 0.0721  data: 0.0000  max mem: 11815
      ITM Evaluation: [19400/19848]  eta: 0:00:32    time: 0.0696  data: 0.0000  max mem: 11815
      ITM Evaluation: [19500/19848]  eta: 0:00:25    time: 0.0689  data: 0.0000  max mem: 11815
      ITM Evaluation: [19600/19848]  eta: 0:00:17    time: 0.0716  data: 0.0000  max mem: 11815
      ITM Evaluation: [19700/19848]  eta: 0:00:10    time: 0.0673  data: 0.0000  max mem: 11815
      ITM Evaluation: [19800/19848]  eta: 0:00:03    time: 0.0693  data: 0.0000  max mem: 11815
      ITM Evaluation: [19847/19848]  eta: 0:00:00    time: 0.0655  data: 0.0000  max mem: 11815
      ITM Evaluation: Total time: 0:23:57 (0.0724 s / it)
     total_time 1439.1883404254913
     Computing matching score time 0:23:59
### TTA ITM Score: 
+-------+--------+--------+--------+--------+--------+
| epoch |   R1   |   R5   |  R10   |  mAP   |  mINP  |
+-------+--------+--------+--------+--------+--------+
|  -999 | 63.014 | 79.484 | 85.041 | 40.411 | 10.184 |
|  -999 | 68.183 | 82.885 | 87.500 | 40.507 | 9.104  |
|   0   | 51.194 | 76.340 | 83.918 | 34.260 | 8.543  |
|   1   | 49.924 | 75.731 | 83.706 | 33.600 | 8.701  |
|   2   | 50.872 | 76.511 | 84.129 | 34.339 | 8.722  |
|   3   | 49.899 | 76.295 | 84.195 | 34.336 | 8.791  |
|   4   | 51.648 | 77.106 | 84.553 | 34.580 | 8.802  |
|   5   | 49.133 | 75.776 | 83.948 | 33.658 | 8.610  |
|   6   | 43.843 | 73.297 | 82.361 | 31.786 | 8.304  |
|   7   | 42.992 | 71.947 | 81.313 | 30.706 | 8.213  |
|   8   | 44.352 | 72.783 | 81.847 | 31.141 | 8.210  |
|   9   | 41.909 | 71.115 | 80.794 | 30.064 | 8.011  |
|   10  | 44.831 | 72.949 | 81.958 | 31.495 | 8.118  |
|   11  | 45.289 | 72.985 | 82.038 | 31.655 | 8.208  |
|   12  | 41.243 | 70.697 | 80.789 | 30.621 | 8.277  |
|   13  | 40.075 | 70.123 | 80.467 | 30.304 | 8.319  |
|   14  | 44.881 | 73.191 | 82.205 | 31.933 | 8.483  |
|   15  | 42.120 | 71.559 | 81.268 | 31.132 | 8.377  |
|   16  | 40.946 | 71.005 | 80.940 | 30.736 | 8.306  |
|   17  | 40.180 | 70.289 | 80.577 | 30.214 | 8.149  |
+-------+--------+--------+--------+--------+--------+
     logs:  {'epo': 17, 'R1': 40.18, 'R5': 70.289, 'R10': 80.577, 'mAP': 30.214, 'mINP': 8.149, 'lr': 4.2e-05, 'entropy': 0.129396, 'loss': 0.129396}
