Not using distributed mode
### Hyper-parameters:
     seed: 42
     device: cuda
     output_dir: output/ft_icfg/tta/tta_exp0.1
     batch_size_tta: 32
     epochs: 30
     lr: 0.0001
### Creating model
use_swin
load checkpoint from checkpoints/ft_icfg/checkpoint_best.pth
missing_keys:  []
vision_encoder missing_keys:  []
unexpected_keys:  []
     Total Params Sum:  214456629
### Creating test dataset
     test_dataset: 19848
### Creating test dataloader
### be careful: func create_loader returns a list length of 1
     test_loader: 133
### Inference ITC similiarity matrix
     Computing text features for evaluation
     Computing image features for evaluation
/home/jiahao/task/APTM/reTools.py:308: UserWarning: To copy construct from a tensor, it is recommended to use sourceTensor.clone().detach() or sourceTensor.clone().detach().requires_grad_(True), rather than torch.tensor(sourceTensor).
  similarity = torch.tensor(scores_t2i)
     Computing features time 0:01:00
### Zero-Shot ITC Score: 
+-------+--------+--------+--------+--------+--------+
| epoch |   R1   |   R5   |  R10   |  mAP   |  mINP  |
+-------+--------+--------+--------+--------+--------+
|  -999 | 63.014 | 79.484 | 85.041 | 40.411 | 10.184 |
+-------+--------+--------+--------+--------+--------+
     Computing matching score
      ITM Evaluation: [    0/19848]  eta: 0:36:36    time: 0.1107  data: 0.0207  max mem: 11815
      ITM Evaluation: [  100/19848]  eta: 0:27:38    time: 0.0877  data: 0.0000  max mem: 11815
      ITM Evaluation: [  200/19848]  eta: 0:27:59    time: 0.0707  data: 0.0000  max mem: 11815
      ITM Evaluation: [  300/19848]  eta: 0:26:14    time: 0.0720  data: 0.0000  max mem: 11815
      ITM Evaluation: [  400/19848]  eta: 0:25:16    time: 0.0711  data: 0.0000  max mem: 11815
      ITM Evaluation: [  500/19848]  eta: 0:24:36    time: 0.0695  data: 0.0000  max mem: 11815
      ITM Evaluation: [  600/19848]  eta: 0:24:11    time: 0.0703  data: 0.0000  max mem: 11815
      ITM Evaluation: [  700/19848]  eta: 0:24:07    time: 0.0805  data: 0.0000  max mem: 11815
      ITM Evaluation: [  800/19848]  eta: 0:24:07    time: 0.0729  data: 0.0000  max mem: 11815
      ITM Evaluation: [  900/19848]  eta: 0:23:52    time: 0.0704  data: 0.0000  max mem: 11815
      ITM Evaluation: [ 1000/19848]  eta: 0:23:36    time: 0.0710  data: 0.0000  max mem: 11815
      ITM Evaluation: [ 1100/19848]  eta: 0:23:19    time: 0.0658  data: 0.0000  max mem: 11815
      ITM Evaluation: [ 1200/19848]  eta: 0:23:06    time: 0.0742  data: 0.0000  max mem: 11815
      ITM Evaluation: [ 1300/19848]  eta: 0:22:53    time: 0.0708  data: 0.0000  max mem: 11815
      ITM Evaluation: [ 1400/19848]  eta: 0:22:41    time: 0.0732  data: 0.0000  max mem: 11815
      ITM Evaluation: [ 1500/19848]  eta: 0:22:27    time: 0.0682  data: 0.0000  max mem: 11815
      ITM Evaluation: [ 1600/19848]  eta: 0:22:11    time: 0.0619  data: 0.0000  max mem: 11815
      ITM Evaluation: [ 1700/19848]  eta: 0:21:58    time: 0.0680  data: 0.0000  max mem: 11815
      ITM Evaluation: [ 1800/19848]  eta: 0:21:47    time: 0.0636  data: 0.0000  max mem: 11815
      ITM Evaluation: [ 1900/19848]  eta: 0:21:33    time: 0.0658  data: 0.0000  max mem: 11815
      ITM Evaluation: [ 2000/19848]  eta: 0:21:23    time: 0.0715  data: 0.0000  max mem: 11815
      ITM Evaluation: [ 2100/19848]  eta: 0:21:13    time: 0.0681  data: 0.0000  max mem: 11815
      ITM Evaluation: [ 2200/19848]  eta: 0:21:03    time: 0.0681  data: 0.0000  max mem: 11815
      ITM Evaluation: [ 2300/19848]  eta: 0:20:53    time: 0.0692  data: 0.0000  max mem: 11815
      ITM Evaluation: [ 2400/19848]  eta: 0:20:47    time: 0.0764  data: 0.0000  max mem: 11815
      ITM Evaluation: [ 2500/19848]  eta: 0:20:38    time: 0.0682  data: 0.0000  max mem: 11815
      ITM Evaluation: [ 2600/19848]  eta: 0:20:36    time: 0.0776  data: 0.0000  max mem: 11815
      ITM Evaluation: [ 2700/19848]  eta: 0:20:30    time: 0.0705  data: 0.0000  max mem: 11815
      ITM Evaluation: [ 2800/19848]  eta: 0:20:22    time: 0.0686  data: 0.0000  max mem: 11815
      ITM Evaluation: [ 2900/19848]  eta: 0:20:17    time: 0.0762  data: 0.0000  max mem: 11815
      ITM Evaluation: [ 3000/19848]  eta: 0:20:08    time: 0.0676  data: 0.0000  max mem: 11815
      ITM Evaluation: [ 3100/19848]  eta: 0:20:00    time: 0.0729  data: 0.0000  max mem: 11815
      ITM Evaluation: [ 3200/19848]  eta: 0:19:54    time: 0.0781  data: 0.0000  max mem: 11815
      ITM Evaluation: [ 3300/19848]  eta: 0:19:50    time: 0.0696  data: 0.0000  max mem: 11815
      ITM Evaluation: [ 3400/19848]  eta: 0:19:42    time: 0.0756  data: 0.0000  max mem: 11815
      ITM Evaluation: [ 3500/19848]  eta: 0:19:34    time: 0.0701  data: 0.0000  max mem: 11815
      ITM Evaluation: [ 3600/19848]  eta: 0:19:28    time: 0.0731  data: 0.0000  max mem: 11815
      ITM Evaluation: [ 3700/19848]  eta: 0:19:22    time: 0.0781  data: 0.0000  max mem: 11815
      ITM Evaluation: [ 3800/19848]  eta: 0:19:17    time: 0.0753  data: 0.0000  max mem: 11815
      ITM Evaluation: [ 3900/19848]  eta: 0:19:11    time: 0.0748  data: 0.0000  max mem: 11815
      ITM Evaluation: [ 4000/19848]  eta: 0:19:03    time: 0.0699  data: 0.0000  max mem: 11815
      ITM Evaluation: [ 4100/19848]  eta: 0:18:56    time: 0.0717  data: 0.0000  max mem: 11815
      ITM Evaluation: [ 4200/19848]  eta: 0:18:48    time: 0.0707  data: 0.0000  max mem: 11815
      ITM Evaluation: [ 4300/19848]  eta: 0:18:40    time: 0.0731  data: 0.0000  max mem: 11815
      ITM Evaluation: [ 4400/19848]  eta: 0:18:34    time: 0.0840  data: 0.0000  max mem: 11815
      ITM Evaluation: [ 4500/19848]  eta: 0:18:30    time: 0.0723  data: 0.0000  max mem: 11815
      ITM Evaluation: [ 4600/19848]  eta: 0:18:22    time: 0.0717  data: 0.0000  max mem: 11815
      ITM Evaluation: [ 4700/19848]  eta: 0:18:14    time: 0.0719  data: 0.0000  max mem: 11815
      ITM Evaluation: [ 4800/19848]  eta: 0:18:07    time: 0.0725  data: 0.0000  max mem: 11815
      ITM Evaluation: [ 4900/19848]  eta: 0:18:00    time: 0.0768  data: 0.0000  max mem: 11815
      ITM Evaluation: [ 5000/19848]  eta: 0:17:53    time: 0.0730  data: 0.0000  max mem: 11815
      ITM Evaluation: [ 5100/19848]  eta: 0:17:46    time: 0.0679  data: 0.0000  max mem: 11815
      ITM Evaluation: [ 5200/19848]  eta: 0:17:39    time: 0.0705  data: 0.0000  max mem: 11815
      ITM Evaluation: [ 5300/19848]  eta: 0:17:31    time: 0.0701  data: 0.0000  max mem: 11815
      ITM Evaluation: [ 5400/19848]  eta: 0:17:24    time: 0.0745  data: 0.0000  max mem: 11815
      ITM Evaluation: [ 5500/19848]  eta: 0:17:17    time: 0.0807  data: 0.0000  max mem: 11815
      ITM Evaluation: [ 5600/19848]  eta: 0:17:09    time: 0.0692  data: 0.0000  max mem: 11815
      ITM Evaluation: [ 5700/19848]  eta: 0:17:02    time: 0.0695  data: 0.0000  max mem: 11815
      ITM Evaluation: [ 5800/19848]  eta: 0:16:54    time: 0.0766  data: 0.0000  max mem: 11815
      ITM Evaluation: [ 5900/19848]  eta: 0:16:47    time: 0.0704  data: 0.0000  max mem: 11815
      ITM Evaluation: [ 6000/19848]  eta: 0:16:40    time: 0.0743  data: 0.0000  max mem: 11815
      ITM Evaluation: [ 6100/19848]  eta: 0:16:33    time: 0.0704  data: 0.0000  max mem: 11815
      ITM Evaluation: [ 6200/19848]  eta: 0:16:25    time: 0.0700  data: 0.0000  max mem: 11815
      ITM Evaluation: [ 6300/19848]  eta: 0:16:18    time: 0.0717  data: 0.0000  max mem: 11815
      ITM Evaluation: [ 6400/19848]  eta: 0:16:11    time: 0.0733  data: 0.0000  max mem: 11815
      ITM Evaluation: [ 6500/19848]  eta: 0:16:04    time: 0.0776  data: 0.0000  max mem: 11815
      ITM Evaluation: [ 6600/19848]  eta: 0:15:57    time: 0.0699  data: 0.0000  max mem: 11815
      ITM Evaluation: [ 6700/19848]  eta: 0:15:50    time: 0.0710  data: 0.0000  max mem: 11815
      ITM Evaluation: [ 6800/19848]  eta: 0:15:42    time: 0.0677  data: 0.0000  max mem: 11815
      ITM Evaluation: [ 6900/19848]  eta: 0:15:35    time: 0.0733  data: 0.0000  max mem: 11815
      ITM Evaluation: [ 7000/19848]  eta: 0:15:29    time: 0.0792  data: 0.0000  max mem: 11815
      ITM Evaluation: [ 7100/19848]  eta: 0:15:23    time: 0.0702  data: 0.0000  max mem: 11815
      ITM Evaluation: [ 7200/19848]  eta: 0:15:15    time: 0.0692  data: 0.0000  max mem: 11815
      ITM Evaluation: [ 7300/19848]  eta: 0:15:07    time: 0.0681  data: 0.0000  max mem: 11815
      ITM Evaluation: [ 7400/19848]  eta: 0:14:59    time: 0.0685  data: 0.0000  max mem: 11815
      ITM Evaluation: [ 7500/19848]  eta: 0:14:52    time: 0.0714  data: 0.0000  max mem: 11815
      ITM Evaluation: [ 7600/19848]  eta: 0:14:45    time: 0.0711  data: 0.0000  max mem: 11815
      ITM Evaluation: [ 7700/19848]  eta: 0:14:38    time: 0.0789  data: 0.0000  max mem: 11815
      ITM Evaluation: [ 7800/19848]  eta: 0:14:31    time: 0.0693  data: 0.0000  max mem: 11815
      ITM Evaluation: [ 7900/19848]  eta: 0:14:24    time: 0.0686  data: 0.0000  max mem: 11815
      ITM Evaluation: [ 8000/19848]  eta: 0:14:16    time: 0.0696  data: 0.0000  max mem: 11815
      ITM Evaluation: [ 8100/19848]  eta: 0:14:09    time: 0.0783  data: 0.0000  max mem: 11815
      ITM Evaluation: [ 8200/19848]  eta: 0:14:03    time: 0.0781  data: 0.0000  max mem: 11815
      ITM Evaluation: [ 8300/19848]  eta: 0:13:57    time: 0.0844  data: 0.0000  max mem: 11815
      ITM Evaluation: [ 8400/19848]  eta: 0:13:50    time: 0.0729  data: 0.0000  max mem: 11815
      ITM Evaluation: [ 8500/19848]  eta: 0:13:42    time: 0.0725  data: 0.0000  max mem: 11815
      ITM Evaluation: [ 8600/19848]  eta: 0:13:35    time: 0.0749  data: 0.0000  max mem: 11815
      ITM Evaluation: [ 8700/19848]  eta: 0:13:27    time: 0.0711  data: 0.0000  max mem: 11815
      ITM Evaluation: [ 8800/19848]  eta: 0:13:20    time: 0.0745  data: 0.0000  max mem: 11815
      ITM Evaluation: [ 8900/19848]  eta: 0:13:13    time: 0.0757  data: 0.0000  max mem: 11815
      ITM Evaluation: [ 9000/19848]  eta: 0:13:05    time: 0.0696  data: 0.0000  max mem: 11815
      ITM Evaluation: [ 9100/19848]  eta: 0:12:58    time: 0.0757  data: 0.0000  max mem: 11815
      ITM Evaluation: [ 9200/19848]  eta: 0:12:51    time: 0.0700  data: 0.0000  max mem: 11815
      ITM Evaluation: [ 9300/19848]  eta: 0:12:43    time: 0.0628  data: 0.0000  max mem: 11815
      ITM Evaluation: [ 9400/19848]  eta: 0:12:35    time: 0.0649  data: 0.0000  max mem: 11815
      ITM Evaluation: [ 9500/19848]  eta: 0:12:27    time: 0.0751  data: 0.0000  max mem: 11815
      ITM Evaluation: [ 9600/19848]  eta: 0:12:19    time: 0.0682  data: 0.0000  max mem: 11815
      ITM Evaluation: [ 9700/19848]  eta: 0:12:12    time: 0.0629  data: 0.0000  max mem: 11815
      ITM Evaluation: [ 9800/19848]  eta: 0:12:04    time: 0.0731  data: 0.0000  max mem: 11815
      ITM Evaluation: [ 9900/19848]  eta: 0:11:56    time: 0.0669  data: 0.0000  max mem: 11815
      ITM Evaluation: [10000/19848]  eta: 0:11:48    time: 0.0646  data: 0.0000  max mem: 11815
      ITM Evaluation: [10100/19848]  eta: 0:11:41    time: 0.0728  data: 0.0000  max mem: 11815
      ITM Evaluation: [10200/19848]  eta: 0:11:34    time: 0.0738  data: 0.0000  max mem: 11815
      ITM Evaluation: [10300/19848]  eta: 0:11:27    time: 0.0725  data: 0.0000  max mem: 11815
      ITM Evaluation: [10400/19848]  eta: 0:11:20    time: 0.0742  data: 0.0000  max mem: 11815
      ITM Evaluation: [10500/19848]  eta: 0:11:13    time: 0.0739  data: 0.0000  max mem: 11815
      ITM Evaluation: [10600/19848]  eta: 0:11:06    time: 0.0704  data: 0.0000  max mem: 11815
      ITM Evaluation: [10700/19848]  eta: 0:10:59    time: 0.0756  data: 0.0000  max mem: 11815
      ITM Evaluation: [10800/19848]  eta: 0:10:52    time: 0.0709  data: 0.0000  max mem: 11815
      ITM Evaluation: [10900/19848]  eta: 0:10:45    time: 0.0710  data: 0.0000  max mem: 11815
      ITM Evaluation: [11000/19848]  eta: 0:10:37    time: 0.0718  data: 0.0000  max mem: 11815
      ITM Evaluation: [11100/19848]  eta: 0:10:30    time: 0.0679  data: 0.0000  max mem: 11815
      ITM Evaluation: [11200/19848]  eta: 0:10:23    time: 0.0701  data: 0.0000  max mem: 11815
      ITM Evaluation: [11300/19848]  eta: 0:10:15    time: 0.0690  data: 0.0000  max mem: 11815
      ITM Evaluation: [11400/19848]  eta: 0:10:08    time: 0.0693  data: 0.0000  max mem: 11815
      ITM Evaluation: [11500/19848]  eta: 0:10:01    time: 0.0735  data: 0.0000  max mem: 11815
      ITM Evaluation: [11600/19848]  eta: 0:09:54    time: 0.0774  data: 0.0000  max mem: 11815
      ITM Evaluation: [11700/19848]  eta: 0:09:47    time: 0.0802  data: 0.0000  max mem: 11815
      ITM Evaluation: [11800/19848]  eta: 0:09:39    time: 0.0694  data: 0.0000  max mem: 11815
      ITM Evaluation: [11900/19848]  eta: 0:09:32    time: 0.0687  data: 0.0000  max mem: 11815
      ITM Evaluation: [12000/19848]  eta: 0:09:25    time: 0.0669  data: 0.0000  max mem: 11815
      ITM Evaluation: [12100/19848]  eta: 0:09:17    time: 0.0671  data: 0.0000  max mem: 11815
      ITM Evaluation: [12200/19848]  eta: 0:09:10    time: 0.0720  data: 0.0000  max mem: 11815
      ITM Evaluation: [12300/19848]  eta: 0:09:02    time: 0.0681  data: 0.0000  max mem: 11815
      ITM Evaluation: [12400/19848]  eta: 0:08:55    time: 0.0682  data: 0.0000  max mem: 11815
      ITM Evaluation: [12500/19848]  eta: 0:08:48    time: 0.0670  data: 0.0000  max mem: 11815
      ITM Evaluation: [12600/19848]  eta: 0:08:40    time: 0.0675  data: 0.0000  max mem: 11815
      ITM Evaluation: [12700/19848]  eta: 0:08:33    time: 0.0674  data: 0.0000  max mem: 11815
      ITM Evaluation: [12800/19848]  eta: 0:08:26    time: 0.0736  data: 0.0000  max mem: 11815
      ITM Evaluation: [12900/19848]  eta: 0:08:18    time: 0.0670  data: 0.0000  max mem: 11815
      ITM Evaluation: [13000/19848]  eta: 0:08:11    time: 0.0693  data: 0.0000  max mem: 11815
      ITM Evaluation: [13100/19848]  eta: 0:08:04    time: 0.0663  data: 0.0000  max mem: 11815
      ITM Evaluation: [13200/19848]  eta: 0:07:56    time: 0.0691  data: 0.0000  max mem: 11815
      ITM Evaluation: [13300/19848]  eta: 0:07:49    time: 0.0755  data: 0.0000  max mem: 11815
      ITM Evaluation: [13400/19848]  eta: 0:07:42    time: 0.0685  data: 0.0000  max mem: 11815
      ITM Evaluation: [13500/19848]  eta: 0:07:35    time: 0.0659  data: 0.0000  max mem: 11815
      ITM Evaluation: [13600/19848]  eta: 0:07:27    time: 0.0718  data: 0.0000  max mem: 11815
      ITM Evaluation: [13700/19848]  eta: 0:07:20    time: 0.0690  data: 0.0000  max mem: 11815
      ITM Evaluation: [13800/19848]  eta: 0:07:13    time: 0.0683  data: 0.0000  max mem: 11815
      ITM Evaluation: [13900/19848]  eta: 0:07:05    time: 0.0733  data: 0.0000  max mem: 11815
      ITM Evaluation: [14000/19848]  eta: 0:06:58    time: 0.0675  data: 0.0000  max mem: 11815
      ITM Evaluation: [14100/19848]  eta: 0:06:51    time: 0.0601  data: 0.0000  max mem: 11815
      ITM Evaluation: [14200/19848]  eta: 0:06:44    time: 0.0656  data: 0.0000  max mem: 11815
      ITM Evaluation: [14300/19848]  eta: 0:06:36    time: 0.0678  data: 0.0000  max mem: 11815
      ITM Evaluation: [14400/19848]  eta: 0:06:29    time: 0.0653  data: 0.0000  max mem: 11815
      ITM Evaluation: [14500/19848]  eta: 0:06:22    time: 0.0689  data: 0.0000  max mem: 11815
      ITM Evaluation: [14600/19848]  eta: 0:06:15    time: 0.0673  data: 0.0000  max mem: 11815
      ITM Evaluation: [14700/19848]  eta: 0:06:07    time: 0.0675  data: 0.0000  max mem: 11815
      ITM Evaluation: [14800/19848]  eta: 0:06:00    time: 0.0677  data: 0.0000  max mem: 11815
      ITM Evaluation: [14900/19848]  eta: 0:05:53    time: 0.0728  data: 0.0000  max mem: 11815
      ITM Evaluation: [15000/19848]  eta: 0:05:46    time: 0.0677  data: 0.0000  max mem: 11815
      ITM Evaluation: [15100/19848]  eta: 0:05:38    time: 0.0722  data: 0.0000  max mem: 11815
      ITM Evaluation: [15200/19848]  eta: 0:05:31    time: 0.0651  data: 0.0000  max mem: 11815
      ITM Evaluation: [15300/19848]  eta: 0:05:24    time: 0.0678  data: 0.0000  max mem: 11815
      ITM Evaluation: [15400/19848]  eta: 0:05:17    time: 0.0664  data: 0.0000  max mem: 11815
      ITM Evaluation: [15500/19848]  eta: 0:05:09    time: 0.0658  data: 0.0000  max mem: 11815
      ITM Evaluation: [15600/19848]  eta: 0:05:02    time: 0.0661  data: 0.0000  max mem: 11815
      ITM Evaluation: [15700/19848]  eta: 0:04:55    time: 0.0675  data: 0.0000  max mem: 11815
      ITM Evaluation: [15800/19848]  eta: 0:04:48    time: 0.0659  data: 0.0000  max mem: 11815
      ITM Evaluation: [15900/19848]  eta: 0:04:41    time: 0.0708  data: 0.0000  max mem: 11815
      ITM Evaluation: [16000/19848]  eta: 0:04:33    time: 0.0671  data: 0.0000  max mem: 11815
      ITM Evaluation: [16100/19848]  eta: 0:04:26    time: 0.0667  data: 0.0000  max mem: 11815
      ITM Evaluation: [16200/19848]  eta: 0:04:19    time: 0.0655  data: 0.0000  max mem: 11815
      ITM Evaluation: [16300/19848]  eta: 0:04:12    time: 0.0669  data: 0.0000  max mem: 11815
      ITM Evaluation: [16400/19848]  eta: 0:04:05    time: 0.0678  data: 0.0000  max mem: 11815
      ITM Evaluation: [16500/19848]  eta: 0:03:57    time: 0.0685  data: 0.0000  max mem: 11815
      ITM Evaluation: [16600/19848]  eta: 0:03:50    time: 0.0801  data: 0.0000  max mem: 11815
      ITM Evaluation: [16700/19848]  eta: 0:03:43    time: 0.0681  data: 0.0000  max mem: 11815
      ITM Evaluation: [16800/19848]  eta: 0:03:36    time: 0.0678  data: 0.0000  max mem: 11815
      ITM Evaluation: [16900/19848]  eta: 0:03:29    time: 0.0673  data: 0.0000  max mem: 11815
      ITM Evaluation: [17000/19848]  eta: 0:03:22    time: 0.0672  data: 0.0000  max mem: 11815
      ITM Evaluation: [17100/19848]  eta: 0:03:15    time: 0.0698  data: 0.0000  max mem: 11815
      ITM Evaluation: [17200/19848]  eta: 0:03:08    time: 0.0750  data: 0.0000  max mem: 11815
      ITM Evaluation: [17300/19848]  eta: 0:03:01    time: 0.0685  data: 0.0000  max mem: 11815
      ITM Evaluation: [17400/19848]  eta: 0:02:53    time: 0.0682  data: 0.0000  max mem: 11815
      ITM Evaluation: [17500/19848]  eta: 0:02:46    time: 0.0681  data: 0.0000  max mem: 11815
      ITM Evaluation: [17600/19848]  eta: 0:02:39    time: 0.0718  data: 0.0000  max mem: 11815
      ITM Evaluation: [17700/19848]  eta: 0:02:32    time: 0.0679  data: 0.0000  max mem: 11815
      ITM Evaluation: [17800/19848]  eta: 0:02:25    time: 0.0766  data: 0.0000  max mem: 11815
      ITM Evaluation: [17900/19848]  eta: 0:02:18    time: 0.0721  data: 0.0000  max mem: 11815
      ITM Evaluation: [18000/19848]  eta: 0:02:11    time: 0.0724  data: 0.0000  max mem: 11815
      ITM Evaluation: [18100/19848]  eta: 0:02:04    time: 0.0778  data: 0.0000  max mem: 11815
      ITM Evaluation: [18200/19848]  eta: 0:01:57    time: 0.0715  data: 0.0000  max mem: 11815
      ITM Evaluation: [18300/19848]  eta: 0:01:50    time: 0.0734  data: 0.0000  max mem: 11815
      ITM Evaluation: [18400/19848]  eta: 0:01:42    time: 0.0756  data: 0.0000  max mem: 11815
      ITM Evaluation: [18500/19848]  eta: 0:01:35    time: 0.0685  data: 0.0000  max mem: 11815
      ITM Evaluation: [18600/19848]  eta: 0:01:28    time: 0.0774  data: 0.0000  max mem: 11815
      ITM Evaluation: [18700/19848]  eta: 0:01:21    time: 0.0662  data: 0.0000  max mem: 11815
      ITM Evaluation: [18800/19848]  eta: 0:01:14    time: 0.0713  data: 0.0000  max mem: 11815
      ITM Evaluation: [18900/19848]  eta: 0:01:07    time: 0.0712  data: 0.0000  max mem: 11815
      ITM Evaluation: [19000/19848]  eta: 0:01:00    time: 0.0752  data: 0.0000  max mem: 11815
      ITM Evaluation: [19100/19848]  eta: 0:00:53    time: 0.0791  data: 0.0000  max mem: 11815
      ITM Evaluation: [19200/19848]  eta: 0:00:46    time: 0.0738  data: 0.0000  max mem: 11815
      ITM Evaluation: [19300/19848]  eta: 0:00:38    time: 0.0738  data: 0.0000  max mem: 11815
      ITM Evaluation: [19400/19848]  eta: 0:00:31    time: 0.0714  data: 0.0000  max mem: 11815
      ITM Evaluation: [19500/19848]  eta: 0:00:24    time: 0.0707  data: 0.0000  max mem: 11815
      ITM Evaluation: [19600/19848]  eta: 0:00:17    time: 0.0793  data: 0.0000  max mem: 11815
      ITM Evaluation: [19700/19848]  eta: 0:00:10    time: 0.0742  data: 0.0000  max mem: 11815
      ITM Evaluation: [19800/19848]  eta: 0:00:03    time: 0.0782  data: 0.0000  max mem: 11815
      ITM Evaluation: [19847/19848]  eta: 0:00:00    time: 0.0700  data: 0.0000  max mem: 11815
      ITM Evaluation: Total time: 0:23:34 (0.0713 s / it)
     total_time 1416.379121541977
     Computing matching score time 0:23:36
### Zero-Shot ITM Score: 
+-------+--------+--------+--------+--------+--------+
| epoch |   R1   |   R5   |  R10   |  mAP   |  mINP  |
+-------+--------+--------+--------+--------+--------+
|  -999 | 63.014 | 79.484 | 85.041 | 40.411 | 10.184 |
|  -999 | 68.183 | 82.885 | 87.500 | 40.507 | 9.104  |
+-------+--------+--------+--------+--------+--------+
### TTA:
### Compute ITC Uncertainty
     preprocess_tta_coefficients  start
     sample selection ...
     number of sample after sample_selection: 19848
     uncertainty ...
     preprocess_tta_coefficients  end
### Creating tta dataset
     tta_dataset: 19848
### Creating tta dataloader
### be careful: func create_loader returns a list length of 1
     tta_loader: 620
### Configure adapted weights
     TTA Dropout Modules: 
 [('vision_encoder.pos_drop', Dropout(p=0.0, inplace=False), True), ('vision_encoder.layers.0.blocks.0.attn.attn_drop', Dropout(p=0.0, inplace=False), True), ('vision_encoder.layers.0.blocks.0.attn.proj_drop', Dropout(p=0.0, inplace=False), True), ('vision_encoder.layers.0.blocks.0.mlp.drop', Dropout(p=0.0, inplace=False), True), ('vision_encoder.layers.0.blocks.1.attn.attn_drop', Dropout(p=0.0, inplace=False), True), ('vision_encoder.layers.0.blocks.1.attn.proj_drop', Dropout(p=0.0, inplace=False), True), ('vision_encoder.layers.0.blocks.1.mlp.drop', Dropout(p=0.0, inplace=False), True), ('vision_encoder.layers.1.blocks.0.attn.attn_drop', Dropout(p=0.0, inplace=False), True), ('vision_encoder.layers.1.blocks.0.attn.proj_drop', Dropout(p=0.0, inplace=False), True), ('vision_encoder.layers.1.blocks.0.mlp.drop', Dropout(p=0.0, inplace=False), True), ('vision_encoder.layers.1.blocks.1.attn.attn_drop', Dropout(p=0.0, inplace=False), True), ('vision_encoder.layers.1.blocks.1.attn.proj_drop', Dropout(p=0.0, inplace=False), True), ('vision_encoder.layers.1.blocks.1.mlp.drop', Dropout(p=0.0, inplace=False), True), ('vision_encoder.layers.2.blocks.0.attn.attn_drop', Dropout(p=0.0, inplace=False), True), ('vision_encoder.layers.2.blocks.0.attn.proj_drop', Dropout(p=0.0, inplace=False), True), ('vision_encoder.layers.2.blocks.0.mlp.drop', Dropout(p=0.0, inplace=False), True), ('vision_encoder.layers.2.blocks.1.attn.attn_drop', Dropout(p=0.0, inplace=False), True), ('vision_encoder.layers.2.blocks.1.attn.proj_drop', Dropout(p=0.0, inplace=False), True), ('vision_encoder.layers.2.blocks.1.mlp.drop', Dropout(p=0.0, inplace=False), True), ('vision_encoder.layers.2.blocks.2.attn.attn_drop', Dropout(p=0.0, inplace=False), True), ('vision_encoder.layers.2.blocks.2.attn.proj_drop', Dropout(p=0.0, inplace=False), True), ('vision_encoder.layers.2.blocks.2.mlp.drop', Dropout(p=0.0, inplace=False), True), ('vision_encoder.layers.2.blocks.3.attn.attn_drop', Dropout(p=0.0, inplace=False), True), ('vision_encoder.layers.2.blocks.3.attn.proj_drop', Dropout(p=0.0, inplace=False), True), ('vision_encoder.layers.2.blocks.3.mlp.drop', Dropout(p=0.0, inplace=False), True), ('vision_encoder.layers.2.blocks.4.attn.attn_drop', Dropout(p=0.0, inplace=False), True), ('vision_encoder.layers.2.blocks.4.attn.proj_drop', Dropout(p=0.0, inplace=False), True), ('vision_encoder.layers.2.blocks.4.mlp.drop', Dropout(p=0.0, inplace=False), True), ('vision_encoder.layers.2.blocks.5.attn.attn_drop', Dropout(p=0.0, inplace=False), True), ('vision_encoder.layers.2.blocks.5.attn.proj_drop', Dropout(p=0.0, inplace=False), True), ('vision_encoder.layers.2.blocks.5.mlp.drop', Dropout(p=0.0, inplace=False), True), ('vision_encoder.layers.2.blocks.6.attn.attn_drop', Dropout(p=0.0, inplace=False), True), ('vision_encoder.layers.2.blocks.6.attn.proj_drop', Dropout(p=0.0, inplace=False), True), ('vision_encoder.layers.2.blocks.6.mlp.drop', Dropout(p=0.0, inplace=False), True), ('vision_encoder.layers.2.blocks.7.attn.attn_drop', Dropout(p=0.0, inplace=False), True), ('vision_encoder.layers.2.blocks.7.attn.proj_drop', Dropout(p=0.0, inplace=False), True), ('vision_encoder.layers.2.blocks.7.mlp.drop', Dropout(p=0.0, inplace=False), True), ('vision_encoder.layers.2.blocks.8.attn.attn_drop', Dropout(p=0.0, inplace=False), True), ('vision_encoder.layers.2.blocks.8.attn.proj_drop', Dropout(p=0.0, inplace=False), True), ('vision_encoder.layers.2.blocks.8.mlp.drop', Dropout(p=0.0, inplace=False), True), ('vision_encoder.layers.2.blocks.9.attn.attn_drop', Dropout(p=0.0, inplace=False), True), ('vision_encoder.layers.2.blocks.9.attn.proj_drop', Dropout(p=0.0, inplace=False), True), ('vision_encoder.layers.2.blocks.9.mlp.drop', Dropout(p=0.0, inplace=False), True), ('vision_encoder.layers.2.blocks.10.attn.attn_drop', Dropout(p=0.0, inplace=False), True), ('vision_encoder.layers.2.blocks.10.attn.proj_drop', Dropout(p=0.0, inplace=False), True), ('vision_encoder.layers.2.blocks.10.mlp.drop', Dropout(p=0.0, inplace=False), True), ('vision_encoder.layers.2.blocks.11.attn.attn_drop', Dropout(p=0.0, inplace=False), True), ('vision_encoder.layers.2.blocks.11.attn.proj_drop', Dropout(p=0.0, inplace=False), True), ('vision_encoder.layers.2.blocks.11.mlp.drop', Dropout(p=0.0, inplace=False), True), ('vision_encoder.layers.2.blocks.12.attn.attn_drop', Dropout(p=0.0, inplace=False), True), ('vision_encoder.layers.2.blocks.12.attn.proj_drop', Dropout(p=0.0, inplace=False), True), ('vision_encoder.layers.2.blocks.12.mlp.drop', Dropout(p=0.0, inplace=False), True), ('vision_encoder.layers.2.blocks.13.attn.attn_drop', Dropout(p=0.0, inplace=False), True), ('vision_encoder.layers.2.blocks.13.attn.proj_drop', Dropout(p=0.0, inplace=False), True), ('vision_encoder.layers.2.blocks.13.mlp.drop', Dropout(p=0.0, inplace=False), True), ('vision_encoder.layers.2.blocks.14.attn.attn_drop', Dropout(p=0.0, inplace=False), True), ('vision_encoder.layers.2.blocks.14.attn.proj_drop', Dropout(p=0.0, inplace=False), True), ('vision_encoder.layers.2.blocks.14.mlp.drop', Dropout(p=0.0, inplace=False), True), ('vision_encoder.layers.2.blocks.15.attn.attn_drop', Dropout(p=0.0, inplace=False), True), ('vision_encoder.layers.2.blocks.15.attn.proj_drop', Dropout(p=0.0, inplace=False), True), ('vision_encoder.layers.2.blocks.15.mlp.drop', Dropout(p=0.0, inplace=False), True), ('vision_encoder.layers.2.blocks.16.attn.attn_drop', Dropout(p=0.0, inplace=False), True), ('vision_encoder.layers.2.blocks.16.attn.proj_drop', Dropout(p=0.0, inplace=False), True), ('vision_encoder.layers.2.blocks.16.mlp.drop', Dropout(p=0.0, inplace=False), True), ('vision_encoder.layers.2.blocks.17.attn.attn_drop', Dropout(p=0.0, inplace=False), True), ('vision_encoder.layers.2.blocks.17.attn.proj_drop', Dropout(p=0.0, inplace=False), True), ('vision_encoder.layers.2.blocks.17.mlp.drop', Dropout(p=0.0, inplace=False), True), ('vision_encoder.layers.3.blocks.0.attn.attn_drop', Dropout(p=0.0, inplace=False), True), ('vision_encoder.layers.3.blocks.0.attn.proj_drop', Dropout(p=0.0, inplace=False), True), ('vision_encoder.layers.3.blocks.0.mlp.drop', Dropout(p=0.0, inplace=False), True), ('vision_encoder.layers.3.blocks.1.attn.attn_drop', Dropout(p=0.0, inplace=False), True), ('vision_encoder.layers.3.blocks.1.attn.proj_drop', Dropout(p=0.0, inplace=False), True), ('vision_encoder.layers.3.blocks.1.mlp.drop', Dropout(p=0.0, inplace=False), True), ('text_encoder.bert.embeddings.dropout', Dropout(p=0.1, inplace=False), True), ('text_encoder.bert.encoder.layer.0.attention.self.dropout', Dropout(p=0.1, inplace=False), True), ('text_encoder.bert.encoder.layer.0.attention.output.dropout', Dropout(p=0.1, inplace=False), True), ('text_encoder.bert.encoder.layer.0.output.dropout', Dropout(p=0.1, inplace=False), True), ('text_encoder.bert.encoder.layer.1.attention.self.dropout', Dropout(p=0.1, inplace=False), True), ('text_encoder.bert.encoder.layer.1.attention.output.dropout', Dropout(p=0.1, inplace=False), True), ('text_encoder.bert.encoder.layer.1.output.dropout', Dropout(p=0.1, inplace=False), True), ('text_encoder.bert.encoder.layer.2.attention.self.dropout', Dropout(p=0.1, inplace=False), True), ('text_encoder.bert.encoder.layer.2.attention.output.dropout', Dropout(p=0.1, inplace=False), True), ('text_encoder.bert.encoder.layer.2.output.dropout', Dropout(p=0.1, inplace=False), True), ('text_encoder.bert.encoder.layer.3.attention.self.dropout', Dropout(p=0.1, inplace=False), True), ('text_encoder.bert.encoder.layer.3.attention.output.dropout', Dropout(p=0.1, inplace=False), True), ('text_encoder.bert.encoder.layer.3.output.dropout', Dropout(p=0.1, inplace=False), True), ('text_encoder.bert.encoder.layer.4.attention.self.dropout', Dropout(p=0.1, inplace=False), True), ('text_encoder.bert.encoder.layer.4.attention.output.dropout', Dropout(p=0.1, inplace=False), True), ('text_encoder.bert.encoder.layer.4.output.dropout', Dropout(p=0.1, inplace=False), True), ('text_encoder.bert.encoder.layer.5.attention.self.dropout', Dropout(p=0.1, inplace=False), True), ('text_encoder.bert.encoder.layer.5.attention.output.dropout', Dropout(p=0.1, inplace=False), True), ('text_encoder.bert.encoder.layer.5.output.dropout', Dropout(p=0.1, inplace=False), True), ('text_encoder.bert.encoder.layer.6.attention.self.dropout', Dropout(p=0.1, inplace=False), True), ('text_encoder.bert.encoder.layer.6.attention.output.dropout', Dropout(p=0.1, inplace=False), True), ('text_encoder.bert.encoder.layer.6.crossattention.self.dropout', Dropout(p=0.1, inplace=False), True), ('text_encoder.bert.encoder.layer.6.crossattention.output.dropout', Dropout(p=0.1, inplace=False), True), ('text_encoder.bert.encoder.layer.6.output.dropout', Dropout(p=0.1, inplace=False), True), ('text_encoder.bert.encoder.layer.7.attention.self.dropout', Dropout(p=0.1, inplace=False), True), ('text_encoder.bert.encoder.layer.7.attention.output.dropout', Dropout(p=0.1, inplace=False), True), ('text_encoder.bert.encoder.layer.7.crossattention.self.dropout', Dropout(p=0.1, inplace=False), True), ('text_encoder.bert.encoder.layer.7.crossattention.output.dropout', Dropout(p=0.1, inplace=False), True), ('text_encoder.bert.encoder.layer.7.output.dropout', Dropout(p=0.1, inplace=False), True), ('text_encoder.bert.encoder.layer.8.attention.self.dropout', Dropout(p=0.1, inplace=False), True), ('text_encoder.bert.encoder.layer.8.attention.output.dropout', Dropout(p=0.1, inplace=False), True), ('text_encoder.bert.encoder.layer.8.crossattention.self.dropout', Dropout(p=0.1, inplace=False), True), ('text_encoder.bert.encoder.layer.8.crossattention.output.dropout', Dropout(p=0.1, inplace=False), True), ('text_encoder.bert.encoder.layer.8.output.dropout', Dropout(p=0.1, inplace=False), True), ('text_encoder.bert.encoder.layer.9.attention.self.dropout', Dropout(p=0.1, inplace=False), True), ('text_encoder.bert.encoder.layer.9.attention.output.dropout', Dropout(p=0.1, inplace=False), True), ('text_encoder.bert.encoder.layer.9.crossattention.self.dropout', Dropout(p=0.1, inplace=False), True), ('text_encoder.bert.encoder.layer.9.crossattention.output.dropout', Dropout(p=0.1, inplace=False), True), ('text_encoder.bert.encoder.layer.9.output.dropout', Dropout(p=0.1, inplace=False), True), ('text_encoder.bert.encoder.layer.10.attention.self.dropout', Dropout(p=0.1, inplace=False), True), ('text_encoder.bert.encoder.layer.10.attention.output.dropout', Dropout(p=0.1, inplace=False), True), ('text_encoder.bert.encoder.layer.10.crossattention.self.dropout', Dropout(p=0.1, inplace=False), True), ('text_encoder.bert.encoder.layer.10.crossattention.output.dropout', Dropout(p=0.1, inplace=False), True), ('text_encoder.bert.encoder.layer.10.output.dropout', Dropout(p=0.1, inplace=False), True), ('text_encoder.bert.encoder.layer.11.attention.self.dropout', Dropout(p=0.1, inplace=False), True), ('text_encoder.bert.encoder.layer.11.attention.output.dropout', Dropout(p=0.1, inplace=False), True), ('text_encoder.bert.encoder.layer.11.crossattention.self.dropout', Dropout(p=0.1, inplace=False), True), ('text_encoder.bert.encoder.layer.11.crossattention.output.dropout', Dropout(p=0.1, inplace=False), True), ('text_encoder.bert.encoder.layer.11.output.dropout', Dropout(p=0.1, inplace=False), True)]
     TTA Require Gradient Params: 
 [('text_encoder.bert.embeddings.LayerNorm.weight', torch.Size([768])), ('text_encoder.bert.embeddings.LayerNorm.bias', torch.Size([768])), ('text_encoder.bert.encoder.layer.6.attention.output.LayerNorm.weight', torch.Size([768])), ('text_encoder.bert.encoder.layer.6.attention.output.LayerNorm.bias', torch.Size([768])), ('text_encoder.bert.encoder.layer.6.crossattention.output.LayerNorm.weight', torch.Size([768])), ('text_encoder.bert.encoder.layer.6.crossattention.output.LayerNorm.bias', torch.Size([768])), ('text_encoder.bert.encoder.layer.6.output.LayerNorm.weight', torch.Size([768])), ('text_encoder.bert.encoder.layer.6.output.LayerNorm.bias', torch.Size([768])), ('text_encoder.bert.encoder.layer.7.attention.output.LayerNorm.weight', torch.Size([768])), ('text_encoder.bert.encoder.layer.7.attention.output.LayerNorm.bias', torch.Size([768])), ('text_encoder.bert.encoder.layer.7.crossattention.output.LayerNorm.weight', torch.Size([768])), ('text_encoder.bert.encoder.layer.7.crossattention.output.LayerNorm.bias', torch.Size([768])), ('text_encoder.bert.encoder.layer.7.output.LayerNorm.weight', torch.Size([768])), ('text_encoder.bert.encoder.layer.7.output.LayerNorm.bias', torch.Size([768])), ('text_encoder.bert.encoder.layer.8.attention.output.LayerNorm.weight', torch.Size([768])), ('text_encoder.bert.encoder.layer.8.attention.output.LayerNorm.bias', torch.Size([768])), ('text_encoder.bert.encoder.layer.8.crossattention.output.LayerNorm.weight', torch.Size([768])), ('text_encoder.bert.encoder.layer.8.crossattention.output.LayerNorm.bias', torch.Size([768])), ('text_encoder.bert.encoder.layer.8.output.LayerNorm.weight', torch.Size([768])), ('text_encoder.bert.encoder.layer.8.output.LayerNorm.bias', torch.Size([768])), ('text_encoder.bert.encoder.layer.9.attention.output.LayerNorm.weight', torch.Size([768])), ('text_encoder.bert.encoder.layer.9.attention.output.LayerNorm.bias', torch.Size([768])), ('text_encoder.bert.encoder.layer.9.crossattention.output.LayerNorm.weight', torch.Size([768])), ('text_encoder.bert.encoder.layer.9.crossattention.output.LayerNorm.bias', torch.Size([768])), ('text_encoder.bert.encoder.layer.9.output.LayerNorm.weight', torch.Size([768])), ('text_encoder.bert.encoder.layer.9.output.LayerNorm.bias', torch.Size([768])), ('text_encoder.bert.encoder.layer.10.attention.output.LayerNorm.weight', torch.Size([768])), ('text_encoder.bert.encoder.layer.10.attention.output.LayerNorm.bias', torch.Size([768])), ('text_encoder.bert.encoder.layer.10.crossattention.output.LayerNorm.weight', torch.Size([768])), ('text_encoder.bert.encoder.layer.10.crossattention.output.LayerNorm.bias', torch.Size([768])), ('text_encoder.bert.encoder.layer.10.output.LayerNorm.weight', torch.Size([768])), ('text_encoder.bert.encoder.layer.10.output.LayerNorm.bias', torch.Size([768])), ('text_encoder.bert.encoder.layer.11.attention.output.LayerNorm.weight', torch.Size([768])), ('text_encoder.bert.encoder.layer.11.attention.output.LayerNorm.bias', torch.Size([768])), ('text_encoder.bert.encoder.layer.11.crossattention.output.LayerNorm.weight', torch.Size([768])), ('text_encoder.bert.encoder.layer.11.crossattention.output.LayerNorm.bias', torch.Size([768])), ('text_encoder.bert.encoder.layer.11.output.LayerNorm.weight', torch.Size([768])), ('text_encoder.bert.encoder.layer.11.output.LayerNorm.bias', torch.Size([768])), ('text_encoder.cls.predictions.transform.LayerNorm.weight', torch.Size([768])), ('text_encoder.cls.predictions.transform.LayerNorm.bias', torch.Size([768])), ('itm_head.1.weight', torch.Size([1536])), ('itm_head.1.bias', torch.Size([1536]))]
     TTA Dropout Modules Number: 
 122
     TTA Require Gradient Params Sum: 
 33792
     lr:  0.0001    lr_mult:  2
     model has 'init_params',  363
     num_tta_steps:  18630
     num_warmup_steps:  100
     sched: step
### Start ITM Test Time Adaptation
      TTA Epoch: [0] [  0/620]  eta: 0:18:34  lr: 0.000001  entropy: 1.1474  loss: 1.1474  time: 1.7974  data: 1.4935  max mem: 11815
      TTA Epoch: [0] [100/620]  eta: 0:00:53  lr: 0.000100  entropy: 0.9047  loss: 0.9047  time: 0.0848  data: 0.0002  max mem: 11815
      TTA Epoch: [0] [200/620]  eta: 0:00:40  lr: 0.000099  entropy: 0.5164  loss: 0.5164  time: 0.0978  data: 0.0003  max mem: 11815
      TTA Epoch: [0] [300/620]  eta: 0:00:30  lr: 0.000099  entropy: 0.5441  loss: 0.5441  time: 0.0858  data: 0.0002  max mem: 11815
      TTA Epoch: [0] [400/620]  eta: 0:00:20  lr: 0.000049  entropy: 0.5133  loss: 0.5133  time: 0.0847  data: 0.0002  max mem: 11815
      TTA Epoch: [0] [500/620]  eta: 0:00:11  lr: 0.000049  entropy: 0.3141  loss: 0.3141  time: 0.0829  data: 0.0002  max mem: 11815
      TTA Epoch: [0] [600/620]  eta: 0:00:01  lr: 0.000049  entropy: 0.2644  loss: 0.2644  time: 0.0905  data: 0.0002  max mem: 11815
      TTA Epoch: [0] [619/620]  eta: 0:00:00  lr: 0.000049  entropy: 0.3122  loss: 0.3122  time: 0.0856  data: 0.0004  max mem: 11815
      TTA Epoch: [0] Total time: 0:00:56 (0.0914 s / it)
     Averaged stats: lr: 0.0001  entropy: 0.5687  loss: 0.5687
     itm tta time 0:00:57
     Computing matching score
      ITM Evaluation: [    0/19848]  eta: 0:40:50    time: 0.1235  data: 0.0366  max mem: 11815
      ITM Evaluation: [  100/19848]  eta: 0:24:56    time: 0.0706  data: 0.0000  max mem: 11815
      ITM Evaluation: [  200/19848]  eta: 0:23:48    time: 0.0676  data: 0.0000  max mem: 11815
      ITM Evaluation: [  300/19848]  eta: 0:23:11    time: 0.0681  data: 0.0000  max mem: 11815
      ITM Evaluation: [  400/19848]  eta: 0:22:55    time: 0.0696  data: 0.0000  max mem: 11815
      ITM Evaluation: [  500/19848]  eta: 0:22:42    time: 0.0694  data: 0.0000  max mem: 11815
      ITM Evaluation: [  600/19848]  eta: 0:22:43    time: 0.0777  data: 0.0000  max mem: 11815
      ITM Evaluation: [  700/19848]  eta: 0:22:48    time: 0.0722  data: 0.0000  max mem: 11815
      ITM Evaluation: [  800/19848]  eta: 0:22:41    time: 0.0704  data: 0.0000  max mem: 11815
      ITM Evaluation: [  900/19848]  eta: 0:22:30    time: 0.0706  data: 0.0000  max mem: 11815
      ITM Evaluation: [ 1000/19848]  eta: 0:22:17    time: 0.0649  data: 0.0000  max mem: 11815
      ITM Evaluation: [ 1100/19848]  eta: 0:22:02    time: 0.0669  data: 0.0000  max mem: 11815
      ITM Evaluation: [ 1200/19848]  eta: 0:21:49    time: 0.0650  data: 0.0000  max mem: 11815
      ITM Evaluation: [ 1300/19848]  eta: 0:21:40    time: 0.0705  data: 0.0000  max mem: 11815
      ITM Evaluation: [ 1400/19848]  eta: 0:21:33    time: 0.0701  data: 0.0000  max mem: 11815
      ITM Evaluation: [ 1500/19848]  eta: 0:21:24    time: 0.0705  data: 0.0000  max mem: 11815
      ITM Evaluation: [ 1600/19848]  eta: 0:21:17    time: 0.0694  data: 0.0000  max mem: 11815
      ITM Evaluation: [ 1700/19848]  eta: 0:21:12    time: 0.0709  data: 0.0000  max mem: 11815
      ITM Evaluation: [ 1800/19848]  eta: 0:21:08    time: 0.0736  data: 0.0000  max mem: 11815
      ITM Evaluation: [ 1900/19848]  eta: 0:21:09    time: 0.0756  data: 0.0000  max mem: 11815
      ITM Evaluation: [ 2000/19848]  eta: 0:21:01    time: 0.0704  data: 0.0000  max mem: 11815
      ITM Evaluation: [ 2100/19848]  eta: 0:20:53    time: 0.0709  data: 0.0000  max mem: 11815
      ITM Evaluation: [ 2200/19848]  eta: 0:20:47    time: 0.0668  data: 0.0000  max mem: 11815
      ITM Evaluation: [ 2300/19848]  eta: 0:20:38    time: 0.0683  data: 0.0000  max mem: 11815
      ITM Evaluation: [ 2400/19848]  eta: 0:20:31    time: 0.0740  data: 0.0000  max mem: 11815
      ITM Evaluation: [ 2500/19848]  eta: 0:20:26    time: 0.0761  data: 0.0000  max mem: 11815
      ITM Evaluation: [ 2600/19848]  eta: 0:20:21    time: 0.0706  data: 0.0000  max mem: 11815
      ITM Evaluation: [ 2700/19848]  eta: 0:20:15    time: 0.0741  data: 0.0000  max mem: 11815
      ITM Evaluation: [ 2800/19848]  eta: 0:20:07    time: 0.0694  data: 0.0000  max mem: 11815
      ITM Evaluation: [ 2900/19848]  eta: 0:19:59    time: 0.0696  data: 0.0000  max mem: 11815
      ITM Evaluation: [ 3000/19848]  eta: 0:19:51    time: 0.0694  data: 0.0000  max mem: 11815
      ITM Evaluation: [ 3100/19848]  eta: 0:19:45    time: 0.0761  data: 0.0000  max mem: 11815
      ITM Evaluation: [ 3200/19848]  eta: 0:19:40    time: 0.0732  data: 0.0000  max mem: 11815
      ITM Evaluation: [ 3300/19848]  eta: 0:19:34    time: 0.0701  data: 0.0000  max mem: 11815
      ITM Evaluation: [ 3400/19848]  eta: 0:19:26    time: 0.0667  data: 0.0000  max mem: 11815
      ITM Evaluation: [ 3500/19848]  eta: 0:19:18    time: 0.0691  data: 0.0000  max mem: 11815
      ITM Evaluation: [ 3600/19848]  eta: 0:19:10    time: 0.0700  data: 0.0000  max mem: 11815
      ITM Evaluation: [ 3700/19848]  eta: 0:19:04    time: 0.0764  data: 0.0000  max mem: 11815
      ITM Evaluation: [ 3800/19848]  eta: 0:18:58    time: 0.0787  data: 0.0000  max mem: 11815
      ITM Evaluation: [ 3900/19848]  eta: 0:18:53    time: 0.0723  data: 0.0000  max mem: 11815
      ITM Evaluation: [ 4000/19848]  eta: 0:18:45    time: 0.0698  data: 0.0000  max mem: 11815
      ITM Evaluation: [ 4100/19848]  eta: 0:18:37    time: 0.0712  data: 0.0000  max mem: 11815
      ITM Evaluation: [ 4200/19848]  eta: 0:18:31    time: 0.0741  data: 0.0000  max mem: 11815
      ITM Evaluation: [ 4300/19848]  eta: 0:18:25    time: 0.0717  data: 0.0000  max mem: 11815
      ITM Evaluation: [ 4400/19848]  eta: 0:18:18    time: 0.0745  data: 0.0000  max mem: 11815
      ITM Evaluation: [ 4500/19848]  eta: 0:18:12    time: 0.0777  data: 0.0000  max mem: 11815
      ITM Evaluation: [ 4600/19848]  eta: 0:18:06    time: 0.0721  data: 0.0000  max mem: 11815
      ITM Evaluation: [ 4700/19848]  eta: 0:18:00    time: 0.0757  data: 0.0000  max mem: 11815
      ITM Evaluation: [ 4800/19848]  eta: 0:17:54    time: 0.0723  data: 0.0000  max mem: 11815
      ITM Evaluation: [ 4900/19848]  eta: 0:17:46    time: 0.0698  data: 0.0000  max mem: 11815
      ITM Evaluation: [ 5000/19848]  eta: 0:17:39    time: 0.0716  data: 0.0000  max mem: 11815
      ITM Evaluation: [ 5100/19848]  eta: 0:17:32    time: 0.0783  data: 0.0000  max mem: 11815
      ITM Evaluation: [ 5200/19848]  eta: 0:17:25    time: 0.0787  data: 0.0000  max mem: 11815
      ITM Evaluation: [ 5300/19848]  eta: 0:17:20    time: 0.0744  data: 0.0000  max mem: 11815
      ITM Evaluation: [ 5400/19848]  eta: 0:17:14    time: 0.0763  data: 0.0000  max mem: 11815
      ITM Evaluation: [ 5500/19848]  eta: 0:17:07    time: 0.0751  data: 0.0000  max mem: 11815
      ITM Evaluation: [ 5600/19848]  eta: 0:17:01    time: 0.0735  data: 0.0000  max mem: 11815
      ITM Evaluation: [ 5700/19848]  eta: 0:16:54    time: 0.0795  data: 0.0000  max mem: 11815
      ITM Evaluation: [ 5800/19848]  eta: 0:16:49    time: 0.0759  data: 0.0000  max mem: 11815
      ITM Evaluation: [ 5900/19848]  eta: 0:16:42    time: 0.0746  data: 0.0000  max mem: 11815
      ITM Evaluation: [ 6000/19848]  eta: 0:16:35    time: 0.0722  data: 0.0000  max mem: 11815
      ITM Evaluation: [ 6100/19848]  eta: 0:16:28    time: 0.0744  data: 0.0000  max mem: 11815
      ITM Evaluation: [ 6200/19848]  eta: 0:16:21    time: 0.0787  data: 0.0000  max mem: 11815
      ITM Evaluation: [ 6300/19848]  eta: 0:16:15    time: 0.0756  data: 0.0000  max mem: 11815
      ITM Evaluation: [ 6400/19848]  eta: 0:16:09    time: 0.0778  data: 0.0000  max mem: 11815
      ITM Evaluation: [ 6500/19848]  eta: 0:16:02    time: 0.0725  data: 0.0000  max mem: 11815
      ITM Evaluation: [ 6600/19848]  eta: 0:15:55    time: 0.0719  data: 0.0000  max mem: 11815
      ITM Evaluation: [ 6700/19848]  eta: 0:15:48    time: 0.0798  data: 0.0000  max mem: 11815
      ITM Evaluation: [ 6800/19848]  eta: 0:15:41    time: 0.0702  data: 0.0000  max mem: 11815
      ITM Evaluation: [ 6900/19848]  eta: 0:15:34    time: 0.0720  data: 0.0000  max mem: 11815
      ITM Evaluation: [ 7000/19848]  eta: 0:15:27    time: 0.0733  data: 0.0000  max mem: 11815
      ITM Evaluation: [ 7100/19848]  eta: 0:15:20    time: 0.0747  data: 0.0000  max mem: 11815
      ITM Evaluation: [ 7200/19848]  eta: 0:15:13    time: 0.0768  data: 0.0000  max mem: 11815
      ITM Evaluation: [ 7300/19848]  eta: 0:15:06    time: 0.0718  data: 0.0000  max mem: 11815
      ITM Evaluation: [ 7400/19848]  eta: 0:14:59    time: 0.0709  data: 0.0000  max mem: 11815
      ITM Evaluation: [ 7500/19848]  eta: 0:14:52    time: 0.0718  data: 0.0000  max mem: 11815
      ITM Evaluation: [ 7600/19848]  eta: 0:14:45    time: 0.0736  data: 0.0000  max mem: 11815
      ITM Evaluation: [ 7700/19848]  eta: 0:14:38    time: 0.0842  data: 0.0000  max mem: 11815
      ITM Evaluation: [ 7800/19848]  eta: 0:14:32    time: 0.0755  data: 0.0000  max mem: 11815
      ITM Evaluation: [ 7900/19848]  eta: 0:14:24    time: 0.0712  data: 0.0000  max mem: 11815
      ITM Evaluation: [ 8000/19848]  eta: 0:14:17    time: 0.0741  data: 0.0000  max mem: 11815
      ITM Evaluation: [ 8100/19848]  eta: 0:14:09    time: 0.0695  data: 0.0000  max mem: 11815
      ITM Evaluation: [ 8200/19848]  eta: 0:14:02    time: 0.0767  data: 0.0000  max mem: 11815
      ITM Evaluation: [ 8300/19848]  eta: 0:13:55    time: 0.0713  data: 0.0000  max mem: 11815
      ITM Evaluation: [ 8400/19848]  eta: 0:13:49    time: 0.0798  data: 0.0000  max mem: 11815
      ITM Evaluation: [ 8500/19848]  eta: 0:13:41    time: 0.0702  data: 0.0000  max mem: 11815
      ITM Evaluation: [ 8600/19848]  eta: 0:13:34    time: 0.0703  data: 0.0000  max mem: 11815
      ITM Evaluation: [ 8700/19848]  eta: 0:13:26    time: 0.0697  data: 0.0000  max mem: 11815
      ITM Evaluation: [ 8800/19848]  eta: 0:13:19    time: 0.0710  data: 0.0000  max mem: 11815
      ITM Evaluation: [ 8900/19848]  eta: 0:13:11    time: 0.0730  data: 0.0000  max mem: 11815
      ITM Evaluation: [ 9000/19848]  eta: 0:13:04    time: 0.0759  data: 0.0000  max mem: 11815
      ITM Evaluation: [ 9100/19848]  eta: 0:12:58    time: 0.0764  data: 0.0000  max mem: 11815
      ITM Evaluation: [ 9200/19848]  eta: 0:12:50    time: 0.0747  data: 0.0000  max mem: 11815
      ITM Evaluation: [ 9300/19848]  eta: 0:12:43    time: 0.0706  data: 0.0000  max mem: 11815
      ITM Evaluation: [ 9400/19848]  eta: 0:12:35    time: 0.0735  data: 0.0000  max mem: 11815
      ITM Evaluation: [ 9500/19848]  eta: 0:12:28    time: 0.0748  data: 0.0000  max mem: 11815
      ITM Evaluation: [ 9600/19848]  eta: 0:12:21    time: 0.0707  data: 0.0000  max mem: 11815
      ITM Evaluation: [ 9700/19848]  eta: 0:12:13    time: 0.0667  data: 0.0000  max mem: 11815
      ITM Evaluation: [ 9800/19848]  eta: 0:12:06    time: 0.0668  data: 0.0000  max mem: 11815
      ITM Evaluation: [ 9900/19848]  eta: 0:11:58    time: 0.0688  data: 0.0000  max mem: 11815
      ITM Evaluation: [10000/19848]  eta: 0:11:51    time: 0.0680  data: 0.0000  max mem: 11815
      ITM Evaluation: [10100/19848]  eta: 0:11:43    time: 0.0732  data: 0.0000  max mem: 11815
      ITM Evaluation: [10200/19848]  eta: 0:11:36    time: 0.0738  data: 0.0000  max mem: 11815
      ITM Evaluation: [10300/19848]  eta: 0:11:29    time: 0.0695  data: 0.0000  max mem: 11815
      ITM Evaluation: [10400/19848]  eta: 0:11:22    time: 0.0683  data: 0.0000  max mem: 11815
      ITM Evaluation: [10500/19848]  eta: 0:11:14    time: 0.0676  data: 0.0000  max mem: 11815
      ITM Evaluation: [10600/19848]  eta: 0:11:06    time: 0.0686  data: 0.0000  max mem: 11815
      ITM Evaluation: [10700/19848]  eta: 0:10:59    time: 0.0708  data: 0.0000  max mem: 11815
      ITM Evaluation: [10800/19848]  eta: 0:10:52    time: 0.0782  data: 0.0000  max mem: 11815
      ITM Evaluation: [10900/19848]  eta: 0:10:45    time: 0.0657  data: 0.0000  max mem: 11815
      ITM Evaluation: [11000/19848]  eta: 0:10:37    time: 0.0672  data: 0.0000  max mem: 11815
      ITM Evaluation: [11100/19848]  eta: 0:10:30    time: 0.0694  data: 0.0000  max mem: 11815
      ITM Evaluation: [11200/19848]  eta: 0:10:22    time: 0.0667  data: 0.0000  max mem: 11815
      ITM Evaluation: [11300/19848]  eta: 0:10:14    time: 0.0684  data: 0.0000  max mem: 11815
      ITM Evaluation: [11400/19848]  eta: 0:10:07    time: 0.0726  data: 0.0000  max mem: 11815
      ITM Evaluation: [11500/19848]  eta: 0:10:00    time: 0.0707  data: 0.0000  max mem: 11815
      ITM Evaluation: [11600/19848]  eta: 0:09:53    time: 0.0662  data: 0.0000  max mem: 11815
      ITM Evaluation: [11700/19848]  eta: 0:09:45    time: 0.0680  data: 0.0000  max mem: 11815
      ITM Evaluation: [11800/19848]  eta: 0:09:38    time: 0.0677  data: 0.0000  max mem: 11815
      ITM Evaluation: [11900/19848]  eta: 0:09:31    time: 0.0696  data: 0.0000  max mem: 11815
      ITM Evaluation: [12000/19848]  eta: 0:09:23    time: 0.0663  data: 0.0000  max mem: 11815
      ITM Evaluation: [12100/19848]  eta: 0:09:16    time: 0.0706  data: 0.0000  max mem: 11815
      ITM Evaluation: [12200/19848]  eta: 0:09:09    time: 0.0715  data: 0.0000  max mem: 11815
      ITM Evaluation: [12300/19848]  eta: 0:09:01    time: 0.0682  data: 0.0000  max mem: 11815
      ITM Evaluation: [12400/19848]  eta: 0:08:54    time: 0.0743  data: 0.0000  max mem: 11815
      ITM Evaluation: [12500/19848]  eta: 0:08:46    time: 0.0658  data: 0.0000  max mem: 11815
      ITM Evaluation: [12600/19848]  eta: 0:08:39    time: 0.0654  data: 0.0000  max mem: 11815
      ITM Evaluation: [12700/19848]  eta: 0:08:31    time: 0.0653  data: 0.0000  max mem: 11815
      ITM Evaluation: [12800/19848]  eta: 0:08:24    time: 0.0779  data: 0.0000  max mem: 11815
      ITM Evaluation: [12900/19848]  eta: 0:08:17    time: 0.0699  data: 0.0000  max mem: 11815
      ITM Evaluation: [13000/19848]  eta: 0:08:10    time: 0.0687  data: 0.0000  max mem: 11815
      ITM Evaluation: [13100/19848]  eta: 0:08:03    time: 0.0685  data: 0.0000  max mem: 11815
      ITM Evaluation: [13200/19848]  eta: 0:07:55    time: 0.0682  data: 0.0000  max mem: 11815
      ITM Evaluation: [13300/19848]  eta: 0:07:48    time: 0.0692  data: 0.0000  max mem: 11815
      ITM Evaluation: [13400/19848]  eta: 0:07:41    time: 0.0684  data: 0.0000  max mem: 11815
      ITM Evaluation: [13500/19848]  eta: 0:07:34    time: 0.0734  data: 0.0000  max mem: 11815
      ITM Evaluation: [13600/19848]  eta: 0:07:26    time: 0.0690  data: 0.0000  max mem: 11815
      ITM Evaluation: [13700/19848]  eta: 0:07:19    time: 0.0679  data: 0.0000  max mem: 11815
      ITM Evaluation: [13800/19848]  eta: 0:07:12    time: 0.0697  data: 0.0000  max mem: 11815
      ITM Evaluation: [13900/19848]  eta: 0:07:04    time: 0.0671  data: 0.0000  max mem: 11815
      ITM Evaluation: [14000/19848]  eta: 0:06:57    time: 0.0742  data: 0.0000  max mem: 11815
      ITM Evaluation: [14100/19848]  eta: 0:06:50    time: 0.0649  data: 0.0000  max mem: 11815
      ITM Evaluation: [14200/19848]  eta: 0:06:43    time: 0.0727  data: 0.0000  max mem: 11815
      ITM Evaluation: [14300/19848]  eta: 0:06:36    time: 0.0679  data: 0.0000  max mem: 11815
      ITM Evaluation: [14400/19848]  eta: 0:06:28    time: 0.0689  data: 0.0000  max mem: 11815
      ITM Evaluation: [14500/19848]  eta: 0:06:21    time: 0.0761  data: 0.0000  max mem: 11815
      ITM Evaluation: [14600/19848]  eta: 0:06:14    time: 0.0727  data: 0.0000  max mem: 11815
      ITM Evaluation: [14700/19848]  eta: 0:06:07    time: 0.0686  data: 0.0000  max mem: 11815
      ITM Evaluation: [14800/19848]  eta: 0:06:00    time: 0.0726  data: 0.0000  max mem: 11815
      ITM Evaluation: [14900/19848]  eta: 0:05:53    time: 0.0794  data: 0.0000  max mem: 11815
      ITM Evaluation: [15000/19848]  eta: 0:05:46    time: 0.0728  data: 0.0000  max mem: 11815
      ITM Evaluation: [15100/19848]  eta: 0:05:39    time: 0.0669  data: 0.0000  max mem: 11815
      ITM Evaluation: [15200/19848]  eta: 0:05:32    time: 0.0720  data: 0.0000  max mem: 11815
      ITM Evaluation: [15300/19848]  eta: 0:05:24    time: 0.0713  data: 0.0000  max mem: 11815
      ITM Evaluation: [15400/19848]  eta: 0:05:17    time: 0.0754  data: 0.0000  max mem: 11815
      ITM Evaluation: [15500/19848]  eta: 0:05:10    time: 0.0781  data: 0.0000  max mem: 11815
      ITM Evaluation: [15600/19848]  eta: 0:05:03    time: 0.0708  data: 0.0000  max mem: 11815
      ITM Evaluation: [15700/19848]  eta: 0:04:56    time: 0.0695  data: 0.0000  max mem: 11815
      ITM Evaluation: [15800/19848]  eta: 0:04:49    time: 0.0686  data: 0.0000  max mem: 11815
      ITM Evaluation: [15900/19848]  eta: 0:04:42    time: 0.0709  data: 0.0000  max mem: 11815
      ITM Evaluation: [16000/19848]  eta: 0:04:34    time: 0.0741  data: 0.0000  max mem: 11815
      ITM Evaluation: [16100/19848]  eta: 0:04:27    time: 0.0766  data: 0.0000  max mem: 11815
      ITM Evaluation: [16200/19848]  eta: 0:04:20    time: 0.0794  data: 0.0000  max mem: 11815
      ITM Evaluation: [16300/19848]  eta: 0:04:13    time: 0.0657  data: 0.0000  max mem: 11815
      ITM Evaluation: [16400/19848]  eta: 0:04:06    time: 0.0670  data: 0.0000  max mem: 11815
      ITM Evaluation: [16500/19848]  eta: 0:03:59    time: 0.0693  data: 0.0000  max mem: 11815
      ITM Evaluation: [16600/19848]  eta: 0:03:51    time: 0.0737  data: 0.0000  max mem: 11815
      ITM Evaluation: [16700/19848]  eta: 0:03:44    time: 0.0708  data: 0.0000  max mem: 11815
      ITM Evaluation: [16800/19848]  eta: 0:03:37    time: 0.0737  data: 0.0000  max mem: 11815
      ITM Evaluation: [16900/19848]  eta: 0:03:30    time: 0.0737  data: 0.0000  max mem: 11815
      ITM Evaluation: [17000/19848]  eta: 0:03:23    time: 0.0712  data: 0.0000  max mem: 11815
      ITM Evaluation: [17100/19848]  eta: 0:03:16    time: 0.0776  data: 0.0000  max mem: 11815
      ITM Evaluation: [17200/19848]  eta: 0:03:09    time: 0.0705  data: 0.0000  max mem: 11815
      ITM Evaluation: [17300/19848]  eta: 0:03:01    time: 0.0709  data: 0.0000  max mem: 11815
      ITM Evaluation: [17400/19848]  eta: 0:02:54    time: 0.0759  data: 0.0000  max mem: 11815
      ITM Evaluation: [17500/19848]  eta: 0:02:47    time: 0.0726  data: 0.0000  max mem: 11815
      ITM Evaluation: [17600/19848]  eta: 0:02:40    time: 0.0742  data: 0.0000  max mem: 11815
      ITM Evaluation: [17700/19848]  eta: 0:02:33    time: 0.0720  data: 0.0000  max mem: 11815
      ITM Evaluation: [17800/19848]  eta: 0:02:26    time: 0.0724  data: 0.0000  max mem: 11815
      ITM Evaluation: [17900/19848]  eta: 0:02:19    time: 0.0720  data: 0.0000  max mem: 11815
      ITM Evaluation: [18000/19848]  eta: 0:02:12    time: 0.0717  data: 0.0000  max mem: 11815
      ITM Evaluation: [18100/19848]  eta: 0:02:04    time: 0.0748  data: 0.0000  max mem: 11815
      ITM Evaluation: [18200/19848]  eta: 0:01:57    time: 0.0737  data: 0.0000  max mem: 11815
      ITM Evaluation: [18300/19848]  eta: 0:01:50    time: 0.0716  data: 0.0000  max mem: 11815
      ITM Evaluation: [18400/19848]  eta: 0:01:43    time: 0.0719  data: 0.0000  max mem: 11815
      ITM Evaluation: [18500/19848]  eta: 0:01:36    time: 0.0722  data: 0.0000  max mem: 11815
      ITM Evaluation: [18600/19848]  eta: 0:01:29    time: 0.0776  data: 0.0000  max mem: 11815
      ITM Evaluation: [18700/19848]  eta: 0:01:22    time: 0.0757  data: 0.0000  max mem: 11815
      ITM Evaluation: [18800/19848]  eta: 0:01:14    time: 0.0778  data: 0.0000  max mem: 11815
      ITM Evaluation: [18900/19848]  eta: 0:01:07    time: 0.0729  data: 0.0000  max mem: 11815
      ITM Evaluation: [19000/19848]  eta: 0:01:00    time: 0.0716  data: 0.0000  max mem: 11815
      ITM Evaluation: [19100/19848]  eta: 0:00:53    time: 0.0791  data: 0.0000  max mem: 11815
      ITM Evaluation: [19200/19848]  eta: 0:00:46    time: 0.0721  data: 0.0000  max mem: 11815
      ITM Evaluation: [19300/19848]  eta: 0:00:39    time: 0.0740  data: 0.0000  max mem: 11815
      ITM Evaluation: [19400/19848]  eta: 0:00:32    time: 0.0796  data: 0.0000  max mem: 11815
      ITM Evaluation: [19500/19848]  eta: 0:00:24    time: 0.0771  data: 0.0000  max mem: 11815
      ITM Evaluation: [19600/19848]  eta: 0:00:17    time: 0.0814  data: 0.0000  max mem: 11815
      ITM Evaluation: [19700/19848]  eta: 0:00:10    time: 0.0746  data: 0.0000  max mem: 11815
      ITM Evaluation: [19800/19848]  eta: 0:00:03    time: 0.0760  data: 0.0000  max mem: 11815
      ITM Evaluation: [19847/19848]  eta: 0:00:00    time: 0.0729  data: 0.0000  max mem: 11815
      ITM Evaluation: Total time: 0:23:44 (0.0718 s / it)
     total_time 1426.665578842163
     Computing matching score time 0:23:46
### TTA ITM Score: 
+-------+--------+--------+--------+--------+--------+
| epoch |   R1   |   R5   |  R10   |  mAP   |  mINP  |
+-------+--------+--------+--------+--------+--------+
|  -999 | 63.014 | 79.484 | 85.041 | 40.411 | 10.184 |
|  -999 | 68.183 | 82.885 | 87.500 | 40.507 | 9.104  |
|   0   | 61.452 | 80.477 | 86.165 | 37.879 | 9.331  |
+-------+--------+--------+--------+--------+--------+
     logs:  {'epo': 0, 'R1': 61.452, 'R5': 80.477, 'R10': 86.165, 'mAP': 37.879, 'mINP': 9.331, 'lr': 7.3e-05, 'entropy': 0.568695, 'loss': 0.568695}
      TTA Epoch: [1] [  0/620]  eta: 0:18:21  lr: 0.000049  entropy: 0.4265  loss: 0.4265  time: 1.7761  data: 1.6356  max mem: 11815
      TTA Epoch: [1] [100/620]  eta: 0:00:55  lr: 0.000019  entropy: 0.3697  loss: 0.3697  time: 0.0900  data: 0.0003  max mem: 11815
      TTA Epoch: [1] [200/620]  eta: 0:00:41  lr: 0.000019  entropy: 0.3377  loss: 0.3377  time: 0.1039  data: 0.0007  max mem: 11815
      TTA Epoch: [1] [300/620]  eta: 0:00:31  lr: 0.000019  entropy: 0.4846  loss: 0.4846  time: 0.0900  data: 0.0005  max mem: 11815
      TTA Epoch: [1] [400/620]  eta: 0:00:21  lr: 0.000019  entropy: 0.3253  loss: 0.3253  time: 0.0844  data: 0.0002  max mem: 11815
      TTA Epoch: [1] [500/620]  eta: 0:00:11  lr: 0.000019  entropy: 0.3779  loss: 0.3779  time: 0.0838  data: 0.0003  max mem: 11815
      TTA Epoch: [1] [600/620]  eta: 0:00:01  lr: 0.000019  entropy: 0.4139  loss: 0.4139  time: 0.0797  data: 0.0003  max mem: 11815
      TTA Epoch: [1] [619/620]  eta: 0:00:00  lr: 0.000019  entropy: 0.4556  loss: 0.4556  time: 0.0772  data: 0.0001  max mem: 11815
      TTA Epoch: [1] Total time: 0:00:56 (0.0909 s / it)
     Averaged stats: lr: 0.0000  entropy: 0.3558  loss: 0.3558
     itm tta time 0:00:56
     Computing matching score
      ITM Evaluation: [    0/19848]  eta: 2:23:08    time: 0.4327  data: 0.3516  max mem: 11815
      ITM Evaluation: [  100/19848]  eta: 0:26:07    time: 0.0744  data: 0.0000  max mem: 11815
      ITM Evaluation: [  200/19848]  eta: 0:25:21    time: 0.0755  data: 0.0000  max mem: 11815
      ITM Evaluation: [  300/19848]  eta: 0:25:04    time: 0.0758  data: 0.0000  max mem: 11815
      ITM Evaluation: [  400/19848]  eta: 0:24:33    time: 0.0724  data: 0.0000  max mem: 11815
      ITM Evaluation: [  500/19848]  eta: 0:24:04    time: 0.0639  data: 0.0000  max mem: 11815
      ITM Evaluation: [  600/19848]  eta: 0:23:55    time: 0.0723  data: 0.0000  max mem: 11815
      ITM Evaluation: [  700/19848]  eta: 0:23:38    time: 0.0726  data: 0.0000  max mem: 11815
      ITM Evaluation: [  800/19848]  eta: 0:23:23    time: 0.0729  data: 0.0000  max mem: 11815
      ITM Evaluation: [  900/19848]  eta: 0:23:18    time: 0.0761  data: 0.0000  max mem: 11815
      ITM Evaluation: [ 1000/19848]  eta: 0:23:11    time: 0.0754  data: 0.0000  max mem: 11815
      ITM Evaluation: [ 1100/19848]  eta: 0:23:05    time: 0.0705  data: 0.0000  max mem: 11815
      ITM Evaluation: [ 1200/19848]  eta: 0:22:54    time: 0.0714  data: 0.0000  max mem: 11815
      ITM Evaluation: [ 1300/19848]  eta: 0:22:44    time: 0.0719  data: 0.0000  max mem: 11815
      ITM Evaluation: [ 1400/19848]  eta: 0:22:35    time: 0.0736  data: 0.0000  max mem: 11815
      ITM Evaluation: [ 1500/19848]  eta: 0:22:33    time: 0.0776  data: 0.0000  max mem: 11815
      ITM Evaluation: [ 1600/19848]  eta: 0:22:30    time: 0.0671  data: 0.0000  max mem: 11815
      ITM Evaluation: [ 1700/19848]  eta: 0:22:17    time: 0.0673  data: 0.0000  max mem: 11815
      ITM Evaluation: [ 1800/19848]  eta: 0:22:05    time: 0.0682  data: 0.0000  max mem: 11815
      ITM Evaluation: [ 1900/19848]  eta: 0:21:54    time: 0.0694  data: 0.0000  max mem: 11815
      ITM Evaluation: [ 2000/19848]  eta: 0:21:44    time: 0.0699  data: 0.0000  max mem: 11815
      ITM Evaluation: [ 2100/19848]  eta: 0:21:36    time: 0.0745  data: 0.0000  max mem: 11815
      ITM Evaluation: [ 2200/19848]  eta: 0:21:28    time: 0.0663  data: 0.0000  max mem: 11815
      ITM Evaluation: [ 2300/19848]  eta: 0:21:16    time: 0.0664  data: 0.0000  max mem: 11815
      ITM Evaluation: [ 2400/19848]  eta: 0:21:05    time: 0.0665  data: 0.0000  max mem: 11815
      ITM Evaluation: [ 2500/19848]  eta: 0:20:55    time: 0.0687  data: 0.0000  max mem: 11815
      ITM Evaluation: [ 2600/19848]  eta: 0:20:47    time: 0.0736  data: 0.0000  max mem: 11815
      ITM Evaluation: [ 2700/19848]  eta: 0:20:40    time: 0.0727  data: 0.0000  max mem: 11815
      ITM Evaluation: [ 2800/19848]  eta: 0:20:33    time: 0.0791  data: 0.0000  max mem: 11815
      ITM Evaluation: [ 2900/19848]  eta: 0:20:26    time: 0.0718  data: 0.0000  max mem: 11815
      ITM Evaluation: [ 3000/19848]  eta: 0:20:18    time: 0.0681  data: 0.0000  max mem: 11815
      ITM Evaluation: [ 3100/19848]  eta: 0:20:09    time: 0.0717  data: 0.0000  max mem: 11815
      ITM Evaluation: [ 3200/19848]  eta: 0:20:01    time: 0.0681  data: 0.0000  max mem: 11815
      ITM Evaluation: [ 3300/19848]  eta: 0:19:53    time: 0.0705  data: 0.0000  max mem: 11815
      ITM Evaluation: [ 3400/19848]  eta: 0:19:43    time: 0.0695  data: 0.0000  max mem: 11815
      ITM Evaluation: [ 3500/19848]  eta: 0:19:38    time: 0.0758  data: 0.0000  max mem: 11815
      ITM Evaluation: [ 3600/19848]  eta: 0:19:31    time: 0.0754  data: 0.0000  max mem: 11815
      ITM Evaluation: [ 3700/19848]  eta: 0:19:24    time: 0.0716  data: 0.0000  max mem: 11815
      ITM Evaluation: [ 3800/19848]  eta: 0:19:15    time: 0.0689  data: 0.0000  max mem: 11815
      ITM Evaluation: [ 3900/19848]  eta: 0:19:07    time: 0.0669  data: 0.0000  max mem: 11815
      ITM Evaluation: [ 4000/19848]  eta: 0:18:58    time: 0.0669  data: 0.0000  max mem: 11815
      ITM Evaluation: [ 4100/19848]  eta: 0:18:49    time: 0.0684  data: 0.0000  max mem: 11815
      ITM Evaluation: [ 4200/19848]  eta: 0:18:42    time: 0.0774  data: 0.0000  max mem: 11815
      ITM Evaluation: [ 4300/19848]  eta: 0:18:36    time: 0.0768  data: 0.0000  max mem: 11815
      ITM Evaluation: [ 4400/19848]  eta: 0:18:28    time: 0.0687  data: 0.0000  max mem: 11815
      ITM Evaluation: [ 4500/19848]  eta: 0:18:20    time: 0.0699  data: 0.0000  max mem: 11815
      ITM Evaluation: [ 4600/19848]  eta: 0:18:12    time: 0.0695  data: 0.0000  max mem: 11815
      ITM Evaluation: [ 4700/19848]  eta: 0:18:04    time: 0.0722  data: 0.0000  max mem: 11815
      ITM Evaluation: [ 4800/19848]  eta: 0:17:56    time: 0.0673  data: 0.0000  max mem: 11815
      ITM Evaluation: [ 4900/19848]  eta: 0:17:47    time: 0.0654  data: 0.0000  max mem: 11815
      ITM Evaluation: [ 5000/19848]  eta: 0:17:40    time: 0.0693  data: 0.0000  max mem: 11815
      ITM Evaluation: [ 5100/19848]  eta: 0:17:32    time: 0.0696  data: 0.0000  max mem: 11815
      ITM Evaluation: [ 5200/19848]  eta: 0:17:24    time: 0.0685  data: 0.0000  max mem: 11815
      ITM Evaluation: [ 5300/19848]  eta: 0:17:17    time: 0.0674  data: 0.0000  max mem: 11815
      ITM Evaluation: [ 5400/19848]  eta: 0:17:09    time: 0.0679  data: 0.0000  max mem: 11815
      ITM Evaluation: [ 5500/19848]  eta: 0:17:02    time: 0.0712  data: 0.0000  max mem: 11815
      ITM Evaluation: [ 5600/19848]  eta: 0:16:54    time: 0.0728  data: 0.0000  max mem: 11815
      ITM Evaluation: [ 5700/19848]  eta: 0:16:48    time: 0.0729  data: 0.0000  max mem: 11815
      ITM Evaluation: [ 5800/19848]  eta: 0:16:41    time: 0.0693  data: 0.0000  max mem: 11815
      ITM Evaluation: [ 5900/19848]  eta: 0:16:33    time: 0.0695  data: 0.0000  max mem: 11815
      ITM Evaluation: [ 6000/19848]  eta: 0:16:25    time: 0.0690  data: 0.0000  max mem: 11815
      ITM Evaluation: [ 6100/19848]  eta: 0:16:18    time: 0.0650  data: 0.0000  max mem: 11815
      ITM Evaluation: [ 6200/19848]  eta: 0:16:10    time: 0.0701  data: 0.0000  max mem: 11815
      ITM Evaluation: [ 6300/19848]  eta: 0:16:02    time: 0.0695  data: 0.0000  max mem: 11815
      ITM Evaluation: [ 6400/19848]  eta: 0:15:54    time: 0.0664  data: 0.0000  max mem: 11815
      ITM Evaluation: [ 6500/19848]  eta: 0:15:47    time: 0.0723  data: 0.0000  max mem: 11815
      ITM Evaluation: [ 6600/19848]  eta: 0:15:40    time: 0.0695  data: 0.0000  max mem: 11815
      ITM Evaluation: [ 6700/19848]  eta: 0:15:32    time: 0.0682  data: 0.0000  max mem: 11815
      ITM Evaluation: [ 6800/19848]  eta: 0:15:24    time: 0.0679  data: 0.0000  max mem: 11815
      ITM Evaluation: [ 6900/19848]  eta: 0:15:17    time: 0.0689  data: 0.0000  max mem: 11815
      ITM Evaluation: [ 7000/19848]  eta: 0:15:09    time: 0.0686  data: 0.0000  max mem: 11815
      ITM Evaluation: [ 7100/19848]  eta: 0:15:02    time: 0.0669  data: 0.0000  max mem: 11815
      ITM Evaluation: [ 7200/19848]  eta: 0:14:54    time: 0.0697  data: 0.0000  max mem: 11815
      ITM Evaluation: [ 7300/19848]  eta: 0:14:47    time: 0.0726  data: 0.0000  max mem: 11815
      ITM Evaluation: [ 7400/19848]  eta: 0:14:40    time: 0.0690  data: 0.0000  max mem: 11815
      ITM Evaluation: [ 7500/19848]  eta: 0:14:33    time: 0.0666  data: 0.0000  max mem: 11815
      ITM Evaluation: [ 7600/19848]  eta: 0:14:25    time: 0.0663  data: 0.0000  max mem: 11815
      ITM Evaluation: [ 7700/19848]  eta: 0:14:17    time: 0.0677  data: 0.0000  max mem: 11815
      ITM Evaluation: [ 7800/19848]  eta: 0:14:10    time: 0.0666  data: 0.0000  max mem: 11815
      ITM Evaluation: [ 7900/19848]  eta: 0:14:03    time: 0.0718  data: 0.0000  max mem: 11815
      ITM Evaluation: [ 8000/19848]  eta: 0:13:56    time: 0.0716  data: 0.0000  max mem: 11815
      ITM Evaluation: [ 8100/19848]  eta: 0:13:49    time: 0.0706  data: 0.0000  max mem: 11815
      ITM Evaluation: [ 8200/19848]  eta: 0:13:42    time: 0.0690  data: 0.0000  max mem: 11815
      ITM Evaluation: [ 8300/19848]  eta: 0:13:34    time: 0.0659  data: 0.0000  max mem: 11815
      ITM Evaluation: [ 8400/19848]  eta: 0:13:26    time: 0.0674  data: 0.0000  max mem: 11815
      ITM Evaluation: [ 8500/19848]  eta: 0:13:19    time: 0.0665  data: 0.0000  max mem: 11815
      ITM Evaluation: [ 8600/19848]  eta: 0:13:12    time: 0.0670  data: 0.0000  max mem: 11815
      ITM Evaluation: [ 8700/19848]  eta: 0:13:05    time: 0.0659  data: 0.0000  max mem: 11815
      ITM Evaluation: [ 8800/19848]  eta: 0:12:58    time: 0.0694  data: 0.0000  max mem: 11815
      ITM Evaluation: [ 8900/19848]  eta: 0:12:51    time: 0.0773  data: 0.0000  max mem: 11815
      ITM Evaluation: [ 9000/19848]  eta: 0:12:44    time: 0.0788  data: 0.0000  max mem: 11815
      ITM Evaluation: [ 9100/19848]  eta: 0:12:38    time: 0.0722  data: 0.0000  max mem: 11815
      ITM Evaluation: [ 9200/19848]  eta: 0:12:31    time: 0.0696  data: 0.0000  max mem: 11815
      ITM Evaluation: [ 9300/19848]  eta: 0:12:23    time: 0.0689  data: 0.0000  max mem: 11815
      ITM Evaluation: [ 9400/19848]  eta: 0:12:15    time: 0.0618  data: 0.0000  max mem: 11815
      ITM Evaluation: [ 9500/19848]  eta: 0:12:08    time: 0.0733  data: 0.0000  max mem: 11815
      ITM Evaluation: [ 9600/19848]  eta: 0:12:01    time: 0.0654  data: 0.0000  max mem: 11815
      ITM Evaluation: [ 9700/19848]  eta: 0:11:54    time: 0.0702  data: 0.0000  max mem: 11815
      ITM Evaluation: [ 9800/19848]  eta: 0:11:47    time: 0.0749  data: 0.0000  max mem: 11815
      ITM Evaluation: [ 9900/19848]  eta: 0:11:40    time: 0.0704  data: 0.0000  max mem: 11815
      ITM Evaluation: [10000/19848]  eta: 0:11:33    time: 0.0728  data: 0.0000  max mem: 11815
      ITM Evaluation: [10100/19848]  eta: 0:11:26    time: 0.0685  data: 0.0000  max mem: 11815
      ITM Evaluation: [10200/19848]  eta: 0:11:19    time: 0.0664  data: 0.0000  max mem: 11815
      ITM Evaluation: [10300/19848]  eta: 0:11:11    time: 0.0617  data: 0.0000  max mem: 11815
      ITM Evaluation: [10400/19848]  eta: 0:11:04    time: 0.0648  data: 0.0000  max mem: 11815
      ITM Evaluation: [10500/19848]  eta: 0:10:57    time: 0.0685  data: 0.0000  max mem: 11815
      ITM Evaluation: [10600/19848]  eta: 0:10:50    time: 0.0733  data: 0.0000  max mem: 11815
      ITM Evaluation: [10700/19848]  eta: 0:10:43    time: 0.0749  data: 0.0000  max mem: 11815
      ITM Evaluation: [10800/19848]  eta: 0:10:36    time: 0.0681  data: 0.0000  max mem: 11815
      ITM Evaluation: [10900/19848]  eta: 0:10:29    time: 0.0681  data: 0.0000  max mem: 11815
      ITM Evaluation: [11000/19848]  eta: 0:10:22    time: 0.0681  data: 0.0000  max mem: 11815
      ITM Evaluation: [11100/19848]  eta: 0:10:15    time: 0.0723  data: 0.0000  max mem: 11815
      ITM Evaluation: [11200/19848]  eta: 0:10:08    time: 0.0678  data: 0.0000  max mem: 11815
      ITM Evaluation: [11300/19848]  eta: 0:10:01    time: 0.0761  data: 0.0000  max mem: 11815
      ITM Evaluation: [11400/19848]  eta: 0:09:54    time: 0.0778  data: 0.0000  max mem: 11815
      ITM Evaluation: [11500/19848]  eta: 0:09:47    time: 0.0678  data: 0.0000  max mem: 11815
      ITM Evaluation: [11600/19848]  eta: 0:09:40    time: 0.0753  data: 0.0000  max mem: 11815
      ITM Evaluation: [11700/19848]  eta: 0:09:33    time: 0.0692  data: 0.0000  max mem: 11815
      ITM Evaluation: [11800/19848]  eta: 0:09:26    time: 0.0707  data: 0.0000  max mem: 11815
      ITM Evaluation: [11900/19848]  eta: 0:09:19    time: 0.0697  data: 0.0000  max mem: 11815
      ITM Evaluation: [12000/19848]  eta: 0:09:12    time: 0.0766  data: 0.0000  max mem: 11815
      ITM Evaluation: [12100/19848]  eta: 0:09:05    time: 0.0786  data: 0.0000  max mem: 11815
      ITM Evaluation: [12200/19848]  eta: 0:08:58    time: 0.0668  data: 0.0000  max mem: 11815
      ITM Evaluation: [12300/19848]  eta: 0:08:51    time: 0.0693  data: 0.0000  max mem: 11815
      ITM Evaluation: [12400/19848]  eta: 0:08:44    time: 0.0690  data: 0.0000  max mem: 11815
      ITM Evaluation: [12500/19848]  eta: 0:08:37    time: 0.0679  data: 0.0000  max mem: 11815
      ITM Evaluation: [12600/19848]  eta: 0:08:30    time: 0.0680  data: 0.0000  max mem: 11815
      ITM Evaluation: [12700/19848]  eta: 0:08:23    time: 0.0726  data: 0.0000  max mem: 11815
      ITM Evaluation: [12800/19848]  eta: 0:08:17    time: 0.0823  data: 0.0000  max mem: 11815
      ITM Evaluation: [12900/19848]  eta: 0:08:10    time: 0.0737  data: 0.0000  max mem: 11815
      ITM Evaluation: [13000/19848]  eta: 0:08:03    time: 0.0715  data: 0.0000  max mem: 11815
      ITM Evaluation: [13100/19848]  eta: 0:07:56    time: 0.0699  data: 0.0000  max mem: 11815
      ITM Evaluation: [13200/19848]  eta: 0:07:49    time: 0.0670  data: 0.0000  max mem: 11815
      ITM Evaluation: [13300/19848]  eta: 0:07:42    time: 0.0702  data: 0.0000  max mem: 11815
      ITM Evaluation: [13400/19848]  eta: 0:07:35    time: 0.0701  data: 0.0000  max mem: 11815
      ITM Evaluation: [13500/19848]  eta: 0:07:28    time: 0.0703  data: 0.0000  max mem: 11815
      ITM Evaluation: [13600/19848]  eta: 0:07:21    time: 0.0711  data: 0.0000  max mem: 11815
      ITM Evaluation: [13700/19848]  eta: 0:07:14    time: 0.0729  data: 0.0000  max mem: 11815
      ITM Evaluation: [13800/19848]  eta: 0:07:07    time: 0.0673  data: 0.0000  max mem: 11815
      ITM Evaluation: [13900/19848]  eta: 0:07:00    time: 0.0693  data: 0.0000  max mem: 11815
      ITM Evaluation: [14000/19848]  eta: 0:06:53    time: 0.0656  data: 0.0000  max mem: 11815
      ITM Evaluation: [14100/19848]  eta: 0:06:45    time: 0.0624  data: 0.0000  max mem: 11815
      ITM Evaluation: [14200/19848]  eta: 0:06:38    time: 0.0703  data: 0.0000  max mem: 11815
      ITM Evaluation: [14300/19848]  eta: 0:06:31    time: 0.0716  data: 0.0000  max mem: 11815
      ITM Evaluation: [14400/19848]  eta: 0:06:24    time: 0.0754  data: 0.0000  max mem: 11815
      ITM Evaluation: [14500/19848]  eta: 0:06:17    time: 0.0736  data: 0.0000  max mem: 11815
      ITM Evaluation: [14600/19848]  eta: 0:06:10    time: 0.0676  data: 0.0000  max mem: 11815
      ITM Evaluation: [14700/19848]  eta: 0:06:03    time: 0.0717  data: 0.0000  max mem: 11815
      ITM Evaluation: [14800/19848]  eta: 0:05:56    time: 0.0674  data: 0.0000  max mem: 11815
      ITM Evaluation: [14900/19848]  eta: 0:05:49    time: 0.0671  data: 0.0000  max mem: 11815
      ITM Evaluation: [15000/19848]  eta: 0:05:42    time: 0.0712  data: 0.0000  max mem: 11815
      ITM Evaluation: [15100/19848]  eta: 0:05:35    time: 0.0738  data: 0.0000  max mem: 11815
      ITM Evaluation: [15200/19848]  eta: 0:05:28    time: 0.0769  data: 0.0000  max mem: 11815
      ITM Evaluation: [15300/19848]  eta: 0:05:21    time: 0.0706  data: 0.0000  max mem: 11815
      ITM Evaluation: [15400/19848]  eta: 0:05:14    time: 0.0703  data: 0.0000  max mem: 11815
      ITM Evaluation: [15500/19848]  eta: 0:05:07    time: 0.0677  data: 0.0000  max mem: 11815
      ITM Evaluation: [15600/19848]  eta: 0:05:00    time: 0.0664  data: 0.0000  max mem: 11815
      ITM Evaluation: [15700/19848]  eta: 0:04:52    time: 0.0697  data: 0.0000  max mem: 11815
      ITM Evaluation: [15800/19848]  eta: 0:04:45    time: 0.0746  data: 0.0000  max mem: 11815
      ITM Evaluation: [15900/19848]  eta: 0:04:39    time: 0.0707  data: 0.0000  max mem: 11815
      ITM Evaluation: [16000/19848]  eta: 0:04:31    time: 0.0701  data: 0.0000  max mem: 11815
      ITM Evaluation: [16100/19848]  eta: 0:04:24    time: 0.0685  data: 0.0000  max mem: 11815
      ITM Evaluation: [16200/19848]  eta: 0:04:17    time: 0.0695  data: 0.0000  max mem: 11815
      ITM Evaluation: [16300/19848]  eta: 0:04:10    time: 0.0699  data: 0.0000  max mem: 11815
      ITM Evaluation: [16400/19848]  eta: 0:04:03    time: 0.0696  data: 0.0000  max mem: 11815
      ITM Evaluation: [16500/19848]  eta: 0:03:56    time: 0.0706  data: 0.0000  max mem: 11815
      ITM Evaluation: [16600/19848]  eta: 0:03:49    time: 0.0713  data: 0.0000  max mem: 11815
      ITM Evaluation: [16700/19848]  eta: 0:03:42    time: 0.0692  data: 0.0000  max mem: 11815
      ITM Evaluation: [16800/19848]  eta: 0:03:35    time: 0.0704  data: 0.0000  max mem: 11815
      ITM Evaluation: [16900/19848]  eta: 0:03:28    time: 0.0698  data: 0.0000  max mem: 11815
      ITM Evaluation: [17000/19848]  eta: 0:03:21    time: 0.0707  data: 0.0000  max mem: 11815
      ITM Evaluation: [17100/19848]  eta: 0:03:14    time: 0.0726  data: 0.0000  max mem: 11815
      ITM Evaluation: [17200/19848]  eta: 0:03:07    time: 0.0797  data: 0.0000  max mem: 11815
      ITM Evaluation: [17300/19848]  eta: 0:03:00    time: 0.0711  data: 0.0000  max mem: 11815
      ITM Evaluation: [17400/19848]  eta: 0:02:53    time: 0.0673  data: 0.0000  max mem: 11815
      ITM Evaluation: [17500/19848]  eta: 0:02:46    time: 0.0703  data: 0.0000  max mem: 11815
      ITM Evaluation: [17600/19848]  eta: 0:02:38    time: 0.0689  data: 0.0000  max mem: 11815
      ITM Evaluation: [17700/19848]  eta: 0:02:31    time: 0.0691  data: 0.0000  max mem: 11815
      ITM Evaluation: [17800/19848]  eta: 0:02:24    time: 0.0774  data: 0.0000  max mem: 11815
      ITM Evaluation: [17900/19848]  eta: 0:02:17    time: 0.0722  data: 0.0000  max mem: 11815
      ITM Evaluation: [18000/19848]  eta: 0:02:10    time: 0.0689  data: 0.0000  max mem: 11815
      ITM Evaluation: [18100/19848]  eta: 0:02:03    time: 0.0700  data: 0.0000  max mem: 11815
      ITM Evaluation: [18200/19848]  eta: 0:01:56    time: 0.0654  data: 0.0000  max mem: 11815
      ITM Evaluation: [18300/19848]  eta: 0:01:49    time: 0.0635  data: 0.0000  max mem: 11815
      ITM Evaluation: [18400/19848]  eta: 0:01:42    time: 0.0649  data: 0.0000  max mem: 11815
      ITM Evaluation: [18500/19848]  eta: 0:01:35    time: 0.0721  data: 0.0000  max mem: 11815
      ITM Evaluation: [18600/19848]  eta: 0:01:28    time: 0.0722  data: 0.0000  max mem: 11815
      ITM Evaluation: [18700/19848]  eta: 0:01:21    time: 0.0695  data: 0.0000  max mem: 11815
      ITM Evaluation: [18800/19848]  eta: 0:01:13    time: 0.0689  data: 0.0000  max mem: 11815
      ITM Evaluation: [18900/19848]  eta: 0:01:06    time: 0.0733  data: 0.0000  max mem: 11815
      ITM Evaluation: [19000/19848]  eta: 0:00:59    time: 0.0667  data: 0.0000  max mem: 11815
      ITM Evaluation: [19100/19848]  eta: 0:00:52    time: 0.0678  data: 0.0000  max mem: 11815
      ITM Evaluation: [19200/19848]  eta: 0:00:45    time: 0.0779  data: 0.0000  max mem: 11815
      ITM Evaluation: [19300/19848]  eta: 0:00:38    time: 0.0769  data: 0.0000  max mem: 11815
      ITM Evaluation: [19400/19848]  eta: 0:00:31    time: 0.0759  data: 0.0000  max mem: 11815
      ITM Evaluation: [19500/19848]  eta: 0:00:24    time: 0.0710  data: 0.0000  max mem: 11815
      ITM Evaluation: [19600/19848]  eta: 0:00:17    time: 0.0692  data: 0.0000  max mem: 11815
      ITM Evaluation: [19700/19848]  eta: 0:00:10    time: 0.0668  data: 0.0000  max mem: 11815
      ITM Evaluation: [19800/19848]  eta: 0:00:03    time: 0.0689  data: 0.0000  max mem: 11815
      ITM Evaluation: [19847/19848]  eta: 0:00:00    time: 0.0706  data: 0.0000  max mem: 11815
      ITM Evaluation: Total time: 0:23:22 (0.0707 s / it)
     total_time 1404.4835150241852
     Computing matching score time 0:23:24
### TTA ITM Score: 
+-------+--------+--------+--------+--------+--------+
| epoch |   R1   |   R5   |  R10   |  mAP   |  mINP  |
+-------+--------+--------+--------+--------+--------+
|  -999 | 63.014 | 79.484 | 85.041 | 40.411 | 10.184 |
|  -999 | 68.183 | 82.885 | 87.500 | 40.507 | 9.104  |
|   0   | 61.452 | 80.477 | 86.165 | 37.879 | 9.331  |
|   1   | 60.782 | 80.391 | 86.120 | 37.613 | 9.317  |
+-------+--------+--------+--------+--------+--------+
     logs:  {'epo': 1, 'R1': 60.782, 'R5': 80.391, 'R10': 86.12, 'mAP': 37.613, 'mINP': 9.317, 'lr': 2.3e-05, 'entropy': 0.355767, 'loss': 0.355767}
      TTA Epoch: [2] [  0/620]  eta: 0:18:41  lr: 0.000019  entropy: 0.4197  loss: 0.4197  time: 1.8094  data: 1.6452  max mem: 11815
      TTA Epoch: [2] [100/620]  eta: 0:00:55  lr: 0.000019  entropy: 0.3732  loss: 0.3732  time: 0.0982  data: 0.0004  max mem: 11815
      TTA Epoch: [2] [200/620]  eta: 0:00:40  lr: 0.000019  entropy: 0.2328  loss: 0.2328  time: 0.0862  data: 0.0002  max mem: 11815
      TTA Epoch: [2] [300/620]  eta: 0:00:30  lr: 0.000018  entropy: 0.2549  loss: 0.2549  time: 0.0954  data: 0.0005  max mem: 11815
      TTA Epoch: [2] [400/620]  eta: 0:00:20  lr: 0.000018  entropy: 0.2229  loss: 0.2229  time: 0.0887  data: 0.0006  max mem: 11815
      TTA Epoch: [2] [500/620]  eta: 0:00:11  lr: 0.000018  entropy: 0.2518  loss: 0.2518  time: 0.0824  data: 0.0002  max mem: 11815
      TTA Epoch: [2] [600/620]  eta: 0:00:01  lr: 0.000018  entropy: 0.2702  loss: 0.2702  time: 0.0820  data: 0.0002  max mem: 11815
      TTA Epoch: [2] [619/620]  eta: 0:00:00  lr: 0.000018  entropy: 0.3185  loss: 0.3185  time: 0.0820  data: 0.0003  max mem: 11815
      TTA Epoch: [2] Total time: 0:00:56 (0.0910 s / it)
     Averaged stats: lr: 0.0000  entropy: 0.3382  loss: 0.3382
     itm tta time 0:00:57
     Computing matching score
      ITM Evaluation: [    0/19848]  eta: 0:32:22    time: 0.0979  data: 0.0188  max mem: 11815
      ITM Evaluation: [  100/19848]  eta: 0:23:17    time: 0.0704  data: 0.0000  max mem: 11815
      ITM Evaluation: [  200/19848]  eta: 0:22:57    time: 0.0703  data: 0.0000  max mem: 11815
      ITM Evaluation: [  300/19848]  eta: 0:23:01    time: 0.0728  data: 0.0000  max mem: 11815
      ITM Evaluation: [  400/19848]  eta: 0:22:41    time: 0.0665  data: 0.0000  max mem: 11815
      ITM Evaluation: [  500/19848]  eta: 0:22:26    time: 0.0649  data: 0.0000  max mem: 11815
      ITM Evaluation: [  600/19848]  eta: 0:22:20    time: 0.0679  data: 0.0000  max mem: 11815
      ITM Evaluation: [  700/19848]  eta: 0:22:08    time: 0.0756  data: 0.0000  max mem: 11815
      ITM Evaluation: [  800/19848]  eta: 0:22:00    time: 0.0703  data: 0.0000  max mem: 11815
      ITM Evaluation: [  900/19848]  eta: 0:21:58    time: 0.0701  data: 0.0000  max mem: 11815
      ITM Evaluation: [ 1000/19848]  eta: 0:21:47    time: 0.0668  data: 0.0000  max mem: 11815
      ITM Evaluation: [ 1100/19848]  eta: 0:21:35    time: 0.0674  data: 0.0000  max mem: 11815
      ITM Evaluation: [ 1200/19848]  eta: 0:21:23    time: 0.0681  data: 0.0000  max mem: 11815
      ITM Evaluation: [ 1300/19848]  eta: 0:21:13    time: 0.0643  data: 0.0000  max mem: 11815
      ITM Evaluation: [ 1400/19848]  eta: 0:21:04    time: 0.0681  data: 0.0000  max mem: 11815
      ITM Evaluation: [ 1500/19848]  eta: 0:21:01    time: 0.0788  data: 0.0000  max mem: 11815
      ITM Evaluation: [ 1600/19848]  eta: 0:20:59    time: 0.0728  data: 0.0000  max mem: 11815
      ITM Evaluation: [ 1700/19848]  eta: 0:20:55    time: 0.0707  data: 0.0000  max mem: 11815
      ITM Evaluation: [ 1800/19848]  eta: 0:20:46    time: 0.0657  data: 0.0000  max mem: 11815
      ITM Evaluation: [ 1900/19848]  eta: 0:20:37    time: 0.0681  data: 0.0000  max mem: 11815
      ITM Evaluation: [ 2000/19848]  eta: 0:20:29    time: 0.0659  data: 0.0000  max mem: 11815
      ITM Evaluation: [ 2100/19848]  eta: 0:20:20    time: 0.0643  data: 0.0000  max mem: 11815
      ITM Evaluation: [ 2200/19848]  eta: 0:20:12    time: 0.0701  data: 0.0000  max mem: 11815
      ITM Evaluation: [ 2300/19848]  eta: 0:20:08    time: 0.0761  data: 0.0000  max mem: 11815
      ITM Evaluation: [ 2400/19848]  eta: 0:20:02    time: 0.0650  data: 0.0000  max mem: 11815
      ITM Evaluation: [ 2500/19848]  eta: 0:19:53    time: 0.0651  data: 0.0000  max mem: 11815
      ITM Evaluation: [ 2600/19848]  eta: 0:19:46    time: 0.0724  data: 0.0000  max mem: 11815
      ITM Evaluation: [ 2700/19848]  eta: 0:19:37    time: 0.0641  data: 0.0000  max mem: 11815
      ITM Evaluation: [ 2800/19848]  eta: 0:19:29    time: 0.0668  data: 0.0000  max mem: 11815
      ITM Evaluation: [ 2900/19848]  eta: 0:19:22    time: 0.0712  data: 0.0000  max mem: 11815
      ITM Evaluation: [ 3000/19848]  eta: 0:19:17    time: 0.0697  data: 0.0000  max mem: 11815
      ITM Evaluation: [ 3100/19848]  eta: 0:19:10    time: 0.0669  data: 0.0000  max mem: 11815
      ITM Evaluation: [ 3200/19848]  eta: 0:19:04    time: 0.0692  data: 0.0000  max mem: 11815
      ITM Evaluation: [ 3300/19848]  eta: 0:18:57    time: 0.0690  data: 0.0000  max mem: 11815
      ITM Evaluation: [ 3400/19848]  eta: 0:18:49    time: 0.0660  data: 0.0000  max mem: 11815
      ITM Evaluation: [ 3500/19848]  eta: 0:18:41    time: 0.0677  data: 0.0000  max mem: 11815
      ITM Evaluation: [ 3600/19848]  eta: 0:18:33    time: 0.0696  data: 0.0000  max mem: 11815
      ITM Evaluation: [ 3700/19848]  eta: 0:18:28    time: 0.0696  data: 0.0000  max mem: 11815
      ITM Evaluation: [ 3800/19848]  eta: 0:18:22    time: 0.0712  data: 0.0000  max mem: 11815
      ITM Evaluation: [ 3900/19848]  eta: 0:18:14    time: 0.0674  data: 0.0000  max mem: 11815
      ITM Evaluation: [ 4000/19848]  eta: 0:18:07    time: 0.0653  data: 0.0000  max mem: 11815
      ITM Evaluation: [ 4100/19848]  eta: 0:17:59    time: 0.0679  data: 0.0000  max mem: 11815
      ITM Evaluation: [ 4200/19848]  eta: 0:17:52    time: 0.0674  data: 0.0000  max mem: 11815
      ITM Evaluation: [ 4300/19848]  eta: 0:17:46    time: 0.0743  data: 0.0000  max mem: 11815
      ITM Evaluation: [ 4400/19848]  eta: 0:17:39    time: 0.0699  data: 0.0000  max mem: 11815
      ITM Evaluation: [ 4500/19848]  eta: 0:17:33    time: 0.0713  data: 0.0000  max mem: 11815
      ITM Evaluation: [ 4600/19848]  eta: 0:17:26    time: 0.0666  data: 0.0000  max mem: 11815
      ITM Evaluation: [ 4700/19848]  eta: 0:17:19    time: 0.0671  data: 0.0000  max mem: 11815
      ITM Evaluation: [ 4800/19848]  eta: 0:17:12    time: 0.0733  data: 0.0000  max mem: 11815
      ITM Evaluation: [ 4900/19848]  eta: 0:17:05    time: 0.0677  data: 0.0000  max mem: 11815
      ITM Evaluation: [ 5000/19848]  eta: 0:16:57    time: 0.0699  data: 0.0000  max mem: 11815
      ITM Evaluation: [ 5100/19848]  eta: 0:16:51    time: 0.0688  data: 0.0000  max mem: 11815
      ITM Evaluation: [ 5200/19848]  eta: 0:16:43    time: 0.0620  data: 0.0000  max mem: 11815
      ITM Evaluation: [ 5300/19848]  eta: 0:16:35    time: 0.0651  data: 0.0000  max mem: 11815
      ITM Evaluation: [ 5400/19848]  eta: 0:16:28    time: 0.0665  data: 0.0000  max mem: 11815
      ITM Evaluation: [ 5500/19848]  eta: 0:16:20    time: 0.0676  data: 0.0000  max mem: 11815
      ITM Evaluation: [ 5600/19848]  eta: 0:16:13    time: 0.0672  data: 0.0000  max mem: 11815
      ITM Evaluation: [ 5700/19848]  eta: 0:16:06    time: 0.0653  data: 0.0000  max mem: 11815
      ITM Evaluation: [ 5800/19848]  eta: 0:16:00    time: 0.0733  data: 0.0000  max mem: 11815
      ITM Evaluation: [ 5900/19848]  eta: 0:15:54    time: 0.0770  data: 0.0000  max mem: 11815
      ITM Evaluation: [ 6000/19848]  eta: 0:15:48    time: 0.0679  data: 0.0000  max mem: 11815
      ITM Evaluation: [ 6100/19848]  eta: 0:15:41    time: 0.0661  data: 0.0000  max mem: 11815
      ITM Evaluation: [ 6200/19848]  eta: 0:15:33    time: 0.0643  data: 0.0000  max mem: 11815
      ITM Evaluation: [ 6300/19848]  eta: 0:15:26    time: 0.0662  data: 0.0000  max mem: 11815
      ITM Evaluation: [ 6400/19848]  eta: 0:15:19    time: 0.0671  data: 0.0000  max mem: 11815
      ITM Evaluation: [ 6500/19848]  eta: 0:15:12    time: 0.0723  data: 0.0000  max mem: 11815
      ITM Evaluation: [ 6600/19848]  eta: 0:15:07    time: 0.0739  data: 0.0000  max mem: 11815
      ITM Evaluation: [ 6700/19848]  eta: 0:15:02    time: 0.0740  data: 0.0000  max mem: 11815
      ITM Evaluation: [ 6800/19848]  eta: 0:14:55    time: 0.0740  data: 0.0000  max mem: 11815
      ITM Evaluation: [ 6900/19848]  eta: 0:14:49    time: 0.0708  data: 0.0000  max mem: 11815
      ITM Evaluation: [ 7000/19848]  eta: 0:14:43    time: 0.0721  data: 0.0000  max mem: 11815
      ITM Evaluation: [ 7100/19848]  eta: 0:14:36    time: 0.0663  data: 0.0000  max mem: 11815
      ITM Evaluation: [ 7200/19848]  eta: 0:14:30    time: 0.0701  data: 0.0000  max mem: 11815
      ITM Evaluation: [ 7300/19848]  eta: 0:14:23    time: 0.0657  data: 0.0000  max mem: 11815
      ITM Evaluation: [ 7400/19848]  eta: 0:14:16    time: 0.0695  data: 0.0000  max mem: 11815
      ITM Evaluation: [ 7500/19848]  eta: 0:14:08    time: 0.0664  data: 0.0000  max mem: 11815
      ITM Evaluation: [ 7600/19848]  eta: 0:14:02    time: 0.0758  data: 0.0000  max mem: 11815
      ITM Evaluation: [ 7700/19848]  eta: 0:13:56    time: 0.0768  data: 0.0000  max mem: 11815
      ITM Evaluation: [ 7800/19848]  eta: 0:13:49    time: 0.0665  data: 0.0000  max mem: 11815
      ITM Evaluation: [ 7900/19848]  eta: 0:13:42    time: 0.0680  data: 0.0000  max mem: 11815
      ITM Evaluation: [ 8000/19848]  eta: 0:13:35    time: 0.0680  data: 0.0000  max mem: 11815
      ITM Evaluation: [ 8100/19848]  eta: 0:13:28    time: 0.0697  data: 0.0000  max mem: 11815
      ITM Evaluation: [ 8200/19848]  eta: 0:13:21    time: 0.0686  data: 0.0000  max mem: 11815
      ITM Evaluation: [ 8300/19848]  eta: 0:13:15    time: 0.0752  data: 0.0000  max mem: 11815
      ITM Evaluation: [ 8400/19848]  eta: 0:13:08    time: 0.0679  data: 0.0000  max mem: 11815
      ITM Evaluation: [ 8500/19848]  eta: 0:13:01    time: 0.0698  data: 0.0000  max mem: 11815
      ITM Evaluation: [ 8600/19848]  eta: 0:12:54    time: 0.0697  data: 0.0000  max mem: 11815
      ITM Evaluation: [ 8700/19848]  eta: 0:12:47    time: 0.0662  data: 0.0000  max mem: 11815
      ITM Evaluation: [ 8800/19848]  eta: 0:12:40    time: 0.0707  data: 0.0000  max mem: 11815
      ITM Evaluation: [ 8900/19848]  eta: 0:12:33    time: 0.0685  data: 0.0000  max mem: 11815
      ITM Evaluation: [ 9000/19848]  eta: 0:12:27    time: 0.0700  data: 0.0000  max mem: 11815
      ITM Evaluation: [ 9100/19848]  eta: 0:12:20    time: 0.0714  data: 0.0000  max mem: 11815
      ITM Evaluation: [ 9200/19848]  eta: 0:12:13    time: 0.0700  data: 0.0000  max mem: 11815
      ITM Evaluation: [ 9300/19848]  eta: 0:12:06    time: 0.0661  data: 0.0000  max mem: 11815
      ITM Evaluation: [ 9400/19848]  eta: 0:11:59    time: 0.0678  data: 0.0000  max mem: 11815
      ITM Evaluation: [ 9500/19848]  eta: 0:11:52    time: 0.0686  data: 0.0000  max mem: 11815
      ITM Evaluation: [ 9600/19848]  eta: 0:11:45    time: 0.0703  data: 0.0000  max mem: 11815
      ITM Evaluation: [ 9700/19848]  eta: 0:11:39    time: 0.0748  data: 0.0000  max mem: 11815
      ITM Evaluation: [ 9800/19848]  eta: 0:11:32    time: 0.0676  data: 0.0000  max mem: 11815
      ITM Evaluation: [ 9900/19848]  eta: 0:11:26    time: 0.0720  data: 0.0000  max mem: 11815
      ITM Evaluation: [10000/19848]  eta: 0:11:18    time: 0.0683  data: 0.0000  max mem: 11815
      ITM Evaluation: [10100/19848]  eta: 0:11:11    time: 0.0677  data: 0.0000  max mem: 11815
      ITM Evaluation: [10200/19848]  eta: 0:11:04    time: 0.0649  data: 0.0000  max mem: 11815
      ITM Evaluation: [10300/19848]  eta: 0:10:57    time: 0.0731  data: 0.0000  max mem: 11815
      ITM Evaluation: [10400/19848]  eta: 0:10:51    time: 0.0751  data: 0.0000  max mem: 11815
      ITM Evaluation: [10500/19848]  eta: 0:10:44    time: 0.0661  data: 0.0000  max mem: 11815
      ITM Evaluation: [10600/19848]  eta: 0:10:37    time: 0.0681  data: 0.0000  max mem: 11815
      ITM Evaluation: [10700/19848]  eta: 0:10:30    time: 0.0699  data: 0.0000  max mem: 11815
      ITM Evaluation: [10800/19848]  eta: 0:10:23    time: 0.0708  data: 0.0000  max mem: 11815
      ITM Evaluation: [10900/19848]  eta: 0:10:17    time: 0.0694  data: 0.0000  max mem: 11815
      ITM Evaluation: [11000/19848]  eta: 0:10:10    time: 0.0772  data: 0.0000  max mem: 11815
      ITM Evaluation: [11100/19848]  eta: 0:10:04    time: 0.0721  data: 0.0000  max mem: 11815
      ITM Evaluation: [11200/19848]  eta: 0:09:57    time: 0.0681  data: 0.0000  max mem: 11815
      ITM Evaluation: [11300/19848]  eta: 0:09:50    time: 0.0690  data: 0.0000  max mem: 11815
      ITM Evaluation: [11400/19848]  eta: 0:09:43    time: 0.0711  data: 0.0000  max mem: 11815
      ITM Evaluation: [11500/19848]  eta: 0:09:36    time: 0.0701  data: 0.0000  max mem: 11815
      ITM Evaluation: [11600/19848]  eta: 0:09:30    time: 0.0716  data: 0.0000  max mem: 11815
      ITM Evaluation: [11700/19848]  eta: 0:09:23    time: 0.0713  data: 0.0000  max mem: 11815
      ITM Evaluation: [11800/19848]  eta: 0:09:16    time: 0.0673  data: 0.0000  max mem: 11815
      ITM Evaluation: [11900/19848]  eta: 0:09:09    time: 0.0714  data: 0.0000  max mem: 11815
      ITM Evaluation: [12000/19848]  eta: 0:09:02    time: 0.0698  data: 0.0000  max mem: 11815
      ITM Evaluation: [12100/19848]  eta: 0:08:55    time: 0.0701  data: 0.0000  max mem: 11815
      ITM Evaluation: [12200/19848]  eta: 0:08:49    time: 0.0687  data: 0.0000  max mem: 11815
      ITM Evaluation: [12300/19848]  eta: 0:08:42    time: 0.0740  data: 0.0000  max mem: 11815
      ITM Evaluation: [12400/19848]  eta: 0:08:35    time: 0.0678  data: 0.0000  max mem: 11815
      ITM Evaluation: [12500/19848]  eta: 0:08:28    time: 0.0683  data: 0.0000  max mem: 11815
      ITM Evaluation: [12600/19848]  eta: 0:08:21    time: 0.0684  data: 0.0000  max mem: 11815
      ITM Evaluation: [12700/19848]  eta: 0:08:14    time: 0.0678  data: 0.0000  max mem: 11815
      ITM Evaluation: [12800/19848]  eta: 0:08:07    time: 0.0742  data: 0.0000  max mem: 11815
      ITM Evaluation: [12900/19848]  eta: 0:08:01    time: 0.0751  data: 0.0000  max mem: 11815
      ITM Evaluation: [13000/19848]  eta: 0:07:54    time: 0.0791  data: 0.0000  max mem: 11815
      ITM Evaluation: [13100/19848]  eta: 0:07:47    time: 0.0690  data: 0.0000  max mem: 11815
      ITM Evaluation: [13200/19848]  eta: 0:07:40    time: 0.0685  data: 0.0000  max mem: 11815
      ITM Evaluation: [13300/19848]  eta: 0:07:33    time: 0.0712  data: 0.0000  max mem: 11815
      ITM Evaluation: [13400/19848]  eta: 0:07:26    time: 0.0744  data: 0.0000  max mem: 11815
      ITM Evaluation: [13500/19848]  eta: 0:07:19    time: 0.0639  data: 0.0000  max mem: 11815
      ITM Evaluation: [13600/19848]  eta: 0:07:12    time: 0.0685  data: 0.0000  max mem: 11815
      ITM Evaluation: [13700/19848]  eta: 0:07:05    time: 0.0688  data: 0.0000  max mem: 11815
      ITM Evaluation: [13800/19848]  eta: 0:06:58    time: 0.0718  data: 0.0000  max mem: 11815
      ITM Evaluation: [13900/19848]  eta: 0:06:52    time: 0.0733  data: 0.0000  max mem: 11815
      ITM Evaluation: [14000/19848]  eta: 0:06:45    time: 0.0719  data: 0.0000  max mem: 11815
      ITM Evaluation: [14100/19848]  eta: 0:06:38    time: 0.0666  data: 0.0000  max mem: 11815
      ITM Evaluation: [14200/19848]  eta: 0:06:31    time: 0.0731  data: 0.0000  max mem: 11815
      ITM Evaluation: [14300/19848]  eta: 0:06:24    time: 0.0700  data: 0.0000  max mem: 11815
      ITM Evaluation: [14400/19848]  eta: 0:06:17    time: 0.0669  data: 0.0000  max mem: 11815
      ITM Evaluation: [14500/19848]  eta: 0:06:10    time: 0.0659  data: 0.0000  max mem: 11815
      ITM Evaluation: [14600/19848]  eta: 0:06:03    time: 0.0673  data: 0.0000  max mem: 11815
      ITM Evaluation: [14700/19848]  eta: 0:05:56    time: 0.0688  data: 0.0000  max mem: 11815
      ITM Evaluation: [14800/19848]  eta: 0:05:49    time: 0.0660  data: 0.0000  max mem: 11815
      ITM Evaluation: [14900/19848]  eta: 0:05:42    time: 0.0777  data: 0.0000  max mem: 11815
      ITM Evaluation: [15000/19848]  eta: 0:05:36    time: 0.0716  data: 0.0000  max mem: 11815
      ITM Evaluation: [15100/19848]  eta: 0:05:29    time: 0.0667  data: 0.0000  max mem: 11815
      ITM Evaluation: [15200/19848]  eta: 0:05:22    time: 0.0657  data: 0.0000  max mem: 11815
      ITM Evaluation: [15300/19848]  eta: 0:05:15    time: 0.0672  data: 0.0000  max mem: 11815
      ITM Evaluation: [15400/19848]  eta: 0:05:08    time: 0.0657  data: 0.0000  max mem: 11815
      ITM Evaluation: [15500/19848]  eta: 0:05:01    time: 0.0656  data: 0.0000  max mem: 11815
      ITM Evaluation: [15600/19848]  eta: 0:04:54    time: 0.0720  data: 0.0000  max mem: 11815
      ITM Evaluation: [15700/19848]  eta: 0:04:47    time: 0.0678  data: 0.0000  max mem: 11815
      ITM Evaluation: [15800/19848]  eta: 0:04:40    time: 0.0681  data: 0.0000  max mem: 11815
      ITM Evaluation: [15900/19848]  eta: 0:04:33    time: 0.0656  data: 0.0000  max mem: 11815
      ITM Evaluation: [16000/19848]  eta: 0:04:26    time: 0.0652  data: 0.0000  max mem: 11815
      ITM Evaluation: [16100/19848]  eta: 0:04:19    time: 0.0687  data: 0.0000  max mem: 11815
      ITM Evaluation: [16200/19848]  eta: 0:04:12    time: 0.0750  data: 0.0000  max mem: 11815
      ITM Evaluation: [16300/19848]  eta: 0:04:05    time: 0.0719  data: 0.0000  max mem: 11815
      ITM Evaluation: [16400/19848]  eta: 0:03:58    time: 0.0676  data: 0.0000  max mem: 11815
      ITM Evaluation: [16500/19848]  eta: 0:03:51    time: 0.0652  data: 0.0000  max mem: 11815
      ITM Evaluation: [16600/19848]  eta: 0:03:44    time: 0.0722  data: 0.0000  max mem: 11815
      ITM Evaluation: [16700/19848]  eta: 0:03:37    time: 0.0674  data: 0.0000  max mem: 11815
      ITM Evaluation: [16800/19848]  eta: 0:03:30    time: 0.0662  data: 0.0000  max mem: 11815
      ITM Evaluation: [16900/19848]  eta: 0:03:23    time: 0.0734  data: 0.0000  max mem: 11815
      ITM Evaluation: [17000/19848]  eta: 0:03:17    time: 0.0689  data: 0.0000  max mem: 11815
      ITM Evaluation: [17100/19848]  eta: 0:03:10    time: 0.0666  data: 0.0000  max mem: 11815
      ITM Evaluation: [17200/19848]  eta: 0:03:03    time: 0.0665  data: 0.0000  max mem: 11815
      ITM Evaluation: [17300/19848]  eta: 0:02:56    time: 0.0678  data: 0.0000  max mem: 11815
      ITM Evaluation: [17400/19848]  eta: 0:02:49    time: 0.0684  data: 0.0000  max mem: 11815
      ITM Evaluation: [17500/19848]  eta: 0:02:42    time: 0.0675  data: 0.0000  max mem: 11815
      ITM Evaluation: [17600/19848]  eta: 0:02:35    time: 0.0736  data: 0.0000  max mem: 11815
      ITM Evaluation: [17700/19848]  eta: 0:02:28    time: 0.0679  data: 0.0000  max mem: 11815
      ITM Evaluation: [17800/19848]  eta: 0:02:21    time: 0.0641  data: 0.0000  max mem: 11815
      ITM Evaluation: [17900/19848]  eta: 0:02:14    time: 0.0670  data: 0.0000  max mem: 11815
      ITM Evaluation: [18000/19848]  eta: 0:02:07    time: 0.0670  data: 0.0000  max mem: 11815
      ITM Evaluation: [18100/19848]  eta: 0:02:00    time: 0.0655  data: 0.0000  max mem: 11815
      ITM Evaluation: [18200/19848]  eta: 0:01:53    time: 0.0686  data: 0.0000  max mem: 11815
      ITM Evaluation: [18300/19848]  eta: 0:01:47    time: 0.0715  data: 0.0000  max mem: 11815
      ITM Evaluation: [18400/19848]  eta: 0:01:40    time: 0.0722  data: 0.0000  max mem: 11815
      ITM Evaluation: [18500/19848]  eta: 0:01:33    time: 0.0649  data: 0.0000  max mem: 11815
      ITM Evaluation: [18600/19848]  eta: 0:01:26    time: 0.0649  data: 0.0000  max mem: 11815
      ITM Evaluation: [18700/19848]  eta: 0:01:19    time: 0.0668  data: 0.0000  max mem: 11815
      ITM Evaluation: [18800/19848]  eta: 0:01:12    time: 0.0688  data: 0.0000  max mem: 11815
      ITM Evaluation: [18900/19848]  eta: 0:01:05    time: 0.0699  data: 0.0000  max mem: 11815
      ITM Evaluation: [19000/19848]  eta: 0:00:58    time: 0.0723  data: 0.0000  max mem: 11815
      ITM Evaluation: [19100/19848]  eta: 0:00:51    time: 0.0653  data: 0.0000  max mem: 11815
      ITM Evaluation: [19200/19848]  eta: 0:00:44    time: 0.0673  data: 0.0000  max mem: 11815
      ITM Evaluation: [19300/19848]  eta: 0:00:37    time: 0.0662  data: 0.0000  max mem: 11815
      ITM Evaluation: [19400/19848]  eta: 0:00:30    time: 0.0697  data: 0.0000  max mem: 11815
      ITM Evaluation: [19500/19848]  eta: 0:00:24    time: 0.0708  data: 0.0000  max mem: 11815
      ITM Evaluation: [19600/19848]  eta: 0:00:17    time: 0.0737  data: 0.0000  max mem: 11815
      ITM Evaluation: [19700/19848]  eta: 0:00:10    time: 0.0734  data: 0.0000  max mem: 11815
      ITM Evaluation: [19800/19848]  eta: 0:00:03    time: 0.0670  data: 0.0000  max mem: 11815
      ITM Evaluation: [19847/19848]  eta: 0:00:00    time: 0.0678  data: 0.0000  max mem: 11815
      ITM Evaluation: Total time: 0:22:53 (0.0692 s / it)
     total_time 1374.7067430019379
     Computing matching score time 0:22:54
### TTA ITM Score: 
+-------+--------+--------+--------+--------+--------+
| epoch |   R1   |   R5   |  R10   |  mAP   |  mINP  |
+-------+--------+--------+--------+--------+--------+
|  -999 | 63.014 | 79.484 | 85.041 | 40.411 | 10.184 |
|  -999 | 68.183 | 82.885 | 87.500 | 40.507 | 9.104  |
|   0   | 61.452 | 80.477 | 86.165 | 37.879 | 9.331  |
|   1   | 60.782 | 80.391 | 86.120 | 37.613 | 9.317  |
|   2   | 60.273 | 80.200 | 85.999 | 37.379 | 9.295  |
+-------+--------+--------+--------+--------+--------+
     logs:  {'epo': 2, 'R1': 60.273, 'R5': 80.2, 'R10': 85.999, 'mAP': 37.379, 'mINP': 9.295, 'lr': 1.8e-05, 'entropy': 0.338174, 'loss': 0.338174}
      TTA Epoch: [3] [  0/620]  eta: 0:19:13  lr: 0.000018  entropy: 0.3566  loss: 0.3566  time: 1.8604  data: 1.7283  max mem: 11815
      TTA Epoch: [3] [100/620]  eta: 0:00:50  lr: 0.000018  entropy: 0.3475  loss: 0.3475  time: 0.0788  data: 0.0002  max mem: 11815
      TTA Epoch: [3] [200/620]  eta: 0:00:36  lr: 0.000018  entropy: 0.2746  loss: 0.2746  time: 0.0749  data: 0.0001  max mem: 11815
      TTA Epoch: [3] [300/620]  eta: 0:00:26  lr: 0.000018  entropy: 0.2537  loss: 0.2537  time: 0.0762  data: 0.0002  max mem: 11815
      TTA Epoch: [3] [400/620]  eta: 0:00:18  lr: 0.000018  entropy: 0.3176  loss: 0.3176  time: 0.0927  data: 0.0004  max mem: 11815
      TTA Epoch: [3] [500/620]  eta: 0:00:09  lr: 0.000018  entropy: 0.2921  loss: 0.2921  time: 0.0805  data: 0.0003  max mem: 11815
      TTA Epoch: [3] [600/620]  eta: 0:00:01  lr: 0.000017  entropy: 0.3866  loss: 0.3866  time: 0.0891  data: 0.0005  max mem: 11815
      TTA Epoch: [3] [619/620]  eta: 0:00:00  lr: 0.000017  entropy: 0.3326  loss: 0.3326  time: 0.0805  data: 0.0004  max mem: 11815
      TTA Epoch: [3] Total time: 0:00:51 (0.0828 s / it)
     Averaged stats: lr: 0.0000  entropy: 0.3276  loss: 0.3276
     itm tta time 0:00:51
     Computing matching score
      ITM Evaluation: [    0/19848]  eta: 0:31:25    time: 0.0950  data: 0.0228  max mem: 11815
      ITM Evaluation: [  100/19848]  eta: 0:23:11    time: 0.0677  data: 0.0000  max mem: 11815
      ITM Evaluation: [  200/19848]  eta: 0:22:59    time: 0.0717  data: 0.0000  max mem: 11815
      ITM Evaluation: [  300/19848]  eta: 0:22:12    time: 0.0664  data: 0.0000  max mem: 11815
      ITM Evaluation: [  400/19848]  eta: 0:21:56    time: 0.0676  data: 0.0000  max mem: 11815
      ITM Evaluation: [  500/19848]  eta: 0:21:49    time: 0.0667  data: 0.0000  max mem: 11815
      ITM Evaluation: [  600/19848]  eta: 0:21:35    time: 0.0669  data: 0.0000  max mem: 11815
      ITM Evaluation: [  700/19848]  eta: 0:21:26    time: 0.0670  data: 0.0000  max mem: 11815
      ITM Evaluation: [  800/19848]  eta: 0:21:22    time: 0.0690  data: 0.0000  max mem: 11815
      ITM Evaluation: [  900/19848]  eta: 0:21:14    time: 0.0660  data: 0.0000  max mem: 11815
      ITM Evaluation: [ 1000/19848]  eta: 0:21:08    time: 0.0692  data: 0.0000  max mem: 11815
      ITM Evaluation: [ 1100/19848]  eta: 0:21:08    time: 0.0737  data: 0.0000  max mem: 11815
      ITM Evaluation: [ 1200/19848]  eta: 0:21:00    time: 0.0701  data: 0.0000  max mem: 11815
      ITM Evaluation: [ 1300/19848]  eta: 0:20:53    time: 0.0680  data: 0.0000  max mem: 11815
      ITM Evaluation: [ 1400/19848]  eta: 0:20:49    time: 0.0728  data: 0.0000  max mem: 11815
      ITM Evaluation: [ 1500/19848]  eta: 0:20:44    time: 0.0685  data: 0.0000  max mem: 11815
      ITM Evaluation: [ 1600/19848]  eta: 0:20:37    time: 0.0676  data: 0.0000  max mem: 11815
      ITM Evaluation: [ 1700/19848]  eta: 0:20:33    time: 0.0762  data: 0.0000  max mem: 11815
      ITM Evaluation: [ 1800/19848]  eta: 0:20:32    time: 0.0735  data: 0.0000  max mem: 11815
      ITM Evaluation: [ 1900/19848]  eta: 0:20:30    time: 0.0738  data: 0.0000  max mem: 11815
      ITM Evaluation: [ 2000/19848]  eta: 0:20:30    time: 0.0753  data: 0.0000  max mem: 11815
      ITM Evaluation: [ 2100/19848]  eta: 0:20:22    time: 0.0676  data: 0.0000  max mem: 11815
      ITM Evaluation: [ 2200/19848]  eta: 0:20:15    time: 0.0661  data: 0.0000  max mem: 11815
      ITM Evaluation: [ 2300/19848]  eta: 0:20:06    time: 0.0671  data: 0.0000  max mem: 11815
      ITM Evaluation: [ 2400/19848]  eta: 0:19:59    time: 0.0689  data: 0.0000  max mem: 11815
      ITM Evaluation: [ 2500/19848]  eta: 0:19:51    time: 0.0713  data: 0.0000  max mem: 11815
      ITM Evaluation: [ 2600/19848]  eta: 0:19:49    time: 0.0759  data: 0.0000  max mem: 11815
      ITM Evaluation: [ 2700/19848]  eta: 0:19:43    time: 0.0660  data: 0.0000  max mem: 11815
      ITM Evaluation: [ 2800/19848]  eta: 0:19:35    time: 0.0677  data: 0.0000  max mem: 11815
      ITM Evaluation: [ 2900/19848]  eta: 0:19:26    time: 0.0668  data: 0.0000  max mem: 11815
      ITM Evaluation: [ 3000/19848]  eta: 0:19:19    time: 0.0678  data: 0.0000  max mem: 11815
      ITM Evaluation: [ 3100/19848]  eta: 0:19:12    time: 0.0655  data: 0.0000  max mem: 11815
      ITM Evaluation: [ 3200/19848]  eta: 0:19:05    time: 0.0727  data: 0.0000  max mem: 11815
      ITM Evaluation: [ 3300/19848]  eta: 0:18:58    time: 0.0691  data: 0.0000  max mem: 11815
      ITM Evaluation: [ 3400/19848]  eta: 0:18:52    time: 0.0665  data: 0.0000  max mem: 11815
      ITM Evaluation: [ 3500/19848]  eta: 0:18:44    time: 0.0644  data: 0.0000  max mem: 11815
      ITM Evaluation: [ 3600/19848]  eta: 0:18:36    time: 0.0681  data: 0.0000  max mem: 11815
      ITM Evaluation: [ 3700/19848]  eta: 0:18:30    time: 0.0669  data: 0.0000  max mem: 11815
      ITM Evaluation: [ 3800/19848]  eta: 0:18:21    time: 0.0639  data: 0.0000  max mem: 11815
      ITM Evaluation: [ 3900/19848]  eta: 0:18:14    time: 0.0695  data: 0.0000  max mem: 11815
      ITM Evaluation: [ 4000/19848]  eta: 0:18:09    time: 0.0731  data: 0.0000  max mem: 11815
      ITM Evaluation: [ 4100/19848]  eta: 0:18:01    time: 0.0656  data: 0.0000  max mem: 11815
      ITM Evaluation: [ 4200/19848]  eta: 0:17:53    time: 0.0686  data: 0.0000  max mem: 11815
      ITM Evaluation: [ 4300/19848]  eta: 0:17:46    time: 0.0691  data: 0.0000  max mem: 11815
      ITM Evaluation: [ 4400/19848]  eta: 0:17:39    time: 0.0669  data: 0.0000  max mem: 11815
      ITM Evaluation: [ 4500/19848]  eta: 0:17:31    time: 0.0681  data: 0.0000  max mem: 11815
      ITM Evaluation: [ 4600/19848]  eta: 0:17:24    time: 0.0630  data: 0.0000  max mem: 11815
      ITM Evaluation: [ 4700/19848]  eta: 0:17:17    time: 0.0676  data: 0.0000  max mem: 11815
      ITM Evaluation: [ 4800/19848]  eta: 0:17:10    time: 0.0702  data: 0.0000  max mem: 11815
      ITM Evaluation: [ 4900/19848]  eta: 0:17:03    time: 0.0657  data: 0.0000  max mem: 11815
      ITM Evaluation: [ 5000/19848]  eta: 0:16:56    time: 0.0693  data: 0.0000  max mem: 11815
      ITM Evaluation: [ 5100/19848]  eta: 0:16:49    time: 0.0673  data: 0.0000  max mem: 11815
      ITM Evaluation: [ 5200/19848]  eta: 0:16:43    time: 0.0721  data: 0.0000  max mem: 11815
      ITM Evaluation: [ 5300/19848]  eta: 0:16:38    time: 0.0718  data: 0.0000  max mem: 11815
      ITM Evaluation: [ 5400/19848]  eta: 0:16:31    time: 0.0696  data: 0.0000  max mem: 11815
      ITM Evaluation: [ 5500/19848]  eta: 0:16:24    time: 0.0692  data: 0.0000  max mem: 11815
      ITM Evaluation: [ 5600/19848]  eta: 0:16:17    time: 0.0673  data: 0.0000  max mem: 11815
      ITM Evaluation: [ 5700/19848]  eta: 0:16:10    time: 0.0676  data: 0.0000  max mem: 11815
      ITM Evaluation: [ 5800/19848]  eta: 0:16:03    time: 0.0700  data: 0.0000  max mem: 11815
      ITM Evaluation: [ 5900/19848]  eta: 0:15:57    time: 0.0714  data: 0.0000  max mem: 11815
      ITM Evaluation: [ 6000/19848]  eta: 0:15:50    time: 0.0721  data: 0.0000  max mem: 11815
      ITM Evaluation: [ 6100/19848]  eta: 0:15:44    time: 0.0683  data: 0.0000  max mem: 11815
      ITM Evaluation: [ 6200/19848]  eta: 0:15:37    time: 0.0678  data: 0.0000  max mem: 11815
      ITM Evaluation: [ 6300/19848]  eta: 0:15:30    time: 0.0667  data: 0.0000  max mem: 11815
      ITM Evaluation: [ 6400/19848]  eta: 0:15:22    time: 0.0646  data: 0.0000  max mem: 11815
      ITM Evaluation: [ 6500/19848]  eta: 0:15:15    time: 0.0731  data: 0.0000  max mem: 11815
      ITM Evaluation: [ 6600/19848]  eta: 0:15:10    time: 0.0732  data: 0.0000  max mem: 11815
      ITM Evaluation: [ 6700/19848]  eta: 0:15:03    time: 0.0679  data: 0.0000  max mem: 11815
      ITM Evaluation: [ 6800/19848]  eta: 0:14:56    time: 0.0679  data: 0.0000  max mem: 11815
      ITM Evaluation: [ 6900/19848]  eta: 0:14:49    time: 0.0704  data: 0.0000  max mem: 11815
      ITM Evaluation: [ 7000/19848]  eta: 0:14:42    time: 0.0690  data: 0.0000  max mem: 11815
      ITM Evaluation: [ 7100/19848]  eta: 0:14:35    time: 0.0707  data: 0.0000  max mem: 11815
      ITM Evaluation: [ 7200/19848]  eta: 0:14:29    time: 0.0726  data: 0.0000  max mem: 11815
      ITM Evaluation: [ 7300/19848]  eta: 0:14:23    time: 0.0772  data: 0.0000  max mem: 11815
      ITM Evaluation: [ 7400/19848]  eta: 0:14:16    time: 0.0680  data: 0.0000  max mem: 11815
      ITM Evaluation: [ 7500/19848]  eta: 0:14:09    time: 0.0697  data: 0.0000  max mem: 11815
      ITM Evaluation: [ 7600/19848]  eta: 0:14:02    time: 0.0634  data: 0.0000  max mem: 11815
      ITM Evaluation: [ 7700/19848]  eta: 0:13:55    time: 0.0661  data: 0.0000  max mem: 11815
      ITM Evaluation: [ 7800/19848]  eta: 0:13:48    time: 0.0704  data: 0.0000  max mem: 11815
      ITM Evaluation: [ 7900/19848]  eta: 0:13:41    time: 0.0733  data: 0.0000  max mem: 11815
      ITM Evaluation: [ 8000/19848]  eta: 0:13:35    time: 0.0694  data: 0.0000  max mem: 11815
      ITM Evaluation: [ 8100/19848]  eta: 0:13:28    time: 0.0675  data: 0.0000  max mem: 11815
      ITM Evaluation: [ 8200/19848]  eta: 0:13:21    time: 0.0694  data: 0.0000  max mem: 11815
      ITM Evaluation: [ 8300/19848]  eta: 0:13:14    time: 0.0674  data: 0.0000  max mem: 11815
      ITM Evaluation: [ 8400/19848]  eta: 0:13:07    time: 0.0713  data: 0.0000  max mem: 11815
      ITM Evaluation: [ 8500/19848]  eta: 0:13:01    time: 0.0724  data: 0.0000  max mem: 11815
      ITM Evaluation: [ 8600/19848]  eta: 0:12:55    time: 0.0757  data: 0.0000  max mem: 11815
      ITM Evaluation: [ 8700/19848]  eta: 0:12:48    time: 0.0660  data: 0.0000  max mem: 11815
      ITM Evaluation: [ 8800/19848]  eta: 0:12:41    time: 0.0705  data: 0.0000  max mem: 11815
      ITM Evaluation: [ 8900/19848]  eta: 0:12:34    time: 0.0703  data: 0.0000  max mem: 11815
      ITM Evaluation: [ 9000/19848]  eta: 0:12:27    time: 0.0707  data: 0.0000  max mem: 11815
      ITM Evaluation: [ 9100/19848]  eta: 0:12:20    time: 0.0682  data: 0.0000  max mem: 11815
      ITM Evaluation: [ 9200/19848]  eta: 0:12:14    time: 0.0714  data: 0.0000  max mem: 11815
      ITM Evaluation: [ 9300/19848]  eta: 0:12:07    time: 0.0747  data: 0.0000  max mem: 11815
      ITM Evaluation: [ 9400/19848]  eta: 0:12:01    time: 0.0740  data: 0.0000  max mem: 11815
      ITM Evaluation: [ 9500/19848]  eta: 0:11:55    time: 0.0678  data: 0.0000  max mem: 11815
      ITM Evaluation: [ 9600/19848]  eta: 0:11:47    time: 0.0682  data: 0.0000  max mem: 11815
      ITM Evaluation: [ 9700/19848]  eta: 0:11:41    time: 0.0680  data: 0.0000  max mem: 11815
      ITM Evaluation: [ 9800/19848]  eta: 0:11:34    time: 0.0680  data: 0.0000  max mem: 11815
      ITM Evaluation: [ 9900/19848]  eta: 0:11:27    time: 0.0716  data: 0.0000  max mem: 11815
      ITM Evaluation: [10000/19848]  eta: 0:11:20    time: 0.0713  data: 0.0000  max mem: 11815
      ITM Evaluation: [10100/19848]  eta: 0:11:13    time: 0.0697  data: 0.0000  max mem: 11815
      ITM Evaluation: [10200/19848]  eta: 0:11:06    time: 0.0658  data: 0.0000  max mem: 11815
      ITM Evaluation: [10300/19848]  eta: 0:10:59    time: 0.0690  data: 0.0000  max mem: 11815
      ITM Evaluation: [10400/19848]  eta: 0:10:52    time: 0.0687  data: 0.0000  max mem: 11815
      ITM Evaluation: [10500/19848]  eta: 0:10:46    time: 0.0720  data: 0.0000  max mem: 11815
      ITM Evaluation: [10600/19848]  eta: 0:10:39    time: 0.0734  data: 0.0000  max mem: 11815
      ITM Evaluation: [10700/19848]  eta: 0:10:32    time: 0.0768  data: 0.0000  max mem: 11815
      ITM Evaluation: [10800/19848]  eta: 0:10:26    time: 0.0709  data: 0.0000  max mem: 11815
      ITM Evaluation: [10900/19848]  eta: 0:10:19    time: 0.0682  data: 0.0000  max mem: 11815
      ITM Evaluation: [11000/19848]  eta: 0:10:12    time: 0.0730  data: 0.0000  max mem: 11815
      ITM Evaluation: [11100/19848]  eta: 0:10:05    time: 0.0678  data: 0.0000  max mem: 11815
      ITM Evaluation: [11200/19848]  eta: 0:09:58    time: 0.0692  data: 0.0000  max mem: 11815
      ITM Evaluation: [11300/19848]  eta: 0:09:51    time: 0.0724  data: 0.0000  max mem: 11815
      ITM Evaluation: [11400/19848]  eta: 0:09:44    time: 0.0741  data: 0.0000  max mem: 11815
      ITM Evaluation: [11500/19848]  eta: 0:09:37    time: 0.0654  data: 0.0000  max mem: 11815
      ITM Evaluation: [11600/19848]  eta: 0:09:31    time: 0.0717  data: 0.0000  max mem: 11815
      ITM Evaluation: [11700/19848]  eta: 0:09:24    time: 0.0693  data: 0.0000  max mem: 11815
      ITM Evaluation: [11800/19848]  eta: 0:09:17    time: 0.0678  data: 0.0000  max mem: 11815
      ITM Evaluation: [11900/19848]  eta: 0:09:10    time: 0.0673  data: 0.0000  max mem: 11815
      ITM Evaluation: [12000/19848]  eta: 0:09:03    time: 0.0711  data: 0.0000  max mem: 11815
      ITM Evaluation: [12100/19848]  eta: 0:08:56    time: 0.0722  data: 0.0000  max mem: 11815
      ITM Evaluation: [12200/19848]  eta: 0:08:49    time: 0.0699  data: 0.0000  max mem: 11815
      ITM Evaluation: [12300/19848]  eta: 0:08:42    time: 0.0691  data: 0.0000  max mem: 11815
      ITM Evaluation: [12400/19848]  eta: 0:08:35    time: 0.0679  data: 0.0000  max mem: 11815
      ITM Evaluation: [12500/19848]  eta: 0:08:29    time: 0.0709  data: 0.0000  max mem: 11815
      ITM Evaluation: [12600/19848]  eta: 0:08:22    time: 0.0743  data: 0.0000  max mem: 11815
      ITM Evaluation: [12700/19848]  eta: 0:08:15    time: 0.0741  data: 0.0000  max mem: 11815
      ITM Evaluation: [12800/19848]  eta: 0:08:08    time: 0.0678  data: 0.0000  max mem: 11815
      ITM Evaluation: [12900/19848]  eta: 0:08:01    time: 0.0616  data: 0.0000  max mem: 11815
      ITM Evaluation: [13000/19848]  eta: 0:07:54    time: 0.0680  data: 0.0000  max mem: 11815
      ITM Evaluation: [13100/19848]  eta: 0:07:47    time: 0.0706  data: 0.0000  max mem: 11815
      ITM Evaluation: [13200/19848]  eta: 0:07:40    time: 0.0673  data: 0.0000  max mem: 11815
      ITM Evaluation: [13300/19848]  eta: 0:07:33    time: 0.0753  data: 0.0000  max mem: 11815
      ITM Evaluation: [13400/19848]  eta: 0:07:27    time: 0.0700  data: 0.0000  max mem: 11815
      ITM Evaluation: [13500/19848]  eta: 0:07:20    time: 0.0680  data: 0.0000  max mem: 11815
      ITM Evaluation: [13600/19848]  eta: 0:07:13    time: 0.0704  data: 0.0000  max mem: 11815
      ITM Evaluation: [13700/19848]  eta: 0:07:06    time: 0.0686  data: 0.0000  max mem: 11815
      ITM Evaluation: [13800/19848]  eta: 0:06:59    time: 0.0676  data: 0.0000  max mem: 11815
      ITM Evaluation: [13900/19848]  eta: 0:06:52    time: 0.0736  data: 0.0000  max mem: 11815
      ITM Evaluation: [14000/19848]  eta: 0:06:45    time: 0.0766  data: 0.0000  max mem: 11815
      ITM Evaluation: [14100/19848]  eta: 0:06:39    time: 0.0695  data: 0.0000  max mem: 11815
      ITM Evaluation: [14200/19848]  eta: 0:06:32    time: 0.0718  data: 0.0000  max mem: 11815
      ITM Evaluation: [14300/19848]  eta: 0:06:25    time: 0.0732  data: 0.0000  max mem: 11815
      ITM Evaluation: [14400/19848]  eta: 0:06:18    time: 0.0693  data: 0.0000  max mem: 11815
      ITM Evaluation: [14500/19848]  eta: 0:06:11    time: 0.0750  data: 0.0000  max mem: 11815
      ITM Evaluation: [14600/19848]  eta: 0:06:04    time: 0.0760  data: 0.0000  max mem: 11815
      ITM Evaluation: [14700/19848]  eta: 0:05:57    time: 0.0672  data: 0.0000  max mem: 11815
      ITM Evaluation: [14800/19848]  eta: 0:05:50    time: 0.0692  data: 0.0000  max mem: 11815
      ITM Evaluation: [14900/19848]  eta: 0:05:43    time: 0.0696  data: 0.0000  max mem: 11815
      ITM Evaluation: [15000/19848]  eta: 0:05:37    time: 0.0700  data: 0.0000  max mem: 11815
      ITM Evaluation: [15100/19848]  eta: 0:05:30    time: 0.0700  data: 0.0000  max mem: 11815
      ITM Evaluation: [15200/19848]  eta: 0:05:23    time: 0.0705  data: 0.0000  max mem: 11815
      ITM Evaluation: [15300/19848]  eta: 0:05:16    time: 0.0685  data: 0.0000  max mem: 11815
      ITM Evaluation: [15400/19848]  eta: 0:05:09    time: 0.0711  data: 0.0000  max mem: 11815
      ITM Evaluation: [15500/19848]  eta: 0:05:02    time: 0.0691  data: 0.0000  max mem: 11815
      ITM Evaluation: [15600/19848]  eta: 0:04:55    time: 0.0713  data: 0.0000  max mem: 11815
      ITM Evaluation: [15700/19848]  eta: 0:04:48    time: 0.0708  data: 0.0000  max mem: 11815
      ITM Evaluation: [15800/19848]  eta: 0:04:41    time: 0.0699  data: 0.0000  max mem: 11815
      ITM Evaluation: [15900/19848]  eta: 0:04:34    time: 0.0705  data: 0.0000  max mem: 11815
      ITM Evaluation: [16000/19848]  eta: 0:04:27    time: 0.0673  data: 0.0000  max mem: 11815
      ITM Evaluation: [16100/19848]  eta: 0:04:20    time: 0.0688  data: 0.0000  max mem: 11815
      ITM Evaluation: [16200/19848]  eta: 0:04:13    time: 0.0692  data: 0.0000  max mem: 11815
      ITM Evaluation: [16300/19848]  eta: 0:04:07    time: 0.0691  data: 0.0000  max mem: 11815
      ITM Evaluation: [16400/19848]  eta: 0:04:00    time: 0.0700  data: 0.0000  max mem: 11815
      ITM Evaluation: [16500/19848]  eta: 0:03:53    time: 0.0731  data: 0.0000  max mem: 11815
      ITM Evaluation: [16600/19848]  eta: 0:03:46    time: 0.0691  data: 0.0000  max mem: 11815
      ITM Evaluation: [16700/19848]  eta: 0:03:39    time: 0.0688  data: 0.0000  max mem: 11815
      ITM Evaluation: [16800/19848]  eta: 0:03:32    time: 0.0724  data: 0.0000  max mem: 11815
      ITM Evaluation: [16900/19848]  eta: 0:03:25    time: 0.0666  data: 0.0000  max mem: 11815
      ITM Evaluation: [17000/19848]  eta: 0:03:18    time: 0.0686  data: 0.0000  max mem: 11815
      ITM Evaluation: [17100/19848]  eta: 0:03:11    time: 0.0662  data: 0.0000  max mem: 11815
      ITM Evaluation: [17200/19848]  eta: 0:03:04    time: 0.0668  data: 0.0000  max mem: 11815
      ITM Evaluation: [17300/19848]  eta: 0:02:57    time: 0.0684  data: 0.0000  max mem: 11815
      ITM Evaluation: [17400/19848]  eta: 0:02:50    time: 0.0713  data: 0.0000  max mem: 11815
      ITM Evaluation: [17500/19848]  eta: 0:02:43    time: 0.0687  data: 0.0000  max mem: 11815
      ITM Evaluation: [17600/19848]  eta: 0:02:36    time: 0.0673  data: 0.0000  max mem: 11815
      ITM Evaluation: [17700/19848]  eta: 0:02:29    time: 0.0689  data: 0.0000  max mem: 11815
      ITM Evaluation: [17800/19848]  eta: 0:02:22    time: 0.0744  data: 0.0000  max mem: 11815
      ITM Evaluation: [17900/19848]  eta: 0:02:15    time: 0.0737  data: 0.0000  max mem: 11815
      ITM Evaluation: [18000/19848]  eta: 0:02:08    time: 0.0716  data: 0.0000  max mem: 11815
      ITM Evaluation: [18100/19848]  eta: 0:02:01    time: 0.0690  data: 0.0000  max mem: 11815
      ITM Evaluation: [18200/19848]  eta: 0:01:54    time: 0.0674  data: 0.0000  max mem: 11815
      ITM Evaluation: [18300/19848]  eta: 0:01:47    time: 0.0671  data: 0.0000  max mem: 11815
      ITM Evaluation: [18400/19848]  eta: 0:01:40    time: 0.0692  data: 0.0000  max mem: 11815
      ITM Evaluation: [18500/19848]  eta: 0:01:33    time: 0.0757  data: 0.0000  max mem: 11815
      ITM Evaluation: [18600/19848]  eta: 0:01:26    time: 0.0691  data: 0.0000  max mem: 11815
      ITM Evaluation: [18700/19848]  eta: 0:01:19    time: 0.0690  data: 0.0000  max mem: 11815
      ITM Evaluation: [18800/19848]  eta: 0:01:12    time: 0.0654  data: 0.0000  max mem: 11815
      ITM Evaluation: [18900/19848]  eta: 0:01:05    time: 0.0683  data: 0.0000  max mem: 11815
      ITM Evaluation: [19000/19848]  eta: 0:00:59    time: 0.0682  data: 0.0000  max mem: 11815
      ITM Evaluation: [19100/19848]  eta: 0:00:52    time: 0.0690  data: 0.0000  max mem: 11815
      ITM Evaluation: [19200/19848]  eta: 0:00:45    time: 0.0739  data: 0.0000  max mem: 11815
      ITM Evaluation: [19300/19848]  eta: 0:00:38    time: 0.0648  data: 0.0000  max mem: 11815
      ITM Evaluation: [19400/19848]  eta: 0:00:31    time: 0.0648  data: 0.0000  max mem: 11815
      ITM Evaluation: [19500/19848]  eta: 0:00:24    time: 0.0722  data: 0.0000  max mem: 11815
      ITM Evaluation: [19600/19848]  eta: 0:00:17    time: 0.0769  data: 0.0000  max mem: 11815
      ITM Evaluation: [19700/19848]  eta: 0:00:10    time: 0.0794  data: 0.0000  max mem: 11815
      ITM Evaluation: [19800/19848]  eta: 0:00:03    time: 0.0693  data: 0.0000  max mem: 11815
      ITM Evaluation: [19847/19848]  eta: 0:00:00    time: 0.0698  data: 0.0000  max mem: 11815
      ITM Evaluation: Total time: 0:23:02 (0.0697 s / it)
     total_time 1384.559475660324
     Computing matching score time 0:23:04
### TTA ITM Score: 
+-------+--------+--------+--------+--------+--------+
| epoch |   R1   |   R5   |  R10   |  mAP   |  mINP  |
+-------+--------+--------+--------+--------+--------+
|  -999 | 63.014 | 79.484 | 85.041 | 40.411 | 10.184 |
|  -999 | 68.183 | 82.885 | 87.500 | 40.507 | 9.104  |
|   0   | 61.452 | 80.477 | 86.165 | 37.879 | 9.331  |
|   1   | 60.782 | 80.391 | 86.120 | 37.613 | 9.317  |
|   2   | 60.273 | 80.200 | 85.999 | 37.379 | 9.295  |
|   3   | 60.369 | 80.225 | 86.059 | 37.362 | 9.290  |
+-------+--------+--------+--------+--------+--------+
     logs:  {'epo': 3, 'R1': 60.369, 'R5': 80.225, 'R10': 86.059, 'mAP': 37.362, 'mINP': 9.29, 'lr': 1.8e-05, 'entropy': 0.327626, 'loss': 0.327626}
      TTA Epoch: [4] [  0/620]  eta: 0:18:04  lr: 0.000017  entropy: 0.3471  loss: 0.3471  time: 1.7487  data: 1.6439  max mem: 11815
      TTA Epoch: [4] [100/620]  eta: 0:00:53  lr: 0.000017  entropy: 0.3585  loss: 0.3585  time: 0.0896  data: 0.0003  max mem: 11815
      TTA Epoch: [4] [200/620]  eta: 0:00:42  lr: 0.000017  entropy: 0.3012  loss: 0.3012  time: 0.0916  data: 0.0006  max mem: 11815
      TTA Epoch: [4] [300/620]  eta: 0:00:30  lr: 0.000017  entropy: 0.3394  loss: 0.3394  time: 0.0853  data: 0.0002  max mem: 11815
      TTA Epoch: [4] [400/620]  eta: 0:00:20  lr: 0.000017  entropy: 0.2108  loss: 0.2108  time: 0.0854  data: 0.0002  max mem: 11815
      TTA Epoch: [4] [500/620]  eta: 0:00:11  lr: 0.000017  entropy: 0.3132  loss: 0.3132  time: 0.0761  data: 0.0002  max mem: 11815
      TTA Epoch: [4] [600/620]  eta: 0:00:01  lr: 0.000017  entropy: 0.3861  loss: 0.3861  time: 0.0811  data: 0.0002  max mem: 11815
      TTA Epoch: [4] [619/620]  eta: 0:00:00  lr: 0.000017  entropy: 0.3420  loss: 0.3420  time: 0.0865  data: 0.0002  max mem: 11815
      TTA Epoch: [4] Total time: 0:00:55 (0.0902 s / it)
     Averaged stats: lr: 0.0000  entropy: 0.3204  loss: 0.3204
     itm tta time 0:00:56
     Computing matching score
      ITM Evaluation: [    0/19848]  eta: 0:27:05    time: 0.0819  data: 0.0159  max mem: 11815
      ITM Evaluation: [  100/19848]  eta: 0:21:57    time: 0.0665  data: 0.0000  max mem: 11815
      ITM Evaluation: [  200/19848]  eta: 0:21:53    time: 0.0683  data: 0.0000  max mem: 11815
      ITM Evaluation: [  300/19848]  eta: 0:22:15    time: 0.0696  data: 0.0000  max mem: 11815
      ITM Evaluation: [  400/19848]  eta: 0:22:05    time: 0.0678  data: 0.0000  max mem: 11815
      ITM Evaluation: [  500/19848]  eta: 0:22:12    time: 0.0769  data: 0.0000  max mem: 11815
      ITM Evaluation: [  600/19848]  eta: 0:22:14    time: 0.0721  data: 0.0000  max mem: 11815
      ITM Evaluation: [  700/19848]  eta: 0:22:13    time: 0.0687  data: 0.0000  max mem: 11815
      ITM Evaluation: [  800/19848]  eta: 0:22:11    time: 0.0760  data: 0.0000  max mem: 11815
      ITM Evaluation: [  900/19848]  eta: 0:22:09    time: 0.0738  data: 0.0000  max mem: 11815
      ITM Evaluation: [ 1000/19848]  eta: 0:22:09    time: 0.0796  data: 0.0000  max mem: 11815
      ITM Evaluation: [ 1100/19848]  eta: 0:22:00    time: 0.0712  data: 0.0000  max mem: 11815
      ITM Evaluation: [ 1200/19848]  eta: 0:21:51    time: 0.0696  data: 0.0000  max mem: 11815
      ITM Evaluation: [ 1300/19848]  eta: 0:21:44    time: 0.0703  data: 0.0000  max mem: 11815
      ITM Evaluation: [ 1400/19848]  eta: 0:21:36    time: 0.0685  data: 0.0000  max mem: 11815
      ITM Evaluation: [ 1500/19848]  eta: 0:21:30    time: 0.0762  data: 0.0000  max mem: 11815
      ITM Evaluation: [ 1600/19848]  eta: 0:21:27    time: 0.0755  data: 0.0000  max mem: 11815
      ITM Evaluation: [ 1700/19848]  eta: 0:21:18    time: 0.0675  data: 0.0000  max mem: 11815
      ITM Evaluation: [ 1800/19848]  eta: 0:21:11    time: 0.0695  data: 0.0000  max mem: 11815
      ITM Evaluation: [ 1900/19848]  eta: 0:21:03    time: 0.0703  data: 0.0000  max mem: 11815
      ITM Evaluation: [ 2000/19848]  eta: 0:20:57    time: 0.0711  data: 0.0000  max mem: 11815
      ITM Evaluation: [ 2100/19848]  eta: 0:20:51    time: 0.0731  data: 0.0000  max mem: 11815
      ITM Evaluation: [ 2200/19848]  eta: 0:20:47    time: 0.0736  data: 0.0000  max mem: 11815
      ITM Evaluation: [ 2300/19848]  eta: 0:20:45    time: 0.0774  data: 0.0000  max mem: 11815
      ITM Evaluation: [ 2400/19848]  eta: 0:20:42    time: 0.0732  data: 0.0000  max mem: 11815
      ITM Evaluation: [ 2500/19848]  eta: 0:20:39    time: 0.0726  data: 0.0000  max mem: 11815
      ITM Evaluation: [ 2600/19848]  eta: 0:20:33    time: 0.0746  data: 0.0000  max mem: 11815
      ITM Evaluation: [ 2700/19848]  eta: 0:20:28    time: 0.0726  data: 0.0000  max mem: 11815
      ITM Evaluation: [ 2800/19848]  eta: 0:20:23    time: 0.0753  data: 0.0000  max mem: 11815
      ITM Evaluation: [ 2900/19848]  eta: 0:20:17    time: 0.0722  data: 0.0000  max mem: 11815
      ITM Evaluation: [ 3000/19848]  eta: 0:20:13    time: 0.0739  data: 0.0000  max mem: 11815
      ITM Evaluation: [ 3100/19848]  eta: 0:20:09    time: 0.0766  data: 0.0000  max mem: 11815
      ITM Evaluation: [ 3200/19848]  eta: 0:20:03    time: 0.0726  data: 0.0000  max mem: 11815
      ITM Evaluation: [ 3300/19848]  eta: 0:19:57    time: 0.0749  data: 0.0000  max mem: 11815
      ITM Evaluation: [ 3400/19848]  eta: 0:19:50    time: 0.0792  data: 0.0000  max mem: 11815
      ITM Evaluation: [ 3500/19848]  eta: 0:19:43    time: 0.0682  data: 0.0000  max mem: 11815
      ITM Evaluation: [ 3600/19848]  eta: 0:19:35    time: 0.0731  data: 0.0000  max mem: 11815
      ITM Evaluation: [ 3700/19848]  eta: 0:19:28    time: 0.0753  data: 0.0000  max mem: 11815
      ITM Evaluation: [ 3800/19848]  eta: 0:19:22    time: 0.0751  data: 0.0000  max mem: 11815
      ITM Evaluation: [ 3900/19848]  eta: 0:19:14    time: 0.0764  data: 0.0000  max mem: 11815
      ITM Evaluation: [ 4000/19848]  eta: 0:19:06    time: 0.0698  data: 0.0000  max mem: 11815
      ITM Evaluation: [ 4100/19848]  eta: 0:18:58    time: 0.0714  data: 0.0000  max mem: 11815
      ITM Evaluation: [ 4200/19848]  eta: 0:18:52    time: 0.0789  data: 0.0000  max mem: 11815
      ITM Evaluation: [ 4300/19848]  eta: 0:18:45    time: 0.0714  data: 0.0000  max mem: 11815
      ITM Evaluation: [ 4400/19848]  eta: 0:18:38    time: 0.0820  data: 0.0000  max mem: 11815
      ITM Evaluation: [ 4500/19848]  eta: 0:18:32    time: 0.0739  data: 0.0000  max mem: 11815
      ITM Evaluation: [ 4600/19848]  eta: 0:18:26    time: 0.0756  data: 0.0000  max mem: 11815
      ITM Evaluation: [ 4700/19848]  eta: 0:18:19    time: 0.0728  data: 0.0000  max mem: 11815
      ITM Evaluation: [ 4800/19848]  eta: 0:18:11    time: 0.0724  data: 0.0000  max mem: 11815
      ITM Evaluation: [ 4900/19848]  eta: 0:18:04    time: 0.0759  data: 0.0000  max mem: 11815
      ITM Evaluation: [ 5000/19848]  eta: 0:17:57    time: 0.0714  data: 0.0000  max mem: 11815
      ITM Evaluation: [ 5100/19848]  eta: 0:17:49    time: 0.0686  data: 0.0000  max mem: 11815
      ITM Evaluation: [ 5200/19848]  eta: 0:17:41    time: 0.0715  data: 0.0000  max mem: 11815
      ITM Evaluation: [ 5300/19848]  eta: 0:17:33    time: 0.0698  data: 0.0000  max mem: 11815
      ITM Evaluation: [ 5400/19848]  eta: 0:17:26    time: 0.0721  data: 0.0000  max mem: 11815
      ITM Evaluation: [ 5500/19848]  eta: 0:17:18    time: 0.0718  data: 0.0000  max mem: 11815
      ITM Evaluation: [ 5600/19848]  eta: 0:17:09    time: 0.0633  data: 0.0000  max mem: 11815
      ITM Evaluation: [ 5700/19848]  eta: 0:17:01    time: 0.0693  data: 0.0000  max mem: 11815
      ITM Evaluation: [ 5800/19848]  eta: 0:16:54    time: 0.0703  data: 0.0000  max mem: 11815
      ITM Evaluation: [ 5900/19848]  eta: 0:16:46    time: 0.0677  data: 0.0000  max mem: 11815
      ITM Evaluation: [ 6000/19848]  eta: 0:16:38    time: 0.0696  data: 0.0000  max mem: 11815
      ITM Evaluation: [ 6100/19848]  eta: 0:16:31    time: 0.0718  data: 0.0000  max mem: 11815
      ITM Evaluation: [ 6200/19848]  eta: 0:16:23    time: 0.0681  data: 0.0000  max mem: 11815
      ITM Evaluation: [ 6300/19848]  eta: 0:16:15    time: 0.0734  data: 0.0000  max mem: 11815
      ITM Evaluation: [ 6400/19848]  eta: 0:16:08    time: 0.0726  data: 0.0000  max mem: 11815
      ITM Evaluation: [ 6500/19848]  eta: 0:16:01    time: 0.0723  data: 0.0000  max mem: 11815
      ITM Evaluation: [ 6600/19848]  eta: 0:15:53    time: 0.0727  data: 0.0000  max mem: 11815
      ITM Evaluation: [ 6700/19848]  eta: 0:15:46    time: 0.0702  data: 0.0000  max mem: 11815
      ITM Evaluation: [ 6800/19848]  eta: 0:15:38    time: 0.0682  data: 0.0000  max mem: 11815
      ITM Evaluation: [ 6900/19848]  eta: 0:15:30    time: 0.0648  data: 0.0000  max mem: 11815
      ITM Evaluation: [ 7000/19848]  eta: 0:15:22    time: 0.0688  data: 0.0000  max mem: 11815
      ITM Evaluation: [ 7100/19848]  eta: 0:15:14    time: 0.0678  data: 0.0000  max mem: 11815
      ITM Evaluation: [ 7200/19848]  eta: 0:15:06    time: 0.0681  data: 0.0000  max mem: 11815
      ITM Evaluation: [ 7300/19848]  eta: 0:14:58    time: 0.0650  data: 0.0000  max mem: 11815
      ITM Evaluation: [ 7400/19848]  eta: 0:14:51    time: 0.0666  data: 0.0000  max mem: 11815
      ITM Evaluation: [ 7500/19848]  eta: 0:14:43    time: 0.0693  data: 0.0000  max mem: 11815
      ITM Evaluation: [ 7600/19848]  eta: 0:14:35    time: 0.0701  data: 0.0000  max mem: 11815
      ITM Evaluation: [ 7700/19848]  eta: 0:14:27    time: 0.0670  data: 0.0000  max mem: 11815
      ITM Evaluation: [ 7800/19848]  eta: 0:14:19    time: 0.0660  data: 0.0000  max mem: 11815
      ITM Evaluation: [ 7900/19848]  eta: 0:14:12    time: 0.0777  data: 0.0000  max mem: 11815
      ITM Evaluation: [ 8000/19848]  eta: 0:14:04    time: 0.0681  data: 0.0000  max mem: 11815
      ITM Evaluation: [ 8100/19848]  eta: 0:13:56    time: 0.0715  data: 0.0000  max mem: 11815
      ITM Evaluation: [ 8200/19848]  eta: 0:13:48    time: 0.0618  data: 0.0000  max mem: 11815
      ITM Evaluation: [ 8300/19848]  eta: 0:13:40    time: 0.0607  data: 0.0000  max mem: 11815
      ITM Evaluation: [ 8400/19848]  eta: 0:13:31    time: 0.0622  data: 0.0000  max mem: 11815
      ITM Evaluation: [ 8500/19848]  eta: 0:13:23    time: 0.0636  data: 0.0000  max mem: 11815
      ITM Evaluation: [ 8600/19848]  eta: 0:13:15    time: 0.0635  data: 0.0000  max mem: 11815
      ITM Evaluation: [ 8700/19848]  eta: 0:13:07    time: 0.0679  data: 0.0000  max mem: 11815
      ITM Evaluation: [ 8800/19848]  eta: 0:13:00    time: 0.0680  data: 0.0000  max mem: 11815
      ITM Evaluation: [ 8900/19848]  eta: 0:12:52    time: 0.0623  data: 0.0000  max mem: 11815
      ITM Evaluation: [ 9000/19848]  eta: 0:12:45    time: 0.0707  data: 0.0000  max mem: 11815
      ITM Evaluation: [ 9100/19848]  eta: 0:12:37    time: 0.0655  data: 0.0000  max mem: 11815
      ITM Evaluation: [ 9200/19848]  eta: 0:12:30    time: 0.0668  data: 0.0000  max mem: 11815
      ITM Evaluation: [ 9300/19848]  eta: 0:12:22    time: 0.0673  data: 0.0000  max mem: 11815
      ITM Evaluation: [ 9400/19848]  eta: 0:12:15    time: 0.0659  data: 0.0000  max mem: 11815
      ITM Evaluation: [ 9500/19848]  eta: 0:12:08    time: 0.0755  data: 0.0000  max mem: 11815
      ITM Evaluation: [ 9600/19848]  eta: 0:12:00    time: 0.0629  data: 0.0000  max mem: 11815
      ITM Evaluation: [ 9700/19848]  eta: 0:11:52    time: 0.0683  data: 0.0000  max mem: 11815
      ITM Evaluation: [ 9800/19848]  eta: 0:11:45    time: 0.0680  data: 0.0000  max mem: 11815
      ITM Evaluation: [ 9900/19848]  eta: 0:11:38    time: 0.0608  data: 0.0000  max mem: 11815
      ITM Evaluation: [10000/19848]  eta: 0:11:30    time: 0.0680  data: 0.0000  max mem: 11815
      ITM Evaluation: [10100/19848]  eta: 0:11:23    time: 0.0632  data: 0.0000  max mem: 11815
      ITM Evaluation: [10200/19848]  eta: 0:11:15    time: 0.0654  data: 0.0000  max mem: 11815
      ITM Evaluation: [10300/19848]  eta: 0:11:08    time: 0.0644  data: 0.0000  max mem: 11815
      ITM Evaluation: [10400/19848]  eta: 0:11:01    time: 0.0658  data: 0.0000  max mem: 11815
      ITM Evaluation: [10500/19848]  eta: 0:10:54    time: 0.0705  data: 0.0000  max mem: 11815
      ITM Evaluation: [10600/19848]  eta: 0:10:47    time: 0.0684  data: 0.0000  max mem: 11815
      ITM Evaluation: [10700/19848]  eta: 0:10:40    time: 0.0679  data: 0.0000  max mem: 11815
      ITM Evaluation: [10800/19848]  eta: 0:10:33    time: 0.0675  data: 0.0000  max mem: 11815
      ITM Evaluation: [10900/19848]  eta: 0:10:25    time: 0.0666  data: 0.0000  max mem: 11815
      ITM Evaluation: [11000/19848]  eta: 0:10:18    time: 0.0695  data: 0.0000  max mem: 11815
      ITM Evaluation: [11100/19848]  eta: 0:10:11    time: 0.0667  data: 0.0000  max mem: 11815
      ITM Evaluation: [11200/19848]  eta: 0:10:04    time: 0.0670  data: 0.0000  max mem: 11815
      ITM Evaluation: [11300/19848]  eta: 0:09:57    time: 0.0654  data: 0.0000  max mem: 11815
      ITM Evaluation: [11400/19848]  eta: 0:09:49    time: 0.0690  data: 0.0000  max mem: 11815
      ITM Evaluation: [11500/19848]  eta: 0:09:42    time: 0.0714  data: 0.0000  max mem: 11815
      ITM Evaluation: [11600/19848]  eta: 0:09:35    time: 0.0680  data: 0.0000  max mem: 11815
      ITM Evaluation: [11700/19848]  eta: 0:09:28    time: 0.0694  data: 0.0000  max mem: 11815
      ITM Evaluation: [11800/19848]  eta: 0:09:21    time: 0.0661  data: 0.0000  max mem: 11815
      ITM Evaluation: [11900/19848]  eta: 0:09:14    time: 0.0659  data: 0.0000  max mem: 11815
      ITM Evaluation: [12000/19848]  eta: 0:09:06    time: 0.0653  data: 0.0000  max mem: 11815
      ITM Evaluation: [12100/19848]  eta: 0:08:59    time: 0.0665  data: 0.0000  max mem: 11815
      ITM Evaluation: [12200/19848]  eta: 0:08:52    time: 0.0690  data: 0.0000  max mem: 11815
      ITM Evaluation: [12300/19848]  eta: 0:08:45    time: 0.0685  data: 0.0000  max mem: 11815
      ITM Evaluation: [12400/19848]  eta: 0:08:38    time: 0.0691  data: 0.0000  max mem: 11815
      ITM Evaluation: [12500/19848]  eta: 0:08:31    time: 0.0689  data: 0.0000  max mem: 11815
      ITM Evaluation: [12600/19848]  eta: 0:08:24    time: 0.0704  data: 0.0000  max mem: 11815
      ITM Evaluation: [12700/19848]  eta: 0:08:17    time: 0.0660  data: 0.0000  max mem: 11815
      ITM Evaluation: [12800/19848]  eta: 0:08:10    time: 0.0597  data: 0.0000  max mem: 11815
      ITM Evaluation: [12900/19848]  eta: 0:08:02    time: 0.0667  data: 0.0000  max mem: 11815
      ITM Evaluation: [13000/19848]  eta: 0:07:55    time: 0.0652  data: 0.0000  max mem: 11815
      ITM Evaluation: [13100/19848]  eta: 0:07:48    time: 0.0666  data: 0.0000  max mem: 11815
      ITM Evaluation: [13200/19848]  eta: 0:07:41    time: 0.0654  data: 0.0000  max mem: 11815
      ITM Evaluation: [13300/19848]  eta: 0:07:34    time: 0.0677  data: 0.0000  max mem: 11815
      ITM Evaluation: [13400/19848]  eta: 0:07:27    time: 0.0676  data: 0.0000  max mem: 11815
      ITM Evaluation: [13500/19848]  eta: 0:07:20    time: 0.0677  data: 0.0000  max mem: 11815
      ITM Evaluation: [13600/19848]  eta: 0:07:13    time: 0.0671  data: 0.0000  max mem: 11815
      ITM Evaluation: [13700/19848]  eta: 0:07:06    time: 0.0673  data: 0.0000  max mem: 11815
      ITM Evaluation: [13800/19848]  eta: 0:06:59    time: 0.0661  data: 0.0000  max mem: 11815
      ITM Evaluation: [13900/19848]  eta: 0:06:51    time: 0.0682  data: 0.0000  max mem: 11815
      ITM Evaluation: [14000/19848]  eta: 0:06:44    time: 0.0669  data: 0.0000  max mem: 11815
      ITM Evaluation: [14100/19848]  eta: 0:06:37    time: 0.0692  data: 0.0000  max mem: 11815
      ITM Evaluation: [14200/19848]  eta: 0:06:31    time: 0.0673  data: 0.0000  max mem: 11815
      ITM Evaluation: [14300/19848]  eta: 0:06:23    time: 0.0658  data: 0.0000  max mem: 11815
      ITM Evaluation: [14400/19848]  eta: 0:06:16    time: 0.0681  data: 0.0000  max mem: 11815
      ITM Evaluation: [14500/19848]  eta: 0:06:09    time: 0.0679  data: 0.0000  max mem: 11815
      ITM Evaluation: [14600/19848]  eta: 0:06:03    time: 0.0706  data: 0.0000  max mem: 11815
      ITM Evaluation: [14700/19848]  eta: 0:05:56    time: 0.0719  data: 0.0000  max mem: 11815
      ITM Evaluation: [14800/19848]  eta: 0:05:49    time: 0.0668  data: 0.0000  max mem: 11815
      ITM Evaluation: [14900/19848]  eta: 0:05:42    time: 0.0662  data: 0.0000  max mem: 11815
      ITM Evaluation: [15000/19848]  eta: 0:05:35    time: 0.0678  data: 0.0000  max mem: 11815
      ITM Evaluation: [15100/19848]  eta: 0:05:28    time: 0.0670  data: 0.0000  max mem: 11815
      ITM Evaluation: [15200/19848]  eta: 0:05:21    time: 0.0733  data: 0.0000  max mem: 11815
      ITM Evaluation: [15300/19848]  eta: 0:05:14    time: 0.0693  data: 0.0000  max mem: 11815
      ITM Evaluation: [15400/19848]  eta: 0:05:07    time: 0.0709  data: 0.0000  max mem: 11815
      ITM Evaluation: [15500/19848]  eta: 0:05:00    time: 0.0664  data: 0.0000  max mem: 11815
      ITM Evaluation: [15600/19848]  eta: 0:04:53    time: 0.0671  data: 0.0000  max mem: 11815
      ITM Evaluation: [15700/19848]  eta: 0:04:46    time: 0.0732  data: 0.0000  max mem: 11815
      ITM Evaluation: [15800/19848]  eta: 0:04:39    time: 0.0640  data: 0.0000  max mem: 11815
      ITM Evaluation: [15900/19848]  eta: 0:04:32    time: 0.0672  data: 0.0000  max mem: 11815
      ITM Evaluation: [16000/19848]  eta: 0:04:25    time: 0.0670  data: 0.0000  max mem: 11815
      ITM Evaluation: [16100/19848]  eta: 0:04:18    time: 0.0632  data: 0.0000  max mem: 11815
      ITM Evaluation: [16200/19848]  eta: 0:04:11    time: 0.0675  data: 0.0000  max mem: 11815
      ITM Evaluation: [16300/19848]  eta: 0:04:04    time: 0.0676  data: 0.0000  max mem: 11815
      ITM Evaluation: [16400/19848]  eta: 0:03:58    time: 0.0711  data: 0.0000  max mem: 11815
      ITM Evaluation: [16500/19848]  eta: 0:03:51    time: 0.0664  data: 0.0000  max mem: 11815
      ITM Evaluation: [16600/19848]  eta: 0:03:44    time: 0.0685  data: 0.0000  max mem: 11815
      ITM Evaluation: [16700/19848]  eta: 0:03:37    time: 0.0664  data: 0.0000  max mem: 11815
      ITM Evaluation: [16800/19848]  eta: 0:03:30    time: 0.0647  data: 0.0000  max mem: 11815
      ITM Evaluation: [16900/19848]  eta: 0:03:23    time: 0.0735  data: 0.0000  max mem: 11815
      ITM Evaluation: [17000/19848]  eta: 0:03:16    time: 0.0720  data: 0.0000  max mem: 11815
      ITM Evaluation: [17100/19848]  eta: 0:03:09    time: 0.0676  data: 0.0000  max mem: 11815
      ITM Evaluation: [17200/19848]  eta: 0:03:02    time: 0.0672  data: 0.0000  max mem: 11815
      ITM Evaluation: [17300/19848]  eta: 0:02:55    time: 0.0641  data: 0.0000  max mem: 11815
      ITM Evaluation: [17400/19848]  eta: 0:02:48    time: 0.0660  data: 0.0000  max mem: 11815
      ITM Evaluation: [17500/19848]  eta: 0:02:41    time: 0.0669  data: 0.0000  max mem: 11815
      ITM Evaluation: [17600/19848]  eta: 0:02:34    time: 0.0680  data: 0.0000  max mem: 11815
      ITM Evaluation: [17700/19848]  eta: 0:02:28    time: 0.0677  data: 0.0000  max mem: 11815
      ITM Evaluation: [17800/19848]  eta: 0:02:21    time: 0.0705  data: 0.0000  max mem: 11815
      ITM Evaluation: [17900/19848]  eta: 0:02:14    time: 0.0668  data: 0.0000  max mem: 11815
      ITM Evaluation: [18000/19848]  eta: 0:02:07    time: 0.0678  data: 0.0000  max mem: 11815
      ITM Evaluation: [18100/19848]  eta: 0:02:00    time: 0.0689  data: 0.0000  max mem: 11815
      ITM Evaluation: [18200/19848]  eta: 0:01:53    time: 0.0684  data: 0.0000  max mem: 11815
      ITM Evaluation: [18300/19848]  eta: 0:01:46    time: 0.0700  data: 0.0000  max mem: 11815
      ITM Evaluation: [18400/19848]  eta: 0:01:39    time: 0.0695  data: 0.0000  max mem: 11815
      ITM Evaluation: [18500/19848]  eta: 0:01:32    time: 0.0688  data: 0.0000  max mem: 11815
      ITM Evaluation: [18600/19848]  eta: 0:01:26    time: 0.0670  data: 0.0000  max mem: 11815
      ITM Evaluation: [18700/19848]  eta: 0:01:19    time: 0.0707  data: 0.0000  max mem: 11815
      ITM Evaluation: [18800/19848]  eta: 0:01:12    time: 0.0702  data: 0.0000  max mem: 11815
      ITM Evaluation: [18900/19848]  eta: 0:01:05    time: 0.0706  data: 0.0000  max mem: 11815
      ITM Evaluation: [19000/19848]  eta: 0:00:58    time: 0.0686  data: 0.0000  max mem: 11815
      ITM Evaluation: [19100/19848]  eta: 0:00:51    time: 0.0660  data: 0.0000  max mem: 11815
      ITM Evaluation: [19200/19848]  eta: 0:00:44    time: 0.0692  data: 0.0000  max mem: 11815
      ITM Evaluation: [19300/19848]  eta: 0:00:37    time: 0.0724  data: 0.0000  max mem: 11815
      ITM Evaluation: [19400/19848]  eta: 0:00:30    time: 0.0696  data: 0.0000  max mem: 11815
      ITM Evaluation: [19500/19848]  eta: 0:00:24    time: 0.0678  data: 0.0000  max mem: 11815
      ITM Evaluation: [19600/19848]  eta: 0:00:17    time: 0.0715  data: 0.0000  max mem: 11815
      ITM Evaluation: [19700/19848]  eta: 0:00:10    time: 0.0680  data: 0.0000  max mem: 11815
      ITM Evaluation: [19800/19848]  eta: 0:00:03    time: 0.0711  data: 0.0000  max mem: 11815
      ITM Evaluation: [19847/19848]  eta: 0:00:00    time: 0.0742  data: 0.0000  max mem: 11815
      ITM Evaluation: Total time: 0:22:51 (0.0691 s / it)
     total_time 1373.5111646652222
     Computing matching score time 0:22:53
### TTA ITM Score: 
+-------+--------+--------+--------+--------+--------+
| epoch |   R1   |   R5   |  R10   |  mAP   |  mINP  |
+-------+--------+--------+--------+--------+--------+
|  -999 | 63.014 | 79.484 | 85.041 | 40.411 | 10.184 |
|  -999 | 68.183 | 82.885 | 87.500 | 40.507 | 9.104  |
|   0   | 61.452 | 80.477 | 86.165 | 37.879 | 9.331  |
|   1   | 60.782 | 80.391 | 86.120 | 37.613 | 9.317  |
|   2   | 60.273 | 80.200 | 85.999 | 37.379 | 9.295  |
|   3   | 60.369 | 80.225 | 86.059 | 37.362 | 9.290  |
|   4   | 60.248 | 80.169 | 86.034 | 37.309 | 9.270  |
+-------+--------+--------+--------+--------+--------+
     logs:  {'epo': 4, 'R1': 60.248, 'R5': 80.169, 'R10': 86.034, 'mAP': 37.309, 'mINP': 9.27, 'lr': 1.7e-05, 'entropy': 0.320403, 'loss': 0.320403}
      TTA Epoch: [5] [  0/620]  eta: 0:25:38  lr: 0.000017  entropy: 0.2204  loss: 0.2204  time: 2.4820  data: 2.3365  max mem: 11815
      TTA Epoch: [5] [100/620]  eta: 0:01:01  lr: 0.000017  entropy: 0.2409  loss: 0.2409  time: 0.0842  data: 0.0002  max mem: 11815
      TTA Epoch: [5] [200/620]  eta: 0:00:43  lr: 0.000017  entropy: 0.3077  loss: 0.3077  time: 0.0906  data: 0.0004  max mem: 11815
      TTA Epoch: [5] [300/620]  eta: 0:00:31  lr: 0.000016  entropy: 0.2555  loss: 0.2555  time: 0.0759  data: 0.0001  max mem: 11815
      TTA Epoch: [5] [400/620]  eta: 0:00:21  lr: 0.000016  entropy: 0.2512  loss: 0.2512  time: 0.0838  data: 0.0013  max mem: 11815
      TTA Epoch: [5] [500/620]  eta: 0:00:11  lr: 0.000016  entropy: 0.4325  loss: 0.4325  time: 0.0830  data: 0.0002  max mem: 11815
      TTA Epoch: [5] [600/620]  eta: 0:00:01  lr: 0.000016  entropy: 0.2807  loss: 0.2807  time: 0.0885  data: 0.0002  max mem: 11815
      TTA Epoch: [5] [619/620]  eta: 0:00:00  lr: 0.000016  entropy: 0.2605  loss: 0.2605  time: 0.0815  data: 0.0002  max mem: 11815
      TTA Epoch: [5] Total time: 0:00:57 (0.0922 s / it)
     Averaged stats: lr: 0.0000  entropy: 0.3085  loss: 0.3085
     itm tta time 0:00:57
     Computing matching score
      ITM Evaluation: [    0/19848]  eta: 0:41:22    time: 0.1251  data: 0.0419  max mem: 11815
      ITM Evaluation: [  100/19848]  eta: 0:23:44    time: 0.0737  data: 0.0000  max mem: 11815
      ITM Evaluation: [  200/19848]  eta: 0:22:53    time: 0.0662  data: 0.0000  max mem: 11815
      ITM Evaluation: [  300/19848]  eta: 0:22:34    time: 0.0686  data: 0.0000  max mem: 11815
      ITM Evaluation: [  400/19848]  eta: 0:22:32    time: 0.0785  data: 0.0000  max mem: 11815
      ITM Evaluation: [  500/19848]  eta: 0:22:28    time: 0.0696  data: 0.0000  max mem: 11815
      ITM Evaluation: [  600/19848]  eta: 0:22:20    time: 0.0693  data: 0.0000  max mem: 11815
      ITM Evaluation: [  700/19848]  eta: 0:22:14    time: 0.0695  data: 0.0000  max mem: 11815
      ITM Evaluation: [  800/19848]  eta: 0:22:06    time: 0.0701  data: 0.0000  max mem: 11815
      ITM Evaluation: [  900/19848]  eta: 0:22:03    time: 0.0777  data: 0.0000  max mem: 11815
      ITM Evaluation: [ 1000/19848]  eta: 0:21:46    time: 0.0648  data: 0.0000  max mem: 11815
      ITM Evaluation: [ 1100/19848]  eta: 0:21:33    time: 0.0645  data: 0.0000  max mem: 11815
      ITM Evaluation: [ 1200/19848]  eta: 0:21:23    time: 0.0650  data: 0.0000  max mem: 11815
      ITM Evaluation: [ 1300/19848]  eta: 0:21:13    time: 0.0672  data: 0.0000  max mem: 11815
      ITM Evaluation: [ 1400/19848]  eta: 0:21:04    time: 0.0697  data: 0.0000  max mem: 11815
      ITM Evaluation: [ 1500/19848]  eta: 0:20:59    time: 0.0666  data: 0.0000  max mem: 11815
      ITM Evaluation: [ 1600/19848]  eta: 0:20:53    time: 0.0703  data: 0.0000  max mem: 11815
      ITM Evaluation: [ 1700/19848]  eta: 0:20:44    time: 0.0673  data: 0.0000  max mem: 11815
      ITM Evaluation: [ 1800/19848]  eta: 0:20:35    time: 0.0668  data: 0.0000  max mem: 11815
      ITM Evaluation: [ 1900/19848]  eta: 0:20:27    time: 0.0659  data: 0.0000  max mem: 11815
      ITM Evaluation: [ 2000/19848]  eta: 0:20:21    time: 0.0679  data: 0.0000  max mem: 11815
      ITM Evaluation: [ 2100/19848]  eta: 0:20:13    time: 0.0679  data: 0.0000  max mem: 11815
      ITM Evaluation: [ 2200/19848]  eta: 0:20:06    time: 0.0698  data: 0.0000  max mem: 11815
      ITM Evaluation: [ 2300/19848]  eta: 0:20:00    time: 0.0689  data: 0.0000  max mem: 11815
      ITM Evaluation: [ 2400/19848]  eta: 0:19:51    time: 0.0640  data: 0.0000  max mem: 11815
      ITM Evaluation: [ 2500/19848]  eta: 0:19:46    time: 0.0736  data: 0.0000  max mem: 11815
      ITM Evaluation: [ 2600/19848]  eta: 0:19:38    time: 0.0681  data: 0.0000  max mem: 11815
      ITM Evaluation: [ 2700/19848]  eta: 0:19:30    time: 0.0661  data: 0.0000  max mem: 11815
      ITM Evaluation: [ 2800/19848]  eta: 0:19:22    time: 0.0689  data: 0.0000  max mem: 11815
      ITM Evaluation: [ 2900/19848]  eta: 0:19:13    time: 0.0664  data: 0.0000  max mem: 11815
      ITM Evaluation: [ 3000/19848]  eta: 0:19:05    time: 0.0655  data: 0.0000  max mem: 11815
      ITM Evaluation: [ 3100/19848]  eta: 0:18:58    time: 0.0623  data: 0.0000  max mem: 11815
      ITM Evaluation: [ 3200/19848]  eta: 0:18:52    time: 0.0670  data: 0.0000  max mem: 11815
      ITM Evaluation: [ 3300/19848]  eta: 0:18:44    time: 0.0662  data: 0.0000  max mem: 11815
      ITM Evaluation: [ 3400/19848]  eta: 0:18:36    time: 0.0660  data: 0.0000  max mem: 11815
      ITM Evaluation: [ 3500/19848]  eta: 0:18:28    time: 0.0659  data: 0.0000  max mem: 11815
      ITM Evaluation: [ 3600/19848]  eta: 0:18:21    time: 0.0646  data: 0.0000  max mem: 11815
      ITM Evaluation: [ 3700/19848]  eta: 0:18:13    time: 0.0626  data: 0.0000  max mem: 11815
      ITM Evaluation: [ 3800/19848]  eta: 0:18:03    time: 0.0625  data: 0.0000  max mem: 11815
      ITM Evaluation: [ 3900/19848]  eta: 0:17:55    time: 0.0625  data: 0.0000  max mem: 11815
      ITM Evaluation: [ 4000/19848]  eta: 0:17:47    time: 0.0644  data: 0.0000  max mem: 11815
      ITM Evaluation: [ 4100/19848]  eta: 0:17:38    time: 0.0624  data: 0.0000  max mem: 11815
      ITM Evaluation: [ 4200/19848]  eta: 0:17:31    time: 0.0645  data: 0.0000  max mem: 11815
      ITM Evaluation: [ 4300/19848]  eta: 0:17:24    time: 0.0652  data: 0.0000  max mem: 11815
      ITM Evaluation: [ 4400/19848]  eta: 0:17:17    time: 0.0634  data: 0.0000  max mem: 11815
      ITM Evaluation: [ 4500/19848]  eta: 0:17:09    time: 0.0648  data: 0.0000  max mem: 11815
      ITM Evaluation: [ 4600/19848]  eta: 0:17:03    time: 0.0659  data: 0.0000  max mem: 11815
      ITM Evaluation: [ 4700/19848]  eta: 0:16:57    time: 0.0677  data: 0.0000  max mem: 11815
      ITM Evaluation: [ 4800/19848]  eta: 0:16:50    time: 0.0681  data: 0.0000  max mem: 11815
      ITM Evaluation: [ 4900/19848]  eta: 0:16:43    time: 0.0676  data: 0.0000  max mem: 11815
      ITM Evaluation: [ 5000/19848]  eta: 0:16:36    time: 0.0641  data: 0.0000  max mem: 11815
      ITM Evaluation: [ 5100/19848]  eta: 0:16:29    time: 0.0686  data: 0.0000  max mem: 11815
      ITM Evaluation: [ 5200/19848]  eta: 0:16:22    time: 0.0729  data: 0.0000  max mem: 11815
      ITM Evaluation: [ 5300/19848]  eta: 0:16:15    time: 0.0633  data: 0.0000  max mem: 11815
      ITM Evaluation: [ 5400/19848]  eta: 0:16:08    time: 0.0685  data: 0.0000  max mem: 11815
      ITM Evaluation: [ 5500/19848]  eta: 0:16:02    time: 0.0690  data: 0.0000  max mem: 11815
      ITM Evaluation: [ 5600/19848]  eta: 0:15:56    time: 0.0697  data: 0.0000  max mem: 11815
      ITM Evaluation: [ 5700/19848]  eta: 0:15:49    time: 0.0675  data: 0.0000  max mem: 11815
      ITM Evaluation: [ 5800/19848]  eta: 0:15:43    time: 0.0677  data: 0.0000  max mem: 11815
      ITM Evaluation: [ 5900/19848]  eta: 0:15:36    time: 0.0653  data: 0.0000  max mem: 11815
      ITM Evaluation: [ 6000/19848]  eta: 0:15:30    time: 0.0703  data: 0.0000  max mem: 11815
      ITM Evaluation: [ 6100/19848]  eta: 0:15:23    time: 0.0669  data: 0.0000  max mem: 11815
      ITM Evaluation: [ 6200/19848]  eta: 0:15:16    time: 0.0652  data: 0.0000  max mem: 11815
      ITM Evaluation: [ 6300/19848]  eta: 0:15:10    time: 0.0681  data: 0.0000  max mem: 11815
      ITM Evaluation: [ 6400/19848]  eta: 0:15:03    time: 0.0655  data: 0.0000  max mem: 11815
      ITM Evaluation: [ 6500/19848]  eta: 0:14:56    time: 0.0661  data: 0.0000  max mem: 11815
      ITM Evaluation: [ 6600/19848]  eta: 0:14:49    time: 0.0662  data: 0.0000  max mem: 11815
      ITM Evaluation: [ 6700/19848]  eta: 0:14:42    time: 0.0670  data: 0.0000  max mem: 11815
      ITM Evaluation: [ 6800/19848]  eta: 0:14:35    time: 0.0644  data: 0.0000  max mem: 11815
      ITM Evaluation: [ 6900/19848]  eta: 0:14:29    time: 0.0674  data: 0.0000  max mem: 11815
      ITM Evaluation: [ 7000/19848]  eta: 0:14:22    time: 0.0671  data: 0.0000  max mem: 11815
      ITM Evaluation: [ 7100/19848]  eta: 0:14:16    time: 0.0709  data: 0.0000  max mem: 11815
      ITM Evaluation: [ 7200/19848]  eta: 0:14:09    time: 0.0693  data: 0.0000  max mem: 11815
      ITM Evaluation: [ 7300/19848]  eta: 0:14:03    time: 0.0692  data: 0.0000  max mem: 11815
      ITM Evaluation: [ 7400/19848]  eta: 0:13:56    time: 0.0664  data: 0.0000  max mem: 11815
      ITM Evaluation: [ 7500/19848]  eta: 0:13:49    time: 0.0650  data: 0.0000  max mem: 11815
      ITM Evaluation: [ 7600/19848]  eta: 0:13:43    time: 0.0667  data: 0.0000  max mem: 11815
      ITM Evaluation: [ 7700/19848]  eta: 0:13:36    time: 0.0667  data: 0.0000  max mem: 11815
      ITM Evaluation: [ 7800/19848]  eta: 0:13:29    time: 0.0712  data: 0.0000  max mem: 11815
      ITM Evaluation: [ 7900/19848]  eta: 0:13:23    time: 0.0669  data: 0.0000  max mem: 11815
      ITM Evaluation: [ 8000/19848]  eta: 0:13:16    time: 0.0617  data: 0.0000  max mem: 11815
      ITM Evaluation: [ 8100/19848]  eta: 0:13:08    time: 0.0656  data: 0.0000  max mem: 11815
      ITM Evaluation: [ 8200/19848]  eta: 0:13:01    time: 0.0663  data: 0.0000  max mem: 11815
      ITM Evaluation: [ 8300/19848]  eta: 0:12:54    time: 0.0644  data: 0.0000  max mem: 11815
      ITM Evaluation: [ 8400/19848]  eta: 0:12:47    time: 0.0678  data: 0.0000  max mem: 11815
      ITM Evaluation: [ 8500/19848]  eta: 0:12:41    time: 0.0689  data: 0.0000  max mem: 11815
      ITM Evaluation: [ 8600/19848]  eta: 0:12:34    time: 0.0638  data: 0.0000  max mem: 11815
      ITM Evaluation: [ 8700/19848]  eta: 0:12:27    time: 0.0618  data: 0.0000  max mem: 11815
      ITM Evaluation: [ 8800/19848]  eta: 0:12:20    time: 0.0655  data: 0.0000  max mem: 11815
      ITM Evaluation: [ 8900/19848]  eta: 0:12:13    time: 0.0701  data: 0.0000  max mem: 11815
      ITM Evaluation: [ 9000/19848]  eta: 0:12:06    time: 0.0659  data: 0.0000  max mem: 11815
      ITM Evaluation: [ 9100/19848]  eta: 0:11:59    time: 0.0656  data: 0.0000  max mem: 11815
      ITM Evaluation: [ 9200/19848]  eta: 0:11:53    time: 0.0662  data: 0.0000  max mem: 11815
      ITM Evaluation: [ 9300/19848]  eta: 0:11:46    time: 0.0658  data: 0.0000  max mem: 11815
      ITM Evaluation: [ 9400/19848]  eta: 0:11:39    time: 0.0696  data: 0.0000  max mem: 11815
      ITM Evaluation: [ 9500/19848]  eta: 0:11:33    time: 0.0674  data: 0.0000  max mem: 11815
      ITM Evaluation: [ 9600/19848]  eta: 0:11:26    time: 0.0700  data: 0.0000  max mem: 11815
      ITM Evaluation: [ 9700/19848]  eta: 0:11:19    time: 0.0621  data: 0.0000  max mem: 11815
      ITM Evaluation: [ 9800/19848]  eta: 0:11:12    time: 0.0653  data: 0.0000  max mem: 11815
      ITM Evaluation: [ 9900/19848]  eta: 0:11:06    time: 0.0681  data: 0.0000  max mem: 11815
      ITM Evaluation: [10000/19848]  eta: 0:10:59    time: 0.0657  data: 0.0000  max mem: 11815
      ITM Evaluation: [10100/19848]  eta: 0:10:52    time: 0.0644  data: 0.0000  max mem: 11815
      ITM Evaluation: [10200/19848]  eta: 0:10:45    time: 0.0647  data: 0.0000  max mem: 11815
      ITM Evaluation: [10300/19848]  eta: 0:10:39    time: 0.0668  data: 0.0000  max mem: 11815
      ITM Evaluation: [10400/19848]  eta: 0:10:32    time: 0.0645  data: 0.0000  max mem: 11815
      ITM Evaluation: [10500/19848]  eta: 0:10:25    time: 0.0707  data: 0.0000  max mem: 11815
      ITM Evaluation: [10600/19848]  eta: 0:10:18    time: 0.0679  data: 0.0000  max mem: 11815
      ITM Evaluation: [10700/19848]  eta: 0:10:12    time: 0.0665  data: 0.0000  max mem: 11815
      ITM Evaluation: [10800/19848]  eta: 0:10:05    time: 0.0669  data: 0.0000  max mem: 11815
      ITM Evaluation: [10900/19848]  eta: 0:09:58    time: 0.0649  data: 0.0000  max mem: 11815
      ITM Evaluation: [11000/19848]  eta: 0:09:51    time: 0.0765  data: 0.0000  max mem: 11815
      ITM Evaluation: [11100/19848]  eta: 0:09:45    time: 0.0644  data: 0.0000  max mem: 11815
      ITM Evaluation: [11200/19848]  eta: 0:09:38    time: 0.0643  data: 0.0000  max mem: 11815
      ITM Evaluation: [11300/19848]  eta: 0:09:31    time: 0.0656  data: 0.0000  max mem: 11815
      ITM Evaluation: [11400/19848]  eta: 0:09:24    time: 0.0664  data: 0.0000  max mem: 11815
      ITM Evaluation: [11500/19848]  eta: 0:09:18    time: 0.0641  data: 0.0000  max mem: 11815
      ITM Evaluation: [11600/19848]  eta: 0:09:11    time: 0.0704  data: 0.0000  max mem: 11815
      ITM Evaluation: [11700/19848]  eta: 0:09:04    time: 0.0676  data: 0.0000  max mem: 11815
      ITM Evaluation: [11800/19848]  eta: 0:08:58    time: 0.0664  data: 0.0000  max mem: 11815
      ITM Evaluation: [11900/19848]  eta: 0:08:51    time: 0.0655  data: 0.0000  max mem: 11815
      ITM Evaluation: [12000/19848]  eta: 0:08:44    time: 0.0665  data: 0.0000  max mem: 11815
      ITM Evaluation: [12100/19848]  eta: 0:08:37    time: 0.0662  data: 0.0000  max mem: 11815
      ITM Evaluation: [12200/19848]  eta: 0:08:31    time: 0.0654  data: 0.0000  max mem: 11815
      ITM Evaluation: [12300/19848]  eta: 0:08:24    time: 0.0667  data: 0.0000  max mem: 11815
      ITM Evaluation: [12400/19848]  eta: 0:08:17    time: 0.0658  data: 0.0000  max mem: 11815
      ITM Evaluation: [12500/19848]  eta: 0:08:10    time: 0.0649  data: 0.0000  max mem: 11815
      ITM Evaluation: [12600/19848]  eta: 0:08:04    time: 0.0665  data: 0.0000  max mem: 11815
      ITM Evaluation: [12700/19848]  eta: 0:07:57    time: 0.0745  data: 0.0000  max mem: 11815
      ITM Evaluation: [12800/19848]  eta: 0:07:50    time: 0.0567  data: 0.0000  max mem: 11815
      ITM Evaluation: [12900/19848]  eta: 0:07:43    time: 0.0662  data: 0.0000  max mem: 11815
      ITM Evaluation: [13000/19848]  eta: 0:07:36    time: 0.0605  data: 0.0000  max mem: 11815
      ITM Evaluation: [13100/19848]  eta: 0:07:29    time: 0.0618  data: 0.0000  max mem: 11815
      ITM Evaluation: [13200/19848]  eta: 0:07:22    time: 0.0601  data: 0.0000  max mem: 11815
      ITM Evaluation: [13300/19848]  eta: 0:07:16    time: 0.0672  data: 0.0000  max mem: 11815
      ITM Evaluation: [13400/19848]  eta: 0:07:09    time: 0.0610  data: 0.0000  max mem: 11815
      ITM Evaluation: [13500/19848]  eta: 0:07:02    time: 0.0610  data: 0.0000  max mem: 11815
      ITM Evaluation: [13600/19848]  eta: 0:06:55    time: 0.0645  data: 0.0000  max mem: 11815
      ITM Evaluation: [13700/19848]  eta: 0:06:48    time: 0.0648  data: 0.0000  max mem: 11815
      ITM Evaluation: [13800/19848]  eta: 0:06:42    time: 0.0688  data: 0.0000  max mem: 11815
      ITM Evaluation: [13900/19848]  eta: 0:06:35    time: 0.0642  data: 0.0000  max mem: 11815
      ITM Evaluation: [14000/19848]  eta: 0:06:28    time: 0.0659  data: 0.0000  max mem: 11815
      ITM Evaluation: [14100/19848]  eta: 0:06:22    time: 0.0654  data: 0.0000  max mem: 11815
      ITM Evaluation: [14200/19848]  eta: 0:06:15    time: 0.0671  data: 0.0000  max mem: 11815
      ITM Evaluation: [14300/19848]  eta: 0:06:08    time: 0.0666  data: 0.0000  max mem: 11815
      ITM Evaluation: [14400/19848]  eta: 0:06:02    time: 0.0621  data: 0.0000  max mem: 11815
      ITM Evaluation: [14500/19848]  eta: 0:05:55    time: 0.0672  data: 0.0000  max mem: 11815
      ITM Evaluation: [14600/19848]  eta: 0:05:48    time: 0.0658  data: 0.0000  max mem: 11815
      ITM Evaluation: [14700/19848]  eta: 0:05:42    time: 0.0661  data: 0.0000  max mem: 11815
      ITM Evaluation: [14800/19848]  eta: 0:05:35    time: 0.0641  data: 0.0000  max mem: 11815
      ITM Evaluation: [14900/19848]  eta: 0:05:28    time: 0.0685  data: 0.0000  max mem: 11815
      ITM Evaluation: [15000/19848]  eta: 0:05:22    time: 0.0689  data: 0.0000  max mem: 11815
      ITM Evaluation: [15100/19848]  eta: 0:05:15    time: 0.0664  data: 0.0000  max mem: 11815
      ITM Evaluation: [15200/19848]  eta: 0:05:09    time: 0.0648  data: 0.0000  max mem: 11815
      ITM Evaluation: [15300/19848]  eta: 0:05:02    time: 0.0672  data: 0.0000  max mem: 11815
      ITM Evaluation: [15400/19848]  eta: 0:04:55    time: 0.0670  data: 0.0000  max mem: 11815
      ITM Evaluation: [15500/19848]  eta: 0:04:49    time: 0.0729  data: 0.0000  max mem: 11815
      ITM Evaluation: [15600/19848]  eta: 0:04:42    time: 0.0642  data: 0.0000  max mem: 11815
      ITM Evaluation: [15700/19848]  eta: 0:04:35    time: 0.0680  data: 0.0000  max mem: 11815
      ITM Evaluation: [15800/19848]  eta: 0:04:29    time: 0.0678  data: 0.0000  max mem: 11815
      ITM Evaluation: [15900/19848]  eta: 0:04:22    time: 0.0611  data: 0.0000  max mem: 11815
      ITM Evaluation: [16000/19848]  eta: 0:04:15    time: 0.0655  data: 0.0000  max mem: 11815
      ITM Evaluation: [16100/19848]  eta: 0:04:09    time: 0.0657  data: 0.0000  max mem: 11815
      ITM Evaluation: [16200/19848]  eta: 0:04:02    time: 0.0649  data: 0.0000  max mem: 11815
      ITM Evaluation: [16300/19848]  eta: 0:03:56    time: 0.0643  data: 0.0000  max mem: 11815
      ITM Evaluation: [16400/19848]  eta: 0:03:49    time: 0.0686  data: 0.0000  max mem: 11815
      ITM Evaluation: [16500/19848]  eta: 0:03:42    time: 0.0636  data: 0.0000  max mem: 11815
      ITM Evaluation: [16600/19848]  eta: 0:03:36    time: 0.0748  data: 0.0000  max mem: 11815
      ITM Evaluation: [16700/19848]  eta: 0:03:29    time: 0.0667  data: 0.0000  max mem: 11815
      ITM Evaluation: [16800/19848]  eta: 0:03:22    time: 0.0647  data: 0.0000  max mem: 11815
      ITM Evaluation: [16900/19848]  eta: 0:03:16    time: 0.0667  data: 0.0000  max mem: 11815
      ITM Evaluation: [17000/19848]  eta: 0:03:09    time: 0.0668  data: 0.0000  max mem: 11815
      ITM Evaluation: [17100/19848]  eta: 0:03:02    time: 0.0680  data: 0.0000  max mem: 11815
      ITM Evaluation: [17200/19848]  eta: 0:02:56    time: 0.0668  data: 0.0000  max mem: 11815
      ITM Evaluation: [17300/19848]  eta: 0:02:49    time: 0.0617  data: 0.0000  max mem: 11815
      ITM Evaluation: [17400/19848]  eta: 0:02:42    time: 0.0672  data: 0.0000  max mem: 11815
      ITM Evaluation: [17500/19848]  eta: 0:02:36    time: 0.0648  data: 0.0000  max mem: 11815
      ITM Evaluation: [17600/19848]  eta: 0:02:29    time: 0.0682  data: 0.0000  max mem: 11815
      ITM Evaluation: [17700/19848]  eta: 0:02:22    time: 0.0735  data: 0.0000  max mem: 11815
      ITM Evaluation: [17800/19848]  eta: 0:02:16    time: 0.0655  data: 0.0000  max mem: 11815
      ITM Evaluation: [17900/19848]  eta: 0:02:09    time: 0.0618  data: 0.0000  max mem: 11815
      ITM Evaluation: [18000/19848]  eta: 0:02:03    time: 0.0602  data: 0.0000  max mem: 11815
      ITM Evaluation: [18100/19848]  eta: 0:01:56    time: 0.0638  data: 0.0000  max mem: 11815
      ITM Evaluation: [18200/19848]  eta: 0:01:49    time: 0.0654  data: 0.0000  max mem: 11815
      ITM Evaluation: [18300/19848]  eta: 0:01:43    time: 0.0654  data: 0.0000  max mem: 11815
      ITM Evaluation: [18400/19848]  eta: 0:01:36    time: 0.0677  data: 0.0000  max mem: 11815
      ITM Evaluation: [18500/19848]  eta: 0:01:29    time: 0.0693  data: 0.0000  max mem: 11815
      ITM Evaluation: [18600/19848]  eta: 0:01:23    time: 0.0694  data: 0.0000  max mem: 11815
      ITM Evaluation: [18700/19848]  eta: 0:01:16    time: 0.0655  data: 0.0000  max mem: 11815
      ITM Evaluation: [18800/19848]  eta: 0:01:09    time: 0.0690  data: 0.0000  max mem: 11815
      ITM Evaluation: [18900/19848]  eta: 0:01:03    time: 0.0714  data: 0.0000  max mem: 11815
      ITM Evaluation: [19000/19848]  eta: 0:00:56    time: 0.0665  data: 0.0000  max mem: 11815
      ITM Evaluation: [19100/19848]  eta: 0:00:49    time: 0.0695  data: 0.0000  max mem: 11815
      ITM Evaluation: [19200/19848]  eta: 0:00:43    time: 0.0705  data: 0.0000  max mem: 11815
      ITM Evaluation: [19300/19848]  eta: 0:00:36    time: 0.0779  data: 0.0000  max mem: 11815
      ITM Evaluation: [19400/19848]  eta: 0:00:29    time: 0.0726  data: 0.0000  max mem: 11815
      ITM Evaluation: [19500/19848]  eta: 0:00:23    time: 0.0655  data: 0.0000  max mem: 11815
      ITM Evaluation: [19600/19848]  eta: 0:00:16    time: 0.0735  data: 0.0000  max mem: 11815
      ITM Evaluation: [19700/19848]  eta: 0:00:09    time: 0.0671  data: 0.0000  max mem: 11815
      ITM Evaluation: [19800/19848]  eta: 0:00:03    time: 0.0719  data: 0.0000  max mem: 11815
      ITM Evaluation: [19847/19848]  eta: 0:00:00    time: 0.0666  data: 0.0000  max mem: 11815
      ITM Evaluation: Total time: 0:22:06 (0.0668 s / it)
     total_time 1328.2706611156464
     Computing matching score time 0:22:08
### TTA ITM Score: 
+-------+--------+--------+--------+--------+--------+
| epoch |   R1   |   R5   |  R10   |  mAP   |  mINP  |
+-------+--------+--------+--------+--------+--------+
|  -999 | 63.014 | 79.484 | 85.041 | 40.411 | 10.184 |
|  -999 | 68.183 | 82.885 | 87.500 | 40.507 | 9.104  |
|   0   | 61.452 | 80.477 | 86.165 | 37.879 | 9.331  |
|   1   | 60.782 | 80.391 | 86.120 | 37.613 | 9.317  |
|   2   | 60.273 | 80.200 | 85.999 | 37.379 | 9.295  |
|   3   | 60.369 | 80.225 | 86.059 | 37.362 | 9.290  |
|   4   | 60.248 | 80.169 | 86.034 | 37.309 | 9.270  |
|   5   | 59.744 | 79.993 | 85.913 | 37.043 | 9.241  |
+-------+--------+--------+--------+--------+--------+
     logs:  {'epo': 5, 'R1': 59.744, 'R5': 79.993, 'R10': 85.913, 'mAP': 37.043, 'mINP': 9.241, 'lr': 1.6e-05, 'entropy': 0.308495, 'loss': 0.308495}
      TTA Epoch: [6] [  0/620]  eta: 0:21:28  lr: 0.000016  entropy: 0.3268  loss: 0.3268  time: 2.0779  data: 1.9388  max mem: 11815
      TTA Epoch: [6] [100/620]  eta: 0:00:55  lr: 0.000016  entropy: 0.2786  loss: 0.2786  time: 0.0844  data: 0.0003  max mem: 11815
      TTA Epoch: [6] [200/620]  eta: 0:00:40  lr: 0.000016  entropy: 0.3996  loss: 0.3996  time: 0.0843  data: 0.0002  max mem: 11815
      TTA Epoch: [6] [300/620]  eta: 0:00:29  lr: 0.000016  entropy: 0.2885  loss: 0.2885  time: 0.0794  data: 0.0002  max mem: 11815
      TTA Epoch: [6] [400/620]  eta: 0:00:19  lr: 0.000016  entropy: 0.3583  loss: 0.3583  time: 0.0827  data: 0.0002  max mem: 11815
      TTA Epoch: [6] [500/620]  eta: 0:00:10  lr: 0.000016  entropy: 0.2780  loss: 0.2780  time: 0.0894  data: 0.0003  max mem: 11815
      TTA Epoch: [6] [600/620]  eta: 0:00:01  lr: 0.000015  entropy: 0.3789  loss: 0.3789  time: 0.0810  data: 0.0001  max mem: 11815
      TTA Epoch: [6] [619/620]  eta: 0:00:00  lr: 0.000015  entropy: 0.2342  loss: 0.2342  time: 0.0814  data: 0.0002  max mem: 11815
      TTA Epoch: [6] Total time: 0:00:54 (0.0881 s / it)
     Averaged stats: lr: 0.0000  entropy: 0.2984  loss: 0.2984
     itm tta time 0:00:55
     Computing matching score
      ITM Evaluation: [    0/19848]  eta: 0:27:30    time: 0.0832  data: 0.0196  max mem: 11815
      ITM Evaluation: [  100/19848]  eta: 0:23:53    time: 0.0723  data: 0.0000  max mem: 11815
      ITM Evaluation: [  200/19848]  eta: 0:23:15    time: 0.0683  data: 0.0000  max mem: 11815
      ITM Evaluation: [  300/19848]  eta: 0:23:01    time: 0.0687  data: 0.0000  max mem: 11815
      ITM Evaluation: [  400/19848]  eta: 0:22:47    time: 0.0719  data: 0.0000  max mem: 11815
      ITM Evaluation: [  500/19848]  eta: 0:22:30    time: 0.0625  data: 0.0000  max mem: 11815
      ITM Evaluation: [  600/19848]  eta: 0:22:00    time: 0.0643  data: 0.0000  max mem: 11815
      ITM Evaluation: [  700/19848]  eta: 0:21:49    time: 0.0650  data: 0.0000  max mem: 11815
      ITM Evaluation: [  800/19848]  eta: 0:21:36    time: 0.0637  data: 0.0000  max mem: 11815
      ITM Evaluation: [  900/19848]  eta: 0:21:24    time: 0.0677  data: 0.0000  max mem: 11815
      ITM Evaluation: [ 1000/19848]  eta: 0:21:13    time: 0.0662  data: 0.0000  max mem: 11815
      ITM Evaluation: [ 1100/19848]  eta: 0:21:03    time: 0.0678  data: 0.0000  max mem: 11815
      ITM Evaluation: [ 1200/19848]  eta: 0:20:56    time: 0.0690  data: 0.0000  max mem: 11815
      ITM Evaluation: [ 1300/19848]  eta: 0:20:50    time: 0.0648  data: 0.0000  max mem: 11815
      ITM Evaluation: [ 1400/19848]  eta: 0:20:37    time: 0.0623  data: 0.0000  max mem: 11815
      ITM Evaluation: [ 1500/19848]  eta: 0:20:28    time: 0.0652  data: 0.0000  max mem: 11815
      ITM Evaluation: [ 1600/19848]  eta: 0:20:20    time: 0.0659  data: 0.0000  max mem: 11815
      ITM Evaluation: [ 1700/19848]  eta: 0:20:12    time: 0.0656  data: 0.0000  max mem: 11815
      ITM Evaluation: [ 1800/19848]  eta: 0:20:05    time: 0.0665  data: 0.0000  max mem: 11815
      ITM Evaluation: [ 1900/19848]  eta: 0:20:01    time: 0.0702  data: 0.0000  max mem: 11815
      ITM Evaluation: [ 2000/19848]  eta: 0:19:58    time: 0.0725  data: 0.0000  max mem: 11815
      ITM Evaluation: [ 2100/19848]  eta: 0:19:51    time: 0.0637  data: 0.0000  max mem: 11815
      ITM Evaluation: [ 2200/19848]  eta: 0:19:43    time: 0.0655  data: 0.0000  max mem: 11815
      ITM Evaluation: [ 2300/19848]  eta: 0:19:35    time: 0.0659  data: 0.0000  max mem: 11815
      ITM Evaluation: [ 2400/19848]  eta: 0:19:29    time: 0.0687  data: 0.0000  max mem: 11815
      ITM Evaluation: [ 2500/19848]  eta: 0:19:21    time: 0.0682  data: 0.0000  max mem: 11815
      ITM Evaluation: [ 2600/19848]  eta: 0:19:16    time: 0.0683  data: 0.0000  max mem: 11815
      ITM Evaluation: [ 2700/19848]  eta: 0:19:10    time: 0.0647  data: 0.0000  max mem: 11815
      ITM Evaluation: [ 2800/19848]  eta: 0:19:02    time: 0.0652  data: 0.0000  max mem: 11815
      ITM Evaluation: [ 2900/19848]  eta: 0:18:54    time: 0.0640  data: 0.0000  max mem: 11815
      ITM Evaluation: [ 3000/19848]  eta: 0:18:47    time: 0.0640  data: 0.0000  max mem: 11815
      ITM Evaluation: [ 3100/19848]  eta: 0:18:39    time: 0.0648  data: 0.0000  max mem: 11815
      ITM Evaluation: [ 3200/19848]  eta: 0:18:33    time: 0.0691  data: 0.0000  max mem: 11815
      ITM Evaluation: [ 3300/19848]  eta: 0:18:27    time: 0.0694  data: 0.0000  max mem: 11815
      ITM Evaluation: [ 3400/19848]  eta: 0:18:21    time: 0.0661  data: 0.0000  max mem: 11815
      ITM Evaluation: [ 3500/19848]  eta: 0:18:14    time: 0.0654  data: 0.0000  max mem: 11815
      ITM Evaluation: [ 3600/19848]  eta: 0:18:06    time: 0.0646  data: 0.0000  max mem: 11815
      ITM Evaluation: [ 3700/19848]  eta: 0:17:59    time: 0.0636  data: 0.0000  max mem: 11815
      ITM Evaluation: [ 3800/19848]  eta: 0:17:52    time: 0.0696  data: 0.0000  max mem: 11815
      ITM Evaluation: [ 3900/19848]  eta: 0:17:46    time: 0.0679  data: 0.0000  max mem: 11815
      ITM Evaluation: [ 4000/19848]  eta: 0:17:38    time: 0.0674  data: 0.0000  max mem: 11815
      ITM Evaluation: [ 4100/19848]  eta: 0:17:33    time: 0.0681  data: 0.0000  max mem: 11815
      ITM Evaluation: [ 4200/19848]  eta: 0:17:26    time: 0.0632  data: 0.0000  max mem: 11815
      ITM Evaluation: [ 4300/19848]  eta: 0:17:19    time: 0.0649  data: 0.0000  max mem: 11815
      ITM Evaluation: [ 4400/19848]  eta: 0:17:11    time: 0.0665  data: 0.0000  max mem: 11815
      ITM Evaluation: [ 4500/19848]  eta: 0:17:05    time: 0.0657  data: 0.0000  max mem: 11815
      ITM Evaluation: [ 4600/19848]  eta: 0:16:58    time: 0.0651  data: 0.0000  max mem: 11815
      ITM Evaluation: [ 4700/19848]  eta: 0:16:51    time: 0.0657  data: 0.0000  max mem: 11815
      ITM Evaluation: [ 4800/19848]  eta: 0:16:44    time: 0.0648  data: 0.0000  max mem: 11815
      ITM Evaluation: [ 4900/19848]  eta: 0:16:37    time: 0.0649  data: 0.0000  max mem: 11815
      ITM Evaluation: [ 5000/19848]  eta: 0:16:29    time: 0.0654  data: 0.0000  max mem: 11815
      ITM Evaluation: [ 5100/19848]  eta: 0:16:23    time: 0.0679  data: 0.0000  max mem: 11815
      ITM Evaluation: [ 5200/19848]  eta: 0:16:16    time: 0.0679  data: 0.0000  max mem: 11815
      ITM Evaluation: [ 5300/19848]  eta: 0:16:10    time: 0.0682  data: 0.0000  max mem: 11815
      ITM Evaluation: [ 5400/19848]  eta: 0:16:04    time: 0.0696  data: 0.0000  max mem: 11815
      ITM Evaluation: [ 5500/19848]  eta: 0:15:58    time: 0.0704  data: 0.0000  max mem: 11815
      ITM Evaluation: [ 5600/19848]  eta: 0:15:52    time: 0.0678  data: 0.0000  max mem: 11815
      ITM Evaluation: [ 5700/19848]  eta: 0:15:45    time: 0.0665  data: 0.0000  max mem: 11815
      ITM Evaluation: [ 5800/19848]  eta: 0:15:38    time: 0.0662  data: 0.0000  max mem: 11815
      ITM Evaluation: [ 5900/19848]  eta: 0:15:32    time: 0.0707  data: 0.0000  max mem: 11815
      ITM Evaluation: [ 6000/19848]  eta: 0:15:25    time: 0.0679  data: 0.0000  max mem: 11815
      ITM Evaluation: [ 6100/19848]  eta: 0:15:18    time: 0.0660  data: 0.0000  max mem: 11815
      ITM Evaluation: [ 6200/19848]  eta: 0:15:12    time: 0.0718  data: 0.0000  max mem: 11815
      ITM Evaluation: [ 6300/19848]  eta: 0:15:06    time: 0.0691  data: 0.0000  max mem: 11815
      ITM Evaluation: [ 6400/19848]  eta: 0:14:59    time: 0.0671  data: 0.0000  max mem: 11815
      ITM Evaluation: [ 6500/19848]  eta: 0:14:52    time: 0.0652  data: 0.0000  max mem: 11815
      ITM Evaluation: [ 6600/19848]  eta: 0:14:46    time: 0.0682  data: 0.0000  max mem: 11815
      ITM Evaluation: [ 6700/19848]  eta: 0:14:40    time: 0.0678  data: 0.0000  max mem: 11815
      ITM Evaluation: [ 6800/19848]  eta: 0:14:33    time: 0.0659  data: 0.0000  max mem: 11815
      ITM Evaluation: [ 6900/19848]  eta: 0:14:27    time: 0.0717  data: 0.0000  max mem: 11815
      ITM Evaluation: [ 7000/19848]  eta: 0:14:21    time: 0.0687  data: 0.0000  max mem: 11815
      ITM Evaluation: [ 7100/19848]  eta: 0:14:14    time: 0.0663  data: 0.0000  max mem: 11815
      ITM Evaluation: [ 7200/19848]  eta: 0:14:07    time: 0.0666  data: 0.0000  max mem: 11815
      ITM Evaluation: [ 7300/19848]  eta: 0:14:00    time: 0.0708  data: 0.0000  max mem: 11815
      ITM Evaluation: [ 7400/19848]  eta: 0:13:54    time: 0.0700  data: 0.0000  max mem: 11815
      ITM Evaluation: [ 7500/19848]  eta: 0:13:47    time: 0.0666  data: 0.0000  max mem: 11815
      ITM Evaluation: [ 7600/19848]  eta: 0:13:41    time: 0.0695  data: 0.0000  max mem: 11815
      ITM Evaluation: [ 7700/19848]  eta: 0:13:34    time: 0.0700  data: 0.0000  max mem: 11815
      ITM Evaluation: [ 7800/19848]  eta: 0:13:28    time: 0.0652  data: 0.0000  max mem: 11815
      ITM Evaluation: [ 7900/19848]  eta: 0:13:21    time: 0.0660  data: 0.0000  max mem: 11815
      ITM Evaluation: [ 8000/19848]  eta: 0:13:14    time: 0.0656  data: 0.0000  max mem: 11815
      ITM Evaluation: [ 8100/19848]  eta: 0:13:07    time: 0.0688  data: 0.0000  max mem: 11815
      ITM Evaluation: [ 8200/19848]  eta: 0:13:01    time: 0.0657  data: 0.0000  max mem: 11815
      ITM Evaluation: [ 8300/19848]  eta: 0:12:54    time: 0.0700  data: 0.0000  max mem: 11815
      ITM Evaluation: [ 8400/19848]  eta: 0:12:48    time: 0.0698  data: 0.0000  max mem: 11815
      ITM Evaluation: [ 8500/19848]  eta: 0:12:41    time: 0.0684  data: 0.0000  max mem: 11815
      ITM Evaluation: [ 8600/19848]  eta: 0:12:35    time: 0.0706  data: 0.0000  max mem: 11815
      ITM Evaluation: [ 8700/19848]  eta: 0:12:28    time: 0.0687  data: 0.0000  max mem: 11815
      ITM Evaluation: [ 8800/19848]  eta: 0:12:22    time: 0.0679  data: 0.0000  max mem: 11815
      ITM Evaluation: [ 8900/19848]  eta: 0:12:14    time: 0.0647  data: 0.0000  max mem: 11815
      ITM Evaluation: [ 9000/19848]  eta: 0:12:08    time: 0.0699  data: 0.0000  max mem: 11815
      ITM Evaluation: [ 9100/19848]  eta: 0:12:01    time: 0.0672  data: 0.0000  max mem: 11815
      ITM Evaluation: [ 9200/19848]  eta: 0:11:55    time: 0.0674  data: 0.0000  max mem: 11815
      ITM Evaluation: [ 9300/19848]  eta: 0:11:48    time: 0.0660  data: 0.0000  max mem: 11815
      ITM Evaluation: [ 9400/19848]  eta: 0:11:42    time: 0.0667  data: 0.0000  max mem: 11815
      ITM Evaluation: [ 9500/19848]  eta: 0:11:35    time: 0.0666  data: 0.0000  max mem: 11815
      ITM Evaluation: [ 9600/19848]  eta: 0:11:28    time: 0.0662  data: 0.0000  max mem: 11815
      ITM Evaluation: [ 9700/19848]  eta: 0:11:21    time: 0.0666  data: 0.0000  max mem: 11815
      ITM Evaluation: [ 9800/19848]  eta: 0:11:15    time: 0.0715  data: 0.0000  max mem: 11815
      ITM Evaluation: [ 9900/19848]  eta: 0:11:08    time: 0.0710  data: 0.0000  max mem: 11815
      ITM Evaluation: [10000/19848]  eta: 0:11:02    time: 0.0705  data: 0.0000  max mem: 11815
      ITM Evaluation: [10100/19848]  eta: 0:10:55    time: 0.0692  data: 0.0000  max mem: 11815
      ITM Evaluation: [10200/19848]  eta: 0:10:48    time: 0.0648  data: 0.0000  max mem: 11815
      ITM Evaluation: [10300/19848]  eta: 0:10:42    time: 0.0659  data: 0.0000  max mem: 11815
      ITM Evaluation: [10400/19848]  eta: 0:10:35    time: 0.0667  data: 0.0000  max mem: 11815
      ITM Evaluation: [10500/19848]  eta: 0:10:28    time: 0.0702  data: 0.0000  max mem: 11815
      ITM Evaluation: [10600/19848]  eta: 0:10:22    time: 0.0706  data: 0.0000  max mem: 11815
      ITM Evaluation: [10700/19848]  eta: 0:10:16    time: 0.0744  data: 0.0000  max mem: 11815
      ITM Evaluation: [10800/19848]  eta: 0:10:09    time: 0.0663  data: 0.0000  max mem: 11815
      ITM Evaluation: [10900/19848]  eta: 0:10:02    time: 0.0683  data: 0.0000  max mem: 11815
      ITM Evaluation: [11000/19848]  eta: 0:09:56    time: 0.0638  data: 0.0000  max mem: 11815
      ITM Evaluation: [11100/19848]  eta: 0:09:49    time: 0.0670  data: 0.0000  max mem: 11815
      ITM Evaluation: [11200/19848]  eta: 0:09:42    time: 0.0688  data: 0.0000  max mem: 11815
      ITM Evaluation: [11300/19848]  eta: 0:09:36    time: 0.0727  data: 0.0000  max mem: 11815
      ITM Evaluation: [11400/19848]  eta: 0:09:29    time: 0.0682  data: 0.0000  max mem: 11815
      ITM Evaluation: [11500/19848]  eta: 0:09:23    time: 0.0671  data: 0.0000  max mem: 11815
      ITM Evaluation: [11600/19848]  eta: 0:09:16    time: 0.0682  data: 0.0000  max mem: 11815
      ITM Evaluation: [11700/19848]  eta: 0:09:09    time: 0.0671  data: 0.0000  max mem: 11815
      ITM Evaluation: [11800/19848]  eta: 0:09:02    time: 0.0654  data: 0.0000  max mem: 11815
      ITM Evaluation: [11900/19848]  eta: 0:08:56    time: 0.0791  data: 0.0000  max mem: 11815
      ITM Evaluation: [12000/19848]  eta: 0:08:50    time: 0.0710  data: 0.0000  max mem: 11815
      ITM Evaluation: [12100/19848]  eta: 0:08:43    time: 0.0660  data: 0.0000  max mem: 11815
      ITM Evaluation: [12200/19848]  eta: 0:08:36    time: 0.0668  data: 0.0000  max mem: 11815
      ITM Evaluation: [12300/19848]  eta: 0:08:29    time: 0.0655  data: 0.0000  max mem: 11815
      ITM Evaluation: [12400/19848]  eta: 0:08:22    time: 0.0661  data: 0.0000  max mem: 11815
      ITM Evaluation: [12500/19848]  eta: 0:08:16    time: 0.0691  data: 0.0000  max mem: 11815
      ITM Evaluation: [12600/19848]  eta: 0:08:09    time: 0.0720  data: 0.0000  max mem: 11815
      ITM Evaluation: [12700/19848]  eta: 0:08:02    time: 0.0683  data: 0.0000  max mem: 11815
      ITM Evaluation: [12800/19848]  eta: 0:07:56    time: 0.0635  data: 0.0000  max mem: 11815
      ITM Evaluation: [12900/19848]  eta: 0:07:49    time: 0.0654  data: 0.0000  max mem: 11815
      ITM Evaluation: [13000/19848]  eta: 0:07:42    time: 0.0662  data: 0.0000  max mem: 11815
      ITM Evaluation: [13100/19848]  eta: 0:07:35    time: 0.0709  data: 0.0000  max mem: 11815
      ITM Evaluation: [13200/19848]  eta: 0:07:29    time: 0.0708  data: 0.0000  max mem: 11815
      ITM Evaluation: [13300/19848]  eta: 0:07:22    time: 0.0719  data: 0.0000  max mem: 11815
      ITM Evaluation: [13400/19848]  eta: 0:07:15    time: 0.0689  data: 0.0000  max mem: 11815
      ITM Evaluation: [13500/19848]  eta: 0:07:08    time: 0.0695  data: 0.0000  max mem: 11815
      ITM Evaluation: [13600/19848]  eta: 0:07:02    time: 0.0668  data: 0.0000  max mem: 11815
      ITM Evaluation: [13700/19848]  eta: 0:06:55    time: 0.0647  data: 0.0000  max mem: 11815
      ITM Evaluation: [13800/19848]  eta: 0:06:48    time: 0.0642  data: 0.0000  max mem: 11815
      ITM Evaluation: [13900/19848]  eta: 0:06:41    time: 0.0679  data: 0.0000  max mem: 11815
      ITM Evaluation: [14000/19848]  eta: 0:06:35    time: 0.0747  data: 0.0000  max mem: 11815
      ITM Evaluation: [14100/19848]  eta: 0:06:28    time: 0.0738  data: 0.0000  max mem: 11815
      ITM Evaluation: [14200/19848]  eta: 0:06:22    time: 0.0689  data: 0.0000  max mem: 11815
      ITM Evaluation: [14300/19848]  eta: 0:06:15    time: 0.0716  data: 0.0000  max mem: 11815
      ITM Evaluation: [14400/19848]  eta: 0:06:08    time: 0.0747  data: 0.0000  max mem: 11815
      ITM Evaluation: [14500/19848]  eta: 0:06:02    time: 0.0725  data: 0.0000  max mem: 11815
      ITM Evaluation: [14600/19848]  eta: 0:05:55    time: 0.0738  data: 0.0000  max mem: 11815
      ITM Evaluation: [14700/19848]  eta: 0:05:49    time: 0.0734  data: 0.0000  max mem: 11815
      ITM Evaluation: [14800/19848]  eta: 0:05:42    time: 0.0729  data: 0.0000  max mem: 11815
      ITM Evaluation: [14900/19848]  eta: 0:05:36    time: 0.0865  data: 0.0000  max mem: 11815
      ITM Evaluation: [15000/19848]  eta: 0:05:29    time: 0.0666  data: 0.0000  max mem: 11815
      ITM Evaluation: [15100/19848]  eta: 0:05:22    time: 0.0718  data: 0.0000  max mem: 11815
      ITM Evaluation: [15200/19848]  eta: 0:05:16    time: 0.0716  data: 0.0000  max mem: 11815
      ITM Evaluation: [15300/19848]  eta: 0:05:09    time: 0.0704  data: 0.0000  max mem: 11815
      ITM Evaluation: [15400/19848]  eta: 0:05:02    time: 0.0712  data: 0.0000  max mem: 11815
      ITM Evaluation: [15500/19848]  eta: 0:04:55    time: 0.0817  data: 0.0000  max mem: 11815
      ITM Evaluation: [15600/19848]  eta: 0:04:49    time: 0.0799  data: 0.0000  max mem: 11815
      ITM Evaluation: [15700/19848]  eta: 0:04:42    time: 0.0663  data: 0.0000  max mem: 11815
      ITM Evaluation: [15800/19848]  eta: 0:04:36    time: 0.0677  data: 0.0000  max mem: 11815
      ITM Evaluation: [15900/19848]  eta: 0:04:29    time: 0.0666  data: 0.0000  max mem: 11815
      ITM Evaluation: [16000/19848]  eta: 0:04:22    time: 0.0687  data: 0.0000  max mem: 11815
      ITM Evaluation: [16100/19848]  eta: 0:04:15    time: 0.0684  data: 0.0000  max mem: 11815
      ITM Evaluation: [16200/19848]  eta: 0:04:08    time: 0.0764  data: 0.0000  max mem: 11815
      ITM Evaluation: [16300/19848]  eta: 0:04:02    time: 0.0764  data: 0.0000  max mem: 11815
      ITM Evaluation: [16400/19848]  eta: 0:03:55    time: 0.0646  data: 0.0000  max mem: 11815
      ITM Evaluation: [16500/19848]  eta: 0:03:48    time: 0.0674  data: 0.0000  max mem: 11815
      ITM Evaluation: [16600/19848]  eta: 0:03:41    time: 0.0714  data: 0.0000  max mem: 11815
      ITM Evaluation: [16700/19848]  eta: 0:03:34    time: 0.0694  data: 0.0000  max mem: 11815
      ITM Evaluation: [16800/19848]  eta: 0:03:28    time: 0.0677  data: 0.0000  max mem: 11815
      ITM Evaluation: [16900/19848]  eta: 0:03:21    time: 0.0817  data: 0.0000  max mem: 11815
      ITM Evaluation: [17000/19848]  eta: 0:03:14    time: 0.0731  data: 0.0000  max mem: 11815
      ITM Evaluation: [17100/19848]  eta: 0:03:07    time: 0.0698  data: 0.0000  max mem: 11815
      ITM Evaluation: [17200/19848]  eta: 0:03:01    time: 0.0672  data: 0.0000  max mem: 11815
      ITM Evaluation: [17300/19848]  eta: 0:02:54    time: 0.0713  data: 0.0000  max mem: 11815
      ITM Evaluation: [17400/19848]  eta: 0:02:47    time: 0.0676  data: 0.0000  max mem: 11815
      ITM Evaluation: [17500/19848]  eta: 0:02:40    time: 0.0746  data: 0.0000  max mem: 11815
      ITM Evaluation: [17600/19848]  eta: 0:02:33    time: 0.0674  data: 0.0000  max mem: 11815
      ITM Evaluation: [17700/19848]  eta: 0:02:27    time: 0.0707  data: 0.0000  max mem: 11815
      ITM Evaluation: [17800/19848]  eta: 0:02:20    time: 0.0690  data: 0.0000  max mem: 11815
      ITM Evaluation: [17900/19848]  eta: 0:02:13    time: 0.0664  data: 0.0000  max mem: 11815
      ITM Evaluation: [18000/19848]  eta: 0:02:06    time: 0.0679  data: 0.0000  max mem: 11815
      ITM Evaluation: [18100/19848]  eta: 0:01:59    time: 0.0706  data: 0.0000  max mem: 11815
      ITM Evaluation: [18200/19848]  eta: 0:01:52    time: 0.0723  data: 0.0000  max mem: 11815
      ITM Evaluation: [18300/19848]  eta: 0:01:46    time: 0.0720  data: 0.0000  max mem: 11815
      ITM Evaluation: [18400/19848]  eta: 0:01:39    time: 0.0682  data: 0.0000  max mem: 11815
      ITM Evaluation: [18500/19848]  eta: 0:01:32    time: 0.0699  data: 0.0000  max mem: 11815
      ITM Evaluation: [18600/19848]  eta: 0:01:25    time: 0.0682  data: 0.0000  max mem: 11815
      ITM Evaluation: [18700/19848]  eta: 0:01:18    time: 0.0738  data: 0.0000  max mem: 11815
      ITM Evaluation: [18800/19848]  eta: 0:01:11    time: 0.0684  data: 0.0000  max mem: 11815
      ITM Evaluation: [18900/19848]  eta: 0:01:04    time: 0.0708  data: 0.0000  max mem: 11815
      ITM Evaluation: [19000/19848]  eta: 0:00:58    time: 0.0668  data: 0.0000  max mem: 11815
      ITM Evaluation: [19100/19848]  eta: 0:00:51    time: 0.0701  data: 0.0000  max mem: 11815
      ITM Evaluation: [19200/19848]  eta: 0:00:44    time: 0.0659  data: 0.0000  max mem: 11815
      ITM Evaluation: [19300/19848]  eta: 0:00:37    time: 0.0639  data: 0.0000  max mem: 11815
      ITM Evaluation: [19400/19848]  eta: 0:00:30    time: 0.0687  data: 0.0000  max mem: 11815
      ITM Evaluation: [19500/19848]  eta: 0:00:23    time: 0.0660  data: 0.0000  max mem: 11815
      ITM Evaluation: [19600/19848]  eta: 0:00:16    time: 0.0690  data: 0.0000  max mem: 11815
      ITM Evaluation: [19700/19848]  eta: 0:00:10    time: 0.0646  data: 0.0000  max mem: 11815
      ITM Evaluation: [19800/19848]  eta: 0:00:03    time: 0.0645  data: 0.0000  max mem: 11815
      ITM Evaluation: [19847/19848]  eta: 0:00:00    time: 0.0691  data: 0.0000  max mem: 11815
      ITM Evaluation: Total time: 0:22:40 (0.0685 s / it)
     total_time 1362.0448491573334
     Computing matching score time 0:22:42
### TTA ITM Score: 
+-------+--------+--------+--------+--------+--------+
| epoch |   R1   |   R5   |  R10   |  mAP   |  mINP  |
+-------+--------+--------+--------+--------+--------+
|  -999 | 63.014 | 79.484 | 85.041 | 40.411 | 10.184 |
|  -999 | 68.183 | 82.885 | 87.500 | 40.507 | 9.104  |
|   0   | 61.452 | 80.477 | 86.165 | 37.879 | 9.331  |
|   1   | 60.782 | 80.391 | 86.120 | 37.613 | 9.317  |
|   2   | 60.273 | 80.200 | 85.999 | 37.379 | 9.295  |
|   3   | 60.369 | 80.225 | 86.059 | 37.362 | 9.290  |
|   4   | 60.248 | 80.169 | 86.034 | 37.309 | 9.270  |
|   5   | 59.744 | 79.993 | 85.913 | 37.043 | 9.241  |
|   6   | 59.527 | 79.953 | 85.908 | 36.963 | 9.223  |
+-------+--------+--------+--------+--------+--------+
     logs:  {'epo': 6, 'R1': 59.527, 'R5': 79.953, 'R10': 85.908, 'mAP': 36.963, 'mINP': 9.223, 'lr': 1.6e-05, 'entropy': 0.298405, 'loss': 0.298405}
      TTA Epoch: [7] [  0/620]  eta: 0:16:49  lr: 0.000015  entropy: 0.2658  loss: 0.2658  time: 1.6286  data: 1.5045  max mem: 11815
      TTA Epoch: [7] [100/620]  eta: 0:00:53  lr: 0.000015  entropy: 0.3531  loss: 0.3531  time: 0.0894  data: 0.0004  max mem: 11815
      TTA Epoch: [7] [200/620]  eta: 0:00:40  lr: 0.000015  entropy: 0.2978  loss: 0.2978  time: 0.0841  data: 0.0003  max mem: 11815
      TTA Epoch: [7] [300/620]  eta: 0:00:29  lr: 0.000015  entropy: 0.3491  loss: 0.3491  time: 0.0828  data: 0.0004  max mem: 11815
      TTA Epoch: [7] [400/620]  eta: 0:00:19  lr: 0.000015  entropy: 0.2830  loss: 0.2830  time: 0.0784  data: 0.0002  max mem: 11815
      TTA Epoch: [7] [500/620]  eta: 0:00:10  lr: 0.000015  entropy: 0.2136  loss: 0.2136  time: 0.0778  data: 0.0002  max mem: 11815
      TTA Epoch: [7] [600/620]  eta: 0:00:01  lr: 0.000015  entropy: 0.3619  loss: 0.3619  time: 0.0895  data: 0.0002  max mem: 11815
      TTA Epoch: [7] [619/620]  eta: 0:00:00  lr: 0.000015  entropy: 0.2344  loss: 0.2344  time: 0.0781  data: 0.0002  max mem: 11815
      TTA Epoch: [7] Total time: 0:00:52 (0.0853 s / it)
     Averaged stats: lr: 0.0000  entropy: 0.2954  loss: 0.2954
     itm tta time 0:00:53
     Computing matching score
      ITM Evaluation: [    0/19848]  eta: 0:36:47    time: 0.1112  data: 0.0290  max mem: 11815
      ITM Evaluation: [  100/19848]  eta: 0:23:52    time: 0.0734  data: 0.0000  max mem: 11815
      ITM Evaluation: [  200/19848]  eta: 0:23:41    time: 0.0680  data: 0.0000  max mem: 11815
      ITM Evaluation: [  300/19848]  eta: 0:22:57    time: 0.0646  data: 0.0000  max mem: 11815
      ITM Evaluation: [  400/19848]  eta: 0:22:26    time: 0.0640  data: 0.0000  max mem: 11815
      ITM Evaluation: [  500/19848]  eta: 0:22:05    time: 0.0651  data: 0.0000  max mem: 11815
      ITM Evaluation: [  600/19848]  eta: 0:21:47    time: 0.0623  data: 0.0000  max mem: 11815
      ITM Evaluation: [  700/19848]  eta: 0:21:36    time: 0.0680  data: 0.0000  max mem: 11815
      ITM Evaluation: [  800/19848]  eta: 0:21:53    time: 0.0816  data: 0.0000  max mem: 11815
      ITM Evaluation: [  900/19848]  eta: 0:22:07    time: 0.0761  data: 0.0000  max mem: 11815
      ITM Evaluation: [ 1000/19848]  eta: 0:21:59    time: 0.0686  data: 0.0000  max mem: 11815
      ITM Evaluation: [ 1100/19848]  eta: 0:21:47    time: 0.0655  data: 0.0000  max mem: 11815
      ITM Evaluation: [ 1200/19848]  eta: 0:21:35    time: 0.0652  data: 0.0000  max mem: 11815
      ITM Evaluation: [ 1300/19848]  eta: 0:21:22    time: 0.0658  data: 0.0000  max mem: 11815
      ITM Evaluation: [ 1400/19848]  eta: 0:21:12    time: 0.0665  data: 0.0000  max mem: 11815
      ITM Evaluation: [ 1500/19848]  eta: 0:21:03    time: 0.0661  data: 0.0000  max mem: 11815
      ITM Evaluation: [ 1600/19848]  eta: 0:20:59    time: 0.0731  data: 0.0000  max mem: 11815
      ITM Evaluation: [ 1700/19848]  eta: 0:20:52    time: 0.0662  data: 0.0000  max mem: 11815
      ITM Evaluation: [ 1800/19848]  eta: 0:20:42    time: 0.0637  data: 0.0000  max mem: 11815
      ITM Evaluation: [ 1900/19848]  eta: 0:20:32    time: 0.0660  data: 0.0000  max mem: 11815
      ITM Evaluation: [ 2000/19848]  eta: 0:20:23    time: 0.0682  data: 0.0000  max mem: 11815
      ITM Evaluation: [ 2100/19848]  eta: 0:20:16    time: 0.0687  data: 0.0000  max mem: 11815
      ITM Evaluation: [ 2200/19848]  eta: 0:20:11    time: 0.0765  data: 0.0000  max mem: 11815
      ITM Evaluation: [ 2300/19848]  eta: 0:20:09    time: 0.0696  data: 0.0000  max mem: 11815
      ITM Evaluation: [ 2400/19848]  eta: 0:20:00    time: 0.0644  data: 0.0000  max mem: 11815
      ITM Evaluation: [ 2500/19848]  eta: 0:19:49    time: 0.0644  data: 0.0000  max mem: 11815
      ITM Evaluation: [ 2600/19848]  eta: 0:19:40    time: 0.0648  data: 0.0000  max mem: 11815
      ITM Evaluation: [ 2700/19848]  eta: 0:19:30    time: 0.0653  data: 0.0000  max mem: 11815
      ITM Evaluation: [ 2800/19848]  eta: 0:19:22    time: 0.0654  data: 0.0000  max mem: 11815
      ITM Evaluation: [ 2900/19848]  eta: 0:19:13    time: 0.0635  data: 0.0000  max mem: 11815
      ITM Evaluation: [ 3000/19848]  eta: 0:19:03    time: 0.0626  data: 0.0000  max mem: 11815
      ITM Evaluation: [ 3100/19848]  eta: 0:18:56    time: 0.0655  data: 0.0000  max mem: 11815
      ITM Evaluation: [ 3200/19848]  eta: 0:18:47    time: 0.0630  data: 0.0000  max mem: 11815
      ITM Evaluation: [ 3300/19848]  eta: 0:18:39    time: 0.0643  data: 0.0000  max mem: 11815
      ITM Evaluation: [ 3400/19848]  eta: 0:18:31    time: 0.0649  data: 0.0000  max mem: 11815
      ITM Evaluation: [ 3500/19848]  eta: 0:18:24    time: 0.0700  data: 0.0000  max mem: 11815
      ITM Evaluation: [ 3600/19848]  eta: 0:18:18    time: 0.0703  data: 0.0000  max mem: 11815
      ITM Evaluation: [ 3700/19848]  eta: 0:18:11    time: 0.0655  data: 0.0000  max mem: 11815
      ITM Evaluation: [ 3800/19848]  eta: 0:18:03    time: 0.0646  data: 0.0000  max mem: 11815
      ITM Evaluation: [ 3900/19848]  eta: 0:17:55    time: 0.0641  data: 0.0000  max mem: 11815
      ITM Evaluation: [ 4000/19848]  eta: 0:17:48    time: 0.0660  data: 0.0000  max mem: 11815
      ITM Evaluation: [ 4100/19848]  eta: 0:17:40    time: 0.0675  data: 0.0000  max mem: 11815
      ITM Evaluation: [ 4200/19848]  eta: 0:17:35    time: 0.0669  data: 0.0000  max mem: 11815
      ITM Evaluation: [ 4300/19848]  eta: 0:17:28    time: 0.0652  data: 0.0000  max mem: 11815
      ITM Evaluation: [ 4400/19848]  eta: 0:17:20    time: 0.0655  data: 0.0000  max mem: 11815
      ITM Evaluation: [ 4500/19848]  eta: 0:17:13    time: 0.0657  data: 0.0000  max mem: 11815
      ITM Evaluation: [ 4600/19848]  eta: 0:17:06    time: 0.0668  data: 0.0000  max mem: 11815
      ITM Evaluation: [ 4700/19848]  eta: 0:16:59    time: 0.0667  data: 0.0000  max mem: 11815
      ITM Evaluation: [ 4800/19848]  eta: 0:16:52    time: 0.0714  data: 0.0000  max mem: 11815
      ITM Evaluation: [ 4900/19848]  eta: 0:16:46    time: 0.0715  data: 0.0000  max mem: 11815
      ITM Evaluation: [ 5000/19848]  eta: 0:16:39    time: 0.0645  data: 0.0000  max mem: 11815
      ITM Evaluation: [ 5100/19848]  eta: 0:16:32    time: 0.0645  data: 0.0000  max mem: 11815
      ITM Evaluation: [ 5200/19848]  eta: 0:16:25    time: 0.0637  data: 0.0000  max mem: 11815
      ITM Evaluation: [ 5300/19848]  eta: 0:16:18    time: 0.0652  data: 0.0000  max mem: 11815
      ITM Evaluation: [ 5400/19848]  eta: 0:16:11    time: 0.0706  data: 0.0000  max mem: 11815
      ITM Evaluation: [ 5500/19848]  eta: 0:16:04    time: 0.0683  data: 0.0000  max mem: 11815
      ITM Evaluation: [ 5600/19848]  eta: 0:15:59    time: 0.0725  data: 0.0000  max mem: 11815
      ITM Evaluation: [ 5700/19848]  eta: 0:15:52    time: 0.0641  data: 0.0000  max mem: 11815
      ITM Evaluation: [ 5800/19848]  eta: 0:15:45    time: 0.0660  data: 0.0000  max mem: 11815
      ITM Evaluation: [ 5900/19848]  eta: 0:15:38    time: 0.0644  data: 0.0000  max mem: 11815
      ITM Evaluation: [ 6000/19848]  eta: 0:15:31    time: 0.0692  data: 0.0000  max mem: 11815
      ITM Evaluation: [ 6100/19848]  eta: 0:15:24    time: 0.0647  data: 0.0000  max mem: 11815
      ITM Evaluation: [ 6200/19848]  eta: 0:15:18    time: 0.0713  data: 0.0000  max mem: 11815
      ITM Evaluation: [ 6300/19848]  eta: 0:15:13    time: 0.0811  data: 0.0000  max mem: 11815
      ITM Evaluation: [ 6400/19848]  eta: 0:15:08    time: 0.0738  data: 0.0000  max mem: 11815
      ITM Evaluation: [ 6500/19848]  eta: 0:15:01    time: 0.0673  data: 0.0000  max mem: 11815
      ITM Evaluation: [ 6600/19848]  eta: 0:14:55    time: 0.0667  data: 0.0000  max mem: 11815
      ITM Evaluation: [ 6700/19848]  eta: 0:14:49    time: 0.0690  data: 0.0000  max mem: 11815
      ITM Evaluation: [ 6800/19848]  eta: 0:14:42    time: 0.0670  data: 0.0000  max mem: 11815
      ITM Evaluation: [ 6900/19848]  eta: 0:14:35    time: 0.0666  data: 0.0000  max mem: 11815
      ITM Evaluation: [ 7000/19848]  eta: 0:14:28    time: 0.0669  data: 0.0000  max mem: 11815
      ITM Evaluation: [ 7100/19848]  eta: 0:14:20    time: 0.0601  data: 0.0000  max mem: 11815
      ITM Evaluation: [ 7200/19848]  eta: 0:14:12    time: 0.0616  data: 0.0000  max mem: 11815
      ITM Evaluation: [ 7300/19848]  eta: 0:14:07    time: 0.0731  data: 0.0000  max mem: 11815
      ITM Evaluation: [ 7400/19848]  eta: 0:14:00    time: 0.0669  data: 0.0000  max mem: 11815
      ITM Evaluation: [ 7500/19848]  eta: 0:13:53    time: 0.0644  data: 0.0000  max mem: 11815
      ITM Evaluation: [ 7600/19848]  eta: 0:13:47    time: 0.0736  data: 0.0000  max mem: 11815
      ITM Evaluation: [ 7700/19848]  eta: 0:13:40    time: 0.0676  data: 0.0000  max mem: 11815
      ITM Evaluation: [ 7800/19848]  eta: 0:13:34    time: 0.0694  data: 0.0000  max mem: 11815
      ITM Evaluation: [ 7900/19848]  eta: 0:13:27    time: 0.0722  data: 0.0000  max mem: 11815
      ITM Evaluation: [ 8000/19848]  eta: 0:13:21    time: 0.0664  data: 0.0000  max mem: 11815
      ITM Evaluation: [ 8100/19848]  eta: 0:13:14    time: 0.0679  data: 0.0000  max mem: 11815
      ITM Evaluation: [ 8200/19848]  eta: 0:13:07    time: 0.0671  data: 0.0000  max mem: 11815
      ITM Evaluation: [ 8300/19848]  eta: 0:13:01    time: 0.0717  data: 0.0000  max mem: 11815
      ITM Evaluation: [ 8400/19848]  eta: 0:12:55    time: 0.0722  data: 0.0000  max mem: 11815
      ITM Evaluation: [ 8500/19848]  eta: 0:12:48    time: 0.0626  data: 0.0000  max mem: 11815
      ITM Evaluation: [ 8600/19848]  eta: 0:12:40    time: 0.0655  data: 0.0000  max mem: 11815
      ITM Evaluation: [ 8700/19848]  eta: 0:12:34    time: 0.0667  data: 0.0000  max mem: 11815
      ITM Evaluation: [ 8800/19848]  eta: 0:12:27    time: 0.0647  data: 0.0000  max mem: 11815
      ITM Evaluation: [ 8900/19848]  eta: 0:12:20    time: 0.0663  data: 0.0000  max mem: 11815
      ITM Evaluation: [ 9000/19848]  eta: 0:12:13    time: 0.0685  data: 0.0000  max mem: 11815
      ITM Evaluation: [ 9100/19848]  eta: 0:12:07    time: 0.0678  data: 0.0000  max mem: 11815
      ITM Evaluation: [ 9200/19848]  eta: 0:12:00    time: 0.0690  data: 0.0000  max mem: 11815
      ITM Evaluation: [ 9300/19848]  eta: 0:11:53    time: 0.0658  data: 0.0000  max mem: 11815
      ITM Evaluation: [ 9400/19848]  eta: 0:11:47    time: 0.0672  data: 0.0000  max mem: 11815
      ITM Evaluation: [ 9500/19848]  eta: 0:11:40    time: 0.0655  data: 0.0000  max mem: 11815
      ITM Evaluation: [ 9600/19848]  eta: 0:11:33    time: 0.0657  data: 0.0000  max mem: 11815
      ITM Evaluation: [ 9700/19848]  eta: 0:11:26    time: 0.0676  data: 0.0000  max mem: 11815
      ITM Evaluation: [ 9800/19848]  eta: 0:11:19    time: 0.0729  data: 0.0000  max mem: 11815
      ITM Evaluation: [ 9900/19848]  eta: 0:11:13    time: 0.0735  data: 0.0000  max mem: 11815
      ITM Evaluation: [10000/19848]  eta: 0:11:06    time: 0.0655  data: 0.0000  max mem: 11815
      ITM Evaluation: [10100/19848]  eta: 0:10:59    time: 0.0665  data: 0.0000  max mem: 11815
      ITM Evaluation: [10200/19848]  eta: 0:10:52    time: 0.0652  data: 0.0000  max mem: 11815
      ITM Evaluation: [10300/19848]  eta: 0:10:46    time: 0.0682  data: 0.0000  max mem: 11815
      ITM Evaluation: [10400/19848]  eta: 0:10:39    time: 0.0688  data: 0.0000  max mem: 11815
      ITM Evaluation: [10500/19848]  eta: 0:10:33    time: 0.0840  data: 0.0000  max mem: 11815
      ITM Evaluation: [10600/19848]  eta: 0:10:27    time: 0.0657  data: 0.0000  max mem: 11815
      ITM Evaluation: [10700/19848]  eta: 0:10:20    time: 0.0658  data: 0.0000  max mem: 11815
      ITM Evaluation: [10800/19848]  eta: 0:10:13    time: 0.0653  data: 0.0000  max mem: 11815
      ITM Evaluation: [10900/19848]  eta: 0:10:06    time: 0.0689  data: 0.0000  max mem: 11815
      ITM Evaluation: [11000/19848]  eta: 0:09:59    time: 0.0659  data: 0.0000  max mem: 11815
      ITM Evaluation: [11100/19848]  eta: 0:09:52    time: 0.0631  data: 0.0000  max mem: 11815
      ITM Evaluation: [11200/19848]  eta: 0:09:45    time: 0.0626  data: 0.0000  max mem: 11815
      ITM Evaluation: [11300/19848]  eta: 0:09:38    time: 0.0674  data: 0.0000  max mem: 11815
      ITM Evaluation: [11400/19848]  eta: 0:09:31    time: 0.0671  data: 0.0000  max mem: 11815
      ITM Evaluation: [11500/19848]  eta: 0:09:24    time: 0.0651  data: 0.0000  max mem: 11815
      ITM Evaluation: [11600/19848]  eta: 0:09:17    time: 0.0642  data: 0.0000  max mem: 11815
      ITM Evaluation: [11700/19848]  eta: 0:09:10    time: 0.0675  data: 0.0000  max mem: 11815
      ITM Evaluation: [11800/19848]  eta: 0:09:04    time: 0.0812  data: 0.0000  max mem: 11815
      ITM Evaluation: [11900/19848]  eta: 0:08:57    time: 0.0678  data: 0.0000  max mem: 11815
      ITM Evaluation: [12000/19848]  eta: 0:08:50    time: 0.0657  data: 0.0000  max mem: 11815
      ITM Evaluation: [12100/19848]  eta: 0:08:44    time: 0.0666  data: 0.0000  max mem: 11815
      ITM Evaluation: [12200/19848]  eta: 0:08:37    time: 0.0666  data: 0.0000  max mem: 11815
      ITM Evaluation: [12300/19848]  eta: 0:08:30    time: 0.0670  data: 0.0000  max mem: 11815
      ITM Evaluation: [12400/19848]  eta: 0:08:23    time: 0.0706  data: 0.0000  max mem: 11815
      ITM Evaluation: [12500/19848]  eta: 0:08:17    time: 0.0686  data: 0.0000  max mem: 11815
      ITM Evaluation: [12600/19848]  eta: 0:08:10    time: 0.0680  data: 0.0000  max mem: 11815
      ITM Evaluation: [12700/19848]  eta: 0:08:03    time: 0.0668  data: 0.0000  max mem: 11815
      ITM Evaluation: [12800/19848]  eta: 0:07:56    time: 0.0654  data: 0.0000  max mem: 11815
      ITM Evaluation: [12900/19848]  eta: 0:07:49    time: 0.0649  data: 0.0000  max mem: 11815
      ITM Evaluation: [13000/19848]  eta: 0:07:42    time: 0.0698  data: 0.0000  max mem: 11815
      ITM Evaluation: [13100/19848]  eta: 0:07:36    time: 0.0727  data: 0.0000  max mem: 11815
      ITM Evaluation: [13200/19848]  eta: 0:07:29    time: 0.0667  data: 0.0000  max mem: 11815
      ITM Evaluation: [13300/19848]  eta: 0:07:22    time: 0.0648  data: 0.0000  max mem: 11815
      ITM Evaluation: [13400/19848]  eta: 0:07:15    time: 0.0658  data: 0.0000  max mem: 11815
      ITM Evaluation: [13500/19848]  eta: 0:07:08    time: 0.0652  data: 0.0000  max mem: 11815
      ITM Evaluation: [13600/19848]  eta: 0:07:02    time: 0.0673  data: 0.0000  max mem: 11815
      ITM Evaluation: [13700/19848]  eta: 0:06:55    time: 0.0665  data: 0.0000  max mem: 11815
      ITM Evaluation: [13800/19848]  eta: 0:06:48    time: 0.0697  data: 0.0000  max mem: 11815
      ITM Evaluation: [13900/19848]  eta: 0:06:41    time: 0.0665  data: 0.0000  max mem: 11815
      ITM Evaluation: [14000/19848]  eta: 0:06:34    time: 0.0652  data: 0.0000  max mem: 11815
      ITM Evaluation: [14100/19848]  eta: 0:06:28    time: 0.0642  data: 0.0000  max mem: 11815
      ITM Evaluation: [14200/19848]  eta: 0:06:21    time: 0.0686  data: 0.0000  max mem: 11815
      ITM Evaluation: [14300/19848]  eta: 0:06:14    time: 0.0640  data: 0.0000  max mem: 11815
      ITM Evaluation: [14400/19848]  eta: 0:06:07    time: 0.0676  data: 0.0000  max mem: 11815
      ITM Evaluation: [14500/19848]  eta: 0:06:00    time: 0.0680  data: 0.0000  max mem: 11815
      ITM Evaluation: [14600/19848]  eta: 0:05:53    time: 0.0666  data: 0.0000  max mem: 11815
      ITM Evaluation: [14700/19848]  eta: 0:05:47    time: 0.0674  data: 0.0000  max mem: 11815
      ITM Evaluation: [14800/19848]  eta: 0:05:40    time: 0.0655  data: 0.0000  max mem: 11815
      ITM Evaluation: [14900/19848]  eta: 0:05:33    time: 0.0644  data: 0.0000  max mem: 11815
      ITM Evaluation: [15000/19848]  eta: 0:05:26    time: 0.0710  data: 0.0000  max mem: 11815
      ITM Evaluation: [15100/19848]  eta: 0:05:20    time: 0.0652  data: 0.0000  max mem: 11815
      ITM Evaluation: [15200/19848]  eta: 0:05:13    time: 0.0668  data: 0.0000  max mem: 11815
      ITM Evaluation: [15300/19848]  eta: 0:05:06    time: 0.0677  data: 0.0000  max mem: 11815
      ITM Evaluation: [15400/19848]  eta: 0:04:59    time: 0.0645  data: 0.0000  max mem: 11815
      ITM Evaluation: [15500/19848]  eta: 0:04:53    time: 0.0684  data: 0.0000  max mem: 11815
      ITM Evaluation: [15600/19848]  eta: 0:04:46    time: 0.0669  data: 0.0000  max mem: 11815
      ITM Evaluation: [15700/19848]  eta: 0:04:39    time: 0.0660  data: 0.0000  max mem: 11815
      ITM Evaluation: [15800/19848]  eta: 0:04:32    time: 0.0628  data: 0.0000  max mem: 11815
      ITM Evaluation: [15900/19848]  eta: 0:04:26    time: 0.0664  data: 0.0000  max mem: 11815
      ITM Evaluation: [16000/19848]  eta: 0:04:19    time: 0.0676  data: 0.0000  max mem: 11815
      ITM Evaluation: [16100/19848]  eta: 0:04:12    time: 0.0651  data: 0.0000  max mem: 11815
      ITM Evaluation: [16200/19848]  eta: 0:04:05    time: 0.0637  data: 0.0000  max mem: 11815
      ITM Evaluation: [16300/19848]  eta: 0:03:59    time: 0.0792  data: 0.0000  max mem: 11815
      ITM Evaluation: [16400/19848]  eta: 0:03:52    time: 0.0691  data: 0.0000  max mem: 11815
      ITM Evaluation: [16500/19848]  eta: 0:03:45    time: 0.0654  data: 0.0000  max mem: 11815
      ITM Evaluation: [16600/19848]  eta: 0:03:39    time: 0.0659  data: 0.0000  max mem: 11815
      ITM Evaluation: [16700/19848]  eta: 0:03:32    time: 0.0668  data: 0.0000  max mem: 11815
      ITM Evaluation: [16800/19848]  eta: 0:03:25    time: 0.0650  data: 0.0000  max mem: 11815
      ITM Evaluation: [16900/19848]  eta: 0:03:18    time: 0.0702  data: 0.0000  max mem: 11815
      ITM Evaluation: [17000/19848]  eta: 0:03:12    time: 0.0651  data: 0.0000  max mem: 11815
      ITM Evaluation: [17100/19848]  eta: 0:03:05    time: 0.0695  data: 0.0000  max mem: 11815
      ITM Evaluation: [17200/19848]  eta: 0:02:58    time: 0.0628  data: 0.0000  max mem: 11815
      ITM Evaluation: [17300/19848]  eta: 0:02:51    time: 0.0669  data: 0.0000  max mem: 11815
      ITM Evaluation: [17400/19848]  eta: 0:02:45    time: 0.0649  data: 0.0000  max mem: 11815
      ITM Evaluation: [17500/19848]  eta: 0:02:38    time: 0.0663  data: 0.0000  max mem: 11815
      ITM Evaluation: [17600/19848]  eta: 0:02:31    time: 0.0673  data: 0.0000  max mem: 11815
      ITM Evaluation: [17700/19848]  eta: 0:02:24    time: 0.0734  data: 0.0000  max mem: 11815
      ITM Evaluation: [17800/19848]  eta: 0:02:18    time: 0.0654  data: 0.0000  max mem: 11815
      ITM Evaluation: [17900/19848]  eta: 0:02:11    time: 0.0673  data: 0.0000  max mem: 11815
      ITM Evaluation: [18000/19848]  eta: 0:02:04    time: 0.0656  data: 0.0000  max mem: 11815
      ITM Evaluation: [18100/19848]  eta: 0:01:57    time: 0.0652  data: 0.0000  max mem: 11815
      ITM Evaluation: [18200/19848]  eta: 0:01:51    time: 0.0690  data: 0.0000  max mem: 11815
      ITM Evaluation: [18300/19848]  eta: 0:01:44    time: 0.0706  data: 0.0000  max mem: 11815
      ITM Evaluation: [18400/19848]  eta: 0:01:37    time: 0.0659  data: 0.0000  max mem: 11815
      ITM Evaluation: [18500/19848]  eta: 0:01:30    time: 0.0685  data: 0.0000  max mem: 11815
      ITM Evaluation: [18600/19848]  eta: 0:01:24    time: 0.0662  data: 0.0000  max mem: 11815
      ITM Evaluation: [18700/19848]  eta: 0:01:17    time: 0.0669  data: 0.0000  max mem: 11815
      ITM Evaluation: [18800/19848]  eta: 0:01:10    time: 0.0661  data: 0.0000  max mem: 11815
      ITM Evaluation: [18900/19848]  eta: 0:01:03    time: 0.0674  data: 0.0000  max mem: 11815
      ITM Evaluation: [19000/19848]  eta: 0:00:57    time: 0.0766  data: 0.0000  max mem: 11815
      ITM Evaluation: [19100/19848]  eta: 0:00:50    time: 0.0714  data: 0.0000  max mem: 11815
      ITM Evaluation: [19200/19848]  eta: 0:00:43    time: 0.0657  data: 0.0000  max mem: 11815
      ITM Evaluation: [19300/19848]  eta: 0:00:36    time: 0.0644  data: 0.0000  max mem: 11815
      ITM Evaluation: [19400/19848]  eta: 0:00:30    time: 0.0655  data: 0.0000  max mem: 11815
      ITM Evaluation: [19500/19848]  eta: 0:00:23    time: 0.0641  data: 0.0000  max mem: 11815
      ITM Evaluation: [19600/19848]  eta: 0:00:16    time: 0.0699  data: 0.0000  max mem: 11815
      ITM Evaluation: [19700/19848]  eta: 0:00:09    time: 0.0649  data: 0.0000  max mem: 11815
      ITM Evaluation: [19800/19848]  eta: 0:00:03    time: 0.0665  data: 0.0000  max mem: 11815
      ITM Evaluation: [19847/19848]  eta: 0:00:00    time: 0.0695  data: 0.0000  max mem: 11815
      ITM Evaluation: Total time: 0:22:18 (0.0674 s / it)
     total_time 1340.0327055454254
     Computing matching score time 0:22:20
### TTA ITM Score: 
+-------+--------+--------+--------+--------+--------+
| epoch |   R1   |   R5   |  R10   |  mAP   |  mINP  |
+-------+--------+--------+--------+--------+--------+
|  -999 | 63.014 | 79.484 | 85.041 | 40.411 | 10.184 |
|  -999 | 68.183 | 82.885 | 87.500 | 40.507 | 9.104  |
|   0   | 61.452 | 80.477 | 86.165 | 37.879 | 9.331  |
|   1   | 60.782 | 80.391 | 86.120 | 37.613 | 9.317  |
|   2   | 60.273 | 80.200 | 85.999 | 37.379 | 9.295  |
|   3   | 60.369 | 80.225 | 86.059 | 37.362 | 9.290  |
|   4   | 60.248 | 80.169 | 86.034 | 37.309 | 9.270  |
|   5   | 59.744 | 79.993 | 85.913 | 37.043 | 9.241  |
|   6   | 59.527 | 79.953 | 85.908 | 36.963 | 9.223  |
|   7   | 59.296 | 79.862 | 85.852 | 36.808 | 9.188  |
+-------+--------+--------+--------+--------+--------+
     logs:  {'epo': 7, 'R1': 59.296, 'R5': 79.862, 'R10': 85.852, 'mAP': 36.808, 'mINP': 9.188, 'lr': 1.5e-05, 'entropy': 0.295405, 'loss': 0.295405}
      TTA Epoch: [8] [  0/620]  eta: 0:16:43  lr: 0.000015  entropy: 0.2633  loss: 0.2633  time: 1.6183  data: 1.5033  max mem: 11815
      TTA Epoch: [8] [100/620]  eta: 0:00:53  lr: 0.000015  entropy: 0.2694  loss: 0.2694  time: 0.0876  data: 0.0002  max mem: 11815
      TTA Epoch: [8] [200/620]  eta: 0:00:39  lr: 0.000015  entropy: 0.2088  loss: 0.2088  time: 0.0867  data: 0.0002  max mem: 11815
      TTA Epoch: [8] [300/620]  eta: 0:00:29  lr: 0.000014  entropy: 0.2196  loss: 0.2196  time: 0.0859  data: 0.0002  max mem: 11815
      TTA Epoch: [8] [400/620]  eta: 0:00:20  lr: 0.000014  entropy: 0.2453  loss: 0.2453  time: 0.0855  data: 0.0002  max mem: 11815
      TTA Epoch: [8] [500/620]  eta: 0:00:10  lr: 0.000014  entropy: 0.3218  loss: 0.3218  time: 0.0795  data: 0.0002  max mem: 11815
      TTA Epoch: [8] [600/620]  eta: 0:00:01  lr: 0.000014  entropy: 0.2117  loss: 0.2117  time: 0.0837  data: 0.0002  max mem: 11815
      TTA Epoch: [8] [619/620]  eta: 0:00:00  lr: 0.000014  entropy: 0.2466  loss: 0.2466  time: 0.0809  data: 0.0002  max mem: 11815
      TTA Epoch: [8] Total time: 0:00:54 (0.0880 s / it)
     Averaged stats: lr: 0.0000  entropy: 0.2899  loss: 0.2899
     itm tta time 0:00:55
     Computing matching score
      ITM Evaluation: [    0/19848]  eta: 1:35:30    time: 0.2887  data: 0.2233  max mem: 11815
      ITM Evaluation: [  100/19848]  eta: 0:23:18    time: 0.0678  data: 0.0000  max mem: 11815
      ITM Evaluation: [  200/19848]  eta: 0:22:45    time: 0.0645  data: 0.0000  max mem: 11815
      ITM Evaluation: [  300/19848]  eta: 0:23:18    time: 0.0776  data: 0.0000  max mem: 11815
      ITM Evaluation: [  400/19848]  eta: 0:22:46    time: 0.0634  data: 0.0000  max mem: 11815
      ITM Evaluation: [  500/19848]  eta: 0:22:15    time: 0.0643  data: 0.0000  max mem: 11815
      ITM Evaluation: [  600/19848]  eta: 0:21:55    time: 0.0672  data: 0.0000  max mem: 11815
      ITM Evaluation: [  700/19848]  eta: 0:21:40    time: 0.0653  data: 0.0000  max mem: 11815
      ITM Evaluation: [  800/19848]  eta: 0:21:32    time: 0.0718  data: 0.0000  max mem: 11815
      ITM Evaluation: [  900/19848]  eta: 0:21:30    time: 0.0697  data: 0.0000  max mem: 11815
      ITM Evaluation: [ 1000/19848]  eta: 0:21:23    time: 0.0642  data: 0.0000  max mem: 11815
      ITM Evaluation: [ 1100/19848]  eta: 0:21:11    time: 0.0621  data: 0.0000  max mem: 11815
      ITM Evaluation: [ 1200/19848]  eta: 0:20:59    time: 0.0652  data: 0.0000  max mem: 11815
      ITM Evaluation: [ 1300/19848]  eta: 0:20:50    time: 0.0655  data: 0.0000  max mem: 11815
      ITM Evaluation: [ 1400/19848]  eta: 0:20:39    time: 0.0655  data: 0.0000  max mem: 11815
      ITM Evaluation: [ 1500/19848]  eta: 0:20:31    time: 0.0737  data: 0.0000  max mem: 11815
      ITM Evaluation: [ 1600/19848]  eta: 0:20:35    time: 0.0791  data: 0.0000  max mem: 11815
      ITM Evaluation: [ 1700/19848]  eta: 0:20:33    time: 0.0687  data: 0.0000  max mem: 11815
      ITM Evaluation: [ 1800/19848]  eta: 0:20:20    time: 0.0621  data: 0.0000  max mem: 11815
      ITM Evaluation: [ 1900/19848]  eta: 0:20:11    time: 0.0641  data: 0.0000  max mem: 11815
      ITM Evaluation: [ 2000/19848]  eta: 0:20:05    time: 0.0645  data: 0.0000  max mem: 11815
      ITM Evaluation: [ 2100/19848]  eta: 0:19:57    time: 0.0672  data: 0.0000  max mem: 11815
      ITM Evaluation: [ 2200/19848]  eta: 0:19:51    time: 0.0697  data: 0.0000  max mem: 11815
      ITM Evaluation: [ 2300/19848]  eta: 0:19:45    time: 0.0669  data: 0.0000  max mem: 11815
      ITM Evaluation: [ 2400/19848]  eta: 0:19:37    time: 0.0645  data: 0.0000  max mem: 11815
      ITM Evaluation: [ 2500/19848]  eta: 0:19:28    time: 0.0645  data: 0.0000  max mem: 11815
      ITM Evaluation: [ 2600/19848]  eta: 0:19:20    time: 0.0646  data: 0.0000  max mem: 11815
      ITM Evaluation: [ 2700/19848]  eta: 0:19:11    time: 0.0638  data: 0.0000  max mem: 11815
      ITM Evaluation: [ 2800/19848]  eta: 0:19:03    time: 0.0645  data: 0.0000  max mem: 11815
      ITM Evaluation: [ 2900/19848]  eta: 0:18:56    time: 0.0653  data: 0.0000  max mem: 11815
      ITM Evaluation: [ 3000/19848]  eta: 0:18:48    time: 0.0632  data: 0.0000  max mem: 11815
      ITM Evaluation: [ 3100/19848]  eta: 0:18:40    time: 0.0638  data: 0.0000  max mem: 11815
      ITM Evaluation: [ 3200/19848]  eta: 0:18:32    time: 0.0662  data: 0.0000  max mem: 11815
      ITM Evaluation: [ 3300/19848]  eta: 0:18:24    time: 0.0657  data: 0.0000  max mem: 11815
      ITM Evaluation: [ 3400/19848]  eta: 0:18:17    time: 0.0644  data: 0.0000  max mem: 11815
      ITM Evaluation: [ 3500/19848]  eta: 0:18:11    time: 0.0710  data: 0.0000  max mem: 11815
      ITM Evaluation: [ 3600/19848]  eta: 0:18:05    time: 0.0657  data: 0.0000  max mem: 11815
      ITM Evaluation: [ 3700/19848]  eta: 0:17:58    time: 0.0657  data: 0.0000  max mem: 11815
      ITM Evaluation: [ 3800/19848]  eta: 0:17:51    time: 0.0647  data: 0.0000  max mem: 11815
      ITM Evaluation: [ 3900/19848]  eta: 0:17:43    time: 0.0653  data: 0.0000  max mem: 11815
      ITM Evaluation: [ 4000/19848]  eta: 0:17:36    time: 0.0653  data: 0.0000  max mem: 11815
      ITM Evaluation: [ 4100/19848]  eta: 0:17:29    time: 0.0660  data: 0.0000  max mem: 11815
      ITM Evaluation: [ 4200/19848]  eta: 0:17:22    time: 0.0686  data: 0.0000  max mem: 11815
      ITM Evaluation: [ 4300/19848]  eta: 0:17:16    time: 0.0641  data: 0.0000  max mem: 11815
      ITM Evaluation: [ 4400/19848]  eta: 0:17:09    time: 0.0665  data: 0.0000  max mem: 11815
      ITM Evaluation: [ 4500/19848]  eta: 0:17:02    time: 0.0664  data: 0.0000  max mem: 11815
      ITM Evaluation: [ 4600/19848]  eta: 0:16:55    time: 0.0649  data: 0.0000  max mem: 11815
      ITM Evaluation: [ 4700/19848]  eta: 0:16:48    time: 0.0665  data: 0.0000  max mem: 11815
      ITM Evaluation: [ 4800/19848]  eta: 0:16:41    time: 0.0695  data: 0.0000  max mem: 11815
      ITM Evaluation: [ 4900/19848]  eta: 0:16:35    time: 0.0635  data: 0.0000  max mem: 11815
      ITM Evaluation: [ 5000/19848]  eta: 0:16:28    time: 0.0654  data: 0.0000  max mem: 11815
      ITM Evaluation: [ 5100/19848]  eta: 0:16:21    time: 0.0645  data: 0.0000  max mem: 11815
      ITM Evaluation: [ 5200/19848]  eta: 0:16:13    time: 0.0629  data: 0.0000  max mem: 11815
      ITM Evaluation: [ 5300/19848]  eta: 0:16:06    time: 0.0659  data: 0.0000  max mem: 11815
      ITM Evaluation: [ 5400/19848]  eta: 0:15:59    time: 0.0693  data: 0.0000  max mem: 11815
      ITM Evaluation: [ 5500/19848]  eta: 0:15:53    time: 0.0684  data: 0.0000  max mem: 11815
      ITM Evaluation: [ 5600/19848]  eta: 0:15:46    time: 0.0657  data: 0.0000  max mem: 11815
      ITM Evaluation: [ 5700/19848]  eta: 0:15:39    time: 0.0649  data: 0.0000  max mem: 11815
      ITM Evaluation: [ 5800/19848]  eta: 0:15:32    time: 0.0667  data: 0.0000  max mem: 11815
      ITM Evaluation: [ 5900/19848]  eta: 0:15:25    time: 0.0598  data: 0.0000  max mem: 11815
      ITM Evaluation: [ 6000/19848]  eta: 0:15:18    time: 0.0685  data: 0.0000  max mem: 11815
      ITM Evaluation: [ 6100/19848]  eta: 0:15:12    time: 0.0674  data: 0.0000  max mem: 11815
      ITM Evaluation: [ 6200/19848]  eta: 0:15:06    time: 0.0661  data: 0.0000  max mem: 11815
      ITM Evaluation: [ 6300/19848]  eta: 0:14:59    time: 0.0671  data: 0.0000  max mem: 11815
      ITM Evaluation: [ 6400/19848]  eta: 0:14:53    time: 0.0688  data: 0.0000  max mem: 11815
      ITM Evaluation: [ 6500/19848]  eta: 0:14:47    time: 0.0686  data: 0.0000  max mem: 11815
      ITM Evaluation: [ 6600/19848]  eta: 0:14:41    time: 0.0729  data: 0.0000  max mem: 11815
      ITM Evaluation: [ 6700/19848]  eta: 0:14:35    time: 0.0704  data: 0.0000  max mem: 11815
      ITM Evaluation: [ 6800/19848]  eta: 0:14:29    time: 0.0664  data: 0.0000  max mem: 11815
      ITM Evaluation: [ 6900/19848]  eta: 0:14:22    time: 0.0670  data: 0.0000  max mem: 11815
      ITM Evaluation: [ 7000/19848]  eta: 0:14:16    time: 0.0673  data: 0.0000  max mem: 11815
      ITM Evaluation: [ 7100/19848]  eta: 0:14:10    time: 0.0635  data: 0.0000  max mem: 11815
      ITM Evaluation: [ 7200/19848]  eta: 0:14:03    time: 0.0677  data: 0.0000  max mem: 11815
      ITM Evaluation: [ 7300/19848]  eta: 0:13:57    time: 0.0692  data: 0.0000  max mem: 11815
      ITM Evaluation: [ 7400/19848]  eta: 0:13:50    time: 0.0690  data: 0.0000  max mem: 11815
      ITM Evaluation: [ 7500/19848]  eta: 0:13:44    time: 0.0707  data: 0.0000  max mem: 11815
      ITM Evaluation: [ 7600/19848]  eta: 0:13:38    time: 0.0715  data: 0.0000  max mem: 11815
      ITM Evaluation: [ 7700/19848]  eta: 0:13:32    time: 0.0688  data: 0.0000  max mem: 11815
      ITM Evaluation: [ 7800/19848]  eta: 0:13:27    time: 0.0804  data: 0.0000  max mem: 11815
      ITM Evaluation: [ 7900/19848]  eta: 0:13:21    time: 0.0699  data: 0.0000  max mem: 11815
      ITM Evaluation: [ 8000/19848]  eta: 0:13:14    time: 0.0674  data: 0.0000  max mem: 11815
      ITM Evaluation: [ 8100/19848]  eta: 0:13:08    time: 0.0700  data: 0.0000  max mem: 11815
      ITM Evaluation: [ 8200/19848]  eta: 0:13:02    time: 0.0700  data: 0.0000  max mem: 11815
      ITM Evaluation: [ 8300/19848]  eta: 0:12:55    time: 0.0696  data: 0.0000  max mem: 11815
      ITM Evaluation: [ 8400/19848]  eta: 0:12:49    time: 0.0657  data: 0.0000  max mem: 11815
      ITM Evaluation: [ 8500/19848]  eta: 0:12:42    time: 0.0679  data: 0.0000  max mem: 11815
      ITM Evaluation: [ 8600/19848]  eta: 0:12:35    time: 0.0675  data: 0.0000  max mem: 11815
      ITM Evaluation: [ 8700/19848]  eta: 0:12:29    time: 0.0699  data: 0.0000  max mem: 11815
      ITM Evaluation: [ 8800/19848]  eta: 0:12:22    time: 0.0684  data: 0.0000  max mem: 11815
      ITM Evaluation: [ 8900/19848]  eta: 0:12:17    time: 0.0817  data: 0.0000  max mem: 11815
      ITM Evaluation: [ 9000/19848]  eta: 0:12:11    time: 0.0709  data: 0.0000  max mem: 11815
      ITM Evaluation: [ 9100/19848]  eta: 0:12:05    time: 0.0702  data: 0.0000  max mem: 11815
      ITM Evaluation: [ 9200/19848]  eta: 0:11:58    time: 0.0711  data: 0.0000  max mem: 11815
      ITM Evaluation: [ 9300/19848]  eta: 0:11:52    time: 0.0726  data: 0.0000  max mem: 11815
      ITM Evaluation: [ 9400/19848]  eta: 0:11:45    time: 0.0720  data: 0.0000  max mem: 11815
      ITM Evaluation: [ 9500/19848]  eta: 0:11:39    time: 0.0692  data: 0.0000  max mem: 11815
      ITM Evaluation: [ 9600/19848]  eta: 0:11:33    time: 0.0796  data: 0.0000  max mem: 11815
      ITM Evaluation: [ 9700/19848]  eta: 0:11:27    time: 0.0692  data: 0.0000  max mem: 11815
      ITM Evaluation: [ 9800/19848]  eta: 0:11:20    time: 0.0704  data: 0.0000  max mem: 11815
      ITM Evaluation: [ 9900/19848]  eta: 0:11:14    time: 0.0722  data: 0.0000  max mem: 11815
      ITM Evaluation: [10000/19848]  eta: 0:11:08    time: 0.0781  data: 0.0000  max mem: 11815
      ITM Evaluation: [10100/19848]  eta: 0:11:02    time: 0.0758  data: 0.0000  max mem: 11815
      ITM Evaluation: [10200/19848]  eta: 0:10:55    time: 0.0723  data: 0.0000  max mem: 11815
      ITM Evaluation: [10300/19848]  eta: 0:10:49    time: 0.0726  data: 0.0000  max mem: 11815
      ITM Evaluation: [10400/19848]  eta: 0:10:42    time: 0.0695  data: 0.0000  max mem: 11815
      ITM Evaluation: [10500/19848]  eta: 0:10:36    time: 0.0712  data: 0.0000  max mem: 11815
      ITM Evaluation: [10600/19848]  eta: 0:10:29    time: 0.0769  data: 0.0000  max mem: 11815
      ITM Evaluation: [10700/19848]  eta: 0:10:23    time: 0.0781  data: 0.0000  max mem: 11815
      ITM Evaluation: [10800/19848]  eta: 0:10:17    time: 0.0691  data: 0.0000  max mem: 11815
      ITM Evaluation: [10900/19848]  eta: 0:10:10    time: 0.0675  data: 0.0000  max mem: 11815
      ITM Evaluation: [11000/19848]  eta: 0:10:03    time: 0.0710  data: 0.0000  max mem: 11815
      ITM Evaluation: [11100/19848]  eta: 0:09:57    time: 0.0711  data: 0.0000  max mem: 11815
      ITM Evaluation: [11200/19848]  eta: 0:09:50    time: 0.0748  data: 0.0000  max mem: 11815
      ITM Evaluation: [11300/19848]  eta: 0:09:44    time: 0.0815  data: 0.0000  max mem: 11815
      ITM Evaluation: [11400/19848]  eta: 0:09:38    time: 0.0731  data: 0.0000  max mem: 11815
      ITM Evaluation: [11500/19848]  eta: 0:09:31    time: 0.0717  data: 0.0000  max mem: 11815
      ITM Evaluation: [11600/19848]  eta: 0:09:24    time: 0.0701  data: 0.0000  max mem: 11815
      ITM Evaluation: [11700/19848]  eta: 0:09:18    time: 0.0704  data: 0.0000  max mem: 11815
      ITM Evaluation: [11800/19848]  eta: 0:09:11    time: 0.0724  data: 0.0000  max mem: 11815
      ITM Evaluation: [11900/19848]  eta: 0:09:05    time: 0.0764  data: 0.0000  max mem: 11815
      ITM Evaluation: [12000/19848]  eta: 0:08:58    time: 0.0779  data: 0.0000  max mem: 11815
      ITM Evaluation: [12100/19848]  eta: 0:08:51    time: 0.0683  data: 0.0000  max mem: 11815
      ITM Evaluation: [12200/19848]  eta: 0:08:44    time: 0.0673  data: 0.0000  max mem: 11815
      ITM Evaluation: [12300/19848]  eta: 0:08:38    time: 0.0763  data: 0.0000  max mem: 11815
      ITM Evaluation: [12400/19848]  eta: 0:08:31    time: 0.0700  data: 0.0000  max mem: 11815
      ITM Evaluation: [12500/19848]  eta: 0:08:24    time: 0.0713  data: 0.0000  max mem: 11815
      ITM Evaluation: [12600/19848]  eta: 0:08:18    time: 0.0733  data: 0.0000  max mem: 11815
      ITM Evaluation: [12700/19848]  eta: 0:08:11    time: 0.0735  data: 0.0000  max mem: 11815
      ITM Evaluation: [12800/19848]  eta: 0:08:05    time: 0.0717  data: 0.0000  max mem: 11815
      ITM Evaluation: [12900/19848]  eta: 0:07:58    time: 0.0761  data: 0.0000  max mem: 11815
      ITM Evaluation: [13000/19848]  eta: 0:07:51    time: 0.0719  data: 0.0000  max mem: 11815
      ITM Evaluation: [13100/19848]  eta: 0:07:44    time: 0.0711  data: 0.0000  max mem: 11815
      ITM Evaluation: [13200/19848]  eta: 0:07:38    time: 0.0746  data: 0.0000  max mem: 11815
      ITM Evaluation: [13300/19848]  eta: 0:07:31    time: 0.0772  data: 0.0000  max mem: 11815
      ITM Evaluation: [13400/19848]  eta: 0:07:25    time: 0.0713  data: 0.0000  max mem: 11815
      ITM Evaluation: [13500/19848]  eta: 0:07:18    time: 0.0692  data: 0.0000  max mem: 11815
      ITM Evaluation: [13600/19848]  eta: 0:07:11    time: 0.0734  data: 0.0000  max mem: 11815
      ITM Evaluation: [13700/19848]  eta: 0:07:04    time: 0.0703  data: 0.0000  max mem: 11815
      ITM Evaluation: [13800/19848]  eta: 0:06:57    time: 0.0763  data: 0.0000  max mem: 11815
      ITM Evaluation: [13900/19848]  eta: 0:06:50    time: 0.0741  data: 0.0000  max mem: 11815
      ITM Evaluation: [14000/19848]  eta: 0:06:44    time: 0.0721  data: 0.0000  max mem: 11815
      ITM Evaluation: [14100/19848]  eta: 0:06:37    time: 0.0704  data: 0.0000  max mem: 11815
      ITM Evaluation: [14200/19848]  eta: 0:06:30    time: 0.0695  data: 0.0000  max mem: 11815
      ITM Evaluation: [14300/19848]  eta: 0:06:23    time: 0.0714  data: 0.0000  max mem: 11815
      ITM Evaluation: [14400/19848]  eta: 0:06:17    time: 0.0825  data: 0.0000  max mem: 11815
      ITM Evaluation: [14500/19848]  eta: 0:06:10    time: 0.0783  data: 0.0000  max mem: 11815
      ITM Evaluation: [14600/19848]  eta: 0:06:03    time: 0.0654  data: 0.0000  max mem: 11815
      ITM Evaluation: [14700/19848]  eta: 0:05:56    time: 0.0659  data: 0.0000  max mem: 11815
      ITM Evaluation: [14800/19848]  eta: 0:05:49    time: 0.0737  data: 0.0000  max mem: 11815
      ITM Evaluation: [14900/19848]  eta: 0:05:42    time: 0.0693  data: 0.0000  max mem: 11815
      ITM Evaluation: [15000/19848]  eta: 0:05:36    time: 0.0713  data: 0.0000  max mem: 11815
      ITM Evaluation: [15100/19848]  eta: 0:05:29    time: 0.0717  data: 0.0000  max mem: 11815
      ITM Evaluation: [15200/19848]  eta: 0:05:22    time: 0.0725  data: 0.0000  max mem: 11815
      ITM Evaluation: [15300/19848]  eta: 0:05:15    time: 0.0680  data: 0.0000  max mem: 11815
      ITM Evaluation: [15400/19848]  eta: 0:05:08    time: 0.0709  data: 0.0000  max mem: 11815
      ITM Evaluation: [15500/19848]  eta: 0:05:01    time: 0.0683  data: 0.0000  max mem: 11815
      ITM Evaluation: [15600/19848]  eta: 0:04:54    time: 0.0720  data: 0.0000  max mem: 11815
      ITM Evaluation: [15700/19848]  eta: 0:04:47    time: 0.0752  data: 0.0000  max mem: 11815
      ITM Evaluation: [15800/19848]  eta: 0:04:41    time: 0.0730  data: 0.0000  max mem: 11815
      ITM Evaluation: [15900/19848]  eta: 0:04:34    time: 0.0656  data: 0.0000  max mem: 11815
      ITM Evaluation: [16000/19848]  eta: 0:04:27    time: 0.0695  data: 0.0000  max mem: 11815
      ITM Evaluation: [16100/19848]  eta: 0:04:20    time: 0.0673  data: 0.0000  max mem: 11815
      ITM Evaluation: [16200/19848]  eta: 0:04:13    time: 0.0692  data: 0.0000  max mem: 11815
      ITM Evaluation: [16300/19848]  eta: 0:04:06    time: 0.0674  data: 0.0000  max mem: 11815
      ITM Evaluation: [16400/19848]  eta: 0:03:59    time: 0.0709  data: 0.0000  max mem: 11815
      ITM Evaluation: [16500/19848]  eta: 0:03:52    time: 0.0692  data: 0.0000  max mem: 11815
      ITM Evaluation: [16600/19848]  eta: 0:03:45    time: 0.0713  data: 0.0000  max mem: 11815
      ITM Evaluation: [16700/19848]  eta: 0:03:38    time: 0.0704  data: 0.0000  max mem: 11815
      ITM Evaluation: [16800/19848]  eta: 0:03:31    time: 0.0674  data: 0.0000  max mem: 11815
      ITM Evaluation: [16900/19848]  eta: 0:03:24    time: 0.0717  data: 0.0000  max mem: 11815
      ITM Evaluation: [17000/19848]  eta: 0:03:17    time: 0.0693  data: 0.0000  max mem: 11815
      ITM Evaluation: [17100/19848]  eta: 0:03:10    time: 0.0823  data: 0.0000  max mem: 11815
      ITM Evaluation: [17200/19848]  eta: 0:03:03    time: 0.0667  data: 0.0000  max mem: 11815
      ITM Evaluation: [17300/19848]  eta: 0:02:56    time: 0.0712  data: 0.0000  max mem: 11815
      ITM Evaluation: [17400/19848]  eta: 0:02:49    time: 0.0699  data: 0.0000  max mem: 11815
      ITM Evaluation: [17500/19848]  eta: 0:02:43    time: 0.0715  data: 0.0000  max mem: 11815
      ITM Evaluation: [17600/19848]  eta: 0:02:36    time: 0.0691  data: 0.0000  max mem: 11815
      ITM Evaluation: [17700/19848]  eta: 0:02:29    time: 0.0706  data: 0.0000  max mem: 11815
      ITM Evaluation: [17800/19848]  eta: 0:02:22    time: 0.0674  data: 0.0000  max mem: 11815
      ITM Evaluation: [17900/19848]  eta: 0:02:15    time: 0.0660  data: 0.0000  max mem: 11815
      ITM Evaluation: [18000/19848]  eta: 0:02:08    time: 0.0736  data: 0.0000  max mem: 11815
      ITM Evaluation: [18100/19848]  eta: 0:02:01    time: 0.0689  data: 0.0000  max mem: 11815
      ITM Evaluation: [18200/19848]  eta: 0:01:54    time: 0.0712  data: 0.0000  max mem: 11815
      ITM Evaluation: [18300/19848]  eta: 0:01:47    time: 0.0679  data: 0.0000  max mem: 11815
      ITM Evaluation: [18400/19848]  eta: 0:01:40    time: 0.0815  data: 0.0000  max mem: 11815
      ITM Evaluation: [18500/19848]  eta: 0:01:33    time: 0.0677  data: 0.0000  max mem: 11815
      ITM Evaluation: [18600/19848]  eta: 0:01:26    time: 0.0707  data: 0.0000  max mem: 11815
      ITM Evaluation: [18700/19848]  eta: 0:01:19    time: 0.0675  data: 0.0000  max mem: 11815
      ITM Evaluation: [18800/19848]  eta: 0:01:12    time: 0.0689  data: 0.0000  max mem: 11815
      ITM Evaluation: [18900/19848]  eta: 0:01:05    time: 0.0698  data: 0.0000  max mem: 11815
      ITM Evaluation: [19000/19848]  eta: 0:00:58    time: 0.0700  data: 0.0000  max mem: 11815
      ITM Evaluation: [19100/19848]  eta: 0:00:51    time: 0.0674  data: 0.0000  max mem: 11815
      ITM Evaluation: [19200/19848]  eta: 0:00:45    time: 0.0737  data: 0.0000  max mem: 11815
      ITM Evaluation: [19300/19848]  eta: 0:00:38    time: 0.0695  data: 0.0000  max mem: 11815
      ITM Evaluation: [19400/19848]  eta: 0:00:31    time: 0.0669  data: 0.0000  max mem: 11815
      ITM Evaluation: [19500/19848]  eta: 0:00:24    time: 0.0703  data: 0.0000  max mem: 11815
      ITM Evaluation: [19600/19848]  eta: 0:00:17    time: 0.0684  data: 0.0000  max mem: 11815
      ITM Evaluation: [19700/19848]  eta: 0:00:10    time: 0.0723  data: 0.0000  max mem: 11815
      ITM Evaluation: [19800/19848]  eta: 0:00:03    time: 0.0658  data: 0.0000  max mem: 11815
      ITM Evaluation: [19847/19848]  eta: 0:00:00    time: 0.0682  data: 0.0000  max mem: 11815
      ITM Evaluation: Total time: 0:22:59 (0.0695 s / it)
     total_time 1381.2500746250153
     Computing matching score time 0:23:01
### TTA ITM Score: 
+-------+--------+--------+--------+--------+--------+
| epoch |   R1   |   R5   |  R10   |  mAP   |  mINP  |
+-------+--------+--------+--------+--------+--------+
|  -999 | 63.014 | 79.484 | 85.041 | 40.411 | 10.184 |
|  -999 | 68.183 | 82.885 | 87.500 | 40.507 | 9.104  |
|   0   | 61.452 | 80.477 | 86.165 | 37.879 | 9.331  |
|   1   | 60.782 | 80.391 | 86.120 | 37.613 | 9.317  |
|   2   | 60.273 | 80.200 | 85.999 | 37.379 | 9.295  |
|   3   | 60.369 | 80.225 | 86.059 | 37.362 | 9.290  |
|   4   | 60.248 | 80.169 | 86.034 | 37.309 | 9.270  |
|   5   | 59.744 | 79.993 | 85.913 | 37.043 | 9.241  |
|   6   | 59.527 | 79.953 | 85.908 | 36.963 | 9.223  |
|   7   | 59.296 | 79.862 | 85.852 | 36.808 | 9.188  |
|   8   | 59.139 | 79.867 | 85.873 | 36.822 | 9.164  |
+-------+--------+--------+--------+--------+--------+
     logs:  {'epo': 8, 'R1': 59.139, 'R5': 79.867, 'R10': 85.873, 'mAP': 36.822, 'mINP': 9.164, 'lr': 1.4e-05, 'entropy': 0.289854, 'loss': 0.289854}
      TTA Epoch: [9] [  0/620]  eta: 0:17:16  lr: 0.000014  entropy: 0.1175  loss: 0.1175  time: 1.6720  data: 1.5402  max mem: 11815
      TTA Epoch: [9] [100/620]  eta: 0:00:55  lr: 0.000014  entropy: 0.2409  loss: 0.2409  time: 0.0905  data: 0.0002  max mem: 11815
      TTA Epoch: [9] [200/620]  eta: 0:00:39  lr: 0.000014  entropy: 0.1850  loss: 0.1850  time: 0.0827  data: 0.0002  max mem: 11815
      TTA Epoch: [9] [300/620]  eta: 0:00:28  lr: 0.000014  entropy: 0.1699  loss: 0.1699  time: 0.0806  data: 0.0003  max mem: 11815
      TTA Epoch: [9] [400/620]  eta: 0:00:19  lr: 0.000014  entropy: 0.2412  loss: 0.2412  time: 0.0848  data: 0.0002  max mem: 11815
      TTA Epoch: [9] [500/620]  eta: 0:00:10  lr: 0.000014  entropy: 0.3594  loss: 0.3594  time: 0.0880  data: 0.0005  max mem: 11815
      TTA Epoch: [9] [600/620]  eta: 0:00:01  lr: 0.000013  entropy: 0.2440  loss: 0.2440  time: 0.0953  data: 0.0003  max mem: 11815
      TTA Epoch: [9] [619/620]  eta: 0:00:00  lr: 0.000013  entropy: 0.2336  loss: 0.2336  time: 0.0846  data: 0.0004  max mem: 11815
      TTA Epoch: [9] Total time: 0:00:54 (0.0879 s / it)
     Averaged stats: lr: 0.0000  entropy: 0.2821  loss: 0.2821
     itm tta time 0:00:55
     Computing matching score
      ITM Evaluation: [    0/19848]  eta: 0:41:19    time: 0.1249  data: 0.0371  max mem: 11815
      ITM Evaluation: [  100/19848]  eta: 0:22:42    time: 0.0706  data: 0.0000  max mem: 11815
      ITM Evaluation: [  200/19848]  eta: 0:22:35    time: 0.0677  data: 0.0000  max mem: 11815
      ITM Evaluation: [  300/19848]  eta: 0:22:41    time: 0.0711  data: 0.0000  max mem: 11815
      ITM Evaluation: [  400/19848]  eta: 0:22:29    time: 0.0671  data: 0.0000  max mem: 11815
      ITM Evaluation: [  500/19848]  eta: 0:22:17    time: 0.0678  data: 0.0000  max mem: 11815
      ITM Evaluation: [  600/19848]  eta: 0:22:02    time: 0.0637  data: 0.0000  max mem: 11815
      ITM Evaluation: [  700/19848]  eta: 0:21:47    time: 0.0667  data: 0.0000  max mem: 11815
      ITM Evaluation: [  800/19848]  eta: 0:21:40    time: 0.0700  data: 0.0000  max mem: 11815
      ITM Evaluation: [  900/19848]  eta: 0:21:55    time: 0.0848  data: 0.0000  max mem: 11815
      ITM Evaluation: [ 1000/19848]  eta: 0:22:01    time: 0.0665  data: 0.0000  max mem: 11815
      ITM Evaluation: [ 1100/19848]  eta: 0:21:51    time: 0.0694  data: 0.0000  max mem: 11815
      ITM Evaluation: [ 1200/19848]  eta: 0:21:41    time: 0.0689  data: 0.0000  max mem: 11815
      ITM Evaluation: [ 1300/19848]  eta: 0:21:31    time: 0.0662  data: 0.0000  max mem: 11815
      ITM Evaluation: [ 1400/19848]  eta: 0:21:23    time: 0.0712  data: 0.0000  max mem: 11815
      ITM Evaluation: [ 1500/19848]  eta: 0:21:20    time: 0.0712  data: 0.0000  max mem: 11815
      ITM Evaluation: [ 1600/19848]  eta: 0:21:16    time: 0.0729  data: 0.0000  max mem: 11815
      ITM Evaluation: [ 1700/19848]  eta: 0:21:08    time: 0.0675  data: 0.0000  max mem: 11815
      ITM Evaluation: [ 1800/19848]  eta: 0:21:00    time: 0.0681  data: 0.0000  max mem: 11815
      ITM Evaluation: [ 1900/19848]  eta: 0:20:50    time: 0.0662  data: 0.0000  max mem: 11815
      ITM Evaluation: [ 2000/19848]  eta: 0:20:41    time: 0.0714  data: 0.0000  max mem: 11815
      ITM Evaluation: [ 2100/19848]  eta: 0:20:37    time: 0.0793  data: 0.0000  max mem: 11815
      ITM Evaluation: [ 2200/19848]  eta: 0:20:32    time: 0.0743  data: 0.0000  max mem: 11815
      ITM Evaluation: [ 2300/19848]  eta: 0:20:28    time: 0.0742  data: 0.0000  max mem: 11815
      ITM Evaluation: [ 2400/19848]  eta: 0:20:24    time: 0.0745  data: 0.0000  max mem: 11815
      ITM Evaluation: [ 2500/19848]  eta: 0:20:20    time: 0.0702  data: 0.0000  max mem: 11815
      ITM Evaluation: [ 2600/19848]  eta: 0:20:11    time: 0.0682  data: 0.0000  max mem: 11815
      ITM Evaluation: [ 2700/19848]  eta: 0:20:05    time: 0.0710  data: 0.0000  max mem: 11815
      ITM Evaluation: [ 2800/19848]  eta: 0:19:56    time: 0.0682  data: 0.0000  max mem: 11815
      ITM Evaluation: [ 2900/19848]  eta: 0:19:47    time: 0.0680  data: 0.0000  max mem: 11815
      ITM Evaluation: [ 3000/19848]  eta: 0:19:39    time: 0.0695  data: 0.0000  max mem: 11815
      ITM Evaluation: [ 3100/19848]  eta: 0:19:32    time: 0.0746  data: 0.0000  max mem: 11815
      ITM Evaluation: [ 3200/19848]  eta: 0:19:24    time: 0.0666  data: 0.0000  max mem: 11815
      ITM Evaluation: [ 3300/19848]  eta: 0:19:16    time: 0.0698  data: 0.0000  max mem: 11815
      ITM Evaluation: [ 3400/19848]  eta: 0:19:08    time: 0.0661  data: 0.0000  max mem: 11815
      ITM Evaluation: [ 3500/19848]  eta: 0:18:59    time: 0.0662  data: 0.0000  max mem: 11815
      ITM Evaluation: [ 3600/19848]  eta: 0:18:51    time: 0.0635  data: 0.0000  max mem: 11815
      ITM Evaluation: [ 3700/19848]  eta: 0:18:43    time: 0.0651  data: 0.0000  max mem: 11815
      ITM Evaluation: [ 3800/19848]  eta: 0:18:35    time: 0.0699  data: 0.0000  max mem: 11815
      ITM Evaluation: [ 3900/19848]  eta: 0:18:29    time: 0.0707  data: 0.0000  max mem: 11815
      ITM Evaluation: [ 4000/19848]  eta: 0:18:23    time: 0.0750  data: 0.0000  max mem: 11815
      ITM Evaluation: [ 4100/19848]  eta: 0:18:17    time: 0.0736  data: 0.0000  max mem: 11815
      ITM Evaluation: [ 4200/19848]  eta: 0:18:09    time: 0.0619  data: 0.0000  max mem: 11815
      ITM Evaluation: [ 4300/19848]  eta: 0:18:00    time: 0.0669  data: 0.0000  max mem: 11815
      ITM Evaluation: [ 4400/19848]  eta: 0:17:53    time: 0.0691  data: 0.0000  max mem: 11815
      ITM Evaluation: [ 4500/19848]  eta: 0:17:46    time: 0.0647  data: 0.0000  max mem: 11815
      ITM Evaluation: [ 4600/19848]  eta: 0:17:38    time: 0.0642  data: 0.0000  max mem: 11815
      ITM Evaluation: [ 4700/19848]  eta: 0:17:31    time: 0.0704  data: 0.0000  max mem: 11815
      ITM Evaluation: [ 4800/19848]  eta: 0:17:25    time: 0.0721  data: 0.0000  max mem: 11815
      ITM Evaluation: [ 4900/19848]  eta: 0:17:19    time: 0.0738  data: 0.0000  max mem: 11815
      ITM Evaluation: [ 5000/19848]  eta: 0:17:13    time: 0.0705  data: 0.0000  max mem: 11815
      ITM Evaluation: [ 5100/19848]  eta: 0:17:05    time: 0.0662  data: 0.0000  max mem: 11815
      ITM Evaluation: [ 5200/19848]  eta: 0:16:58    time: 0.0706  data: 0.0000  max mem: 11815
      ITM Evaluation: [ 5300/19848]  eta: 0:16:51    time: 0.0670  data: 0.0000  max mem: 11815
      ITM Evaluation: [ 5400/19848]  eta: 0:16:43    time: 0.0693  data: 0.0000  max mem: 11815
      ITM Evaluation: [ 5500/19848]  eta: 0:16:36    time: 0.0701  data: 0.0000  max mem: 11815
      ITM Evaluation: [ 5600/19848]  eta: 0:16:30    time: 0.0740  data: 0.0000  max mem: 11815
      ITM Evaluation: [ 5700/19848]  eta: 0:16:23    time: 0.0670  data: 0.0000  max mem: 11815
      ITM Evaluation: [ 5800/19848]  eta: 0:16:16    time: 0.0678  data: 0.0000  max mem: 11815
      ITM Evaluation: [ 5900/19848]  eta: 0:16:08    time: 0.0665  data: 0.0000  max mem: 11815
      ITM Evaluation: [ 6000/19848]  eta: 0:16:00    time: 0.0638  data: 0.0000  max mem: 11815
      ITM Evaluation: [ 6100/19848]  eta: 0:15:53    time: 0.0691  data: 0.0000  max mem: 11815
      ITM Evaluation: [ 6200/19848]  eta: 0:15:47    time: 0.0716  data: 0.0000  max mem: 11815
      ITM Evaluation: [ 6300/19848]  eta: 0:15:41    time: 0.0742  data: 0.0000  max mem: 11815
      ITM Evaluation: [ 6400/19848]  eta: 0:15:35    time: 0.0703  data: 0.0000  max mem: 11815
      ITM Evaluation: [ 6500/19848]  eta: 0:15:27    time: 0.0693  data: 0.0000  max mem: 11815
      ITM Evaluation: [ 6600/19848]  eta: 0:15:20    time: 0.0680  data: 0.0000  max mem: 11815
      ITM Evaluation: [ 6700/19848]  eta: 0:15:12    time: 0.0698  data: 0.0000  max mem: 11815
      ITM Evaluation: [ 6800/19848]  eta: 0:15:05    time: 0.0680  data: 0.0000  max mem: 11815
      ITM Evaluation: [ 6900/19848]  eta: 0:14:59    time: 0.0756  data: 0.0000  max mem: 11815
      ITM Evaluation: [ 7000/19848]  eta: 0:14:53    time: 0.0724  data: 0.0000  max mem: 11815
      ITM Evaluation: [ 7100/19848]  eta: 0:14:46    time: 0.0686  data: 0.0000  max mem: 11815
      ITM Evaluation: [ 7200/19848]  eta: 0:14:38    time: 0.0680  data: 0.0000  max mem: 11815
      ITM Evaluation: [ 7300/19848]  eta: 0:14:31    time: 0.0703  data: 0.0000  max mem: 11815
      ITM Evaluation: [ 7400/19848]  eta: 0:14:24    time: 0.0676  data: 0.0000  max mem: 11815
      ITM Evaluation: [ 7500/19848]  eta: 0:14:17    time: 0.0661  data: 0.0000  max mem: 11815
      ITM Evaluation: [ 7600/19848]  eta: 0:14:10    time: 0.0749  data: 0.0000  max mem: 11815
      ITM Evaluation: [ 7700/19848]  eta: 0:14:04    time: 0.0670  data: 0.0000  max mem: 11815
      ITM Evaluation: [ 7800/19848]  eta: 0:13:56    time: 0.0666  data: 0.0000  max mem: 11815
      ITM Evaluation: [ 7900/19848]  eta: 0:13:49    time: 0.0673  data: 0.0000  max mem: 11815
      ITM Evaluation: [ 8000/19848]  eta: 0:13:42    time: 0.0674  data: 0.0000  max mem: 11815
      ITM Evaluation: [ 8100/19848]  eta: 0:13:35    time: 0.0676  data: 0.0000  max mem: 11815
      ITM Evaluation: [ 8200/19848]  eta: 0:13:28    time: 0.0757  data: 0.0000  max mem: 11815
      ITM Evaluation: [ 8300/19848]  eta: 0:13:22    time: 0.0717  data: 0.0000  max mem: 11815
      ITM Evaluation: [ 8400/19848]  eta: 0:13:16    time: 0.0724  data: 0.0000  max mem: 11815
      ITM Evaluation: [ 8500/19848]  eta: 0:13:08    time: 0.0608  data: 0.0000  max mem: 11815
      ITM Evaluation: [ 8600/19848]  eta: 0:13:01    time: 0.0732  data: 0.0000  max mem: 11815
      ITM Evaluation: [ 8700/19848]  eta: 0:12:54    time: 0.0678  data: 0.0000  max mem: 11815
      ITM Evaluation: [ 8800/19848]  eta: 0:12:46    time: 0.0680  data: 0.0000  max mem: 11815
      ITM Evaluation: [ 8900/19848]  eta: 0:12:39    time: 0.0686  data: 0.0000  max mem: 11815
      ITM Evaluation: [ 9000/19848]  eta: 0:12:33    time: 0.0725  data: 0.0000  max mem: 11815
      ITM Evaluation: [ 9100/19848]  eta: 0:12:26    time: 0.0685  data: 0.0000  max mem: 11815
      ITM Evaluation: [ 9200/19848]  eta: 0:12:19    time: 0.0754  data: 0.0000  max mem: 11815
      ITM Evaluation: [ 9300/19848]  eta: 0:12:13    time: 0.0837  data: 0.0000  max mem: 11815
      ITM Evaluation: [ 9400/19848]  eta: 0:12:06    time: 0.0700  data: 0.0000  max mem: 11815
      ITM Evaluation: [ 9500/19848]  eta: 0:11:59    time: 0.0719  data: 0.0000  max mem: 11815
      ITM Evaluation: [ 9600/19848]  eta: 0:11:52    time: 0.0702  data: 0.0000  max mem: 11815
      ITM Evaluation: [ 9700/19848]  eta: 0:11:45    time: 0.0706  data: 0.0000  max mem: 11815
      ITM Evaluation: [ 9800/19848]  eta: 0:11:38    time: 0.0673  data: 0.0000  max mem: 11815
      ITM Evaluation: [ 9900/19848]  eta: 0:11:32    time: 0.0731  data: 0.0000  max mem: 11815
      ITM Evaluation: [10000/19848]  eta: 0:11:25    time: 0.0710  data: 0.0000  max mem: 11815
      ITM Evaluation: [10100/19848]  eta: 0:11:18    time: 0.0748  data: 0.0000  max mem: 11815
      ITM Evaluation: [10200/19848]  eta: 0:11:11    time: 0.0702  data: 0.0000  max mem: 11815
      ITM Evaluation: [10300/19848]  eta: 0:11:04    time: 0.0689  data: 0.0000  max mem: 11815
      ITM Evaluation: [10400/19848]  eta: 0:10:57    time: 0.0724  data: 0.0000  max mem: 11815
      ITM Evaluation: [10500/19848]  eta: 0:10:51    time: 0.0722  data: 0.0000  max mem: 11815
      ITM Evaluation: [10600/19848]  eta: 0:10:44    time: 0.0779  data: 0.0000  max mem: 11815
      ITM Evaluation: [10700/19848]  eta: 0:10:37    time: 0.0665  data: 0.0000  max mem: 11815
      ITM Evaluation: [10800/19848]  eta: 0:10:30    time: 0.0699  data: 0.0000  max mem: 11815
      ITM Evaluation: [10900/19848]  eta: 0:10:24    time: 0.0736  data: 0.0000  max mem: 11815
      ITM Evaluation: [11000/19848]  eta: 0:10:17    time: 0.0754  data: 0.0000  max mem: 11815
      ITM Evaluation: [11100/19848]  eta: 0:10:10    time: 0.0690  data: 0.0000  max mem: 11815
      ITM Evaluation: [11200/19848]  eta: 0:10:03    time: 0.0753  data: 0.0000  max mem: 11815
      ITM Evaluation: [11300/19848]  eta: 0:09:57    time: 0.0755  data: 0.0000  max mem: 11815
      ITM Evaluation: [11400/19848]  eta: 0:09:50    time: 0.0730  data: 0.0000  max mem: 11815
      ITM Evaluation: [11500/19848]  eta: 0:09:43    time: 0.0714  data: 0.0000  max mem: 11815
      ITM Evaluation: [11600/19848]  eta: 0:09:36    time: 0.0723  data: 0.0000  max mem: 11815
      ITM Evaluation: [11700/19848]  eta: 0:09:30    time: 0.0776  data: 0.0000  max mem: 11815
      ITM Evaluation: [11800/19848]  eta: 0:09:23    time: 0.0805  data: 0.0000  max mem: 11815
      ITM Evaluation: [11900/19848]  eta: 0:09:17    time: 0.0735  data: 0.0000  max mem: 11815
      ITM Evaluation: [12000/19848]  eta: 0:09:10    time: 0.0738  data: 0.0000  max mem: 11815
      ITM Evaluation: [12100/19848]  eta: 0:09:03    time: 0.0889  data: 0.0000  max mem: 11815
      ITM Evaluation: [12200/19848]  eta: 0:08:56    time: 0.0798  data: 0.0000  max mem: 11815
      ITM Evaluation: [12300/19848]  eta: 0:08:50    time: 0.0750  data: 0.0000  max mem: 11815
      ITM Evaluation: [12400/19848]  eta: 0:08:43    time: 0.0729  data: 0.0000  max mem: 11815
      ITM Evaluation: [12500/19848]  eta: 0:08:36    time: 0.0682  data: 0.0000  max mem: 11815
      ITM Evaluation: [12600/19848]  eta: 0:08:29    time: 0.0756  data: 0.0000  max mem: 11815
      ITM Evaluation: [12700/19848]  eta: 0:08:22    time: 0.0731  data: 0.0000  max mem: 11815
      ITM Evaluation: [12800/19848]  eta: 0:08:16    time: 0.0741  data: 0.0000  max mem: 11815
      ITM Evaluation: [12900/19848]  eta: 0:08:09    time: 0.0705  data: 0.0000  max mem: 11815
      ITM Evaluation: [13000/19848]  eta: 0:08:02    time: 0.0731  data: 0.0000  max mem: 11815
      ITM Evaluation: [13100/19848]  eta: 0:07:55    time: 0.0753  data: 0.0000  max mem: 11815
      ITM Evaluation: [13200/19848]  eta: 0:07:48    time: 0.0756  data: 0.0000  max mem: 11815
      ITM Evaluation: [13300/19848]  eta: 0:07:42    time: 0.0744  data: 0.0000  max mem: 11815
      ITM Evaluation: [13400/19848]  eta: 0:07:35    time: 0.0736  data: 0.0000  max mem: 11815
      ITM Evaluation: [13500/19848]  eta: 0:07:28    time: 0.0717  data: 0.0000  max mem: 11815
      ITM Evaluation: [13600/19848]  eta: 0:07:21    time: 0.0677  data: 0.0000  max mem: 11815
      ITM Evaluation: [13700/19848]  eta: 0:07:13    time: 0.0751  data: 0.0000  max mem: 11815
      ITM Evaluation: [13800/19848]  eta: 0:07:07    time: 0.0820  data: 0.0000  max mem: 11815
      ITM Evaluation: [13900/19848]  eta: 0:07:00    time: 0.0743  data: 0.0000  max mem: 11815
      ITM Evaluation: [14000/19848]  eta: 0:06:53    time: 0.0762  data: 0.0000  max mem: 11815
      ITM Evaluation: [14100/19848]  eta: 0:06:46    time: 0.0750  data: 0.0000  max mem: 11815
      ITM Evaluation: [14200/19848]  eta: 0:06:39    time: 0.0730  data: 0.0000  max mem: 11815
      ITM Evaluation: [14300/19848]  eta: 0:06:32    time: 0.0714  data: 0.0000  max mem: 11815
      ITM Evaluation: [14400/19848]  eta: 0:06:25    time: 0.0739  data: 0.0000  max mem: 11815
      ITM Evaluation: [14500/19848]  eta: 0:06:18    time: 0.0796  data: 0.0000  max mem: 11815
      ITM Evaluation: [14600/19848]  eta: 0:06:11    time: 0.0736  data: 0.0000  max mem: 11815
      ITM Evaluation: [14700/19848]  eta: 0:06:05    time: 0.0838  data: 0.0000  max mem: 11815
      ITM Evaluation: [14800/19848]  eta: 0:05:58    time: 0.0678  data: 0.0000  max mem: 11815
      ITM Evaluation: [14900/19848]  eta: 0:05:51    time: 0.0737  data: 0.0000  max mem: 11815
      ITM Evaluation: [15000/19848]  eta: 0:05:44    time: 0.0744  data: 0.0000  max mem: 11815
      ITM Evaluation: [15100/19848]  eta: 0:05:37    time: 0.0711  data: 0.0000  max mem: 11815
      ITM Evaluation: [15200/19848]  eta: 0:05:30    time: 0.0758  data: 0.0000  max mem: 11815
      ITM Evaluation: [15300/19848]  eta: 0:05:23    time: 0.0721  data: 0.0000  max mem: 11815
      ITM Evaluation: [15400/19848]  eta: 0:05:16    time: 0.0755  data: 0.0000  max mem: 11815
      ITM Evaluation: [15500/19848]  eta: 0:05:08    time: 0.0770  data: 0.0000  max mem: 11815
      ITM Evaluation: [15600/19848]  eta: 0:05:01    time: 0.0733  data: 0.0000  max mem: 11815
      ITM Evaluation: [15700/19848]  eta: 0:04:54    time: 0.0728  data: 0.0000  max mem: 11815
      ITM Evaluation: [15800/19848]  eta: 0:04:47    time: 0.0757  data: 0.0000  max mem: 11815
      ITM Evaluation: [15900/19848]  eta: 0:04:40    time: 0.0862  data: 0.0000  max mem: 11815
      ITM Evaluation: [16000/19848]  eta: 0:04:34    time: 0.0930  data: 0.0000  max mem: 11815
      ITM Evaluation: [16100/19848]  eta: 0:04:27    time: 0.0836  data: 0.0000  max mem: 11815
      ITM Evaluation: [16200/19848]  eta: 0:04:21    time: 0.1011  data: 0.0000  max mem: 11815
      ITM Evaluation: [16300/19848]  eta: 0:04:14    time: 0.0721  data: 0.0000  max mem: 11815
      ITM Evaluation: [16400/19848]  eta: 0:04:07    time: 0.0719  data: 0.0000  max mem: 11815
      ITM Evaluation: [16500/19848]  eta: 0:03:59    time: 0.0649  data: 0.0000  max mem: 11815
      ITM Evaluation: [16600/19848]  eta: 0:03:52    time: 0.0726  data: 0.0000  max mem: 11815
      ITM Evaluation: [16700/19848]  eta: 0:03:45    time: 0.0767  data: 0.0000  max mem: 11815
      ITM Evaluation: [16800/19848]  eta: 0:03:38    time: 0.0735  data: 0.0000  max mem: 11815
      ITM Evaluation: [16900/19848]  eta: 0:03:31    time: 0.0737  data: 0.0000  max mem: 11815
      ITM Evaluation: [17000/19848]  eta: 0:03:24    time: 0.0727  data: 0.0000  max mem: 11815
      ITM Evaluation: [17100/19848]  eta: 0:03:16    time: 0.0755  data: 0.0000  max mem: 11815
      ITM Evaluation: [17200/19848]  eta: 0:03:09    time: 0.0705  data: 0.0000  max mem: 11815
      ITM Evaluation: [17300/19848]  eta: 0:03:02    time: 0.0672  data: 0.0000  max mem: 11815
      ITM Evaluation: [17400/19848]  eta: 0:02:55    time: 0.0657  data: 0.0000  max mem: 11815
      ITM Evaluation: [17500/19848]  eta: 0:02:48    time: 0.0647  data: 0.0000  max mem: 11815
      ITM Evaluation: [17600/19848]  eta: 0:02:40    time: 0.0667  data: 0.0000  max mem: 11815
      ITM Evaluation: [17700/19848]  eta: 0:02:33    time: 0.0742  data: 0.0000  max mem: 11815
      ITM Evaluation: [17800/19848]  eta: 0:02:26    time: 0.0695  data: 0.0000  max mem: 11815
      ITM Evaluation: [17900/19848]  eta: 0:02:19    time: 0.0688  data: 0.0000  max mem: 11815
      ITM Evaluation: [18000/19848]  eta: 0:02:12    time: 0.0679  data: 0.0000  max mem: 11815
      ITM Evaluation: [18100/19848]  eta: 0:02:05    time: 0.0712  data: 0.0000  max mem: 11815
      ITM Evaluation: [18200/19848]  eta: 0:01:57    time: 0.0701  data: 0.0000  max mem: 11815
      ITM Evaluation: [18300/19848]  eta: 0:01:50    time: 0.0768  data: 0.0000  max mem: 11815
      ITM Evaluation: [18400/19848]  eta: 0:01:43    time: 0.0696  data: 0.0000  max mem: 11815
      ITM Evaluation: [18500/19848]  eta: 0:01:36    time: 0.0670  data: 0.0000  max mem: 11815
      ITM Evaluation: [18600/19848]  eta: 0:01:29    time: 0.0715  data: 0.0000  max mem: 11815
      ITM Evaluation: [18700/19848]  eta: 0:01:22    time: 0.0712  data: 0.0000  max mem: 11815
      ITM Evaluation: [18800/19848]  eta: 0:01:14    time: 0.0703  data: 0.0000  max mem: 11815
      ITM Evaluation: [18900/19848]  eta: 0:01:07    time: 0.0752  data: 0.0000  max mem: 11815
      ITM Evaluation: [19000/19848]  eta: 0:01:00    time: 0.0706  data: 0.0000  max mem: 11815
      ITM Evaluation: [19100/19848]  eta: 0:00:53    time: 0.0703  data: 0.0000  max mem: 11815
      ITM Evaluation: [19200/19848]  eta: 0:00:46    time: 0.0680  data: 0.0000  max mem: 11815
      ITM Evaluation: [19300/19848]  eta: 0:00:39    time: 0.0708  data: 0.0000  max mem: 11815
      ITM Evaluation: [19400/19848]  eta: 0:00:32    time: 0.0697  data: 0.0000  max mem: 11815
      ITM Evaluation: [19500/19848]  eta: 0:00:24    time: 0.0763  data: 0.0000  max mem: 11815
      ITM Evaluation: [19600/19848]  eta: 0:00:17    time: 0.0693  data: 0.0000  max mem: 11815
      ITM Evaluation: [19700/19848]  eta: 0:00:10    time: 0.0664  data: 0.0000  max mem: 11815
      ITM Evaluation: [19800/19848]  eta: 0:00:03    time: 0.0669  data: 0.0000  max mem: 11815
      ITM Evaluation: [19847/19848]  eta: 0:00:00    time: 0.0666  data: 0.0000  max mem: 11815
      ITM Evaluation: Total time: 0:23:40 (0.0716 s / it)
     total_time 1421.8803281784058
     Computing matching score time 0:23:41
### TTA ITM Score: 
+-------+--------+--------+--------+--------+--------+
| epoch |   R1   |   R5   |  R10   |  mAP   |  mINP  |
+-------+--------+--------+--------+--------+--------+
|  -999 | 63.014 | 79.484 | 85.041 | 40.411 | 10.184 |
|  -999 | 68.183 | 82.885 | 87.500 | 40.507 | 9.104  |
|   0   | 61.452 | 80.477 | 86.165 | 37.879 | 9.331  |
|   1   | 60.782 | 80.391 | 86.120 | 37.613 | 9.317  |
|   2   | 60.273 | 80.200 | 85.999 | 37.379 | 9.295  |
|   3   | 60.369 | 80.225 | 86.059 | 37.362 | 9.290  |
|   4   | 60.248 | 80.169 | 86.034 | 37.309 | 9.270  |
|   5   | 59.744 | 79.993 | 85.913 | 37.043 | 9.241  |
|   6   | 59.527 | 79.953 | 85.908 | 36.963 | 9.223  |
|   7   | 59.296 | 79.862 | 85.852 | 36.808 | 9.188  |
|   8   | 59.139 | 79.867 | 85.873 | 36.822 | 9.164  |
|   9   | 59.714 | 80.013 | 85.928 | 36.973 | 9.181  |
+-------+--------+--------+--------+--------+--------+
     logs:  {'epo': 9, 'R1': 59.714, 'R5': 80.013, 'R10': 85.928, 'mAP': 36.973, 'mINP': 9.181, 'lr': 1.4e-05, 'entropy': 0.282096, 'loss': 0.282096}
      TTA Epoch: [10] [  0/620]  eta: 0:17:35  lr: 0.000013  entropy: 0.3413  loss: 0.3413  time: 1.7028  data: 1.5653  max mem: 11815
      TTA Epoch: [10] [100/620]  eta: 0:00:54  lr: 0.000013  entropy: 0.3407  loss: 0.3407  time: 0.0890  data: 0.0004  max mem: 11815
      TTA Epoch: [10] [200/620]  eta: 0:00:40  lr: 0.000013  entropy: 0.1832  loss: 0.1832  time: 0.0904  data: 0.0005  max mem: 11815
      TTA Epoch: [10] [300/620]  eta: 0:00:29  lr: 0.000013  entropy: 0.2413  loss: 0.2413  time: 0.0814  data: 0.0002  max mem: 11815
      TTA Epoch: [10] [400/620]  eta: 0:00:19  lr: 0.000013  entropy: 0.2779  loss: 0.2779  time: 0.0864  data: 0.0003  max mem: 11815
      TTA Epoch: [10] [500/620]  eta: 0:00:10  lr: 0.000013  entropy: 0.2536  loss: 0.2536  time: 0.0791  data: 0.0002  max mem: 11815
      TTA Epoch: [10] [600/620]  eta: 0:00:01  lr: 0.000013  entropy: 0.2484  loss: 0.2484  time: 0.0750  data: 0.0002  max mem: 11815
      TTA Epoch: [10] [619/620]  eta: 0:00:00  lr: 0.000013  entropy: 0.1668  loss: 0.1668  time: 0.0754  data: 0.0002  max mem: 11815
      TTA Epoch: [10] Total time: 0:00:53 (0.0859 s / it)
     Averaged stats: lr: 0.0000  entropy: 0.2746  loss: 0.2746
     itm tta time 0:00:54
     Computing matching score
      ITM Evaluation: [    0/19848]  eta: 0:29:59    time: 0.0907  data: 0.0283  max mem: 11815
      ITM Evaluation: [  100/19848]  eta: 0:22:44    time: 0.0695  data: 0.0000  max mem: 11815
      ITM Evaluation: [  200/19848]  eta: 0:23:30    time: 0.0726  data: 0.0000  max mem: 11815
      ITM Evaluation: [  300/19848]  eta: 0:23:17    time: 0.0752  data: 0.0000  max mem: 11815
      ITM Evaluation: [  400/19848]  eta: 0:23:14    time: 0.0713  data: 0.0000  max mem: 11815
      ITM Evaluation: [  500/19848]  eta: 0:22:58    time: 0.0689  data: 0.0000  max mem: 11815
      ITM Evaluation: [  600/19848]  eta: 0:22:40    time: 0.0668  data: 0.0000  max mem: 11815
      ITM Evaluation: [  700/19848]  eta: 0:22:31    time: 0.0736  data: 0.0000  max mem: 11815
      ITM Evaluation: [  800/19848]  eta: 0:22:22    time: 0.0679  data: 0.0000  max mem: 11815
      ITM Evaluation: [  900/19848]  eta: 0:22:12    time: 0.0731  data: 0.0000  max mem: 11815
      ITM Evaluation: [ 1000/19848]  eta: 0:22:10    time: 0.0715  data: 0.0000  max mem: 11815
      ITM Evaluation: [ 1100/19848]  eta: 0:22:03    time: 0.0704  data: 0.0000  max mem: 11815
      ITM Evaluation: [ 1200/19848]  eta: 0:21:55    time: 0.0654  data: 0.0000  max mem: 11815
      ITM Evaluation: [ 1300/19848]  eta: 0:21:46    time: 0.0718  data: 0.0000  max mem: 11815
      ITM Evaluation: [ 1400/19848]  eta: 0:21:40    time: 0.0670  data: 0.0000  max mem: 11815
      ITM Evaluation: [ 1500/19848]  eta: 0:21:30    time: 0.0689  data: 0.0000  max mem: 11815
      ITM Evaluation: [ 1600/19848]  eta: 0:21:24    time: 0.0727  data: 0.0000  max mem: 11815
      ITM Evaluation: [ 1700/19848]  eta: 0:21:18    time: 0.0693  data: 0.0000  max mem: 11815
      ITM Evaluation: [ 1800/19848]  eta: 0:21:09    time: 0.0689  data: 0.0000  max mem: 11815
      ITM Evaluation: [ 1900/19848]  eta: 0:21:01    time: 0.0706  data: 0.0000  max mem: 11815
      ITM Evaluation: [ 2000/19848]  eta: 0:20:55    time: 0.0733  data: 0.0000  max mem: 11815
      ITM Evaluation: [ 2100/19848]  eta: 0:20:47    time: 0.0689  data: 0.0000  max mem: 11815
      ITM Evaluation: [ 2200/19848]  eta: 0:20:40    time: 0.0712  data: 0.0000  max mem: 11815
      ITM Evaluation: [ 2300/19848]  eta: 0:20:35    time: 0.0725  data: 0.0000  max mem: 11815
      ITM Evaluation: [ 2400/19848]  eta: 0:20:26    time: 0.0685  data: 0.0000  max mem: 11815
      ITM Evaluation: [ 2500/19848]  eta: 0:20:16    time: 0.0655  data: 0.0000  max mem: 11815
      ITM Evaluation: [ 2600/19848]  eta: 0:20:08    time: 0.0723  data: 0.0000  max mem: 11815
      ITM Evaluation: [ 2700/19848]  eta: 0:19:59    time: 0.0669  data: 0.0000  max mem: 11815
      ITM Evaluation: [ 2800/19848]  eta: 0:19:50    time: 0.0721  data: 0.0000  max mem: 11815
      ITM Evaluation: [ 2900/19848]  eta: 0:19:48    time: 0.0817  data: 0.0000  max mem: 11815
      ITM Evaluation: [ 3000/19848]  eta: 0:19:41    time: 0.0685  data: 0.0000  max mem: 11815
      ITM Evaluation: [ 3100/19848]  eta: 0:19:33    time: 0.0697  data: 0.0000  max mem: 11815
      ITM Evaluation: [ 3200/19848]  eta: 0:19:26    time: 0.0723  data: 0.0000  max mem: 11815
      ITM Evaluation: [ 3300/19848]  eta: 0:19:20    time: 0.0708  data: 0.0000  max mem: 11815
      ITM Evaluation: [ 3400/19848]  eta: 0:19:13    time: 0.0711  data: 0.0000  max mem: 11815
      ITM Evaluation: [ 3500/19848]  eta: 0:19:07    time: 0.0743  data: 0.0000  max mem: 11815
      ITM Evaluation: [ 3600/19848]  eta: 0:19:00    time: 0.0714  data: 0.0000  max mem: 11815
      ITM Evaluation: [ 3700/19848]  eta: 0:18:52    time: 0.0675  data: 0.0000  max mem: 11815
      ITM Evaluation: [ 3800/19848]  eta: 0:18:45    time: 0.0749  data: 0.0000  max mem: 11815
      ITM Evaluation: [ 3900/19848]  eta: 0:18:38    time: 0.0667  data: 0.0000  max mem: 11815
      ITM Evaluation: [ 4000/19848]  eta: 0:18:30    time: 0.0685  data: 0.0000  max mem: 11815
      ITM Evaluation: [ 4100/19848]  eta: 0:18:23    time: 0.0738  data: 0.0000  max mem: 11815
      ITM Evaluation: [ 4200/19848]  eta: 0:18:17    time: 0.0670  data: 0.0000  max mem: 11815
      ITM Evaluation: [ 4300/19848]  eta: 0:18:09    time: 0.0698  data: 0.0000  max mem: 11815
      ITM Evaluation: [ 4400/19848]  eta: 0:18:03    time: 0.0719  data: 0.0000  max mem: 11815
      ITM Evaluation: [ 4500/19848]  eta: 0:17:55    time: 0.0679  data: 0.0000  max mem: 11815
      ITM Evaluation: [ 4600/19848]  eta: 0:17:48    time: 0.0704  data: 0.0000  max mem: 11815
      ITM Evaluation: [ 4700/19848]  eta: 0:17:41    time: 0.0706  data: 0.0000  max mem: 11815
      ITM Evaluation: [ 4800/19848]  eta: 0:17:34    time: 0.0717  data: 0.0000  max mem: 11815
      ITM Evaluation: [ 4900/19848]  eta: 0:17:27    time: 0.0665  data: 0.0000  max mem: 11815
      ITM Evaluation: [ 5000/19848]  eta: 0:17:19    time: 0.0647  data: 0.0000  max mem: 11815
      ITM Evaluation: [ 5100/19848]  eta: 0:17:13    time: 0.0736  data: 0.0000  max mem: 11815
      ITM Evaluation: [ 5200/19848]  eta: 0:17:06    time: 0.0682  data: 0.0000  max mem: 11815
      ITM Evaluation: [ 5300/19848]  eta: 0:16:59    time: 0.0704  data: 0.0000  max mem: 11815
      ITM Evaluation: [ 5400/19848]  eta: 0:16:52    time: 0.0750  data: 0.0000  max mem: 11815
      ITM Evaluation: [ 5500/19848]  eta: 0:16:45    time: 0.0677  data: 0.0000  max mem: 11815
      ITM Evaluation: [ 5600/19848]  eta: 0:16:38    time: 0.0703  data: 0.0000  max mem: 11815
      ITM Evaluation: [ 5700/19848]  eta: 0:16:31    time: 0.0690  data: 0.0000  max mem: 11815
      ITM Evaluation: [ 5800/19848]  eta: 0:16:24    time: 0.0715  data: 0.0000  max mem: 11815
      ITM Evaluation: [ 5900/19848]  eta: 0:16:17    time: 0.0689  data: 0.0000  max mem: 11815
      ITM Evaluation: [ 6000/19848]  eta: 0:16:11    time: 0.0746  data: 0.0000  max mem: 11815
      ITM Evaluation: [ 6100/19848]  eta: 0:16:04    time: 0.0700  data: 0.0000  max mem: 11815
      ITM Evaluation: [ 6200/19848]  eta: 0:15:57    time: 0.0723  data: 0.0000  max mem: 11815
      ITM Evaluation: [ 6300/19848]  eta: 0:15:50    time: 0.0696  data: 0.0000  max mem: 11815
      ITM Evaluation: [ 6400/19848]  eta: 0:15:42    time: 0.0705  data: 0.0000  max mem: 11815
      ITM Evaluation: [ 6500/19848]  eta: 0:15:35    time: 0.0683  data: 0.0000  max mem: 11815
      ITM Evaluation: [ 6600/19848]  eta: 0:15:28    time: 0.0710  data: 0.0000  max mem: 11815
      ITM Evaluation: [ 6700/19848]  eta: 0:15:21    time: 0.0619  data: 0.0000  max mem: 11815
      ITM Evaluation: [ 6800/19848]  eta: 0:15:14    time: 0.0713  data: 0.0000  max mem: 11815
      ITM Evaluation: [ 6900/19848]  eta: 0:15:07    time: 0.0698  data: 0.0000  max mem: 11815
      ITM Evaluation: [ 7000/19848]  eta: 0:15:00    time: 0.0688  data: 0.0000  max mem: 11815
      ITM Evaluation: [ 7100/19848]  eta: 0:14:53    time: 0.0692  data: 0.0000  max mem: 11815
      ITM Evaluation: [ 7200/19848]  eta: 0:14:46    time: 0.0750  data: 0.0000  max mem: 11815
      ITM Evaluation: [ 7300/19848]  eta: 0:14:40    time: 0.0707  data: 0.0000  max mem: 11815
      ITM Evaluation: [ 7400/19848]  eta: 0:14:33    time: 0.0738  data: 0.0000  max mem: 11815
      ITM Evaluation: [ 7500/19848]  eta: 0:14:26    time: 0.0670  data: 0.0000  max mem: 11815
      ITM Evaluation: [ 7600/19848]  eta: 0:14:19    time: 0.0689  data: 0.0000  max mem: 11815
      ITM Evaluation: [ 7700/19848]  eta: 0:14:12    time: 0.0687  data: 0.0000  max mem: 11815
      ITM Evaluation: [ 7800/19848]  eta: 0:14:05    time: 0.0724  data: 0.0000  max mem: 11815
      ITM Evaluation: [ 7900/19848]  eta: 0:13:59    time: 0.0760  data: 0.0000  max mem: 11815
      ITM Evaluation: [ 8000/19848]  eta: 0:13:52    time: 0.0713  data: 0.0000  max mem: 11815
      ITM Evaluation: [ 8100/19848]  eta: 0:13:45    time: 0.0691  data: 0.0000  max mem: 11815
      ITM Evaluation: [ 8200/19848]  eta: 0:13:38    time: 0.0697  data: 0.0000  max mem: 11815
      ITM Evaluation: [ 8300/19848]  eta: 0:13:31    time: 0.0688  data: 0.0000  max mem: 11815
      ITM Evaluation: [ 8400/19848]  eta: 0:13:24    time: 0.0708  data: 0.0000  max mem: 11815
      ITM Evaluation: [ 8500/19848]  eta: 0:13:18    time: 0.0739  data: 0.0000  max mem: 11815
      ITM Evaluation: [ 8600/19848]  eta: 0:13:11    time: 0.0675  data: 0.0000  max mem: 11815
      ITM Evaluation: [ 8700/19848]  eta: 0:13:04    time: 0.0698  data: 0.0000  max mem: 11815
      ITM Evaluation: [ 8800/19848]  eta: 0:12:56    time: 0.0715  data: 0.0000  max mem: 11815
      ITM Evaluation: [ 8900/19848]  eta: 0:12:49    time: 0.0706  data: 0.0000  max mem: 11815
      ITM Evaluation: [ 9000/19848]  eta: 0:12:42    time: 0.0735  data: 0.0000  max mem: 11815
      ITM Evaluation: [ 9100/19848]  eta: 0:12:36    time: 0.0751  data: 0.0000  max mem: 11815
      ITM Evaluation: [ 9200/19848]  eta: 0:12:29    time: 0.0685  data: 0.0000  max mem: 11815
      ITM Evaluation: [ 9300/19848]  eta: 0:12:22    time: 0.0700  data: 0.0000  max mem: 11815
      ITM Evaluation: [ 9400/19848]  eta: 0:12:14    time: 0.0696  data: 0.0000  max mem: 11815
      ITM Evaluation: [ 9500/19848]  eta: 0:12:07    time: 0.0716  data: 0.0000  max mem: 11815
      ITM Evaluation: [ 9600/19848]  eta: 0:12:00    time: 0.0723  data: 0.0000  max mem: 11815
      ITM Evaluation: [ 9700/19848]  eta: 0:11:54    time: 0.0768  data: 0.0000  max mem: 11815
      ITM Evaluation: [ 9800/19848]  eta: 0:11:47    time: 0.0719  data: 0.0000  max mem: 11815
      ITM Evaluation: [ 9900/19848]  eta: 0:11:40    time: 0.0710  data: 0.0000  max mem: 11815
      ITM Evaluation: [10000/19848]  eta: 0:11:33    time: 0.0660  data: 0.0000  max mem: 11815
      ITM Evaluation: [10100/19848]  eta: 0:11:26    time: 0.0682  data: 0.0000  max mem: 11815
      ITM Evaluation: [10200/19848]  eta: 0:11:19    time: 0.0692  data: 0.0000  max mem: 11815
      ITM Evaluation: [10300/19848]  eta: 0:11:12    time: 0.0778  data: 0.0000  max mem: 11815
      ITM Evaluation: [10400/19848]  eta: 0:11:05    time: 0.0680  data: 0.0000  max mem: 11815
      ITM Evaluation: [10500/19848]  eta: 0:10:58    time: 0.0709  data: 0.0000  max mem: 11815
      ITM Evaluation: [10600/19848]  eta: 0:10:51    time: 0.0647  data: 0.0000  max mem: 11815
      ITM Evaluation: [10700/19848]  eta: 0:10:44    time: 0.0686  data: 0.0000  max mem: 11815
      ITM Evaluation: [10800/19848]  eta: 0:10:37    time: 0.0709  data: 0.0000  max mem: 11815
      ITM Evaluation: [10900/19848]  eta: 0:10:30    time: 0.0752  data: 0.0000  max mem: 11815
      ITM Evaluation: [11000/19848]  eta: 0:10:24    time: 0.0757  data: 0.0000  max mem: 11815
      ITM Evaluation: [11100/19848]  eta: 0:10:17    time: 0.0707  data: 0.0000  max mem: 11815
      ITM Evaluation: [11200/19848]  eta: 0:10:10    time: 0.0703  data: 0.0000  max mem: 11815
      ITM Evaluation: [11300/19848]  eta: 0:10:03    time: 0.0717  data: 0.0000  max mem: 11815
      ITM Evaluation: [11400/19848]  eta: 0:09:56    time: 0.0709  data: 0.0000  max mem: 11815
      ITM Evaluation: [11500/19848]  eta: 0:09:49    time: 0.0740  data: 0.0000  max mem: 11815
      ITM Evaluation: [11600/19848]  eta: 0:09:42    time: 0.0731  data: 0.0000  max mem: 11815
      ITM Evaluation: [11700/19848]  eta: 0:09:35    time: 0.0687  data: 0.0000  max mem: 11815
      ITM Evaluation: [11800/19848]  eta: 0:09:28    time: 0.0702  data: 0.0000  max mem: 11815
      ITM Evaluation: [11900/19848]  eta: 0:09:21    time: 0.0706  data: 0.0000  max mem: 11815
      ITM Evaluation: [12000/19848]  eta: 0:09:13    time: 0.0689  data: 0.0000  max mem: 11815
      ITM Evaluation: [12100/19848]  eta: 0:09:07    time: 0.0750  data: 0.0000  max mem: 11815
      ITM Evaluation: [12200/19848]  eta: 0:09:00    time: 0.0717  data: 0.0000  max mem: 11815
      ITM Evaluation: [12300/19848]  eta: 0:08:53    time: 0.0689  data: 0.0000  max mem: 11815
      ITM Evaluation: [12400/19848]  eta: 0:08:46    time: 0.0704  data: 0.0000  max mem: 11815
      ITM Evaluation: [12500/19848]  eta: 0:08:38    time: 0.0715  data: 0.0000  max mem: 11815
      ITM Evaluation: [12600/19848]  eta: 0:08:31    time: 0.0698  data: 0.0000  max mem: 11815
      ITM Evaluation: [12700/19848]  eta: 0:08:24    time: 0.0751  data: 0.0000  max mem: 11815
      ITM Evaluation: [12800/19848]  eta: 0:08:17    time: 0.0704  data: 0.0000  max mem: 11815
      ITM Evaluation: [12900/19848]  eta: 0:08:10    time: 0.0716  data: 0.0000  max mem: 11815
      ITM Evaluation: [13000/19848]  eta: 0:08:03    time: 0.0686  data: 0.0000  max mem: 11815
      ITM Evaluation: [13100/19848]  eta: 0:07:56    time: 0.0674  data: 0.0000  max mem: 11815
      ITM Evaluation: [13200/19848]  eta: 0:07:49    time: 0.0703  data: 0.0000  max mem: 11815
      ITM Evaluation: [13300/19848]  eta: 0:07:42    time: 0.0791  data: 0.0000  max mem: 11815
      ITM Evaluation: [13400/19848]  eta: 0:07:35    time: 0.0689  data: 0.0000  max mem: 11815
      ITM Evaluation: [13500/19848]  eta: 0:07:28    time: 0.0712  data: 0.0000  max mem: 11815
      ITM Evaluation: [13600/19848]  eta: 0:07:21    time: 0.0692  data: 0.0000  max mem: 11815
      ITM Evaluation: [13700/19848]  eta: 0:07:14    time: 0.0693  data: 0.0000  max mem: 11815
      ITM Evaluation: [13800/19848]  eta: 0:07:07    time: 0.0684  data: 0.0000  max mem: 11815
      ITM Evaluation: [13900/19848]  eta: 0:07:00    time: 0.0706  data: 0.0000  max mem: 11815
      ITM Evaluation: [14000/19848]  eta: 0:06:53    time: 0.0709  data: 0.0000  max mem: 11815
      ITM Evaluation: [14100/19848]  eta: 0:06:45    time: 0.0705  data: 0.0000  max mem: 11815
      ITM Evaluation: [14200/19848]  eta: 0:06:38    time: 0.0692  data: 0.0000  max mem: 11815
      ITM Evaluation: [14300/19848]  eta: 0:06:31    time: 0.0668  data: 0.0000  max mem: 11815
      ITM Evaluation: [14400/19848]  eta: 0:06:24    time: 0.0653  data: 0.0000  max mem: 11815
      ITM Evaluation: [14500/19848]  eta: 0:06:17    time: 0.0711  data: 0.0000  max mem: 11815
      ITM Evaluation: [14600/19848]  eta: 0:06:10    time: 0.0688  data: 0.0000  max mem: 11815
      ITM Evaluation: [14700/19848]  eta: 0:06:03    time: 0.0717  data: 0.0000  max mem: 11815
      ITM Evaluation: [14800/19848]  eta: 0:05:56    time: 0.0676  data: 0.0000  max mem: 11815
      ITM Evaluation: [14900/19848]  eta: 0:05:49    time: 0.0697  data: 0.0000  max mem: 11815
      ITM Evaluation: [15000/19848]  eta: 0:05:41    time: 0.0667  data: 0.0000  max mem: 11815
      ITM Evaluation: [15100/19848]  eta: 0:05:35    time: 0.0744  data: 0.0000  max mem: 11815
      ITM Evaluation: [15200/19848]  eta: 0:05:28    time: 0.0714  data: 0.0000  max mem: 11815
      ITM Evaluation: [15300/19848]  eta: 0:05:20    time: 0.0686  data: 0.0000  max mem: 11815
      ITM Evaluation: [15400/19848]  eta: 0:05:13    time: 0.0676  data: 0.0000  max mem: 11815
      ITM Evaluation: [15500/19848]  eta: 0:05:06    time: 0.0692  data: 0.0000  max mem: 11815
      ITM Evaluation: [15600/19848]  eta: 0:04:59    time: 0.0693  data: 0.0000  max mem: 11815
      ITM Evaluation: [15700/19848]  eta: 0:04:52    time: 0.0706  data: 0.0000  max mem: 11815
      ITM Evaluation: [15800/19848]  eta: 0:04:45    time: 0.0754  data: 0.0000  max mem: 11815
      ITM Evaluation: [15900/19848]  eta: 0:04:38    time: 0.0688  data: 0.0000  max mem: 11815
      ITM Evaluation: [16000/19848]  eta: 0:04:31    time: 0.0706  data: 0.0000  max mem: 11815
      ITM Evaluation: [16100/19848]  eta: 0:04:24    time: 0.0684  data: 0.0000  max mem: 11815
      ITM Evaluation: [16200/19848]  eta: 0:04:17    time: 0.0724  data: 0.0000  max mem: 11815
      ITM Evaluation: [16300/19848]  eta: 0:04:10    time: 0.0696  data: 0.0000  max mem: 11815
      ITM Evaluation: [16400/19848]  eta: 0:04:03    time: 0.0765  data: 0.0000  max mem: 11815
      ITM Evaluation: [16500/19848]  eta: 0:03:56    time: 0.0734  data: 0.0000  max mem: 11815
      ITM Evaluation: [16600/19848]  eta: 0:03:49    time: 0.0755  data: 0.0000  max mem: 11815
      ITM Evaluation: [16700/19848]  eta: 0:03:42    time: 0.0732  data: 0.0000  max mem: 11815
      ITM Evaluation: [16800/19848]  eta: 0:03:35    time: 0.0697  data: 0.0000  max mem: 11815
      ITM Evaluation: [16900/19848]  eta: 0:03:28    time: 0.0744  data: 0.0000  max mem: 11815
      ITM Evaluation: [17000/19848]  eta: 0:03:21    time: 0.0715  data: 0.0000  max mem: 11815
      ITM Evaluation: [17100/19848]  eta: 0:03:14    time: 0.0692  data: 0.0000  max mem: 11815
      ITM Evaluation: [17200/19848]  eta: 0:03:07    time: 0.0728  data: 0.0000  max mem: 11815
      ITM Evaluation: [17300/19848]  eta: 0:03:00    time: 0.0682  data: 0.0000  max mem: 11815
      ITM Evaluation: [17400/19848]  eta: 0:02:52    time: 0.0668  data: 0.0000  max mem: 11815
      ITM Evaluation: [17500/19848]  eta: 0:02:45    time: 0.0726  data: 0.0000  max mem: 11815
      ITM Evaluation: [17600/19848]  eta: 0:02:38    time: 0.0695  data: 0.0000  max mem: 11815
      ITM Evaluation: [17700/19848]  eta: 0:02:31    time: 0.0669  data: 0.0000  max mem: 11815
      ITM Evaluation: [17800/19848]  eta: 0:02:24    time: 0.0718  data: 0.0000  max mem: 11815
      ITM Evaluation: [17900/19848]  eta: 0:02:17    time: 0.0703  data: 0.0000  max mem: 11815
      ITM Evaluation: [18000/19848]  eta: 0:02:10    time: 0.0698  data: 0.0000  max mem: 11815
      ITM Evaluation: [18100/19848]  eta: 0:02:03    time: 0.0716  data: 0.0000  max mem: 11815
      ITM Evaluation: [18200/19848]  eta: 0:01:56    time: 0.0682  data: 0.0000  max mem: 11815
      ITM Evaluation: [18300/19848]  eta: 0:01:49    time: 0.0700  data: 0.0000  max mem: 11815
      ITM Evaluation: [18400/19848]  eta: 0:01:42    time: 0.0731  data: 0.0000  max mem: 11815
      ITM Evaluation: [18500/19848]  eta: 0:01:35    time: 0.0682  data: 0.0000  max mem: 11815
      ITM Evaluation: [18600/19848]  eta: 0:01:28    time: 0.0621  data: 0.0000  max mem: 11815
      ITM Evaluation: [18700/19848]  eta: 0:01:21    time: 0.0741  data: 0.0000  max mem: 11815
      ITM Evaluation: [18800/19848]  eta: 0:01:13    time: 0.0672  data: 0.0000  max mem: 11815
      ITM Evaluation: [18900/19848]  eta: 0:01:06    time: 0.0682  data: 0.0000  max mem: 11815
      ITM Evaluation: [19000/19848]  eta: 0:00:59    time: 0.0755  data: 0.0000  max mem: 11815
      ITM Evaluation: [19100/19848]  eta: 0:00:52    time: 0.0694  data: 0.0000  max mem: 11815
      ITM Evaluation: [19200/19848]  eta: 0:00:45    time: 0.0695  data: 0.0000  max mem: 11815
      ITM Evaluation: [19300/19848]  eta: 0:00:38    time: 0.0716  data: 0.0000  max mem: 11815
      ITM Evaluation: [19400/19848]  eta: 0:00:31    time: 0.0687  data: 0.0000  max mem: 11815
      ITM Evaluation: [19500/19848]  eta: 0:00:24    time: 0.0686  data: 0.0000  max mem: 11815
      ITM Evaluation: [19600/19848]  eta: 0:00:17    time: 0.0727  data: 0.0000  max mem: 11815
      ITM Evaluation: [19700/19848]  eta: 0:00:10    time: 0.0707  data: 0.0000  max mem: 11815
      ITM Evaluation: [19800/19848]  eta: 0:00:03    time: 0.0680  data: 0.0000  max mem: 11815
      ITM Evaluation: [19847/19848]  eta: 0:00:00    time: 0.0734  data: 0.0000  max mem: 11815
      ITM Evaluation: Total time: 0:23:22 (0.0706 s / it)
     total_time 1403.7921032905579
     Computing matching score time 0:23:23
### TTA ITM Score: 
+-------+--------+--------+--------+--------+--------+
| epoch |   R1   |   R5   |  R10   |  mAP   |  mINP  |
+-------+--------+--------+--------+--------+--------+
|  -999 | 63.014 | 79.484 | 85.041 | 40.411 | 10.184 |
|  -999 | 68.183 | 82.885 | 87.500 | 40.507 | 9.104  |
|   0   | 61.452 | 80.477 | 86.165 | 37.879 | 9.331  |
|   1   | 60.782 | 80.391 | 86.120 | 37.613 | 9.317  |
|   2   | 60.273 | 80.200 | 85.999 | 37.379 | 9.295  |
|   3   | 60.369 | 80.225 | 86.059 | 37.362 | 9.290  |
|   4   | 60.248 | 80.169 | 86.034 | 37.309 | 9.270  |
|   5   | 59.744 | 79.993 | 85.913 | 37.043 | 9.241  |
|   6   | 59.527 | 79.953 | 85.908 | 36.963 | 9.223  |
|   7   | 59.296 | 79.862 | 85.852 | 36.808 | 9.188  |
|   8   | 59.139 | 79.867 | 85.873 | 36.822 | 9.164  |
|   9   | 59.714 | 80.013 | 85.928 | 36.973 | 9.181  |
|   10  | 59.114 | 79.791 | 85.822 | 36.720 | 9.136  |
+-------+--------+--------+--------+--------+--------+
     logs:  {'epo': 10, 'R1': 59.114, 'R5': 79.791, 'R10': 85.822, 'mAP': 36.72, 'mINP': 9.136, 'lr': 1.3e-05, 'entropy': 0.274615, 'loss': 0.274615}
      TTA Epoch: [11] [  0/620]  eta: 0:22:48  lr: 0.000013  entropy: 0.2899  loss: 0.2899  time: 2.2070  data: 2.0777  max mem: 11815
      TTA Epoch: [11] [100/620]  eta: 0:00:53  lr: 0.000013  entropy: 0.2046  loss: 0.2046  time: 0.0878  data: 0.0003  max mem: 11815
      TTA Epoch: [11] [200/620]  eta: 0:00:40  lr: 0.000013  entropy: 0.3581  loss: 0.3581  time: 0.0950  data: 0.0003  max mem: 11815
      TTA Epoch: [11] [300/620]  eta: 0:00:29  lr: 0.000012  entropy: 0.2796  loss: 0.2796  time: 0.0756  data: 0.0001  max mem: 11815
      TTA Epoch: [11] [400/620]  eta: 0:00:19  lr: 0.000012  entropy: 0.2717  loss: 0.2717  time: 0.0773  data: 0.0002  max mem: 11815
      TTA Epoch: [11] [500/620]  eta: 0:00:10  lr: 0.000012  entropy: 0.2504  loss: 0.2504  time: 0.0776  data: 0.0002  max mem: 11815
      TTA Epoch: [11] [600/620]  eta: 0:00:01  lr: 0.000012  entropy: 0.2095  loss: 0.2095  time: 0.0770  data: 0.0002  max mem: 11815
      TTA Epoch: [11] [619/620]  eta: 0:00:00  lr: 0.000012  entropy: 0.2594  loss: 0.2594  time: 0.0765  data: 0.0002  max mem: 11815
      TTA Epoch: [11] Total time: 0:00:51 (0.0837 s / it)
     Averaged stats: lr: 0.0000  entropy: 0.2723  loss: 0.2723
     itm tta time 0:00:52
     Computing matching score
      ITM Evaluation: [    0/19848]  eta: 0:36:33    time: 0.1105  data: 0.0270  max mem: 11815
      ITM Evaluation: [  100/19848]  eta: 0:24:50    time: 0.0779  data: 0.0000  max mem: 11815
      ITM Evaluation: [  200/19848]  eta: 0:24:09    time: 0.0695  data: 0.0000  max mem: 11815
      ITM Evaluation: [  300/19848]  eta: 0:23:34    time: 0.0703  data: 0.0000  max mem: 11815
      ITM Evaluation: [  400/19848]  eta: 0:23:30    time: 0.0719  data: 0.0000  max mem: 11815
      ITM Evaluation: [  500/19848]  eta: 0:23:14    time: 0.0698  data: 0.0000  max mem: 11815
      ITM Evaluation: [  600/19848]  eta: 0:23:00    time: 0.0726  data: 0.0000  max mem: 11815
      ITM Evaluation: [  700/19848]  eta: 0:22:58    time: 0.0706  data: 0.0000  max mem: 11815
      ITM Evaluation: [  800/19848]  eta: 0:22:48    time: 0.0729  data: 0.0000  max mem: 11815
      ITM Evaluation: [  900/19848]  eta: 0:22:28    time: 0.0591  data: 0.0000  max mem: 11815
      ITM Evaluation: [ 1000/19848]  eta: 0:22:11    time: 0.0675  data: 0.0000  max mem: 11815
      ITM Evaluation: [ 1100/19848]  eta: 0:21:59    time: 0.0662  data: 0.0000  max mem: 11815
      ITM Evaluation: [ 1200/19848]  eta: 0:21:48    time: 0.0674  data: 0.0000  max mem: 11815
      ITM Evaluation: [ 1300/19848]  eta: 0:21:44    time: 0.0728  data: 0.0000  max mem: 11815
      ITM Evaluation: [ 1400/19848]  eta: 0:21:37    time: 0.0709  data: 0.0000  max mem: 11815
      ITM Evaluation: [ 1500/19848]  eta: 0:21:30    time: 0.0694  data: 0.0000  max mem: 11815
      ITM Evaluation: [ 1600/19848]  eta: 0:21:26    time: 0.0707  data: 0.0000  max mem: 11815
      ITM Evaluation: [ 1700/19848]  eta: 0:21:17    time: 0.0707  data: 0.0000  max mem: 11815
      ITM Evaluation: [ 1800/19848]  eta: 0:21:05    time: 0.0666  data: 0.0000  max mem: 11815
      ITM Evaluation: [ 1900/19848]  eta: 0:20:54    time: 0.0660  data: 0.0000  max mem: 11815
      ITM Evaluation: [ 2000/19848]  eta: 0:20:45    time: 0.0655  data: 0.0000  max mem: 11815
      ITM Evaluation: [ 2100/19848]  eta: 0:20:35    time: 0.0683  data: 0.0000  max mem: 11815
      ITM Evaluation: [ 2200/19848]  eta: 0:20:30    time: 0.0714  data: 0.0000  max mem: 11815
      ITM Evaluation: [ 2300/19848]  eta: 0:20:22    time: 0.0660  data: 0.0000  max mem: 11815
      ITM Evaluation: [ 2400/19848]  eta: 0:20:12    time: 0.0653  data: 0.0000  max mem: 11815
      ITM Evaluation: [ 2500/19848]  eta: 0:20:04    time: 0.0690  data: 0.0000  max mem: 11815
      ITM Evaluation: [ 2600/19848]  eta: 0:19:56    time: 0.0700  data: 0.0000  max mem: 11815
      ITM Evaluation: [ 2700/19848]  eta: 0:19:48    time: 0.0673  data: 0.0000  max mem: 11815
      ITM Evaluation: [ 2800/19848]  eta: 0:19:40    time: 0.0721  data: 0.0000  max mem: 11815
      ITM Evaluation: [ 2900/19848]  eta: 0:19:33    time: 0.0701  data: 0.0000  max mem: 11815
      ITM Evaluation: [ 3000/19848]  eta: 0:19:25    time: 0.0659  data: 0.0000  max mem: 11815
      ITM Evaluation: [ 3100/19848]  eta: 0:19:16    time: 0.0652  data: 0.0000  max mem: 11815
      ITM Evaluation: [ 3200/19848]  eta: 0:19:09    time: 0.0665  data: 0.0000  max mem: 11815
      ITM Evaluation: [ 3300/19848]  eta: 0:19:01    time: 0.0673  data: 0.0000  max mem: 11815
      ITM Evaluation: [ 3400/19848]  eta: 0:18:53    time: 0.0648  data: 0.0000  max mem: 11815
      ITM Evaluation: [ 3500/19848]  eta: 0:18:46    time: 0.0736  data: 0.0000  max mem: 11815
      ITM Evaluation: [ 3600/19848]  eta: 0:18:39    time: 0.0681  data: 0.0000  max mem: 11815
      ITM Evaluation: [ 3700/19848]  eta: 0:18:32    time: 0.0669  data: 0.0000  max mem: 11815
      ITM Evaluation: [ 3800/19848]  eta: 0:18:24    time: 0.0687  data: 0.0000  max mem: 11815
      ITM Evaluation: [ 3900/19848]  eta: 0:18:16    time: 0.0657  data: 0.0000  max mem: 11815
      ITM Evaluation: [ 4000/19848]  eta: 0:18:09    time: 0.0670  data: 0.0000  max mem: 11815
      ITM Evaluation: [ 4100/19848]  eta: 0:18:02    time: 0.0744  data: 0.0000  max mem: 11815
      ITM Evaluation: [ 4200/19848]  eta: 0:17:57    time: 0.0682  data: 0.0000  max mem: 11815
      ITM Evaluation: [ 4300/19848]  eta: 0:17:49    time: 0.0664  data: 0.0000  max mem: 11815
      ITM Evaluation: [ 4400/19848]  eta: 0:17:42    time: 0.0658  data: 0.0000  max mem: 11815
      ITM Evaluation: [ 4500/19848]  eta: 0:17:34    time: 0.0664  data: 0.0000  max mem: 11815
      ITM Evaluation: [ 4600/19848]  eta: 0:17:26    time: 0.0664  data: 0.0000  max mem: 11815
      ITM Evaluation: [ 4700/19848]  eta: 0:17:19    time: 0.0684  data: 0.0000  max mem: 11815
      ITM Evaluation: [ 4800/19848]  eta: 0:17:14    time: 0.0745  data: 0.0000  max mem: 11815
      ITM Evaluation: [ 4900/19848]  eta: 0:17:06    time: 0.0645  data: 0.0000  max mem: 11815
      ITM Evaluation: [ 5000/19848]  eta: 0:16:58    time: 0.0670  data: 0.0000  max mem: 11815
      ITM Evaluation: [ 5100/19848]  eta: 0:16:51    time: 0.0662  data: 0.0000  max mem: 11815
      ITM Evaluation: [ 5200/19848]  eta: 0:16:44    time: 0.0719  data: 0.0000  max mem: 11815
      ITM Evaluation: [ 5300/19848]  eta: 0:16:36    time: 0.0635  data: 0.0000  max mem: 11815
      ITM Evaluation: [ 5400/19848]  eta: 0:16:30    time: 0.0735  data: 0.0000  max mem: 11815
      ITM Evaluation: [ 5500/19848]  eta: 0:16:25    time: 0.0754  data: 0.0000  max mem: 11815
      ITM Evaluation: [ 5600/19848]  eta: 0:16:19    time: 0.0687  data: 0.0000  max mem: 11815
      ITM Evaluation: [ 5700/19848]  eta: 0:16:13    time: 0.0700  data: 0.0000  max mem: 11815
      ITM Evaluation: [ 5800/19848]  eta: 0:16:06    time: 0.0694  data: 0.0000  max mem: 11815
      ITM Evaluation: [ 5900/19848]  eta: 0:15:58    time: 0.0661  data: 0.0000  max mem: 11815
      ITM Evaluation: [ 6000/19848]  eta: 0:15:51    time: 0.0686  data: 0.0000  max mem: 11815
      ITM Evaluation: [ 6100/19848]  eta: 0:15:45    time: 0.0714  data: 0.0000  max mem: 11815
      ITM Evaluation: [ 6200/19848]  eta: 0:15:39    time: 0.0727  data: 0.0000  max mem: 11815
      ITM Evaluation: [ 6300/19848]  eta: 0:15:33    time: 0.0699  data: 0.0000  max mem: 11815
      ITM Evaluation: [ 6400/19848]  eta: 0:15:26    time: 0.0688  data: 0.0000  max mem: 11815
      ITM Evaluation: [ 6500/19848]  eta: 0:15:19    time: 0.0693  data: 0.0000  max mem: 11815
      ITM Evaluation: [ 6600/19848]  eta: 0:15:12    time: 0.0704  data: 0.0000  max mem: 11815
      ITM Evaluation: [ 6700/19848]  eta: 0:15:05    time: 0.0745  data: 0.0000  max mem: 11815
      ITM Evaluation: [ 6800/19848]  eta: 0:14:59    time: 0.0735  data: 0.0000  max mem: 11815
      ITM Evaluation: [ 6900/19848]  eta: 0:14:52    time: 0.0690  data: 0.0000  max mem: 11815
      ITM Evaluation: [ 7000/19848]  eta: 0:14:45    time: 0.0702  data: 0.0000  max mem: 11815
      ITM Evaluation: [ 7100/19848]  eta: 0:14:39    time: 0.0696  data: 0.0000  max mem: 11815
      ITM Evaluation: [ 7200/19848]  eta: 0:14:32    time: 0.0707  data: 0.0000  max mem: 11815
      ITM Evaluation: [ 7300/19848]  eta: 0:14:25    time: 0.0721  data: 0.0000  max mem: 11815
      ITM Evaluation: [ 7400/19848]  eta: 0:14:19    time: 0.0753  data: 0.0000  max mem: 11815
      ITM Evaluation: [ 7500/19848]  eta: 0:14:12    time: 0.0694  data: 0.0000  max mem: 11815
      ITM Evaluation: [ 7600/19848]  eta: 0:14:05    time: 0.0676  data: 0.0000  max mem: 11815
      ITM Evaluation: [ 7700/19848]  eta: 0:13:59    time: 0.0690  data: 0.0000  max mem: 11815
      ITM Evaluation: [ 7800/19848]  eta: 0:13:52    time: 0.0672  data: 0.0000  max mem: 11815
      ITM Evaluation: [ 7900/19848]  eta: 0:13:45    time: 0.0695  data: 0.0000  max mem: 11815
      ITM Evaluation: [ 8000/19848]  eta: 0:13:38    time: 0.0733  data: 0.0000  max mem: 11815
      ITM Evaluation: [ 8100/19848]  eta: 0:13:32    time: 0.0693  data: 0.0000  max mem: 11815
      ITM Evaluation: [ 8200/19848]  eta: 0:13:25    time: 0.0698  data: 0.0000  max mem: 11815
      ITM Evaluation: [ 8300/19848]  eta: 0:13:18    time: 0.0715  data: 0.0000  max mem: 11815
      ITM Evaluation: [ 8400/19848]  eta: 0:13:12    time: 0.0693  data: 0.0000  max mem: 11815
      ITM Evaluation: [ 8500/19848]  eta: 0:13:05    time: 0.0721  data: 0.0000  max mem: 11815
      ITM Evaluation: [ 8600/19848]  eta: 0:12:58    time: 0.0722  data: 0.0000  max mem: 11815
      ITM Evaluation: [ 8700/19848]  eta: 0:12:52    time: 0.0716  data: 0.0000  max mem: 11815
      ITM Evaluation: [ 8800/19848]  eta: 0:12:45    time: 0.0664  data: 0.0000  max mem: 11815
      ITM Evaluation: [ 8900/19848]  eta: 0:12:37    time: 0.0668  data: 0.0000  max mem: 11815
      ITM Evaluation: [ 9000/19848]  eta: 0:12:30    time: 0.0700  data: 0.0000  max mem: 11815
      ITM Evaluation: [ 9100/19848]  eta: 0:12:22    time: 0.0623  data: 0.0000  max mem: 11815
      ITM Evaluation: [ 9200/19848]  eta: 0:12:15    time: 0.0626  data: 0.0000  max mem: 11815
      ITM Evaluation: [ 9300/19848]  eta: 0:12:07    time: 0.0637  data: 0.0000  max mem: 11815
      ITM Evaluation: [ 9400/19848]  eta: 0:12:00    time: 0.0660  data: 0.0000  max mem: 11815
      ITM Evaluation: [ 9500/19848]  eta: 0:11:54    time: 0.0739  data: 0.0000  max mem: 11815
      ITM Evaluation: [ 9600/19848]  eta: 0:11:47    time: 0.0710  data: 0.0000  max mem: 11815
      ITM Evaluation: [ 9700/19848]  eta: 0:11:40    time: 0.0692  data: 0.0000  max mem: 11815
      ITM Evaluation: [ 9800/19848]  eta: 0:11:33    time: 0.0704  data: 0.0000  max mem: 11815
      ITM Evaluation: [ 9900/19848]  eta: 0:11:27    time: 0.0715  data: 0.0000  max mem: 11815
      ITM Evaluation: [10000/19848]  eta: 0:11:20    time: 0.0754  data: 0.0000  max mem: 11815
      ITM Evaluation: [10100/19848]  eta: 0:11:14    time: 0.0708  data: 0.0000  max mem: 11815
      ITM Evaluation: [10200/19848]  eta: 0:11:07    time: 0.0712  data: 0.0000  max mem: 11815
      ITM Evaluation: [10300/19848]  eta: 0:11:00    time: 0.0728  data: 0.0000  max mem: 11815
      ITM Evaluation: [10400/19848]  eta: 0:10:53    time: 0.0702  data: 0.0000  max mem: 11815
      ITM Evaluation: [10500/19848]  eta: 0:10:47    time: 0.0701  data: 0.0000  max mem: 11815
      ITM Evaluation: [10600/19848]  eta: 0:10:40    time: 0.0748  data: 0.0000  max mem: 11815
      ITM Evaluation: [10700/19848]  eta: 0:10:33    time: 0.0682  data: 0.0000  max mem: 11815
      ITM Evaluation: [10800/19848]  eta: 0:10:26    time: 0.0699  data: 0.0000  max mem: 11815
      ITM Evaluation: [10900/19848]  eta: 0:10:19    time: 0.0710  data: 0.0000  max mem: 11815
      ITM Evaluation: [11000/19848]  eta: 0:10:13    time: 0.0687  data: 0.0000  max mem: 11815
      ITM Evaluation: [11100/19848]  eta: 0:10:06    time: 0.0700  data: 0.0000  max mem: 11815
      ITM Evaluation: [11200/19848]  eta: 0:09:59    time: 0.0746  data: 0.0000  max mem: 11815
      ITM Evaluation: [11300/19848]  eta: 0:09:52    time: 0.0694  data: 0.0000  max mem: 11815
      ITM Evaluation: [11400/19848]  eta: 0:09:45    time: 0.0702  data: 0.0000  max mem: 11815
      ITM Evaluation: [11500/19848]  eta: 0:09:38    time: 0.0703  data: 0.0000  max mem: 11815
      ITM Evaluation: [11600/19848]  eta: 0:09:31    time: 0.0699  data: 0.0000  max mem: 11815
      ITM Evaluation: [11700/19848]  eta: 0:09:24    time: 0.0719  data: 0.0000  max mem: 11815
      ITM Evaluation: [11800/19848]  eta: 0:09:18    time: 0.0724  data: 0.0000  max mem: 11815
      ITM Evaluation: [11900/19848]  eta: 0:09:11    time: 0.0703  data: 0.0000  max mem: 11815
      ITM Evaluation: [12000/19848]  eta: 0:09:04    time: 0.0665  data: 0.0000  max mem: 11815
      ITM Evaluation: [12100/19848]  eta: 0:08:57    time: 0.0689  data: 0.0000  max mem: 11815
      ITM Evaluation: [12200/19848]  eta: 0:08:50    time: 0.0679  data: 0.0000  max mem: 11815
      ITM Evaluation: [12300/19848]  eta: 0:08:43    time: 0.0739  data: 0.0000  max mem: 11815
      ITM Evaluation: [12400/19848]  eta: 0:08:36    time: 0.0750  data: 0.0000  max mem: 11815
      ITM Evaluation: [12500/19848]  eta: 0:08:29    time: 0.0698  data: 0.0000  max mem: 11815
      ITM Evaluation: [12600/19848]  eta: 0:08:22    time: 0.0704  data: 0.0000  max mem: 11815
      ITM Evaluation: [12700/19848]  eta: 0:08:15    time: 0.0718  data: 0.0000  max mem: 11815
      ITM Evaluation: [12800/19848]  eta: 0:08:09    time: 0.0688  data: 0.0000  max mem: 11815
      ITM Evaluation: [12900/19848]  eta: 0:08:02    time: 0.0742  data: 0.0000  max mem: 11815
      ITM Evaluation: [13000/19848]  eta: 0:07:55    time: 0.0697  data: 0.0000  max mem: 11815
      ITM Evaluation: [13100/19848]  eta: 0:07:48    time: 0.0701  data: 0.0000  max mem: 11815
      ITM Evaluation: [13200/19848]  eta: 0:07:41    time: 0.0669  data: 0.0000  max mem: 11815
      ITM Evaluation: [13300/19848]  eta: 0:07:34    time: 0.0631  data: 0.0000  max mem: 11815
      ITM Evaluation: [13400/19848]  eta: 0:07:26    time: 0.0599  data: 0.0000  max mem: 11815
      ITM Evaluation: [13500/19848]  eta: 0:07:19    time: 0.0690  data: 0.0000  max mem: 11815
      ITM Evaluation: [13600/19848]  eta: 0:07:12    time: 0.0673  data: 0.0000  max mem: 11815
      ITM Evaluation: [13700/19848]  eta: 0:07:05    time: 0.0665  data: 0.0000  max mem: 11815
      ITM Evaluation: [13800/19848]  eta: 0:06:58    time: 0.0670  data: 0.0000  max mem: 11815
      ITM Evaluation: [13900/19848]  eta: 0:06:51    time: 0.0665  data: 0.0000  max mem: 11815
      ITM Evaluation: [14000/19848]  eta: 0:06:44    time: 0.0690  data: 0.0000  max mem: 11815
      ITM Evaluation: [14100/19848]  eta: 0:06:37    time: 0.0728  data: 0.0000  max mem: 11815
      ITM Evaluation: [14200/19848]  eta: 0:06:30    time: 0.0688  data: 0.0000  max mem: 11815
      ITM Evaluation: [14300/19848]  eta: 0:06:24    time: 0.0733  data: 0.0000  max mem: 11815
      ITM Evaluation: [14400/19848]  eta: 0:06:17    time: 0.0768  data: 0.0000  max mem: 11815
      ITM Evaluation: [14500/19848]  eta: 0:06:10    time: 0.0685  data: 0.0000  max mem: 11815
      ITM Evaluation: [14600/19848]  eta: 0:06:03    time: 0.0680  data: 0.0000  max mem: 11815
      ITM Evaluation: [14700/19848]  eta: 0:05:56    time: 0.0662  data: 0.0000  max mem: 11815
      ITM Evaluation: [14800/19848]  eta: 0:05:49    time: 0.0647  data: 0.0000  max mem: 11815
      ITM Evaluation: [14900/19848]  eta: 0:05:42    time: 0.0663  data: 0.0000  max mem: 11815
      ITM Evaluation: [15000/19848]  eta: 0:05:35    time: 0.0720  data: 0.0000  max mem: 11815
      ITM Evaluation: [15100/19848]  eta: 0:05:29    time: 0.0731  data: 0.0000  max mem: 11815
      ITM Evaluation: [15200/19848]  eta: 0:05:22    time: 0.0699  data: 0.0000  max mem: 11815
      ITM Evaluation: [15300/19848]  eta: 0:05:15    time: 0.0686  data: 0.0000  max mem: 11815
      ITM Evaluation: [15400/19848]  eta: 0:05:08    time: 0.0674  data: 0.0000  max mem: 11815
      ITM Evaluation: [15500/19848]  eta: 0:05:01    time: 0.0696  data: 0.0000  max mem: 11815
      ITM Evaluation: [15600/19848]  eta: 0:04:54    time: 0.0691  data: 0.0000  max mem: 11815
      ITM Evaluation: [15700/19848]  eta: 0:04:47    time: 0.0646  data: 0.0000  max mem: 11815
      ITM Evaluation: [15800/19848]  eta: 0:04:40    time: 0.0747  data: 0.0000  max mem: 11815
      ITM Evaluation: [15900/19848]  eta: 0:04:33    time: 0.0739  data: 0.0000  max mem: 11815
      ITM Evaluation: [16000/19848]  eta: 0:04:26    time: 0.0690  data: 0.0000  max mem: 11815
      ITM Evaluation: [16100/19848]  eta: 0:04:19    time: 0.0733  data: 0.0000  max mem: 11815
      ITM Evaluation: [16200/19848]  eta: 0:04:12    time: 0.0669  data: 0.0000  max mem: 11815
      ITM Evaluation: [16300/19848]  eta: 0:04:05    time: 0.0685  data: 0.0000  max mem: 11815
      ITM Evaluation: [16400/19848]  eta: 0:03:58    time: 0.0707  data: 0.0000  max mem: 11815
      ITM Evaluation: [16500/19848]  eta: 0:03:52    time: 0.0746  data: 0.0000  max mem: 11815
      ITM Evaluation: [16600/19848]  eta: 0:03:45    time: 0.0656  data: 0.0000  max mem: 11815
      ITM Evaluation: [16700/19848]  eta: 0:03:38    time: 0.0694  data: 0.0000  max mem: 11815
      ITM Evaluation: [16800/19848]  eta: 0:03:31    time: 0.0665  data: 0.0000  max mem: 11815
      ITM Evaluation: [16900/19848]  eta: 0:03:24    time: 0.0698  data: 0.0000  max mem: 11815
      ITM Evaluation: [17000/19848]  eta: 0:03:17    time: 0.0675  data: 0.0000  max mem: 11815
      ITM Evaluation: [17100/19848]  eta: 0:03:10    time: 0.0744  data: 0.0000  max mem: 11815
      ITM Evaluation: [17200/19848]  eta: 0:03:03    time: 0.0714  data: 0.0000  max mem: 11815
      ITM Evaluation: [17300/19848]  eta: 0:02:56    time: 0.0654  data: 0.0000  max mem: 11815
      ITM Evaluation: [17400/19848]  eta: 0:02:49    time: 0.0664  data: 0.0000  max mem: 11815
      ITM Evaluation: [17500/19848]  eta: 0:02:42    time: 0.0691  data: 0.0000  max mem: 11815
      ITM Evaluation: [17600/19848]  eta: 0:02:35    time: 0.0686  data: 0.0000  max mem: 11815
      ITM Evaluation: [17700/19848]  eta: 0:02:28    time: 0.0691  data: 0.0000  max mem: 11815
      ITM Evaluation: [17800/19848]  eta: 0:02:22    time: 0.0740  data: 0.0000  max mem: 11815
      ITM Evaluation: [17900/19848]  eta: 0:02:15    time: 0.0746  data: 0.0000  max mem: 11815
      ITM Evaluation: [18000/19848]  eta: 0:02:08    time: 0.0718  data: 0.0000  max mem: 11815
      ITM Evaluation: [18100/19848]  eta: 0:02:01    time: 0.0698  data: 0.0000  max mem: 11815
      ITM Evaluation: [18200/19848]  eta: 0:01:54    time: 0.0690  data: 0.0000  max mem: 11815
      ITM Evaluation: [18300/19848]  eta: 0:01:47    time: 0.0668  data: 0.0000  max mem: 11815
      ITM Evaluation: [18400/19848]  eta: 0:01:40    time: 0.0694  data: 0.0000  max mem: 11815
      ITM Evaluation: [18500/19848]  eta: 0:01:33    time: 0.0733  data: 0.0000  max mem: 11815
      ITM Evaluation: [18600/19848]  eta: 0:01:26    time: 0.0690  data: 0.0000  max mem: 11815
      ITM Evaluation: [18700/19848]  eta: 0:01:19    time: 0.0698  data: 0.0000  max mem: 11815
      ITM Evaluation: [18800/19848]  eta: 0:01:12    time: 0.0714  data: 0.0000  max mem: 11815
      ITM Evaluation: [18900/19848]  eta: 0:01:05    time: 0.0690  data: 0.0000  max mem: 11815
      ITM Evaluation: [19000/19848]  eta: 0:00:58    time: 0.0687  data: 0.0000  max mem: 11815
      ITM Evaluation: [19100/19848]  eta: 0:00:51    time: 0.0749  data: 0.0000  max mem: 11815
      ITM Evaluation: [19200/19848]  eta: 0:00:44    time: 0.0678  data: 0.0000  max mem: 11815
      ITM Evaluation: [19300/19848]  eta: 0:00:38    time: 0.0765  data: 0.0000  max mem: 11815
      ITM Evaluation: [19400/19848]  eta: 0:00:31    time: 0.0690  data: 0.0000  max mem: 11815
      ITM Evaluation: [19500/19848]  eta: 0:00:24    time: 0.0682  data: 0.0000  max mem: 11815
      ITM Evaluation: [19600/19848]  eta: 0:00:17    time: 0.0684  data: 0.0000  max mem: 11815
      ITM Evaluation: [19700/19848]  eta: 0:00:10    time: 0.0694  data: 0.0000  max mem: 11815
      ITM Evaluation: [19800/19848]  eta: 0:00:03    time: 0.0687  data: 0.0000  max mem: 11815
      ITM Evaluation: [19847/19848]  eta: 0:00:00    time: 0.0709  data: 0.0000  max mem: 11815
      ITM Evaluation: Total time: 0:22:59 (0.0695 s / it)
     total_time 1380.7138857841492
     Computing matching score time 0:23:00
### TTA ITM Score: 
+-------+--------+--------+--------+--------+--------+
| epoch |   R1   |   R5   |  R10   |  mAP   |  mINP  |
+-------+--------+--------+--------+--------+--------+
|  -999 | 63.014 | 79.484 | 85.041 | 40.411 | 10.184 |
|  -999 | 68.183 | 82.885 | 87.500 | 40.507 | 9.104  |
|   0   | 61.452 | 80.477 | 86.165 | 37.879 | 9.331  |
|   1   | 60.782 | 80.391 | 86.120 | 37.613 | 9.317  |
|   2   | 60.273 | 80.200 | 85.999 | 37.379 | 9.295  |
|   3   | 60.369 | 80.225 | 86.059 | 37.362 | 9.290  |
|   4   | 60.248 | 80.169 | 86.034 | 37.309 | 9.270  |
|   5   | 59.744 | 79.993 | 85.913 | 37.043 | 9.241  |
|   6   | 59.527 | 79.953 | 85.908 | 36.963 | 9.223  |
|   7   | 59.296 | 79.862 | 85.852 | 36.808 | 9.188  |
|   8   | 59.139 | 79.867 | 85.873 | 36.822 | 9.164  |
|   9   | 59.714 | 80.013 | 85.928 | 36.973 | 9.181  |
|   10  | 59.114 | 79.791 | 85.822 | 36.720 | 9.136  |
|   11  | 59.044 | 79.796 | 85.898 | 36.696 | 9.107  |
+-------+--------+--------+--------+--------+--------+
     logs:  {'epo': 11, 'R1': 59.044, 'R5': 79.796, 'R10': 85.898, 'mAP': 36.696, 'mINP': 9.107, 'lr': 1.2e-05, 'entropy': 0.272315, 'loss': 0.272315}
      TTA Epoch: [12] [  0/620]  eta: 0:16:33  lr: 0.000012  entropy: 0.2515  loss: 0.2515  time: 1.6032  data: 1.4706  max mem: 11815
      TTA Epoch: [12] [100/620]  eta: 0:00:53  lr: 0.000012  entropy: 0.2284  loss: 0.2284  time: 0.0998  data: 0.0004  max mem: 11815
      TTA Epoch: [12] [200/620]  eta: 0:00:39  lr: 0.000012  entropy: 0.2811  loss: 0.2811  time: 0.0797  data: 0.0003  max mem: 11815
      TTA Epoch: [12] [300/620]  eta: 0:00:28  lr: 0.000012  entropy: 0.2910  loss: 0.2910  time: 0.0821  data: 0.0002  max mem: 11815
      TTA Epoch: [12] [400/620]  eta: 0:00:19  lr: 0.000012  entropy: 0.2147  loss: 0.2147  time: 0.0903  data: 0.0002  max mem: 11815
      TTA Epoch: [12] [500/620]  eta: 0:00:10  lr: 0.000012  entropy: 0.3297  loss: 0.3297  time: 0.0788  data: 0.0002  max mem: 11815
      TTA Epoch: [12] [600/620]  eta: 0:00:01  lr: 0.000011  entropy: 0.3277  loss: 0.3277  time: 0.0982  data: 0.0003  max mem: 11815
      TTA Epoch: [12] [619/620]  eta: 0:00:00  lr: 0.000011  entropy: 0.4004  loss: 0.4004  time: 0.0802  data: 0.0003  max mem: 11815
      TTA Epoch: [12] Total time: 0:00:54 (0.0876 s / it)
     Averaged stats: lr: 0.0000  entropy: 0.2680  loss: 0.2680
     itm tta time 0:00:54
     Computing matching score
      ITM Evaluation: [    0/19848]  eta: 0:34:25    time: 0.1041  data: 0.0229  max mem: 11815
      ITM Evaluation: [  100/19848]  eta: 0:22:58    time: 0.0681  data: 0.0000  max mem: 11815
      ITM Evaluation: [  200/19848]  eta: 0:22:31    time: 0.0667  data: 0.0000  max mem: 11815
      ITM Evaluation: [  300/19848]  eta: 0:22:21    time: 0.0689  data: 0.0000  max mem: 11815
      ITM Evaluation: [  400/19848]  eta: 0:22:12    time: 0.0689  data: 0.0000  max mem: 11815
      ITM Evaluation: [  500/19848]  eta: 0:22:07    time: 0.0727  data: 0.0000  max mem: 11815
      ITM Evaluation: [  600/19848]  eta: 0:22:19    time: 0.0731  data: 0.0000  max mem: 11815
      ITM Evaluation: [  700/19848]  eta: 0:22:16    time: 0.0679  data: 0.0000  max mem: 11815
      ITM Evaluation: [  800/19848]  eta: 0:22:07    time: 0.0669  data: 0.0000  max mem: 11815
      ITM Evaluation: [  900/19848]  eta: 0:21:59    time: 0.0665  data: 0.0000  max mem: 11815
      ITM Evaluation: [ 1000/19848]  eta: 0:21:51    time: 0.0691  data: 0.0000  max mem: 11815
      ITM Evaluation: [ 1100/19848]  eta: 0:21:43    time: 0.0694  data: 0.0000  max mem: 11815
      ITM Evaluation: [ 1200/19848]  eta: 0:21:42    time: 0.0715  data: 0.0000  max mem: 11815
      ITM Evaluation: [ 1300/19848]  eta: 0:21:39    time: 0.0685  data: 0.0000  max mem: 11815
      ITM Evaluation: [ 1400/19848]  eta: 0:21:30    time: 0.0703  data: 0.0000  max mem: 11815
      ITM Evaluation: [ 1500/19848]  eta: 0:21:22    time: 0.0696  data: 0.0000  max mem: 11815
      ITM Evaluation: [ 1600/19848]  eta: 0:21:17    time: 0.0712  data: 0.0000  max mem: 11815
      ITM Evaluation: [ 1700/19848]  eta: 0:21:11    time: 0.0663  data: 0.0000  max mem: 11815
      ITM Evaluation: [ 1800/19848]  eta: 0:21:06    time: 0.0730  data: 0.0000  max mem: 11815
      ITM Evaluation: [ 1900/19848]  eta: 0:21:02    time: 0.0742  data: 0.0000  max mem: 11815
      ITM Evaluation: [ 2000/19848]  eta: 0:20:58    time: 0.0734  data: 0.0000  max mem: 11815
      ITM Evaluation: [ 2100/19848]  eta: 0:20:51    time: 0.0678  data: 0.0000  max mem: 11815
      ITM Evaluation: [ 2200/19848]  eta: 0:20:42    time: 0.0685  data: 0.0000  max mem: 11815
      ITM Evaluation: [ 2300/19848]  eta: 0:20:33    time: 0.0676  data: 0.0000  max mem: 11815
      ITM Evaluation: [ 2400/19848]  eta: 0:20:23    time: 0.0663  data: 0.0000  max mem: 11815
      ITM Evaluation: [ 2500/19848]  eta: 0:20:14    time: 0.0658  data: 0.0000  max mem: 11815
      ITM Evaluation: [ 2600/19848]  eta: 0:20:06    time: 0.0698  data: 0.0000  max mem: 11815
      ITM Evaluation: [ 2700/19848]  eta: 0:20:00    time: 0.0702  data: 0.0000  max mem: 11815
      ITM Evaluation: [ 2800/19848]  eta: 0:19:54    time: 0.0700  data: 0.0000  max mem: 11815
      ITM Evaluation: [ 2900/19848]  eta: 0:19:46    time: 0.0666  data: 0.0000  max mem: 11815
      ITM Evaluation: [ 3000/19848]  eta: 0:19:36    time: 0.0664  data: 0.0000  max mem: 11815
      ITM Evaluation: [ 3100/19848]  eta: 0:19:28    time: 0.0676  data: 0.0000  max mem: 11815
      ITM Evaluation: [ 3200/19848]  eta: 0:19:20    time: 0.0709  data: 0.0000  max mem: 11815
      ITM Evaluation: [ 3300/19848]  eta: 0:19:14    time: 0.0752  data: 0.0000  max mem: 11815
      ITM Evaluation: [ 3400/19848]  eta: 0:19:08    time: 0.0694  data: 0.0000  max mem: 11815
      ITM Evaluation: [ 3500/19848]  eta: 0:19:01    time: 0.0681  data: 0.0000  max mem: 11815
      ITM Evaluation: [ 3600/19848]  eta: 0:18:53    time: 0.0661  data: 0.0000  max mem: 11815
      ITM Evaluation: [ 3700/19848]  eta: 0:18:43    time: 0.0614  data: 0.0000  max mem: 11815
      ITM Evaluation: [ 3800/19848]  eta: 0:18:34    time: 0.0635  data: 0.0000  max mem: 11815
      ITM Evaluation: [ 3900/19848]  eta: 0:18:27    time: 0.0693  data: 0.0000  max mem: 11815
      ITM Evaluation: [ 4000/19848]  eta: 0:18:22    time: 0.0743  data: 0.0000  max mem: 11815
      ITM Evaluation: [ 4100/19848]  eta: 0:18:14    time: 0.0694  data: 0.0000  max mem: 11815
      ITM Evaluation: [ 4200/19848]  eta: 0:18:06    time: 0.0640  data: 0.0000  max mem: 11815
      ITM Evaluation: [ 4300/19848]  eta: 0:17:59    time: 0.0668  data: 0.0000  max mem: 11815
      ITM Evaluation: [ 4400/19848]  eta: 0:17:51    time: 0.0676  data: 0.0000  max mem: 11815
      ITM Evaluation: [ 4500/19848]  eta: 0:17:43    time: 0.0679  data: 0.0000  max mem: 11815
      ITM Evaluation: [ 4600/19848]  eta: 0:17:37    time: 0.0742  data: 0.0000  max mem: 11815
      ITM Evaluation: [ 4700/19848]  eta: 0:17:31    time: 0.0667  data: 0.0000  max mem: 11815
      ITM Evaluation: [ 4800/19848]  eta: 0:17:24    time: 0.0691  data: 0.0000  max mem: 11815
      ITM Evaluation: [ 4900/19848]  eta: 0:17:16    time: 0.0687  data: 0.0000  max mem: 11815
      ITM Evaluation: [ 5000/19848]  eta: 0:17:08    time: 0.0694  data: 0.0000  max mem: 11815
      ITM Evaluation: [ 5100/19848]  eta: 0:17:01    time: 0.0689  data: 0.0000  max mem: 11815
      ITM Evaluation: [ 5200/19848]  eta: 0:16:55    time: 0.0740  data: 0.0000  max mem: 11815
      ITM Evaluation: [ 5300/19848]  eta: 0:16:49    time: 0.0668  data: 0.0000  max mem: 11815
      ITM Evaluation: [ 5400/19848]  eta: 0:16:41    time: 0.0678  data: 0.0000  max mem: 11815
      ITM Evaluation: [ 5500/19848]  eta: 0:16:34    time: 0.0659  data: 0.0000  max mem: 11815
      ITM Evaluation: [ 5600/19848]  eta: 0:16:26    time: 0.0649  data: 0.0000  max mem: 11815
      ITM Evaluation: [ 5700/19848]  eta: 0:16:19    time: 0.0668  data: 0.0000  max mem: 11815
      ITM Evaluation: [ 5800/19848]  eta: 0:16:12    time: 0.0713  data: 0.0000  max mem: 11815
      ITM Evaluation: [ 5900/19848]  eta: 0:16:05    time: 0.0690  data: 0.0000  max mem: 11815
      ITM Evaluation: [ 6000/19848]  eta: 0:15:58    time: 0.0652  data: 0.0000  max mem: 11815
      ITM Evaluation: [ 6100/19848]  eta: 0:15:51    time: 0.0688  data: 0.0000  max mem: 11815
      ITM Evaluation: [ 6200/19848]  eta: 0:15:45    time: 0.0722  data: 0.0000  max mem: 11815
      ITM Evaluation: [ 6300/19848]  eta: 0:15:37    time: 0.0660  data: 0.0000  max mem: 11815
      ITM Evaluation: [ 6400/19848]  eta: 0:15:30    time: 0.0696  data: 0.0000  max mem: 11815
      ITM Evaluation: [ 6500/19848]  eta: 0:15:24    time: 0.0714  data: 0.0000  max mem: 11815
      ITM Evaluation: [ 6600/19848]  eta: 0:15:18    time: 0.0684  data: 0.0000  max mem: 11815
      ITM Evaluation: [ 6700/19848]  eta: 0:15:10    time: 0.0668  data: 0.0000  max mem: 11815
      ITM Evaluation: [ 6800/19848]  eta: 0:15:03    time: 0.0679  data: 0.0000  max mem: 11815
      ITM Evaluation: [ 6900/19848]  eta: 0:14:56    time: 0.0710  data: 0.0000  max mem: 11815
      ITM Evaluation: [ 7000/19848]  eta: 0:14:49    time: 0.0677  data: 0.0000  max mem: 11815
      ITM Evaluation: [ 7100/19848]  eta: 0:14:42    time: 0.0728  data: 0.0000  max mem: 11815
      ITM Evaluation: [ 7200/19848]  eta: 0:14:36    time: 0.0744  data: 0.0000  max mem: 11815
      ITM Evaluation: [ 7300/19848]  eta: 0:14:29    time: 0.0707  data: 0.0000  max mem: 11815
      ITM Evaluation: [ 7400/19848]  eta: 0:14:22    time: 0.0682  data: 0.0000  max mem: 11815
      ITM Evaluation: [ 7500/19848]  eta: 0:14:15    time: 0.0668  data: 0.0000  max mem: 11815
      ITM Evaluation: [ 7600/19848]  eta: 0:14:08    time: 0.0696  data: 0.0000  max mem: 11815
      ITM Evaluation: [ 7700/19848]  eta: 0:14:01    time: 0.0700  data: 0.0000  max mem: 11815
      ITM Evaluation: [ 7800/19848]  eta: 0:13:54    time: 0.0792  data: 0.0000  max mem: 11815
      ITM Evaluation: [ 7900/19848]  eta: 0:13:47    time: 0.0683  data: 0.0000  max mem: 11815
      ITM Evaluation: [ 8000/19848]  eta: 0:13:40    time: 0.0678  data: 0.0000  max mem: 11815
      ITM Evaluation: [ 8100/19848]  eta: 0:13:33    time: 0.0691  data: 0.0000  max mem: 11815
      ITM Evaluation: [ 8200/19848]  eta: 0:13:26    time: 0.0698  data: 0.0000  max mem: 11815
      ITM Evaluation: [ 8300/19848]  eta: 0:13:20    time: 0.0693  data: 0.0000  max mem: 11815
      ITM Evaluation: [ 8400/19848]  eta: 0:13:14    time: 0.0751  data: 0.0000  max mem: 11815
      ITM Evaluation: [ 8500/19848]  eta: 0:13:07    time: 0.0713  data: 0.0000  max mem: 11815
      ITM Evaluation: [ 8600/19848]  eta: 0:13:00    time: 0.0705  data: 0.0000  max mem: 11815
      ITM Evaluation: [ 8700/19848]  eta: 0:12:54    time: 0.0707  data: 0.0000  max mem: 11815
      ITM Evaluation: [ 8800/19848]  eta: 0:12:47    time: 0.0709  data: 0.0000  max mem: 11815
      ITM Evaluation: [ 8900/19848]  eta: 0:12:40    time: 0.0718  data: 0.0000  max mem: 11815
      ITM Evaluation: [ 9000/19848]  eta: 0:12:34    time: 0.0730  data: 0.0000  max mem: 11815
      ITM Evaluation: [ 9100/19848]  eta: 0:12:28    time: 0.0765  data: 0.0000  max mem: 11815
      ITM Evaluation: [ 9200/19848]  eta: 0:12:21    time: 0.0744  data: 0.0000  max mem: 11815
      ITM Evaluation: [ 9300/19848]  eta: 0:12:15    time: 0.0698  data: 0.0000  max mem: 11815
      ITM Evaluation: [ 9400/19848]  eta: 0:12:08    time: 0.0703  data: 0.0000  max mem: 11815
      ITM Evaluation: [ 9500/19848]  eta: 0:12:01    time: 0.0691  data: 0.0000  max mem: 11815
      ITM Evaluation: [ 9600/19848]  eta: 0:11:54    time: 0.0709  data: 0.0000  max mem: 11815
      ITM Evaluation: [ 9700/19848]  eta: 0:11:47    time: 0.0736  data: 0.0000  max mem: 11815
      ITM Evaluation: [ 9800/19848]  eta: 0:11:41    time: 0.0738  data: 0.0000  max mem: 11815
      ITM Evaluation: [ 9900/19848]  eta: 0:11:34    time: 0.0729  data: 0.0000  max mem: 11815
      ITM Evaluation: [10000/19848]  eta: 0:11:27    time: 0.0705  data: 0.0000  max mem: 11815
      ITM Evaluation: [10100/19848]  eta: 0:11:20    time: 0.0695  data: 0.0000  max mem: 11815
      ITM Evaluation: [10200/19848]  eta: 0:11:13    time: 0.0696  data: 0.0000  max mem: 11815
      ITM Evaluation: [10300/19848]  eta: 0:11:06    time: 0.0711  data: 0.0000  max mem: 11815
      ITM Evaluation: [10400/19848]  eta: 0:11:00    time: 0.0760  data: 0.0000  max mem: 11815
      ITM Evaluation: [10500/19848]  eta: 0:10:53    time: 0.0701  data: 0.0000  max mem: 11815
      ITM Evaluation: [10600/19848]  eta: 0:10:46    time: 0.0709  data: 0.0000  max mem: 11815
      ITM Evaluation: [10700/19848]  eta: 0:10:39    time: 0.0716  data: 0.0000  max mem: 11815
      ITM Evaluation: [10800/19848]  eta: 0:10:32    time: 0.0703  data: 0.0000  max mem: 11815
      ITM Evaluation: [10900/19848]  eta: 0:10:25    time: 0.0750  data: 0.0000  max mem: 11815
      ITM Evaluation: [11000/19848]  eta: 0:10:19    time: 0.0752  data: 0.0000  max mem: 11815
      ITM Evaluation: [11100/19848]  eta: 0:10:12    time: 0.0726  data: 0.0000  max mem: 11815
      ITM Evaluation: [11200/19848]  eta: 0:10:05    time: 0.0695  data: 0.0000  max mem: 11815
      ITM Evaluation: [11300/19848]  eta: 0:09:58    time: 0.0692  data: 0.0000  max mem: 11815
      ITM Evaluation: [11400/19848]  eta: 0:09:52    time: 0.0719  data: 0.0000  max mem: 11815
      ITM Evaluation: [11500/19848]  eta: 0:09:45    time: 0.0698  data: 0.0000  max mem: 11815
      ITM Evaluation: [11600/19848]  eta: 0:09:38    time: 0.0761  data: 0.0000  max mem: 11815
      ITM Evaluation: [11700/19848]  eta: 0:09:31    time: 0.0698  data: 0.0000  max mem: 11815
      ITM Evaluation: [11800/19848]  eta: 0:09:24    time: 0.0686  data: 0.0000  max mem: 11815
      ITM Evaluation: [11900/19848]  eta: 0:09:17    time: 0.0758  data: 0.0000  max mem: 11815
      ITM Evaluation: [12000/19848]  eta: 0:09:10    time: 0.0701  data: 0.0000  max mem: 11815
      ITM Evaluation: [12100/19848]  eta: 0:09:03    time: 0.0713  data: 0.0000  max mem: 11815
      ITM Evaluation: [12200/19848]  eta: 0:08:56    time: 0.0726  data: 0.0000  max mem: 11815
      ITM Evaluation: [12300/19848]  eta: 0:08:50    time: 0.0724  data: 0.0000  max mem: 11815
      ITM Evaluation: [12400/19848]  eta: 0:08:43    time: 0.0694  data: 0.0000  max mem: 11815
      ITM Evaluation: [12500/19848]  eta: 0:08:36    time: 0.0719  data: 0.0000  max mem: 11815
      ITM Evaluation: [12600/19848]  eta: 0:08:29    time: 0.0689  data: 0.0000  max mem: 11815
      ITM Evaluation: [12700/19848]  eta: 0:08:22    time: 0.0702  data: 0.0000  max mem: 11815
      ITM Evaluation: [12800/19848]  eta: 0:08:15    time: 0.0761  data: 0.0000  max mem: 11815
      ITM Evaluation: [12900/19848]  eta: 0:08:08    time: 0.0656  data: 0.0000  max mem: 11815
      ITM Evaluation: [13000/19848]  eta: 0:08:01    time: 0.0694  data: 0.0000  max mem: 11815
      ITM Evaluation: [13100/19848]  eta: 0:07:53    time: 0.0641  data: 0.0000  max mem: 11815
      ITM Evaluation: [13200/19848]  eta: 0:07:46    time: 0.0660  data: 0.0000  max mem: 11815
      ITM Evaluation: [13300/19848]  eta: 0:07:39    time: 0.0667  data: 0.0000  max mem: 11815
      ITM Evaluation: [13400/19848]  eta: 0:07:32    time: 0.0657  data: 0.0000  max mem: 11815
      ITM Evaluation: [13500/19848]  eta: 0:07:25    time: 0.0710  data: 0.0000  max mem: 11815
      ITM Evaluation: [13600/19848]  eta: 0:07:18    time: 0.0686  data: 0.0000  max mem: 11815
      ITM Evaluation: [13700/19848]  eta: 0:07:11    time: 0.0655  data: 0.0000  max mem: 11815
      ITM Evaluation: [13800/19848]  eta: 0:07:03    time: 0.0644  data: 0.0000  max mem: 11815
      ITM Evaluation: [13900/19848]  eta: 0:06:56    time: 0.0673  data: 0.0000  max mem: 11815
      ITM Evaluation: [14000/19848]  eta: 0:06:49    time: 0.0642  data: 0.0000  max mem: 11815
      ITM Evaluation: [14100/19848]  eta: 0:06:42    time: 0.0731  data: 0.0000  max mem: 11815
      ITM Evaluation: [14200/19848]  eta: 0:06:35    time: 0.0724  data: 0.0000  max mem: 11815
      ITM Evaluation: [14300/19848]  eta: 0:06:28    time: 0.0686  data: 0.0000  max mem: 11815
      ITM Evaluation: [14400/19848]  eta: 0:06:21    time: 0.0644  data: 0.0000  max mem: 11815
      ITM Evaluation: [14500/19848]  eta: 0:06:14    time: 0.0662  data: 0.0000  max mem: 11815
      ITM Evaluation: [14600/19848]  eta: 0:06:07    time: 0.0630  data: 0.0000  max mem: 11815
      ITM Evaluation: [14700/19848]  eta: 0:05:59    time: 0.0668  data: 0.0000  max mem: 11815
      ITM Evaluation: [14800/19848]  eta: 0:05:53    time: 0.0721  data: 0.0000  max mem: 11815
      ITM Evaluation: [14900/19848]  eta: 0:05:45    time: 0.0653  data: 0.0000  max mem: 11815
      ITM Evaluation: [15000/19848]  eta: 0:05:38    time: 0.0659  data: 0.0000  max mem: 11815
      ITM Evaluation: [15100/19848]  eta: 0:05:31    time: 0.0666  data: 0.0000  max mem: 11815
      ITM Evaluation: [15200/19848]  eta: 0:05:24    time: 0.0712  data: 0.0000  max mem: 11815
      ITM Evaluation: [15300/19848]  eta: 0:05:17    time: 0.0663  data: 0.0000  max mem: 11815
      ITM Evaluation: [15400/19848]  eta: 0:05:10    time: 0.0724  data: 0.0000  max mem: 11815
      ITM Evaluation: [15500/19848]  eta: 0:05:03    time: 0.0674  data: 0.0000  max mem: 11815
      ITM Evaluation: [15600/19848]  eta: 0:04:56    time: 0.0675  data: 0.0000  max mem: 11815
      ITM Evaluation: [15700/19848]  eta: 0:04:49    time: 0.0669  data: 0.0000  max mem: 11815
      ITM Evaluation: [15800/19848]  eta: 0:04:42    time: 0.0585  data: 0.0000  max mem: 11815
      ITM Evaluation: [15900/19848]  eta: 0:04:35    time: 0.0652  data: 0.0000  max mem: 11815
      ITM Evaluation: [16000/19848]  eta: 0:04:28    time: 0.0692  data: 0.0000  max mem: 11815
      ITM Evaluation: [16100/19848]  eta: 0:04:21    time: 0.0713  data: 0.0000  max mem: 11815
      ITM Evaluation: [16200/19848]  eta: 0:04:14    time: 0.0683  data: 0.0000  max mem: 11815
      ITM Evaluation: [16300/19848]  eta: 0:04:07    time: 0.0672  data: 0.0000  max mem: 11815
      ITM Evaluation: [16400/19848]  eta: 0:04:00    time: 0.0725  data: 0.0000  max mem: 11815
      ITM Evaluation: [16500/19848]  eta: 0:03:53    time: 0.0680  data: 0.0000  max mem: 11815
      ITM Evaluation: [16600/19848]  eta: 0:03:46    time: 0.0688  data: 0.0000  max mem: 11815
      ITM Evaluation: [16700/19848]  eta: 0:03:39    time: 0.0717  data: 0.0000  max mem: 11815
      ITM Evaluation: [16800/19848]  eta: 0:03:32    time: 0.0659  data: 0.0000  max mem: 11815
      ITM Evaluation: [16900/19848]  eta: 0:03:25    time: 0.0714  data: 0.0000  max mem: 11815
      ITM Evaluation: [17000/19848]  eta: 0:03:18    time: 0.0696  data: 0.0000  max mem: 11815
      ITM Evaluation: [17100/19848]  eta: 0:03:11    time: 0.0685  data: 0.0000  max mem: 11815
      ITM Evaluation: [17200/19848]  eta: 0:03:04    time: 0.0686  data: 0.0000  max mem: 11815
      ITM Evaluation: [17300/19848]  eta: 0:02:57    time: 0.0745  data: 0.0000  max mem: 11815
      ITM Evaluation: [17400/19848]  eta: 0:02:50    time: 0.0701  data: 0.0000  max mem: 11815
      ITM Evaluation: [17500/19848]  eta: 0:02:43    time: 0.0670  data: 0.0000  max mem: 11815
      ITM Evaluation: [17600/19848]  eta: 0:02:36    time: 0.0666  data: 0.0000  max mem: 11815
      ITM Evaluation: [17700/19848]  eta: 0:02:29    time: 0.0669  data: 0.0000  max mem: 11815
      ITM Evaluation: [17800/19848]  eta: 0:02:22    time: 0.0677  data: 0.0000  max mem: 11815
      ITM Evaluation: [17900/19848]  eta: 0:02:15    time: 0.0705  data: 0.0000  max mem: 11815
      ITM Evaluation: [18000/19848]  eta: 0:02:08    time: 0.0665  data: 0.0000  max mem: 11815
      ITM Evaluation: [18100/19848]  eta: 0:02:01    time: 0.0693  data: 0.0000  max mem: 11815
      ITM Evaluation: [18200/19848]  eta: 0:01:54    time: 0.0688  data: 0.0000  max mem: 11815
      ITM Evaluation: [18300/19848]  eta: 0:01:47    time: 0.0665  data: 0.0000  max mem: 11815
      ITM Evaluation: [18400/19848]  eta: 0:01:40    time: 0.0693  data: 0.0000  max mem: 11815
      ITM Evaluation: [18500/19848]  eta: 0:01:33    time: 0.0676  data: 0.0000  max mem: 11815
      ITM Evaluation: [18600/19848]  eta: 0:01:26    time: 0.0725  data: 0.0000  max mem: 11815
      ITM Evaluation: [18700/19848]  eta: 0:01:19    time: 0.0687  data: 0.0000  max mem: 11815
      ITM Evaluation: [18800/19848]  eta: 0:01:12    time: 0.0692  data: 0.0000  max mem: 11815
      ITM Evaluation: [18900/19848]  eta: 0:01:05    time: 0.0657  data: 0.0000  max mem: 11815
      ITM Evaluation: [19000/19848]  eta: 0:00:59    time: 0.0671  data: 0.0000  max mem: 11815
      ITM Evaluation: [19100/19848]  eta: 0:00:52    time: 0.0690  data: 0.0000  max mem: 11815
      ITM Evaluation: [19200/19848]  eta: 0:00:45    time: 0.0750  data: 0.0000  max mem: 11815
      ITM Evaluation: [19300/19848]  eta: 0:00:38    time: 0.0700  data: 0.0000  max mem: 11815
      ITM Evaluation: [19400/19848]  eta: 0:00:31    time: 0.0705  data: 0.0000  max mem: 11815
      ITM Evaluation: [19500/19848]  eta: 0:00:24    time: 0.0710  data: 0.0000  max mem: 11815
      ITM Evaluation: [19600/19848]  eta: 0:00:17    time: 0.0693  data: 0.0000  max mem: 11815
      ITM Evaluation: [19700/19848]  eta: 0:00:10    time: 0.0704  data: 0.0000  max mem: 11815
      ITM Evaluation: [19800/19848]  eta: 0:00:03    time: 0.0758  data: 0.0000  max mem: 11815
      ITM Evaluation: [19847/19848]  eta: 0:00:00    time: 0.0662  data: 0.0000  max mem: 11815
      ITM Evaluation: Total time: 0:23:03 (0.0697 s / it)
     total_time 1385.3705561161041
     Computing matching score time 0:23:05
### TTA ITM Score: 
+-------+--------+--------+--------+--------+--------+
| epoch |   R1   |   R5   |  R10   |  mAP   |  mINP  |
+-------+--------+--------+--------+--------+--------+
|  -999 | 63.014 | 79.484 | 85.041 | 40.411 | 10.184 |
|  -999 | 68.183 | 82.885 | 87.500 | 40.507 | 9.104  |
|   0   | 61.452 | 80.477 | 86.165 | 37.879 | 9.331  |
|   1   | 60.782 | 80.391 | 86.120 | 37.613 | 9.317  |
|   2   | 60.273 | 80.200 | 85.999 | 37.379 | 9.295  |
|   3   | 60.369 | 80.225 | 86.059 | 37.362 | 9.290  |
|   4   | 60.248 | 80.169 | 86.034 | 37.309 | 9.270  |
|   5   | 59.744 | 79.993 | 85.913 | 37.043 | 9.241  |
|   6   | 59.527 | 79.953 | 85.908 | 36.963 | 9.223  |
|   7   | 59.296 | 79.862 | 85.852 | 36.808 | 9.188  |
|   8   | 59.139 | 79.867 | 85.873 | 36.822 | 9.164  |
|   9   | 59.714 | 80.013 | 85.928 | 36.973 | 9.181  |
|   10  | 59.114 | 79.791 | 85.822 | 36.720 | 9.136  |
|   11  | 59.044 | 79.796 | 85.898 | 36.696 | 9.107  |
|   12  | 58.767 | 79.731 | 85.812 | 36.579 | 9.086  |
+-------+--------+--------+--------+--------+--------+
     logs:  {'epo': 12, 'R1': 58.767, 'R5': 79.731, 'R10': 85.812, 'mAP': 36.579, 'mINP': 9.086, 'lr': 1.2e-05, 'entropy': 0.268034, 'loss': 0.268034}
      TTA Epoch: [13] [  0/620]  eta: 0:17:08  lr: 0.000011  entropy: 0.2338  loss: 0.2338  time: 1.6588  data: 1.5249  max mem: 11815
      TTA Epoch: [13] [100/620]  eta: 0:00:48  lr: 0.000011  entropy: 0.2400  loss: 0.2400  time: 0.0744  data: 0.0002  max mem: 11815
      TTA Epoch: [13] [200/620]  eta: 0:00:35  lr: 0.000011  entropy: 0.2297  loss: 0.2297  time: 0.0750  data: 0.0002  max mem: 11815
      TTA Epoch: [13] [300/620]  eta: 0:00:26  lr: 0.000011  entropy: 0.2266  loss: 0.2266  time: 0.0938  data: 0.0004  max mem: 11815
      TTA Epoch: [13] [400/620]  eta: 0:00:18  lr: 0.000011  entropy: 0.2739  loss: 0.2739  time: 0.0793  data: 0.0003  max mem: 11815
      TTA Epoch: [13] [500/620]  eta: 0:00:09  lr: 0.000011  entropy: 0.2382  loss: 0.2382  time: 0.0775  data: 0.0001  max mem: 11815
      TTA Epoch: [13] [600/620]  eta: 0:00:01  lr: 0.000011  entropy: 0.1793  loss: 0.1793  time: 0.0783  data: 0.0002  max mem: 11815
      TTA Epoch: [13] [619/620]  eta: 0:00:00  lr: 0.000011  entropy: 0.2443  loss: 0.2443  time: 0.0771  data: 0.0004  max mem: 11815
      TTA Epoch: [13] Total time: 0:00:50 (0.0819 s / it)
     Averaged stats: lr: 0.0000  entropy: 0.2627  loss: 0.2627
     itm tta time 0:00:51
     Computing matching score
      ITM Evaluation: [    0/19848]  eta: 0:34:57    time: 0.1057  data: 0.0277  max mem: 11815
      ITM Evaluation: [  100/19848]  eta: 0:23:39    time: 0.0696  data: 0.0000  max mem: 11815
      ITM Evaluation: [  200/19848]  eta: 0:23:23    time: 0.0717  data: 0.0000  max mem: 11815
      ITM Evaluation: [  300/19848]  eta: 0:23:36    time: 0.0770  data: 0.0000  max mem: 11815
      ITM Evaluation: [  400/19848]  eta: 0:23:39    time: 0.0818  data: 0.0000  max mem: 11815
      ITM Evaluation: [  500/19848]  eta: 0:23:33    time: 0.0700  data: 0.0000  max mem: 11815
      ITM Evaluation: [  600/19848]  eta: 0:23:20    time: 0.0711  data: 0.0000  max mem: 11815
      ITM Evaluation: [  700/19848]  eta: 0:23:08    time: 0.0714  data: 0.0000  max mem: 11815
      ITM Evaluation: [  800/19848]  eta: 0:22:58    time: 0.0705  data: 0.0000  max mem: 11815
      ITM Evaluation: [  900/19848]  eta: 0:23:02    time: 0.0815  data: 0.0000  max mem: 11815
      ITM Evaluation: [ 1000/19848]  eta: 0:22:56    time: 0.0709  data: 0.0000  max mem: 11815
      ITM Evaluation: [ 1100/19848]  eta: 0:22:46    time: 0.0697  data: 0.0000  max mem: 11815
      ITM Evaluation: [ 1200/19848]  eta: 0:22:35    time: 0.0704  data: 0.0000  max mem: 11815
      ITM Evaluation: [ 1300/19848]  eta: 0:22:24    time: 0.0705  data: 0.0000  max mem: 11815
      ITM Evaluation: [ 1400/19848]  eta: 0:22:15    time: 0.0707  data: 0.0000  max mem: 11815
      ITM Evaluation: [ 1500/19848]  eta: 0:22:11    time: 0.0761  data: 0.0000  max mem: 11815
      ITM Evaluation: [ 1600/19848]  eta: 0:22:07    time: 0.0760  data: 0.0000  max mem: 11815
      ITM Evaluation: [ 1700/19848]  eta: 0:21:58    time: 0.0714  data: 0.0000  max mem: 11815
      ITM Evaluation: [ 1800/19848]  eta: 0:21:47    time: 0.0671  data: 0.0000  max mem: 11815
      ITM Evaluation: [ 1900/19848]  eta: 0:21:35    time: 0.0677  data: 0.0000  max mem: 11815
      ITM Evaluation: [ 2000/19848]  eta: 0:21:26    time: 0.0692  data: 0.0000  max mem: 11815
      ITM Evaluation: [ 2100/19848]  eta: 0:21:17    time: 0.0682  data: 0.0000  max mem: 11815
      ITM Evaluation: [ 2200/19848]  eta: 0:21:04    time: 0.0658  data: 0.0000  max mem: 11815
      ITM Evaluation: [ 2300/19848]  eta: 0:20:54    time: 0.0683  data: 0.0000  max mem: 11815
      ITM Evaluation: [ 2400/19848]  eta: 0:20:44    time: 0.0669  data: 0.0000  max mem: 11815
      ITM Evaluation: [ 2500/19848]  eta: 0:20:34    time: 0.0680  data: 0.0000  max mem: 11815
      ITM Evaluation: [ 2600/19848]  eta: 0:20:25    time: 0.0691  data: 0.0000  max mem: 11815
      ITM Evaluation: [ 2700/19848]  eta: 0:20:17    time: 0.0766  data: 0.0000  max mem: 11815
      ITM Evaluation: [ 2800/19848]  eta: 0:20:14    time: 0.0776  data: 0.0000  max mem: 11815
      ITM Evaluation: [ 2900/19848]  eta: 0:20:05    time: 0.0686  data: 0.0000  max mem: 11815
      ITM Evaluation: [ 3000/19848]  eta: 0:19:56    time: 0.0663  data: 0.0000  max mem: 11815
      ITM Evaluation: [ 3100/19848]  eta: 0:19:46    time: 0.0646  data: 0.0000  max mem: 11815
      ITM Evaluation: [ 3200/19848]  eta: 0:19:37    time: 0.0684  data: 0.0000  max mem: 11815
      ITM Evaluation: [ 3300/19848]  eta: 0:19:30    time: 0.0705  data: 0.0000  max mem: 11815
      ITM Evaluation: [ 3400/19848]  eta: 0:19:24    time: 0.0752  data: 0.0000  max mem: 11815
      ITM Evaluation: [ 3500/19848]  eta: 0:19:16    time: 0.0654  data: 0.0000  max mem: 11815
      ITM Evaluation: [ 3600/19848]  eta: 0:19:07    time: 0.0668  data: 0.0000  max mem: 11815
      ITM Evaluation: [ 3700/19848]  eta: 0:18:57    time: 0.0660  data: 0.0000  max mem: 11815
      ITM Evaluation: [ 3800/19848]  eta: 0:18:49    time: 0.0706  data: 0.0000  max mem: 11815
      ITM Evaluation: [ 3900/19848]  eta: 0:18:42    time: 0.0659  data: 0.0000  max mem: 11815
      ITM Evaluation: [ 4000/19848]  eta: 0:18:34    time: 0.0691  data: 0.0000  max mem: 11815
      ITM Evaluation: [ 4100/19848]  eta: 0:18:28    time: 0.0726  data: 0.0000  max mem: 11815
      ITM Evaluation: [ 4200/19848]  eta: 0:18:20    time: 0.0660  data: 0.0000  max mem: 11815
      ITM Evaluation: [ 4300/19848]  eta: 0:18:11    time: 0.0669  data: 0.0000  max mem: 11815
      ITM Evaluation: [ 4400/19848]  eta: 0:18:03    time: 0.0719  data: 0.0000  max mem: 11815
      ITM Evaluation: [ 4500/19848]  eta: 0:17:56    time: 0.0672  data: 0.0000  max mem: 11815
      ITM Evaluation: [ 4600/19848]  eta: 0:17:47    time: 0.0671  data: 0.0000  max mem: 11815
      ITM Evaluation: [ 4700/19848]  eta: 0:17:41    time: 0.0740  data: 0.0000  max mem: 11815
      ITM Evaluation: [ 4800/19848]  eta: 0:17:34    time: 0.0667  data: 0.0000  max mem: 11815
      ITM Evaluation: [ 4900/19848]  eta: 0:17:26    time: 0.0687  data: 0.0000  max mem: 11815
      ITM Evaluation: [ 5000/19848]  eta: 0:17:18    time: 0.0629  data: 0.0000  max mem: 11815
      ITM Evaluation: [ 5100/19848]  eta: 0:17:10    time: 0.0658  data: 0.0000  max mem: 11815
      ITM Evaluation: [ 5200/19848]  eta: 0:17:02    time: 0.0680  data: 0.0000  max mem: 11815
      ITM Evaluation: [ 5300/19848]  eta: 0:16:55    time: 0.0719  data: 0.0000  max mem: 11815
      ITM Evaluation: [ 5400/19848]  eta: 0:16:49    time: 0.0746  data: 0.0000  max mem: 11815
      ITM Evaluation: [ 5500/19848]  eta: 0:16:42    time: 0.0668  data: 0.0000  max mem: 11815
      ITM Evaluation: [ 5600/19848]  eta: 0:16:35    time: 0.0667  data: 0.0000  max mem: 11815
      ITM Evaluation: [ 5700/19848]  eta: 0:16:27    time: 0.0680  data: 0.0000  max mem: 11815
      ITM Evaluation: [ 5800/19848]  eta: 0:16:19    time: 0.0634  data: 0.0000  max mem: 11815
      ITM Evaluation: [ 5900/19848]  eta: 0:16:11    time: 0.0683  data: 0.0000  max mem: 11815
      ITM Evaluation: [ 6000/19848]  eta: 0:16:05    time: 0.0758  data: 0.0000  max mem: 11815
      ITM Evaluation: [ 6100/19848]  eta: 0:15:58    time: 0.0726  data: 0.0000  max mem: 11815
      ITM Evaluation: [ 6200/19848]  eta: 0:15:50    time: 0.0599  data: 0.0000  max mem: 11815
      ITM Evaluation: [ 6300/19848]  eta: 0:15:42    time: 0.0634  data: 0.0000  max mem: 11815
      ITM Evaluation: [ 6400/19848]  eta: 0:15:34    time: 0.0649  data: 0.0000  max mem: 11815
      ITM Evaluation: [ 6500/19848]  eta: 0:15:27    time: 0.0677  data: 0.0000  max mem: 11815
      ITM Evaluation: [ 6600/19848]  eta: 0:15:20    time: 0.0684  data: 0.0000  max mem: 11815
      ITM Evaluation: [ 6700/19848]  eta: 0:15:13    time: 0.0756  data: 0.0000  max mem: 11815
      ITM Evaluation: [ 6800/19848]  eta: 0:15:06    time: 0.0668  data: 0.0000  max mem: 11815
      ITM Evaluation: [ 6900/19848]  eta: 0:14:59    time: 0.0641  data: 0.0000  max mem: 11815
      ITM Evaluation: [ 7000/19848]  eta: 0:14:51    time: 0.0657  data: 0.0000  max mem: 11815
      ITM Evaluation: [ 7100/19848]  eta: 0:14:44    time: 0.0642  data: 0.0000  max mem: 11815
      ITM Evaluation: [ 7200/19848]  eta: 0:14:37    time: 0.0695  data: 0.0000  max mem: 11815
      ITM Evaluation: [ 7300/19848]  eta: 0:14:30    time: 0.0750  data: 0.0000  max mem: 11815
      ITM Evaluation: [ 7400/19848]  eta: 0:14:24    time: 0.0690  data: 0.0000  max mem: 11815
      ITM Evaluation: [ 7500/19848]  eta: 0:14:17    time: 0.0673  data: 0.0000  max mem: 11815
      ITM Evaluation: [ 7600/19848]  eta: 0:14:10    time: 0.0697  data: 0.0000  max mem: 11815
      ITM Evaluation: [ 7700/19848]  eta: 0:14:03    time: 0.0742  data: 0.0000  max mem: 11815
      ITM Evaluation: [ 7800/19848]  eta: 0:13:56    time: 0.0710  data: 0.0000  max mem: 11815
      ITM Evaluation: [ 7900/19848]  eta: 0:13:49    time: 0.0709  data: 0.0000  max mem: 11815
      ITM Evaluation: [ 8000/19848]  eta: 0:13:43    time: 0.0724  data: 0.0000  max mem: 11815
      ITM Evaluation: [ 8100/19848]  eta: 0:13:36    time: 0.0671  data: 0.0000  max mem: 11815
      ITM Evaluation: [ 8200/19848]  eta: 0:13:29    time: 0.0731  data: 0.0000  max mem: 11815
      ITM Evaluation: [ 8300/19848]  eta: 0:13:22    time: 0.0679  data: 0.0000  max mem: 11815
      ITM Evaluation: [ 8400/19848]  eta: 0:13:15    time: 0.0678  data: 0.0000  max mem: 11815
      ITM Evaluation: [ 8500/19848]  eta: 0:13:09    time: 0.0732  data: 0.0000  max mem: 11815
      ITM Evaluation: [ 8600/19848]  eta: 0:13:02    time: 0.0750  data: 0.0000  max mem: 11815
      ITM Evaluation: [ 8700/19848]  eta: 0:12:56    time: 0.0729  data: 0.0000  max mem: 11815
      ITM Evaluation: [ 8800/19848]  eta: 0:12:49    time: 0.0708  data: 0.0000  max mem: 11815
      ITM Evaluation: [ 8900/19848]  eta: 0:12:43    time: 0.0731  data: 0.0000  max mem: 11815
      ITM Evaluation: [ 9000/19848]  eta: 0:12:35    time: 0.0655  data: 0.0000  max mem: 11815
      ITM Evaluation: [ 9100/19848]  eta: 0:12:28    time: 0.0708  data: 0.0000  max mem: 11815
      ITM Evaluation: [ 9200/19848]  eta: 0:12:21    time: 0.0689  data: 0.0000  max mem: 11815
      ITM Evaluation: [ 9300/19848]  eta: 0:12:14    time: 0.0722  data: 0.0000  max mem: 11815
      ITM Evaluation: [ 9400/19848]  eta: 0:12:07    time: 0.0733  data: 0.0000  max mem: 11815
      ITM Evaluation: [ 9500/19848]  eta: 0:12:01    time: 0.0762  data: 0.0000  max mem: 11815
      ITM Evaluation: [ 9600/19848]  eta: 0:11:54    time: 0.0722  data: 0.0000  max mem: 11815
      ITM Evaluation: [ 9700/19848]  eta: 0:11:47    time: 0.0697  data: 0.0000  max mem: 11815
      ITM Evaluation: [ 9800/19848]  eta: 0:11:40    time: 0.0717  data: 0.0000  max mem: 11815
      ITM Evaluation: [ 9900/19848]  eta: 0:11:34    time: 0.0729  data: 0.0000  max mem: 11815
      ITM Evaluation: [10000/19848]  eta: 0:11:27    time: 0.0700  data: 0.0000  max mem: 11815
      ITM Evaluation: [10100/19848]  eta: 0:11:20    time: 0.0689  data: 0.0000  max mem: 11815
      ITM Evaluation: [10200/19848]  eta: 0:11:13    time: 0.0728  data: 0.0000  max mem: 11815
      ITM Evaluation: [10300/19848]  eta: 0:11:07    time: 0.0748  data: 0.0000  max mem: 11815
      ITM Evaluation: [10400/19848]  eta: 0:11:00    time: 0.0674  data: 0.0000  max mem: 11815
      ITM Evaluation: [10500/19848]  eta: 0:10:53    time: 0.0691  data: 0.0000  max mem: 11815
      ITM Evaluation: [10600/19848]  eta: 0:10:45    time: 0.0681  data: 0.0000  max mem: 11815
      ITM Evaluation: [10700/19848]  eta: 0:10:38    time: 0.0703  data: 0.0000  max mem: 11815
      ITM Evaluation: [10800/19848]  eta: 0:10:31    time: 0.0651  data: 0.0000  max mem: 11815
      ITM Evaluation: [10900/19848]  eta: 0:10:24    time: 0.0785  data: 0.0000  max mem: 11815
      ITM Evaluation: [11000/19848]  eta: 0:10:18    time: 0.0713  data: 0.0000  max mem: 11815
      ITM Evaluation: [11100/19848]  eta: 0:10:10    time: 0.0682  data: 0.0000  max mem: 11815
      ITM Evaluation: [11200/19848]  eta: 0:10:03    time: 0.0691  data: 0.0000  max mem: 11815
      ITM Evaluation: [11300/19848]  eta: 0:09:56    time: 0.0685  data: 0.0000  max mem: 11815
      ITM Evaluation: [11400/19848]  eta: 0:09:49    time: 0.0670  data: 0.0000  max mem: 11815
      ITM Evaluation: [11500/19848]  eta: 0:09:42    time: 0.0693  data: 0.0000  max mem: 11815
      ITM Evaluation: [11600/19848]  eta: 0:09:35    time: 0.0726  data: 0.0000  max mem: 11815
      ITM Evaluation: [11700/19848]  eta: 0:09:28    time: 0.0660  data: 0.0000  max mem: 11815
      ITM Evaluation: [11800/19848]  eta: 0:09:21    time: 0.0678  data: 0.0000  max mem: 11815
      ITM Evaluation: [11900/19848]  eta: 0:09:14    time: 0.0690  data: 0.0000  max mem: 11815
      ITM Evaluation: [12000/19848]  eta: 0:09:07    time: 0.0692  data: 0.0000  max mem: 11815
      ITM Evaluation: [12100/19848]  eta: 0:09:00    time: 0.0718  data: 0.0000  max mem: 11815
      ITM Evaluation: [12200/19848]  eta: 0:08:53    time: 0.0698  data: 0.0000  max mem: 11815
      ITM Evaluation: [12300/19848]  eta: 0:08:46    time: 0.0684  data: 0.0000  max mem: 11815
      ITM Evaluation: [12400/19848]  eta: 0:08:39    time: 0.0690  data: 0.0000  max mem: 11815
      ITM Evaluation: [12500/19848]  eta: 0:08:32    time: 0.0704  data: 0.0000  max mem: 11815
      ITM Evaluation: [12600/19848]  eta: 0:08:25    time: 0.0672  data: 0.0000  max mem: 11815
      ITM Evaluation: [12700/19848]  eta: 0:08:18    time: 0.0696  data: 0.0000  max mem: 11815
      ITM Evaluation: [12800/19848]  eta: 0:08:11    time: 0.0748  data: 0.0000  max mem: 11815
      ITM Evaluation: [12900/19848]  eta: 0:08:04    time: 0.0689  data: 0.0000  max mem: 11815
      ITM Evaluation: [13000/19848]  eta: 0:07:57    time: 0.0678  data: 0.0000  max mem: 11815
      ITM Evaluation: [13100/19848]  eta: 0:07:50    time: 0.0727  data: 0.0000  max mem: 11815
      ITM Evaluation: [13200/19848]  eta: 0:07:43    time: 0.0672  data: 0.0000  max mem: 11815
      ITM Evaluation: [13300/19848]  eta: 0:07:36    time: 0.0687  data: 0.0000  max mem: 11815
      ITM Evaluation: [13400/19848]  eta: 0:07:29    time: 0.0692  data: 0.0000  max mem: 11815
      ITM Evaluation: [13500/19848]  eta: 0:07:23    time: 0.0707  data: 0.0000  max mem: 11815
      ITM Evaluation: [13600/19848]  eta: 0:07:16    time: 0.0742  data: 0.0000  max mem: 11815
      ITM Evaluation: [13700/19848]  eta: 0:07:09    time: 0.0682  data: 0.0000  max mem: 11815
      ITM Evaluation: [13800/19848]  eta: 0:07:02    time: 0.0672  data: 0.0000  max mem: 11815
      ITM Evaluation: [13900/19848]  eta: 0:06:55    time: 0.0674  data: 0.0000  max mem: 11815
      ITM Evaluation: [14000/19848]  eta: 0:06:48    time: 0.0680  data: 0.0000  max mem: 11815
      ITM Evaluation: [14100/19848]  eta: 0:06:40    time: 0.0663  data: 0.0000  max mem: 11815
      ITM Evaluation: [14200/19848]  eta: 0:06:33    time: 0.0633  data: 0.0000  max mem: 11815
      ITM Evaluation: [14300/19848]  eta: 0:06:26    time: 0.0685  data: 0.0000  max mem: 11815
      ITM Evaluation: [14400/19848]  eta: 0:06:19    time: 0.0674  data: 0.0000  max mem: 11815
      ITM Evaluation: [14500/19848]  eta: 0:06:12    time: 0.0701  data: 0.0000  max mem: 11815
      ITM Evaluation: [14600/19848]  eta: 0:06:05    time: 0.0682  data: 0.0000  max mem: 11815
      ITM Evaluation: [14700/19848]  eta: 0:05:58    time: 0.0689  data: 0.0000  max mem: 11815
      ITM Evaluation: [14800/19848]  eta: 0:05:51    time: 0.0706  data: 0.0000  max mem: 11815
      ITM Evaluation: [14900/19848]  eta: 0:05:44    time: 0.0730  data: 0.0000  max mem: 11815
      ITM Evaluation: [15000/19848]  eta: 0:05:37    time: 0.0672  data: 0.0000  max mem: 11815
      ITM Evaluation: [15100/19848]  eta: 0:05:30    time: 0.0680  data: 0.0000  max mem: 11815
      ITM Evaluation: [15200/19848]  eta: 0:05:23    time: 0.0661  data: 0.0000  max mem: 11815
      ITM Evaluation: [15300/19848]  eta: 0:05:16    time: 0.0718  data: 0.0000  max mem: 11815
      ITM Evaluation: [15400/19848]  eta: 0:05:09    time: 0.0719  data: 0.0000  max mem: 11815
      ITM Evaluation: [15500/19848]  eta: 0:05:03    time: 0.0738  data: 0.0000  max mem: 11815
      ITM Evaluation: [15600/19848]  eta: 0:04:56    time: 0.0689  data: 0.0000  max mem: 11815
      ITM Evaluation: [15700/19848]  eta: 0:04:49    time: 0.0697  data: 0.0000  max mem: 11815
      ITM Evaluation: [15800/19848]  eta: 0:04:42    time: 0.0724  data: 0.0000  max mem: 11815
      ITM Evaluation: [15900/19848]  eta: 0:04:35    time: 0.0667  data: 0.0000  max mem: 11815
      ITM Evaluation: [16000/19848]  eta: 0:04:28    time: 0.0661  data: 0.0000  max mem: 11815
      ITM Evaluation: [16100/19848]  eta: 0:04:21    time: 0.0711  data: 0.0000  max mem: 11815
      ITM Evaluation: [16200/19848]  eta: 0:04:14    time: 0.0707  data: 0.0000  max mem: 11815
      ITM Evaluation: [16300/19848]  eta: 0:04:07    time: 0.0704  data: 0.0000  max mem: 11815
      ITM Evaluation: [16400/19848]  eta: 0:04:00    time: 0.0670  data: 0.0000  max mem: 11815
      ITM Evaluation: [16500/19848]  eta: 0:03:53    time: 0.0705  data: 0.0000  max mem: 11815
      ITM Evaluation: [16600/19848]  eta: 0:03:46    time: 0.0654  data: 0.0000  max mem: 11815
      ITM Evaluation: [16700/19848]  eta: 0:03:39    time: 0.0658  data: 0.0000  max mem: 11815
      ITM Evaluation: [16800/19848]  eta: 0:03:32    time: 0.0739  data: 0.0000  max mem: 11815
      ITM Evaluation: [16900/19848]  eta: 0:03:25    time: 0.0667  data: 0.0000  max mem: 11815
      ITM Evaluation: [17000/19848]  eta: 0:03:18    time: 0.0682  data: 0.0000  max mem: 11815
      ITM Evaluation: [17100/19848]  eta: 0:03:11    time: 0.0693  data: 0.0000  max mem: 11815
      ITM Evaluation: [17200/19848]  eta: 0:03:04    time: 0.0681  data: 0.0000  max mem: 11815
      ITM Evaluation: [17300/19848]  eta: 0:02:57    time: 0.0676  data: 0.0000  max mem: 11815
      ITM Evaluation: [17400/19848]  eta: 0:02:50    time: 0.0736  data: 0.0000  max mem: 11815
      ITM Evaluation: [17500/19848]  eta: 0:02:43    time: 0.0748  data: 0.0000  max mem: 11815
      ITM Evaluation: [17600/19848]  eta: 0:02:36    time: 0.0670  data: 0.0000  max mem: 11815
      ITM Evaluation: [17700/19848]  eta: 0:02:29    time: 0.0657  data: 0.0000  max mem: 11815
      ITM Evaluation: [17800/19848]  eta: 0:02:22    time: 0.0679  data: 0.0000  max mem: 11815
      ITM Evaluation: [17900/19848]  eta: 0:02:15    time: 0.0690  data: 0.0000  max mem: 11815
      ITM Evaluation: [18000/19848]  eta: 0:02:08    time: 0.0757  data: 0.0000  max mem: 11815
      ITM Evaluation: [18100/19848]  eta: 0:02:01    time: 0.0711  data: 0.0000  max mem: 11815
      ITM Evaluation: [18200/19848]  eta: 0:01:54    time: 0.0631  data: 0.0000  max mem: 11815
      ITM Evaluation: [18300/19848]  eta: 0:01:47    time: 0.0634  data: 0.0000  max mem: 11815
      ITM Evaluation: [18400/19848]  eta: 0:01:40    time: 0.0652  data: 0.0000  max mem: 11815
      ITM Evaluation: [18500/19848]  eta: 0:01:33    time: 0.0665  data: 0.0000  max mem: 11815
      ITM Evaluation: [18600/19848]  eta: 0:01:26    time: 0.0687  data: 0.0000  max mem: 11815
      ITM Evaluation: [18700/19848]  eta: 0:01:19    time: 0.0733  data: 0.0000  max mem: 11815
      ITM Evaluation: [18800/19848]  eta: 0:01:12    time: 0.0742  data: 0.0000  max mem: 11815
      ITM Evaluation: [18900/19848]  eta: 0:01:05    time: 0.0638  data: 0.0000  max mem: 11815
      ITM Evaluation: [19000/19848]  eta: 0:00:58    time: 0.0666  data: 0.0000  max mem: 11815
      ITM Evaluation: [19100/19848]  eta: 0:00:51    time: 0.0660  data: 0.0000  max mem: 11815
      ITM Evaluation: [19200/19848]  eta: 0:00:45    time: 0.0679  data: 0.0000  max mem: 11815
      ITM Evaluation: [19300/19848]  eta: 0:00:38    time: 0.0717  data: 0.0000  max mem: 11815
      ITM Evaluation: [19400/19848]  eta: 0:00:31    time: 0.0753  data: 0.0000  max mem: 11815
      ITM Evaluation: [19500/19848]  eta: 0:00:24    time: 0.0697  data: 0.0000  max mem: 11815
      ITM Evaluation: [19600/19848]  eta: 0:00:17    time: 0.0674  data: 0.0000  max mem: 11815
      ITM Evaluation: [19700/19848]  eta: 0:00:10    time: 0.0678  data: 0.0000  max mem: 11815
      ITM Evaluation: [19800/19848]  eta: 0:00:03    time: 0.0671  data: 0.0000  max mem: 11815
      ITM Evaluation: [19847/19848]  eta: 0:00:00    time: 0.0685  data: 0.0000  max mem: 11815
      ITM Evaluation: Total time: 0:22:59 (0.0695 s / it)
     total_time 1381.3688921928406
     Computing matching score time 0:23:01
### TTA ITM Score: 
+-------+--------+--------+--------+--------+--------+
| epoch |   R1   |   R5   |  R10   |  mAP   |  mINP  |
+-------+--------+--------+--------+--------+--------+
|  -999 | 63.014 | 79.484 | 85.041 | 40.411 | 10.184 |
|  -999 | 68.183 | 82.885 | 87.500 | 40.507 | 9.104  |
|   0   | 61.452 | 80.477 | 86.165 | 37.879 | 9.331  |
|   1   | 60.782 | 80.391 | 86.120 | 37.613 | 9.317  |
|   2   | 60.273 | 80.200 | 85.999 | 37.379 | 9.295  |
|   3   | 60.369 | 80.225 | 86.059 | 37.362 | 9.290  |
|   4   | 60.248 | 80.169 | 86.034 | 37.309 | 9.270  |
|   5   | 59.744 | 79.993 | 85.913 | 37.043 | 9.241  |
|   6   | 59.527 | 79.953 | 85.908 | 36.963 | 9.223  |
|   7   | 59.296 | 79.862 | 85.852 | 36.808 | 9.188  |
|   8   | 59.139 | 79.867 | 85.873 | 36.822 | 9.164  |
|   9   | 59.714 | 80.013 | 85.928 | 36.973 | 9.181  |
|   10  | 59.114 | 79.791 | 85.822 | 36.720 | 9.136  |
|   11  | 59.044 | 79.796 | 85.898 | 36.696 | 9.107  |
|   12  | 58.767 | 79.731 | 85.812 | 36.579 | 9.086  |
|   13  | 58.646 | 79.711 | 85.792 | 36.518 | 9.053  |
+-------+--------+--------+--------+--------+--------+
     logs:  {'epo': 13, 'R1': 58.646, 'R5': 79.711, 'R10': 85.792, 'mAP': 36.518, 'mINP': 9.053, 'lr': 1.1e-05, 'entropy': 0.262688, 'loss': 0.262688}
      TTA Epoch: [14] [  0/620]  eta: 0:18:03  lr: 0.000011  entropy: 0.1976  loss: 0.1976  time: 1.7482  data: 1.6147  max mem: 11815
      TTA Epoch: [14] [100/620]  eta: 0:00:52  lr: 0.000011  entropy: 0.2426  loss: 0.2426  time: 0.0816  data: 0.0002  max mem: 11815
      TTA Epoch: [14] [200/620]  eta: 0:00:38  lr: 0.000011  entropy: 0.2675  loss: 0.2675  time: 0.0816  data: 0.0002  max mem: 11815
      TTA Epoch: [14] [300/620]  eta: 0:00:28  lr: 0.000010  entropy: 0.2354  loss: 0.2354  time: 0.0819  data: 0.0002  max mem: 11815
      TTA Epoch: [14] [400/620]  eta: 0:00:19  lr: 0.000010  entropy: 0.3142  loss: 0.3142  time: 0.0825  data: 0.0002  max mem: 11815
      TTA Epoch: [14] [500/620]  eta: 0:00:10  lr: 0.000010  entropy: 0.2028  loss: 0.2028  time: 0.0773  data: 0.0002  max mem: 11815
      TTA Epoch: [14] [600/620]  eta: 0:00:01  lr: 0.000010  entropy: 0.3882  loss: 0.3882  time: 0.0771  data: 0.0002  max mem: 11815
      TTA Epoch: [14] [619/620]  eta: 0:00:00  lr: 0.000010  entropy: 0.2311  loss: 0.2311  time: 0.0755  data: 0.0002  max mem: 11815
      TTA Epoch: [14] Total time: 0:00:51 (0.0838 s / it)
     Averaged stats: lr: 0.0000  entropy: 0.2592  loss: 0.2592
     itm tta time 0:00:52
     Computing matching score
      ITM Evaluation: [    0/19848]  eta: 1:50:02    time: 0.3327  data: 0.2607  max mem: 11815
      ITM Evaluation: [  100/19848]  eta: 0:22:55    time: 0.0692  data: 0.0000  max mem: 11815
      ITM Evaluation: [  200/19848]  eta: 0:22:38    time: 0.0730  data: 0.0000  max mem: 11815
      ITM Evaluation: [  300/19848]  eta: 0:22:39    time: 0.0686  data: 0.0000  max mem: 11815
      ITM Evaluation: [  400/19848]  eta: 0:22:06    time: 0.0659  data: 0.0000  max mem: 11815
      ITM Evaluation: [  500/19848]  eta: 0:21:54    time: 0.0666  data: 0.0000  max mem: 11815
      ITM Evaluation: [  600/19848]  eta: 0:21:48    time: 0.0706  data: 0.0000  max mem: 11815
      ITM Evaluation: [  700/19848]  eta: 0:21:42    time: 0.0685  data: 0.0000  max mem: 11815
      ITM Evaluation: [  800/19848]  eta: 0:21:40    time: 0.0664  data: 0.0000  max mem: 11815
      ITM Evaluation: [  900/19848]  eta: 0:21:33    time: 0.0717  data: 0.0000  max mem: 11815
      ITM Evaluation: [ 1000/19848]  eta: 0:21:33    time: 0.0719  data: 0.0000  max mem: 11815
      ITM Evaluation: [ 1100/19848]  eta: 0:21:29    time: 0.0674  data: 0.0000  max mem: 11815
      ITM Evaluation: [ 1200/19848]  eta: 0:21:23    time: 0.0679  data: 0.0000  max mem: 11815
      ITM Evaluation: [ 1300/19848]  eta: 0:21:15    time: 0.0690  data: 0.0000  max mem: 11815
      ITM Evaluation: [ 1400/19848]  eta: 0:21:07    time: 0.0697  data: 0.0000  max mem: 11815
      ITM Evaluation: [ 1500/19848]  eta: 0:21:00    time: 0.0694  data: 0.0000  max mem: 11815
      ITM Evaluation: [ 1600/19848]  eta: 0:20:55    time: 0.0738  data: 0.0000  max mem: 11815
      ITM Evaluation: [ 1700/19848]  eta: 0:20:50    time: 0.0704  data: 0.0000  max mem: 11815
      ITM Evaluation: [ 1800/19848]  eta: 0:20:44    time: 0.0723  data: 0.0000  max mem: 11815
      ITM Evaluation: [ 1900/19848]  eta: 0:20:36    time: 0.0663  data: 0.0000  max mem: 11815
      ITM Evaluation: [ 2000/19848]  eta: 0:20:28    time: 0.0663  data: 0.0000  max mem: 11815
      ITM Evaluation: [ 2100/19848]  eta: 0:20:20    time: 0.0663  data: 0.0000  max mem: 11815
      ITM Evaluation: [ 2200/19848]  eta: 0:20:12    time: 0.0690  data: 0.0000  max mem: 11815
      ITM Evaluation: [ 2300/19848]  eta: 0:20:07    time: 0.0719  data: 0.0000  max mem: 11815
      ITM Evaluation: [ 2400/19848]  eta: 0:20:02    time: 0.0660  data: 0.0000  max mem: 11815
      ITM Evaluation: [ 2500/19848]  eta: 0:19:54    time: 0.0672  data: 0.0000  max mem: 11815
      ITM Evaluation: [ 2600/19848]  eta: 0:19:44    time: 0.0643  data: 0.0000  max mem: 11815
      ITM Evaluation: [ 2700/19848]  eta: 0:19:36    time: 0.0655  data: 0.0000  max mem: 11815
      ITM Evaluation: [ 2800/19848]  eta: 0:19:29    time: 0.0668  data: 0.0000  max mem: 11815
      ITM Evaluation: [ 2900/19848]  eta: 0:19:22    time: 0.0712  data: 0.0000  max mem: 11815
      ITM Evaluation: [ 3000/19848]  eta: 0:19:16    time: 0.0696  data: 0.0000  max mem: 11815
      ITM Evaluation: [ 3100/19848]  eta: 0:19:08    time: 0.0644  data: 0.0000  max mem: 11815
      ITM Evaluation: [ 3200/19848]  eta: 0:19:00    time: 0.0664  data: 0.0000  max mem: 11815
      ITM Evaluation: [ 3300/19848]  eta: 0:18:52    time: 0.0660  data: 0.0000  max mem: 11815
      ITM Evaluation: [ 3400/19848]  eta: 0:18:44    time: 0.0649  data: 0.0000  max mem: 11815
      ITM Evaluation: [ 3500/19848]  eta: 0:18:37    time: 0.0664  data: 0.0000  max mem: 11815
      ITM Evaluation: [ 3600/19848]  eta: 0:18:31    time: 0.0738  data: 0.0000  max mem: 11815
      ITM Evaluation: [ 3700/19848]  eta: 0:18:27    time: 0.0739  data: 0.0000  max mem: 11815
      ITM Evaluation: [ 3800/19848]  eta: 0:18:20    time: 0.0677  data: 0.0000  max mem: 11815
      ITM Evaluation: [ 3900/19848]  eta: 0:18:12    time: 0.0665  data: 0.0000  max mem: 11815
      ITM Evaluation: [ 4000/19848]  eta: 0:18:04    time: 0.0700  data: 0.0000  max mem: 11815
      ITM Evaluation: [ 4100/19848]  eta: 0:17:57    time: 0.0679  data: 0.0000  max mem: 11815
      ITM Evaluation: [ 4200/19848]  eta: 0:17:50    time: 0.0653  data: 0.0000  max mem: 11815
      ITM Evaluation: [ 4300/19848]  eta: 0:17:44    time: 0.0708  data: 0.0000  max mem: 11815
      ITM Evaluation: [ 4400/19848]  eta: 0:17:37    time: 0.0618  data: 0.0000  max mem: 11815
      ITM Evaluation: [ 4500/19848]  eta: 0:17:30    time: 0.0658  data: 0.0000  max mem: 11815
      ITM Evaluation: [ 4600/19848]  eta: 0:17:22    time: 0.0647  data: 0.0000  max mem: 11815
      ITM Evaluation: [ 4700/19848]  eta: 0:17:14    time: 0.0633  data: 0.0000  max mem: 11815
      ITM Evaluation: [ 4800/19848]  eta: 0:17:06    time: 0.0670  data: 0.0000  max mem: 11815
      ITM Evaluation: [ 4900/19848]  eta: 0:17:00    time: 0.0701  data: 0.0000  max mem: 11815
      ITM Evaluation: [ 5000/19848]  eta: 0:16:54    time: 0.0715  data: 0.0000  max mem: 11815
      ITM Evaluation: [ 5100/19848]  eta: 0:16:48    time: 0.0702  data: 0.0000  max mem: 11815
      ITM Evaluation: [ 5200/19848]  eta: 0:16:40    time: 0.0638  data: 0.0000  max mem: 11815
      ITM Evaluation: [ 5300/19848]  eta: 0:16:33    time: 0.0662  data: 0.0000  max mem: 11815
      ITM Evaluation: [ 5400/19848]  eta: 0:16:26    time: 0.0651  data: 0.0000  max mem: 11815
      ITM Evaluation: [ 5500/19848]  eta: 0:16:19    time: 0.0656  data: 0.0000  max mem: 11815
      ITM Evaluation: [ 5600/19848]  eta: 0:16:12    time: 0.0730  data: 0.0000  max mem: 11815
      ITM Evaluation: [ 5700/19848]  eta: 0:16:06    time: 0.0714  data: 0.0000  max mem: 11815
      ITM Evaluation: [ 5800/19848]  eta: 0:15:59    time: 0.0663  data: 0.0000  max mem: 11815
      ITM Evaluation: [ 5900/19848]  eta: 0:15:52    time: 0.0647  data: 0.0000  max mem: 11815
      ITM Evaluation: [ 6000/19848]  eta: 0:15:44    time: 0.0672  data: 0.0000  max mem: 11815
      ITM Evaluation: [ 6100/19848]  eta: 0:15:37    time: 0.0694  data: 0.0000  max mem: 11815
      ITM Evaluation: [ 6200/19848]  eta: 0:15:31    time: 0.0732  data: 0.0000  max mem: 11815
      ITM Evaluation: [ 6300/19848]  eta: 0:15:25    time: 0.0718  data: 0.0000  max mem: 11815
      ITM Evaluation: [ 6400/19848]  eta: 0:15:19    time: 0.0667  data: 0.0000  max mem: 11815
      ITM Evaluation: [ 6500/19848]  eta: 0:15:11    time: 0.0665  data: 0.0000  max mem: 11815
      ITM Evaluation: [ 6600/19848]  eta: 0:15:04    time: 0.0680  data: 0.0000  max mem: 11815
      ITM Evaluation: [ 6700/19848]  eta: 0:14:57    time: 0.0701  data: 0.0000  max mem: 11815
      ITM Evaluation: [ 6800/19848]  eta: 0:14:50    time: 0.0676  data: 0.0000  max mem: 11815
      ITM Evaluation: [ 6900/19848]  eta: 0:14:44    time: 0.0713  data: 0.0000  max mem: 11815
      ITM Evaluation: [ 7000/19848]  eta: 0:14:37    time: 0.0720  data: 0.0000  max mem: 11815
      ITM Evaluation: [ 7100/19848]  eta: 0:14:30    time: 0.0670  data: 0.0000  max mem: 11815
      ITM Evaluation: [ 7200/19848]  eta: 0:14:23    time: 0.0665  data: 0.0000  max mem: 11815
      ITM Evaluation: [ 7300/19848]  eta: 0:14:16    time: 0.0661  data: 0.0000  max mem: 11815
      ITM Evaluation: [ 7400/19848]  eta: 0:14:09    time: 0.0676  data: 0.0000  max mem: 11815
      ITM Evaluation: [ 7500/19848]  eta: 0:14:02    time: 0.0668  data: 0.0000  max mem: 11815
      ITM Evaluation: [ 7600/19848]  eta: 0:13:55    time: 0.0735  data: 0.0000  max mem: 11815
      ITM Evaluation: [ 7700/19848]  eta: 0:13:49    time: 0.0715  data: 0.0000  max mem: 11815
      ITM Evaluation: [ 7800/19848]  eta: 0:13:43    time: 0.0717  data: 0.0000  max mem: 11815
      ITM Evaluation: [ 7900/19848]  eta: 0:13:36    time: 0.0690  data: 0.0000  max mem: 11815
      ITM Evaluation: [ 8000/19848]  eta: 0:13:28    time: 0.0677  data: 0.0000  max mem: 11815
      ITM Evaluation: [ 8100/19848]  eta: 0:13:21    time: 0.0688  data: 0.0000  max mem: 11815
      ITM Evaluation: [ 8200/19848]  eta: 0:13:14    time: 0.0683  data: 0.0000  max mem: 11815
      ITM Evaluation: [ 8300/19848]  eta: 0:13:08    time: 0.0731  data: 0.0000  max mem: 11815
      ITM Evaluation: [ 8400/19848]  eta: 0:13:02    time: 0.0654  data: 0.0000  max mem: 11815
      ITM Evaluation: [ 8500/19848]  eta: 0:12:55    time: 0.0671  data: 0.0000  max mem: 11815
      ITM Evaluation: [ 8600/19848]  eta: 0:12:48    time: 0.0699  data: 0.0000  max mem: 11815
      ITM Evaluation: [ 8700/19848]  eta: 0:12:41    time: 0.0674  data: 0.0000  max mem: 11815
      ITM Evaluation: [ 8800/19848]  eta: 0:12:34    time: 0.0683  data: 0.0000  max mem: 11815
      ITM Evaluation: [ 8900/19848]  eta: 0:12:27    time: 0.0719  data: 0.0000  max mem: 11815
      ITM Evaluation: [ 9000/19848]  eta: 0:12:21    time: 0.0741  data: 0.0000  max mem: 11815
      ITM Evaluation: [ 9100/19848]  eta: 0:12:14    time: 0.0640  data: 0.0000  max mem: 11815
      ITM Evaluation: [ 9200/19848]  eta: 0:12:07    time: 0.0675  data: 0.0000  max mem: 11815
      ITM Evaluation: [ 9300/19848]  eta: 0:12:00    time: 0.0672  data: 0.0000  max mem: 11815
      ITM Evaluation: [ 9400/19848]  eta: 0:11:53    time: 0.0693  data: 0.0000  max mem: 11815
      ITM Evaluation: [ 9500/19848]  eta: 0:11:46    time: 0.0677  data: 0.0000  max mem: 11815
      ITM Evaluation: [ 9600/19848]  eta: 0:11:40    time: 0.0724  data: 0.0000  max mem: 11815
      ITM Evaluation: [ 9700/19848]  eta: 0:11:33    time: 0.0702  data: 0.0000  max mem: 11815
      ITM Evaluation: [ 9800/19848]  eta: 0:11:26    time: 0.0664  data: 0.0000  max mem: 11815
      ITM Evaluation: [ 9900/19848]  eta: 0:11:19    time: 0.0655  data: 0.0000  max mem: 11815
      ITM Evaluation: [10000/19848]  eta: 0:11:12    time: 0.0670  data: 0.0000  max mem: 11815
      ITM Evaluation: [10100/19848]  eta: 0:11:05    time: 0.0704  data: 0.0000  max mem: 11815
      ITM Evaluation: [10200/19848]  eta: 0:10:59    time: 0.0709  data: 0.0000  max mem: 11815
      ITM Evaluation: [10300/19848]  eta: 0:10:52    time: 0.0736  data: 0.0000  max mem: 11815
      ITM Evaluation: [10400/19848]  eta: 0:10:45    time: 0.0682  data: 0.0000  max mem: 11815
      ITM Evaluation: [10500/19848]  eta: 0:10:39    time: 0.0704  data: 0.0000  max mem: 11815
      ITM Evaluation: [10600/19848]  eta: 0:10:32    time: 0.0680  data: 0.0000  max mem: 11815
      ITM Evaluation: [10700/19848]  eta: 0:10:25    time: 0.0677  data: 0.0000  max mem: 11815
      ITM Evaluation: [10800/19848]  eta: 0:10:18    time: 0.0654  data: 0.0000  max mem: 11815
      ITM Evaluation: [10900/19848]  eta: 0:10:11    time: 0.0744  data: 0.0000  max mem: 11815
      ITM Evaluation: [11000/19848]  eta: 0:10:05    time: 0.0697  data: 0.0000  max mem: 11815
      ITM Evaluation: [11100/19848]  eta: 0:09:58    time: 0.0657  data: 0.0000  max mem: 11815
      ITM Evaluation: [11200/19848]  eta: 0:09:51    time: 0.0680  data: 0.0000  max mem: 11815
      ITM Evaluation: [11300/19848]  eta: 0:09:44    time: 0.0656  data: 0.0000  max mem: 11815
      ITM Evaluation: [11400/19848]  eta: 0:09:37    time: 0.0648  data: 0.0000  max mem: 11815
      ITM Evaluation: [11500/19848]  eta: 0:09:30    time: 0.0695  data: 0.0000  max mem: 11815
      ITM Evaluation: [11600/19848]  eta: 0:09:24    time: 0.0743  data: 0.0000  max mem: 11815
      ITM Evaluation: [11700/19848]  eta: 0:09:17    time: 0.0682  data: 0.0000  max mem: 11815
      ITM Evaluation: [11800/19848]  eta: 0:09:10    time: 0.0675  data: 0.0000  max mem: 11815
      ITM Evaluation: [11900/19848]  eta: 0:09:03    time: 0.0683  data: 0.0000  max mem: 11815
      ITM Evaluation: [12000/19848]  eta: 0:08:56    time: 0.0685  data: 0.0000  max mem: 11815
      ITM Evaluation: [12100/19848]  eta: 0:08:49    time: 0.0693  data: 0.0000  max mem: 11815
      ITM Evaluation: [12200/19848]  eta: 0:08:43    time: 0.0739  data: 0.0000  max mem: 11815
      ITM Evaluation: [12300/19848]  eta: 0:08:36    time: 0.0707  data: 0.0000  max mem: 11815
      ITM Evaluation: [12400/19848]  eta: 0:08:29    time: 0.0667  data: 0.0000  max mem: 11815
      ITM Evaluation: [12500/19848]  eta: 0:08:22    time: 0.0687  data: 0.0000  max mem: 11815
      ITM Evaluation: [12600/19848]  eta: 0:08:15    time: 0.0676  data: 0.0000  max mem: 11815
      ITM Evaluation: [12700/19848]  eta: 0:08:09    time: 0.0680  data: 0.0000  max mem: 11815
      ITM Evaluation: [12800/19848]  eta: 0:08:02    time: 0.0707  data: 0.0000  max mem: 11815
      ITM Evaluation: [12900/19848]  eta: 0:07:55    time: 0.0729  data: 0.0000  max mem: 11815
      ITM Evaluation: [13000/19848]  eta: 0:07:48    time: 0.0668  data: 0.0000  max mem: 11815
      ITM Evaluation: [13100/19848]  eta: 0:07:41    time: 0.0677  data: 0.0000  max mem: 11815
      ITM Evaluation: [13200/19848]  eta: 0:07:35    time: 0.0705  data: 0.0000  max mem: 11815
      ITM Evaluation: [13300/19848]  eta: 0:07:28    time: 0.0686  data: 0.0000  max mem: 11815
      ITM Evaluation: [13400/19848]  eta: 0:07:21    time: 0.0681  data: 0.0000  max mem: 11815
      ITM Evaluation: [13500/19848]  eta: 0:07:14    time: 0.0735  data: 0.0000  max mem: 11815
      ITM Evaluation: [13600/19848]  eta: 0:07:08    time: 0.0728  data: 0.0000  max mem: 11815
      ITM Evaluation: [13700/19848]  eta: 0:07:01    time: 0.0696  data: 0.0000  max mem: 11815
      ITM Evaluation: [13800/19848]  eta: 0:06:54    time: 0.0666  data: 0.0000  max mem: 11815
      ITM Evaluation: [13900/19848]  eta: 0:06:47    time: 0.0663  data: 0.0000  max mem: 11815
      ITM Evaluation: [14000/19848]  eta: 0:06:40    time: 0.0692  data: 0.0000  max mem: 11815
      ITM Evaluation: [14100/19848]  eta: 0:06:33    time: 0.0696  data: 0.0000  max mem: 11815
      ITM Evaluation: [14200/19848]  eta: 0:06:27    time: 0.0733  data: 0.0000  max mem: 11815
      ITM Evaluation: [14300/19848]  eta: 0:06:20    time: 0.0687  data: 0.0000  max mem: 11815
      ITM Evaluation: [14400/19848]  eta: 0:06:13    time: 0.0701  data: 0.0000  max mem: 11815
      ITM Evaluation: [14500/19848]  eta: 0:06:06    time: 0.0677  data: 0.0000  max mem: 11815
      ITM Evaluation: [14600/19848]  eta: 0:05:59    time: 0.0640  data: 0.0000  max mem: 11815
      ITM Evaluation: [14700/19848]  eta: 0:05:52    time: 0.0692  data: 0.0000  max mem: 11815
      ITM Evaluation: [14800/19848]  eta: 0:05:45    time: 0.0719  data: 0.0000  max mem: 11815
      ITM Evaluation: [14900/19848]  eta: 0:05:39    time: 0.0724  data: 0.0000  max mem: 11815
      ITM Evaluation: [15000/19848]  eta: 0:05:32    time: 0.0657  data: 0.0000  max mem: 11815
      ITM Evaluation: [15100/19848]  eta: 0:05:25    time: 0.0675  data: 0.0000  max mem: 11815
      ITM Evaluation: [15200/19848]  eta: 0:05:18    time: 0.0663  data: 0.0000  max mem: 11815
      ITM Evaluation: [15300/19848]  eta: 0:05:11    time: 0.0659  data: 0.0000  max mem: 11815
      ITM Evaluation: [15400/19848]  eta: 0:05:04    time: 0.0642  data: 0.0000  max mem: 11815
      ITM Evaluation: [15500/19848]  eta: 0:04:57    time: 0.0728  data: 0.0000  max mem: 11815
      ITM Evaluation: [15600/19848]  eta: 0:04:51    time: 0.0666  data: 0.0000  max mem: 11815
      ITM Evaluation: [15700/19848]  eta: 0:04:44    time: 0.0666  data: 0.0000  max mem: 11815
      ITM Evaluation: [15800/19848]  eta: 0:04:37    time: 0.0659  data: 0.0000  max mem: 11815
      ITM Evaluation: [15900/19848]  eta: 0:04:30    time: 0.0667  data: 0.0000  max mem: 11815
      ITM Evaluation: [16000/19848]  eta: 0:04:23    time: 0.0670  data: 0.0000  max mem: 11815
      ITM Evaluation: [16100/19848]  eta: 0:04:16    time: 0.0709  data: 0.0000  max mem: 11815
      ITM Evaluation: [16200/19848]  eta: 0:04:09    time: 0.0702  data: 0.0000  max mem: 11815
      ITM Evaluation: [16300/19848]  eta: 0:04:03    time: 0.0696  data: 0.0000  max mem: 11815
      ITM Evaluation: [16400/19848]  eta: 0:03:56    time: 0.0654  data: 0.0000  max mem: 11815
      ITM Evaluation: [16500/19848]  eta: 0:03:49    time: 0.0649  data: 0.0000  max mem: 11815
      ITM Evaluation: [16600/19848]  eta: 0:03:42    time: 0.0674  data: 0.0000  max mem: 11815
      ITM Evaluation: [16700/19848]  eta: 0:03:35    time: 0.0674  data: 0.0000  max mem: 11815
      ITM Evaluation: [16800/19848]  eta: 0:03:28    time: 0.0743  data: 0.0000  max mem: 11815
      ITM Evaluation: [16900/19848]  eta: 0:03:21    time: 0.0711  data: 0.0000  max mem: 11815
      ITM Evaluation: [17000/19848]  eta: 0:03:15    time: 0.0670  data: 0.0000  max mem: 11815
      ITM Evaluation: [17100/19848]  eta: 0:03:08    time: 0.0654  data: 0.0000  max mem: 11815
      ITM Evaluation: [17200/19848]  eta: 0:03:01    time: 0.0647  data: 0.0000  max mem: 11815
      ITM Evaluation: [17300/19848]  eta: 0:02:54    time: 0.0690  data: 0.0000  max mem: 11815
      ITM Evaluation: [17400/19848]  eta: 0:02:47    time: 0.0670  data: 0.0000  max mem: 11815
      ITM Evaluation: [17500/19848]  eta: 0:02:40    time: 0.0797  data: 0.0000  max mem: 11815
      ITM Evaluation: [17600/19848]  eta: 0:02:34    time: 0.0690  data: 0.0000  max mem: 11815
      ITM Evaluation: [17700/19848]  eta: 0:02:27    time: 0.0680  data: 0.0000  max mem: 11815
      ITM Evaluation: [17800/19848]  eta: 0:02:20    time: 0.0701  data: 0.0000  max mem: 11815
      ITM Evaluation: [17900/19848]  eta: 0:02:13    time: 0.0678  data: 0.0000  max mem: 11815
      ITM Evaluation: [18000/19848]  eta: 0:02:06    time: 0.0667  data: 0.0000  max mem: 11815
      ITM Evaluation: [18100/19848]  eta: 0:01:59    time: 0.0695  data: 0.0000  max mem: 11815
      ITM Evaluation: [18200/19848]  eta: 0:01:52    time: 0.0709  data: 0.0000  max mem: 11815
      ITM Evaluation: [18300/19848]  eta: 0:01:46    time: 0.0661  data: 0.0000  max mem: 11815
      ITM Evaluation: [18400/19848]  eta: 0:01:39    time: 0.0663  data: 0.0000  max mem: 11815
      ITM Evaluation: [18500/19848]  eta: 0:01:32    time: 0.0711  data: 0.0000  max mem: 11815
      ITM Evaluation: [18600/19848]  eta: 0:01:25    time: 0.0680  data: 0.0000  max mem: 11815
      ITM Evaluation: [18700/19848]  eta: 0:01:18    time: 0.0673  data: 0.0000  max mem: 11815
      ITM Evaluation: [18800/19848]  eta: 0:01:11    time: 0.0714  data: 0.0000  max mem: 11815
      ITM Evaluation: [18900/19848]  eta: 0:01:04    time: 0.0752  data: 0.0000  max mem: 11815
      ITM Evaluation: [19000/19848]  eta: 0:00:58    time: 0.0663  data: 0.0000  max mem: 11815
      ITM Evaluation: [19100/19848]  eta: 0:00:51    time: 0.0751  data: 0.0000  max mem: 11815
      ITM Evaluation: [19200/19848]  eta: 0:00:44    time: 0.0721  data: 0.0000  max mem: 11815
      ITM Evaluation: [19300/19848]  eta: 0:00:37    time: 0.0679  data: 0.0000  max mem: 11815
      ITM Evaluation: [19400/19848]  eta: 0:00:30    time: 0.0736  data: 0.0000  max mem: 11815
      ITM Evaluation: [19500/19848]  eta: 0:00:23    time: 0.0749  data: 0.0000  max mem: 11815
      ITM Evaluation: [19600/19848]  eta: 0:00:17    time: 0.0689  data: 0.0000  max mem: 11815
      ITM Evaluation: [19700/19848]  eta: 0:00:10    time: 0.0675  data: 0.0000  max mem: 11815
      ITM Evaluation: [19800/19848]  eta: 0:00:03    time: 0.0691  data: 0.0000  max mem: 11815
      ITM Evaluation: [19847/19848]  eta: 0:00:00    time: 0.0691  data: 0.0000  max mem: 11815
      ITM Evaluation: Total time: 0:22:43 (0.0687 s / it)
     total_time 1364.61643075943
     Computing matching score time 0:22:44
### TTA ITM Score: 
+-------+--------+--------+--------+--------+--------+
| epoch |   R1   |   R5   |  R10   |  mAP   |  mINP  |
+-------+--------+--------+--------+--------+--------+
|  -999 | 63.014 | 79.484 | 85.041 | 40.411 | 10.184 |
|  -999 | 68.183 | 82.885 | 87.500 | 40.507 | 9.104  |
|   0   | 61.452 | 80.477 | 86.165 | 37.879 | 9.331  |
|   1   | 60.782 | 80.391 | 86.120 | 37.613 | 9.317  |
|   2   | 60.273 | 80.200 | 85.999 | 37.379 | 9.295  |
|   3   | 60.369 | 80.225 | 86.059 | 37.362 | 9.290  |
|   4   | 60.248 | 80.169 | 86.034 | 37.309 | 9.270  |
|   5   | 59.744 | 79.993 | 85.913 | 37.043 | 9.241  |
|   6   | 59.527 | 79.953 | 85.908 | 36.963 | 9.223  |
|   7   | 59.296 | 79.862 | 85.852 | 36.808 | 9.188  |
|   8   | 59.139 | 79.867 | 85.873 | 36.822 | 9.164  |
|   9   | 59.714 | 80.013 | 85.928 | 36.973 | 9.181  |
|   10  | 59.114 | 79.791 | 85.822 | 36.720 | 9.136  |
|   11  | 59.044 | 79.796 | 85.898 | 36.696 | 9.107  |
|   12  | 58.767 | 79.731 | 85.812 | 36.579 | 9.086  |
|   13  | 58.646 | 79.711 | 85.792 | 36.518 | 9.053  |
|   14  | 59.069 | 79.776 | 85.948 | 36.654 | 9.057  |
+-------+--------+--------+--------+--------+--------+
     logs:  {'epo': 14, 'R1': 59.069, 'R5': 79.776, 'R10': 85.948, 'mAP': 36.654, 'mINP': 9.057, 'lr': 1e-05, 'entropy': 0.259154, 'loss': 0.259154}
      TTA Epoch: [15] [  0/620]  eta: 0:17:24  lr: 0.000010  entropy: 0.2464  loss: 0.2464  time: 1.6853  data: 1.5702  max mem: 11815
      TTA Epoch: [15] [100/620]  eta: 0:00:49  lr: 0.000010  entropy: 0.2541  loss: 0.2541  time: 0.0777  data: 0.0002  max mem: 11815
      TTA Epoch: [15] [200/620]  eta: 0:00:35  lr: 0.000010  entropy: 0.2479  loss: 0.2479  time: 0.0747  data: 0.0002  max mem: 11815
      TTA Epoch: [15] [300/620]  eta: 0:00:26  lr: 0.000010  entropy: 0.2599  loss: 0.2599  time: 0.0780  data: 0.0002  max mem: 11815
      TTA Epoch: [15] [400/620]  eta: 0:00:17  lr: 0.000010  entropy: 0.2403  loss: 0.2403  time: 0.0843  data: 0.0003  max mem: 11815
      TTA Epoch: [15] [500/620]  eta: 0:00:09  lr: 0.000010  entropy: 0.2936  loss: 0.2936  time: 0.0792  data: 0.0002  max mem: 11815
      TTA Epoch: [15] [600/620]  eta: 0:00:01  lr: 0.000009  entropy: 0.2060  loss: 0.2060  time: 0.0748  data: 0.0002  max mem: 11815
      TTA Epoch: [15] [619/620]  eta: 0:00:00  lr: 0.000009  entropy: 0.2329  loss: 0.2329  time: 0.0760  data: 0.0003  max mem: 11815
      TTA Epoch: [15] Total time: 0:00:50 (0.0820 s / it)
     Averaged stats: lr: 0.0000  entropy: 0.2581  loss: 0.2581
     itm tta time 0:00:51
     Computing matching score
      ITM Evaluation: [    0/19848]  eta: 0:29:26    time: 0.0890  data: 0.0199  max mem: 11815
      ITM Evaluation: [  100/19848]  eta: 0:23:11    time: 0.0677  data: 0.0000  max mem: 11815
      ITM Evaluation: [  200/19848]  eta: 0:22:50    time: 0.0690  data: 0.0000  max mem: 11815
      ITM Evaluation: [  300/19848]  eta: 0:22:39    time: 0.0673  data: 0.0000  max mem: 11815
      ITM Evaluation: [  400/19848]  eta: 0:22:43    time: 0.0731  data: 0.0000  max mem: 11815
      ITM Evaluation: [  500/19848]  eta: 0:23:03    time: 0.0792  data: 0.0000  max mem: 11815
      ITM Evaluation: [  600/19848]  eta: 0:22:58    time: 0.0710  data: 0.0000  max mem: 11815
      ITM Evaluation: [  700/19848]  eta: 0:22:51    time: 0.0708  data: 0.0000  max mem: 11815
      ITM Evaluation: [  800/19848]  eta: 0:22:41    time: 0.0713  data: 0.0000  max mem: 11815
      ITM Evaluation: [  900/19848]  eta: 0:22:39    time: 0.0779  data: 0.0000  max mem: 11815
      ITM Evaluation: [ 1000/19848]  eta: 0:22:34    time: 0.0766  data: 0.0000  max mem: 11815
      ITM Evaluation: [ 1100/19848]  eta: 0:22:39    time: 0.0774  data: 0.0000  max mem: 11815
      ITM Evaluation: [ 1200/19848]  eta: 0:22:30    time: 0.0706  data: 0.0000  max mem: 11815
      ITM Evaluation: [ 1300/19848]  eta: 0:22:19    time: 0.0669  data: 0.0000  max mem: 11815
      ITM Evaluation: [ 1400/19848]  eta: 0:22:06    time: 0.0698  data: 0.0000  max mem: 11815
      ITM Evaluation: [ 1500/19848]  eta: 0:21:56    time: 0.0686  data: 0.0000  max mem: 11815
      ITM Evaluation: [ 1600/19848]  eta: 0:21:45    time: 0.0693  data: 0.0000  max mem: 11815
      ITM Evaluation: [ 1700/19848]  eta: 0:21:39    time: 0.0734  data: 0.0000  max mem: 11815
      ITM Evaluation: [ 1800/19848]  eta: 0:21:30    time: 0.0661  data: 0.0000  max mem: 11815
      ITM Evaluation: [ 1900/19848]  eta: 0:21:20    time: 0.0692  data: 0.0000  max mem: 11815
      ITM Evaluation: [ 2000/19848]  eta: 0:21:10    time: 0.0701  data: 0.0000  max mem: 11815
      ITM Evaluation: [ 2100/19848]  eta: 0:21:00    time: 0.0677  data: 0.0000  max mem: 11815
      ITM Evaluation: [ 2200/19848]  eta: 0:20:52    time: 0.0678  data: 0.0000  max mem: 11815
      ITM Evaluation: [ 2300/19848]  eta: 0:20:47    time: 0.0782  data: 0.0000  max mem: 11815
      ITM Evaluation: [ 2400/19848]  eta: 0:20:42    time: 0.0684  data: 0.0000  max mem: 11815
      ITM Evaluation: [ 2500/19848]  eta: 0:20:31    time: 0.0624  data: 0.0000  max mem: 11815
      ITM Evaluation: [ 2600/19848]  eta: 0:20:21    time: 0.0691  data: 0.0000  max mem: 11815
      ITM Evaluation: [ 2700/19848]  eta: 0:20:13    time: 0.0672  data: 0.0000  max mem: 11815
      ITM Evaluation: [ 2800/19848]  eta: 0:20:05    time: 0.0645  data: 0.0000  max mem: 11815
      ITM Evaluation: [ 2900/19848]  eta: 0:19:56    time: 0.0696  data: 0.0000  max mem: 11815
      ITM Evaluation: [ 3000/19848]  eta: 0:19:51    time: 0.0748  data: 0.0000  max mem: 11815
      ITM Evaluation: [ 3100/19848]  eta: 0:19:43    time: 0.0673  data: 0.0000  max mem: 11815
      ITM Evaluation: [ 3200/19848]  eta: 0:19:34    time: 0.0669  data: 0.0000  max mem: 11815
      ITM Evaluation: [ 3300/19848]  eta: 0:19:25    time: 0.0668  data: 0.0000  max mem: 11815
      ITM Evaluation: [ 3400/19848]  eta: 0:19:18    time: 0.0706  data: 0.0000  max mem: 11815
      ITM Evaluation: [ 3500/19848]  eta: 0:19:10    time: 0.0671  data: 0.0000  max mem: 11815
      ITM Evaluation: [ 3600/19848]  eta: 0:19:04    time: 0.0714  data: 0.0000  max mem: 11815
      ITM Evaluation: [ 3700/19848]  eta: 0:18:56    time: 0.0673  data: 0.0000  max mem: 11815
      ITM Evaluation: [ 3800/19848]  eta: 0:18:47    time: 0.0637  data: 0.0000  max mem: 11815
      ITM Evaluation: [ 3900/19848]  eta: 0:18:38    time: 0.0651  data: 0.0000  max mem: 11815
      ITM Evaluation: [ 4000/19848]  eta: 0:18:31    time: 0.0670  data: 0.0000  max mem: 11815
      ITM Evaluation: [ 4100/19848]  eta: 0:18:22    time: 0.0620  data: 0.0000  max mem: 11815
      ITM Evaluation: [ 4200/19848]  eta: 0:18:12    time: 0.0636  data: 0.0000  max mem: 11815
      ITM Evaluation: [ 4300/19848]  eta: 0:18:04    time: 0.0635  data: 0.0000  max mem: 11815
      ITM Evaluation: [ 4400/19848]  eta: 0:17:55    time: 0.0662  data: 0.0000  max mem: 11815
      ITM Evaluation: [ 4500/19848]  eta: 0:17:47    time: 0.0684  data: 0.0000  max mem: 11815
      ITM Evaluation: [ 4600/19848]  eta: 0:17:41    time: 0.0667  data: 0.0000  max mem: 11815
      ITM Evaluation: [ 4700/19848]  eta: 0:17:33    time: 0.0672  data: 0.0000  max mem: 11815
      ITM Evaluation: [ 4800/19848]  eta: 0:17:25    time: 0.0667  data: 0.0000  max mem: 11815
      ITM Evaluation: [ 4900/19848]  eta: 0:17:18    time: 0.0692  data: 0.0000  max mem: 11815
      ITM Evaluation: [ 5000/19848]  eta: 0:17:12    time: 0.0706  data: 0.0000  max mem: 11815
      ITM Evaluation: [ 5100/19848]  eta: 0:17:05    time: 0.0706  data: 0.0000  max mem: 11815
      ITM Evaluation: [ 5200/19848]  eta: 0:16:58    time: 0.0694  data: 0.0000  max mem: 11815
      ITM Evaluation: [ 5300/19848]  eta: 0:16:50    time: 0.0687  data: 0.0000  max mem: 11815
      ITM Evaluation: [ 5400/19848]  eta: 0:16:43    time: 0.0665  data: 0.0000  max mem: 11815
      ITM Evaluation: [ 5500/19848]  eta: 0:16:35    time: 0.0675  data: 0.0000  max mem: 11815
      ITM Evaluation: [ 5600/19848]  eta: 0:16:28    time: 0.0678  data: 0.0000  max mem: 11815
      ITM Evaluation: [ 5700/19848]  eta: 0:16:21    time: 0.0727  data: 0.0000  max mem: 11815
      ITM Evaluation: [ 5800/19848]  eta: 0:16:14    time: 0.0706  data: 0.0000  max mem: 11815
      ITM Evaluation: [ 5900/19848]  eta: 0:16:07    time: 0.0673  data: 0.0000  max mem: 11815
      ITM Evaluation: [ 6000/19848]  eta: 0:16:00    time: 0.0701  data: 0.0000  max mem: 11815
      ITM Evaluation: [ 6100/19848]  eta: 0:15:52    time: 0.0666  data: 0.0000  max mem: 11815
      ITM Evaluation: [ 6200/19848]  eta: 0:15:45    time: 0.0673  data: 0.0000  max mem: 11815
      ITM Evaluation: [ 6300/19848]  eta: 0:15:38    time: 0.0657  data: 0.0000  max mem: 11815
      ITM Evaluation: [ 6400/19848]  eta: 0:15:31    time: 0.0726  data: 0.0000  max mem: 11815
      ITM Evaluation: [ 6500/19848]  eta: 0:15:25    time: 0.0680  data: 0.0000  max mem: 11815
      ITM Evaluation: [ 6600/19848]  eta: 0:15:17    time: 0.0644  data: 0.0000  max mem: 11815
      ITM Evaluation: [ 6700/19848]  eta: 0:15:10    time: 0.0628  data: 0.0000  max mem: 11815
      ITM Evaluation: [ 6800/19848]  eta: 0:15:03    time: 0.0696  data: 0.0000  max mem: 11815
      ITM Evaluation: [ 6900/19848]  eta: 0:14:56    time: 0.0652  data: 0.0000  max mem: 11815
      ITM Evaluation: [ 7000/19848]  eta: 0:14:48    time: 0.0669  data: 0.0000  max mem: 11815
      ITM Evaluation: [ 7100/19848]  eta: 0:14:41    time: 0.0672  data: 0.0000  max mem: 11815
      ITM Evaluation: [ 7200/19848]  eta: 0:14:34    time: 0.0759  data: 0.0000  max mem: 11815
      ITM Evaluation: [ 7300/19848]  eta: 0:14:28    time: 0.0755  data: 0.0000  max mem: 11815
      ITM Evaluation: [ 7400/19848]  eta: 0:14:22    time: 0.0659  data: 0.0000  max mem: 11815
      ITM Evaluation: [ 7500/19848]  eta: 0:14:14    time: 0.0681  data: 0.0000  max mem: 11815
      ITM Evaluation: [ 7600/19848]  eta: 0:14:07    time: 0.0691  data: 0.0000  max mem: 11815
      ITM Evaluation: [ 7700/19848]  eta: 0:14:00    time: 0.0673  data: 0.0000  max mem: 11815
      ITM Evaluation: [ 7800/19848]  eta: 0:13:53    time: 0.0669  data: 0.0000  max mem: 11815
      ITM Evaluation: [ 7900/19848]  eta: 0:13:46    time: 0.0746  data: 0.0000  max mem: 11815
      ITM Evaluation: [ 8000/19848]  eta: 0:13:39    time: 0.0692  data: 0.0000  max mem: 11815
      ITM Evaluation: [ 8100/19848]  eta: 0:13:32    time: 0.0685  data: 0.0000  max mem: 11815
      ITM Evaluation: [ 8200/19848]  eta: 0:13:25    time: 0.0634  data: 0.0000  max mem: 11815
      ITM Evaluation: [ 8300/19848]  eta: 0:13:18    time: 0.0684  data: 0.0000  max mem: 11815
      ITM Evaluation: [ 8400/19848]  eta: 0:13:11    time: 0.0660  data: 0.0000  max mem: 11815
      ITM Evaluation: [ 8500/19848]  eta: 0:13:04    time: 0.0705  data: 0.0000  max mem: 11815
      ITM Evaluation: [ 8600/19848]  eta: 0:12:57    time: 0.0698  data: 0.0000  max mem: 11815
      ITM Evaluation: [ 8700/19848]  eta: 0:12:50    time: 0.0680  data: 0.0000  max mem: 11815
      ITM Evaluation: [ 8800/19848]  eta: 0:12:43    time: 0.0665  data: 0.0000  max mem: 11815
      ITM Evaluation: [ 8900/19848]  eta: 0:12:36    time: 0.0664  data: 0.0000  max mem: 11815
      ITM Evaluation: [ 9000/19848]  eta: 0:12:29    time: 0.0654  data: 0.0000  max mem: 11815
      ITM Evaluation: [ 9100/19848]  eta: 0:12:22    time: 0.0659  data: 0.0000  max mem: 11815
      ITM Evaluation: [ 9200/19848]  eta: 0:12:15    time: 0.0686  data: 0.0000  max mem: 11815
      ITM Evaluation: [ 9300/19848]  eta: 0:12:09    time: 0.0718  data: 0.0000  max mem: 11815
      ITM Evaluation: [ 9400/19848]  eta: 0:12:01    time: 0.0654  data: 0.0000  max mem: 11815
      ITM Evaluation: [ 9500/19848]  eta: 0:11:54    time: 0.0677  data: 0.0000  max mem: 11815
      ITM Evaluation: [ 9600/19848]  eta: 0:11:47    time: 0.0718  data: 0.0000  max mem: 11815
      ITM Evaluation: [ 9700/19848]  eta: 0:11:40    time: 0.0642  data: 0.0000  max mem: 11815
      ITM Evaluation: [ 9800/19848]  eta: 0:11:33    time: 0.0679  data: 0.0000  max mem: 11815
      ITM Evaluation: [ 9900/19848]  eta: 0:11:27    time: 0.0722  data: 0.0000  max mem: 11815
      ITM Evaluation: [10000/19848]  eta: 0:11:20    time: 0.0668  data: 0.0000  max mem: 11815
      ITM Evaluation: [10100/19848]  eta: 0:11:13    time: 0.0649  data: 0.0000  max mem: 11815
      ITM Evaluation: [10200/19848]  eta: 0:11:06    time: 0.0730  data: 0.0000  max mem: 11815
      ITM Evaluation: [10300/19848]  eta: 0:10:59    time: 0.0676  data: 0.0000  max mem: 11815
      ITM Evaluation: [10400/19848]  eta: 0:10:52    time: 0.0678  data: 0.0000  max mem: 11815
      ITM Evaluation: [10500/19848]  eta: 0:10:45    time: 0.0689  data: 0.0000  max mem: 11815
      ITM Evaluation: [10600/19848]  eta: 0:10:38    time: 0.0708  data: 0.0000  max mem: 11815
      ITM Evaluation: [10700/19848]  eta: 0:10:31    time: 0.0654  data: 0.0000  max mem: 11815
      ITM Evaluation: [10800/19848]  eta: 0:10:23    time: 0.0641  data: 0.0000  max mem: 11815
      ITM Evaluation: [10900/19848]  eta: 0:10:16    time: 0.0671  data: 0.0000  max mem: 11815
      ITM Evaluation: [11000/19848]  eta: 0:10:09    time: 0.0667  data: 0.0000  max mem: 11815
      ITM Evaluation: [11100/19848]  eta: 0:10:02    time: 0.0672  data: 0.0000  max mem: 11815
      ITM Evaluation: [11200/19848]  eta: 0:09:55    time: 0.0692  data: 0.0000  max mem: 11815
      ITM Evaluation: [11300/19848]  eta: 0:09:49    time: 0.0783  data: 0.0000  max mem: 11815
      ITM Evaluation: [11400/19848]  eta: 0:09:42    time: 0.0682  data: 0.0000  max mem: 11815
      ITM Evaluation: [11500/19848]  eta: 0:09:35    time: 0.0689  data: 0.0000  max mem: 11815
      ITM Evaluation: [11600/19848]  eta: 0:09:28    time: 0.0679  data: 0.0000  max mem: 11815
      ITM Evaluation: [11700/19848]  eta: 0:09:21    time: 0.0689  data: 0.0000  max mem: 11815
      ITM Evaluation: [11800/19848]  eta: 0:09:14    time: 0.0683  data: 0.0000  max mem: 11815
      ITM Evaluation: [11900/19848]  eta: 0:09:08    time: 0.0749  data: 0.0000  max mem: 11815
      ITM Evaluation: [12000/19848]  eta: 0:09:01    time: 0.0671  data: 0.0000  max mem: 11815
      ITM Evaluation: [12100/19848]  eta: 0:08:54    time: 0.0699  data: 0.0000  max mem: 11815
      ITM Evaluation: [12200/19848]  eta: 0:08:47    time: 0.0694  data: 0.0000  max mem: 11815
      ITM Evaluation: [12300/19848]  eta: 0:08:40    time: 0.0650  data: 0.0000  max mem: 11815
      ITM Evaluation: [12400/19848]  eta: 0:08:33    time: 0.0693  data: 0.0000  max mem: 11815
      ITM Evaluation: [12500/19848]  eta: 0:08:27    time: 0.0735  data: 0.0000  max mem: 11815
      ITM Evaluation: [12600/19848]  eta: 0:08:20    time: 0.0712  data: 0.0000  max mem: 11815
      ITM Evaluation: [12700/19848]  eta: 0:08:13    time: 0.0706  data: 0.0000  max mem: 11815
      ITM Evaluation: [12800/19848]  eta: 0:08:06    time: 0.0684  data: 0.0000  max mem: 11815
      ITM Evaluation: [12900/19848]  eta: 0:07:59    time: 0.0661  data: 0.0000  max mem: 11815
      ITM Evaluation: [13000/19848]  eta: 0:07:52    time: 0.0690  data: 0.0000  max mem: 11815
      ITM Evaluation: [13100/19848]  eta: 0:07:46    time: 0.0728  data: 0.0000  max mem: 11815
      ITM Evaluation: [13200/19848]  eta: 0:07:39    time: 0.0736  data: 0.0000  max mem: 11815
      ITM Evaluation: [13300/19848]  eta: 0:07:32    time: 0.0677  data: 0.0000  max mem: 11815
      ITM Evaluation: [13400/19848]  eta: 0:07:25    time: 0.0692  data: 0.0000  max mem: 11815
      ITM Evaluation: [13500/19848]  eta: 0:07:18    time: 0.0692  data: 0.0000  max mem: 11815
      ITM Evaluation: [13600/19848]  eta: 0:07:11    time: 0.0758  data: 0.0000  max mem: 11815
      ITM Evaluation: [13700/19848]  eta: 0:07:04    time: 0.0669  data: 0.0000  max mem: 11815
      ITM Evaluation: [13800/19848]  eta: 0:06:57    time: 0.0736  data: 0.0000  max mem: 11815
      ITM Evaluation: [13900/19848]  eta: 0:06:51    time: 0.0690  data: 0.0000  max mem: 11815
      ITM Evaluation: [14000/19848]  eta: 0:06:44    time: 0.0703  data: 0.0000  max mem: 11815
      ITM Evaluation: [14100/19848]  eta: 0:06:37    time: 0.0694  data: 0.0000  max mem: 11815
      ITM Evaluation: [14200/19848]  eta: 0:06:30    time: 0.0725  data: 0.0000  max mem: 11815
      ITM Evaluation: [14300/19848]  eta: 0:06:23    time: 0.0700  data: 0.0000  max mem: 11815
      ITM Evaluation: [14400/19848]  eta: 0:06:16    time: 0.0668  data: 0.0000  max mem: 11815
      ITM Evaluation: [14500/19848]  eta: 0:06:09    time: 0.0670  data: 0.0000  max mem: 11815
      ITM Evaluation: [14600/19848]  eta: 0:06:03    time: 0.0689  data: 0.0000  max mem: 11815
      ITM Evaluation: [14700/19848]  eta: 0:05:56    time: 0.0701  data: 0.0000  max mem: 11815
      ITM Evaluation: [14800/19848]  eta: 0:05:49    time: 0.0717  data: 0.0000  max mem: 11815
      ITM Evaluation: [14900/19848]  eta: 0:05:42    time: 0.0692  data: 0.0000  max mem: 11815
      ITM Evaluation: [15000/19848]  eta: 0:05:35    time: 0.0670  data: 0.0000  max mem: 11815
      ITM Evaluation: [15100/19848]  eta: 0:05:28    time: 0.0718  data: 0.0000  max mem: 11815
      ITM Evaluation: [15200/19848]  eta: 0:05:21    time: 0.0714  data: 0.0000  max mem: 11815
      ITM Evaluation: [15300/19848]  eta: 0:05:14    time: 0.0687  data: 0.0000  max mem: 11815
      ITM Evaluation: [15400/19848]  eta: 0:05:07    time: 0.0727  data: 0.0000  max mem: 11815
      ITM Evaluation: [15500/19848]  eta: 0:05:00    time: 0.0662  data: 0.0000  max mem: 11815
      ITM Evaluation: [15600/19848]  eta: 0:04:53    time: 0.0706  data: 0.0000  max mem: 11815
      ITM Evaluation: [15700/19848]  eta: 0:04:47    time: 0.0693  data: 0.0000  max mem: 11815
      ITM Evaluation: [15800/19848]  eta: 0:04:40    time: 0.0687  data: 0.0000  max mem: 11815
      ITM Evaluation: [15900/19848]  eta: 0:04:33    time: 0.0680  data: 0.0000  max mem: 11815
      ITM Evaluation: [16000/19848]  eta: 0:04:26    time: 0.0694  data: 0.0000  max mem: 11815
      ITM Evaluation: [16100/19848]  eta: 0:04:19    time: 0.0683  data: 0.0000  max mem: 11815
      ITM Evaluation: [16200/19848]  eta: 0:04:12    time: 0.0710  data: 0.0000  max mem: 11815
      ITM Evaluation: [16300/19848]  eta: 0:04:05    time: 0.0686  data: 0.0000  max mem: 11815
      ITM Evaluation: [16400/19848]  eta: 0:03:58    time: 0.0707  data: 0.0000  max mem: 11815
      ITM Evaluation: [16500/19848]  eta: 0:03:51    time: 0.0744  data: 0.0000  max mem: 11815
      ITM Evaluation: [16600/19848]  eta: 0:03:44    time: 0.0697  data: 0.0000  max mem: 11815
      ITM Evaluation: [16700/19848]  eta: 0:03:38    time: 0.0683  data: 0.0000  max mem: 11815
      ITM Evaluation: [16800/19848]  eta: 0:03:31    time: 0.0686  data: 0.0000  max mem: 11815
      ITM Evaluation: [16900/19848]  eta: 0:03:24    time: 0.0696  data: 0.0000  max mem: 11815
      ITM Evaluation: [17000/19848]  eta: 0:03:17    time: 0.0696  data: 0.0000  max mem: 11815
      ITM Evaluation: [17100/19848]  eta: 0:03:10    time: 0.0736  data: 0.0000  max mem: 11815
      ITM Evaluation: [17200/19848]  eta: 0:03:03    time: 0.0668  data: 0.0000  max mem: 11815
      ITM Evaluation: [17300/19848]  eta: 0:02:56    time: 0.0683  data: 0.0000  max mem: 11815
      ITM Evaluation: [17400/19848]  eta: 0:02:49    time: 0.0683  data: 0.0000  max mem: 11815
      ITM Evaluation: [17500/19848]  eta: 0:02:42    time: 0.0684  data: 0.0000  max mem: 11815
      ITM Evaluation: [17600/19848]  eta: 0:02:35    time: 0.0728  data: 0.0000  max mem: 11815
      ITM Evaluation: [17700/19848]  eta: 0:02:28    time: 0.0757  data: 0.0000  max mem: 11815
      ITM Evaluation: [17800/19848]  eta: 0:02:21    time: 0.0726  data: 0.0000  max mem: 11815
      ITM Evaluation: [17900/19848]  eta: 0:02:15    time: 0.0706  data: 0.0000  max mem: 11815
      ITM Evaluation: [18000/19848]  eta: 0:02:08    time: 0.0686  data: 0.0000  max mem: 11815
      ITM Evaluation: [18100/19848]  eta: 0:02:01    time: 0.0707  data: 0.0000  max mem: 11815
      ITM Evaluation: [18200/19848]  eta: 0:01:54    time: 0.0708  data: 0.0000  max mem: 11815
      ITM Evaluation: [18300/19848]  eta: 0:01:47    time: 0.0756  data: 0.0000  max mem: 11815
      ITM Evaluation: [18400/19848]  eta: 0:01:40    time: 0.0744  data: 0.0000  max mem: 11815
      ITM Evaluation: [18500/19848]  eta: 0:01:33    time: 0.0688  data: 0.0000  max mem: 11815
      ITM Evaluation: [18600/19848]  eta: 0:01:26    time: 0.0654  data: 0.0000  max mem: 11815
      ITM Evaluation: [18700/19848]  eta: 0:01:19    time: 0.0690  data: 0.0000  max mem: 11815
      ITM Evaluation: [18800/19848]  eta: 0:01:12    time: 0.0712  data: 0.0000  max mem: 11815
      ITM Evaluation: [18900/19848]  eta: 0:01:05    time: 0.0683  data: 0.0000  max mem: 11815
      ITM Evaluation: [19000/19848]  eta: 0:00:58    time: 0.0787  data: 0.0000  max mem: 11815
      ITM Evaluation: [19100/19848]  eta: 0:00:51    time: 0.0679  data: 0.0000  max mem: 11815
      ITM Evaluation: [19200/19848]  eta: 0:00:44    time: 0.0735  data: 0.0000  max mem: 11815
      ITM Evaluation: [19300/19848]  eta: 0:00:38    time: 0.0688  data: 0.0000  max mem: 11815
      ITM Evaluation: [19400/19848]  eta: 0:00:31    time: 0.0702  data: 0.0000  max mem: 11815
      ITM Evaluation: [19500/19848]  eta: 0:00:24    time: 0.0687  data: 0.0000  max mem: 11815
      ITM Evaluation: [19600/19848]  eta: 0:00:17    time: 0.0714  data: 0.0000  max mem: 11815
      ITM Evaluation: [19700/19848]  eta: 0:00:10    time: 0.0770  data: 0.0000  max mem: 11815
      ITM Evaluation: [19800/19848]  eta: 0:00:03    time: 0.0678  data: 0.0000  max mem: 11815
      ITM Evaluation: [19847/19848]  eta: 0:00:00    time: 0.0673  data: 0.0000  max mem: 11815
      ITM Evaluation: Total time: 0:22:58 (0.0695 s / it)
     total_time 1380.4601078033447
     Computing matching score time 0:23:00
### TTA ITM Score: 
+-------+--------+--------+--------+--------+--------+
| epoch |   R1   |   R5   |  R10   |  mAP   |  mINP  |
+-------+--------+--------+--------+--------+--------+
|  -999 | 63.014 | 79.484 | 85.041 | 40.411 | 10.184 |
|  -999 | 68.183 | 82.885 | 87.500 | 40.507 | 9.104  |
|   0   | 61.452 | 80.477 | 86.165 | 37.879 | 9.331  |
|   1   | 60.782 | 80.391 | 86.120 | 37.613 | 9.317  |
|   2   | 60.273 | 80.200 | 85.999 | 37.379 | 9.295  |
|   3   | 60.369 | 80.225 | 86.059 | 37.362 | 9.290  |
|   4   | 60.248 | 80.169 | 86.034 | 37.309 | 9.270  |
|   5   | 59.744 | 79.993 | 85.913 | 37.043 | 9.241  |
|   6   | 59.527 | 79.953 | 85.908 | 36.963 | 9.223  |
|   7   | 59.296 | 79.862 | 85.852 | 36.808 | 9.188  |
|   8   | 59.139 | 79.867 | 85.873 | 36.822 | 9.164  |
|   9   | 59.714 | 80.013 | 85.928 | 36.973 | 9.181  |
|   10  | 59.114 | 79.791 | 85.822 | 36.720 | 9.136  |
|   11  | 59.044 | 79.796 | 85.898 | 36.696 | 9.107  |
|   12  | 58.767 | 79.731 | 85.812 | 36.579 | 9.086  |
|   13  | 58.646 | 79.711 | 85.792 | 36.518 | 9.053  |
|   14  | 59.069 | 79.776 | 85.948 | 36.654 | 9.057  |
|   15  | 58.600 | 79.660 | 85.812 | 36.468 | 9.014  |
+-------+--------+--------+--------+--------+--------+
     logs:  {'epo': 15, 'R1': 58.6, 'R5': 79.66, 'R10': 85.812, 'mAP': 36.468, 'mINP': 9.014, 'lr': 1e-05, 'entropy': 0.258134, 'loss': 0.258134}
      TTA Epoch: [16] [  0/620]  eta: 0:22:58  lr: 0.000009  entropy: 0.2915  loss: 0.2915  time: 2.2234  data: 2.0603  max mem: 11815
      TTA Epoch: [16] [100/620]  eta: 0:00:55  lr: 0.000009  entropy: 0.2529  loss: 0.2529  time: 0.0819  data: 0.0003  max mem: 11815
      TTA Epoch: [16] [200/620]  eta: 0:00:38  lr: 0.000009  entropy: 0.2959  loss: 0.2959  time: 0.0770  data: 0.0003  max mem: 11815
      TTA Epoch: [16] [300/620]  eta: 0:00:27  lr: 0.000009  entropy: 0.1568  loss: 0.1568  time: 0.0770  data: 0.0001  max mem: 11815
      TTA Epoch: [16] [400/620]  eta: 0:00:18  lr: 0.000009  entropy: 0.1875  loss: 0.1875  time: 0.0773  data: 0.0002  max mem: 11815
      TTA Epoch: [16] [500/620]  eta: 0:00:10  lr: 0.000009  entropy: 0.2684  loss: 0.2684  time: 0.0889  data: 0.0002  max mem: 11815
      TTA Epoch: [16] [600/620]  eta: 0:00:01  lr: 0.000009  entropy: 0.3621  loss: 0.3621  time: 0.0878  data: 0.0002  max mem: 11815
      TTA Epoch: [16] [619/620]  eta: 0:00:00  lr: 0.000009  entropy: 0.2896  loss: 0.2896  time: 0.0843  data: 0.0003  max mem: 11815
      TTA Epoch: [16] Total time: 0:00:51 (0.0835 s / it)
     Averaged stats: lr: 0.0000  entropy: 0.2559  loss: 0.2559
     itm tta time 0:00:52
     Computing matching score
      ITM Evaluation: [    0/19848]  eta: 0:51:53    time: 0.1569  data: 0.0147  max mem: 11815
      ITM Evaluation: [  100/19848]  eta: 0:23:57    time: 0.0714  data: 0.0000  max mem: 11815
      ITM Evaluation: [  200/19848]  eta: 0:23:09    time: 0.0706  data: 0.0000  max mem: 11815
      ITM Evaluation: [  300/19848]  eta: 0:22:53    time: 0.0704  data: 0.0000  max mem: 11815
      ITM Evaluation: [  400/19848]  eta: 0:22:41    time: 0.0695  data: 0.0000  max mem: 11815
      ITM Evaluation: [  500/19848]  eta: 0:23:00    time: 0.0778  data: 0.0000  max mem: 11815
      ITM Evaluation: [  600/19848]  eta: 0:22:51    time: 0.0749  data: 0.0000  max mem: 11815
      ITM Evaluation: [  700/19848]  eta: 0:22:49    time: 0.0736  data: 0.0000  max mem: 11815
      ITM Evaluation: [  800/19848]  eta: 0:22:33    time: 0.0685  data: 0.0000  max mem: 11815
      ITM Evaluation: [  900/19848]  eta: 0:22:13    time: 0.0678  data: 0.0000  max mem: 11815
      ITM Evaluation: [ 1000/19848]  eta: 0:22:01    time: 0.0721  data: 0.0000  max mem: 11815
      ITM Evaluation: [ 1100/19848]  eta: 0:21:57    time: 0.0732  data: 0.0000  max mem: 11815
      ITM Evaluation: [ 1200/19848]  eta: 0:21:49    time: 0.0714  data: 0.0000  max mem: 11815
      ITM Evaluation: [ 1300/19848]  eta: 0:21:47    time: 0.0739  data: 0.0000  max mem: 11815
      ITM Evaluation: [ 1400/19848]  eta: 0:21:39    time: 0.0680  data: 0.0000  max mem: 11815
      ITM Evaluation: [ 1500/19848]  eta: 0:21:30    time: 0.0703  data: 0.0000  max mem: 11815
      ITM Evaluation: [ 1600/19848]  eta: 0:21:21    time: 0.0686  data: 0.0000  max mem: 11815
      ITM Evaluation: [ 1700/19848]  eta: 0:21:15    time: 0.0689  data: 0.0000  max mem: 11815
      ITM Evaluation: [ 1800/19848]  eta: 0:21:07    time: 0.0702  data: 0.0000  max mem: 11815
      ITM Evaluation: [ 1900/19848]  eta: 0:21:00    time: 0.0725  data: 0.0000  max mem: 11815
      ITM Evaluation: [ 2000/19848]  eta: 0:20:54    time: 0.0697  data: 0.0000  max mem: 11815
      ITM Evaluation: [ 2100/19848]  eta: 0:20:47    time: 0.0703  data: 0.0000  max mem: 11815
      ITM Evaluation: [ 2200/19848]  eta: 0:20:39    time: 0.0724  data: 0.0000  max mem: 11815
      ITM Evaluation: [ 2300/19848]  eta: 0:20:32    time: 0.0703  data: 0.0000  max mem: 11815
      ITM Evaluation: [ 2400/19848]  eta: 0:20:24    time: 0.0684  data: 0.0000  max mem: 11815
      ITM Evaluation: [ 2500/19848]  eta: 0:20:16    time: 0.0703  data: 0.0000  max mem: 11815
      ITM Evaluation: [ 2600/19848]  eta: 0:20:12    time: 0.0713  data: 0.0000  max mem: 11815
      ITM Evaluation: [ 2700/19848]  eta: 0:20:03    time: 0.0652  data: 0.0000  max mem: 11815
      ITM Evaluation: [ 2800/19848]  eta: 0:19:56    time: 0.0712  data: 0.0000  max mem: 11815
      ITM Evaluation: [ 2900/19848]  eta: 0:19:49    time: 0.0704  data: 0.0000  max mem: 11815
      ITM Evaluation: [ 3000/19848]  eta: 0:19:41    time: 0.0672  data: 0.0000  max mem: 11815
      ITM Evaluation: [ 3100/19848]  eta: 0:19:32    time: 0.0676  data: 0.0000  max mem: 11815
      ITM Evaluation: [ 3200/19848]  eta: 0:19:27    time: 0.0763  data: 0.0000  max mem: 11815
      ITM Evaluation: [ 3300/19848]  eta: 0:19:21    time: 0.0664  data: 0.0000  max mem: 11815
      ITM Evaluation: [ 3400/19848]  eta: 0:19:13    time: 0.0742  data: 0.0000  max mem: 11815
      ITM Evaluation: [ 3500/19848]  eta: 0:19:06    time: 0.0701  data: 0.0000  max mem: 11815
      ITM Evaluation: [ 3600/19848]  eta: 0:18:59    time: 0.0687  data: 0.0000  max mem: 11815
      ITM Evaluation: [ 3700/19848]  eta: 0:18:50    time: 0.0664  data: 0.0000  max mem: 11815
      ITM Evaluation: [ 3800/19848]  eta: 0:18:43    time: 0.0728  data: 0.0000  max mem: 11815
      ITM Evaluation: [ 3900/19848]  eta: 0:18:37    time: 0.0738  data: 0.0000  max mem: 11815
      ITM Evaluation: [ 4000/19848]  eta: 0:18:31    time: 0.0714  data: 0.0000  max mem: 11815
      ITM Evaluation: [ 4100/19848]  eta: 0:18:23    time: 0.0701  data: 0.0000  max mem: 11815
      ITM Evaluation: [ 4200/19848]  eta: 0:18:16    time: 0.0685  data: 0.0000  max mem: 11815
      ITM Evaluation: [ 4300/19848]  eta: 0:18:08    time: 0.0665  data: 0.0000  max mem: 11815
      ITM Evaluation: [ 4400/19848]  eta: 0:18:00    time: 0.0679  data: 0.0000  max mem: 11815
      ITM Evaluation: [ 4500/19848]  eta: 0:17:54    time: 0.0758  data: 0.0000  max mem: 11815
      ITM Evaluation: [ 4600/19848]  eta: 0:17:47    time: 0.0656  data: 0.0000  max mem: 11815
      ITM Evaluation: [ 4700/19848]  eta: 0:17:40    time: 0.0672  data: 0.0000  max mem: 11815
      ITM Evaluation: [ 4800/19848]  eta: 0:17:32    time: 0.0698  data: 0.0000  max mem: 11815
      ITM Evaluation: [ 4900/19848]  eta: 0:17:24    time: 0.0612  data: 0.0000  max mem: 11815
      ITM Evaluation: [ 5000/19848]  eta: 0:17:15    time: 0.0647  data: 0.0000  max mem: 11815
      ITM Evaluation: [ 5100/19848]  eta: 0:17:08    time: 0.0749  data: 0.0000  max mem: 11815
      ITM Evaluation: [ 5200/19848]  eta: 0:17:02    time: 0.0708  data: 0.0000  max mem: 11815
      ITM Evaluation: [ 5300/19848]  eta: 0:16:55    time: 0.0693  data: 0.0000  max mem: 11815
      ITM Evaluation: [ 5400/19848]  eta: 0:16:47    time: 0.0681  data: 0.0000  max mem: 11815
      ITM Evaluation: [ 5500/19848]  eta: 0:16:40    time: 0.0680  data: 0.0000  max mem: 11815
      ITM Evaluation: [ 5600/19848]  eta: 0:16:32    time: 0.0699  data: 0.0000  max mem: 11815
      ITM Evaluation: [ 5700/19848]  eta: 0:16:25    time: 0.0684  data: 0.0000  max mem: 11815
      ITM Evaluation: [ 5800/19848]  eta: 0:16:18    time: 0.0740  data: 0.0000  max mem: 11815
      ITM Evaluation: [ 5900/19848]  eta: 0:16:14    time: 0.0703  data: 0.0000  max mem: 11815
      ITM Evaluation: [ 6000/19848]  eta: 0:16:06    time: 0.0666  data: 0.0000  max mem: 11815
      ITM Evaluation: [ 6100/19848]  eta: 0:15:59    time: 0.0667  data: 0.0000  max mem: 11815
      ITM Evaluation: [ 6200/19848]  eta: 0:15:52    time: 0.0684  data: 0.0000  max mem: 11815
      ITM Evaluation: [ 6300/19848]  eta: 0:15:44    time: 0.0682  data: 0.0000  max mem: 11815
      ITM Evaluation: [ 6400/19848]  eta: 0:15:38    time: 0.0726  data: 0.0000  max mem: 11815
      ITM Evaluation: [ 6500/19848]  eta: 0:15:31    time: 0.0751  data: 0.0000  max mem: 11815
      ITM Evaluation: [ 6600/19848]  eta: 0:15:24    time: 0.0685  data: 0.0000  max mem: 11815
      ITM Evaluation: [ 6700/19848]  eta: 0:15:17    time: 0.0673  data: 0.0000  max mem: 11815
      ITM Evaluation: [ 6800/19848]  eta: 0:15:09    time: 0.0657  data: 0.0000  max mem: 11815
      ITM Evaluation: [ 6900/19848]  eta: 0:15:02    time: 0.0666  data: 0.0000  max mem: 11815
      ITM Evaluation: [ 7000/19848]  eta: 0:14:55    time: 0.0721  data: 0.0000  max mem: 11815
      ITM Evaluation: [ 7100/19848]  eta: 0:14:49    time: 0.0731  data: 0.0000  max mem: 11815
      ITM Evaluation: [ 7200/19848]  eta: 0:14:42    time: 0.0691  data: 0.0000  max mem: 11815
      ITM Evaluation: [ 7300/19848]  eta: 0:14:35    time: 0.0677  data: 0.0000  max mem: 11815
      ITM Evaluation: [ 7400/19848]  eta: 0:14:27    time: 0.0671  data: 0.0000  max mem: 11815
      ITM Evaluation: [ 7500/19848]  eta: 0:14:20    time: 0.0705  data: 0.0000  max mem: 11815
      ITM Evaluation: [ 7600/19848]  eta: 0:14:14    time: 0.0703  data: 0.0000  max mem: 11815
      ITM Evaluation: [ 7700/19848]  eta: 0:14:07    time: 0.0746  data: 0.0000  max mem: 11815
      ITM Evaluation: [ 7800/19848]  eta: 0:14:01    time: 0.0750  data: 0.0000  max mem: 11815
      ITM Evaluation: [ 7900/19848]  eta: 0:13:53    time: 0.0697  data: 0.0000  max mem: 11815
      ITM Evaluation: [ 8000/19848]  eta: 0:13:46    time: 0.0710  data: 0.0000  max mem: 11815
      ITM Evaluation: [ 8100/19848]  eta: 0:13:39    time: 0.0732  data: 0.0000  max mem: 11815
      ITM Evaluation: [ 8200/19848]  eta: 0:13:33    time: 0.0710  data: 0.0000  max mem: 11815
      ITM Evaluation: [ 8300/19848]  eta: 0:13:26    time: 0.0718  data: 0.0000  max mem: 11815
      ITM Evaluation: [ 8400/19848]  eta: 0:13:19    time: 0.0740  data: 0.0000  max mem: 11815
      ITM Evaluation: [ 8500/19848]  eta: 0:13:12    time: 0.0691  data: 0.0000  max mem: 11815
      ITM Evaluation: [ 8600/19848]  eta: 0:13:05    time: 0.0670  data: 0.0000  max mem: 11815
      ITM Evaluation: [ 8700/19848]  eta: 0:12:59    time: 0.0709  data: 0.0000  max mem: 11815
      ITM Evaluation: [ 8800/19848]  eta: 0:12:52    time: 0.0692  data: 0.0000  max mem: 11815
      ITM Evaluation: [ 8900/19848]  eta: 0:12:45    time: 0.0691  data: 0.0000  max mem: 11815
      ITM Evaluation: [ 9000/19848]  eta: 0:12:37    time: 0.0721  data: 0.0000  max mem: 11815
      ITM Evaluation: [ 9100/19848]  eta: 0:12:30    time: 0.0709  data: 0.0000  max mem: 11815
      ITM Evaluation: [ 9200/19848]  eta: 0:12:23    time: 0.0704  data: 0.0000  max mem: 11815
      ITM Evaluation: [ 9300/19848]  eta: 0:12:16    time: 0.0700  data: 0.0000  max mem: 11815
      ITM Evaluation: [ 9400/19848]  eta: 0:12:09    time: 0.0708  data: 0.0000  max mem: 11815
      ITM Evaluation: [ 9500/19848]  eta: 0:12:02    time: 0.0685  data: 0.0000  max mem: 11815
      ITM Evaluation: [ 9600/19848]  eta: 0:11:55    time: 0.0713  data: 0.0000  max mem: 11815
      ITM Evaluation: [ 9700/19848]  eta: 0:11:49    time: 0.0787  data: 0.0000  max mem: 11815
      ITM Evaluation: [ 9800/19848]  eta: 0:11:42    time: 0.0713  data: 0.0000  max mem: 11815
      ITM Evaluation: [ 9900/19848]  eta: 0:11:35    time: 0.0689  data: 0.0000  max mem: 11815
      ITM Evaluation: [10000/19848]  eta: 0:11:28    time: 0.0701  data: 0.0000  max mem: 11815
      ITM Evaluation: [10100/19848]  eta: 0:11:21    time: 0.0697  data: 0.0000  max mem: 11815
      ITM Evaluation: [10200/19848]  eta: 0:11:14    time: 0.0726  data: 0.0000  max mem: 11815
      ITM Evaluation: [10300/19848]  eta: 0:11:08    time: 0.0656  data: 0.0000  max mem: 11815
      ITM Evaluation: [10400/19848]  eta: 0:11:01    time: 0.0682  data: 0.0000  max mem: 11815
      ITM Evaluation: [10500/19848]  eta: 0:10:54    time: 0.0708  data: 0.0000  max mem: 11815
      ITM Evaluation: [10600/19848]  eta: 0:10:47    time: 0.0675  data: 0.0000  max mem: 11815
      ITM Evaluation: [10700/19848]  eta: 0:10:40    time: 0.0708  data: 0.0000  max mem: 11815
      ITM Evaluation: [10800/19848]  eta: 0:10:33    time: 0.0692  data: 0.0000  max mem: 11815
      ITM Evaluation: [10900/19848]  eta: 0:10:26    time: 0.0747  data: 0.0000  max mem: 11815
      ITM Evaluation: [11000/19848]  eta: 0:10:19    time: 0.0754  data: 0.0000  max mem: 11815
      ITM Evaluation: [11100/19848]  eta: 0:10:13    time: 0.0700  data: 0.0000  max mem: 11815
      ITM Evaluation: [11200/19848]  eta: 0:10:05    time: 0.0685  data: 0.0000  max mem: 11815
      ITM Evaluation: [11300/19848]  eta: 0:09:58    time: 0.0705  data: 0.0000  max mem: 11815
      ITM Evaluation: [11400/19848]  eta: 0:09:51    time: 0.0708  data: 0.0000  max mem: 11815
      ITM Evaluation: [11500/19848]  eta: 0:09:45    time: 0.0790  data: 0.0000  max mem: 11815
      ITM Evaluation: [11600/19848]  eta: 0:09:38    time: 0.0761  data: 0.0000  max mem: 11815
      ITM Evaluation: [11700/19848]  eta: 0:09:31    time: 0.0718  data: 0.0000  max mem: 11815
      ITM Evaluation: [11800/19848]  eta: 0:09:24    time: 0.0720  data: 0.0000  max mem: 11815
      ITM Evaluation: [11900/19848]  eta: 0:09:17    time: 0.0707  data: 0.0000  max mem: 11815
      ITM Evaluation: [12000/19848]  eta: 0:09:10    time: 0.0713  data: 0.0000  max mem: 11815
      ITM Evaluation: [12100/19848]  eta: 0:09:03    time: 0.0703  data: 0.0000  max mem: 11815
      ITM Evaluation: [12200/19848]  eta: 0:08:57    time: 0.0726  data: 0.0000  max mem: 11815
      ITM Evaluation: [12300/19848]  eta: 0:08:50    time: 0.0704  data: 0.0000  max mem: 11815
      ITM Evaluation: [12400/19848]  eta: 0:08:43    time: 0.0685  data: 0.0000  max mem: 11815
      ITM Evaluation: [12500/19848]  eta: 0:08:36    time: 0.0713  data: 0.0000  max mem: 11815
      ITM Evaluation: [12600/19848]  eta: 0:08:29    time: 0.0777  data: 0.0000  max mem: 11815
      ITM Evaluation: [12700/19848]  eta: 0:08:22    time: 0.0717  data: 0.0000  max mem: 11815
      ITM Evaluation: [12800/19848]  eta: 0:08:15    time: 0.0765  data: 0.0000  max mem: 11815
      ITM Evaluation: [12900/19848]  eta: 0:08:08    time: 0.0678  data: 0.0000  max mem: 11815
      ITM Evaluation: [13000/19848]  eta: 0:08:01    time: 0.0687  data: 0.0000  max mem: 11815
      ITM Evaluation: [13100/19848]  eta: 0:07:54    time: 0.0681  data: 0.0000  max mem: 11815
      ITM Evaluation: [13200/19848]  eta: 0:07:47    time: 0.0711  data: 0.0000  max mem: 11815
      ITM Evaluation: [13300/19848]  eta: 0:07:40    time: 0.0701  data: 0.0000  max mem: 11815
      ITM Evaluation: [13400/19848]  eta: 0:07:33    time: 0.0731  data: 0.0000  max mem: 11815
      ITM Evaluation: [13500/19848]  eta: 0:07:26    time: 0.0722  data: 0.0000  max mem: 11815
      ITM Evaluation: [13600/19848]  eta: 0:07:19    time: 0.0703  data: 0.0000  max mem: 11815
      ITM Evaluation: [13700/19848]  eta: 0:07:12    time: 0.0749  data: 0.0000  max mem: 11815
      ITM Evaluation: [13800/19848]  eta: 0:07:05    time: 0.0694  data: 0.0000  max mem: 11815
      ITM Evaluation: [13900/19848]  eta: 0:06:58    time: 0.0699  data: 0.0000  max mem: 11815
      ITM Evaluation: [14000/19848]  eta: 0:06:51    time: 0.0686  data: 0.0000  max mem: 11815
      ITM Evaluation: [14100/19848]  eta: 0:06:44    time: 0.0725  data: 0.0000  max mem: 11815
      ITM Evaluation: [14200/19848]  eta: 0:06:37    time: 0.0728  data: 0.0000  max mem: 11815
      ITM Evaluation: [14300/19848]  eta: 0:06:30    time: 0.0706  data: 0.0000  max mem: 11815
      ITM Evaluation: [14400/19848]  eta: 0:06:23    time: 0.0715  data: 0.0000  max mem: 11815
      ITM Evaluation: [14500/19848]  eta: 0:06:16    time: 0.0684  data: 0.0000  max mem: 11815
      ITM Evaluation: [14600/19848]  eta: 0:06:09    time: 0.0692  data: 0.0000  max mem: 11815
      ITM Evaluation: [14700/19848]  eta: 0:06:02    time: 0.0729  data: 0.0000  max mem: 11815
      ITM Evaluation: [14800/19848]  eta: 0:05:55    time: 0.0716  data: 0.0000  max mem: 11815
      ITM Evaluation: [14900/19848]  eta: 0:05:48    time: 0.0701  data: 0.0000  max mem: 11815
      ITM Evaluation: [15000/19848]  eta: 0:05:41    time: 0.0677  data: 0.0000  max mem: 11815
      ITM Evaluation: [15100/19848]  eta: 0:05:34    time: 0.0707  data: 0.0000  max mem: 11815
      ITM Evaluation: [15200/19848]  eta: 0:05:27    time: 0.0694  data: 0.0000  max mem: 11815
      ITM Evaluation: [15300/19848]  eta: 0:05:20    time: 0.0742  data: 0.0000  max mem: 11815
      ITM Evaluation: [15400/19848]  eta: 0:05:13    time: 0.0761  data: 0.0000  max mem: 11815
      ITM Evaluation: [15500/19848]  eta: 0:05:06    time: 0.0673  data: 0.0000  max mem: 11815
      ITM Evaluation: [15600/19848]  eta: 0:04:59    time: 0.0689  data: 0.0000  max mem: 11815
      ITM Evaluation: [15700/19848]  eta: 0:04:51    time: 0.0685  data: 0.0000  max mem: 11815
      ITM Evaluation: [15800/19848]  eta: 0:04:44    time: 0.0703  data: 0.0000  max mem: 11815
      ITM Evaluation: [15900/19848]  eta: 0:04:37    time: 0.0747  data: 0.0000  max mem: 11815
      ITM Evaluation: [16000/19848]  eta: 0:04:30    time: 0.0754  data: 0.0000  max mem: 11815
      ITM Evaluation: [16100/19848]  eta: 0:04:23    time: 0.0669  data: 0.0000  max mem: 11815
      ITM Evaluation: [16200/19848]  eta: 0:04:16    time: 0.0688  data: 0.0000  max mem: 11815
      ITM Evaluation: [16300/19848]  eta: 0:04:09    time: 0.0669  data: 0.0000  max mem: 11815
      ITM Evaluation: [16400/19848]  eta: 0:04:02    time: 0.0698  data: 0.0000  max mem: 11815
      ITM Evaluation: [16500/19848]  eta: 0:03:55    time: 0.0642  data: 0.0000  max mem: 11815
      ITM Evaluation: [16600/19848]  eta: 0:03:48    time: 0.0746  data: 0.0000  max mem: 11815
      ITM Evaluation: [16700/19848]  eta: 0:03:41    time: 0.0713  data: 0.0000  max mem: 11815
      ITM Evaluation: [16800/19848]  eta: 0:03:34    time: 0.0641  data: 0.0000  max mem: 11815
      ITM Evaluation: [16900/19848]  eta: 0:03:27    time: 0.0686  data: 0.0000  max mem: 11815
      ITM Evaluation: [17000/19848]  eta: 0:03:20    time: 0.0710  data: 0.0000  max mem: 11815
      ITM Evaluation: [17100/19848]  eta: 0:03:13    time: 0.0694  data: 0.0000  max mem: 11815
      ITM Evaluation: [17200/19848]  eta: 0:03:06    time: 0.0717  data: 0.0000  max mem: 11815
      ITM Evaluation: [17300/19848]  eta: 0:02:59    time: 0.0709  data: 0.0000  max mem: 11815
      ITM Evaluation: [17400/19848]  eta: 0:02:52    time: 0.0719  data: 0.0000  max mem: 11815
      ITM Evaluation: [17500/19848]  eta: 0:02:45    time: 0.0687  data: 0.0000  max mem: 11815
      ITM Evaluation: [17600/19848]  eta: 0:02:38    time: 0.0719  data: 0.0000  max mem: 11815
      ITM Evaluation: [17700/19848]  eta: 0:02:31    time: 0.0680  data: 0.0000  max mem: 11815
      ITM Evaluation: [17800/19848]  eta: 0:02:24    time: 0.0660  data: 0.0000  max mem: 11815
      ITM Evaluation: [17900/19848]  eta: 0:02:16    time: 0.0709  data: 0.0000  max mem: 11815
      ITM Evaluation: [18000/19848]  eta: 0:02:09    time: 0.0707  data: 0.0000  max mem: 11815
      ITM Evaluation: [18100/19848]  eta: 0:02:02    time: 0.0685  data: 0.0000  max mem: 11815
      ITM Evaluation: [18200/19848]  eta: 0:01:55    time: 0.0676  data: 0.0000  max mem: 11815
      ITM Evaluation: [18300/19848]  eta: 0:01:48    time: 0.0653  data: 0.0000  max mem: 11815
      ITM Evaluation: [18400/19848]  eta: 0:01:41    time: 0.0665  data: 0.0000  max mem: 11815
      ITM Evaluation: [18500/19848]  eta: 0:01:34    time: 0.0663  data: 0.0000  max mem: 11815
      ITM Evaluation: [18600/19848]  eta: 0:01:27    time: 0.0757  data: 0.0000  max mem: 11815
      ITM Evaluation: [18700/19848]  eta: 0:01:20    time: 0.0723  data: 0.0000  max mem: 11815
      ITM Evaluation: [18800/19848]  eta: 0:01:13    time: 0.0674  data: 0.0000  max mem: 11815
      ITM Evaluation: [18900/19848]  eta: 0:01:06    time: 0.0676  data: 0.0000  max mem: 11815
      ITM Evaluation: [19000/19848]  eta: 0:00:59    time: 0.0679  data: 0.0000  max mem: 11815
      ITM Evaluation: [19100/19848]  eta: 0:00:52    time: 0.0683  data: 0.0000  max mem: 11815
      ITM Evaluation: [19200/19848]  eta: 0:00:45    time: 0.0694  data: 0.0000  max mem: 11815
      ITM Evaluation: [19300/19848]  eta: 0:00:38    time: 0.0716  data: 0.0000  max mem: 11815
      ITM Evaluation: [19400/19848]  eta: 0:00:31    time: 0.0673  data: 0.0000  max mem: 11815
      ITM Evaluation: [19500/19848]  eta: 0:00:24    time: 0.0663  data: 0.0000  max mem: 11815
      ITM Evaluation: [19600/19848]  eta: 0:00:17    time: 0.0684  data: 0.0000  max mem: 11815
      ITM Evaluation: [19700/19848]  eta: 0:00:10    time: 0.0672  data: 0.0000  max mem: 11815
      ITM Evaluation: [19800/19848]  eta: 0:00:03    time: 0.0689  data: 0.0000  max mem: 11815
      ITM Evaluation: [19847/19848]  eta: 0:00:00    time: 0.0698  data: 0.0000  max mem: 11815
      ITM Evaluation: Total time: 0:23:13 (0.0702 s / it)
     total_time 1395.5844359397888
     Computing matching score time 0:23:15
### TTA ITM Score: 
+-------+--------+--------+--------+--------+--------+
| epoch |   R1   |   R5   |  R10   |  mAP   |  mINP  |
+-------+--------+--------+--------+--------+--------+
|  -999 | 63.014 | 79.484 | 85.041 | 40.411 | 10.184 |
|  -999 | 68.183 | 82.885 | 87.500 | 40.507 | 9.104  |
|   0   | 61.452 | 80.477 | 86.165 | 37.879 | 9.331  |
|   1   | 60.782 | 80.391 | 86.120 | 37.613 | 9.317  |
|   2   | 60.273 | 80.200 | 85.999 | 37.379 | 9.295  |
|   3   | 60.369 | 80.225 | 86.059 | 37.362 | 9.290  |
|   4   | 60.248 | 80.169 | 86.034 | 37.309 | 9.270  |
|   5   | 59.744 | 79.993 | 85.913 | 37.043 | 9.241  |
|   6   | 59.527 | 79.953 | 85.908 | 36.963 | 9.223  |
|   7   | 59.296 | 79.862 | 85.852 | 36.808 | 9.188  |
|   8   | 59.139 | 79.867 | 85.873 | 36.822 | 9.164  |
|   9   | 59.714 | 80.013 | 85.928 | 36.973 | 9.181  |
|   10  | 59.114 | 79.791 | 85.822 | 36.720 | 9.136  |
|   11  | 59.044 | 79.796 | 85.898 | 36.696 | 9.107  |
|   12  | 58.767 | 79.731 | 85.812 | 36.579 | 9.086  |
|   13  | 58.646 | 79.711 | 85.792 | 36.518 | 9.053  |
|   14  | 59.069 | 79.776 | 85.948 | 36.654 | 9.057  |
|   15  | 58.600 | 79.660 | 85.812 | 36.468 | 9.014  |
|   16  | 58.641 | 79.660 | 85.822 | 36.460 | 9.026  |
+-------+--------+--------+--------+--------+--------+
     logs:  {'epo': 16, 'R1': 58.641, 'R5': 79.66, 'R10': 85.822, 'mAP': 36.46, 'mINP': 9.026, 'lr': 9e-06, 'entropy': 0.255861, 'loss': 0.255861}
      TTA Epoch: [17] [  0/620]  eta: 0:16:51  lr: 0.000009  entropy: 0.2694  loss: 0.2694  time: 1.6316  data: 1.4897  max mem: 11815
      TTA Epoch: [17] [100/620]  eta: 0:00:48  lr: 0.000009  entropy: 0.2675  loss: 0.2675  time: 0.0772  data: 0.0001  max mem: 11815
      TTA Epoch: [17] [200/620]  eta: 0:00:36  lr: 0.000009  entropy: 0.2663  loss: 0.2663  time: 0.0786  data: 0.0004  max mem: 11815
      TTA Epoch: [17] [300/620]  eta: 0:00:27  lr: 0.000008  entropy: 0.2914  loss: 0.2914  time: 0.0845  data: 0.0004  max mem: 11815
      TTA Epoch: [17] [400/620]  eta: 0:00:18  lr: 0.000008  entropy: 0.3158  loss: 0.3158  time: 0.0803  data: 0.0002  max mem: 11815
      TTA Epoch: [17] [500/620]  eta: 0:00:10  lr: 0.000008  entropy: 0.1401  loss: 0.1401  time: 0.0770  data: 0.0001  max mem: 11815
      TTA Epoch: [17] [600/620]  eta: 0:00:01  lr: 0.000008  entropy: 0.2120  loss: 0.2120  time: 0.0762  data: 0.0002  max mem: 11815
      TTA Epoch: [17] [619/620]  eta: 0:00:00  lr: 0.000008  entropy: 0.2350  loss: 0.2350  time: 0.0734  data: 0.0001  max mem: 11815
      TTA Epoch: [17] Total time: 0:00:50 (0.0817 s / it)
     Averaged stats: lr: 0.0000  entropy: 0.2521  loss: 0.2521
     itm tta time 0:00:51
     Computing matching score
      ITM Evaluation: [    0/19848]  eta: 0:27:22    time: 0.0828  data: 0.0150  max mem: 11815
      ITM Evaluation: [  100/19848]  eta: 0:21:32    time: 0.0652  data: 0.0000  max mem: 11815
      ITM Evaluation: [  200/19848]  eta: 0:21:52    time: 0.0712  data: 0.0000  max mem: 11815
      ITM Evaluation: [  300/19848]  eta: 0:22:17    time: 0.0705  data: 0.0000  max mem: 11815
      ITM Evaluation: [  400/19848]  eta: 0:22:42    time: 0.0761  data: 0.0000  max mem: 11815
      ITM Evaluation: [  500/19848]  eta: 0:22:28    time: 0.0668  data: 0.0000  max mem: 11815
      ITM Evaluation: [  600/19848]  eta: 0:22:11    time: 0.0681  data: 0.0000  max mem: 11815
      ITM Evaluation: [  700/19848]  eta: 0:22:08    time: 0.0754  data: 0.0000  max mem: 11815
      ITM Evaluation: [  800/19848]  eta: 0:22:03    time: 0.0721  data: 0.0000  max mem: 11815
      ITM Evaluation: [  900/19848]  eta: 0:22:01    time: 0.0737  data: 0.0000  max mem: 11815
      ITM Evaluation: [ 1000/19848]  eta: 0:21:58    time: 0.0739  data: 0.0000  max mem: 11815
      ITM Evaluation: [ 1100/19848]  eta: 0:21:57    time: 0.0743  data: 0.0000  max mem: 11815
      ITM Evaluation: [ 1200/19848]  eta: 0:21:50    time: 0.0744  data: 0.0000  max mem: 11815
      ITM Evaluation: [ 1300/19848]  eta: 0:21:43    time: 0.0670  data: 0.0000  max mem: 11815
      ITM Evaluation: [ 1400/19848]  eta: 0:21:32    time: 0.0689  data: 0.0000  max mem: 11815
      ITM Evaluation: [ 1500/19848]  eta: 0:21:22    time: 0.0700  data: 0.0000  max mem: 11815
      ITM Evaluation: [ 1600/19848]  eta: 0:21:14    time: 0.0689  data: 0.0000  max mem: 11815
      ITM Evaluation: [ 1700/19848]  eta: 0:21:09    time: 0.0724  data: 0.0000  max mem: 11815
      ITM Evaluation: [ 1800/19848]  eta: 0:21:06    time: 0.0732  data: 0.0000  max mem: 11815
      ITM Evaluation: [ 1900/19848]  eta: 0:20:57    time: 0.0667  data: 0.0000  max mem: 11815
      ITM Evaluation: [ 2000/19848]  eta: 0:20:49    time: 0.0682  data: 0.0000  max mem: 11815
      ITM Evaluation: [ 2100/19848]  eta: 0:20:39    time: 0.0687  data: 0.0000  max mem: 11815
      ITM Evaluation: [ 2200/19848]  eta: 0:20:31    time: 0.0683  data: 0.0000  max mem: 11815
      ITM Evaluation: [ 2300/19848]  eta: 0:20:24    time: 0.0750  data: 0.0000  max mem: 11815
      ITM Evaluation: [ 2400/19848]  eta: 0:20:19    time: 0.0741  data: 0.0000  max mem: 11815
      ITM Evaluation: [ 2500/19848]  eta: 0:20:13    time: 0.0701  data: 0.0000  max mem: 11815
      ITM Evaluation: [ 2600/19848]  eta: 0:20:05    time: 0.0655  data: 0.0000  max mem: 11815
      ITM Evaluation: [ 2700/19848]  eta: 0:19:57    time: 0.0680  data: 0.0000  max mem: 11815
      ITM Evaluation: [ 2800/19848]  eta: 0:19:49    time: 0.0683  data: 0.0000  max mem: 11815
      ITM Evaluation: [ 2900/19848]  eta: 0:19:42    time: 0.0722  data: 0.0000  max mem: 11815
      ITM Evaluation: [ 3000/19848]  eta: 0:19:35    time: 0.0695  data: 0.0000  max mem: 11815
      ITM Evaluation: [ 3100/19848]  eta: 0:19:25    time: 0.0648  data: 0.0000  max mem: 11815
      ITM Evaluation: [ 3200/19848]  eta: 0:19:16    time: 0.0716  data: 0.0000  max mem: 11815
      ITM Evaluation: [ 3300/19848]  eta: 0:19:09    time: 0.0671  data: 0.0000  max mem: 11815
      ITM Evaluation: [ 3400/19848]  eta: 0:18:58    time: 0.0615  data: 0.0000  max mem: 11815
      ITM Evaluation: [ 3500/19848]  eta: 0:18:47    time: 0.0674  data: 0.0000  max mem: 11815
      ITM Evaluation: [ 3600/19848]  eta: 0:18:38    time: 0.0596  data: 0.0000  max mem: 11815
      ITM Evaluation: [ 3700/19848]  eta: 0:18:28    time: 0.0689  data: 0.0000  max mem: 11815
      ITM Evaluation: [ 3800/19848]  eta: 0:18:23    time: 0.0668  data: 0.0000  max mem: 11815
      ITM Evaluation: [ 3900/19848]  eta: 0:18:15    time: 0.0679  data: 0.0000  max mem: 11815
      ITM Evaluation: [ 4000/19848]  eta: 0:18:08    time: 0.0663  data: 0.0000  max mem: 11815
      ITM Evaluation: [ 4100/19848]  eta: 0:18:01    time: 0.0721  data: 0.0000  max mem: 11815
      ITM Evaluation: [ 4200/19848]  eta: 0:17:54    time: 0.0693  data: 0.0000  max mem: 11815
      ITM Evaluation: [ 4300/19848]  eta: 0:17:47    time: 0.0695  data: 0.0000  max mem: 11815
      ITM Evaluation: [ 4400/19848]  eta: 0:17:41    time: 0.0698  data: 0.0000  max mem: 11815
      ITM Evaluation: [ 4500/19848]  eta: 0:17:34    time: 0.0672  data: 0.0000  max mem: 11815
      ITM Evaluation: [ 4600/19848]  eta: 0:17:27    time: 0.0663  data: 0.0000  max mem: 11815
      ITM Evaluation: [ 4700/19848]  eta: 0:17:21    time: 0.0733  data: 0.0000  max mem: 11815
      ITM Evaluation: [ 4800/19848]  eta: 0:17:14    time: 0.0690  data: 0.0000  max mem: 11815
      ITM Evaluation: [ 4900/19848]  eta: 0:17:07    time: 0.0673  data: 0.0000  max mem: 11815
      ITM Evaluation: [ 5000/19848]  eta: 0:17:01    time: 0.0715  data: 0.0000  max mem: 11815
      ITM Evaluation: [ 5100/19848]  eta: 0:16:54    time: 0.0647  data: 0.0000  max mem: 11815
      ITM Evaluation: [ 5200/19848]  eta: 0:16:47    time: 0.0692  data: 0.0000  max mem: 11815
      ITM Evaluation: [ 5300/19848]  eta: 0:16:40    time: 0.0684  data: 0.0000  max mem: 11815
      ITM Evaluation: [ 5400/19848]  eta: 0:16:33    time: 0.0683  data: 0.0000  max mem: 11815
      ITM Evaluation: [ 5500/19848]  eta: 0:16:25    time: 0.0678  data: 0.0000  max mem: 11815
      ITM Evaluation: [ 5600/19848]  eta: 0:16:19    time: 0.0750  data: 0.0000  max mem: 11815
      ITM Evaluation: [ 5700/19848]  eta: 0:16:13    time: 0.0708  data: 0.0000  max mem: 11815
      ITM Evaluation: [ 5800/19848]  eta: 0:16:07    time: 0.0710  data: 0.0000  max mem: 11815
      ITM Evaluation: [ 5900/19848]  eta: 0:15:59    time: 0.0661  data: 0.0000  max mem: 11815
      ITM Evaluation: [ 6000/19848]  eta: 0:15:52    time: 0.0677  data: 0.0000  max mem: 11815
      ITM Evaluation: [ 6100/19848]  eta: 0:15:46    time: 0.0692  data: 0.0000  max mem: 11815
      ITM Evaluation: [ 6200/19848]  eta: 0:15:39    time: 0.0723  data: 0.0000  max mem: 11815
      ITM Evaluation: [ 6300/19848]  eta: 0:15:33    time: 0.0729  data: 0.0000  max mem: 11815
      ITM Evaluation: [ 6400/19848]  eta: 0:15:27    time: 0.0688  data: 0.0000  max mem: 11815
      ITM Evaluation: [ 6500/19848]  eta: 0:15:20    time: 0.0687  data: 0.0000  max mem: 11815
      ITM Evaluation: [ 6600/19848]  eta: 0:15:13    time: 0.0714  data: 0.0000  max mem: 11815
      ITM Evaluation: [ 6700/19848]  eta: 0:15:06    time: 0.0684  data: 0.0000  max mem: 11815
      ITM Evaluation: [ 6800/19848]  eta: 0:15:00    time: 0.0703  data: 0.0000  max mem: 11815
      ITM Evaluation: [ 6900/19848]  eta: 0:14:54    time: 0.0748  data: 0.0000  max mem: 11815
      ITM Evaluation: [ 7000/19848]  eta: 0:14:47    time: 0.0689  data: 0.0000  max mem: 11815
      ITM Evaluation: [ 7100/19848]  eta: 0:14:40    time: 0.0706  data: 0.0000  max mem: 11815
      ITM Evaluation: [ 7200/19848]  eta: 0:14:33    time: 0.0705  data: 0.0000  max mem: 11815
      ITM Evaluation: [ 7300/19848]  eta: 0:14:26    time: 0.0690  data: 0.0000  max mem: 11815
      ITM Evaluation: [ 7400/19848]  eta: 0:14:20    time: 0.0695  data: 0.0000  max mem: 11815
      ITM Evaluation: [ 7500/19848]  eta: 0:14:13    time: 0.0765  data: 0.0000  max mem: 11815
      ITM Evaluation: [ 7600/19848]  eta: 0:14:07    time: 0.0665  data: 0.0000  max mem: 11815
      ITM Evaluation: [ 7700/19848]  eta: 0:14:00    time: 0.0693  data: 0.0000  max mem: 11815
      ITM Evaluation: [ 7800/19848]  eta: 0:13:53    time: 0.0689  data: 0.0000  max mem: 11815
      ITM Evaluation: [ 7900/19848]  eta: 0:13:46    time: 0.0686  data: 0.0000  max mem: 11815
      ITM Evaluation: [ 8000/19848]  eta: 0:13:39    time: 0.0768  data: 0.0000  max mem: 11815
      ITM Evaluation: [ 8100/19848]  eta: 0:13:33    time: 0.0794  data: 0.0000  max mem: 11815
      ITM Evaluation: [ 8200/19848]  eta: 0:13:27    time: 0.0726  data: 0.0000  max mem: 11815
      ITM Evaluation: [ 8300/19848]  eta: 0:13:20    time: 0.0689  data: 0.0000  max mem: 11815
      ITM Evaluation: [ 8400/19848]  eta: 0:13:13    time: 0.0691  data: 0.0000  max mem: 11815
      ITM Evaluation: [ 8500/19848]  eta: 0:13:06    time: 0.0701  data: 0.0000  max mem: 11815
      ITM Evaluation: [ 8600/19848]  eta: 0:12:59    time: 0.0693  data: 0.0000  max mem: 11815
      ITM Evaluation: [ 8700/19848]  eta: 0:12:52    time: 0.0717  data: 0.0000  max mem: 11815
      ITM Evaluation: [ 8800/19848]  eta: 0:12:45    time: 0.0689  data: 0.0000  max mem: 11815
      ITM Evaluation: [ 8900/19848]  eta: 0:12:38    time: 0.0686  data: 0.0000  max mem: 11815
      ITM Evaluation: [ 9000/19848]  eta: 0:12:31    time: 0.0697  data: 0.0000  max mem: 11815
      ITM Evaluation: [ 9100/19848]  eta: 0:12:24    time: 0.0681  data: 0.0000  max mem: 11815
      ITM Evaluation: [ 9200/19848]  eta: 0:12:17    time: 0.0703  data: 0.0000  max mem: 11815
      ITM Evaluation: [ 9300/19848]  eta: 0:12:10    time: 0.0689  data: 0.0000  max mem: 11815
      ITM Evaluation: [ 9400/19848]  eta: 0:12:03    time: 0.0770  data: 0.0000  max mem: 11815
      ITM Evaluation: [ 9500/19848]  eta: 0:11:57    time: 0.0712  data: 0.0000  max mem: 11815
      ITM Evaluation: [ 9600/19848]  eta: 0:11:50    time: 0.0668  data: 0.0000  max mem: 11815
      ITM Evaluation: [ 9700/19848]  eta: 0:11:43    time: 0.0687  data: 0.0000  max mem: 11815
      ITM Evaluation: [ 9800/19848]  eta: 0:11:36    time: 0.0708  data: 0.0000  max mem: 11815
      ITM Evaluation: [ 9900/19848]  eta: 0:11:29    time: 0.0686  data: 0.0000  max mem: 11815
      ITM Evaluation: [10000/19848]  eta: 0:11:23    time: 0.0712  data: 0.0000  max mem: 11815
      ITM Evaluation: [10100/19848]  eta: 0:11:16    time: 0.0745  data: 0.0000  max mem: 11815
      ITM Evaluation: [10200/19848]  eta: 0:11:09    time: 0.0705  data: 0.0000  max mem: 11815
      ITM Evaluation: [10300/19848]  eta: 0:11:02    time: 0.0667  data: 0.0000  max mem: 11815
      ITM Evaluation: [10400/19848]  eta: 0:10:55    time: 0.0743  data: 0.0000  max mem: 11815
      ITM Evaluation: [10500/19848]  eta: 0:10:48    time: 0.0709  data: 0.0000  max mem: 11815
      ITM Evaluation: [10600/19848]  eta: 0:10:41    time: 0.0690  data: 0.0000  max mem: 11815
      ITM Evaluation: [10700/19848]  eta: 0:10:35    time: 0.0741  data: 0.0000  max mem: 11815
      ITM Evaluation: [10800/19848]  eta: 0:10:28    time: 0.0698  data: 0.0000  max mem: 11815
      ITM Evaluation: [10900/19848]  eta: 0:10:21    time: 0.0674  data: 0.0000  max mem: 11815
      ITM Evaluation: [11000/19848]  eta: 0:10:15    time: 0.0714  data: 0.0000  max mem: 11815
      ITM Evaluation: [11100/19848]  eta: 0:10:08    time: 0.0704  data: 0.0000  max mem: 11815
      ITM Evaluation: [11200/19848]  eta: 0:10:01    time: 0.0717  data: 0.0000  max mem: 11815
      ITM Evaluation: [11300/19848]  eta: 0:09:54    time: 0.0706  data: 0.0000  max mem: 11815
      ITM Evaluation: [11400/19848]  eta: 0:09:47    time: 0.0729  data: 0.0000  max mem: 11815
      ITM Evaluation: [11500/19848]  eta: 0:09:40    time: 0.0678  data: 0.0000  max mem: 11815
      ITM Evaluation: [11600/19848]  eta: 0:09:33    time: 0.0731  data: 0.0000  max mem: 11815
      ITM Evaluation: [11700/19848]  eta: 0:09:26    time: 0.0710  data: 0.0000  max mem: 11815
      ITM Evaluation: [11800/19848]  eta: 0:09:19    time: 0.0688  data: 0.0000  max mem: 11815
      ITM Evaluation: [11900/19848]  eta: 0:09:13    time: 0.0743  data: 0.0000  max mem: 11815
      ITM Evaluation: [12000/19848]  eta: 0:09:06    time: 0.0730  data: 0.0000  max mem: 11815
      ITM Evaluation: [12100/19848]  eta: 0:08:59    time: 0.0714  data: 0.0000  max mem: 11815
      ITM Evaluation: [12200/19848]  eta: 0:08:52    time: 0.0693  data: 0.0000  max mem: 11815
      ITM Evaluation: [12300/19848]  eta: 0:08:45    time: 0.0710  data: 0.0000  max mem: 11815
      ITM Evaluation: [12400/19848]  eta: 0:08:38    time: 0.0683  data: 0.0000  max mem: 11815
      ITM Evaluation: [12500/19848]  eta: 0:08:31    time: 0.0675  data: 0.0000  max mem: 11815
      ITM Evaluation: [12600/19848]  eta: 0:08:25    time: 0.0743  data: 0.0000  max mem: 11815
      ITM Evaluation: [12700/19848]  eta: 0:08:18    time: 0.0746  data: 0.0000  max mem: 11815
      ITM Evaluation: [12800/19848]  eta: 0:08:11    time: 0.0695  data: 0.0000  max mem: 11815
      ITM Evaluation: [12900/19848]  eta: 0:08:04    time: 0.0703  data: 0.0000  max mem: 11815
      ITM Evaluation: [13000/19848]  eta: 0:07:57    time: 0.0700  data: 0.0000  max mem: 11815
      ITM Evaluation: [13100/19848]  eta: 0:07:50    time: 0.0708  data: 0.0000  max mem: 11815
      ITM Evaluation: [13200/19848]  eta: 0:07:43    time: 0.0758  data: 0.0000  max mem: 11815
      ITM Evaluation: [13300/19848]  eta: 0:07:36    time: 0.0732  data: 0.0000  max mem: 11815
      ITM Evaluation: [13400/19848]  eta: 0:07:30    time: 0.0712  data: 0.0000  max mem: 11815
      ITM Evaluation: [13500/19848]  eta: 0:07:23    time: 0.0719  data: 0.0000  max mem: 11815
      ITM Evaluation: [13600/19848]  eta: 0:07:16    time: 0.0692  data: 0.0000  max mem: 11815
      ITM Evaluation: [13700/19848]  eta: 0:07:09    time: 0.0684  data: 0.0000  max mem: 11815
      ITM Evaluation: [13800/19848]  eta: 0:07:02    time: 0.0727  data: 0.0000  max mem: 11815
      ITM Evaluation: [13900/19848]  eta: 0:06:55    time: 0.0766  data: 0.0000  max mem: 11815
      ITM Evaluation: [14000/19848]  eta: 0:06:48    time: 0.0689  data: 0.0000  max mem: 11815
      ITM Evaluation: [14100/19848]  eta: 0:06:41    time: 0.0698  data: 0.0000  max mem: 11815
      ITM Evaluation: [14200/19848]  eta: 0:06:34    time: 0.0722  data: 0.0000  max mem: 11815
      ITM Evaluation: [14300/19848]  eta: 0:06:27    time: 0.0789  data: 0.0000  max mem: 11815
      ITM Evaluation: [14400/19848]  eta: 0:06:20    time: 0.0720  data: 0.0000  max mem: 11815
      ITM Evaluation: [14500/19848]  eta: 0:06:14    time: 0.0742  data: 0.0000  max mem: 11815
      ITM Evaluation: [14600/19848]  eta: 0:06:07    time: 0.0785  data: 0.0000  max mem: 11815
      ITM Evaluation: [14700/19848]  eta: 0:06:00    time: 0.0715  data: 0.0000  max mem: 11815
      ITM Evaluation: [14800/19848]  eta: 0:05:53    time: 0.0682  data: 0.0000  max mem: 11815
      ITM Evaluation: [14900/19848]  eta: 0:05:46    time: 0.0662  data: 0.0000  max mem: 11815
      ITM Evaluation: [15000/19848]  eta: 0:05:39    time: 0.0688  data: 0.0000  max mem: 11815
      ITM Evaluation: [15100/19848]  eta: 0:05:32    time: 0.0699  data: 0.0000  max mem: 11815
      ITM Evaluation: [15200/19848]  eta: 0:05:25    time: 0.0742  data: 0.0000  max mem: 11815
      ITM Evaluation: [15300/19848]  eta: 0:05:18    time: 0.0712  data: 0.0000  max mem: 11815
      ITM Evaluation: [15400/19848]  eta: 0:05:11    time: 0.0774  data: 0.0000  max mem: 11815
      ITM Evaluation: [15500/19848]  eta: 0:05:04    time: 0.0664  data: 0.0000  max mem: 11815
      ITM Evaluation: [15600/19848]  eta: 0:04:57    time: 0.0694  data: 0.0000  max mem: 11815
      ITM Evaluation: [15700/19848]  eta: 0:04:50    time: 0.0692  data: 0.0000  max mem: 11815
      ITM Evaluation: [15800/19848]  eta: 0:04:43    time: 0.0747  data: 0.0000  max mem: 11815
      ITM Evaluation: [15900/19848]  eta: 0:04:36    time: 0.0683  data: 0.0000  max mem: 11815
      ITM Evaluation: [16000/19848]  eta: 0:04:29    time: 0.0729  data: 0.0000  max mem: 11815
      ITM Evaluation: [16100/19848]  eta: 0:04:22    time: 0.0697  data: 0.0000  max mem: 11815
      ITM Evaluation: [16200/19848]  eta: 0:04:15    time: 0.0688  data: 0.0000  max mem: 11815
      ITM Evaluation: [16300/19848]  eta: 0:04:08    time: 0.0692  data: 0.0000  max mem: 11815
      ITM Evaluation: [16400/19848]  eta: 0:04:01    time: 0.0670  data: 0.0000  max mem: 11815
      ITM Evaluation: [16500/19848]  eta: 0:03:54    time: 0.0744  data: 0.0000  max mem: 11815
      ITM Evaluation: [16600/19848]  eta: 0:03:47    time: 0.0685  data: 0.0000  max mem: 11815
      ITM Evaluation: [16700/19848]  eta: 0:03:40    time: 0.0684  data: 0.0000  max mem: 11815
      ITM Evaluation: [16800/19848]  eta: 0:03:33    time: 0.0677  data: 0.0000  max mem: 11815
      ITM Evaluation: [16900/19848]  eta: 0:03:26    time: 0.0690  data: 0.0000  max mem: 11815
      ITM Evaluation: [17000/19848]  eta: 0:03:19    time: 0.0694  data: 0.0000  max mem: 11815
      ITM Evaluation: [17100/19848]  eta: 0:03:12    time: 0.0761  data: 0.0000  max mem: 11815
      ITM Evaluation: [17200/19848]  eta: 0:03:05    time: 0.0770  data: 0.0000  max mem: 11815
      ITM Evaluation: [17300/19848]  eta: 0:02:58    time: 0.0650  data: 0.0000  max mem: 11815
      ITM Evaluation: [17400/19848]  eta: 0:02:51    time: 0.0707  data: 0.0000  max mem: 11815
      ITM Evaluation: [17500/19848]  eta: 0:02:44    time: 0.0657  data: 0.0000  max mem: 11815
      ITM Evaluation: [17600/19848]  eta: 0:02:37    time: 0.0720  data: 0.0000  max mem: 11815
      ITM Evaluation: [17700/19848]  eta: 0:02:30    time: 0.0724  data: 0.0000  max mem: 11815
      ITM Evaluation: [17800/19848]  eta: 0:02:23    time: 0.0761  data: 0.0000  max mem: 11815
      ITM Evaluation: [17900/19848]  eta: 0:02:16    time: 0.0697  data: 0.0000  max mem: 11815
      ITM Evaluation: [18000/19848]  eta: 0:02:09    time: 0.0699  data: 0.0000  max mem: 11815
      ITM Evaluation: [18100/19848]  eta: 0:02:02    time: 0.0709  data: 0.0000  max mem: 11815
      ITM Evaluation: [18200/19848]  eta: 0:01:55    time: 0.0722  data: 0.0000  max mem: 11815
      ITM Evaluation: [18300/19848]  eta: 0:01:48    time: 0.0726  data: 0.0000  max mem: 11815
      ITM Evaluation: [18400/19848]  eta: 0:01:41    time: 0.0746  data: 0.0000  max mem: 11815
      ITM Evaluation: [18500/19848]  eta: 0:01:34    time: 0.0750  data: 0.0000  max mem: 11815
      ITM Evaluation: [18600/19848]  eta: 0:01:27    time: 0.0678  data: 0.0000  max mem: 11815
      ITM Evaluation: [18700/19848]  eta: 0:01:20    time: 0.0725  data: 0.0000  max mem: 11815
      ITM Evaluation: [18800/19848]  eta: 0:01:13    time: 0.0711  data: 0.0000  max mem: 11815
      ITM Evaluation: [18900/19848]  eta: 0:01:06    time: 0.0711  data: 0.0000  max mem: 11815
      ITM Evaluation: [19000/19848]  eta: 0:00:59    time: 0.0756  data: 0.0000  max mem: 11815
      ITM Evaluation: [19100/19848]  eta: 0:00:52    time: 0.0736  data: 0.0000  max mem: 11815
      ITM Evaluation: [19200/19848]  eta: 0:00:45    time: 0.0701  data: 0.0000  max mem: 11815
      ITM Evaluation: [19300/19848]  eta: 0:00:38    time: 0.0711  data: 0.0000  max mem: 11815
      ITM Evaluation: [19400/19848]  eta: 0:00:31    time: 0.0726  data: 0.0000  max mem: 11815
      ITM Evaluation: [19500/19848]  eta: 0:00:24    time: 0.0642  data: 0.0000  max mem: 11815
      ITM Evaluation: [19600/19848]  eta: 0:00:17    time: 0.0690  data: 0.0000  max mem: 11815
      ITM Evaluation: [19700/19848]  eta: 0:00:10    time: 0.0742  data: 0.0000  max mem: 11815
      ITM Evaluation: [19800/19848]  eta: 0:00:03    time: 0.0703  data: 0.0000  max mem: 11815
      ITM Evaluation: [19847/19848]  eta: 0:00:00    time: 0.0696  data: 0.0000  max mem: 11815
      ITM Evaluation: Total time: 0:23:12 (0.0702 s / it)
     total_time 1394.2213788032532
     Computing matching score time 0:23:14
### TTA ITM Score: 
+-------+--------+--------+--------+--------+--------+
| epoch |   R1   |   R5   |  R10   |  mAP   |  mINP  |
+-------+--------+--------+--------+--------+--------+
|  -999 | 63.014 | 79.484 | 85.041 | 40.411 | 10.184 |
|  -999 | 68.183 | 82.885 | 87.500 | 40.507 | 9.104  |
|   0   | 61.452 | 80.477 | 86.165 | 37.879 | 9.331  |
|   1   | 60.782 | 80.391 | 86.120 | 37.613 | 9.317  |
|   2   | 60.273 | 80.200 | 85.999 | 37.379 | 9.295  |
|   3   | 60.369 | 80.225 | 86.059 | 37.362 | 9.290  |
|   4   | 60.248 | 80.169 | 86.034 | 37.309 | 9.270  |
|   5   | 59.744 | 79.993 | 85.913 | 37.043 | 9.241  |
|   6   | 59.527 | 79.953 | 85.908 | 36.963 | 9.223  |
|   7   | 59.296 | 79.862 | 85.852 | 36.808 | 9.188  |
|   8   | 59.139 | 79.867 | 85.873 | 36.822 | 9.164  |
|   9   | 59.714 | 80.013 | 85.928 | 36.973 | 9.181  |
|   10  | 59.114 | 79.791 | 85.822 | 36.720 | 9.136  |
|   11  | 59.044 | 79.796 | 85.898 | 36.696 | 9.107  |
|   12  | 58.767 | 79.731 | 85.812 | 36.579 | 9.086  |
|   13  | 58.646 | 79.711 | 85.792 | 36.518 | 9.053  |
|   14  | 59.069 | 79.776 | 85.948 | 36.654 | 9.057  |
|   15  | 58.600 | 79.660 | 85.812 | 36.468 | 9.014  |
|   16  | 58.641 | 79.660 | 85.822 | 36.460 | 9.026  |
|   17  | 58.600 | 79.595 | 85.782 | 36.395 | 9.012  |
+-------+--------+--------+--------+--------+--------+
     logs:  {'epo': 17, 'R1': 58.6, 'R5': 79.595, 'R10': 85.782, 'mAP': 36.395, 'mINP': 9.012, 'lr': 8e-06, 'entropy': 0.252145, 'loss': 0.252145}
      TTA Epoch: [18] [  0/620]  eta: 0:21:47  lr: 0.000008  entropy: 0.1956  loss: 0.1956  time: 2.1096  data: 1.9777  max mem: 11815
      TTA Epoch: [18] [100/620]  eta: 0:00:53  lr: 0.000008  entropy: 0.4110  loss: 0.4110  time: 0.0943  data: 0.0004  max mem: 11815
      TTA Epoch: [18] [200/620]  eta: 0:00:38  lr: 0.000008  entropy: 0.1717  loss: 0.1717  time: 0.0807  data: 0.0003  max mem: 11815
      TTA Epoch: [18] [300/620]  eta: 0:00:27  lr: 0.000008  entropy: 0.2031  loss: 0.2031  time: 0.0765  data: 0.0002  max mem: 11815
      TTA Epoch: [18] [400/620]  eta: 0:00:18  lr: 0.000008  entropy: 0.2769  loss: 0.2769  time: 0.0805  data: 0.0004  max mem: 11815
      TTA Epoch: [18] [500/620]  eta: 0:00:10  lr: 0.000008  entropy: 0.2992  loss: 0.2992  time: 0.0770  data: 0.0001  max mem: 11815
      TTA Epoch: [18] [600/620]  eta: 0:00:01  lr: 0.000007  entropy: 0.3602  loss: 0.3602  time: 0.0791  data: 0.0002  max mem: 11815
      TTA Epoch: [18] [619/620]  eta: 0:00:00  lr: 0.000007  entropy: 0.1837  loss: 0.1837  time: 0.0770  data: 0.0007  max mem: 11815
      TTA Epoch: [18] Total time: 0:00:51 (0.0826 s / it)
     Averaged stats: lr: 0.0000  entropy: 0.2493  loss: 0.2493
     itm tta time 0:00:51
     Computing matching score
      ITM Evaluation: [    0/19848]  eta: 0:40:29    time: 0.1224  data: 0.0233  max mem: 11815
      ITM Evaluation: [  100/19848]  eta: 0:24:25    time: 0.0748  data: 0.0000  max mem: 11815
      ITM Evaluation: [  200/19848]  eta: 0:23:42    time: 0.0689  data: 0.0000  max mem: 11815
      ITM Evaluation: [  300/19848]  eta: 0:23:20    time: 0.0699  data: 0.0000  max mem: 11815
      ITM Evaluation: [  400/19848]  eta: 0:23:05    time: 0.0719  data: 0.0000  max mem: 11815
      ITM Evaluation: [  500/19848]  eta: 0:23:02    time: 0.0725  data: 0.0000  max mem: 11815
      ITM Evaluation: [  600/19848]  eta: 0:22:49    time: 0.0704  data: 0.0000  max mem: 11815
      ITM Evaluation: [  700/19848]  eta: 0:22:46    time: 0.0759  data: 0.0000  max mem: 11815
      ITM Evaluation: [  800/19848]  eta: 0:22:49    time: 0.0757  data: 0.0000  max mem: 11815
      ITM Evaluation: [  900/19848]  eta: 0:22:40    time: 0.0729  data: 0.0000  max mem: 11815
      ITM Evaluation: [ 1000/19848]  eta: 0:22:36    time: 0.0731  data: 0.0000  max mem: 11815
      ITM Evaluation: [ 1100/19848]  eta: 0:22:29    time: 0.0728  data: 0.0000  max mem: 11815
      ITM Evaluation: [ 1200/19848]  eta: 0:22:19    time: 0.0697  data: 0.0000  max mem: 11815
      ITM Evaluation: [ 1300/19848]  eta: 0:22:12    time: 0.0735  data: 0.0000  max mem: 11815
      ITM Evaluation: [ 1400/19848]  eta: 0:22:11    time: 0.0781  data: 0.0000  max mem: 11815
      ITM Evaluation: [ 1500/19848]  eta: 0:22:10    time: 0.0780  data: 0.0000  max mem: 11815
      ITM Evaluation: [ 1600/19848]  eta: 0:22:06    time: 0.0725  data: 0.0000  max mem: 11815
      ITM Evaluation: [ 1700/19848]  eta: 0:21:55    time: 0.0740  data: 0.0000  max mem: 11815
      ITM Evaluation: [ 1800/19848]  eta: 0:21:45    time: 0.0700  data: 0.0000  max mem: 11815
      ITM Evaluation: [ 1900/19848]  eta: 0:21:36    time: 0.0704  data: 0.0000  max mem: 11815
      ITM Evaluation: [ 2000/19848]  eta: 0:21:31    time: 0.0781  data: 0.0000  max mem: 11815
      ITM Evaluation: [ 2100/19848]  eta: 0:21:29    time: 0.0785  data: 0.0000  max mem: 11815
      ITM Evaluation: [ 2200/19848]  eta: 0:21:19    time: 0.0690  data: 0.0000  max mem: 11815
      ITM Evaluation: [ 2300/19848]  eta: 0:21:09    time: 0.0691  data: 0.0000  max mem: 11815
      ITM Evaluation: [ 2400/19848]  eta: 0:21:00    time: 0.0696  data: 0.0000  max mem: 11815
      ITM Evaluation: [ 2500/19848]  eta: 0:20:51    time: 0.0673  data: 0.0000  max mem: 11815
      ITM Evaluation: [ 2600/19848]  eta: 0:20:42    time: 0.0724  data: 0.0000  max mem: 11815
      ITM Evaluation: [ 2700/19848]  eta: 0:20:37    time: 0.0733  data: 0.0000  max mem: 11815
      ITM Evaluation: [ 2800/19848]  eta: 0:20:29    time: 0.0711  data: 0.0000  max mem: 11815
      ITM Evaluation: [ 2900/19848]  eta: 0:20:20    time: 0.0684  data: 0.0000  max mem: 11815
      ITM Evaluation: [ 3000/19848]  eta: 0:20:11    time: 0.0702  data: 0.0000  max mem: 11815
      ITM Evaluation: [ 3100/19848]  eta: 0:20:03    time: 0.0697  data: 0.0000  max mem: 11815
      ITM Evaluation: [ 3200/19848]  eta: 0:19:56    time: 0.0750  data: 0.0000  max mem: 11815
      ITM Evaluation: [ 3300/19848]  eta: 0:19:49    time: 0.0771  data: 0.0000  max mem: 11815
      ITM Evaluation: [ 3400/19848]  eta: 0:19:42    time: 0.0688  data: 0.0000  max mem: 11815
      ITM Evaluation: [ 3500/19848]  eta: 0:19:33    time: 0.0671  data: 0.0000  max mem: 11815
      ITM Evaluation: [ 3600/19848]  eta: 0:19:25    time: 0.0693  data: 0.0000  max mem: 11815
      ITM Evaluation: [ 3700/19848]  eta: 0:19:16    time: 0.0666  data: 0.0000  max mem: 11815
      ITM Evaluation: [ 3800/19848]  eta: 0:19:10    time: 0.0731  data: 0.0000  max mem: 11815
      ITM Evaluation: [ 3900/19848]  eta: 0:19:03    time: 0.0737  data: 0.0000  max mem: 11815
      ITM Evaluation: [ 4000/19848]  eta: 0:18:58    time: 0.0718  data: 0.0000  max mem: 11815
      ITM Evaluation: [ 4100/19848]  eta: 0:18:49    time: 0.0697  data: 0.0000  max mem: 11815
      ITM Evaluation: [ 4200/19848]  eta: 0:18:41    time: 0.0691  data: 0.0000  max mem: 11815
      ITM Evaluation: [ 4300/19848]  eta: 0:18:34    time: 0.0702  data: 0.0000  max mem: 11815
      ITM Evaluation: [ 4400/19848]  eta: 0:18:25    time: 0.0668  data: 0.0000  max mem: 11815
      ITM Evaluation: [ 4500/19848]  eta: 0:18:17    time: 0.0708  data: 0.0000  max mem: 11815
      ITM Evaluation: [ 4600/19848]  eta: 0:18:11    time: 0.0712  data: 0.0000  max mem: 11815
      ITM Evaluation: [ 4700/19848]  eta: 0:18:03    time: 0.0684  data: 0.0000  max mem: 11815
      ITM Evaluation: [ 4800/19848]  eta: 0:17:56    time: 0.0726  data: 0.0000  max mem: 11815
      ITM Evaluation: [ 4900/19848]  eta: 0:17:49    time: 0.0695  data: 0.0000  max mem: 11815
      ITM Evaluation: [ 5000/19848]  eta: 0:17:41    time: 0.0701  data: 0.0000  max mem: 11815
      ITM Evaluation: [ 5100/19848]  eta: 0:17:34    time: 0.0691  data: 0.0000  max mem: 11815
      ITM Evaluation: [ 5200/19848]  eta: 0:17:27    time: 0.0732  data: 0.0000  max mem: 11815
      ITM Evaluation: [ 5300/19848]  eta: 0:17:20    time: 0.0680  data: 0.0000  max mem: 11815
      ITM Evaluation: [ 5400/19848]  eta: 0:17:13    time: 0.0731  data: 0.0000  max mem: 11815
      ITM Evaluation: [ 5500/19848]  eta: 0:17:06    time: 0.0697  data: 0.0000  max mem: 11815
      ITM Evaluation: [ 5600/19848]  eta: 0:16:58    time: 0.0698  data: 0.0000  max mem: 11815
      ITM Evaluation: [ 5700/19848]  eta: 0:16:50    time: 0.0701  data: 0.0000  max mem: 11815
      ITM Evaluation: [ 5800/19848]  eta: 0:16:43    time: 0.0730  data: 0.0000  max mem: 11815
      ITM Evaluation: [ 5900/19848]  eta: 0:16:36    time: 0.0700  data: 0.0000  max mem: 11815
      ITM Evaluation: [ 6000/19848]  eta: 0:16:29    time: 0.0693  data: 0.0000  max mem: 11815
      ITM Evaluation: [ 6100/19848]  eta: 0:16:22    time: 0.0682  data: 0.0000  max mem: 11815
      ITM Evaluation: [ 6200/19848]  eta: 0:16:14    time: 0.0700  data: 0.0000  max mem: 11815
      ITM Evaluation: [ 6300/19848]  eta: 0:16:07    time: 0.0688  data: 0.0000  max mem: 11815
      ITM Evaluation: [ 6400/19848]  eta: 0:15:59    time: 0.0679  data: 0.0000  max mem: 11815
      ITM Evaluation: [ 6500/19848]  eta: 0:15:52    time: 0.0712  data: 0.0000  max mem: 11815
      ITM Evaluation: [ 6600/19848]  eta: 0:15:45    time: 0.0694  data: 0.0000  max mem: 11815
      ITM Evaluation: [ 6700/19848]  eta: 0:15:38    time: 0.0705  data: 0.0000  max mem: 11815
      ITM Evaluation: [ 6800/19848]  eta: 0:15:31    time: 0.0709  data: 0.0000  max mem: 11815
      ITM Evaluation: [ 6900/19848]  eta: 0:15:23    time: 0.0719  data: 0.0000  max mem: 11815
      ITM Evaluation: [ 7000/19848]  eta: 0:15:16    time: 0.0709  data: 0.0000  max mem: 11815
      ITM Evaluation: [ 7100/19848]  eta: 0:15:10    time: 0.0778  data: 0.0000  max mem: 11815
      ITM Evaluation: [ 7200/19848]  eta: 0:15:03    time: 0.0739  data: 0.0000  max mem: 11815
      ITM Evaluation: [ 7300/19848]  eta: 0:14:55    time: 0.0679  data: 0.0000  max mem: 11815
      ITM Evaluation: [ 7400/19848]  eta: 0:14:48    time: 0.0701  data: 0.0000  max mem: 11815
      ITM Evaluation: [ 7500/19848]  eta: 0:14:40    time: 0.0687  data: 0.0000  max mem: 11815
      ITM Evaluation: [ 7600/19848]  eta: 0:14:33    time: 0.0732  data: 0.0000  max mem: 11815
      ITM Evaluation: [ 7700/19848]  eta: 0:14:26    time: 0.0756  data: 0.0000  max mem: 11815
      ITM Evaluation: [ 7800/19848]  eta: 0:14:19    time: 0.0775  data: 0.0000  max mem: 11815
      ITM Evaluation: [ 7900/19848]  eta: 0:14:12    time: 0.0686  data: 0.0000  max mem: 11815
      ITM Evaluation: [ 8000/19848]  eta: 0:14:05    time: 0.0727  data: 0.0000  max mem: 11815
      ITM Evaluation: [ 8100/19848]  eta: 0:13:58    time: 0.0708  data: 0.0000  max mem: 11815
      ITM Evaluation: [ 8200/19848]  eta: 0:13:51    time: 0.0693  data: 0.0000  max mem: 11815
      ITM Evaluation: [ 8300/19848]  eta: 0:13:43    time: 0.0749  data: 0.0000  max mem: 11815
      ITM Evaluation: [ 8400/19848]  eta: 0:13:36    time: 0.0757  data: 0.0000  max mem: 11815
      ITM Evaluation: [ 8500/19848]  eta: 0:13:29    time: 0.0673  data: 0.0000  max mem: 11815
      ITM Evaluation: [ 8600/19848]  eta: 0:13:22    time: 0.0704  data: 0.0000  max mem: 11815
      ITM Evaluation: [ 8700/19848]  eta: 0:13:15    time: 0.0693  data: 0.0000  max mem: 11815
      ITM Evaluation: [ 8800/19848]  eta: 0:13:07    time: 0.0696  data: 0.0000  max mem: 11815
      ITM Evaluation: [ 8900/19848]  eta: 0:13:00    time: 0.0708  data: 0.0000  max mem: 11815
      ITM Evaluation: [ 9000/19848]  eta: 0:12:53    time: 0.0756  data: 0.0000  max mem: 11815
      ITM Evaluation: [ 9100/19848]  eta: 0:12:47    time: 0.0733  data: 0.0000  max mem: 11815
      ITM Evaluation: [ 9200/19848]  eta: 0:12:39    time: 0.0708  data: 0.0000  max mem: 11815
      ITM Evaluation: [ 9300/19848]  eta: 0:12:32    time: 0.0695  data: 0.0000  max mem: 11815
      ITM Evaluation: [ 9400/19848]  eta: 0:12:24    time: 0.0688  data: 0.0000  max mem: 11815
      ITM Evaluation: [ 9500/19848]  eta: 0:12:17    time: 0.0699  data: 0.0000  max mem: 11815
      ITM Evaluation: [ 9600/19848]  eta: 0:12:09    time: 0.0690  data: 0.0000  max mem: 11815
      ITM Evaluation: [ 9700/19848]  eta: 0:12:02    time: 0.0754  data: 0.0000  max mem: 11815
      ITM Evaluation: [ 9800/19848]  eta: 0:11:55    time: 0.0676  data: 0.0000  max mem: 11815
      ITM Evaluation: [ 9900/19848]  eta: 0:11:48    time: 0.0697  data: 0.0000  max mem: 11815
      ITM Evaluation: [10000/19848]  eta: 0:11:41    time: 0.0726  data: 0.0000  max mem: 11815
      ITM Evaluation: [10100/19848]  eta: 0:11:33    time: 0.0690  data: 0.0000  max mem: 11815
      ITM Evaluation: [10200/19848]  eta: 0:11:26    time: 0.0680  data: 0.0000  max mem: 11815
      ITM Evaluation: [10300/19848]  eta: 0:11:18    time: 0.0709  data: 0.0000  max mem: 11815
      ITM Evaluation: [10400/19848]  eta: 0:11:11    time: 0.0711  data: 0.0000  max mem: 11815
      ITM Evaluation: [10500/19848]  eta: 0:11:04    time: 0.0666  data: 0.0000  max mem: 11815
      ITM Evaluation: [10600/19848]  eta: 0:10:57    time: 0.0673  data: 0.0000  max mem: 11815
      ITM Evaluation: [10700/19848]  eta: 0:10:49    time: 0.0670  data: 0.0000  max mem: 11815
      ITM Evaluation: [10800/19848]  eta: 0:10:42    time: 0.0672  data: 0.0000  max mem: 11815
      ITM Evaluation: [10900/19848]  eta: 0:10:34    time: 0.0641  data: 0.0000  max mem: 11815
      ITM Evaluation: [11000/19848]  eta: 0:10:27    time: 0.0681  data: 0.0000  max mem: 11815
      ITM Evaluation: [11100/19848]  eta: 0:10:20    time: 0.0691  data: 0.0000  max mem: 11815
      ITM Evaluation: [11200/19848]  eta: 0:10:13    time: 0.0640  data: 0.0000  max mem: 11815
      ITM Evaluation: [11300/19848]  eta: 0:10:05    time: 0.0654  data: 0.0000  max mem: 11815
      ITM Evaluation: [11400/19848]  eta: 0:09:58    time: 0.0627  data: 0.0000  max mem: 11815
      ITM Evaluation: [11500/19848]  eta: 0:09:50    time: 0.0642  data: 0.0000  max mem: 11815
      ITM Evaluation: [11600/19848]  eta: 0:09:43    time: 0.0694  data: 0.0000  max mem: 11815
      ITM Evaluation: [11700/19848]  eta: 0:09:36    time: 0.0704  data: 0.0000  max mem: 11815
      ITM Evaluation: [11800/19848]  eta: 0:09:29    time: 0.0633  data: 0.0000  max mem: 11815
      ITM Evaluation: [11900/19848]  eta: 0:09:21    time: 0.0654  data: 0.0000  max mem: 11815
      ITM Evaluation: [12000/19848]  eta: 0:09:14    time: 0.0662  data: 0.0000  max mem: 11815
      ITM Evaluation: [12100/19848]  eta: 0:09:07    time: 0.0633  data: 0.0000  max mem: 11815
      ITM Evaluation: [12200/19848]  eta: 0:08:59    time: 0.0688  data: 0.0000  max mem: 11815
      ITM Evaluation: [12300/19848]  eta: 0:08:52    time: 0.0726  data: 0.0000  max mem: 11815
      ITM Evaluation: [12400/19848]  eta: 0:08:45    time: 0.0737  data: 0.0000  max mem: 11815
      ITM Evaluation: [12500/19848]  eta: 0:08:38    time: 0.0661  data: 0.0000  max mem: 11815
      ITM Evaluation: [12600/19848]  eta: 0:08:31    time: 0.0681  data: 0.0000  max mem: 11815
      ITM Evaluation: [12700/19848]  eta: 0:08:23    time: 0.0621  data: 0.0000  max mem: 11815
      ITM Evaluation: [12800/19848]  eta: 0:08:16    time: 0.0661  data: 0.0000  max mem: 11815
      ITM Evaluation: [12900/19848]  eta: 0:08:09    time: 0.0689  data: 0.0000  max mem: 11815
      ITM Evaluation: [13000/19848]  eta: 0:08:02    time: 0.0730  data: 0.0000  max mem: 11815
      ITM Evaluation: [13100/19848]  eta: 0:07:55    time: 0.0658  data: 0.0000  max mem: 11815
      ITM Evaluation: [13200/19848]  eta: 0:07:48    time: 0.0681  data: 0.0000  max mem: 11815
      ITM Evaluation: [13300/19848]  eta: 0:07:40    time: 0.0681  data: 0.0000  max mem: 11815
      ITM Evaluation: [13400/19848]  eta: 0:07:33    time: 0.0617  data: 0.0000  max mem: 11815
      ITM Evaluation: [13500/19848]  eta: 0:07:26    time: 0.0685  data: 0.0000  max mem: 11815
      ITM Evaluation: [13600/19848]  eta: 0:07:19    time: 0.0708  data: 0.0000  max mem: 11815
      ITM Evaluation: [13700/19848]  eta: 0:07:12    time: 0.0687  data: 0.0000  max mem: 11815
      ITM Evaluation: [13800/19848]  eta: 0:07:05    time: 0.0655  data: 0.0000  max mem: 11815
      ITM Evaluation: [13900/19848]  eta: 0:06:58    time: 0.0677  data: 0.0000  max mem: 11815
      ITM Evaluation: [14000/19848]  eta: 0:06:50    time: 0.0644  data: 0.0000  max mem: 11815
      ITM Evaluation: [14100/19848]  eta: 0:06:43    time: 0.0675  data: 0.0000  max mem: 11815
      ITM Evaluation: [14200/19848]  eta: 0:06:36    time: 0.0654  data: 0.0000  max mem: 11815
      ITM Evaluation: [14300/19848]  eta: 0:06:29    time: 0.0680  data: 0.0000  max mem: 11815
      ITM Evaluation: [14400/19848]  eta: 0:06:22    time: 0.0721  data: 0.0000  max mem: 11815
      ITM Evaluation: [14500/19848]  eta: 0:06:15    time: 0.0686  data: 0.0000  max mem: 11815
      ITM Evaluation: [14600/19848]  eta: 0:06:08    time: 0.0685  data: 0.0000  max mem: 11815
      ITM Evaluation: [14700/19848]  eta: 0:06:00    time: 0.0662  data: 0.0000  max mem: 11815
      ITM Evaluation: [14800/19848]  eta: 0:05:53    time: 0.0654  data: 0.0000  max mem: 11815
      ITM Evaluation: [14900/19848]  eta: 0:05:46    time: 0.0671  data: 0.0000  max mem: 11815
      ITM Evaluation: [15000/19848]  eta: 0:05:39    time: 0.0706  data: 0.0000  max mem: 11815
      ITM Evaluation: [15100/19848]  eta: 0:05:32    time: 0.0699  data: 0.0000  max mem: 11815
      ITM Evaluation: [15200/19848]  eta: 0:05:25    time: 0.0678  data: 0.0000  max mem: 11815
      ITM Evaluation: [15300/19848]  eta: 0:05:18    time: 0.0633  data: 0.0000  max mem: 11815
      ITM Evaluation: [15400/19848]  eta: 0:05:11    time: 0.0648  data: 0.0000  max mem: 11815
      ITM Evaluation: [15500/19848]  eta: 0:05:04    time: 0.0700  data: 0.0000  max mem: 11815
      ITM Evaluation: [15600/19848]  eta: 0:04:57    time: 0.0674  data: 0.0000  max mem: 11815
      ITM Evaluation: [15700/19848]  eta: 0:04:50    time: 0.0714  data: 0.0000  max mem: 11815
      ITM Evaluation: [15800/19848]  eta: 0:04:43    time: 0.0681  data: 0.0000  max mem: 11815
      ITM Evaluation: [15900/19848]  eta: 0:04:36    time: 0.0654  data: 0.0000  max mem: 11815
      ITM Evaluation: [16000/19848]  eta: 0:04:28    time: 0.0646  data: 0.0000  max mem: 11815
      ITM Evaluation: [16100/19848]  eta: 0:04:21    time: 0.0667  data: 0.0000  max mem: 11815
      ITM Evaluation: [16200/19848]  eta: 0:04:14    time: 0.0641  data: 0.0000  max mem: 11815
      ITM Evaluation: [16300/19848]  eta: 0:04:07    time: 0.0698  data: 0.0000  max mem: 11815
      ITM Evaluation: [16400/19848]  eta: 0:04:00    time: 0.0704  data: 0.0000  max mem: 11815
      ITM Evaluation: [16500/19848]  eta: 0:03:53    time: 0.0648  data: 0.0000  max mem: 11815
      ITM Evaluation: [16600/19848]  eta: 0:03:46    time: 0.0661  data: 0.0000  max mem: 11815
      ITM Evaluation: [16700/19848]  eta: 0:03:39    time: 0.0629  data: 0.0000  max mem: 11815
      ITM Evaluation: [16800/19848]  eta: 0:03:32    time: 0.0607  data: 0.0000  max mem: 11815
      ITM Evaluation: [16900/19848]  eta: 0:03:25    time: 0.0680  data: 0.0000  max mem: 11815
      ITM Evaluation: [17000/19848]  eta: 0:03:18    time: 0.0719  data: 0.0000  max mem: 11815
      ITM Evaluation: [17100/19848]  eta: 0:03:11    time: 0.0659  data: 0.0000  max mem: 11815
      ITM Evaluation: [17200/19848]  eta: 0:03:04    time: 0.0673  data: 0.0000  max mem: 11815
      ITM Evaluation: [17300/19848]  eta: 0:02:57    time: 0.0667  data: 0.0000  max mem: 11815
      ITM Evaluation: [17400/19848]  eta: 0:02:50    time: 0.0653  data: 0.0000  max mem: 11815
      ITM Evaluation: [17500/19848]  eta: 0:02:43    time: 0.0672  data: 0.0000  max mem: 11815
      ITM Evaluation: [17600/19848]  eta: 0:02:36    time: 0.0733  data: 0.0000  max mem: 11815
      ITM Evaluation: [17700/19848]  eta: 0:02:29    time: 0.0729  data: 0.0000  max mem: 11815
      ITM Evaluation: [17800/19848]  eta: 0:02:22    time: 0.0670  data: 0.0000  max mem: 11815
      ITM Evaluation: [17900/19848]  eta: 0:02:15    time: 0.0670  data: 0.0000  max mem: 11815
      ITM Evaluation: [18000/19848]  eta: 0:02:08    time: 0.0659  data: 0.0000  max mem: 11815
      ITM Evaluation: [18100/19848]  eta: 0:02:01    time: 0.0672  data: 0.0000  max mem: 11815
      ITM Evaluation: [18200/19848]  eta: 0:01:54    time: 0.0682  data: 0.0000  max mem: 11815
      ITM Evaluation: [18300/19848]  eta: 0:01:47    time: 0.0710  data: 0.0000  max mem: 11815
      ITM Evaluation: [18400/19848]  eta: 0:01:40    time: 0.0663  data: 0.0000  max mem: 11815
      ITM Evaluation: [18500/19848]  eta: 0:01:33    time: 0.0668  data: 0.0000  max mem: 11815
      ITM Evaluation: [18600/19848]  eta: 0:01:26    time: 0.0671  data: 0.0000  max mem: 11815
      ITM Evaluation: [18700/19848]  eta: 0:01:19    time: 0.0667  data: 0.0000  max mem: 11815
      ITM Evaluation: [18800/19848]  eta: 0:01:12    time: 0.0658  data: 0.0000  max mem: 11815
      ITM Evaluation: [18900/19848]  eta: 0:01:05    time: 0.0831  data: 0.0000  max mem: 11815
      ITM Evaluation: [19000/19848]  eta: 0:00:58    time: 0.0671  data: 0.0000  max mem: 11815
      ITM Evaluation: [19100/19848]  eta: 0:00:52    time: 0.0671  data: 0.0000  max mem: 11815
      ITM Evaluation: [19200/19848]  eta: 0:00:45    time: 0.0660  data: 0.0000  max mem: 11815
      ITM Evaluation: [19300/19848]  eta: 0:00:38    time: 0.0648  data: 0.0000  max mem: 11815
      ITM Evaluation: [19400/19848]  eta: 0:00:31    time: 0.0702  data: 0.0000  max mem: 11815
      ITM Evaluation: [19500/19848]  eta: 0:00:24    time: 0.0747  data: 0.0000  max mem: 11815
      ITM Evaluation: [19600/19848]  eta: 0:00:17    time: 0.0712  data: 0.0000  max mem: 11815
      ITM Evaluation: [19700/19848]  eta: 0:00:10    time: 0.0692  data: 0.0000  max mem: 11815
      ITM Evaluation: [19800/19848]  eta: 0:00:03    time: 0.0668  data: 0.0000  max mem: 11815
      ITM Evaluation: [19847/19848]  eta: 0:00:00    time: 0.0657  data: 0.0000  max mem: 11815
      ITM Evaluation: Total time: 0:22:59 (0.0695 s / it)
     total_time 1381.2963922023773
     Computing matching score time 0:23:01
### TTA ITM Score: 
+-------+--------+--------+--------+--------+--------+
| epoch |   R1   |   R5   |  R10   |  mAP   |  mINP  |
+-------+--------+--------+--------+--------+--------+
|  -999 | 63.014 | 79.484 | 85.041 | 40.411 | 10.184 |
|  -999 | 68.183 | 82.885 | 87.500 | 40.507 | 9.104  |
|   0   | 61.452 | 80.477 | 86.165 | 37.879 | 9.331  |
|   1   | 60.782 | 80.391 | 86.120 | 37.613 | 9.317  |
|   2   | 60.273 | 80.200 | 85.999 | 37.379 | 9.295  |
|   3   | 60.369 | 80.225 | 86.059 | 37.362 | 9.290  |
|   4   | 60.248 | 80.169 | 86.034 | 37.309 | 9.270  |
|   5   | 59.744 | 79.993 | 85.913 | 37.043 | 9.241  |
|   6   | 59.527 | 79.953 | 85.908 | 36.963 | 9.223  |
|   7   | 59.296 | 79.862 | 85.852 | 36.808 | 9.188  |
|   8   | 59.139 | 79.867 | 85.873 | 36.822 | 9.164  |
|   9   | 59.714 | 80.013 | 85.928 | 36.973 | 9.181  |
|   10  | 59.114 | 79.791 | 85.822 | 36.720 | 9.136  |
|   11  | 59.044 | 79.796 | 85.898 | 36.696 | 9.107  |
|   12  | 58.767 | 79.731 | 85.812 | 36.579 | 9.086  |
|   13  | 58.646 | 79.711 | 85.792 | 36.518 | 9.053  |
|   14  | 59.069 | 79.776 | 85.948 | 36.654 | 9.057  |
|   15  | 58.600 | 79.660 | 85.812 | 36.468 | 9.014  |
|   16  | 58.641 | 79.660 | 85.822 | 36.460 | 9.026  |
|   17  | 58.600 | 79.595 | 85.782 | 36.395 | 9.012  |
|   18  | 58.696 | 79.640 | 85.822 | 36.452 | 9.017  |
+-------+--------+--------+--------+--------+--------+
     logs:  {'epo': 18, 'R1': 58.696, 'R5': 79.64, 'R10': 85.822, 'mAP': 36.452, 'mINP': 9.017, 'lr': 8e-06, 'entropy': 0.249349, 'loss': 0.249349}
      TTA Epoch: [19] [  0/620]  eta: 0:20:45  lr: 0.000007  entropy: 0.2120  loss: 0.2120  time: 2.0088  data: 1.8107  max mem: 11815
      TTA Epoch: [19] [100/620]  eta: 0:00:51  lr: 0.000007  entropy: 0.1930  loss: 0.1930  time: 0.0778  data: 0.0001  max mem: 11815
      TTA Epoch: [19] [200/620]  eta: 0:00:36  lr: 0.000007  entropy: 0.4354  loss: 0.4354  time: 0.0761  data: 0.0002  max mem: 11815
      TTA Epoch: [19] [300/620]  eta: 0:00:27  lr: 0.000007  entropy: 0.2347  loss: 0.2347  time: 0.0810  data: 0.0002  max mem: 11815
      TTA Epoch: [19] [400/620]  eta: 0:00:18  lr: 0.000007  entropy: 0.3264  loss: 0.3264  time: 0.0773  data: 0.0004  max mem: 11815
      TTA Epoch: [19] [500/620]  eta: 0:00:10  lr: 0.000007  entropy: 0.2566  loss: 0.2566  time: 0.0898  data: 0.0003  max mem: 11815
      TTA Epoch: [19] [600/620]  eta: 0:00:01  lr: 0.000007  entropy: 0.3231  loss: 0.3231  time: 0.0813  data: 0.0002  max mem: 11815
      TTA Epoch: [19] [619/620]  eta: 0:00:00  lr: 0.000007  entropy: 0.1664  loss: 0.1664  time: 0.0788  data: 0.0003  max mem: 11815
      TTA Epoch: [19] Total time: 0:00:51 (0.0838 s / it)
     Averaged stats: lr: 0.0000  entropy: 0.2461  loss: 0.2461
     itm tta time 0:00:52
     Computing matching score
      ITM Evaluation: [    0/19848]  eta: 2:12:41    time: 0.4011  data: 0.3091  max mem: 11815
      ITM Evaluation: [  100/19848]  eta: 0:23:39    time: 0.0697  data: 0.0000  max mem: 11815
      ITM Evaluation: [  200/19848]  eta: 0:23:14    time: 0.0705  data: 0.0000  max mem: 11815
      ITM Evaluation: [  300/19848]  eta: 0:23:00    time: 0.0680  data: 0.0000  max mem: 11815
      ITM Evaluation: [  400/19848]  eta: 0:22:51    time: 0.0720  data: 0.0000  max mem: 11815
      ITM Evaluation: [  500/19848]  eta: 0:23:04    time: 0.0758  data: 0.0000  max mem: 11815
      ITM Evaluation: [  600/19848]  eta: 0:22:56    time: 0.0706  data: 0.0000  max mem: 11815
      ITM Evaluation: [  700/19848]  eta: 0:22:44    time: 0.0714  data: 0.0000  max mem: 11815
      ITM Evaluation: [  800/19848]  eta: 0:22:32    time: 0.0702  data: 0.0000  max mem: 11815
      ITM Evaluation: [  900/19848]  eta: 0:22:21    time: 0.0699  data: 0.0000  max mem: 11815
      ITM Evaluation: [ 1000/19848]  eta: 0:22:12    time: 0.0722  data: 0.0000  max mem: 11815
      ITM Evaluation: [ 1100/19848]  eta: 0:22:12    time: 0.0760  data: 0.0000  max mem: 11815
      ITM Evaluation: [ 1200/19848]  eta: 0:22:06    time: 0.0694  data: 0.0000  max mem: 11815
      ITM Evaluation: [ 1300/19848]  eta: 0:21:57    time: 0.0689  data: 0.0000  max mem: 11815
      ITM Evaluation: [ 1400/19848]  eta: 0:21:48    time: 0.0648  data: 0.0000  max mem: 11815
      ITM Evaluation: [ 1500/19848]  eta: 0:21:39    time: 0.0692  data: 0.0000  max mem: 11815
      ITM Evaluation: [ 1600/19848]  eta: 0:21:31    time: 0.0700  data: 0.0000  max mem: 11815
      ITM Evaluation: [ 1700/19848]  eta: 0:21:31    time: 0.0785  data: 0.0000  max mem: 11815
      ITM Evaluation: [ 1800/19848]  eta: 0:21:27    time: 0.0747  data: 0.0000  max mem: 11815
      ITM Evaluation: [ 1900/19848]  eta: 0:21:22    time: 0.0688  data: 0.0000  max mem: 11815
      ITM Evaluation: [ 2000/19848]  eta: 0:21:14    time: 0.0716  data: 0.0000  max mem: 11815
      ITM Evaluation: [ 2100/19848]  eta: 0:21:06    time: 0.0699  data: 0.0000  max mem: 11815
      ITM Evaluation: [ 2200/19848]  eta: 0:20:58    time: 0.0690  data: 0.0000  max mem: 11815
      ITM Evaluation: [ 2300/19848]  eta: 0:20:52    time: 0.0723  data: 0.0000  max mem: 11815
      ITM Evaluation: [ 2400/19848]  eta: 0:20:53    time: 0.0884  data: 0.0000  max mem: 11815
      ITM Evaluation: [ 2500/19848]  eta: 0:20:45    time: 0.0695  data: 0.0000  max mem: 11815
      ITM Evaluation: [ 2600/19848]  eta: 0:20:36    time: 0.0687  data: 0.0000  max mem: 11815
      ITM Evaluation: [ 2700/19848]  eta: 0:20:28    time: 0.0679  data: 0.0000  max mem: 11815
      ITM Evaluation: [ 2800/19848]  eta: 0:20:19    time: 0.0696  data: 0.0000  max mem: 11815
      ITM Evaluation: [ 2900/19848]  eta: 0:20:12    time: 0.0718  data: 0.0000  max mem: 11815
      ITM Evaluation: [ 3000/19848]  eta: 0:20:08    time: 0.0799  data: 0.0000  max mem: 11815
      ITM Evaluation: [ 3100/19848]  eta: 0:20:06    time: 0.0859  data: 0.0000  max mem: 11815
      ITM Evaluation: [ 3200/19848]  eta: 0:19:59    time: 0.0684  data: 0.0000  max mem: 11815
      ITM Evaluation: [ 3300/19848]  eta: 0:19:50    time: 0.0685  data: 0.0000  max mem: 11815
      ITM Evaluation: [ 3400/19848]  eta: 0:19:42    time: 0.0722  data: 0.0000  max mem: 11815
      ITM Evaluation: [ 3500/19848]  eta: 0:19:33    time: 0.0711  data: 0.0000  max mem: 11815
      ITM Evaluation: [ 3600/19848]  eta: 0:19:25    time: 0.0696  data: 0.0000  max mem: 11815
      ITM Evaluation: [ 3700/19848]  eta: 0:19:22    time: 0.0851  data: 0.0000  max mem: 11815
      ITM Evaluation: [ 3800/19848]  eta: 0:19:13    time: 0.0684  data: 0.0000  max mem: 11815
      ITM Evaluation: [ 3900/19848]  eta: 0:19:05    time: 0.0695  data: 0.0000  max mem: 11815
      ITM Evaluation: [ 4000/19848]  eta: 0:18:57    time: 0.0735  data: 0.0000  max mem: 11815
      ITM Evaluation: [ 4100/19848]  eta: 0:18:50    time: 0.0706  data: 0.0000  max mem: 11815
      ITM Evaluation: [ 4200/19848]  eta: 0:18:42    time: 0.0695  data: 0.0000  max mem: 11815
      ITM Evaluation: [ 4300/19848]  eta: 0:18:36    time: 0.0773  data: 0.0000  max mem: 11815
      ITM Evaluation: [ 4400/19848]  eta: 0:18:28    time: 0.0692  data: 0.0000  max mem: 11815
      ITM Evaluation: [ 4500/19848]  eta: 0:18:21    time: 0.0712  data: 0.0000  max mem: 11815
      ITM Evaluation: [ 4600/19848]  eta: 0:18:13    time: 0.0709  data: 0.0000  max mem: 11815
      ITM Evaluation: [ 4700/19848]  eta: 0:18:06    time: 0.0693  data: 0.0000  max mem: 11815
      ITM Evaluation: [ 4800/19848]  eta: 0:17:58    time: 0.0700  data: 0.0000  max mem: 11815
      ITM Evaluation: [ 4900/19848]  eta: 0:17:51    time: 0.0722  data: 0.0000  max mem: 11815
      ITM Evaluation: [ 5000/19848]  eta: 0:17:44    time: 0.0707  data: 0.0000  max mem: 11815
      ITM Evaluation: [ 5100/19848]  eta: 0:17:36    time: 0.0664  data: 0.0000  max mem: 11815
      ITM Evaluation: [ 5200/19848]  eta: 0:17:28    time: 0.0724  data: 0.0000  max mem: 11815
      ITM Evaluation: [ 5300/19848]  eta: 0:17:21    time: 0.0717  data: 0.0000  max mem: 11815
      ITM Evaluation: [ 5400/19848]  eta: 0:17:14    time: 0.0763  data: 0.0000  max mem: 11815
      ITM Evaluation: [ 5500/19848]  eta: 0:17:07    time: 0.0711  data: 0.0000  max mem: 11815
      ITM Evaluation: [ 5600/19848]  eta: 0:17:00    time: 0.0722  data: 0.0000  max mem: 11815
      ITM Evaluation: [ 5700/19848]  eta: 0:16:53    time: 0.0673  data: 0.0000  max mem: 11815
      ITM Evaluation: [ 5800/19848]  eta: 0:16:46    time: 0.0731  data: 0.0000  max mem: 11815
      ITM Evaluation: [ 5900/19848]  eta: 0:16:38    time: 0.0706  data: 0.0000  max mem: 11815
      ITM Evaluation: [ 6000/19848]  eta: 0:16:31    time: 0.0675  data: 0.0000  max mem: 11815
      ITM Evaluation: [ 6100/19848]  eta: 0:16:23    time: 0.0688  data: 0.0000  max mem: 11815
      ITM Evaluation: [ 6200/19848]  eta: 0:16:15    time: 0.0702  data: 0.0000  max mem: 11815
      ITM Evaluation: [ 6300/19848]  eta: 0:16:08    time: 0.0708  data: 0.0000  max mem: 11815
      ITM Evaluation: [ 6400/19848]  eta: 0:16:00    time: 0.0714  data: 0.0000  max mem: 11815
      ITM Evaluation: [ 6500/19848]  eta: 0:15:53    time: 0.0707  data: 0.0000  max mem: 11815
      ITM Evaluation: [ 6600/19848]  eta: 0:15:46    time: 0.0734  data: 0.0000  max mem: 11815
      ITM Evaluation: [ 6700/19848]  eta: 0:15:39    time: 0.0669  data: 0.0000  max mem: 11815
      ITM Evaluation: [ 6800/19848]  eta: 0:15:31    time: 0.0732  data: 0.0000  max mem: 11815
      ITM Evaluation: [ 6900/19848]  eta: 0:15:24    time: 0.0719  data: 0.0000  max mem: 11815
      ITM Evaluation: [ 7000/19848]  eta: 0:15:17    time: 0.0647  data: 0.0000  max mem: 11815
      ITM Evaluation: [ 7100/19848]  eta: 0:15:09    time: 0.0673  data: 0.0000  max mem: 11815
      ITM Evaluation: [ 7200/19848]  eta: 0:15:01    time: 0.0732  data: 0.0000  max mem: 11815
      ITM Evaluation: [ 7300/19848]  eta: 0:14:54    time: 0.0687  data: 0.0000  max mem: 11815
      ITM Evaluation: [ 7400/19848]  eta: 0:14:46    time: 0.0677  data: 0.0000  max mem: 11815
      ITM Evaluation: [ 7500/19848]  eta: 0:14:39    time: 0.0739  data: 0.0000  max mem: 11815
      ITM Evaluation: [ 7600/19848]  eta: 0:14:32    time: 0.0645  data: 0.0000  max mem: 11815
      ITM Evaluation: [ 7700/19848]  eta: 0:14:24    time: 0.0685  data: 0.0000  max mem: 11815
      ITM Evaluation: [ 7800/19848]  eta: 0:14:17    time: 0.0689  data: 0.0000  max mem: 11815
      ITM Evaluation: [ 7900/19848]  eta: 0:14:10    time: 0.0724  data: 0.0000  max mem: 11815
      ITM Evaluation: [ 8000/19848]  eta: 0:14:03    time: 0.0716  data: 0.0000  max mem: 11815
      ITM Evaluation: [ 8100/19848]  eta: 0:13:56    time: 0.0763  data: 0.0000  max mem: 11815
      ITM Evaluation: [ 8200/19848]  eta: 0:13:49    time: 0.0697  data: 0.0000  max mem: 11815
      ITM Evaluation: [ 8300/19848]  eta: 0:13:42    time: 0.0690  data: 0.0000  max mem: 11815
      ITM Evaluation: [ 8400/19848]  eta: 0:13:34    time: 0.0700  data: 0.0000  max mem: 11815
      ITM Evaluation: [ 8500/19848]  eta: 0:13:27    time: 0.0735  data: 0.0000  max mem: 11815
      ITM Evaluation: [ 8600/19848]  eta: 0:13:20    time: 0.0708  data: 0.0000  max mem: 11815
      ITM Evaluation: [ 8700/19848]  eta: 0:13:13    time: 0.0743  data: 0.0000  max mem: 11815
      ITM Evaluation: [ 8800/19848]  eta: 0:13:06    time: 0.0672  data: 0.0000  max mem: 11815
      ITM Evaluation: [ 8900/19848]  eta: 0:12:58    time: 0.0708  data: 0.0000  max mem: 11815
      ITM Evaluation: [ 9000/19848]  eta: 0:12:51    time: 0.0705  data: 0.0000  max mem: 11815
      ITM Evaluation: [ 9100/19848]  eta: 0:12:44    time: 0.0726  data: 0.0000  max mem: 11815
      ITM Evaluation: [ 9200/19848]  eta: 0:12:37    time: 0.0710  data: 0.0000  max mem: 11815
      ITM Evaluation: [ 9300/19848]  eta: 0:12:30    time: 0.0736  data: 0.0000  max mem: 11815
      ITM Evaluation: [ 9400/19848]  eta: 0:12:23    time: 0.0689  data: 0.0000  max mem: 11815
      ITM Evaluation: [ 9500/19848]  eta: 0:12:16    time: 0.0694  data: 0.0000  max mem: 11815
      ITM Evaluation: [ 9600/19848]  eta: 0:12:08    time: 0.0687  data: 0.0000  max mem: 11815
      ITM Evaluation: [ 9700/19848]  eta: 0:12:01    time: 0.0721  data: 0.0000  max mem: 11815
      ITM Evaluation: [ 9800/19848]  eta: 0:11:54    time: 0.0705  data: 0.0000  max mem: 11815
      ITM Evaluation: [ 9900/19848]  eta: 0:11:47    time: 0.0753  data: 0.0000  max mem: 11815
      ITM Evaluation: [10000/19848]  eta: 0:11:40    time: 0.0695  data: 0.0000  max mem: 11815
      ITM Evaluation: [10100/19848]  eta: 0:11:33    time: 0.0676  data: 0.0000  max mem: 11815
      ITM Evaluation: [10200/19848]  eta: 0:11:25    time: 0.0670  data: 0.0000  max mem: 11815
      ITM Evaluation: [10300/19848]  eta: 0:11:18    time: 0.0728  data: 0.0000  max mem: 11815
      ITM Evaluation: [10400/19848]  eta: 0:11:11    time: 0.0705  data: 0.0000  max mem: 11815
      ITM Evaluation: [10500/19848]  eta: 0:11:04    time: 0.0737  data: 0.0000  max mem: 11815
      ITM Evaluation: [10600/19848]  eta: 0:10:57    time: 0.0710  data: 0.0000  max mem: 11815
      ITM Evaluation: [10700/19848]  eta: 0:10:50    time: 0.0684  data: 0.0000  max mem: 11815
      ITM Evaluation: [10800/19848]  eta: 0:10:42    time: 0.0678  data: 0.0000  max mem: 11815
      ITM Evaluation: [10900/19848]  eta: 0:10:35    time: 0.0686  data: 0.0000  max mem: 11815
      ITM Evaluation: [11000/19848]  eta: 0:10:27    time: 0.0677  data: 0.0000  max mem: 11815
      ITM Evaluation: [11100/19848]  eta: 0:10:20    time: 0.0712  data: 0.0000  max mem: 11815
      ITM Evaluation: [11200/19848]  eta: 0:10:14    time: 0.0732  data: 0.0000  max mem: 11815
      ITM Evaluation: [11300/19848]  eta: 0:10:06    time: 0.0618  data: 0.0000  max mem: 11815
      ITM Evaluation: [11400/19848]  eta: 0:09:59    time: 0.0658  data: 0.0000  max mem: 11815
      ITM Evaluation: [11500/19848]  eta: 0:09:52    time: 0.0682  data: 0.0000  max mem: 11815
      ITM Evaluation: [11600/19848]  eta: 0:09:44    time: 0.0707  data: 0.0000  max mem: 11815
      ITM Evaluation: [11700/19848]  eta: 0:09:38    time: 0.0734  data: 0.0000  max mem: 11815
      ITM Evaluation: [11800/19848]  eta: 0:09:31    time: 0.0727  data: 0.0000  max mem: 11815
      ITM Evaluation: [11900/19848]  eta: 0:09:23    time: 0.0688  data: 0.0000  max mem: 11815
      ITM Evaluation: [12000/19848]  eta: 0:09:16    time: 0.0684  data: 0.0000  max mem: 11815
      ITM Evaluation: [12100/19848]  eta: 0:09:09    time: 0.0696  data: 0.0000  max mem: 11815
      ITM Evaluation: [12200/19848]  eta: 0:09:02    time: 0.0731  data: 0.0000  max mem: 11815
      ITM Evaluation: [12300/19848]  eta: 0:08:55    time: 0.0738  data: 0.0000  max mem: 11815
      ITM Evaluation: [12400/19848]  eta: 0:08:48    time: 0.0731  data: 0.0000  max mem: 11815
      ITM Evaluation: [12500/19848]  eta: 0:08:41    time: 0.0721  data: 0.0000  max mem: 11815
      ITM Evaluation: [12600/19848]  eta: 0:08:34    time: 0.0684  data: 0.0000  max mem: 11815
      ITM Evaluation: [12700/19848]  eta: 0:08:26    time: 0.0677  data: 0.0000  max mem: 11815
      ITM Evaluation: [12800/19848]  eta: 0:08:19    time: 0.0687  data: 0.0000  max mem: 11815
      ITM Evaluation: [12900/19848]  eta: 0:08:12    time: 0.0693  data: 0.0000  max mem: 11815
      ITM Evaluation: [13000/19848]  eta: 0:08:05    time: 0.0779  data: 0.0000  max mem: 11815
      ITM Evaluation: [13100/19848]  eta: 0:07:58    time: 0.0701  data: 0.0000  max mem: 11815
      ITM Evaluation: [13200/19848]  eta: 0:07:51    time: 0.0685  data: 0.0000  max mem: 11815
      ITM Evaluation: [13300/19848]  eta: 0:07:44    time: 0.0694  data: 0.0000  max mem: 11815
      ITM Evaluation: [13400/19848]  eta: 0:07:37    time: 0.0704  data: 0.0000  max mem: 11815
      ITM Evaluation: [13500/19848]  eta: 0:07:29    time: 0.0726  data: 0.0000  max mem: 11815
      ITM Evaluation: [13600/19848]  eta: 0:07:23    time: 0.0803  data: 0.0000  max mem: 11815
      ITM Evaluation: [13700/19848]  eta: 0:07:16    time: 0.0743  data: 0.0000  max mem: 11815
      ITM Evaluation: [13800/19848]  eta: 0:07:09    time: 0.0672  data: 0.0000  max mem: 11815
      ITM Evaluation: [13900/19848]  eta: 0:07:01    time: 0.0722  data: 0.0000  max mem: 11815
      ITM Evaluation: [14000/19848]  eta: 0:06:54    time: 0.0719  data: 0.0000  max mem: 11815
      ITM Evaluation: [14100/19848]  eta: 0:06:47    time: 0.0705  data: 0.0000  max mem: 11815
      ITM Evaluation: [14200/19848]  eta: 0:06:40    time: 0.0731  data: 0.0000  max mem: 11815
      ITM Evaluation: [14300/19848]  eta: 0:06:33    time: 0.0724  data: 0.0000  max mem: 11815
      ITM Evaluation: [14400/19848]  eta: 0:06:26    time: 0.0704  data: 0.0000  max mem: 11815
      ITM Evaluation: [14500/19848]  eta: 0:06:19    time: 0.0698  data: 0.0000  max mem: 11815
      ITM Evaluation: [14600/19848]  eta: 0:06:12    time: 0.0708  data: 0.0000  max mem: 11815
      ITM Evaluation: [14700/19848]  eta: 0:06:05    time: 0.0690  data: 0.0000  max mem: 11815
      ITM Evaluation: [14800/19848]  eta: 0:05:58    time: 0.0770  data: 0.0000  max mem: 11815
      ITM Evaluation: [14900/19848]  eta: 0:05:51    time: 0.0701  data: 0.0000  max mem: 11815
      ITM Evaluation: [15000/19848]  eta: 0:05:44    time: 0.0698  data: 0.0000  max mem: 11815
      ITM Evaluation: [15100/19848]  eta: 0:05:36    time: 0.0682  data: 0.0000  max mem: 11815
      ITM Evaluation: [15200/19848]  eta: 0:05:29    time: 0.0665  data: 0.0000  max mem: 11815
      ITM Evaluation: [15300/19848]  eta: 0:05:22    time: 0.0672  data: 0.0000  max mem: 11815
      ITM Evaluation: [15400/19848]  eta: 0:05:15    time: 0.0805  data: 0.0000  max mem: 11815
      ITM Evaluation: [15500/19848]  eta: 0:05:08    time: 0.0720  data: 0.0000  max mem: 11815
      ITM Evaluation: [15600/19848]  eta: 0:05:01    time: 0.0735  data: 0.0000  max mem: 11815
      ITM Evaluation: [15700/19848]  eta: 0:04:54    time: 0.0707  data: 0.0000  max mem: 11815
      ITM Evaluation: [15800/19848]  eta: 0:04:47    time: 0.0717  data: 0.0000  max mem: 11815
      ITM Evaluation: [15900/19848]  eta: 0:04:40    time: 0.0702  data: 0.0000  max mem: 11815
      ITM Evaluation: [16000/19848]  eta: 0:04:33    time: 0.0808  data: 0.0000  max mem: 11815
      ITM Evaluation: [16100/19848]  eta: 0:04:26    time: 0.0697  data: 0.0000  max mem: 11815
      ITM Evaluation: [16200/19848]  eta: 0:04:19    time: 0.0721  data: 0.0000  max mem: 11815
      ITM Evaluation: [16300/19848]  eta: 0:04:12    time: 0.0713  data: 0.0000  max mem: 11815
      ITM Evaluation: [16400/19848]  eta: 0:04:04    time: 0.0699  data: 0.0000  max mem: 11815
      ITM Evaluation: [16500/19848]  eta: 0:03:57    time: 0.0691  data: 0.0000  max mem: 11815
      ITM Evaluation: [16600/19848]  eta: 0:03:50    time: 0.0718  data: 0.0000  max mem: 11815
      ITM Evaluation: [16700/19848]  eta: 0:03:43    time: 0.0711  data: 0.0000  max mem: 11815
      ITM Evaluation: [16800/19848]  eta: 0:03:36    time: 0.0700  data: 0.0000  max mem: 11815
      ITM Evaluation: [16900/19848]  eta: 0:03:29    time: 0.0713  data: 0.0000  max mem: 11815
      ITM Evaluation: [17000/19848]  eta: 0:03:22    time: 0.0704  data: 0.0000  max mem: 11815
      ITM Evaluation: [17100/19848]  eta: 0:03:15    time: 0.0728  data: 0.0000  max mem: 11815
      ITM Evaluation: [17200/19848]  eta: 0:03:08    time: 0.0779  data: 0.0000  max mem: 11815
      ITM Evaluation: [17300/19848]  eta: 0:03:01    time: 0.0679  data: 0.0000  max mem: 11815
      ITM Evaluation: [17400/19848]  eta: 0:02:53    time: 0.0659  data: 0.0000  max mem: 11815
      ITM Evaluation: [17500/19848]  eta: 0:02:46    time: 0.0684  data: 0.0000  max mem: 11815
      ITM Evaluation: [17600/19848]  eta: 0:02:39    time: 0.0684  data: 0.0000  max mem: 11815
      ITM Evaluation: [17700/19848]  eta: 0:02:32    time: 0.0702  data: 0.0000  max mem: 11815
      ITM Evaluation: [17800/19848]  eta: 0:02:25    time: 0.0762  data: 0.0000  max mem: 11815
      ITM Evaluation: [17900/19848]  eta: 0:02:18    time: 0.0713  data: 0.0000  max mem: 11815
      ITM Evaluation: [18000/19848]  eta: 0:02:11    time: 0.0706  data: 0.0000  max mem: 11815
      ITM Evaluation: [18100/19848]  eta: 0:02:04    time: 0.0692  data: 0.0000  max mem: 11815
      ITM Evaluation: [18200/19848]  eta: 0:01:57    time: 0.0705  data: 0.0000  max mem: 11815
      ITM Evaluation: [18300/19848]  eta: 0:01:49    time: 0.0705  data: 0.0000  max mem: 11815
      ITM Evaluation: [18400/19848]  eta: 0:01:42    time: 0.0764  data: 0.0000  max mem: 11815
      ITM Evaluation: [18500/19848]  eta: 0:01:35    time: 0.0727  data: 0.0000  max mem: 11815
      ITM Evaluation: [18600/19848]  eta: 0:01:28    time: 0.0679  data: 0.0000  max mem: 11815
      ITM Evaluation: [18700/19848]  eta: 0:01:21    time: 0.0670  data: 0.0000  max mem: 11815
      ITM Evaluation: [18800/19848]  eta: 0:01:14    time: 0.0670  data: 0.0000  max mem: 11815
      ITM Evaluation: [18900/19848]  eta: 0:01:07    time: 0.0781  data: 0.0000  max mem: 11815
      ITM Evaluation: [19000/19848]  eta: 0:01:00    time: 0.0726  data: 0.0000  max mem: 11815
      ITM Evaluation: [19100/19848]  eta: 0:00:53    time: 0.0624  data: 0.0000  max mem: 11815
      ITM Evaluation: [19200/19848]  eta: 0:00:45    time: 0.0698  data: 0.0000  max mem: 11815
      ITM Evaluation: [19300/19848]  eta: 0:00:38    time: 0.0691  data: 0.0000  max mem: 11815
      ITM Evaluation: [19400/19848]  eta: 0:00:31    time: 0.0698  data: 0.0000  max mem: 11815
      ITM Evaluation: [19500/19848]  eta: 0:00:24    time: 0.0713  data: 0.0000  max mem: 11815
      ITM Evaluation: [19600/19848]  eta: 0:00:17    time: 0.0735  data: 0.0000  max mem: 11815
      ITM Evaluation: [19700/19848]  eta: 0:00:10    time: 0.0734  data: 0.0000  max mem: 11815
      ITM Evaluation: [19800/19848]  eta: 0:00:03    time: 0.0685  data: 0.0000  max mem: 11815
      ITM Evaluation: [19847/19848]  eta: 0:00:00    time: 0.0709  data: 0.0000  max mem: 11815
      ITM Evaluation: Total time: 0:23:29 (0.0710 s / it)
     total_time 1410.9698185920715
     Computing matching score time 0:23:30
### TTA ITM Score: 
+-------+--------+--------+--------+--------+--------+
| epoch |   R1   |   R5   |  R10   |  mAP   |  mINP  |
+-------+--------+--------+--------+--------+--------+
|  -999 | 63.014 | 79.484 | 85.041 | 40.411 | 10.184 |
|  -999 | 68.183 | 82.885 | 87.500 | 40.507 | 9.104  |
|   0   | 61.452 | 80.477 | 86.165 | 37.879 | 9.331  |
|   1   | 60.782 | 80.391 | 86.120 | 37.613 | 9.317  |
|   2   | 60.273 | 80.200 | 85.999 | 37.379 | 9.295  |
|   3   | 60.369 | 80.225 | 86.059 | 37.362 | 9.290  |
|   4   | 60.248 | 80.169 | 86.034 | 37.309 | 9.270  |
|   5   | 59.744 | 79.993 | 85.913 | 37.043 | 9.241  |
|   6   | 59.527 | 79.953 | 85.908 | 36.963 | 9.223  |
|   7   | 59.296 | 79.862 | 85.852 | 36.808 | 9.188  |
|   8   | 59.139 | 79.867 | 85.873 | 36.822 | 9.164  |
|   9   | 59.714 | 80.013 | 85.928 | 36.973 | 9.181  |
|   10  | 59.114 | 79.791 | 85.822 | 36.720 | 9.136  |
|   11  | 59.044 | 79.796 | 85.898 | 36.696 | 9.107  |
|   12  | 58.767 | 79.731 | 85.812 | 36.579 | 9.086  |
|   13  | 58.646 | 79.711 | 85.792 | 36.518 | 9.053  |
|   14  | 59.069 | 79.776 | 85.948 | 36.654 | 9.057  |
|   15  | 58.600 | 79.660 | 85.812 | 36.468 | 9.014  |
|   16  | 58.641 | 79.660 | 85.822 | 36.460 | 9.026  |
|   17  | 58.600 | 79.595 | 85.782 | 36.395 | 9.012  |
|   18  | 58.696 | 79.640 | 85.822 | 36.452 | 9.017  |
|   19  | 58.484 | 79.489 | 85.727 | 36.283 | 8.980  |
+-------+--------+--------+--------+--------+--------+
     logs:  {'epo': 19, 'R1': 58.484, 'R5': 79.489, 'R10': 85.727, 'mAP': 36.283, 'mINP': 8.98, 'lr': 7e-06, 'entropy': 0.246142, 'loss': 0.246142}
      TTA Epoch: [20] [  0/620]  eta: 0:24:10  lr: 0.000007  entropy: 0.2557  loss: 0.2557  time: 2.3387  data: 2.1914  max mem: 11815
      TTA Epoch: [20] [100/620]  eta: 0:00:54  lr: 0.000007  entropy: 0.1527  loss: 0.1527  time: 0.0778  data: 0.0002  max mem: 11815
      TTA Epoch: [20] [200/620]  eta: 0:00:38  lr: 0.000007  entropy: 0.2830  loss: 0.2830  time: 0.0788  data: 0.0003  max mem: 11815
      TTA Epoch: [20] [300/620]  eta: 0:00:28  lr: 0.000006  entropy: 0.3522  loss: 0.3522  time: 0.0808  data: 0.0002  max mem: 11815
      TTA Epoch: [20] [400/620]  eta: 0:00:18  lr: 0.000006  entropy: 0.2667  loss: 0.2667  time: 0.0787  data: 0.0002  max mem: 11815
      TTA Epoch: [20] [500/620]  eta: 0:00:10  lr: 0.000006  entropy: 0.2273  loss: 0.2273  time: 0.0770  data: 0.0002  max mem: 11815
      TTA Epoch: [20] [600/620]  eta: 0:00:01  lr: 0.000006  entropy: 0.1702  loss: 0.1702  time: 0.0856  data: 0.0002  max mem: 11815
      TTA Epoch: [20] [619/620]  eta: 0:00:00  lr: 0.000006  entropy: 0.2898  loss: 0.2898  time: 0.0787  data: 0.0003  max mem: 11815
      TTA Epoch: [20] Total time: 0:00:52 (0.0848 s / it)
     Averaged stats: lr: 0.0000  entropy: 0.2449  loss: 0.2449
     itm tta time 0:00:53
     Computing matching score
      ITM Evaluation: [    0/19848]  eta: 0:31:45    time: 0.0960  data: 0.0215  max mem: 11815
      ITM Evaluation: [  100/19848]  eta: 0:23:33    time: 0.0709  data: 0.0000  max mem: 11815
      ITM Evaluation: [  200/19848]  eta: 0:23:32    time: 0.0704  data: 0.0000  max mem: 11815
      ITM Evaluation: [  300/19848]  eta: 0:23:17    time: 0.0709  data: 0.0000  max mem: 11815
      ITM Evaluation: [  400/19848]  eta: 0:23:23    time: 0.0751  data: 0.0000  max mem: 11815
      ITM Evaluation: [  500/19848]  eta: 0:23:22    time: 0.0732  data: 0.0000  max mem: 11815
      ITM Evaluation: [  600/19848]  eta: 0:23:19    time: 0.0703  data: 0.0000  max mem: 11815
      ITM Evaluation: [  700/19848]  eta: 0:23:03    time: 0.0705  data: 0.0000  max mem: 11815
      ITM Evaluation: [  800/19848]  eta: 0:22:55    time: 0.0697  data: 0.0000  max mem: 11815
      ITM Evaluation: [  900/19848]  eta: 0:22:46    time: 0.0744  data: 0.0000  max mem: 11815
      ITM Evaluation: [ 1000/19848]  eta: 0:22:41    time: 0.0704  data: 0.0000  max mem: 11815
      ITM Evaluation: [ 1100/19848]  eta: 0:22:38    time: 0.0766  data: 0.0000  max mem: 11815
      ITM Evaluation: [ 1200/19848]  eta: 0:22:32    time: 0.0699  data: 0.0000  max mem: 11815
      ITM Evaluation: [ 1300/19848]  eta: 0:22:18    time: 0.0687  data: 0.0000  max mem: 11815
      ITM Evaluation: [ 1400/19848]  eta: 0:22:07    time: 0.0720  data: 0.0000  max mem: 11815
      ITM Evaluation: [ 1500/19848]  eta: 0:22:00    time: 0.0747  data: 0.0000  max mem: 11815
      ITM Evaluation: [ 1600/19848]  eta: 0:21:52    time: 0.0708  data: 0.0000  max mem: 11815
      ITM Evaluation: [ 1700/19848]  eta: 0:21:45    time: 0.0718  data: 0.0000  max mem: 11815
      ITM Evaluation: [ 1800/19848]  eta: 0:21:39    time: 0.0704  data: 0.0000  max mem: 11815
      ITM Evaluation: [ 1900/19848]  eta: 0:21:30    time: 0.0698  data: 0.0000  max mem: 11815
      ITM Evaluation: [ 2000/19848]  eta: 0:21:21    time: 0.0703  data: 0.0000  max mem: 11815
      ITM Evaluation: [ 2100/19848]  eta: 0:21:16    time: 0.0741  data: 0.0000  max mem: 11815
      ITM Evaluation: [ 2200/19848]  eta: 0:21:08    time: 0.0703  data: 0.0000  max mem: 11815
      ITM Evaluation: [ 2300/19848]  eta: 0:21:02    time: 0.0742  data: 0.0000  max mem: 11815
      ITM Evaluation: [ 2400/19848]  eta: 0:20:58    time: 0.0777  data: 0.0000  max mem: 11815
      ITM Evaluation: [ 2500/19848]  eta: 0:20:50    time: 0.0730  data: 0.0000  max mem: 11815
      ITM Evaluation: [ 2600/19848]  eta: 0:20:42    time: 0.0730  data: 0.0000  max mem: 11815
      ITM Evaluation: [ 2700/19848]  eta: 0:20:37    time: 0.0727  data: 0.0000  max mem: 11815
      ITM Evaluation: [ 2800/19848]  eta: 0:20:29    time: 0.0714  data: 0.0000  max mem: 11815
      ITM Evaluation: [ 2900/19848]  eta: 0:20:22    time: 0.0737  data: 0.0000  max mem: 11815
      ITM Evaluation: [ 3000/19848]  eta: 0:20:16    time: 0.0748  data: 0.0000  max mem: 11815
      ITM Evaluation: [ 3100/19848]  eta: 0:20:07    time: 0.0696  data: 0.0000  max mem: 11815
      ITM Evaluation: [ 3200/19848]  eta: 0:20:01    time: 0.0807  data: 0.0000  max mem: 11815
      ITM Evaluation: [ 3300/19848]  eta: 0:19:56    time: 0.0733  data: 0.0000  max mem: 11815
      ITM Evaluation: [ 3400/19848]  eta: 0:19:48    time: 0.0693  data: 0.0000  max mem: 11815
      ITM Evaluation: [ 3500/19848]  eta: 0:19:40    time: 0.0716  data: 0.0000  max mem: 11815
      ITM Evaluation: [ 3600/19848]  eta: 0:19:33    time: 0.0704  data: 0.0000  max mem: 11815
      ITM Evaluation: [ 3700/19848]  eta: 0:19:25    time: 0.0699  data: 0.0000  max mem: 11815
      ITM Evaluation: [ 3800/19848]  eta: 0:19:17    time: 0.0687  data: 0.0000  max mem: 11815
      ITM Evaluation: [ 3900/19848]  eta: 0:19:10    time: 0.0706  data: 0.0000  max mem: 11815
      ITM Evaluation: [ 4000/19848]  eta: 0:19:01    time: 0.0703  data: 0.0000  max mem: 11815
      ITM Evaluation: [ 4100/19848]  eta: 0:18:53    time: 0.0716  data: 0.0000  max mem: 11815
      ITM Evaluation: [ 4200/19848]  eta: 0:18:47    time: 0.0737  data: 0.0000  max mem: 11815
      ITM Evaluation: [ 4300/19848]  eta: 0:18:39    time: 0.0677  data: 0.0000  max mem: 11815
      ITM Evaluation: [ 4400/19848]  eta: 0:18:32    time: 0.0740  data: 0.0000  max mem: 11815
      ITM Evaluation: [ 4500/19848]  eta: 0:18:25    time: 0.0711  data: 0.0000  max mem: 11815
      ITM Evaluation: [ 4600/19848]  eta: 0:18:17    time: 0.0688  data: 0.0000  max mem: 11815
      ITM Evaluation: [ 4700/19848]  eta: 0:18:09    time: 0.0699  data: 0.0000  max mem: 11815
      ITM Evaluation: [ 4800/19848]  eta: 0:18:02    time: 0.0729  data: 0.0000  max mem: 11815
      ITM Evaluation: [ 4900/19848]  eta: 0:17:56    time: 0.0712  data: 0.0000  max mem: 11815
      ITM Evaluation: [ 5000/19848]  eta: 0:17:49    time: 0.0766  data: 0.0000  max mem: 11815
      ITM Evaluation: [ 5100/19848]  eta: 0:17:42    time: 0.0772  data: 0.0000  max mem: 11815
      ITM Evaluation: [ 5200/19848]  eta: 0:17:34    time: 0.0735  data: 0.0000  max mem: 11815
      ITM Evaluation: [ 5300/19848]  eta: 0:17:26    time: 0.0705  data: 0.0000  max mem: 11815
      ITM Evaluation: [ 5400/19848]  eta: 0:17:20    time: 0.0723  data: 0.0000  max mem: 11815
      ITM Evaluation: [ 5500/19848]  eta: 0:17:12    time: 0.0677  data: 0.0000  max mem: 11815
      ITM Evaluation: [ 5600/19848]  eta: 0:17:04    time: 0.0715  data: 0.0000  max mem: 11815
      ITM Evaluation: [ 5700/19848]  eta: 0:16:57    time: 0.0711  data: 0.0000  max mem: 11815
      ITM Evaluation: [ 5800/19848]  eta: 0:16:50    time: 0.0720  data: 0.0000  max mem: 11815
      ITM Evaluation: [ 5900/19848]  eta: 0:16:42    time: 0.0703  data: 0.0000  max mem: 11815
      ITM Evaluation: [ 6000/19848]  eta: 0:16:35    time: 0.0744  data: 0.0000  max mem: 11815
      ITM Evaluation: [ 6100/19848]  eta: 0:16:28    time: 0.0679  data: 0.0000  max mem: 11815
      ITM Evaluation: [ 6200/19848]  eta: 0:16:20    time: 0.0686  data: 0.0000  max mem: 11815
      ITM Evaluation: [ 6300/19848]  eta: 0:16:12    time: 0.0710  data: 0.0000  max mem: 11815
      ITM Evaluation: [ 6400/19848]  eta: 0:16:04    time: 0.0684  data: 0.0000  max mem: 11815
      ITM Evaluation: [ 6500/19848]  eta: 0:15:57    time: 0.0699  data: 0.0000  max mem: 11815
      ITM Evaluation: [ 6600/19848]  eta: 0:15:50    time: 0.0740  data: 0.0000  max mem: 11815
      ITM Evaluation: [ 6700/19848]  eta: 0:15:43    time: 0.0703  data: 0.0000  max mem: 11815
      ITM Evaluation: [ 6800/19848]  eta: 0:15:35    time: 0.0708  data: 0.0000  max mem: 11815
      ITM Evaluation: [ 6900/19848]  eta: 0:15:28    time: 0.0721  data: 0.0000  max mem: 11815
      ITM Evaluation: [ 7000/19848]  eta: 0:15:20    time: 0.0703  data: 0.0000  max mem: 11815
      ITM Evaluation: [ 7100/19848]  eta: 0:15:12    time: 0.0674  data: 0.0000  max mem: 11815
      ITM Evaluation: [ 7200/19848]  eta: 0:15:05    time: 0.0743  data: 0.0000  max mem: 11815
      ITM Evaluation: [ 7300/19848]  eta: 0:14:58    time: 0.0742  data: 0.0000  max mem: 11815
      ITM Evaluation: [ 7400/19848]  eta: 0:14:50    time: 0.0656  data: 0.0000  max mem: 11815
      ITM Evaluation: [ 7500/19848]  eta: 0:14:43    time: 0.0724  data: 0.0000  max mem: 11815
      ITM Evaluation: [ 7600/19848]  eta: 0:14:35    time: 0.0658  data: 0.0000  max mem: 11815
      ITM Evaluation: [ 7700/19848]  eta: 0:14:27    time: 0.0676  data: 0.0000  max mem: 11815
      ITM Evaluation: [ 7800/19848]  eta: 0:14:20    time: 0.0694  data: 0.0000  max mem: 11815
      ITM Evaluation: [ 7900/19848]  eta: 0:14:13    time: 0.0780  data: 0.0000  max mem: 11815
      ITM Evaluation: [ 8000/19848]  eta: 0:14:06    time: 0.0640  data: 0.0000  max mem: 11815
      ITM Evaluation: [ 8100/19848]  eta: 0:13:58    time: 0.0700  data: 0.0000  max mem: 11815
      ITM Evaluation: [ 8200/19848]  eta: 0:13:51    time: 0.0696  data: 0.0000  max mem: 11815
      ITM Evaluation: [ 8300/19848]  eta: 0:13:43    time: 0.0715  data: 0.0000  max mem: 11815
      ITM Evaluation: [ 8400/19848]  eta: 0:13:36    time: 0.0693  data: 0.0000  max mem: 11815
      ITM Evaluation: [ 8500/19848]  eta: 0:13:29    time: 0.0842  data: 0.0000  max mem: 11815
      ITM Evaluation: [ 8600/19848]  eta: 0:13:22    time: 0.0678  data: 0.0000  max mem: 11815
      ITM Evaluation: [ 8700/19848]  eta: 0:13:15    time: 0.0707  data: 0.0000  max mem: 11815
      ITM Evaluation: [ 8800/19848]  eta: 0:13:08    time: 0.0683  data: 0.0000  max mem: 11815
      ITM Evaluation: [ 8900/19848]  eta: 0:13:00    time: 0.0683  data: 0.0000  max mem: 11815
      ITM Evaluation: [ 9000/19848]  eta: 0:12:53    time: 0.0673  data: 0.0000  max mem: 11815
      ITM Evaluation: [ 9100/19848]  eta: 0:12:45    time: 0.0734  data: 0.0000  max mem: 11815
      ITM Evaluation: [ 9200/19848]  eta: 0:12:37    time: 0.0672  data: 0.0000  max mem: 11815
      ITM Evaluation: [ 9300/19848]  eta: 0:12:30    time: 0.0701  data: 0.0000  max mem: 11815
      ITM Evaluation: [ 9400/19848]  eta: 0:12:23    time: 0.0728  data: 0.0000  max mem: 11815
      ITM Evaluation: [ 9500/19848]  eta: 0:12:15    time: 0.0677  data: 0.0000  max mem: 11815
      ITM Evaluation: [ 9600/19848]  eta: 0:12:08    time: 0.0689  data: 0.0000  max mem: 11815
      ITM Evaluation: [ 9700/19848]  eta: 0:12:01    time: 0.0748  data: 0.0000  max mem: 11815
      ITM Evaluation: [ 9800/19848]  eta: 0:11:54    time: 0.0715  data: 0.0000  max mem: 11815
      ITM Evaluation: [ 9900/19848]  eta: 0:11:46    time: 0.0657  data: 0.0000  max mem: 11815
      ITM Evaluation: [10000/19848]  eta: 0:11:39    time: 0.0703  data: 0.0000  max mem: 11815
      ITM Evaluation: [10100/19848]  eta: 0:11:31    time: 0.0666  data: 0.0000  max mem: 11815
      ITM Evaluation: [10200/19848]  eta: 0:11:24    time: 0.0666  data: 0.0000  max mem: 11815
      ITM Evaluation: [10300/19848]  eta: 0:11:17    time: 0.0697  data: 0.0000  max mem: 11815
      ITM Evaluation: [10400/19848]  eta: 0:11:10    time: 0.0726  data: 0.0000  max mem: 11815
      ITM Evaluation: [10500/19848]  eta: 0:11:02    time: 0.0665  data: 0.0000  max mem: 11815
      ITM Evaluation: [10600/19848]  eta: 0:10:55    time: 0.0634  data: 0.0000  max mem: 11815
      ITM Evaluation: [10700/19848]  eta: 0:10:47    time: 0.0673  data: 0.0000  max mem: 11815
      ITM Evaluation: [10800/19848]  eta: 0:10:40    time: 0.0674  data: 0.0000  max mem: 11815
      ITM Evaluation: [10900/19848]  eta: 0:10:32    time: 0.0659  data: 0.0000  max mem: 11815
      ITM Evaluation: [11000/19848]  eta: 0:10:25    time: 0.0741  data: 0.0000  max mem: 11815
      ITM Evaluation: [11100/19848]  eta: 0:10:18    time: 0.0655  data: 0.0000  max mem: 11815
      ITM Evaluation: [11200/19848]  eta: 0:10:11    time: 0.0678  data: 0.0000  max mem: 11815
      ITM Evaluation: [11300/19848]  eta: 0:10:04    time: 0.0673  data: 0.0000  max mem: 11815
      ITM Evaluation: [11400/19848]  eta: 0:09:56    time: 0.0673  data: 0.0000  max mem: 11815
      ITM Evaluation: [11500/19848]  eta: 0:09:49    time: 0.0672  data: 0.0000  max mem: 11815
      ITM Evaluation: [11600/19848]  eta: 0:09:42    time: 0.0704  data: 0.0000  max mem: 11815
      ITM Evaluation: [11700/19848]  eta: 0:09:35    time: 0.0739  data: 0.0000  max mem: 11815
      ITM Evaluation: [11800/19848]  eta: 0:09:27    time: 0.0640  data: 0.0000  max mem: 11815
      ITM Evaluation: [11900/19848]  eta: 0:09:20    time: 0.0633  data: 0.0000  max mem: 11815
      ITM Evaluation: [12000/19848]  eta: 0:09:12    time: 0.0650  data: 0.0000  max mem: 11815
      ITM Evaluation: [12100/19848]  eta: 0:09:05    time: 0.0625  data: 0.0000  max mem: 11815
      ITM Evaluation: [12200/19848]  eta: 0:08:57    time: 0.0637  data: 0.0000  max mem: 11815
      ITM Evaluation: [12300/19848]  eta: 0:08:50    time: 0.0743  data: 0.0000  max mem: 11815
      ITM Evaluation: [12400/19848]  eta: 0:08:43    time: 0.0737  data: 0.0000  max mem: 11815
      ITM Evaluation: [12500/19848]  eta: 0:08:36    time: 0.0680  data: 0.0000  max mem: 11815
      ITM Evaluation: [12600/19848]  eta: 0:08:29    time: 0.0689  data: 0.0000  max mem: 11815
      ITM Evaluation: [12700/19848]  eta: 0:08:22    time: 0.0688  data: 0.0000  max mem: 11815
      ITM Evaluation: [12800/19848]  eta: 0:08:15    time: 0.0687  data: 0.0000  max mem: 11815
      ITM Evaluation: [12900/19848]  eta: 0:08:08    time: 0.0730  data: 0.0000  max mem: 11815
      ITM Evaluation: [13000/19848]  eta: 0:08:01    time: 0.0717  data: 0.0000  max mem: 11815
      ITM Evaluation: [13100/19848]  eta: 0:07:54    time: 0.0641  data: 0.0000  max mem: 11815
      ITM Evaluation: [13200/19848]  eta: 0:07:46    time: 0.0645  data: 0.0000  max mem: 11815
      ITM Evaluation: [13300/19848]  eta: 0:07:39    time: 0.0647  data: 0.0000  max mem: 11815
      ITM Evaluation: [13400/19848]  eta: 0:07:32    time: 0.0647  data: 0.0000  max mem: 11815
      ITM Evaluation: [13500/19848]  eta: 0:07:24    time: 0.0686  data: 0.0000  max mem: 11815
      ITM Evaluation: [13600/19848]  eta: 0:07:17    time: 0.0658  data: 0.0000  max mem: 11815
      ITM Evaluation: [13700/19848]  eta: 0:07:10    time: 0.0679  data: 0.0000  max mem: 11815
      ITM Evaluation: [13800/19848]  eta: 0:07:03    time: 0.0645  data: 0.0000  max mem: 11815
      ITM Evaluation: [13900/19848]  eta: 0:06:56    time: 0.0656  data: 0.0000  max mem: 11815
      ITM Evaluation: [14000/19848]  eta: 0:06:49    time: 0.0659  data: 0.0000  max mem: 11815
      ITM Evaluation: [14100/19848]  eta: 0:06:42    time: 0.0705  data: 0.0000  max mem: 11815
      ITM Evaluation: [14200/19848]  eta: 0:06:34    time: 0.0701  data: 0.0000  max mem: 11815
      ITM Evaluation: [14300/19848]  eta: 0:06:27    time: 0.0742  data: 0.0000  max mem: 11815
      ITM Evaluation: [14400/19848]  eta: 0:06:20    time: 0.0647  data: 0.0000  max mem: 11815
      ITM Evaluation: [14500/19848]  eta: 0:06:13    time: 0.0638  data: 0.0000  max mem: 11815
      ITM Evaluation: [14600/19848]  eta: 0:06:06    time: 0.0655  data: 0.0000  max mem: 11815
      ITM Evaluation: [14700/19848]  eta: 0:05:59    time: 0.0649  data: 0.0000  max mem: 11815
      ITM Evaluation: [14800/19848]  eta: 0:05:52    time: 0.0648  data: 0.0000  max mem: 11815
      ITM Evaluation: [14900/19848]  eta: 0:05:45    time: 0.0725  data: 0.0000  max mem: 11815
      ITM Evaluation: [15000/19848]  eta: 0:05:38    time: 0.0654  data: 0.0000  max mem: 11815
      ITM Evaluation: [15100/19848]  eta: 0:05:31    time: 0.0661  data: 0.0000  max mem: 11815
      ITM Evaluation: [15200/19848]  eta: 0:05:24    time: 0.0682  data: 0.0000  max mem: 11815
      ITM Evaluation: [15300/19848]  eta: 0:05:17    time: 0.0661  data: 0.0000  max mem: 11815
      ITM Evaluation: [15400/19848]  eta: 0:05:10    time: 0.0679  data: 0.0000  max mem: 11815
      ITM Evaluation: [15500/19848]  eta: 0:05:03    time: 0.0697  data: 0.0000  max mem: 11815
      ITM Evaluation: [15600/19848]  eta: 0:04:56    time: 0.0783  data: 0.0000  max mem: 11815
      ITM Evaluation: [15700/19848]  eta: 0:04:49    time: 0.0665  data: 0.0000  max mem: 11815
      ITM Evaluation: [15800/19848]  eta: 0:04:42    time: 0.0672  data: 0.0000  max mem: 11815
      ITM Evaluation: [15900/19848]  eta: 0:04:35    time: 0.0683  data: 0.0000  max mem: 11815
      ITM Evaluation: [16000/19848]  eta: 0:04:28    time: 0.0700  data: 0.0000  max mem: 11815
      ITM Evaluation: [16100/19848]  eta: 0:04:21    time: 0.0705  data: 0.0000  max mem: 11815
      ITM Evaluation: [16200/19848]  eta: 0:04:14    time: 0.0706  data: 0.0000  max mem: 11815
      ITM Evaluation: [16300/19848]  eta: 0:04:07    time: 0.0643  data: 0.0000  max mem: 11815
      ITM Evaluation: [16400/19848]  eta: 0:04:00    time: 0.0669  data: 0.0000  max mem: 11815
      ITM Evaluation: [16500/19848]  eta: 0:03:53    time: 0.0659  data: 0.0000  max mem: 11815
      ITM Evaluation: [16600/19848]  eta: 0:03:46    time: 0.0711  data: 0.0000  max mem: 11815
      ITM Evaluation: [16700/19848]  eta: 0:03:39    time: 0.0685  data: 0.0000  max mem: 11815
      ITM Evaluation: [16800/19848]  eta: 0:03:32    time: 0.0757  data: 0.0000  max mem: 11815
      ITM Evaluation: [16900/19848]  eta: 0:03:25    time: 0.0667  data: 0.0000  max mem: 11815
      ITM Evaluation: [17000/19848]  eta: 0:03:18    time: 0.0652  data: 0.0000  max mem: 11815
      ITM Evaluation: [17100/19848]  eta: 0:03:11    time: 0.0658  data: 0.0000  max mem: 11815
      ITM Evaluation: [17200/19848]  eta: 0:03:04    time: 0.0650  data: 0.0000  max mem: 11815
      ITM Evaluation: [17300/19848]  eta: 0:02:57    time: 0.0719  data: 0.0000  max mem: 11815
      ITM Evaluation: [17400/19848]  eta: 0:02:50    time: 0.0724  data: 0.0000  max mem: 11815
      ITM Evaluation: [17500/19848]  eta: 0:02:43    time: 0.0732  data: 0.0000  max mem: 11815
      ITM Evaluation: [17600/19848]  eta: 0:02:36    time: 0.0717  data: 0.0000  max mem: 11815
      ITM Evaluation: [17700/19848]  eta: 0:02:29    time: 0.0685  data: 0.0000  max mem: 11815
      ITM Evaluation: [17800/19848]  eta: 0:02:22    time: 0.0673  data: 0.0000  max mem: 11815
      ITM Evaluation: [17900/19848]  eta: 0:02:15    time: 0.0687  data: 0.0000  max mem: 11815
      ITM Evaluation: [18000/19848]  eta: 0:02:08    time: 0.0713  data: 0.0000  max mem: 11815
      ITM Evaluation: [18100/19848]  eta: 0:02:01    time: 0.0859  data: 0.0000  max mem: 11815
      ITM Evaluation: [18200/19848]  eta: 0:01:55    time: 0.0659  data: 0.0000  max mem: 11815
      ITM Evaluation: [18300/19848]  eta: 0:01:48    time: 0.0689  data: 0.0000  max mem: 11815
      ITM Evaluation: [18400/19848]  eta: 0:01:41    time: 0.0669  data: 0.0000  max mem: 11815
      ITM Evaluation: [18500/19848]  eta: 0:01:34    time: 0.0631  data: 0.0000  max mem: 11815
      ITM Evaluation: [18600/19848]  eta: 0:01:27    time: 0.0675  data: 0.0000  max mem: 11815
      ITM Evaluation: [18700/19848]  eta: 0:01:20    time: 0.0771  data: 0.0000  max mem: 11815
      ITM Evaluation: [18800/19848]  eta: 0:01:13    time: 0.0711  data: 0.0000  max mem: 11815
      ITM Evaluation: [18900/19848]  eta: 0:01:06    time: 0.0688  data: 0.0000  max mem: 11815
      ITM Evaluation: [19000/19848]  eta: 0:00:59    time: 0.0689  data: 0.0000  max mem: 11815
      ITM Evaluation: [19100/19848]  eta: 0:00:52    time: 0.0668  data: 0.0000  max mem: 11815
      ITM Evaluation: [19200/19848]  eta: 0:00:45    time: 0.0662  data: 0.0000  max mem: 11815
      ITM Evaluation: [19300/19848]  eta: 0:00:38    time: 0.0701  data: 0.0000  max mem: 11815
      ITM Evaluation: [19400/19848]  eta: 0:00:31    time: 0.0780  data: 0.0000  max mem: 11815
      ITM Evaluation: [19500/19848]  eta: 0:00:24    time: 0.0723  data: 0.0000  max mem: 11815
      ITM Evaluation: [19600/19848]  eta: 0:00:17    time: 0.0787  data: 0.0000  max mem: 11815
      ITM Evaluation: [19700/19848]  eta: 0:00:10    time: 0.0624  data: 0.0000  max mem: 11815
      ITM Evaluation: [19800/19848]  eta: 0:00:03    time: 0.0650  data: 0.0000  max mem: 11815
      ITM Evaluation: [19847/19848]  eta: 0:00:00    time: 0.0659  data: 0.0000  max mem: 11815
      ITM Evaluation: Total time: 0:23:05 (0.0698 s / it)
     total_time 1387.5164289474487
     Computing matching score time 0:23:07
### TTA ITM Score: 
+-------+--------+--------+--------+--------+--------+
| epoch |   R1   |   R5   |  R10   |  mAP   |  mINP  |
+-------+--------+--------+--------+--------+--------+
|  -999 | 63.014 | 79.484 | 85.041 | 40.411 | 10.184 |
|  -999 | 68.183 | 82.885 | 87.500 | 40.507 | 9.104  |
|   0   | 61.452 | 80.477 | 86.165 | 37.879 | 9.331  |
|   1   | 60.782 | 80.391 | 86.120 | 37.613 | 9.317  |
|   2   | 60.273 | 80.200 | 85.999 | 37.379 | 9.295  |
|   3   | 60.369 | 80.225 | 86.059 | 37.362 | 9.290  |
|   4   | 60.248 | 80.169 | 86.034 | 37.309 | 9.270  |
|   5   | 59.744 | 79.993 | 85.913 | 37.043 | 9.241  |
|   6   | 59.527 | 79.953 | 85.908 | 36.963 | 9.223  |
|   7   | 59.296 | 79.862 | 85.852 | 36.808 | 9.188  |
|   8   | 59.139 | 79.867 | 85.873 | 36.822 | 9.164  |
|   9   | 59.714 | 80.013 | 85.928 | 36.973 | 9.181  |
|   10  | 59.114 | 79.791 | 85.822 | 36.720 | 9.136  |
|   11  | 59.044 | 79.796 | 85.898 | 36.696 | 9.107  |
|   12  | 58.767 | 79.731 | 85.812 | 36.579 | 9.086  |
|   13  | 58.646 | 79.711 | 85.792 | 36.518 | 9.053  |
|   14  | 59.069 | 79.776 | 85.948 | 36.654 | 9.057  |
|   15  | 58.600 | 79.660 | 85.812 | 36.468 | 9.014  |
|   16  | 58.641 | 79.660 | 85.822 | 36.460 | 9.026  |
|   17  | 58.600 | 79.595 | 85.782 | 36.395 | 9.012  |
|   18  | 58.696 | 79.640 | 85.822 | 36.452 | 9.017  |
|   19  | 58.484 | 79.489 | 85.727 | 36.283 | 8.980  |
|   20  | 58.343 | 79.419 | 85.711 | 36.203 | 8.959  |
+-------+--------+--------+--------+--------+--------+
     logs:  {'epo': 20, 'R1': 58.343, 'R5': 79.419, 'R10': 85.711, 'mAP': 36.203, 'mINP': 8.959, 'lr': 6e-06, 'entropy': 0.244868, 'loss': 0.244868}
      TTA Epoch: [21] [  0/620]  eta: 0:17:36  lr: 0.000006  entropy: 0.1755  loss: 0.1755  time: 1.7044  data: 1.5844  max mem: 11815
      TTA Epoch: [21] [100/620]  eta: 0:00:55  lr: 0.000006  entropy: 0.1934  loss: 0.1934  time: 0.0879  data: 0.0002  max mem: 11815
      TTA Epoch: [21] [200/620]  eta: 0:00:40  lr: 0.000006  entropy: 0.2241  loss: 0.2241  time: 0.0827  data: 0.0003  max mem: 11815
      TTA Epoch: [21] [300/620]  eta: 0:00:29  lr: 0.000006  entropy: 0.2426  loss: 0.2426  time: 0.0905  data: 0.0003  max mem: 11815
      TTA Epoch: [21] [400/620]  eta: 0:00:20  lr: 0.000006  entropy: 0.3304  loss: 0.3304  time: 0.0943  data: 0.0003  max mem: 11815
      TTA Epoch: [21] [500/620]  eta: 0:00:10  lr: 0.000006  entropy: 0.3448  loss: 0.3448  time: 0.0838  data: 0.0003  max mem: 11815
      TTA Epoch: [21] [600/620]  eta: 0:00:01  lr: 0.000005  entropy: 0.3526  loss: 0.3526  time: 0.0839  data: 0.0007  max mem: 11815
      TTA Epoch: [21] [619/620]  eta: 0:00:00  lr: 0.000005  entropy: 0.3742  loss: 0.3742  time: 0.0797  data: 0.0002  max mem: 11815
      TTA Epoch: [21] Total time: 0:00:56 (0.0905 s / it)
     Averaged stats: lr: 0.0000  entropy: 0.2413  loss: 0.2413
     itm tta time 0:00:56
     Computing matching score
      ITM Evaluation: [    0/19848]  eta: 0:34:15    time: 0.1036  data: 0.0281  max mem: 11815
      ITM Evaluation: [  100/19848]  eta: 0:23:31    time: 0.0710  data: 0.0000  max mem: 11815
      ITM Evaluation: [  200/19848]  eta: 0:23:21    time: 0.0664  data: 0.0000  max mem: 11815
      ITM Evaluation: [  300/19848]  eta: 0:23:02    time: 0.0696  data: 0.0000  max mem: 11815
      ITM Evaluation: [  400/19848]  eta: 0:22:49    time: 0.0712  data: 0.0000  max mem: 11815
      ITM Evaluation: [  500/19848]  eta: 0:22:57    time: 0.0752  data: 0.0000  max mem: 11815
      ITM Evaluation: [  600/19848]  eta: 0:22:54    time: 0.0686  data: 0.0000  max mem: 11815
      ITM Evaluation: [  700/19848]  eta: 0:22:45    time: 0.0726  data: 0.0000  max mem: 11815
      ITM Evaluation: [  800/19848]  eta: 0:22:41    time: 0.0724  data: 0.0000  max mem: 11815
      ITM Evaluation: [  900/19848]  eta: 0:22:33    time: 0.0708  data: 0.0000  max mem: 11815
      ITM Evaluation: [ 1000/19848]  eta: 0:22:23    time: 0.0728  data: 0.0000  max mem: 11815
      ITM Evaluation: [ 1100/19848]  eta: 0:22:17    time: 0.0704  data: 0.0000  max mem: 11815
      ITM Evaluation: [ 1200/19848]  eta: 0:22:14    time: 0.0718  data: 0.0000  max mem: 11815
      ITM Evaluation: [ 1300/19848]  eta: 0:22:07    time: 0.0718  data: 0.0000  max mem: 11815
      ITM Evaluation: [ 1400/19848]  eta: 0:21:56    time: 0.0738  data: 0.0000  max mem: 11815
      ITM Evaluation: [ 1500/19848]  eta: 0:21:50    time: 0.0691  data: 0.0000  max mem: 11815
      ITM Evaluation: [ 1600/19848]  eta: 0:21:43    time: 0.0732  data: 0.0000  max mem: 11815
      ITM Evaluation: [ 1700/19848]  eta: 0:21:38    time: 0.0749  data: 0.0000  max mem: 11815
      ITM Evaluation: [ 1800/19848]  eta: 0:21:36    time: 0.0760  data: 0.0000  max mem: 11815
      ITM Evaluation: [ 1900/19848]  eta: 0:21:32    time: 0.0759  data: 0.0000  max mem: 11815
      ITM Evaluation: [ 2000/19848]  eta: 0:21:27    time: 0.0686  data: 0.0000  max mem: 11815
      ITM Evaluation: [ 2100/19848]  eta: 0:21:17    time: 0.0690  data: 0.0000  max mem: 11815
      ITM Evaluation: [ 2200/19848]  eta: 0:21:08    time: 0.0706  data: 0.0000  max mem: 11815
      ITM Evaluation: [ 2300/19848]  eta: 0:20:59    time: 0.0693  data: 0.0000  max mem: 11815
      ITM Evaluation: [ 2400/19848]  eta: 0:20:49    time: 0.0700  data: 0.0000  max mem: 11815
      ITM Evaluation: [ 2500/19848]  eta: 0:20:44    time: 0.0748  data: 0.0000  max mem: 11815
      ITM Evaluation: [ 2600/19848]  eta: 0:20:35    time: 0.0672  data: 0.0000  max mem: 11815
      ITM Evaluation: [ 2700/19848]  eta: 0:20:26    time: 0.0691  data: 0.0000  max mem: 11815
      ITM Evaluation: [ 2800/19848]  eta: 0:20:18    time: 0.0703  data: 0.0000  max mem: 11815
      ITM Evaluation: [ 2900/19848]  eta: 0:20:09    time: 0.0671  data: 0.0000  max mem: 11815
      ITM Evaluation: [ 3000/19848]  eta: 0:20:01    time: 0.0724  data: 0.0000  max mem: 11815
      ITM Evaluation: [ 3100/19848]  eta: 0:19:56    time: 0.0798  data: 0.0000  max mem: 11815
      ITM Evaluation: [ 3200/19848]  eta: 0:19:49    time: 0.0746  data: 0.0000  max mem: 11815
      ITM Evaluation: [ 3300/19848]  eta: 0:19:43    time: 0.0720  data: 0.0000  max mem: 11815
      ITM Evaluation: [ 3400/19848]  eta: 0:19:38    time: 0.0771  data: 0.0000  max mem: 11815
      ITM Evaluation: [ 3500/19848]  eta: 0:19:31    time: 0.0704  data: 0.0000  max mem: 11815
      ITM Evaluation: [ 3600/19848]  eta: 0:19:21    time: 0.0588  data: 0.0000  max mem: 11815
      ITM Evaluation: [ 3700/19848]  eta: 0:19:12    time: 0.0649  data: 0.0000  max mem: 11815
      ITM Evaluation: [ 3800/19848]  eta: 0:19:03    time: 0.0687  data: 0.0000  max mem: 11815
      ITM Evaluation: [ 3900/19848]  eta: 0:18:55    time: 0.0679  data: 0.0000  max mem: 11815
      ITM Evaluation: [ 4000/19848]  eta: 0:18:49    time: 0.0785  data: 0.0000  max mem: 11815
      ITM Evaluation: [ 4100/19848]  eta: 0:18:46    time: 0.0806  data: 0.0000  max mem: 11815
      ITM Evaluation: [ 4200/19848]  eta: 0:18:39    time: 0.0733  data: 0.0000  max mem: 11815
      ITM Evaluation: [ 4300/19848]  eta: 0:18:31    time: 0.0704  data: 0.0000  max mem: 11815
      ITM Evaluation: [ 4400/19848]  eta: 0:18:23    time: 0.0690  data: 0.0000  max mem: 11815
      ITM Evaluation: [ 4500/19848]  eta: 0:18:15    time: 0.0679  data: 0.0000  max mem: 11815
      ITM Evaluation: [ 4600/19848]  eta: 0:18:07    time: 0.0729  data: 0.0000  max mem: 11815
      ITM Evaluation: [ 4700/19848]  eta: 0:18:02    time: 0.0807  data: 0.0000  max mem: 11815
      ITM Evaluation: [ 4800/19848]  eta: 0:17:56    time: 0.0711  data: 0.0000  max mem: 11815
      ITM Evaluation: [ 4900/19848]  eta: 0:17:48    time: 0.0697  data: 0.0000  max mem: 11815
      ITM Evaluation: [ 5000/19848]  eta: 0:17:40    time: 0.0690  data: 0.0000  max mem: 11815
      ITM Evaluation: [ 5100/19848]  eta: 0:17:33    time: 0.0693  data: 0.0000  max mem: 11815
      ITM Evaluation: [ 5200/19848]  eta: 0:17:25    time: 0.0719  data: 0.0000  max mem: 11815
      ITM Evaluation: [ 5300/19848]  eta: 0:17:18    time: 0.0721  data: 0.0000  max mem: 11815
      ITM Evaluation: [ 5400/19848]  eta: 0:17:11    time: 0.0702  data: 0.0000  max mem: 11815
      ITM Evaluation: [ 5500/19848]  eta: 0:17:04    time: 0.0682  data: 0.0000  max mem: 11815
      ITM Evaluation: [ 5600/19848]  eta: 0:16:56    time: 0.0693  data: 0.0000  max mem: 11815
      ITM Evaluation: [ 5700/19848]  eta: 0:16:49    time: 0.0693  data: 0.0000  max mem: 11815
      ITM Evaluation: [ 5800/19848]  eta: 0:16:41    time: 0.0709  data: 0.0000  max mem: 11815
      ITM Evaluation: [ 5900/19848]  eta: 0:16:35    time: 0.0835  data: 0.0000  max mem: 11815
      ITM Evaluation: [ 6000/19848]  eta: 0:16:29    time: 0.0755  data: 0.0000  max mem: 11815
      ITM Evaluation: [ 6100/19848]  eta: 0:16:23    time: 0.0750  data: 0.0000  max mem: 11815
      ITM Evaluation: [ 6200/19848]  eta: 0:16:16    time: 0.0716  data: 0.0000  max mem: 11815
      ITM Evaluation: [ 6300/19848]  eta: 0:16:08    time: 0.0689  data: 0.0000  max mem: 11815
      ITM Evaluation: [ 6400/19848]  eta: 0:16:01    time: 0.0691  data: 0.0000  max mem: 11815
      ITM Evaluation: [ 6500/19848]  eta: 0:15:54    time: 0.0713  data: 0.0000  max mem: 11815
      ITM Evaluation: [ 6600/19848]  eta: 0:15:47    time: 0.0718  data: 0.0000  max mem: 11815
      ITM Evaluation: [ 6700/19848]  eta: 0:15:41    time: 0.0773  data: 0.0000  max mem: 11815
      ITM Evaluation: [ 6800/19848]  eta: 0:15:34    time: 0.0758  data: 0.0000  max mem: 11815
      ITM Evaluation: [ 6900/19848]  eta: 0:15:27    time: 0.0691  data: 0.0000  max mem: 11815
      ITM Evaluation: [ 7000/19848]  eta: 0:15:20    time: 0.0750  data: 0.0000  max mem: 11815
      ITM Evaluation: [ 7100/19848]  eta: 0:15:13    time: 0.0701  data: 0.0000  max mem: 11815
      ITM Evaluation: [ 7200/19848]  eta: 0:15:06    time: 0.0745  data: 0.0000  max mem: 11815
      ITM Evaluation: [ 7300/19848]  eta: 0:15:01    time: 0.0857  data: 0.0000  max mem: 11815
      ITM Evaluation: [ 7400/19848]  eta: 0:14:54    time: 0.0719  data: 0.0000  max mem: 11815
      ITM Evaluation: [ 7500/19848]  eta: 0:14:47    time: 0.0686  data: 0.0000  max mem: 11815
      ITM Evaluation: [ 7600/19848]  eta: 0:14:39    time: 0.0723  data: 0.0000  max mem: 11815
      ITM Evaluation: [ 7700/19848]  eta: 0:14:32    time: 0.0706  data: 0.0000  max mem: 11815
      ITM Evaluation: [ 7800/19848]  eta: 0:14:24    time: 0.0669  data: 0.0000  max mem: 11815
      ITM Evaluation: [ 7900/19848]  eta: 0:14:18    time: 0.0745  data: 0.0000  max mem: 11815
      ITM Evaluation: [ 8000/19848]  eta: 0:14:11    time: 0.0743  data: 0.0000  max mem: 11815
      ITM Evaluation: [ 8100/19848]  eta: 0:14:04    time: 0.0744  data: 0.0000  max mem: 11815
      ITM Evaluation: [ 8200/19848]  eta: 0:13:57    time: 0.0701  data: 0.0000  max mem: 11815
      ITM Evaluation: [ 8300/19848]  eta: 0:13:50    time: 0.0705  data: 0.0000  max mem: 11815
      ITM Evaluation: [ 8400/19848]  eta: 0:13:42    time: 0.0760  data: 0.0000  max mem: 11815
      ITM Evaluation: [ 8500/19848]  eta: 0:13:36    time: 0.0797  data: 0.0000  max mem: 11815
      ITM Evaluation: [ 8600/19848]  eta: 0:13:29    time: 0.0697  data: 0.0000  max mem: 11815
      ITM Evaluation: [ 8700/19848]  eta: 0:13:22    time: 0.0710  data: 0.0000  max mem: 11815
      ITM Evaluation: [ 8800/19848]  eta: 0:13:14    time: 0.0748  data: 0.0000  max mem: 11815
      ITM Evaluation: [ 8900/19848]  eta: 0:13:07    time: 0.0707  data: 0.0000  max mem: 11815
      ITM Evaluation: [ 9000/19848]  eta: 0:13:00    time: 0.0710  data: 0.0000  max mem: 11815
      ITM Evaluation: [ 9100/19848]  eta: 0:12:53    time: 0.0759  data: 0.0000  max mem: 11815
      ITM Evaluation: [ 9200/19848]  eta: 0:12:46    time: 0.0722  data: 0.0000  max mem: 11815
      ITM Evaluation: [ 9300/19848]  eta: 0:12:39    time: 0.0696  data: 0.0000  max mem: 11815
      ITM Evaluation: [ 9400/19848]  eta: 0:12:32    time: 0.0746  data: 0.0000  max mem: 11815
      ITM Evaluation: [ 9500/19848]  eta: 0:12:25    time: 0.0702  data: 0.0000  max mem: 11815
      ITM Evaluation: [ 9600/19848]  eta: 0:12:18    time: 0.0720  data: 0.0000  max mem: 11815
      ITM Evaluation: [ 9700/19848]  eta: 0:12:11    time: 0.0771  data: 0.0000  max mem: 11815
      ITM Evaluation: [ 9800/19848]  eta: 0:12:03    time: 0.0692  data: 0.0000  max mem: 11815
      ITM Evaluation: [ 9900/19848]  eta: 0:11:56    time: 0.0714  data: 0.0000  max mem: 11815
      ITM Evaluation: [10000/19848]  eta: 0:11:49    time: 0.0746  data: 0.0000  max mem: 11815
      ITM Evaluation: [10100/19848]  eta: 0:11:41    time: 0.0686  data: 0.0000  max mem: 11815
      ITM Evaluation: [10200/19848]  eta: 0:11:34    time: 0.0701  data: 0.0000  max mem: 11815
      ITM Evaluation: [10300/19848]  eta: 0:11:27    time: 0.0773  data: 0.0000  max mem: 11815
      ITM Evaluation: [10400/19848]  eta: 0:11:20    time: 0.0713  data: 0.0000  max mem: 11815
      ITM Evaluation: [10500/19848]  eta: 0:11:13    time: 0.0712  data: 0.0000  max mem: 11815
      ITM Evaluation: [10600/19848]  eta: 0:11:06    time: 0.0715  data: 0.0000  max mem: 11815
      ITM Evaluation: [10700/19848]  eta: 0:10:58    time: 0.0700  data: 0.0000  max mem: 11815
      ITM Evaluation: [10800/19848]  eta: 0:10:51    time: 0.0693  data: 0.0000  max mem: 11815
      ITM Evaluation: [10900/19848]  eta: 0:10:44    time: 0.0705  data: 0.0000  max mem: 11815
      ITM Evaluation: [11000/19848]  eta: 0:10:36    time: 0.0663  data: 0.0000  max mem: 11815
      ITM Evaluation: [11100/19848]  eta: 0:10:29    time: 0.0730  data: 0.0000  max mem: 11815
      ITM Evaluation: [11200/19848]  eta: 0:10:22    time: 0.0712  data: 0.0000  max mem: 11815
      ITM Evaluation: [11300/19848]  eta: 0:10:15    time: 0.0710  data: 0.0000  max mem: 11815
      ITM Evaluation: [11400/19848]  eta: 0:10:08    time: 0.0768  data: 0.0000  max mem: 11815
      ITM Evaluation: [11500/19848]  eta: 0:10:01    time: 0.0756  data: 0.0000  max mem: 11815
      ITM Evaluation: [11600/19848]  eta: 0:09:54    time: 0.0707  data: 0.0000  max mem: 11815
      ITM Evaluation: [11700/19848]  eta: 0:09:46    time: 0.0636  data: 0.0000  max mem: 11815
      ITM Evaluation: [11800/19848]  eta: 0:09:39    time: 0.0688  data: 0.0000  max mem: 11815
      ITM Evaluation: [11900/19848]  eta: 0:09:32    time: 0.0700  data: 0.0000  max mem: 11815
      ITM Evaluation: [12000/19848]  eta: 0:09:25    time: 0.0725  data: 0.0000  max mem: 11815
      ITM Evaluation: [12100/19848]  eta: 0:09:17    time: 0.0685  data: 0.0000  max mem: 11815
      ITM Evaluation: [12200/19848]  eta: 0:09:10    time: 0.0761  data: 0.0000  max mem: 11815
      ITM Evaluation: [12300/19848]  eta: 0:09:03    time: 0.0759  data: 0.0000  max mem: 11815
      ITM Evaluation: [12400/19848]  eta: 0:08:56    time: 0.0748  data: 0.0000  max mem: 11815
      ITM Evaluation: [12500/19848]  eta: 0:08:49    time: 0.0718  data: 0.0000  max mem: 11815
      ITM Evaluation: [12600/19848]  eta: 0:08:42    time: 0.0713  data: 0.0000  max mem: 11815
      ITM Evaluation: [12700/19848]  eta: 0:08:34    time: 0.0743  data: 0.0000  max mem: 11815
      ITM Evaluation: [12800/19848]  eta: 0:08:28    time: 0.0818  data: 0.0000  max mem: 11815
      ITM Evaluation: [12900/19848]  eta: 0:08:20    time: 0.0713  data: 0.0000  max mem: 11815
      ITM Evaluation: [13000/19848]  eta: 0:08:13    time: 0.0716  data: 0.0000  max mem: 11815
      ITM Evaluation: [13100/19848]  eta: 0:08:06    time: 0.0717  data: 0.0000  max mem: 11815
      ITM Evaluation: [13200/19848]  eta: 0:07:59    time: 0.0705  data: 0.0000  max mem: 11815
      ITM Evaluation: [13300/19848]  eta: 0:07:51    time: 0.0758  data: 0.0000  max mem: 11815
      ITM Evaluation: [13400/19848]  eta: 0:07:45    time: 0.0739  data: 0.0000  max mem: 11815
      ITM Evaluation: [13500/19848]  eta: 0:07:37    time: 0.0713  data: 0.0000  max mem: 11815
      ITM Evaluation: [13600/19848]  eta: 0:07:30    time: 0.0702  data: 0.0000  max mem: 11815
      ITM Evaluation: [13700/19848]  eta: 0:07:23    time: 0.0727  data: 0.0000  max mem: 11815
      ITM Evaluation: [13800/19848]  eta: 0:07:16    time: 0.0722  data: 0.0000  max mem: 11815
      ITM Evaluation: [13900/19848]  eta: 0:07:08    time: 0.0815  data: 0.0000  max mem: 11815
      ITM Evaluation: [14000/19848]  eta: 0:07:02    time: 0.0815  data: 0.0000  max mem: 11815
      ITM Evaluation: [14100/19848]  eta: 0:06:55    time: 0.0821  data: 0.0000  max mem: 11815
      ITM Evaluation: [14200/19848]  eta: 0:06:48    time: 0.0709  data: 0.0000  max mem: 11815
      ITM Evaluation: [14300/19848]  eta: 0:06:41    time: 0.0719  data: 0.0000  max mem: 11815
      ITM Evaluation: [14400/19848]  eta: 0:06:33    time: 0.0678  data: 0.0000  max mem: 11815
      ITM Evaluation: [14500/19848]  eta: 0:06:26    time: 0.0761  data: 0.0000  max mem: 11815
      ITM Evaluation: [14600/19848]  eta: 0:06:19    time: 0.0743  data: 0.0000  max mem: 11815
      ITM Evaluation: [14700/19848]  eta: 0:06:12    time: 0.0747  data: 0.0000  max mem: 11815
      ITM Evaluation: [14800/19848]  eta: 0:06:05    time: 0.0699  data: 0.0000  max mem: 11815
      ITM Evaluation: [14900/19848]  eta: 0:05:57    time: 0.0740  data: 0.0000  max mem: 11815
      ITM Evaluation: [15000/19848]  eta: 0:05:50    time: 0.0709  data: 0.0000  max mem: 11815
      ITM Evaluation: [15100/19848]  eta: 0:05:43    time: 0.0735  data: 0.0000  max mem: 11815
      ITM Evaluation: [15200/19848]  eta: 0:05:36    time: 0.0726  data: 0.0000  max mem: 11815
      ITM Evaluation: [15300/19848]  eta: 0:05:28    time: 0.0768  data: 0.0000  max mem: 11815
      ITM Evaluation: [15400/19848]  eta: 0:05:21    time: 0.0714  data: 0.0000  max mem: 11815
      ITM Evaluation: [15500/19848]  eta: 0:05:14    time: 0.0751  data: 0.0000  max mem: 11815
      ITM Evaluation: [15600/19848]  eta: 0:05:07    time: 0.0710  data: 0.0000  max mem: 11815
      ITM Evaluation: [15700/19848]  eta: 0:04:59    time: 0.0675  data: 0.0000  max mem: 11815
      ITM Evaluation: [15800/19848]  eta: 0:04:52    time: 0.0741  data: 0.0000  max mem: 11815
      ITM Evaluation: [15900/19848]  eta: 0:04:45    time: 0.0763  data: 0.0000  max mem: 11815
      ITM Evaluation: [16000/19848]  eta: 0:04:38    time: 0.0737  data: 0.0000  max mem: 11815
      ITM Evaluation: [16100/19848]  eta: 0:04:31    time: 0.0723  data: 0.0000  max mem: 11815
      ITM Evaluation: [16200/19848]  eta: 0:04:23    time: 0.0736  data: 0.0000  max mem: 11815
      ITM Evaluation: [16300/19848]  eta: 0:04:16    time: 0.0718  data: 0.0000  max mem: 11815
      ITM Evaluation: [16400/19848]  eta: 0:04:09    time: 0.0733  data: 0.0000  max mem: 11815
      ITM Evaluation: [16500/19848]  eta: 0:04:02    time: 0.0841  data: 0.0000  max mem: 11815
      ITM Evaluation: [16600/19848]  eta: 0:03:55    time: 0.0715  data: 0.0000  max mem: 11815
      ITM Evaluation: [16700/19848]  eta: 0:03:47    time: 0.0752  data: 0.0000  max mem: 11815
      ITM Evaluation: [16800/19848]  eta: 0:03:40    time: 0.0691  data: 0.0000  max mem: 11815
      ITM Evaluation: [16900/19848]  eta: 0:03:33    time: 0.0713  data: 0.0000  max mem: 11815
      ITM Evaluation: [17000/19848]  eta: 0:03:26    time: 0.0742  data: 0.0000  max mem: 11815
      ITM Evaluation: [17100/19848]  eta: 0:03:19    time: 0.0794  data: 0.0000  max mem: 11815
      ITM Evaluation: [17200/19848]  eta: 0:03:11    time: 0.0783  data: 0.0000  max mem: 11815
      ITM Evaluation: [17300/19848]  eta: 0:03:04    time: 0.0750  data: 0.0000  max mem: 11815
      ITM Evaluation: [17400/19848]  eta: 0:02:57    time: 0.0746  data: 0.0000  max mem: 11815
      ITM Evaluation: [17500/19848]  eta: 0:02:50    time: 0.0715  data: 0.0000  max mem: 11815
      ITM Evaluation: [17600/19848]  eta: 0:02:42    time: 0.0727  data: 0.0000  max mem: 11815
      ITM Evaluation: [17700/19848]  eta: 0:02:35    time: 0.0744  data: 0.0000  max mem: 11815
      ITM Evaluation: [17800/19848]  eta: 0:02:28    time: 0.0823  data: 0.0000  max mem: 11815
      ITM Evaluation: [17900/19848]  eta: 0:02:21    time: 0.0718  data: 0.0000  max mem: 11815
      ITM Evaluation: [18000/19848]  eta: 0:02:13    time: 0.0718  data: 0.0000  max mem: 11815
      ITM Evaluation: [18100/19848]  eta: 0:02:06    time: 0.0715  data: 0.0000  max mem: 11815
      ITM Evaluation: [18200/19848]  eta: 0:01:59    time: 0.0708  data: 0.0000  max mem: 11815
      ITM Evaluation: [18300/19848]  eta: 0:01:52    time: 0.0760  data: 0.0000  max mem: 11815
      ITM Evaluation: [18400/19848]  eta: 0:01:44    time: 0.0757  data: 0.0000  max mem: 11815
      ITM Evaluation: [18500/19848]  eta: 0:01:37    time: 0.0723  data: 0.0000  max mem: 11815
      ITM Evaluation: [18600/19848]  eta: 0:01:30    time: 0.0713  data: 0.0000  max mem: 11815
      ITM Evaluation: [18700/19848]  eta: 0:01:23    time: 0.0720  data: 0.0000  max mem: 11815
      ITM Evaluation: [18800/19848]  eta: 0:01:15    time: 0.0714  data: 0.0000  max mem: 11815
      ITM Evaluation: [18900/19848]  eta: 0:01:08    time: 0.0700  data: 0.0000  max mem: 11815
      ITM Evaluation: [19000/19848]  eta: 0:01:01    time: 0.0772  data: 0.0000  max mem: 11815
      ITM Evaluation: [19100/19848]  eta: 0:00:54    time: 0.0670  data: 0.0000  max mem: 11815
      ITM Evaluation: [19200/19848]  eta: 0:00:46    time: 0.0728  data: 0.0000  max mem: 11815
      ITM Evaluation: [19300/19848]  eta: 0:00:39    time: 0.0734  data: 0.0000  max mem: 11815
      ITM Evaluation: [19400/19848]  eta: 0:00:32    time: 0.0703  data: 0.0000  max mem: 11815
      ITM Evaluation: [19500/19848]  eta: 0:00:25    time: 0.0786  data: 0.0000  max mem: 11815
      ITM Evaluation: [19600/19848]  eta: 0:00:17    time: 0.0778  data: 0.0000  max mem: 11815
      ITM Evaluation: [19700/19848]  eta: 0:00:10    time: 0.0705  data: 0.0000  max mem: 11815
      ITM Evaluation: [19800/19848]  eta: 0:00:03    time: 0.0670  data: 0.0000  max mem: 11815
      ITM Evaluation: [19847/19848]  eta: 0:00:00    time: 0.0705  data: 0.0000  max mem: 11815
      ITM Evaluation: Total time: 0:24:00 (0.0726 s / it)
     total_time 1441.7196729183197
     Computing matching score time 0:24:01
### TTA ITM Score: 
+-------+--------+--------+--------+--------+--------+
| epoch |   R1   |   R5   |  R10   |  mAP   |  mINP  |
+-------+--------+--------+--------+--------+--------+
|  -999 | 63.014 | 79.484 | 85.041 | 40.411 | 10.184 |
|  -999 | 68.183 | 82.885 | 87.500 | 40.507 | 9.104  |
|   0   | 61.452 | 80.477 | 86.165 | 37.879 | 9.331  |
|   1   | 60.782 | 80.391 | 86.120 | 37.613 | 9.317  |
|   2   | 60.273 | 80.200 | 85.999 | 37.379 | 9.295  |
|   3   | 60.369 | 80.225 | 86.059 | 37.362 | 9.290  |
|   4   | 60.248 | 80.169 | 86.034 | 37.309 | 9.270  |
|   5   | 59.744 | 79.993 | 85.913 | 37.043 | 9.241  |
|   6   | 59.527 | 79.953 | 85.908 | 36.963 | 9.223  |
|   7   | 59.296 | 79.862 | 85.852 | 36.808 | 9.188  |
|   8   | 59.139 | 79.867 | 85.873 | 36.822 | 9.164  |
|   9   | 59.714 | 80.013 | 85.928 | 36.973 | 9.181  |
|   10  | 59.114 | 79.791 | 85.822 | 36.720 | 9.136  |
|   11  | 59.044 | 79.796 | 85.898 | 36.696 | 9.107  |
|   12  | 58.767 | 79.731 | 85.812 | 36.579 | 9.086  |
|   13  | 58.646 | 79.711 | 85.792 | 36.518 | 9.053  |
|   14  | 59.069 | 79.776 | 85.948 | 36.654 | 9.057  |
|   15  | 58.600 | 79.660 | 85.812 | 36.468 | 9.014  |
|   16  | 58.641 | 79.660 | 85.822 | 36.460 | 9.026  |
|   17  | 58.600 | 79.595 | 85.782 | 36.395 | 9.012  |
|   18  | 58.696 | 79.640 | 85.822 | 36.452 | 9.017  |
|   19  | 58.484 | 79.489 | 85.727 | 36.283 | 8.980  |
|   20  | 58.343 | 79.419 | 85.711 | 36.203 | 8.959  |
|   21  | 58.293 | 79.424 | 85.671 | 36.168 | 8.957  |
+-------+--------+--------+--------+--------+--------+
     logs:  {'epo': 21, 'R1': 58.293, 'R5': 79.424, 'R10': 85.671, 'mAP': 36.168, 'mINP': 8.957, 'lr': 6e-06, 'entropy': 0.241342, 'loss': 0.241342}
      TTA Epoch: [22] [  0/620]  eta: 0:18:45  lr: 0.000005  entropy: 0.2411  loss: 0.2411  time: 1.8156  data: 1.6623  max mem: 11815
      TTA Epoch: [22] [100/620]  eta: 0:00:56  lr: 0.000005  entropy: 0.2184  loss: 0.2184  time: 0.0925  data: 0.0004  max mem: 11815
      TTA Epoch: [22] [200/620]  eta: 0:00:41  lr: 0.000005  entropy: 0.2667  loss: 0.2667  time: 0.0888  data: 0.0007  max mem: 11815
      TTA Epoch: [22] [300/620]  eta: 0:00:30  lr: 0.000005  entropy: 0.2083  loss: 0.2083  time: 0.1020  data: 0.0009  max mem: 11815
      TTA Epoch: [22] [400/620]  eta: 0:00:20  lr: 0.000005  entropy: 0.2629  loss: 0.2629  time: 0.0794  data: 0.0002  max mem: 11815
      TTA Epoch: [22] [500/620]  eta: 0:00:10  lr: 0.000005  entropy: 0.2589  loss: 0.2589  time: 0.0829  data: 0.0003  max mem: 11815
      TTA Epoch: [22] [600/620]  eta: 0:00:01  lr: 0.000005  entropy: 0.2196  loss: 0.2196  time: 0.0808  data: 0.0002  max mem: 11815
      TTA Epoch: [22] [619/620]  eta: 0:00:00  lr: 0.000005  entropy: 0.2758  loss: 0.2758  time: 0.0831  data: 0.0003  max mem: 11815
      TTA Epoch: [22] Total time: 0:00:55 (0.0895 s / it)
     Averaged stats: lr: 0.0000  entropy: 0.2436  loss: 0.2436
     itm tta time 0:00:56
     Computing matching score
      ITM Evaluation: [    0/19848]  eta: 0:30:53    time: 0.0934  data: 0.0314  max mem: 11815
      ITM Evaluation: [  100/19848]  eta: 0:23:43    time: 0.0723  data: 0.0000  max mem: 11815
      ITM Evaluation: [  200/19848]  eta: 0:24:07    time: 0.0776  data: 0.0000  max mem: 11815
      ITM Evaluation: [  300/19848]  eta: 0:24:54    time: 0.0828  data: 0.0000  max mem: 11815
      ITM Evaluation: [  400/19848]  eta: 0:24:28    time: 0.0711  data: 0.0000  max mem: 11815
      ITM Evaluation: [  500/19848]  eta: 0:24:08    time: 0.0720  data: 0.0000  max mem: 11815
      ITM Evaluation: [  600/19848]  eta: 0:23:53    time: 0.0722  data: 0.0000  max mem: 11815
      ITM Evaluation: [  700/19848]  eta: 0:23:38    time: 0.0736  data: 0.0000  max mem: 11815
      ITM Evaluation: [  800/19848]  eta: 0:23:24    time: 0.0714  data: 0.0000  max mem: 11815
      ITM Evaluation: [  900/19848]  eta: 0:23:16    time: 0.0744  data: 0.0000  max mem: 11815
      ITM Evaluation: [ 1000/19848]  eta: 0:23:13    time: 0.0723  data: 0.0000  max mem: 11815
      ITM Evaluation: [ 1100/19848]  eta: 0:23:05    time: 0.0754  data: 0.0000  max mem: 11815
      ITM Evaluation: [ 1200/19848]  eta: 0:22:57    time: 0.0739  data: 0.0000  max mem: 11815
      ITM Evaluation: [ 1300/19848]  eta: 0:22:49    time: 0.0766  data: 0.0000  max mem: 11815
      ITM Evaluation: [ 1400/19848]  eta: 0:22:41    time: 0.0736  data: 0.0000  max mem: 11815
      ITM Evaluation: [ 1500/19848]  eta: 0:22:40    time: 0.0844  data: 0.0000  max mem: 11815
      ITM Evaluation: [ 1600/19848]  eta: 0:22:38    time: 0.0734  data: 0.0000  max mem: 11815
      ITM Evaluation: [ 1700/19848]  eta: 0:22:29    time: 0.0720  data: 0.0000  max mem: 11815
      ITM Evaluation: [ 1800/19848]  eta: 0:22:20    time: 0.0724  data: 0.0000  max mem: 11815
      ITM Evaluation: [ 1900/19848]  eta: 0:22:11    time: 0.0728  data: 0.0000  max mem: 11815
      ITM Evaluation: [ 2000/19848]  eta: 0:22:02    time: 0.0701  data: 0.0000  max mem: 11815
      ITM Evaluation: [ 2100/19848]  eta: 0:21:57    time: 0.0835  data: 0.0000  max mem: 11815
      ITM Evaluation: [ 2200/19848]  eta: 0:21:44    time: 0.0668  data: 0.0000  max mem: 11815
      ITM Evaluation: [ 2300/19848]  eta: 0:21:37    time: 0.0709  data: 0.0000  max mem: 11815
      ITM Evaluation: [ 2400/19848]  eta: 0:21:27    time: 0.0715  data: 0.0000  max mem: 11815
      ITM Evaluation: [ 2500/19848]  eta: 0:21:17    time: 0.0727  data: 0.0000  max mem: 11815
      ITM Evaluation: [ 2600/19848]  eta: 0:21:08    time: 0.0689  data: 0.0000  max mem: 11815
      ITM Evaluation: [ 2700/19848]  eta: 0:21:03    time: 0.0813  data: 0.0000  max mem: 11815
      ITM Evaluation: [ 2800/19848]  eta: 0:21:00    time: 0.0822  data: 0.0000  max mem: 11815
      ITM Evaluation: [ 2900/19848]  eta: 0:20:51    time: 0.0715  data: 0.0000  max mem: 11815
      ITM Evaluation: [ 3000/19848]  eta: 0:20:42    time: 0.0723  data: 0.0000  max mem: 11815
      ITM Evaluation: [ 3100/19848]  eta: 0:20:32    time: 0.0710  data: 0.0000  max mem: 11815
      ITM Evaluation: [ 3200/19848]  eta: 0:20:24    time: 0.0730  data: 0.0000  max mem: 11815
      ITM Evaluation: [ 3300/19848]  eta: 0:20:16    time: 0.0730  data: 0.0000  max mem: 11815
      ITM Evaluation: [ 3400/19848]  eta: 0:20:09    time: 0.0795  data: 0.0000  max mem: 11815
      ITM Evaluation: [ 3500/19848]  eta: 0:20:01    time: 0.0724  data: 0.0000  max mem: 11815
      ITM Evaluation: [ 3600/19848]  eta: 0:19:53    time: 0.0719  data: 0.0000  max mem: 11815
      ITM Evaluation: [ 3700/19848]  eta: 0:19:45    time: 0.0744  data: 0.0000  max mem: 11815
      ITM Evaluation: [ 3800/19848]  eta: 0:19:37    time: 0.0722  data: 0.0000  max mem: 11815
      ITM Evaluation: [ 3900/19848]  eta: 0:19:29    time: 0.0758  data: 0.0000  max mem: 11815
      ITM Evaluation: [ 4000/19848]  eta: 0:19:23    time: 0.0791  data: 0.0000  max mem: 11815
      ITM Evaluation: [ 4100/19848]  eta: 0:19:16    time: 0.0700  data: 0.0000  max mem: 11815
      ITM Evaluation: [ 4200/19848]  eta: 0:19:08    time: 0.0749  data: 0.0000  max mem: 11815
      ITM Evaluation: [ 4300/19848]  eta: 0:19:01    time: 0.0717  data: 0.0000  max mem: 11815
      ITM Evaluation: [ 4400/19848]  eta: 0:18:53    time: 0.0720  data: 0.0000  max mem: 11815
      ITM Evaluation: [ 4500/19848]  eta: 0:18:45    time: 0.0690  data: 0.0000  max mem: 11815
      ITM Evaluation: [ 4600/19848]  eta: 0:18:38    time: 0.0887  data: 0.0000  max mem: 11815
      ITM Evaluation: [ 4700/19848]  eta: 0:18:33    time: 0.0692  data: 0.0000  max mem: 11815
      ITM Evaluation: [ 4800/19848]  eta: 0:18:25    time: 0.0707  data: 0.0000  max mem: 11815
      ITM Evaluation: [ 4900/19848]  eta: 0:18:17    time: 0.0686  data: 0.0000  max mem: 11815
      ITM Evaluation: [ 5000/19848]  eta: 0:18:09    time: 0.0736  data: 0.0000  max mem: 11815
      ITM Evaluation: [ 5100/19848]  eta: 0:18:01    time: 0.0678  data: 0.0000  max mem: 11815
      ITM Evaluation: [ 5200/19848]  eta: 0:17:54    time: 0.0756  data: 0.0000  max mem: 11815
      ITM Evaluation: [ 5300/19848]  eta: 0:17:47    time: 0.0771  data: 0.0000  max mem: 11815
      ITM Evaluation: [ 5400/19848]  eta: 0:17:39    time: 0.0723  data: 0.0000  max mem: 11815
      ITM Evaluation: [ 5500/19848]  eta: 0:17:31    time: 0.0708  data: 0.0000  max mem: 11815
      ITM Evaluation: [ 5600/19848]  eta: 0:17:24    time: 0.0726  data: 0.0000  max mem: 11815
      ITM Evaluation: [ 5700/19848]  eta: 0:17:16    time: 0.0687  data: 0.0000  max mem: 11815
      ITM Evaluation: [ 5800/19848]  eta: 0:17:06    time: 0.0691  data: 0.0000  max mem: 11815
      ITM Evaluation: [ 5900/19848]  eta: 0:16:59    time: 0.0624  data: 0.0000  max mem: 11815
      ITM Evaluation: [ 6000/19848]  eta: 0:16:49    time: 0.0591  data: 0.0000  max mem: 11815
      ITM Evaluation: [ 6100/19848]  eta: 0:16:40    time: 0.0673  data: 0.0000  max mem: 11815
      ITM Evaluation: [ 6200/19848]  eta: 0:16:32    time: 0.0713  data: 0.0000  max mem: 11815
      ITM Evaluation: [ 6300/19848]  eta: 0:16:25    time: 0.0707  data: 0.0000  max mem: 11815
      ITM Evaluation: [ 6400/19848]  eta: 0:16:17    time: 0.0674  data: 0.0000  max mem: 11815
      ITM Evaluation: [ 6500/19848]  eta: 0:16:09    time: 0.0698  data: 0.0000  max mem: 11815
      ITM Evaluation: [ 6600/19848]  eta: 0:16:02    time: 0.0737  data: 0.0000  max mem: 11815
      ITM Evaluation: [ 6700/19848]  eta: 0:15:54    time: 0.0691  data: 0.0000  max mem: 11815
      ITM Evaluation: [ 6800/19848]  eta: 0:15:46    time: 0.0675  data: 0.0000  max mem: 11815
      ITM Evaluation: [ 6900/19848]  eta: 0:15:38    time: 0.0682  data: 0.0000  max mem: 11815
      ITM Evaluation: [ 7000/19848]  eta: 0:15:30    time: 0.0678  data: 0.0000  max mem: 11815
      ITM Evaluation: [ 7100/19848]  eta: 0:15:22    time: 0.0704  data: 0.0000  max mem: 11815
      ITM Evaluation: [ 7200/19848]  eta: 0:15:15    time: 0.0715  data: 0.0000  max mem: 11815
      ITM Evaluation: [ 7300/19848]  eta: 0:15:07    time: 0.0692  data: 0.0000  max mem: 11815
      ITM Evaluation: [ 7400/19848]  eta: 0:14:59    time: 0.0686  data: 0.0000  max mem: 11815
      ITM Evaluation: [ 7500/19848]  eta: 0:14:52    time: 0.0709  data: 0.0000  max mem: 11815
      ITM Evaluation: [ 7600/19848]  eta: 0:14:44    time: 0.0670  data: 0.0000  max mem: 11815
      ITM Evaluation: [ 7700/19848]  eta: 0:14:36    time: 0.0693  data: 0.0000  max mem: 11815
      ITM Evaluation: [ 7800/19848]  eta: 0:14:28    time: 0.0732  data: 0.0000  max mem: 11815
      ITM Evaluation: [ 7900/19848]  eta: 0:14:21    time: 0.0679  data: 0.0000  max mem: 11815
      ITM Evaluation: [ 8000/19848]  eta: 0:14:13    time: 0.0721  data: 0.0000  max mem: 11815
      ITM Evaluation: [ 8100/19848]  eta: 0:14:06    time: 0.0716  data: 0.0000  max mem: 11815
      ITM Evaluation: [ 8200/19848]  eta: 0:13:58    time: 0.0681  data: 0.0000  max mem: 11815
      ITM Evaluation: [ 8300/19848]  eta: 0:13:51    time: 0.0713  data: 0.0000  max mem: 11815
      ITM Evaluation: [ 8400/19848]  eta: 0:13:43    time: 0.0690  data: 0.0000  max mem: 11815
      ITM Evaluation: [ 8500/19848]  eta: 0:13:36    time: 0.0759  data: 0.0000  max mem: 11815
      ITM Evaluation: [ 8600/19848]  eta: 0:13:28    time: 0.0681  data: 0.0000  max mem: 11815
      ITM Evaluation: [ 8700/19848]  eta: 0:13:21    time: 0.0672  data: 0.0000  max mem: 11815
      ITM Evaluation: [ 8800/19848]  eta: 0:13:13    time: 0.0724  data: 0.0000  max mem: 11815
      ITM Evaluation: [ 8900/19848]  eta: 0:13:06    time: 0.0677  data: 0.0000  max mem: 11815
      ITM Evaluation: [ 9000/19848]  eta: 0:12:58    time: 0.0743  data: 0.0000  max mem: 11815
      ITM Evaluation: [ 9100/19848]  eta: 0:12:52    time: 0.0754  data: 0.0000  max mem: 11815
      ITM Evaluation: [ 9200/19848]  eta: 0:12:44    time: 0.0684  data: 0.0000  max mem: 11815
      ITM Evaluation: [ 9300/19848]  eta: 0:12:37    time: 0.0744  data: 0.0000  max mem: 11815
      ITM Evaluation: [ 9400/19848]  eta: 0:12:30    time: 0.0721  data: 0.0000  max mem: 11815
      ITM Evaluation: [ 9500/19848]  eta: 0:12:22    time: 0.0690  data: 0.0000  max mem: 11815
      ITM Evaluation: [ 9600/19848]  eta: 0:12:15    time: 0.0704  data: 0.0000  max mem: 11815
      ITM Evaluation: [ 9700/19848]  eta: 0:12:07    time: 0.0733  data: 0.0000  max mem: 11815
      ITM Evaluation: [ 9800/19848]  eta: 0:12:00    time: 0.0676  data: 0.0000  max mem: 11815
      ITM Evaluation: [ 9900/19848]  eta: 0:11:53    time: 0.0684  data: 0.0000  max mem: 11815
      ITM Evaluation: [10000/19848]  eta: 0:11:45    time: 0.0659  data: 0.0000  max mem: 11815
      ITM Evaluation: [10100/19848]  eta: 0:11:37    time: 0.0689  data: 0.0000  max mem: 11815
      ITM Evaluation: [10200/19848]  eta: 0:11:30    time: 0.0664  data: 0.0000  max mem: 11815
      ITM Evaluation: [10300/19848]  eta: 0:11:22    time: 0.0723  data: 0.0000  max mem: 11815
      ITM Evaluation: [10400/19848]  eta: 0:11:16    time: 0.0736  data: 0.0000  max mem: 11815
      ITM Evaluation: [10500/19848]  eta: 0:11:08    time: 0.0716  data: 0.0000  max mem: 11815
      ITM Evaluation: [10600/19848]  eta: 0:11:01    time: 0.0707  data: 0.0000  max mem: 11815
      ITM Evaluation: [10700/19848]  eta: 0:10:54    time: 0.0684  data: 0.0000  max mem: 11815
      ITM Evaluation: [10800/19848]  eta: 0:10:46    time: 0.0678  data: 0.0000  max mem: 11815
      ITM Evaluation: [10900/19848]  eta: 0:10:39    time: 0.0656  data: 0.0000  max mem: 11815
      ITM Evaluation: [11000/19848]  eta: 0:10:32    time: 0.0756  data: 0.0000  max mem: 11815
      ITM Evaluation: [11100/19848]  eta: 0:10:25    time: 0.0700  data: 0.0000  max mem: 11815
      ITM Evaluation: [11200/19848]  eta: 0:10:17    time: 0.0672  data: 0.0000  max mem: 11815
      ITM Evaluation: [11300/19848]  eta: 0:10:10    time: 0.0690  data: 0.0000  max mem: 11815
      ITM Evaluation: [11400/19848]  eta: 0:10:02    time: 0.0675  data: 0.0000  max mem: 11815
      ITM Evaluation: [11500/19848]  eta: 0:09:55    time: 0.0670  data: 0.0000  max mem: 11815
      ITM Evaluation: [11600/19848]  eta: 0:09:48    time: 0.0722  data: 0.0000  max mem: 11815
      ITM Evaluation: [11700/19848]  eta: 0:09:41    time: 0.0683  data: 0.0000  max mem: 11815
      ITM Evaluation: [11800/19848]  eta: 0:09:33    time: 0.0683  data: 0.0000  max mem: 11815
      ITM Evaluation: [11900/19848]  eta: 0:09:26    time: 0.0716  data: 0.0000  max mem: 11815
      ITM Evaluation: [12000/19848]  eta: 0:09:19    time: 0.0654  data: 0.0000  max mem: 11815
      ITM Evaluation: [12100/19848]  eta: 0:09:11    time: 0.0677  data: 0.0000  max mem: 11815
      ITM Evaluation: [12200/19848]  eta: 0:09:04    time: 0.0772  data: 0.0000  max mem: 11815
      ITM Evaluation: [12300/19848]  eta: 0:08:57    time: 0.0686  data: 0.0000  max mem: 11815
      ITM Evaluation: [12400/19848]  eta: 0:08:50    time: 0.0706  data: 0.0000  max mem: 11815
      ITM Evaluation: [12500/19848]  eta: 0:08:43    time: 0.0689  data: 0.0000  max mem: 11815
      ITM Evaluation: [12600/19848]  eta: 0:08:35    time: 0.0688  data: 0.0000  max mem: 11815
      ITM Evaluation: [12700/19848]  eta: 0:08:28    time: 0.0676  data: 0.0000  max mem: 11815
      ITM Evaluation: [12800/19848]  eta: 0:08:21    time: 0.0729  data: 0.0000  max mem: 11815
      ITM Evaluation: [12900/19848]  eta: 0:08:14    time: 0.0717  data: 0.0000  max mem: 11815
      ITM Evaluation: [13000/19848]  eta: 0:08:07    time: 0.0677  data: 0.0000  max mem: 11815
      ITM Evaluation: [13100/19848]  eta: 0:07:59    time: 0.0730  data: 0.0000  max mem: 11815
      ITM Evaluation: [13200/19848]  eta: 0:07:52    time: 0.0696  data: 0.0000  max mem: 11815
      ITM Evaluation: [13300/19848]  eta: 0:07:45    time: 0.0672  data: 0.0000  max mem: 11815
      ITM Evaluation: [13400/19848]  eta: 0:07:38    time: 0.0720  data: 0.0000  max mem: 11815
      ITM Evaluation: [13500/19848]  eta: 0:07:31    time: 0.0726  data: 0.0000  max mem: 11815
      ITM Evaluation: [13600/19848]  eta: 0:07:24    time: 0.0671  data: 0.0000  max mem: 11815
      ITM Evaluation: [13700/19848]  eta: 0:07:16    time: 0.0713  data: 0.0000  max mem: 11815
      ITM Evaluation: [13800/19848]  eta: 0:07:09    time: 0.0701  data: 0.0000  max mem: 11815
      ITM Evaluation: [13900/19848]  eta: 0:07:02    time: 0.0643  data: 0.0000  max mem: 11815
      ITM Evaluation: [14000/19848]  eta: 0:06:55    time: 0.0668  data: 0.0000  max mem: 11815
      ITM Evaluation: [14100/19848]  eta: 0:06:47    time: 0.0711  data: 0.0000  max mem: 11815
      ITM Evaluation: [14200/19848]  eta: 0:06:40    time: 0.0673  data: 0.0000  max mem: 11815
      ITM Evaluation: [14300/19848]  eta: 0:06:33    time: 0.0722  data: 0.0000  max mem: 11815
      ITM Evaluation: [14400/19848]  eta: 0:06:26    time: 0.0691  data: 0.0000  max mem: 11815
      ITM Evaluation: [14500/19848]  eta: 0:06:19    time: 0.0682  data: 0.0000  max mem: 11815
      ITM Evaluation: [14600/19848]  eta: 0:06:12    time: 0.0672  data: 0.0000  max mem: 11815
      ITM Evaluation: [14700/19848]  eta: 0:06:05    time: 0.0725  data: 0.0000  max mem: 11815
      ITM Evaluation: [14800/19848]  eta: 0:05:57    time: 0.0660  data: 0.0000  max mem: 11815
      ITM Evaluation: [14900/19848]  eta: 0:05:50    time: 0.0687  data: 0.0000  max mem: 11815
      ITM Evaluation: [15000/19848]  eta: 0:05:43    time: 0.0690  data: 0.0000  max mem: 11815
      ITM Evaluation: [15100/19848]  eta: 0:05:36    time: 0.0683  data: 0.0000  max mem: 11815
      ITM Evaluation: [15200/19848]  eta: 0:05:29    time: 0.0682  data: 0.0000  max mem: 11815
      ITM Evaluation: [15300/19848]  eta: 0:05:21    time: 0.0710  data: 0.0000  max mem: 11815
      ITM Evaluation: [15400/19848]  eta: 0:05:14    time: 0.0730  data: 0.0000  max mem: 11815
      ITM Evaluation: [15500/19848]  eta: 0:05:07    time: 0.0718  data: 0.0000  max mem: 11815
      ITM Evaluation: [15600/19848]  eta: 0:05:00    time: 0.0703  data: 0.0000  max mem: 11815
      ITM Evaluation: [15700/19848]  eta: 0:04:53    time: 0.0663  data: 0.0000  max mem: 11815
      ITM Evaluation: [15800/19848]  eta: 0:04:46    time: 0.0675  data: 0.0000  max mem: 11815
      ITM Evaluation: [15900/19848]  eta: 0:04:39    time: 0.0737  data: 0.0000  max mem: 11815
      ITM Evaluation: [16000/19848]  eta: 0:04:32    time: 0.0760  data: 0.0000  max mem: 11815
      ITM Evaluation: [16100/19848]  eta: 0:04:25    time: 0.0685  data: 0.0000  max mem: 11815
      ITM Evaluation: [16200/19848]  eta: 0:04:18    time: 0.0710  data: 0.0000  max mem: 11815
      ITM Evaluation: [16300/19848]  eta: 0:04:10    time: 0.0729  data: 0.0000  max mem: 11815
      ITM Evaluation: [16400/19848]  eta: 0:04:03    time: 0.0686  data: 0.0000  max mem: 11815
      ITM Evaluation: [16500/19848]  eta: 0:03:56    time: 0.0714  data: 0.0000  max mem: 11815
      ITM Evaluation: [16600/19848]  eta: 0:03:49    time: 0.0695  data: 0.0000  max mem: 11815
      ITM Evaluation: [16700/19848]  eta: 0:03:42    time: 0.0653  data: 0.0000  max mem: 11815
      ITM Evaluation: [16800/19848]  eta: 0:03:35    time: 0.0686  data: 0.0000  max mem: 11815
      ITM Evaluation: [16900/19848]  eta: 0:03:28    time: 0.0685  data: 0.0000  max mem: 11815
      ITM Evaluation: [17000/19848]  eta: 0:03:21    time: 0.0729  data: 0.0000  max mem: 11815
      ITM Evaluation: [17100/19848]  eta: 0:03:14    time: 0.0685  data: 0.0000  max mem: 11815
      ITM Evaluation: [17200/19848]  eta: 0:03:07    time: 0.0762  data: 0.0000  max mem: 11815
      ITM Evaluation: [17300/19848]  eta: 0:03:00    time: 0.0678  data: 0.0000  max mem: 11815
      ITM Evaluation: [17400/19848]  eta: 0:02:52    time: 0.0696  data: 0.0000  max mem: 11815
      ITM Evaluation: [17500/19848]  eta: 0:02:45    time: 0.0664  data: 0.0000  max mem: 11815
      ITM Evaluation: [17600/19848]  eta: 0:02:38    time: 0.0725  data: 0.0000  max mem: 11815
      ITM Evaluation: [17700/19848]  eta: 0:02:31    time: 0.0681  data: 0.0000  max mem: 11815
      ITM Evaluation: [17800/19848]  eta: 0:02:24    time: 0.0713  data: 0.0000  max mem: 11815
      ITM Evaluation: [17900/19848]  eta: 0:02:17    time: 0.0665  data: 0.0000  max mem: 11815
      ITM Evaluation: [18000/19848]  eta: 0:02:10    time: 0.0614  data: 0.0000  max mem: 11815
      ITM Evaluation: [18100/19848]  eta: 0:02:03    time: 0.0606  data: 0.0000  max mem: 11815
      ITM Evaluation: [18200/19848]  eta: 0:01:56    time: 0.0595  data: 0.0000  max mem: 11815
      ITM Evaluation: [18300/19848]  eta: 0:01:48    time: 0.0628  data: 0.0000  max mem: 11815
      ITM Evaluation: [18400/19848]  eta: 0:01:41    time: 0.0629  data: 0.0000  max mem: 11815
      ITM Evaluation: [18500/19848]  eta: 0:01:34    time: 0.0672  data: 0.0000  max mem: 11815
      ITM Evaluation: [18600/19848]  eta: 0:01:27    time: 0.0659  data: 0.0000  max mem: 11815
      ITM Evaluation: [18700/19848]  eta: 0:01:20    time: 0.0655  data: 0.0000  max mem: 11815
      ITM Evaluation: [18800/19848]  eta: 0:01:13    time: 0.0652  data: 0.0000  max mem: 11815
      ITM Evaluation: [18900/19848]  eta: 0:01:06    time: 0.0652  data: 0.0000  max mem: 11815
      ITM Evaluation: [19000/19848]  eta: 0:00:59    time: 0.0664  data: 0.0000  max mem: 11815
      ITM Evaluation: [19100/19848]  eta: 0:00:52    time: 0.0723  data: 0.0000  max mem: 11815
      ITM Evaluation: [19200/19848]  eta: 0:00:45    time: 0.0722  data: 0.0000  max mem: 11815
      ITM Evaluation: [19300/19848]  eta: 0:00:38    time: 0.0645  data: 0.0000  max mem: 11815
      ITM Evaluation: [19400/19848]  eta: 0:00:31    time: 0.0670  data: 0.0000  max mem: 11815
      ITM Evaluation: [19500/19848]  eta: 0:00:24    time: 0.0672  data: 0.0000  max mem: 11815
      ITM Evaluation: [19600/19848]  eta: 0:00:17    time: 0.0655  data: 0.0000  max mem: 11815
      ITM Evaluation: [19700/19848]  eta: 0:00:10    time: 0.0654  data: 0.0000  max mem: 11815
      ITM Evaluation: [19800/19848]  eta: 0:00:03    time: 0.0678  data: 0.0000  max mem: 11815
      ITM Evaluation: [19847/19848]  eta: 0:00:00    time: 0.0657  data: 0.0000  max mem: 11815
      ITM Evaluation: Total time: 0:23:11 (0.0701 s / it)
     total_time 1393.4638996124268
     Computing matching score time 0:23:13
### TTA ITM Score: 
+-------+--------+--------+--------+--------+--------+
| epoch |   R1   |   R5   |  R10   |  mAP   |  mINP  |
+-------+--------+--------+--------+--------+--------+
|  -999 | 63.014 | 79.484 | 85.041 | 40.411 | 10.184 |
|  -999 | 68.183 | 82.885 | 87.500 | 40.507 | 9.104  |
|   0   | 61.452 | 80.477 | 86.165 | 37.879 | 9.331  |
|   1   | 60.782 | 80.391 | 86.120 | 37.613 | 9.317  |
|   2   | 60.273 | 80.200 | 85.999 | 37.379 | 9.295  |
|   3   | 60.369 | 80.225 | 86.059 | 37.362 | 9.290  |
|   4   | 60.248 | 80.169 | 86.034 | 37.309 | 9.270  |
|   5   | 59.744 | 79.993 | 85.913 | 37.043 | 9.241  |
|   6   | 59.527 | 79.953 | 85.908 | 36.963 | 9.223  |
|   7   | 59.296 | 79.862 | 85.852 | 36.808 | 9.188  |
|   8   | 59.139 | 79.867 | 85.873 | 36.822 | 9.164  |
|   9   | 59.714 | 80.013 | 85.928 | 36.973 | 9.181  |
|   10  | 59.114 | 79.791 | 85.822 | 36.720 | 9.136  |
|   11  | 59.044 | 79.796 | 85.898 | 36.696 | 9.107  |
|   12  | 58.767 | 79.731 | 85.812 | 36.579 | 9.086  |
|   13  | 58.646 | 79.711 | 85.792 | 36.518 | 9.053  |
|   14  | 59.069 | 79.776 | 85.948 | 36.654 | 9.057  |
|   15  | 58.600 | 79.660 | 85.812 | 36.468 | 9.014  |
|   16  | 58.641 | 79.660 | 85.822 | 36.460 | 9.026  |
|   17  | 58.600 | 79.595 | 85.782 | 36.395 | 9.012  |
|   18  | 58.696 | 79.640 | 85.822 | 36.452 | 9.017  |
|   19  | 58.484 | 79.489 | 85.727 | 36.283 | 8.980  |
|   20  | 58.343 | 79.419 | 85.711 | 36.203 | 8.959  |
|   21  | 58.293 | 79.424 | 85.671 | 36.168 | 8.957  |
|   22  | 58.233 | 79.419 | 85.681 | 36.146 | 8.947  |
+-------+--------+--------+--------+--------+--------+
     logs:  {'epo': 22, 'R1': 58.233, 'R5': 79.419, 'R10': 85.681, 'mAP': 36.146, 'mINP': 8.947, 'lr': 5e-06, 'entropy': 0.24358, 'loss': 0.24358}
      TTA Epoch: [23] [  0/620]  eta: 0:15:49  lr: 0.000005  entropy: 0.2646  loss: 0.2646  time: 1.5320  data: 1.4131  max mem: 11815
      TTA Epoch: [23] [100/620]  eta: 0:00:46  lr: 0.000005  entropy: 0.3160  loss: 0.3160  time: 0.0798  data: 0.0002  max mem: 11815
      TTA Epoch: [23] [200/620]  eta: 0:00:35  lr: 0.000005  entropy: 0.1191  loss: 0.1191  time: 0.0766  data: 0.0002  max mem: 11815
      TTA Epoch: [23] [300/620]  eta: 0:00:26  lr: 0.000004  entropy: 0.2201  loss: 0.2201  time: 0.0746  data: 0.0001  max mem: 11815
      TTA Epoch: [23] [400/620]  eta: 0:00:17  lr: 0.000004  entropy: 0.2175  loss: 0.2175  time: 0.0796  data: 0.0001  max mem: 11815
      TTA Epoch: [23] [500/620]  eta: 0:00:09  lr: 0.000004  entropy: 0.2865  loss: 0.2865  time: 0.0751  data: 0.0003  max mem: 11815
      TTA Epoch: [23] [600/620]  eta: 0:00:01  lr: 0.000004  entropy: 0.2044  loss: 0.2044  time: 0.0754  data: 0.0003  max mem: 11815
      TTA Epoch: [23] [619/620]  eta: 0:00:00  lr: 0.000004  entropy: 0.2410  loss: 0.2410  time: 0.0738  data: 0.0001  max mem: 11815
      TTA Epoch: [23] Total time: 0:00:49 (0.0796 s / it)
     Averaged stats: lr: 0.0000  entropy: 0.2407  loss: 0.2407
     itm tta time 0:00:49
     Computing matching score
      ITM Evaluation: [    0/19848]  eta: 0:46:01    time: 0.1391  data: 0.0218  max mem: 11815
      ITM Evaluation: [  100/19848]  eta: 0:24:21    time: 0.0734  data: 0.0000  max mem: 11815
      ITM Evaluation: [  200/19848]  eta: 0:23:56    time: 0.0745  data: 0.0000  max mem: 11815
      ITM Evaluation: [  300/19848]  eta: 0:23:16    time: 0.0683  data: 0.0000  max mem: 11815
      ITM Evaluation: [  400/19848]  eta: 0:22:59    time: 0.0707  data: 0.0000  max mem: 11815
      ITM Evaluation: [  500/19848]  eta: 0:22:43    time: 0.0694  data: 0.0000  max mem: 11815
      ITM Evaluation: [  600/19848]  eta: 0:22:37    time: 0.0732  data: 0.0000  max mem: 11815
      ITM Evaluation: [  700/19848]  eta: 0:22:39    time: 0.0744  data: 0.0000  max mem: 11815
      ITM Evaluation: [  800/19848]  eta: 0:22:26    time: 0.0714  data: 0.0000  max mem: 11815
      ITM Evaluation: [  900/19848]  eta: 0:22:12    time: 0.0690  data: 0.0000  max mem: 11815
      ITM Evaluation: [ 1000/19848]  eta: 0:22:03    time: 0.0699  data: 0.0000  max mem: 11815
      ITM Evaluation: [ 1100/19848]  eta: 0:21:53    time: 0.0663  data: 0.0000  max mem: 11815
      ITM Evaluation: [ 1200/19848]  eta: 0:21:47    time: 0.0730  data: 0.0000  max mem: 11815
      ITM Evaluation: [ 1300/19848]  eta: 0:21:46    time: 0.0702  data: 0.0000  max mem: 11815
      ITM Evaluation: [ 1400/19848]  eta: 0:21:35    time: 0.0684  data: 0.0000  max mem: 11815
      ITM Evaluation: [ 1500/19848]  eta: 0:21:26    time: 0.0703  data: 0.0000  max mem: 11815
      ITM Evaluation: [ 1600/19848]  eta: 0:21:17    time: 0.0692  data: 0.0000  max mem: 11815
      ITM Evaluation: [ 1700/19848]  eta: 0:21:10    time: 0.0700  data: 0.0000  max mem: 11815
      ITM Evaluation: [ 1800/19848]  eta: 0:21:02    time: 0.0726  data: 0.0000  max mem: 11815
      ITM Evaluation: [ 1900/19848]  eta: 0:21:01    time: 0.0755  data: 0.0000  max mem: 11815
      ITM Evaluation: [ 2000/19848]  eta: 0:20:53    time: 0.0690  data: 0.0000  max mem: 11815
      ITM Evaluation: [ 2100/19848]  eta: 0:20:45    time: 0.0694  data: 0.0000  max mem: 11815
      ITM Evaluation: [ 2200/19848]  eta: 0:20:37    time: 0.0677  data: 0.0000  max mem: 11815
      ITM Evaluation: [ 2300/19848]  eta: 0:20:30    time: 0.0738  data: 0.0000  max mem: 11815
      ITM Evaluation: [ 2400/19848]  eta: 0:20:24    time: 0.0726  data: 0.0000  max mem: 11815
      ITM Evaluation: [ 2500/19848]  eta: 0:20:18    time: 0.0701  data: 0.0000  max mem: 11815
      ITM Evaluation: [ 2600/19848]  eta: 0:20:10    time: 0.0666  data: 0.0000  max mem: 11815
      ITM Evaluation: [ 2700/19848]  eta: 0:20:00    time: 0.0664  data: 0.0000  max mem: 11815
      ITM Evaluation: [ 2800/19848]  eta: 0:19:53    time: 0.0690  data: 0.0000  max mem: 11815
      ITM Evaluation: [ 2900/19848]  eta: 0:19:46    time: 0.0678  data: 0.0000  max mem: 11815
      ITM Evaluation: [ 3000/19848]  eta: 0:19:38    time: 0.0708  data: 0.0000  max mem: 11815
      ITM Evaluation: [ 3100/19848]  eta: 0:19:33    time: 0.0744  data: 0.0000  max mem: 11815
      ITM Evaluation: [ 3200/19848]  eta: 0:19:26    time: 0.0680  data: 0.0000  max mem: 11815
      ITM Evaluation: [ 3300/19848]  eta: 0:19:17    time: 0.0637  data: 0.0000  max mem: 11815
      ITM Evaluation: [ 3400/19848]  eta: 0:19:10    time: 0.0679  data: 0.0000  max mem: 11815
      ITM Evaluation: [ 3500/19848]  eta: 0:19:01    time: 0.0662  data: 0.0000  max mem: 11815
      ITM Evaluation: [ 3600/19848]  eta: 0:18:53    time: 0.0672  data: 0.0000  max mem: 11815
      ITM Evaluation: [ 3700/19848]  eta: 0:18:46    time: 0.0702  data: 0.0000  max mem: 11815
      ITM Evaluation: [ 3800/19848]  eta: 0:18:39    time: 0.0686  data: 0.0000  max mem: 11815
      ITM Evaluation: [ 3900/19848]  eta: 0:18:32    time: 0.0692  data: 0.0000  max mem: 11815
      ITM Evaluation: [ 4000/19848]  eta: 0:18:23    time: 0.0655  data: 0.0000  max mem: 11815
      ITM Evaluation: [ 4100/19848]  eta: 0:18:15    time: 0.0675  data: 0.0000  max mem: 11815
      ITM Evaluation: [ 4200/19848]  eta: 0:18:07    time: 0.0673  data: 0.0000  max mem: 11815
      ITM Evaluation: [ 4300/19848]  eta: 0:18:00    time: 0.0714  data: 0.0000  max mem: 11815
      ITM Evaluation: [ 4400/19848]  eta: 0:17:54    time: 0.0741  data: 0.0000  max mem: 11815
      ITM Evaluation: [ 4500/19848]  eta: 0:17:47    time: 0.0675  data: 0.0000  max mem: 11815
      ITM Evaluation: [ 4600/19848]  eta: 0:17:39    time: 0.0674  data: 0.0000  max mem: 11815
      ITM Evaluation: [ 4700/19848]  eta: 0:17:31    time: 0.0668  data: 0.0000  max mem: 11815
      ITM Evaluation: [ 4800/19848]  eta: 0:17:22    time: 0.0666  data: 0.0000  max mem: 11815
      ITM Evaluation: [ 4900/19848]  eta: 0:17:15    time: 0.0684  data: 0.0000  max mem: 11815
      ITM Evaluation: [ 5000/19848]  eta: 0:17:10    time: 0.0805  data: 0.0000  max mem: 11815
      ITM Evaluation: [ 5100/19848]  eta: 0:17:04    time: 0.0660  data: 0.0000  max mem: 11815
      ITM Evaluation: [ 5200/19848]  eta: 0:16:56    time: 0.0677  data: 0.0000  max mem: 11815
      ITM Evaluation: [ 5300/19848]  eta: 0:16:49    time: 0.0669  data: 0.0000  max mem: 11815
      ITM Evaluation: [ 5400/19848]  eta: 0:16:42    time: 0.0704  data: 0.0000  max mem: 11815
      ITM Evaluation: [ 5500/19848]  eta: 0:16:34    time: 0.0675  data: 0.0000  max mem: 11815
      ITM Evaluation: [ 5600/19848]  eta: 0:16:28    time: 0.0766  data: 0.0000  max mem: 11815
      ITM Evaluation: [ 5700/19848]  eta: 0:16:21    time: 0.0689  data: 0.0000  max mem: 11815
      ITM Evaluation: [ 5800/19848]  eta: 0:16:14    time: 0.0662  data: 0.0000  max mem: 11815
      ITM Evaluation: [ 5900/19848]  eta: 0:16:06    time: 0.0693  data: 0.0000  max mem: 11815
      ITM Evaluation: [ 6000/19848]  eta: 0:15:59    time: 0.0664  data: 0.0000  max mem: 11815
      ITM Evaluation: [ 6100/19848]  eta: 0:15:52    time: 0.0694  data: 0.0000  max mem: 11815
      ITM Evaluation: [ 6200/19848]  eta: 0:15:45    time: 0.0691  data: 0.0000  max mem: 11815
      ITM Evaluation: [ 6300/19848]  eta: 0:15:39    time: 0.0724  data: 0.0000  max mem: 11815
      ITM Evaluation: [ 6400/19848]  eta: 0:15:32    time: 0.0683  data: 0.0000  max mem: 11815
      ITM Evaluation: [ 6500/19848]  eta: 0:15:25    time: 0.0667  data: 0.0000  max mem: 11815
      ITM Evaluation: [ 6600/19848]  eta: 0:15:18    time: 0.0670  data: 0.0000  max mem: 11815
      ITM Evaluation: [ 6700/19848]  eta: 0:15:11    time: 0.0691  data: 0.0000  max mem: 11815
      ITM Evaluation: [ 6800/19848]  eta: 0:15:03    time: 0.0662  data: 0.0000  max mem: 11815
      ITM Evaluation: [ 6900/19848]  eta: 0:14:57    time: 0.0731  data: 0.0000  max mem: 11815
      ITM Evaluation: [ 7000/19848]  eta: 0:14:50    time: 0.0713  data: 0.0000  max mem: 11815
      ITM Evaluation: [ 7100/19848]  eta: 0:14:43    time: 0.0676  data: 0.0000  max mem: 11815
