Not using distributed mode
### Hyper-parameters:
     seed: 42
     device: cuda
     output_dir: output/ft_rstp/tta/tta_exp2.3
     batch_size_tta: 16
     epochs: 30
     lr: 0.001
### Creating model
use_swin
load checkpoint from checkpoints/ft_rstp/checkpoint_best.pth
missing_keys:  []
vision_encoder missing_keys:  []
unexpected_keys:  []
     Total Params Sum:  214456629
### Creating test dataset
     test_dataset: 1000
### Creating test dataloader
### be careful: func create_loader returns a list length of 1
     test_loader: 7
### Inference ITC similiarity matrix
     Computing text features for evaluation
     Computing image features for evaluation
/home/jiahao/task/APTM/reTools.py:308: UserWarning: To copy construct from a tensor, it is recommended to use sourceTensor.clone().detach() or sourceTensor.clone().detach().requires_grad_(True), rather than torch.tensor(sourceTensor).
  similarity = torch.tensor(scores_t2i)
     Computing features time 0:00:04
### Zero-Shot ITC Score: 
+-------+--------+--------+--------+--------+--------+
| epoch |   R1   |   R5   |  R10   |  mAP   |  mINP  |
+-------+--------+--------+--------+--------+--------+
|  -999 | 59.000 | 79.650 | 88.500 | 47.231 | 25.876 |
+-------+--------+--------+--------+--------+--------+
     Computing matching score
      ITM Evaluation: [   0/2000]  eta: 0:01:31    time: 0.0459  data: 0.0012  max mem: 4847
      ITM Evaluation: [ 100/2000]  eta: 0:01:15    time: 0.0395  data: 0.0000  max mem: 4847
      ITM Evaluation: [ 200/2000]  eta: 0:01:14    time: 0.0431  data: 0.0000  max mem: 4847
      ITM Evaluation: [ 300/2000]  eta: 0:01:10    time: 0.0422  data: 0.0000  max mem: 4847
      ITM Evaluation: [ 400/2000]  eta: 0:01:07    time: 0.0450  data: 0.0000  max mem: 4847
      ITM Evaluation: [ 500/2000]  eta: 0:01:03    time: 0.0446  data: 0.0000  max mem: 4847
      ITM Evaluation: [ 600/2000]  eta: 0:00:59    time: 0.0422  data: 0.0000  max mem: 4847
      ITM Evaluation: [ 700/2000]  eta: 0:00:56    time: 0.0458  data: 0.0000  max mem: 4847
      ITM Evaluation: [ 800/2000]  eta: 0:00:52    time: 0.0444  data: 0.0000  max mem: 4847
      ITM Evaluation: [ 900/2000]  eta: 0:00:47    time: 0.0411  data: 0.0000  max mem: 4847
      ITM Evaluation: [1000/2000]  eta: 0:00:43    time: 0.0447  data: 0.0000  max mem: 4847
      ITM Evaluation: [1100/2000]  eta: 0:00:38    time: 0.0410  data: 0.0000  max mem: 4847
      ITM Evaluation: [1200/2000]  eta: 0:00:34    time: 0.0413  data: 0.0000  max mem: 4847
      ITM Evaluation: [1300/2000]  eta: 0:00:30    time: 0.0463  data: 0.0000  max mem: 4847
      ITM Evaluation: [1400/2000]  eta: 0:00:26    time: 0.0440  data: 0.0000  max mem: 4847
      ITM Evaluation: [1500/2000]  eta: 0:00:21    time: 0.0454  data: 0.0000  max mem: 4847
      ITM Evaluation: [1600/2000]  eta: 0:00:17    time: 0.0446  data: 0.0000  max mem: 4847
      ITM Evaluation: [1700/2000]  eta: 0:00:13    time: 0.0426  data: 0.0000  max mem: 4847
      ITM Evaluation: [1800/2000]  eta: 0:00:08    time: 0.0427  data: 0.0000  max mem: 4847
      ITM Evaluation: [1900/2000]  eta: 0:00:04    time: 0.0446  data: 0.0000  max mem: 4847
      ITM Evaluation: [1999/2000]  eta: 0:00:00    time: 0.0427  data: 0.0000  max mem: 4847
      ITM Evaluation: Total time: 0:01:27 (0.0435 s / it)
     total_time 87.06023812294006
     Computing matching score time 0:01:27
### Zero-Shot ITM Score: 
+-------+--------+--------+--------+--------+--------+
| epoch |   R1   |   R5   |  R10   |  mAP   |  mINP  |
+-------+--------+--------+--------+--------+--------+
|  -999 | 59.000 | 79.650 | 88.500 | 47.231 | 25.876 |
|  -999 | 66.450 | 85.600 | 90.600 | 50.642 | 25.526 |
+-------+--------+--------+--------+--------+--------+
### TTA:
### Compute ITC Uncertainty
     preprocess_tta_coefficients  start
     sample selection ...
     number of sample after sample_selection: 455
     uncertainty ...
     preprocess_tta_coefficients  end
### Creating tta dataset
     tta_dataset: 455
### Creating tta dataloader
### be careful: func create_loader returns a list length of 1
     tta_loader: 28
### Configure adapted weights
     TTA Dropout Modules: 
 [('vision_encoder.pos_drop', Dropout(p=0.0, inplace=False), True), ('vision_encoder.layers.0.blocks.0.attn.attn_drop', Dropout(p=0.0, inplace=False), True), ('vision_encoder.layers.0.blocks.0.attn.proj_drop', Dropout(p=0.0, inplace=False), True), ('vision_encoder.layers.0.blocks.0.mlp.drop', Dropout(p=0.0, inplace=False), True), ('vision_encoder.layers.0.blocks.1.attn.attn_drop', Dropout(p=0.0, inplace=False), True), ('vision_encoder.layers.0.blocks.1.attn.proj_drop', Dropout(p=0.0, inplace=False), True), ('vision_encoder.layers.0.blocks.1.mlp.drop', Dropout(p=0.0, inplace=False), True), ('vision_encoder.layers.1.blocks.0.attn.attn_drop', Dropout(p=0.0, inplace=False), True), ('vision_encoder.layers.1.blocks.0.attn.proj_drop', Dropout(p=0.0, inplace=False), True), ('vision_encoder.layers.1.blocks.0.mlp.drop', Dropout(p=0.0, inplace=False), True), ('vision_encoder.layers.1.blocks.1.attn.attn_drop', Dropout(p=0.0, inplace=False), True), ('vision_encoder.layers.1.blocks.1.attn.proj_drop', Dropout(p=0.0, inplace=False), True), ('vision_encoder.layers.1.blocks.1.mlp.drop', Dropout(p=0.0, inplace=False), True), ('vision_encoder.layers.2.blocks.0.attn.attn_drop', Dropout(p=0.0, inplace=False), True), ('vision_encoder.layers.2.blocks.0.attn.proj_drop', Dropout(p=0.0, inplace=False), True), ('vision_encoder.layers.2.blocks.0.mlp.drop', Dropout(p=0.0, inplace=False), True), ('vision_encoder.layers.2.blocks.1.attn.attn_drop', Dropout(p=0.0, inplace=False), True), ('vision_encoder.layers.2.blocks.1.attn.proj_drop', Dropout(p=0.0, inplace=False), True), ('vision_encoder.layers.2.blocks.1.mlp.drop', Dropout(p=0.0, inplace=False), True), ('vision_encoder.layers.2.blocks.2.attn.attn_drop', Dropout(p=0.0, inplace=False), True), ('vision_encoder.layers.2.blocks.2.attn.proj_drop', Dropout(p=0.0, inplace=False), True), ('vision_encoder.layers.2.blocks.2.mlp.drop', Dropout(p=0.0, inplace=False), True), ('vision_encoder.layers.2.blocks.3.attn.attn_drop', Dropout(p=0.0, inplace=False), True), ('vision_encoder.layers.2.blocks.3.attn.proj_drop', Dropout(p=0.0, inplace=False), True), ('vision_encoder.layers.2.blocks.3.mlp.drop', Dropout(p=0.0, inplace=False), True), ('vision_encoder.layers.2.blocks.4.attn.attn_drop', Dropout(p=0.0, inplace=False), True), ('vision_encoder.layers.2.blocks.4.attn.proj_drop', Dropout(p=0.0, inplace=False), True), ('vision_encoder.layers.2.blocks.4.mlp.drop', Dropout(p=0.0, inplace=False), True), ('vision_encoder.layers.2.blocks.5.attn.attn_drop', Dropout(p=0.0, inplace=False), True), ('vision_encoder.layers.2.blocks.5.attn.proj_drop', Dropout(p=0.0, inplace=False), True), ('vision_encoder.layers.2.blocks.5.mlp.drop', Dropout(p=0.0, inplace=False), True), ('vision_encoder.layers.2.blocks.6.attn.attn_drop', Dropout(p=0.0, inplace=False), True), ('vision_encoder.layers.2.blocks.6.attn.proj_drop', Dropout(p=0.0, inplace=False), True), ('vision_encoder.layers.2.blocks.6.mlp.drop', Dropout(p=0.0, inplace=False), True), ('vision_encoder.layers.2.blocks.7.attn.attn_drop', Dropout(p=0.0, inplace=False), True), ('vision_encoder.layers.2.blocks.7.attn.proj_drop', Dropout(p=0.0, inplace=False), True), ('vision_encoder.layers.2.blocks.7.mlp.drop', Dropout(p=0.0, inplace=False), True), ('vision_encoder.layers.2.blocks.8.attn.attn_drop', Dropout(p=0.0, inplace=False), True), ('vision_encoder.layers.2.blocks.8.attn.proj_drop', Dropout(p=0.0, inplace=False), True), ('vision_encoder.layers.2.blocks.8.mlp.drop', Dropout(p=0.0, inplace=False), True), ('vision_encoder.layers.2.blocks.9.attn.attn_drop', Dropout(p=0.0, inplace=False), True), ('vision_encoder.layers.2.blocks.9.attn.proj_drop', Dropout(p=0.0, inplace=False), True), ('vision_encoder.layers.2.blocks.9.mlp.drop', Dropout(p=0.0, inplace=False), True), ('vision_encoder.layers.2.blocks.10.attn.attn_drop', Dropout(p=0.0, inplace=False), True), ('vision_encoder.layers.2.blocks.10.attn.proj_drop', Dropout(p=0.0, inplace=False), True), ('vision_encoder.layers.2.blocks.10.mlp.drop', Dropout(p=0.0, inplace=False), True), ('vision_encoder.layers.2.blocks.11.attn.attn_drop', Dropout(p=0.0, inplace=False), True), ('vision_encoder.layers.2.blocks.11.attn.proj_drop', Dropout(p=0.0, inplace=False), True), ('vision_encoder.layers.2.blocks.11.mlp.drop', Dropout(p=0.0, inplace=False), True), ('vision_encoder.layers.2.blocks.12.attn.attn_drop', Dropout(p=0.0, inplace=False), True), ('vision_encoder.layers.2.blocks.12.attn.proj_drop', Dropout(p=0.0, inplace=False), True), ('vision_encoder.layers.2.blocks.12.mlp.drop', Dropout(p=0.0, inplace=False), True), ('vision_encoder.layers.2.blocks.13.attn.attn_drop', Dropout(p=0.0, inplace=False), True), ('vision_encoder.layers.2.blocks.13.attn.proj_drop', Dropout(p=0.0, inplace=False), True), ('vision_encoder.layers.2.blocks.13.mlp.drop', Dropout(p=0.0, inplace=False), True), ('vision_encoder.layers.2.blocks.14.attn.attn_drop', Dropout(p=0.0, inplace=False), True), ('vision_encoder.layers.2.blocks.14.attn.proj_drop', Dropout(p=0.0, inplace=False), True), ('vision_encoder.layers.2.blocks.14.mlp.drop', Dropout(p=0.0, inplace=False), True), ('vision_encoder.layers.2.blocks.15.attn.attn_drop', Dropout(p=0.0, inplace=False), True), ('vision_encoder.layers.2.blocks.15.attn.proj_drop', Dropout(p=0.0, inplace=False), True), ('vision_encoder.layers.2.blocks.15.mlp.drop', Dropout(p=0.0, inplace=False), True), ('vision_encoder.layers.2.blocks.16.attn.attn_drop', Dropout(p=0.0, inplace=False), True), ('vision_encoder.layers.2.blocks.16.attn.proj_drop', Dropout(p=0.0, inplace=False), True), ('vision_encoder.layers.2.blocks.16.mlp.drop', Dropout(p=0.0, inplace=False), True), ('vision_encoder.layers.2.blocks.17.attn.attn_drop', Dropout(p=0.0, inplace=False), True), ('vision_encoder.layers.2.blocks.17.attn.proj_drop', Dropout(p=0.0, inplace=False), True), ('vision_encoder.layers.2.blocks.17.mlp.drop', Dropout(p=0.0, inplace=False), True), ('vision_encoder.layers.3.blocks.0.attn.attn_drop', Dropout(p=0.0, inplace=False), True), ('vision_encoder.layers.3.blocks.0.attn.proj_drop', Dropout(p=0.0, inplace=False), True), ('vision_encoder.layers.3.blocks.0.mlp.drop', Dropout(p=0.0, inplace=False), True), ('vision_encoder.layers.3.blocks.1.attn.attn_drop', Dropout(p=0.0, inplace=False), True), ('vision_encoder.layers.3.blocks.1.attn.proj_drop', Dropout(p=0.0, inplace=False), True), ('vision_encoder.layers.3.blocks.1.mlp.drop', Dropout(p=0.0, inplace=False), True), ('text_encoder.bert.embeddings.dropout', Dropout(p=0.1, inplace=False), True), ('text_encoder.bert.encoder.layer.0.attention.self.dropout', Dropout(p=0.1, inplace=False), True), ('text_encoder.bert.encoder.layer.0.attention.output.dropout', Dropout(p=0.1, inplace=False), True), ('text_encoder.bert.encoder.layer.0.output.dropout', Dropout(p=0.1, inplace=False), True), ('text_encoder.bert.encoder.layer.1.attention.self.dropout', Dropout(p=0.1, inplace=False), True), ('text_encoder.bert.encoder.layer.1.attention.output.dropout', Dropout(p=0.1, inplace=False), True), ('text_encoder.bert.encoder.layer.1.output.dropout', Dropout(p=0.1, inplace=False), True), ('text_encoder.bert.encoder.layer.2.attention.self.dropout', Dropout(p=0.1, inplace=False), True), ('text_encoder.bert.encoder.layer.2.attention.output.dropout', Dropout(p=0.1, inplace=False), True), ('text_encoder.bert.encoder.layer.2.output.dropout', Dropout(p=0.1, inplace=False), True), ('text_encoder.bert.encoder.layer.3.attention.self.dropout', Dropout(p=0.1, inplace=False), True), ('text_encoder.bert.encoder.layer.3.attention.output.dropout', Dropout(p=0.1, inplace=False), True), ('text_encoder.bert.encoder.layer.3.output.dropout', Dropout(p=0.1, inplace=False), True), ('text_encoder.bert.encoder.layer.4.attention.self.dropout', Dropout(p=0.1, inplace=False), True), ('text_encoder.bert.encoder.layer.4.attention.output.dropout', Dropout(p=0.1, inplace=False), True), ('text_encoder.bert.encoder.layer.4.output.dropout', Dropout(p=0.1, inplace=False), True), ('text_encoder.bert.encoder.layer.5.attention.self.dropout', Dropout(p=0.1, inplace=False), True), ('text_encoder.bert.encoder.layer.5.attention.output.dropout', Dropout(p=0.1, inplace=False), True), ('text_encoder.bert.encoder.layer.5.output.dropout', Dropout(p=0.1, inplace=False), True), ('text_encoder.bert.encoder.layer.6.attention.self.dropout', Dropout(p=0.1, inplace=False), True), ('text_encoder.bert.encoder.layer.6.attention.output.dropout', Dropout(p=0.1, inplace=False), True), ('text_encoder.bert.encoder.layer.6.crossattention.self.dropout', Dropout(p=0.1, inplace=False), True), ('text_encoder.bert.encoder.layer.6.crossattention.output.dropout', Dropout(p=0.1, inplace=False), True), ('text_encoder.bert.encoder.layer.6.output.dropout', Dropout(p=0.1, inplace=False), True), ('text_encoder.bert.encoder.layer.7.attention.self.dropout', Dropout(p=0.1, inplace=False), True), ('text_encoder.bert.encoder.layer.7.attention.output.dropout', Dropout(p=0.1, inplace=False), True), ('text_encoder.bert.encoder.layer.7.crossattention.self.dropout', Dropout(p=0.1, inplace=False), True), ('text_encoder.bert.encoder.layer.7.crossattention.output.dropout', Dropout(p=0.1, inplace=False), True), ('text_encoder.bert.encoder.layer.7.output.dropout', Dropout(p=0.1, inplace=False), True), ('text_encoder.bert.encoder.layer.8.attention.self.dropout', Dropout(p=0.1, inplace=False), True), ('text_encoder.bert.encoder.layer.8.attention.output.dropout', Dropout(p=0.1, inplace=False), True), ('text_encoder.bert.encoder.layer.8.crossattention.self.dropout', Dropout(p=0.1, inplace=False), True), ('text_encoder.bert.encoder.layer.8.crossattention.output.dropout', Dropout(p=0.1, inplace=False), True), ('text_encoder.bert.encoder.layer.8.output.dropout', Dropout(p=0.1, inplace=False), True), ('text_encoder.bert.encoder.layer.9.attention.self.dropout', Dropout(p=0.1, inplace=False), True), ('text_encoder.bert.encoder.layer.9.attention.output.dropout', Dropout(p=0.1, inplace=False), True), ('text_encoder.bert.encoder.layer.9.crossattention.self.dropout', Dropout(p=0.1, inplace=False), True), ('text_encoder.bert.encoder.layer.9.crossattention.output.dropout', Dropout(p=0.1, inplace=False), True), ('text_encoder.bert.encoder.layer.9.output.dropout', Dropout(p=0.1, inplace=False), True), ('text_encoder.bert.encoder.layer.10.attention.self.dropout', Dropout(p=0.1, inplace=False), True), ('text_encoder.bert.encoder.layer.10.attention.output.dropout', Dropout(p=0.1, inplace=False), True), ('text_encoder.bert.encoder.layer.10.crossattention.self.dropout', Dropout(p=0.1, inplace=False), True), ('text_encoder.bert.encoder.layer.10.crossattention.output.dropout', Dropout(p=0.1, inplace=False), True), ('text_encoder.bert.encoder.layer.10.output.dropout', Dropout(p=0.1, inplace=False), True), ('text_encoder.bert.encoder.layer.11.attention.self.dropout', Dropout(p=0.1, inplace=False), True), ('text_encoder.bert.encoder.layer.11.attention.output.dropout', Dropout(p=0.1, inplace=False), True), ('text_encoder.bert.encoder.layer.11.crossattention.self.dropout', Dropout(p=0.1, inplace=False), True), ('text_encoder.bert.encoder.layer.11.crossattention.output.dropout', Dropout(p=0.1, inplace=False), True), ('text_encoder.bert.encoder.layer.11.output.dropout', Dropout(p=0.1, inplace=False), True)]
     TTA Require Gradient Params: 
 [('text_encoder.bert.embeddings.LayerNorm.weight', torch.Size([768])), ('text_encoder.bert.embeddings.LayerNorm.bias', torch.Size([768])), ('text_encoder.bert.encoder.layer.6.attention.output.LayerNorm.weight', torch.Size([768])), ('text_encoder.bert.encoder.layer.6.attention.output.LayerNorm.bias', torch.Size([768])), ('text_encoder.bert.encoder.layer.6.crossattention.output.LayerNorm.weight', torch.Size([768])), ('text_encoder.bert.encoder.layer.6.crossattention.output.LayerNorm.bias', torch.Size([768])), ('text_encoder.bert.encoder.layer.6.output.LayerNorm.weight', torch.Size([768])), ('text_encoder.bert.encoder.layer.6.output.LayerNorm.bias', torch.Size([768])), ('text_encoder.bert.encoder.layer.7.attention.output.LayerNorm.weight', torch.Size([768])), ('text_encoder.bert.encoder.layer.7.attention.output.LayerNorm.bias', torch.Size([768])), ('text_encoder.bert.encoder.layer.7.crossattention.output.LayerNorm.weight', torch.Size([768])), ('text_encoder.bert.encoder.layer.7.crossattention.output.LayerNorm.bias', torch.Size([768])), ('text_encoder.bert.encoder.layer.7.output.LayerNorm.weight', torch.Size([768])), ('text_encoder.bert.encoder.layer.7.output.LayerNorm.bias', torch.Size([768])), ('text_encoder.bert.encoder.layer.8.attention.output.LayerNorm.weight', torch.Size([768])), ('text_encoder.bert.encoder.layer.8.attention.output.LayerNorm.bias', torch.Size([768])), ('text_encoder.bert.encoder.layer.8.crossattention.output.LayerNorm.weight', torch.Size([768])), ('text_encoder.bert.encoder.layer.8.crossattention.output.LayerNorm.bias', torch.Size([768])), ('text_encoder.bert.encoder.layer.8.output.LayerNorm.weight', torch.Size([768])), ('text_encoder.bert.encoder.layer.8.output.LayerNorm.bias', torch.Size([768])), ('text_encoder.bert.encoder.layer.9.attention.output.LayerNorm.weight', torch.Size([768])), ('text_encoder.bert.encoder.layer.9.attention.output.LayerNorm.bias', torch.Size([768])), ('text_encoder.bert.encoder.layer.9.crossattention.output.LayerNorm.weight', torch.Size([768])), ('text_encoder.bert.encoder.layer.9.crossattention.output.LayerNorm.bias', torch.Size([768])), ('text_encoder.bert.encoder.layer.9.output.LayerNorm.weight', torch.Size([768])), ('text_encoder.bert.encoder.layer.9.output.LayerNorm.bias', torch.Size([768])), ('text_encoder.bert.encoder.layer.10.attention.output.LayerNorm.weight', torch.Size([768])), ('text_encoder.bert.encoder.layer.10.attention.output.LayerNorm.bias', torch.Size([768])), ('text_encoder.bert.encoder.layer.10.crossattention.output.LayerNorm.weight', torch.Size([768])), ('text_encoder.bert.encoder.layer.10.crossattention.output.LayerNorm.bias', torch.Size([768])), ('text_encoder.bert.encoder.layer.10.output.LayerNorm.weight', torch.Size([768])), ('text_encoder.bert.encoder.layer.10.output.LayerNorm.bias', torch.Size([768])), ('text_encoder.bert.encoder.layer.11.attention.output.LayerNorm.weight', torch.Size([768])), ('text_encoder.bert.encoder.layer.11.attention.output.LayerNorm.bias', torch.Size([768])), ('text_encoder.bert.encoder.layer.11.crossattention.output.LayerNorm.weight', torch.Size([768])), ('text_encoder.bert.encoder.layer.11.crossattention.output.LayerNorm.bias', torch.Size([768])), ('text_encoder.bert.encoder.layer.11.output.LayerNorm.weight', torch.Size([768])), ('text_encoder.bert.encoder.layer.11.output.LayerNorm.bias', torch.Size([768])), ('text_encoder.cls.predictions.transform.LayerNorm.weight', torch.Size([768])), ('text_encoder.cls.predictions.transform.LayerNorm.bias', torch.Size([768])), ('itm_head.1.weight', torch.Size([1536])), ('itm_head.1.bias', torch.Size([1536]))]
     TTA Dropout Modules Number: 
 122
     TTA Require Gradient Params Sum: 
 33792
     lr:  0.001    lr_mult:  2
     model has 'init_params',  363
     num_tta_steps:  870
     num_warmup_steps:  100
     sched: step
### Start ITM Test Time Adaptation
      TTA Epoch: [0] [ 0/28]  eta: 0:00:22  lr: 0.000010  entropy: 1.5582  loss: 3.2362  time: 0.8025  data: 0.6382  max mem: 4847
      TTA Epoch: [0] [27/28]  eta: 0:00:00  lr: 0.000280  entropy: 1.4405  loss: 3.1968  time: 0.0668  data: 0.0002  max mem: 4847
      TTA Epoch: [0] Total time: 0:00:02 (0.0967 s / it)
     Averaged stats: lr: 0.0001  entropy: 1.4729  loss: 3.2099
     itm tta time 0:00:03
     Computing matching score
      ITM Evaluation: [   0/2000]  eta: 0:01:40    time: 0.0505  data: 0.0031  max mem: 4847
      ITM Evaluation: [ 100/2000]  eta: 0:01:26    time: 0.0430  data: 0.0000  max mem: 4847
      ITM Evaluation: [ 200/2000]  eta: 0:01:21    time: 0.0394  data: 0.0000  max mem: 4847
      ITM Evaluation: [ 300/2000]  eta: 0:01:15    time: 0.0432  data: 0.0000  max mem: 4847
      ITM Evaluation: [ 400/2000]  eta: 0:01:09    time: 0.0410  data: 0.0000  max mem: 4847
      ITM Evaluation: [ 500/2000]  eta: 0:01:04    time: 0.0415  data: 0.0000  max mem: 4847
      ITM Evaluation: [ 600/2000]  eta: 0:01:00    time: 0.0420  data: 0.0000  max mem: 4847
      ITM Evaluation: [ 700/2000]  eta: 0:00:55    time: 0.0416  data: 0.0000  max mem: 4847
      ITM Evaluation: [ 800/2000]  eta: 0:00:51    time: 0.0422  data: 0.0000  max mem: 4847
      ITM Evaluation: [ 900/2000]  eta: 0:00:46    time: 0.0413  data: 0.0000  max mem: 4847
      ITM Evaluation: [1000/2000]  eta: 0:00:42    time: 0.0420  data: 0.0000  max mem: 4847
      ITM Evaluation: [1100/2000]  eta: 0:00:38    time: 0.0398  data: 0.0000  max mem: 4847
      ITM Evaluation: [1200/2000]  eta: 0:00:34    time: 0.0408  data: 0.0000  max mem: 4847
      ITM Evaluation: [1300/2000]  eta: 0:00:29    time: 0.0427  data: 0.0000  max mem: 4847
      ITM Evaluation: [1400/2000]  eta: 0:00:25    time: 0.0426  data: 0.0000  max mem: 4847
      ITM Evaluation: [1500/2000]  eta: 0:00:21    time: 0.0398  data: 0.0000  max mem: 4847
      ITM Evaluation: [1600/2000]  eta: 0:00:17    time: 0.0386  data: 0.0000  max mem: 4847
      ITM Evaluation: [1700/2000]  eta: 0:00:12    time: 0.0436  data: 0.0000  max mem: 4847
      ITM Evaluation: [1800/2000]  eta: 0:00:08    time: 0.0423  data: 0.0000  max mem: 4847
      ITM Evaluation: [1900/2000]  eta: 0:00:04    time: 0.0464  data: 0.0000  max mem: 4847
      ITM Evaluation: [1999/2000]  eta: 0:00:00    time: 0.0435  data: 0.0000  max mem: 4847
      ITM Evaluation: Total time: 0:01:25 (0.0427 s / it)
     total_time 85.49531936645508
     Computing matching score time 0:01:25
### TTA ITM Score: 
+-------+--------+--------+--------+--------+--------+
| epoch |   R1   |   R5   |  R10   |  mAP   |  mINP  |
+-------+--------+--------+--------+--------+--------+
|  -999 | 59.000 | 79.650 | 88.500 | 47.231 | 25.876 |
|  -999 | 66.450 | 85.600 | 90.600 | 50.642 | 25.526 |
|   0   | 66.500 | 85.550 | 90.050 | 50.488 | 25.518 |
+-------+--------+--------+--------+--------+--------+
     logs:  {'epo': 0, 'R1': 66.5, 'R5': 85.55, 'R10': 90.05, 'mAP': 50.488, 'mINP': 25.518, 'lr': 0.000145, 'entropy': 1.472867, 'loss': 3.209936}
      TTA Epoch: [1] [ 0/28]  eta: 0:00:20  lr: 0.000290  entropy: 1.3413  loss: 3.1611  time: 0.7339  data: 0.6358  max mem: 4847
      TTA Epoch: [1] [27/28]  eta: 0:00:00  lr: 0.000560  entropy: 0.7111  loss: 2.9232  time: 0.0524  data: 0.0002  max mem: 4847
      TTA Epoch: [1] Total time: 0:00:02 (0.0788 s / it)
     Averaged stats: lr: 0.0004  entropy: 1.1557  loss: 3.0906
     itm tta time 0:00:02
     Computing matching score
      ITM Evaluation: [   0/2000]  eta: 0:02:23    time: 0.0718  data: 0.0024  max mem: 4847
      ITM Evaluation: [ 100/2000]  eta: 0:01:18    time: 0.0390  data: 0.0000  max mem: 4847
      ITM Evaluation: [ 200/2000]  eta: 0:01:14    time: 0.0445  data: 0.0000  max mem: 4847
      ITM Evaluation: [ 300/2000]  eta: 0:01:11    time: 0.0424  data: 0.0000  max mem: 4847
      ITM Evaluation: [ 400/2000]  eta: 0:01:08    time: 0.0439  data: 0.0000  max mem: 4847
      ITM Evaluation: [ 500/2000]  eta: 0:01:03    time: 0.0410  data: 0.0000  max mem: 4847
      ITM Evaluation: [ 600/2000]  eta: 0:00:59    time: 0.0380  data: 0.0000  max mem: 4847
      ITM Evaluation: [ 700/2000]  eta: 0:00:54    time: 0.0456  data: 0.0000  max mem: 4847
      ITM Evaluation: [ 800/2000]  eta: 0:00:50    time: 0.0401  data: 0.0000  max mem: 4847
      ITM Evaluation: [ 900/2000]  eta: 0:00:46    time: 0.0413  data: 0.0000  max mem: 4847
      ITM Evaluation: [1000/2000]  eta: 0:00:42    time: 0.0360  data: 0.0000  max mem: 4847
      ITM Evaluation: [1100/2000]  eta: 0:00:37    time: 0.0397  data: 0.0000  max mem: 4847
      ITM Evaluation: [1200/2000]  eta: 0:00:33    time: 0.0398  data: 0.0000  max mem: 4847
      ITM Evaluation: [1300/2000]  eta: 0:00:29    time: 0.0422  data: 0.0000  max mem: 4847
      ITM Evaluation: [1400/2000]  eta: 0:00:24    time: 0.0403  data: 0.0000  max mem: 4847
      ITM Evaluation: [1500/2000]  eta: 0:00:20    time: 0.0456  data: 0.0000  max mem: 4847
      ITM Evaluation: [1600/2000]  eta: 0:00:16    time: 0.0408  data: 0.0000  max mem: 4847
      ITM Evaluation: [1700/2000]  eta: 0:00:12    time: 0.0433  data: 0.0000  max mem: 4847
      ITM Evaluation: [1800/2000]  eta: 0:00:08    time: 0.0420  data: 0.0000  max mem: 4847
      ITM Evaluation: [1900/2000]  eta: 0:00:04    time: 0.0411  data: 0.0000  max mem: 4847
      ITM Evaluation: [1999/2000]  eta: 0:00:00    time: 0.0429  data: 0.0000  max mem: 4847
      ITM Evaluation: Total time: 0:01:23 (0.0420 s / it)
     total_time 83.9736967086792
     Computing matching score time 0:01:23
### TTA ITM Score: 
+-------+--------+--------+--------+--------+--------+
| epoch |   R1   |   R5   |  R10   |  mAP   |  mINP  |
+-------+--------+--------+--------+--------+--------+
|  -999 | 59.000 | 79.650 | 88.500 | 47.231 | 25.876 |
|  -999 | 66.450 | 85.600 | 90.600 | 50.642 | 25.526 |
|   0   | 66.500 | 85.550 | 90.050 | 50.488 | 25.518 |
|   1   | 64.700 | 84.300 | 89.600 | 49.711 | 25.357 |
+-------+--------+--------+--------+--------+--------+
     logs:  {'epo': 1, 'R1': 64.7, 'R5': 84.3, 'R10': 89.6, 'mAP': 49.711, 'mINP': 25.357, 'lr': 0.000425, 'entropy': 1.155732, 'loss': 3.09064}
      TTA Epoch: [2] [ 0/28]  eta: 0:00:21  lr: 0.000570  entropy: 0.9289  loss: 3.0006  time: 0.7627  data: 0.6312  max mem: 4847
      TTA Epoch: [2] [27/28]  eta: 0:00:00  lr: 0.000840  entropy: 0.3585  loss: 2.7916  time: 0.0580  data: 0.0002  max mem: 4847
      TTA Epoch: [2] Total time: 0:00:02 (0.0832 s / it)
     Averaged stats: lr: 0.0007  entropy: 0.7443  loss: 2.9361
     itm tta time 0:00:02
     Computing matching score
      ITM Evaluation: [   0/2000]  eta: 0:01:33    time: 0.0466  data: 0.0062  max mem: 4847
      ITM Evaluation: [ 100/2000]  eta: 0:01:21    time: 0.0401  data: 0.0000  max mem: 4847
      ITM Evaluation: [ 200/2000]  eta: 0:01:17    time: 0.0411  data: 0.0000  max mem: 4847
      ITM Evaluation: [ 300/2000]  eta: 0:01:13    time: 0.0433  data: 0.0000  max mem: 4847
      ITM Evaluation: [ 400/2000]  eta: 0:01:09    time: 0.0491  data: 0.0000  max mem: 4847
      ITM Evaluation: [ 500/2000]  eta: 0:01:06    time: 0.0465  data: 0.0000  max mem: 4847
      ITM Evaluation: [ 600/2000]  eta: 0:01:01    time: 0.0436  data: 0.0000  max mem: 4847
      ITM Evaluation: [ 700/2000]  eta: 0:00:56    time: 0.0446  data: 0.0000  max mem: 4847
      ITM Evaluation: [ 800/2000]  eta: 0:00:52    time: 0.0462  data: 0.0000  max mem: 4847
      ITM Evaluation: [ 900/2000]  eta: 0:00:48    time: 0.0437  data: 0.0000  max mem: 4847
      ITM Evaluation: [1000/2000]  eta: 0:00:43    time: 0.0430  data: 0.0000  max mem: 4847
      ITM Evaluation: [1100/2000]  eta: 0:00:39    time: 0.0389  data: 0.0000  max mem: 4847
      ITM Evaluation: [1200/2000]  eta: 0:00:34    time: 0.0388  data: 0.0000  max mem: 4847
      ITM Evaluation: [1300/2000]  eta: 0:00:30    time: 0.0423  data: 0.0000  max mem: 4847
      ITM Evaluation: [1400/2000]  eta: 0:00:26    time: 0.0449  data: 0.0000  max mem: 4847
      ITM Evaluation: [1500/2000]  eta: 0:00:21    time: 0.0426  data: 0.0000  max mem: 4847
      ITM Evaluation: [1600/2000]  eta: 0:00:17    time: 0.0441  data: 0.0000  max mem: 4847
      ITM Evaluation: [1700/2000]  eta: 0:00:13    time: 0.0423  data: 0.0000  max mem: 4847
      ITM Evaluation: [1800/2000]  eta: 0:00:08    time: 0.0421  data: 0.0000  max mem: 4847
      ITM Evaluation: [1900/2000]  eta: 0:00:04    time: 0.0394  data: 0.0000  max mem: 4847
      ITM Evaluation: [1999/2000]  eta: 0:00:00    time: 0.0453  data: 0.0000  max mem: 4847
      ITM Evaluation: Total time: 0:01:27 (0.0436 s / it)
     total_time 87.149662733078
     Computing matching score time 0:01:27
### TTA ITM Score: 
+-------+--------+--------+--------+--------+--------+
| epoch |   R1   |   R5   |  R10   |  mAP   |  mINP  |
+-------+--------+--------+--------+--------+--------+
|  -999 | 59.000 | 79.650 | 88.500 | 47.231 | 25.876 |
|  -999 | 66.450 | 85.600 | 90.600 | 50.642 | 25.526 |
|   0   | 66.500 | 85.550 | 90.050 | 50.488 | 25.518 |
|   1   | 64.700 | 84.300 | 89.600 | 49.711 | 25.357 |
|   2   | 58.300 | 82.750 | 88.650 | 46.775 | 23.823 |
+-------+--------+--------+--------+--------+--------+
     logs:  {'epo': 2, 'R1': 58.3, 'R5': 82.75, 'R10': 88.65, 'mAP': 46.775, 'mINP': 23.823, 'lr': 0.000705, 'entropy': 0.74434, 'loss': 2.936141}
      TTA Epoch: [3] [ 0/28]  eta: 0:00:22  lr: 0.000850  entropy: 0.5500  loss: 2.8627  time: 0.7912  data: 0.6962  max mem: 4847
      TTA Epoch: [3] [27/28]  eta: 0:00:00  lr: 0.000984  entropy: 0.3381  loss: 2.7832  time: 0.0509  data: 0.0002  max mem: 4847
      TTA Epoch: [3] Total time: 0:00:02 (0.0795 s / it)
     Averaged stats: lr: 0.0010  entropy: 0.4566  loss: 2.8280
     itm tta time 0:00:02
     Computing matching score
      ITM Evaluation: [   0/2000]  eta: 0:01:23    time: 0.0417  data: 0.0025  max mem: 4847
      ITM Evaluation: [ 100/2000]  eta: 0:01:22    time: 0.0463  data: 0.0000  max mem: 4847
      ITM Evaluation: [ 200/2000]  eta: 0:01:19    time: 0.0462  data: 0.0000  max mem: 4847
      ITM Evaluation: [ 300/2000]  eta: 0:01:15    time: 0.0428  data: 0.0000  max mem: 4847
      ITM Evaluation: [ 400/2000]  eta: 0:01:11    time: 0.0447  data: 0.0000  max mem: 4847
      ITM Evaluation: [ 500/2000]  eta: 0:01:06    time: 0.0421  data: 0.0000  max mem: 4847
      ITM Evaluation: [ 600/2000]  eta: 0:01:01    time: 0.0401  data: 0.0000  max mem: 4847
      ITM Evaluation: [ 700/2000]  eta: 0:00:56    time: 0.0443  data: 0.0000  max mem: 4847
      ITM Evaluation: [ 800/2000]  eta: 0:00:52    time: 0.0436  data: 0.0000  max mem: 4847
      ITM Evaluation: [ 900/2000]  eta: 0:00:47    time: 0.0393  data: 0.0000  max mem: 4847
      ITM Evaluation: [1000/2000]  eta: 0:00:43    time: 0.0439  data: 0.0000  max mem: 4847
      ITM Evaluation: [1100/2000]  eta: 0:00:39    time: 0.0467  data: 0.0000  max mem: 4847
      ITM Evaluation: [1200/2000]  eta: 0:00:35    time: 0.0533  data: 0.0000  max mem: 4847
      ITM Evaluation: [1300/2000]  eta: 0:00:31    time: 0.0549  data: 0.0000  max mem: 4847
      ITM Evaluation: [1400/2000]  eta: 0:00:27    time: 0.0618  data: 0.0000  max mem: 4847
      ITM Evaluation: [1500/2000]  eta: 0:00:22    time: 0.0495  data: 0.0000  max mem: 4847
      ITM Evaluation: [1600/2000]  eta: 0:00:18    time: 0.0537  data: 0.0000  max mem: 4847
      ITM Evaluation: [1700/2000]  eta: 0:00:13    time: 0.0435  data: 0.0000  max mem: 4847
      ITM Evaluation: [1800/2000]  eta: 0:00:09    time: 0.0422  data: 0.0000  max mem: 4847
      ITM Evaluation: [1900/2000]  eta: 0:00:04    time: 0.0421  data: 0.0000  max mem: 4847
      ITM Evaluation: [1999/2000]  eta: 0:00:00    time: 0.0471  data: 0.0000  max mem: 4847
      ITM Evaluation: Total time: 0:01:31 (0.0457 s / it)
     total_time 91.39191913604736
     Computing matching score time 0:01:31
### TTA ITM Score: 
+-------+--------+--------+--------+--------+--------+
| epoch |   R1   |   R5   |  R10   |  mAP   |  mINP  |
+-------+--------+--------+--------+--------+--------+
|  -999 | 59.000 | 79.650 | 88.500 | 47.231 | 25.876 |
|  -999 | 66.450 | 85.600 | 90.600 | 50.642 | 25.526 |
|   0   | 66.500 | 85.550 | 90.050 | 50.488 | 25.518 |
|   1   | 64.700 | 84.300 | 89.600 | 49.711 | 25.357 |
|   2   | 58.300 | 82.750 | 88.650 | 46.775 | 23.823 |
|   3   | 59.600 | 81.700 | 88.050 | 46.639 | 23.548 |
+-------+--------+--------+--------+--------+--------+
     logs:  {'epo': 3, 'R1': 59.6, 'R5': 81.7, 'R10': 88.05, 'mAP': 46.639, 'mINP': 23.548, 'lr': 0.000954, 'entropy': 0.456644, 'loss': 2.827999}
      TTA Epoch: [4] [ 0/28]  eta: 0:00:20  lr: 0.000983  entropy: 0.3625  loss: 2.8015  time: 0.7406  data: 0.6500  max mem: 4847
      TTA Epoch: [4] [27/28]  eta: 0:00:00  lr: 0.000948  entropy: 0.3863  loss: 2.8009  time: 0.0478  data: 0.0001  max mem: 4847
      TTA Epoch: [4] Total time: 0:00:02 (0.0773 s / it)
     Averaged stats: lr: 0.0010  entropy: 0.3602  loss: 2.7915
     itm tta time 0:00:02
     Computing matching score
      ITM Evaluation: [   0/2000]  eta: 0:01:43    time: 0.0520  data: 0.0031  max mem: 4847
      ITM Evaluation: [ 100/2000]  eta: 0:01:22    time: 0.0431  data: 0.0000  max mem: 4847
      ITM Evaluation: [ 200/2000]  eta: 0:01:15    time: 0.0386  data: 0.0000  max mem: 4847
      ITM Evaluation: [ 300/2000]  eta: 0:01:12    time: 0.0418  data: 0.0000  max mem: 4847
      ITM Evaluation: [ 400/2000]  eta: 0:01:08    time: 0.0415  data: 0.0000  max mem: 4847
      ITM Evaluation: [ 500/2000]  eta: 0:01:04    time: 0.0442  data: 0.0000  max mem: 4847
      ITM Evaluation: [ 600/2000]  eta: 0:01:00    time: 0.0448  data: 0.0000  max mem: 4847
      ITM Evaluation: [ 700/2000]  eta: 0:00:55    time: 0.0436  data: 0.0000  max mem: 4847
      ITM Evaluation: [ 800/2000]  eta: 0:00:51    time: 0.0413  data: 0.0000  max mem: 4847
      ITM Evaluation: [ 900/2000]  eta: 0:00:47    time: 0.0451  data: 0.0000  max mem: 4847
      ITM Evaluation: [1000/2000]  eta: 0:00:42    time: 0.0451  data: 0.0000  max mem: 4847
      ITM Evaluation: [1100/2000]  eta: 0:00:38    time: 0.0460  data: 0.0000  max mem: 4847
      ITM Evaluation: [1200/2000]  eta: 0:00:34    time: 0.0445  data: 0.0000  max mem: 4847
      ITM Evaluation: [1300/2000]  eta: 0:00:29    time: 0.0357  data: 0.0000  max mem: 4847
      ITM Evaluation: [1400/2000]  eta: 0:00:25    time: 0.0406  data: 0.0000  max mem: 4847
      ITM Evaluation: [1500/2000]  eta: 0:00:21    time: 0.0451  data: 0.0000  max mem: 4847
      ITM Evaluation: [1600/2000]  eta: 0:00:16    time: 0.0449  data: 0.0000  max mem: 4847
      ITM Evaluation: [1700/2000]  eta: 0:00:12    time: 0.0419  data: 0.0000  max mem: 4847
      ITM Evaluation: [1800/2000]  eta: 0:00:08    time: 0.0389  data: 0.0000  max mem: 4847
      ITM Evaluation: [1900/2000]  eta: 0:00:04    time: 0.0440  data: 0.0000  max mem: 4847
      ITM Evaluation: [1999/2000]  eta: 0:00:00    time: 0.0383  data: 0.0000  max mem: 4847
      ITM Evaluation: Total time: 0:01:24 (0.0425 s / it)
     total_time 84.9858238697052
     Computing matching score time 0:01:24
### TTA ITM Score: 
+-------+--------+--------+--------+--------+--------+
| epoch |   R1   |   R5   |  R10   |  mAP   |  mINP  |
+-------+--------+--------+--------+--------+--------+
|  -999 | 59.000 | 79.650 | 88.500 | 47.231 | 25.876 |
|  -999 | 66.450 | 85.600 | 90.600 | 50.642 | 25.526 |
|   0   | 66.500 | 85.550 | 90.050 | 50.488 | 25.518 |
|   1   | 64.700 | 84.300 | 89.600 | 49.711 | 25.357 |
|   2   | 58.300 | 82.750 | 88.650 | 46.775 | 23.823 |
|   3   | 59.600 | 81.700 | 88.050 | 46.639 | 23.548 |
|   4   | 58.000 | 82.350 | 88.500 | 46.116 | 23.622 |
+-------+--------+--------+--------+--------+--------+
     logs:  {'epo': 4, 'R1': 58.0, 'R5': 82.35, 'R10': 88.5, 'mAP': 46.116, 'mINP': 23.622, 'lr': 0.000966, 'entropy': 0.360219, 'loss': 2.791492}
      TTA Epoch: [5] [ 0/28]  eta: 0:00:22  lr: 0.000947  entropy: 0.3345  loss: 2.7796  time: 0.7898  data: 0.6829  max mem: 4847
      TTA Epoch: [5] [27/28]  eta: 0:00:00  lr: 0.000912  entropy: 0.3762  loss: 2.7994  time: 0.0483  data: 0.0001  max mem: 4847
      TTA Epoch: [5] Total time: 0:00:02 (0.0757 s / it)
     Averaged stats: lr: 0.0009  entropy: 0.2998  loss: 2.7689
     itm tta time 0:00:02
     Computing matching score
      ITM Evaluation: [   0/2000]  eta: 0:01:48    time: 0.0540  data: 0.0031  max mem: 4847
      ITM Evaluation: [ 100/2000]  eta: 0:01:21    time: 0.0462  data: 0.0000  max mem: 4847
      ITM Evaluation: [ 200/2000]  eta: 0:01:16    time: 0.0417  data: 0.0000  max mem: 4847
      ITM Evaluation: [ 300/2000]  eta: 0:01:11    time: 0.0431  data: 0.0000  max mem: 4847
      ITM Evaluation: [ 400/2000]  eta: 0:01:07    time: 0.0370  data: 0.0000  max mem: 4847
      ITM Evaluation: [ 500/2000]  eta: 0:01:02    time: 0.0415  data: 0.0000  max mem: 4847
      ITM Evaluation: [ 600/2000]  eta: 0:00:58    time: 0.0417  data: 0.0000  max mem: 4847
      ITM Evaluation: [ 700/2000]  eta: 0:00:53    time: 0.0404  data: 0.0000  max mem: 4847
      ITM Evaluation: [ 800/2000]  eta: 0:00:49    time: 0.0382  data: 0.0000  max mem: 4847
      ITM Evaluation: [ 900/2000]  eta: 0:00:45    time: 0.0390  data: 0.0000  max mem: 4847
      ITM Evaluation: [1000/2000]  eta: 0:00:41    time: 0.0391  data: 0.0000  max mem: 4847
      ITM Evaluation: [1100/2000]  eta: 0:00:37    time: 0.0441  data: 0.0000  max mem: 4847
      ITM Evaluation: [1200/2000]  eta: 0:00:33    time: 0.0422  data: 0.0000  max mem: 4847
      ITM Evaluation: [1300/2000]  eta: 0:00:28    time: 0.0408  data: 0.0000  max mem: 4847
      ITM Evaluation: [1400/2000]  eta: 0:00:24    time: 0.0450  data: 0.0000  max mem: 4847
      ITM Evaluation: [1500/2000]  eta: 0:00:20    time: 0.0418  data: 0.0000  max mem: 4847
      ITM Evaluation: [1600/2000]  eta: 0:00:16    time: 0.0444  data: 0.0000  max mem: 4847
      ITM Evaluation: [1700/2000]  eta: 0:00:12    time: 0.0415  data: 0.0000  max mem: 4847
      ITM Evaluation: [1800/2000]  eta: 0:00:08    time: 0.0399  data: 0.0000  max mem: 4847
      ITM Evaluation: [1900/2000]  eta: 0:00:04    time: 0.0407  data: 0.0000  max mem: 4847
      ITM Evaluation: [1999/2000]  eta: 0:00:00    time: 0.0404  data: 0.0000  max mem: 4847
      ITM Evaluation: Total time: 0:01:23 (0.0417 s / it)
     total_time 83.44790863990784
     Computing matching score time 0:01:23
### TTA ITM Score: 
+-------+--------+--------+--------+--------+--------+
| epoch |   R1   |   R5   |  R10   |  mAP   |  mINP  |
+-------+--------+--------+--------+--------+--------+
|  -999 | 59.000 | 79.650 | 88.500 | 47.231 | 25.876 |
|  -999 | 66.450 | 85.600 | 90.600 | 50.642 | 25.526 |
|   0   | 66.500 | 85.550 | 90.050 | 50.488 | 25.518 |
|   1   | 64.700 | 84.300 | 89.600 | 49.711 | 25.357 |
|   2   | 58.300 | 82.750 | 88.650 | 46.775 | 23.823 |
|   3   | 59.600 | 81.700 | 88.050 | 46.639 | 23.548 |
|   4   | 58.000 | 82.350 | 88.500 | 46.116 | 23.622 |
|   5   | 57.750 | 82.750 | 89.100 | 46.815 | 24.425 |
+-------+--------+--------+--------+--------+--------+
     logs:  {'epo': 5, 'R1': 57.75, 'R5': 82.75, 'R10': 89.1, 'mAP': 46.815, 'mINP': 24.425, 'lr': 0.000929, 'entropy': 0.299799, 'loss': 2.768889}
      TTA Epoch: [6] [ 0/28]  eta: 0:00:21  lr: 0.000910  entropy: 0.2798  loss: 2.7579  time: 0.7790  data: 0.6526  max mem: 4847
      TTA Epoch: [6] [27/28]  eta: 0:00:00  lr: 0.000875  entropy: 0.2062  loss: 2.7202  time: 0.0485  data: 0.0002  max mem: 4847
      TTA Epoch: [6] Total time: 0:00:02 (0.0773 s / it)
     Averaged stats: lr: 0.0009  entropy: 0.2473  loss: 2.7490
     itm tta time 0:00:02
     Computing matching score
      ITM Evaluation: [   0/2000]  eta: 0:01:25    time: 0.0429  data: 0.0025  max mem: 4847
      ITM Evaluation: [ 100/2000]  eta: 0:01:21    time: 0.0446  data: 0.0000  max mem: 4847
      ITM Evaluation: [ 200/2000]  eta: 0:01:16    time: 0.0425  data: 0.0000  max mem: 4847
      ITM Evaluation: [ 300/2000]  eta: 0:01:11    time: 0.0413  data: 0.0000  max mem: 4847
      ITM Evaluation: [ 400/2000]  eta: 0:01:06    time: 0.0396  data: 0.0000  max mem: 4847
      ITM Evaluation: [ 500/2000]  eta: 0:01:02    time: 0.0479  data: 0.0000  max mem: 4847
      ITM Evaluation: [ 600/2000]  eta: 0:00:58    time: 0.0449  data: 0.0000  max mem: 4847
      ITM Evaluation: [ 700/2000]  eta: 0:00:54    time: 0.0389  data: 0.0000  max mem: 4847
      ITM Evaluation: [ 800/2000]  eta: 0:00:50    time: 0.0415  data: 0.0000  max mem: 4847
      ITM Evaluation: [ 900/2000]  eta: 0:00:46    time: 0.0453  data: 0.0000  max mem: 4847
      ITM Evaluation: [1000/2000]  eta: 0:00:42    time: 0.0426  data: 0.0000  max mem: 4847
      ITM Evaluation: [1100/2000]  eta: 0:00:37    time: 0.0420  data: 0.0000  max mem: 4847
      ITM Evaluation: [1200/2000]  eta: 0:00:33    time: 0.0407  data: 0.0000  max mem: 4847
      ITM Evaluation: [1300/2000]  eta: 0:00:29    time: 0.0444  data: 0.0000  max mem: 4847
      ITM Evaluation: [1400/2000]  eta: 0:00:25    time: 0.0394  data: 0.0000  max mem: 4847
      ITM Evaluation: [1500/2000]  eta: 0:00:20    time: 0.0386  data: 0.0000  max mem: 4847
      ITM Evaluation: [1600/2000]  eta: 0:00:16    time: 0.0452  data: 0.0000  max mem: 4847
      ITM Evaluation: [1700/2000]  eta: 0:00:12    time: 0.0426  data: 0.0000  max mem: 4847
      ITM Evaluation: [1800/2000]  eta: 0:00:08    time: 0.0415  data: 0.0000  max mem: 4847
      ITM Evaluation: [1900/2000]  eta: 0:00:04    time: 0.0444  data: 0.0000  max mem: 4847
      ITM Evaluation: [1999/2000]  eta: 0:00:00    time: 0.0453  data: 0.0000  max mem: 4847
      ITM Evaluation: Total time: 0:01:23 (0.0419 s / it)
     total_time 83.89851546287537
     Computing matching score time 0:01:23
### TTA ITM Score: 
+-------+--------+--------+--------+--------+--------+
| epoch |   R1   |   R5   |  R10   |  mAP   |  mINP  |
+-------+--------+--------+--------+--------+--------+
|  -999 | 59.000 | 79.650 | 88.500 | 47.231 | 25.876 |
|  -999 | 66.450 | 85.600 | 90.600 | 50.642 | 25.526 |
|   0   | 66.500 | 85.550 | 90.050 | 50.488 | 25.518 |
|   1   | 64.700 | 84.300 | 89.600 | 49.711 | 25.357 |
|   2   | 58.300 | 82.750 | 88.650 | 46.775 | 23.823 |
|   3   | 59.600 | 81.700 | 88.050 | 46.639 | 23.548 |
|   4   | 58.000 | 82.350 | 88.500 | 46.116 | 23.622 |
|   5   | 57.750 | 82.750 | 89.100 | 46.815 | 24.425 |
|   6   | 58.900 | 81.900 | 88.550 | 46.392 | 23.798 |
+-------+--------+--------+--------+--------+--------+
     logs:  {'epo': 6, 'R1': 58.9, 'R5': 81.9, 'R10': 88.55, 'mAP': 46.392, 'mINP': 23.798, 'lr': 0.000893, 'entropy': 0.247296, 'loss': 2.748966}
      TTA Epoch: [7] [ 0/28]  eta: 0:00:21  lr: 0.000874  entropy: 0.2449  loss: 2.7472  time: 0.7559  data: 0.6235  max mem: 4847
      TTA Epoch: [7] [27/28]  eta: 0:00:00  lr: 0.000839  entropy: 0.2399  loss: 2.7482  time: 0.0494  data: 0.0002  max mem: 4847
      TTA Epoch: [7] Total time: 0:00:02 (0.0779 s / it)
     Averaged stats: lr: 0.0009  entropy: 0.2551  loss: 2.7521
     itm tta time 0:00:02
     Computing matching score
      ITM Evaluation: [   0/2000]  eta: 0:01:20    time: 0.0400  data: 0.0018  max mem: 4847
      ITM Evaluation: [ 100/2000]  eta: 0:01:15    time: 0.0411  data: 0.0000  max mem: 4847
      ITM Evaluation: [ 200/2000]  eta: 0:01:13    time: 0.0411  data: 0.0000  max mem: 4847
      ITM Evaluation: [ 300/2000]  eta: 0:01:10    time: 0.0453  data: 0.0000  max mem: 4847
      ITM Evaluation: [ 400/2000]  eta: 0:01:06    time: 0.0435  data: 0.0000  max mem: 4847
      ITM Evaluation: [ 500/2000]  eta: 0:01:02    time: 0.0399  data: 0.0000  max mem: 4847
      ITM Evaluation: [ 600/2000]  eta: 0:00:57    time: 0.0396  data: 0.0000  max mem: 4847
      ITM Evaluation: [ 700/2000]  eta: 0:00:53    time: 0.0430  data: 0.0000  max mem: 4847
      ITM Evaluation: [ 800/2000]  eta: 0:00:49    time: 0.0396  data: 0.0000  max mem: 4847
      ITM Evaluation: [ 900/2000]  eta: 0:00:45    time: 0.0435  data: 0.0000  max mem: 4847
      ITM Evaluation: [1000/2000]  eta: 0:00:41    time: 0.0429  data: 0.0000  max mem: 4847
      ITM Evaluation: [1100/2000]  eta: 0:00:37    time: 0.0401  data: 0.0000  max mem: 4847
      ITM Evaluation: [1200/2000]  eta: 0:00:32    time: 0.0413  data: 0.0000  max mem: 4847
      ITM Evaluation: [1300/2000]  eta: 0:00:28    time: 0.0401  data: 0.0000  max mem: 4847
      ITM Evaluation: [1400/2000]  eta: 0:00:24    time: 0.0356  data: 0.0000  max mem: 4847
      ITM Evaluation: [1500/2000]  eta: 0:00:20    time: 0.0386  data: 0.0000  max mem: 4847
      ITM Evaluation: [1600/2000]  eta: 0:00:16    time: 0.0417  data: 0.0000  max mem: 4847
      ITM Evaluation: [1700/2000]  eta: 0:00:12    time: 0.0423  data: 0.0000  max mem: 4847
      ITM Evaluation: [1800/2000]  eta: 0:00:08    time: 0.0415  data: 0.0000  max mem: 4847
      ITM Evaluation: [1900/2000]  eta: 0:00:04    time: 0.0429  data: 0.0000  max mem: 4847
      ITM Evaluation: [1999/2000]  eta: 0:00:00    time: 0.0399  data: 0.0000  max mem: 4847
      ITM Evaluation: Total time: 0:01:21 (0.0409 s / it)
     total_time 81.72066116333008
     Computing matching score time 0:01:21
### TTA ITM Score: 
+-------+--------+--------+--------+--------+--------+
| epoch |   R1   |   R5   |  R10   |  mAP   |  mINP  |
+-------+--------+--------+--------+--------+--------+
|  -999 | 59.000 | 79.650 | 88.500 | 47.231 | 25.876 |
|  -999 | 66.450 | 85.600 | 90.600 | 50.642 | 25.526 |
|   0   | 66.500 | 85.550 | 90.050 | 50.488 | 25.518 |
|   1   | 64.700 | 84.300 | 89.600 | 49.711 | 25.357 |
|   2   | 58.300 | 82.750 | 88.650 | 46.775 | 23.823 |
|   3   | 59.600 | 81.700 | 88.050 | 46.639 | 23.548 |
|   4   | 58.000 | 82.350 | 88.500 | 46.116 | 23.622 |
|   5   | 57.750 | 82.750 | 89.100 | 46.815 | 24.425 |
|   6   | 58.900 | 81.900 | 88.550 | 46.392 | 23.798 |
|   7   | 54.650 | 82.550 | 89.000 | 45.241 | 24.044 |
+-------+--------+--------+--------+--------+--------+
     logs:  {'epo': 7, 'R1': 54.65, 'R5': 82.55, 'R10': 89.0, 'mAP': 45.241, 'mINP': 24.044, 'lr': 0.000856, 'entropy': 0.255074, 'loss': 2.752057}
      TTA Epoch: [8] [ 0/28]  eta: 0:00:21  lr: 0.000838  entropy: 0.3801  loss: 2.7961  time: 0.7573  data: 0.6292  max mem: 4847
      TTA Epoch: [8] [27/28]  eta: 0:00:00  lr: 0.000803  entropy: 0.2862  loss: 2.7595  time: 0.0490  data: 0.0001  max mem: 4847
      TTA Epoch: [8] Total time: 0:00:02 (0.0769 s / it)
     Averaged stats: lr: 0.0008  entropy: 0.2789  loss: 2.7609
     itm tta time 0:00:02
     Computing matching score
      ITM Evaluation: [   0/2000]  eta: 0:01:19    time: 0.0398  data: 0.0026  max mem: 4847
      ITM Evaluation: [ 100/2000]  eta: 0:01:18    time: 0.0413  data: 0.0000  max mem: 4847
      ITM Evaluation: [ 200/2000]  eta: 0:01:13    time: 0.0427  data: 0.0000  max mem: 4847
      ITM Evaluation: [ 300/2000]  eta: 0:01:09    time: 0.0424  data: 0.0000  max mem: 4847
      ITM Evaluation: [ 400/2000]  eta: 0:01:04    time: 0.0393  data: 0.0000  max mem: 4847
      ITM Evaluation: [ 500/2000]  eta: 0:00:59    time: 0.0403  data: 0.0000  max mem: 4847
      ITM Evaluation: [ 600/2000]  eta: 0:00:56    time: 0.0388  data: 0.0000  max mem: 4847
      ITM Evaluation: [ 700/2000]  eta: 0:00:52    time: 0.0401  data: 0.0000  max mem: 4847
      ITM Evaluation: [ 800/2000]  eta: 0:00:48    time: 0.0469  data: 0.0000  max mem: 4847
      ITM Evaluation: [ 900/2000]  eta: 0:00:44    time: 0.0441  data: 0.0000  max mem: 4847
      ITM Evaluation: [1000/2000]  eta: 0:00:40    time: 0.0418  data: 0.0000  max mem: 4847
      ITM Evaluation: [1100/2000]  eta: 0:00:36    time: 0.0396  data: 0.0000  max mem: 4847
      ITM Evaluation: [1200/2000]  eta: 0:00:32    time: 0.0403  data: 0.0000  max mem: 4847
      ITM Evaluation: [1300/2000]  eta: 0:00:28    time: 0.0398  data: 0.0000  max mem: 4847
      ITM Evaluation: [1400/2000]  eta: 0:00:24    time: 0.0402  data: 0.0000  max mem: 4847
      ITM Evaluation: [1500/2000]  eta: 0:00:20    time: 0.0436  data: 0.0000  max mem: 4847
      ITM Evaluation: [1600/2000]  eta: 0:00:16    time: 0.0394  data: 0.0000  max mem: 4847
      ITM Evaluation: [1700/2000]  eta: 0:00:12    time: 0.0436  data: 0.0000  max mem: 4847
      ITM Evaluation: [1800/2000]  eta: 0:00:08    time: 0.0430  data: 0.0000  max mem: 4847
      ITM Evaluation: [1900/2000]  eta: 0:00:04    time: 0.0382  data: 0.0000  max mem: 4847
      ITM Evaluation: [1999/2000]  eta: 0:00:00    time: 0.0424  data: 0.0000  max mem: 4847
      ITM Evaluation: Total time: 0:01:22 (0.0410 s / it)
     total_time 82.09358096122742
     Computing matching score time 0:01:22
### TTA ITM Score: 
+-------+--------+--------+--------+--------+--------+
| epoch |   R1   |   R5   |  R10   |  mAP   |  mINP  |
+-------+--------+--------+--------+--------+--------+
|  -999 | 59.000 | 79.650 | 88.500 | 47.231 | 25.876 |
|  -999 | 66.450 | 85.600 | 90.600 | 50.642 | 25.526 |
|   0   | 66.500 | 85.550 | 90.050 | 50.488 | 25.518 |
|   1   | 64.700 | 84.300 | 89.600 | 49.711 | 25.357 |
|   2   | 58.300 | 82.750 | 88.650 | 46.775 | 23.823 |
|   3   | 59.600 | 81.700 | 88.050 | 46.639 | 23.548 |
|   4   | 58.000 | 82.350 | 88.500 | 46.116 | 23.622 |
|   5   | 57.750 | 82.750 | 89.100 | 46.815 | 24.425 |
|   6   | 58.900 | 81.900 | 88.550 | 46.392 | 23.798 |
|   7   | 54.650 | 82.550 | 89.000 | 45.241 | 24.044 |
|   8   | 55.800 | 80.950 | 88.150 | 45.353 | 23.650 |
+-------+--------+--------+--------+--------+--------+
     logs:  {'epo': 8, 'R1': 55.8, 'R5': 80.95, 'R10': 88.15, 'mAP': 45.353, 'mINP': 23.65, 'lr': 0.00082, 'entropy': 0.278878, 'loss': 2.76088}
      TTA Epoch: [9] [ 0/28]  eta: 0:00:19  lr: 0.000801  entropy: 0.2091  loss: 2.7297  time: 0.7031  data: 0.5930  max mem: 4847
      TTA Epoch: [9] [27/28]  eta: 0:00:00  lr: 0.000766  entropy: 0.1910  loss: 2.7264  time: 0.0524  data: 0.0001  max mem: 4847
      TTA Epoch: [9] Total time: 0:00:02 (0.0781 s / it)
     Averaged stats: lr: 0.0008  entropy: 0.2163  loss: 2.7373
     itm tta time 0:00:02
     Computing matching score
      ITM Evaluation: [   0/2000]  eta: 0:01:23    time: 0.0416  data: 0.0053  max mem: 4847
      ITM Evaluation: [ 100/2000]  eta: 0:01:20    time: 0.0438  data: 0.0000  max mem: 4847
      ITM Evaluation: [ 200/2000]  eta: 0:01:15    time: 0.0410  data: 0.0000  max mem: 4847
      ITM Evaluation: [ 300/2000]  eta: 0:01:11    time: 0.0399  data: 0.0000  max mem: 4847
      ITM Evaluation: [ 400/2000]  eta: 0:01:06    time: 0.0387  data: 0.0000  max mem: 4847
      ITM Evaluation: [ 500/2000]  eta: 0:01:01    time: 0.0377  data: 0.0000  max mem: 4847
      ITM Evaluation: [ 600/2000]  eta: 0:00:57    time: 0.0405  data: 0.0000  max mem: 4847
      ITM Evaluation: [ 700/2000]  eta: 0:00:53    time: 0.0407  data: 0.0000  max mem: 4847
      ITM Evaluation: [ 800/2000]  eta: 0:00:49    time: 0.0464  data: 0.0000  max mem: 4847
      ITM Evaluation: [ 900/2000]  eta: 0:00:45    time: 0.0383  data: 0.0000  max mem: 4847
      ITM Evaluation: [1000/2000]  eta: 0:00:41    time: 0.0419  data: 0.0000  max mem: 4847
      ITM Evaluation: [1100/2000]  eta: 0:00:37    time: 0.0382  data: 0.0000  max mem: 4847
      ITM Evaluation: [1200/2000]  eta: 0:00:33    time: 0.0434  data: 0.0000  max mem: 4847
      ITM Evaluation: [1300/2000]  eta: 0:00:28    time: 0.0421  data: 0.0000  max mem: 4847
      ITM Evaluation: [1400/2000]  eta: 0:00:24    time: 0.0413  data: 0.0000  max mem: 4847
      ITM Evaluation: [1500/2000]  eta: 0:00:20    time: 0.0395  data: 0.0000  max mem: 4847
      ITM Evaluation: [1600/2000]  eta: 0:00:16    time: 0.0449  data: 0.0000  max mem: 4847
      ITM Evaluation: [1700/2000]  eta: 0:00:12    time: 0.0436  data: 0.0000  max mem: 4847
      ITM Evaluation: [1800/2000]  eta: 0:00:08    time: 0.0415  data: 0.0000  max mem: 4847
      ITM Evaluation: [1900/2000]  eta: 0:00:04    time: 0.0431  data: 0.0000  max mem: 4847
      ITM Evaluation: [1999/2000]  eta: 0:00:00    time: 0.0384  data: 0.0000  max mem: 4847
      ITM Evaluation: Total time: 0:01:22 (0.0414 s / it)
     total_time 82.88630032539368
     Computing matching score time 0:01:22
### TTA ITM Score: 
+-------+--------+--------+--------+--------+--------+
| epoch |   R1   |   R5   |  R10   |  mAP   |  mINP  |
+-------+--------+--------+--------+--------+--------+
|  -999 | 59.000 | 79.650 | 88.500 | 47.231 | 25.876 |
|  -999 | 66.450 | 85.600 | 90.600 | 50.642 | 25.526 |
|   0   | 66.500 | 85.550 | 90.050 | 50.488 | 25.518 |
|   1   | 64.700 | 84.300 | 89.600 | 49.711 | 25.357 |
|   2   | 58.300 | 82.750 | 88.650 | 46.775 | 23.823 |
|   3   | 59.600 | 81.700 | 88.050 | 46.639 | 23.548 |
|   4   | 58.000 | 82.350 | 88.500 | 46.116 | 23.622 |
|   5   | 57.750 | 82.750 | 89.100 | 46.815 | 24.425 |
|   6   | 58.900 | 81.900 | 88.550 | 46.392 | 23.798 |
|   7   | 54.650 | 82.550 | 89.000 | 45.241 | 24.044 |
|   8   | 55.800 | 80.950 | 88.150 | 45.353 | 23.650 |
|   9   | 57.800 | 81.950 | 88.600 | 46.178 | 24.146 |
+-------+--------+--------+--------+--------+--------+
     logs:  {'epo': 9, 'R1': 57.8, 'R5': 81.95, 'R10': 88.6, 'mAP': 46.178, 'mINP': 24.146, 'lr': 0.000784, 'entropy': 0.216259, 'loss': 2.737263}
      TTA Epoch: [10] [ 0/28]  eta: 0:00:23  lr: 0.000765  entropy: 0.3075  loss: 2.7681  time: 0.8295  data: 0.7117  max mem: 4847
      TTA Epoch: [10] [27/28]  eta: 0:00:00  lr: 0.000730  entropy: 0.1405  loss: 2.7108  time: 0.0520  data: 0.0002  max mem: 4847
      TTA Epoch: [10] Total time: 0:00:02 (0.0823 s / it)
     Averaged stats: lr: 0.0007  entropy: 0.2018  loss: 2.7318
     itm tta time 0:00:02
     Computing matching score
      ITM Evaluation: [   0/2000]  eta: 0:01:15    time: 0.0377  data: 0.0025  max mem: 4847
      ITM Evaluation: [ 100/2000]  eta: 0:01:19    time: 0.0428  data: 0.0000  max mem: 4847
      ITM Evaluation: [ 200/2000]  eta: 0:01:14    time: 0.0398  data: 0.0000  max mem: 4847
      ITM Evaluation: [ 300/2000]  eta: 0:01:09    time: 0.0386  data: 0.0000  max mem: 4847
      ITM Evaluation: [ 400/2000]  eta: 0:01:05    time: 0.0390  data: 0.0000  max mem: 4847
      ITM Evaluation: [ 500/2000]  eta: 0:01:01    time: 0.0397  data: 0.0000  max mem: 4847
      ITM Evaluation: [ 600/2000]  eta: 0:00:57    time: 0.0464  data: 0.0000  max mem: 4847
      ITM Evaluation: [ 700/2000]  eta: 0:00:53    time: 0.0408  data: 0.0000  max mem: 4847
      ITM Evaluation: [ 800/2000]  eta: 0:00:49    time: 0.0410  data: 0.0000  max mem: 4847
      ITM Evaluation: [ 900/2000]  eta: 0:00:45    time: 0.0406  data: 0.0000  max mem: 4847
      ITM Evaluation: [1000/2000]  eta: 0:00:40    time: 0.0408  data: 0.0000  max mem: 4847
      ITM Evaluation: [1100/2000]  eta: 0:00:36    time: 0.0426  data: 0.0000  max mem: 4847
      ITM Evaluation: [1200/2000]  eta: 0:00:32    time: 0.0412  data: 0.0000  max mem: 4847
      ITM Evaluation: [1300/2000]  eta: 0:00:28    time: 0.0423  data: 0.0000  max mem: 4847
      ITM Evaluation: [1400/2000]  eta: 0:00:24    time: 0.0390  data: 0.0000  max mem: 4847
      ITM Evaluation: [1500/2000]  eta: 0:00:20    time: 0.0420  data: 0.0000  max mem: 4847
      ITM Evaluation: [1600/2000]  eta: 0:00:16    time: 0.0408  data: 0.0000  max mem: 4847
      ITM Evaluation: [1700/2000]  eta: 0:00:12    time: 0.0418  data: 0.0000  max mem: 4847
      ITM Evaluation: [1800/2000]  eta: 0:00:08    time: 0.0379  data: 0.0000  max mem: 4847
      ITM Evaluation: [1900/2000]  eta: 0:00:04    time: 0.0395  data: 0.0000  max mem: 4847
      ITM Evaluation: [1999/2000]  eta: 0:00:00    time: 0.0433  data: 0.0000  max mem: 4847
      ITM Evaluation: Total time: 0:01:21 (0.0406 s / it)
     total_time 81.25776672363281
     Computing matching score time 0:01:21
### TTA ITM Score: 
+-------+--------+--------+--------+--------+--------+
| epoch |   R1   |   R5   |  R10   |  mAP   |  mINP  |
+-------+--------+--------+--------+--------+--------+
|  -999 | 59.000 | 79.650 | 88.500 | 47.231 | 25.876 |
|  -999 | 66.450 | 85.600 | 90.600 | 50.642 | 25.526 |
|   0   | 66.500 | 85.550 | 90.050 | 50.488 | 25.518 |
|   1   | 64.700 | 84.300 | 89.600 | 49.711 | 25.357 |
|   2   | 58.300 | 82.750 | 88.650 | 46.775 | 23.823 |
|   3   | 59.600 | 81.700 | 88.050 | 46.639 | 23.548 |
|   4   | 58.000 | 82.350 | 88.500 | 46.116 | 23.622 |
|   5   | 57.750 | 82.750 | 89.100 | 46.815 | 24.425 |
|   6   | 58.900 | 81.900 | 88.550 | 46.392 | 23.798 |
|   7   | 54.650 | 82.550 | 89.000 | 45.241 | 24.044 |
|   8   | 55.800 | 80.950 | 88.150 | 45.353 | 23.650 |
|   9   | 57.800 | 81.950 | 88.600 | 46.178 | 24.146 |
|   10  | 55.600 | 82.050 | 88.850 | 45.554 | 23.885 |
+-------+--------+--------+--------+--------+--------+
     logs:  {'epo': 10, 'R1': 55.6, 'R5': 82.05, 'R10': 88.85, 'mAP': 45.554, 'mINP': 23.885, 'lr': 0.000747, 'entropy': 0.201815, 'loss': 2.731806}
      TTA Epoch: [11] [ 0/28]  eta: 0:00:21  lr: 0.000729  entropy: 0.2532  loss: 2.7504  time: 0.7655  data: 0.6411  max mem: 4847
      TTA Epoch: [11] [27/28]  eta: 0:00:00  lr: 0.000694  entropy: 0.1748  loss: 2.7225  time: 0.0497  data: 0.0002  max mem: 4847
      TTA Epoch: [11] Total time: 0:00:02 (0.0780 s / it)
     Averaged stats: lr: 0.0007  entropy: 0.2069  loss: 2.7338
     itm tta time 0:00:02
     Computing matching score
      ITM Evaluation: [   0/2000]  eta: 0:01:14    time: 0.0374  data: 0.0042  max mem: 4847
      ITM Evaluation: [ 100/2000]  eta: 0:01:16    time: 0.0399  data: 0.0000  max mem: 4847
      ITM Evaluation: [ 200/2000]  eta: 0:01:13    time: 0.0415  data: 0.0000  max mem: 4847
      ITM Evaluation: [ 300/2000]  eta: 0:01:10    time: 0.0419  data: 0.0000  max mem: 4847
      ITM Evaluation: [ 400/2000]  eta: 0:01:05    time: 0.0388  data: 0.0000  max mem: 4847
      ITM Evaluation: [ 500/2000]  eta: 0:01:02    time: 0.0428  data: 0.0000  max mem: 4847
      ITM Evaluation: [ 600/2000]  eta: 0:00:58    time: 0.0442  data: 0.0000  max mem: 4847
      ITM Evaluation: [ 700/2000]  eta: 0:00:53    time: 0.0395  data: 0.0000  max mem: 4847
      ITM Evaluation: [ 800/2000]  eta: 0:00:49    time: 0.0423  data: 0.0000  max mem: 4847
      ITM Evaluation: [ 900/2000]  eta: 0:00:45    time: 0.0423  data: 0.0000  max mem: 4847
      ITM Evaluation: [1000/2000]  eta: 0:00:41    time: 0.0423  data: 0.0000  max mem: 4847
      ITM Evaluation: [1100/2000]  eta: 0:00:37    time: 0.0399  data: 0.0000  max mem: 4847
      ITM Evaluation: [1200/2000]  eta: 0:00:32    time: 0.0365  data: 0.0000  max mem: 4847
      ITM Evaluation: [1300/2000]  eta: 0:00:28    time: 0.0405  data: 0.0000  max mem: 4847
      ITM Evaluation: [1400/2000]  eta: 0:00:24    time: 0.0436  data: 0.0000  max mem: 4847
      ITM Evaluation: [1500/2000]  eta: 0:00:20    time: 0.0446  data: 0.0000  max mem: 4847
      ITM Evaluation: [1600/2000]  eta: 0:00:16    time: 0.0405  data: 0.0000  max mem: 4847
      ITM Evaluation: [1700/2000]  eta: 0:00:12    time: 0.0431  data: 0.0000  max mem: 4847
      ITM Evaluation: [1800/2000]  eta: 0:00:08    time: 0.0382  data: 0.0000  max mem: 4847
      ITM Evaluation: [1900/2000]  eta: 0:00:04    time: 0.0430  data: 0.0000  max mem: 4847
      ITM Evaluation: [1999/2000]  eta: 0:00:00    time: 0.0446  data: 0.0000  max mem: 4847
      ITM Evaluation: Total time: 0:01:22 (0.0411 s / it)
     total_time 82.19940090179443
     Computing matching score time 0:01:22
### TTA ITM Score: 
+-------+--------+--------+--------+--------+--------+
| epoch |   R1   |   R5   |  R10   |  mAP   |  mINP  |
+-------+--------+--------+--------+--------+--------+
|  -999 | 59.000 | 79.650 | 88.500 | 47.231 | 25.876 |
|  -999 | 66.450 | 85.600 | 90.600 | 50.642 | 25.526 |
|   0   | 66.500 | 85.550 | 90.050 | 50.488 | 25.518 |
|   1   | 64.700 | 84.300 | 89.600 | 49.711 | 25.357 |
|   2   | 58.300 | 82.750 | 88.650 | 46.775 | 23.823 |
|   3   | 59.600 | 81.700 | 88.050 | 46.639 | 23.548 |
|   4   | 58.000 | 82.350 | 88.500 | 46.116 | 23.622 |
|   5   | 57.750 | 82.750 | 89.100 | 46.815 | 24.425 |
|   6   | 58.900 | 81.900 | 88.550 | 46.392 | 23.798 |
|   7   | 54.650 | 82.550 | 89.000 | 45.241 | 24.044 |
|   8   | 55.800 | 80.950 | 88.150 | 45.353 | 23.650 |
|   9   | 57.800 | 81.950 | 88.600 | 46.178 | 24.146 |
|   10  | 55.600 | 82.050 | 88.850 | 45.554 | 23.885 |
|   11  | 56.700 | 82.050 | 89.050 | 46.063 | 23.988 |
+-------+--------+--------+--------+--------+--------+
     logs:  {'epo': 11, 'R1': 56.7, 'R5': 82.05, 'R10': 89.05, 'mAP': 46.063, 'mINP': 23.988, 'lr': 0.000711, 'entropy': 0.20689, 'loss': 2.73376}
      TTA Epoch: [12] [ 0/28]  eta: 0:00:21  lr: 0.000692  entropy: 0.1566  loss: 2.7119  time: 0.7656  data: 0.6211  max mem: 4847
      TTA Epoch: [12] [27/28]  eta: 0:00:00  lr: 0.000657  entropy: 0.1488  loss: 2.7190  time: 0.0516  data: 0.0001  max mem: 4847
      TTA Epoch: [12] Total time: 0:00:02 (0.0802 s / it)
     Averaged stats: lr: 0.0007  entropy: 0.1958  loss: 2.7295
     itm tta time 0:00:02
     Computing matching score
      ITM Evaluation: [   0/2000]  eta: 0:01:35    time: 0.0477  data: 0.0025  max mem: 4847
      ITM Evaluation: [ 100/2000]  eta: 0:01:20    time: 0.0405  data: 0.0000  max mem: 4847
      ITM Evaluation: [ 200/2000]  eta: 0:01:15    time: 0.0433  data: 0.0000  max mem: 4847
      ITM Evaluation: [ 300/2000]  eta: 0:01:12    time: 0.0424  data: 0.0000  max mem: 4847
      ITM Evaluation: [ 400/2000]  eta: 0:01:07    time: 0.0428  data: 0.0000  max mem: 4847
      ITM Evaluation: [ 500/2000]  eta: 0:01:04    time: 0.0448  data: 0.0000  max mem: 4847
      ITM Evaluation: [ 600/2000]  eta: 0:01:00    time: 0.0413  data: 0.0000  max mem: 4847
      ITM Evaluation: [ 700/2000]  eta: 0:00:56    time: 0.0421  data: 0.0000  max mem: 4847
      ITM Evaluation: [ 800/2000]  eta: 0:00:51    time: 0.0462  data: 0.0000  max mem: 4847
      ITM Evaluation: [ 900/2000]  eta: 0:00:47    time: 0.0429  data: 0.0000  max mem: 4847
      ITM Evaluation: [1000/2000]  eta: 0:00:42    time: 0.0452  data: 0.0000  max mem: 4847
      ITM Evaluation: [1100/2000]  eta: 0:00:38    time: 0.0371  data: 0.0000  max mem: 4847
      ITM Evaluation: [1200/2000]  eta: 0:00:34    time: 0.0417  data: 0.0000  max mem: 4847
      ITM Evaluation: [1300/2000]  eta: 0:00:29    time: 0.0431  data: 0.0000  max mem: 4847
      ITM Evaluation: [1400/2000]  eta: 0:00:25    time: 0.0437  data: 0.0000  max mem: 4847
      ITM Evaluation: [1500/2000]  eta: 0:00:21    time: 0.0429  data: 0.0000  max mem: 4847
      ITM Evaluation: [1600/2000]  eta: 0:00:17    time: 0.0394  data: 0.0000  max mem: 4847
      ITM Evaluation: [1700/2000]  eta: 0:00:12    time: 0.0420  data: 0.0000  max mem: 4847
      ITM Evaluation: [1800/2000]  eta: 0:00:08    time: 0.0431  data: 0.0000  max mem: 4847
      ITM Evaluation: [1900/2000]  eta: 0:00:04    time: 0.0458  data: 0.0000  max mem: 4847
      ITM Evaluation: [1999/2000]  eta: 0:00:00    time: 0.0450  data: 0.0000  max mem: 4847
      ITM Evaluation: Total time: 0:01:25 (0.0428 s / it)
     total_time 85.71100044250488
     Computing matching score time 0:01:25
### TTA ITM Score: 
+-------+--------+--------+--------+--------+--------+
| epoch |   R1   |   R5   |  R10   |  mAP   |  mINP  |
+-------+--------+--------+--------+--------+--------+
|  -999 | 59.000 | 79.650 | 88.500 | 47.231 | 25.876 |
|  -999 | 66.450 | 85.600 | 90.600 | 50.642 | 25.526 |
|   0   | 66.500 | 85.550 | 90.050 | 50.488 | 25.518 |
|   1   | 64.700 | 84.300 | 89.600 | 49.711 | 25.357 |
|   2   | 58.300 | 82.750 | 88.650 | 46.775 | 23.823 |
|   3   | 59.600 | 81.700 | 88.050 | 46.639 | 23.548 |
|   4   | 58.000 | 82.350 | 88.500 | 46.116 | 23.622 |
|   5   | 57.750 | 82.750 | 89.100 | 46.815 | 24.425 |
|   6   | 58.900 | 81.900 | 88.550 | 46.392 | 23.798 |
|   7   | 54.650 | 82.550 | 89.000 | 45.241 | 24.044 |
|   8   | 55.800 | 80.950 | 88.150 | 45.353 | 23.650 |
|   9   | 57.800 | 81.950 | 88.600 | 46.178 | 24.146 |
|   10  | 55.600 | 82.050 | 88.850 | 45.554 | 23.885 |
|   11  | 56.700 | 82.050 | 89.050 | 46.063 | 23.988 |
|   12  | 57.300 | 81.700 | 88.700 | 46.166 | 23.840 |
+-------+--------+--------+--------+--------+--------+
     logs:  {'epo': 12, 'R1': 57.3, 'R5': 81.7, 'R10': 88.7, 'mAP': 46.166, 'mINP': 23.84, 'lr': 0.000675, 'entropy': 0.19582, 'loss': 2.729484}
      TTA Epoch: [13] [ 0/28]  eta: 0:00:21  lr: 0.000656  entropy: 0.3111  loss: 2.7740  time: 0.7506  data: 0.6120  max mem: 4847
      TTA Epoch: [13] [27/28]  eta: 0:00:00  lr: 0.000621  entropy: 0.2032  loss: 2.7359  time: 0.0512  data: 0.0001  max mem: 4847
      TTA Epoch: [13] Total time: 0:00:02 (0.0784 s / it)
     Averaged stats: lr: 0.0006  entropy: 0.1663  loss: 2.7183
     itm tta time 0:00:02
     Computing matching score
      ITM Evaluation: [   0/2000]  eta: 0:01:14    time: 0.0374  data: 0.0019  max mem: 4847
      ITM Evaluation: [ 100/2000]  eta: 0:01:16    time: 0.0375  data: 0.0000  max mem: 4847
      ITM Evaluation: [ 200/2000]  eta: 0:01:13    time: 0.0410  data: 0.0000  max mem: 4847
      ITM Evaluation: [ 300/2000]  eta: 0:01:09    time: 0.0415  data: 0.0000  max mem: 4847
      ITM Evaluation: [ 400/2000]  eta: 0:01:06    time: 0.0429  data: 0.0000  max mem: 4847
      ITM Evaluation: [ 500/2000]  eta: 0:01:02    time: 0.0387  data: 0.0000  max mem: 4847
      ITM Evaluation: [ 600/2000]  eta: 0:00:58    time: 0.0442  data: 0.0000  max mem: 4847
      ITM Evaluation: [ 700/2000]  eta: 0:00:54    time: 0.0419  data: 0.0000  max mem: 4847
      ITM Evaluation: [ 800/2000]  eta: 0:00:50    time: 0.0405  data: 0.0000  max mem: 4847
      ITM Evaluation: [ 900/2000]  eta: 0:00:45    time: 0.0387  data: 0.0000  max mem: 4847
      ITM Evaluation: [1000/2000]  eta: 0:00:41    time: 0.0403  data: 0.0000  max mem: 4847
      ITM Evaluation: [1100/2000]  eta: 0:00:37    time: 0.0400  data: 0.0000  max mem: 4847
      ITM Evaluation: [1200/2000]  eta: 0:00:32    time: 0.0413  data: 0.0000  max mem: 4847
      ITM Evaluation: [1300/2000]  eta: 0:00:28    time: 0.0431  data: 0.0000  max mem: 4847
      ITM Evaluation: [1400/2000]  eta: 0:00:24    time: 0.0398  data: 0.0000  max mem: 4847
      ITM Evaluation: [1500/2000]  eta: 0:00:20    time: 0.0377  data: 0.0000  max mem: 4847
      ITM Evaluation: [1600/2000]  eta: 0:00:16    time: 0.0428  data: 0.0000  max mem: 4847
      ITM Evaluation: [1700/2000]  eta: 0:00:12    time: 0.0425  data: 0.0000  max mem: 4847
      ITM Evaluation: [1800/2000]  eta: 0:00:08    time: 0.0431  data: 0.0000  max mem: 4847
      ITM Evaluation: [1900/2000]  eta: 0:00:04    time: 0.0409  data: 0.0000  max mem: 4847
      ITM Evaluation: [1999/2000]  eta: 0:00:00    time: 0.0421  data: 0.0000  max mem: 4847
      ITM Evaluation: Total time: 0:01:21 (0.0408 s / it)
     total_time 81.67886424064636
     Computing matching score time 0:01:21
### TTA ITM Score: 
+-------+--------+--------+--------+--------+--------+
| epoch |   R1   |   R5   |  R10   |  mAP   |  mINP  |
+-------+--------+--------+--------+--------+--------+
|  -999 | 59.000 | 79.650 | 88.500 | 47.231 | 25.876 |
|  -999 | 66.450 | 85.600 | 90.600 | 50.642 | 25.526 |
|   0   | 66.500 | 85.550 | 90.050 | 50.488 | 25.518 |
|   1   | 64.700 | 84.300 | 89.600 | 49.711 | 25.357 |
|   2   | 58.300 | 82.750 | 88.650 | 46.775 | 23.823 |
|   3   | 59.600 | 81.700 | 88.050 | 46.639 | 23.548 |
|   4   | 58.000 | 82.350 | 88.500 | 46.116 | 23.622 |
|   5   | 57.750 | 82.750 | 89.100 | 46.815 | 24.425 |
|   6   | 58.900 | 81.900 | 88.550 | 46.392 | 23.798 |
|   7   | 54.650 | 82.550 | 89.000 | 45.241 | 24.044 |
|   8   | 55.800 | 80.950 | 88.150 | 45.353 | 23.650 |
|   9   | 57.800 | 81.950 | 88.600 | 46.178 | 24.146 |
|   10  | 55.600 | 82.050 | 88.850 | 45.554 | 23.885 |
|   11  | 56.700 | 82.050 | 89.050 | 46.063 | 23.988 |
|   12  | 57.300 | 81.700 | 88.700 | 46.166 | 23.840 |
|   13  | 56.000 | 81.750 | 89.100 | 45.846 | 23.895 |
+-------+--------+--------+--------+--------+--------+
     logs:  {'epo': 13, 'R1': 56.0, 'R5': 81.75, 'R10': 89.1, 'mAP': 45.846, 'mINP': 23.895, 'lr': 0.000638, 'entropy': 0.16626, 'loss': 2.718253}
      TTA Epoch: [14] [ 0/28]  eta: 0:00:23  lr: 0.000619  entropy: 0.2723  loss: 2.7561  time: 0.8405  data: 0.7425  max mem: 4847
      TTA Epoch: [14] [27/28]  eta: 0:00:00  lr: 0.000292  entropy: 0.2278  loss: 2.7377  time: 0.0535  data: 0.0001  max mem: 4847
      TTA Epoch: [14] Total time: 0:00:02 (0.0843 s / it)
     Averaged stats: lr: 0.0004  entropy: 0.1944  loss: 2.7291
     itm tta time 0:00:02
     Computing matching score
      ITM Evaluation: [   0/2000]  eta: 0:01:16    time: 0.0381  data: 0.0019  max mem: 4847
      ITM Evaluation: [ 100/2000]  eta: 0:01:18    time: 0.0423  data: 0.0000  max mem: 4847
      ITM Evaluation: [ 200/2000]  eta: 0:01:13    time: 0.0434  data: 0.0000  max mem: 4847
      ITM Evaluation: [ 300/2000]  eta: 0:01:09    time: 0.0451  data: 0.0000  max mem: 4847
      ITM Evaluation: [ 400/2000]  eta: 0:01:06    time: 0.0401  data: 0.0000  max mem: 4847
      ITM Evaluation: [ 500/2000]  eta: 0:01:01    time: 0.0373  data: 0.0000  max mem: 4847
      ITM Evaluation: [ 600/2000]  eta: 0:00:57    time: 0.0419  data: 0.0000  max mem: 4847
      ITM Evaluation: [ 700/2000]  eta: 0:00:53    time: 0.0450  data: 0.0000  max mem: 4847
      ITM Evaluation: [ 800/2000]  eta: 0:00:49    time: 0.0435  data: 0.0000  max mem: 4847
      ITM Evaluation: [ 900/2000]  eta: 0:00:45    time: 0.0397  data: 0.0000  max mem: 4847
      ITM Evaluation: [1000/2000]  eta: 0:00:41    time: 0.0443  data: 0.0000  max mem: 4847
      ITM Evaluation: [1100/2000]  eta: 0:00:37    time: 0.0388  data: 0.0000  max mem: 4847
      ITM Evaluation: [1200/2000]  eta: 0:00:32    time: 0.0344  data: 0.0000  max mem: 4847
      ITM Evaluation: [1300/2000]  eta: 0:00:28    time: 0.0348  data: 0.0000  max mem: 4847
      ITM Evaluation: [1400/2000]  eta: 0:00:23    time: 0.0342  data: 0.0000  max mem: 4847
      ITM Evaluation: [1500/2000]  eta: 0:00:19    time: 0.0345  data: 0.0000  max mem: 4847
      ITM Evaluation: [1600/2000]  eta: 0:00:15    time: 0.0371  data: 0.0000  max mem: 4847
      ITM Evaluation: [1700/2000]  eta: 0:00:11    time: 0.0323  data: 0.0000  max mem: 4847
      ITM Evaluation: [1800/2000]  eta: 0:00:07    time: 0.0315  data: 0.0000  max mem: 4847
      ITM Evaluation: [1900/2000]  eta: 0:00:03    time: 0.0335  data: 0.0000  max mem: 4847
      ITM Evaluation: [1999/2000]  eta: 0:00:00    time: 0.0339  data: 0.0000  max mem: 4847
      ITM Evaluation: Total time: 0:01:16 (0.0381 s / it)
     total_time 76.23299622535706
     Computing matching score time 0:01:16
### TTA ITM Score: 
+-------+--------+--------+--------+--------+--------+
| epoch |   R1   |   R5   |  R10   |  mAP   |  mINP  |
+-------+--------+--------+--------+--------+--------+
|  -999 | 59.000 | 79.650 | 88.500 | 47.231 | 25.876 |
|  -999 | 66.450 | 85.600 | 90.600 | 50.642 | 25.526 |
|   0   | 66.500 | 85.550 | 90.050 | 50.488 | 25.518 |
|   1   | 64.700 | 84.300 | 89.600 | 49.711 | 25.357 |
|   2   | 58.300 | 82.750 | 88.650 | 46.775 | 23.823 |
|   3   | 59.600 | 81.700 | 88.050 | 46.639 | 23.548 |
|   4   | 58.000 | 82.350 | 88.500 | 46.116 | 23.622 |
|   5   | 57.750 | 82.750 | 89.100 | 46.815 | 24.425 |
|   6   | 58.900 | 81.900 | 88.550 | 46.392 | 23.798 |
|   7   | 54.650 | 82.550 | 89.000 | 45.241 | 24.044 |
|   8   | 55.800 | 80.950 | 88.150 | 45.353 | 23.650 |
|   9   | 57.800 | 81.950 | 88.600 | 46.178 | 24.146 |
|   10  | 55.600 | 82.050 | 88.850 | 45.554 | 23.885 |
|   11  | 56.700 | 82.050 | 89.050 | 46.063 | 23.988 |
|   12  | 57.300 | 81.700 | 88.700 | 46.166 | 23.840 |
|   13  | 56.000 | 81.750 | 89.100 | 45.846 | 23.895 |
|   14  | 55.300 | 81.950 | 88.750 | 45.565 | 23.742 |
+-------+--------+--------+--------+--------+--------+
     logs:  {'epo': 14, 'R1': 55.3, 'R5': 81.95, 'R10': 88.75, 'mAP': 45.565, 'mINP': 23.742, 'lr': 0.000378, 'entropy': 0.19438, 'loss': 2.729093}
      TTA Epoch: [15] [ 0/28]  eta: 0:00:18  lr: 0.000292  entropy: 0.1235  loss: 2.7002  time: 0.6582  data: 0.5762  max mem: 4847
      TTA Epoch: [15] [27/28]  eta: 0:00:00  lr: 0.000274  entropy: 0.2248  loss: 2.7420  time: 0.0492  data: 0.0001  max mem: 4847
      TTA Epoch: [15] Total time: 0:00:02 (0.0728 s / it)
     Averaged stats: lr: 0.0003  entropy: 0.1569  loss: 2.7150
     itm tta time 0:00:02
     Computing matching score
      ITM Evaluation: [   0/2000]  eta: 0:01:39    time: 0.0497  data: 0.0018  max mem: 4847
      ITM Evaluation: [ 100/2000]  eta: 0:01:27    time: 0.0371  data: 0.0000  max mem: 4847
      ITM Evaluation: [ 200/2000]  eta: 0:01:13    time: 0.0339  data: 0.0000  max mem: 4847
      ITM Evaluation: [ 300/2000]  eta: 0:01:05    time: 0.0347  data: 0.0000  max mem: 4847
      ITM Evaluation: [ 400/2000]  eta: 0:01:01    time: 0.0383  data: 0.0000  max mem: 4847
      ITM Evaluation: [ 500/2000]  eta: 0:00:57    time: 0.0364  data: 0.0000  max mem: 4847
      ITM Evaluation: [ 600/2000]  eta: 0:00:54    time: 0.0442  data: 0.0000  max mem: 4847
      ITM Evaluation: [ 700/2000]  eta: 0:00:51    time: 0.0525  data: 0.0000  max mem: 4847
      ITM Evaluation: [ 800/2000]  eta: 0:00:49    time: 0.0473  data: 0.0000  max mem: 4847
      ITM Evaluation: [ 900/2000]  eta: 0:00:45    time: 0.0471  data: 0.0000  max mem: 4847
      ITM Evaluation: [1000/2000]  eta: 0:00:42    time: 0.0460  data: 0.0000  max mem: 4847
      ITM Evaluation: [1100/2000]  eta: 0:00:38    time: 0.0384  data: 0.0000  max mem: 4847
      ITM Evaluation: [1200/2000]  eta: 0:00:33    time: 0.0379  data: 0.0000  max mem: 4847
      ITM Evaluation: [1300/2000]  eta: 0:00:29    time: 0.0407  data: 0.0000  max mem: 4847
      ITM Evaluation: [1400/2000]  eta: 0:00:24    time: 0.0374  data: 0.0000  max mem: 4847
      ITM Evaluation: [1500/2000]  eta: 0:00:20    time: 0.0394  data: 0.0000  max mem: 4847
      ITM Evaluation: [1600/2000]  eta: 0:00:16    time: 0.0393  data: 0.0000  max mem: 4847
      ITM Evaluation: [1700/2000]  eta: 0:00:12    time: 0.0418  data: 0.0000  max mem: 4847
      ITM Evaluation: [1800/2000]  eta: 0:00:08    time: 0.0386  data: 0.0000  max mem: 4847
      ITM Evaluation: [1900/2000]  eta: 0:00:04    time: 0.0398  data: 0.0000  max mem: 4847
      ITM Evaluation: [1999/2000]  eta: 0:00:00    time: 0.0436  data: 0.0000  max mem: 4847
      ITM Evaluation: Total time: 0:01:22 (0.0411 s / it)
     total_time 82.1307373046875
     Computing matching score time 0:01:22
### TTA ITM Score: 
+-------+--------+--------+--------+--------+--------+
| epoch |   R1   |   R5   |  R10   |  mAP   |  mINP  |
+-------+--------+--------+--------+--------+--------+
|  -999 | 59.000 | 79.650 | 88.500 | 47.231 | 25.876 |
|  -999 | 66.450 | 85.600 | 90.600 | 50.642 | 25.526 |
|   0   | 66.500 | 85.550 | 90.050 | 50.488 | 25.518 |
|   1   | 64.700 | 84.300 | 89.600 | 49.711 | 25.357 |
|   2   | 58.300 | 82.750 | 88.650 | 46.775 | 23.823 |
|   3   | 59.600 | 81.700 | 88.050 | 46.639 | 23.548 |
|   4   | 58.000 | 82.350 | 88.500 | 46.116 | 23.622 |
|   5   | 57.750 | 82.750 | 89.100 | 46.815 | 24.425 |
|   6   | 58.900 | 81.900 | 88.550 | 46.392 | 23.798 |
|   7   | 54.650 | 82.550 | 89.000 | 45.241 | 24.044 |
|   8   | 55.800 | 80.950 | 88.150 | 45.353 | 23.650 |
|   9   | 57.800 | 81.950 | 88.600 | 46.178 | 24.146 |
|   10  | 55.600 | 82.050 | 88.850 | 45.554 | 23.885 |
|   11  | 56.700 | 82.050 | 89.050 | 46.063 | 23.988 |
|   12  | 57.300 | 81.700 | 88.700 | 46.166 | 23.840 |
|   13  | 56.000 | 81.750 | 89.100 | 45.846 | 23.895 |
|   14  | 55.300 | 81.950 | 88.750 | 45.565 | 23.742 |
|   15  | 55.400 | 81.550 | 88.650 | 45.465 | 23.721 |
+-------+--------+--------+--------+--------+--------+
     logs:  {'epo': 15, 'R1': 55.4, 'R5': 81.55, 'R10': 88.65, 'mAP': 45.465, 'mINP': 23.721, 'lr': 0.000283, 'entropy': 0.156922, 'loss': 2.714967}
      TTA Epoch: [16] [ 0/28]  eta: 0:00:27  lr: 0.000273  entropy: 0.1235  loss: 2.7037  time: 0.9659  data: 0.8465  max mem: 4847
      TTA Epoch: [16] [27/28]  eta: 0:00:00  lr: 0.000256  entropy: 0.0990  loss: 2.6929  time: 0.0567  data: 0.0002  max mem: 4847
      TTA Epoch: [16] Total time: 0:00:02 (0.0940 s / it)
     Averaged stats: lr: 0.0003  entropy: 0.1695  loss: 2.7196
     itm tta time 0:00:02
     Computing matching score
      ITM Evaluation: [   0/2000]  eta: 0:01:44    time: 0.0523  data: 0.0040  max mem: 4847
      ITM Evaluation: [ 100/2000]  eta: 0:01:27    time: 0.0416  data: 0.0000  max mem: 4847
      ITM Evaluation: [ 200/2000]  eta: 0:01:18    time: 0.0395  data: 0.0000  max mem: 4847
      ITM Evaluation: [ 300/2000]  eta: 0:01:13    time: 0.0421  data: 0.0000  max mem: 4847
      ITM Evaluation: [ 400/2000]  eta: 0:01:08    time: 0.0404  data: 0.0000  max mem: 4847
      ITM Evaluation: [ 500/2000]  eta: 0:01:04    time: 0.0423  data: 0.0000  max mem: 4847
      ITM Evaluation: [ 600/2000]  eta: 0:00:59    time: 0.0406  data: 0.0000  max mem: 4847
      ITM Evaluation: [ 700/2000]  eta: 0:00:54    time: 0.0437  data: 0.0000  max mem: 4847
      ITM Evaluation: [ 800/2000]  eta: 0:00:50    time: 0.0440  data: 0.0000  max mem: 4847
      ITM Evaluation: [ 900/2000]  eta: 0:00:46    time: 0.0463  data: 0.0000  max mem: 4847
      ITM Evaluation: [1000/2000]  eta: 0:00:42    time: 0.0490  data: 0.0000  max mem: 4847
      ITM Evaluation: [1100/2000]  eta: 0:00:38    time: 0.0403  data: 0.0000  max mem: 4847
      ITM Evaluation: [1200/2000]  eta: 0:00:34    time: 0.0436  data: 0.0000  max mem: 4847
      ITM Evaluation: [1300/2000]  eta: 0:00:29    time: 0.0375  data: 0.0000  max mem: 4847
      ITM Evaluation: [1400/2000]  eta: 0:00:25    time: 0.0399  data: 0.0000  max mem: 4847
      ITM Evaluation: [1500/2000]  eta: 0:00:21    time: 0.0467  data: 0.0000  max mem: 4847
      ITM Evaluation: [1600/2000]  eta: 0:00:16    time: 0.0485  data: 0.0000  max mem: 4847
      ITM Evaluation: [1700/2000]  eta: 0:00:12    time: 0.0409  data: 0.0000  max mem: 4847
      ITM Evaluation: [1800/2000]  eta: 0:00:08    time: 0.0405  data: 0.0000  max mem: 4847
      ITM Evaluation: [1900/2000]  eta: 0:00:04    time: 0.0497  data: 0.0000  max mem: 4847
      ITM Evaluation: [1999/2000]  eta: 0:00:00    time: 0.0468  data: 0.0000  max mem: 4847
      ITM Evaluation: Total time: 0:01:25 (0.0430 s / it)
     total_time 85.95938229560852
     Computing matching score time 0:01:25
### TTA ITM Score: 
+-------+--------+--------+--------+--------+--------+
| epoch |   R1   |   R5   |  R10   |  mAP   |  mINP  |
+-------+--------+--------+--------+--------+--------+
|  -999 | 59.000 | 79.650 | 88.500 | 47.231 | 25.876 |
|  -999 | 66.450 | 85.600 | 90.600 | 50.642 | 25.526 |
|   0   | 66.500 | 85.550 | 90.050 | 50.488 | 25.518 |
|   1   | 64.700 | 84.300 | 89.600 | 49.711 | 25.357 |
|   2   | 58.300 | 82.750 | 88.650 | 46.775 | 23.823 |
|   3   | 59.600 | 81.700 | 88.050 | 46.639 | 23.548 |
|   4   | 58.000 | 82.350 | 88.500 | 46.116 | 23.622 |
|   5   | 57.750 | 82.750 | 89.100 | 46.815 | 24.425 |
|   6   | 58.900 | 81.900 | 88.550 | 46.392 | 23.798 |
|   7   | 54.650 | 82.550 | 89.000 | 45.241 | 24.044 |
|   8   | 55.800 | 80.950 | 88.150 | 45.353 | 23.650 |
|   9   | 57.800 | 81.950 | 88.600 | 46.178 | 24.146 |
|   10  | 55.600 | 82.050 | 88.850 | 45.554 | 23.885 |
|   11  | 56.700 | 82.050 | 89.050 | 46.063 | 23.988 |
|   12  | 57.300 | 81.700 | 88.700 | 46.166 | 23.840 |
|   13  | 56.000 | 81.750 | 89.100 | 45.846 | 23.895 |
|   14  | 55.300 | 81.950 | 88.750 | 45.565 | 23.742 |
|   15  | 55.400 | 81.550 | 88.650 | 45.465 | 23.721 |
|   16  | 56.550 | 82.100 | 88.700 | 45.827 | 23.761 |
+-------+--------+--------+--------+--------+--------+
     logs:  {'epo': 16, 'R1': 56.55, 'R5': 82.1, 'R10': 88.7, 'mAP': 45.827, 'mINP': 23.761, 'lr': 0.000265, 'entropy': 0.169464, 'loss': 2.719647}
      TTA Epoch: [17] [ 0/28]  eta: 0:00:31  lr: 0.000255  entropy: 0.2165  loss: 2.7384  time: 1.1109  data: 0.9442  max mem: 4847
      TTA Epoch: [17] [27/28]  eta: 0:00:00  lr: 0.000238  entropy: 0.1166  loss: 2.7050  time: 0.0637  data: 0.0002  max mem: 4847
      TTA Epoch: [17] Total time: 0:00:03 (0.1080 s / it)
     Averaged stats: lr: 0.0002  entropy: 0.1537  loss: 2.7139
     itm tta time 0:00:03
     Computing matching score
      ITM Evaluation: [   0/2000]  eta: 0:01:47    time: 0.0539  data: 0.0021  max mem: 4847
      ITM Evaluation: [ 100/2000]  eta: 0:01:19    time: 0.0441  data: 0.0000  max mem: 4847
      ITM Evaluation: [ 200/2000]  eta: 0:01:26    time: 0.0610  data: 0.0000  max mem: 4847
      ITM Evaluation: [ 300/2000]  eta: 0:01:23    time: 0.0469  data: 0.0000  max mem: 4847
      ITM Evaluation: [ 400/2000]  eta: 0:01:18    time: 0.0487  data: 0.0000  max mem: 4847
      ITM Evaluation: [ 500/2000]  eta: 0:01:14    time: 0.0535  data: 0.0000  max mem: 4847
      ITM Evaluation: [ 600/2000]  eta: 0:01:10    time: 0.0454  data: 0.0000  max mem: 4847
      ITM Evaluation: [ 700/2000]  eta: 0:01:04    time: 0.0475  data: 0.0000  max mem: 4847
      ITM Evaluation: [ 800/2000]  eta: 0:00:58    time: 0.0436  data: 0.0000  max mem: 4847
      ITM Evaluation: [ 900/2000]  eta: 0:00:53    time: 0.0400  data: 0.0000  max mem: 4847
      ITM Evaluation: [1000/2000]  eta: 0:00:48    time: 0.0485  data: 0.0000  max mem: 4847
      ITM Evaluation: [1100/2000]  eta: 0:00:43    time: 0.0402  data: 0.0000  max mem: 4847
      ITM Evaluation: [1200/2000]  eta: 0:00:37    time: 0.0436  data: 0.0000  max mem: 4847
      ITM Evaluation: [1300/2000]  eta: 0:00:32    time: 0.0423  data: 0.0000  max mem: 4847
      ITM Evaluation: [1400/2000]  eta: 0:00:28    time: 0.0418  data: 0.0000  max mem: 4847
      ITM Evaluation: [1500/2000]  eta: 0:00:23    time: 0.0445  data: 0.0000  max mem: 4847
      ITM Evaluation: [1600/2000]  eta: 0:00:18    time: 0.0470  data: 0.0000  max mem: 4847
      ITM Evaluation: [1700/2000]  eta: 0:00:13    time: 0.0442  data: 0.0000  max mem: 4847
      ITM Evaluation: [1800/2000]  eta: 0:00:09    time: 0.0444  data: 0.0000  max mem: 4847
      ITM Evaluation: [1900/2000]  eta: 0:00:04    time: 0.0609  data: 0.0000  max mem: 4847
      ITM Evaluation: [1999/2000]  eta: 0:00:00    time: 0.0495  data: 0.0000  max mem: 4847
      ITM Evaluation: Total time: 0:01:33 (0.0467 s / it)
     total_time 93.49759674072266
     Computing matching score time 0:01:33
### TTA ITM Score: 
+-------+--------+--------+--------+--------+--------+
| epoch |   R1   |   R5   |  R10   |  mAP   |  mINP  |
+-------+--------+--------+--------+--------+--------+
|  -999 | 59.000 | 79.650 | 88.500 | 47.231 | 25.876 |
|  -999 | 66.450 | 85.600 | 90.600 | 50.642 | 25.526 |
|   0   | 66.500 | 85.550 | 90.050 | 50.488 | 25.518 |
|   1   | 64.700 | 84.300 | 89.600 | 49.711 | 25.357 |
|   2   | 58.300 | 82.750 | 88.650 | 46.775 | 23.823 |
|   3   | 59.600 | 81.700 | 88.050 | 46.639 | 23.548 |
|   4   | 58.000 | 82.350 | 88.500 | 46.116 | 23.622 |
|   5   | 57.750 | 82.750 | 89.100 | 46.815 | 24.425 |
|   6   | 58.900 | 81.900 | 88.550 | 46.392 | 23.798 |
|   7   | 54.650 | 82.550 | 89.000 | 45.241 | 24.044 |
|   8   | 55.800 | 80.950 | 88.150 | 45.353 | 23.650 |
|   9   | 57.800 | 81.950 | 88.600 | 46.178 | 24.146 |
|   10  | 55.600 | 82.050 | 88.850 | 45.554 | 23.885 |
|   11  | 56.700 | 82.050 | 89.050 | 46.063 | 23.988 |
|   12  | 57.300 | 81.700 | 88.700 | 46.166 | 23.840 |
|   13  | 56.000 | 81.750 | 89.100 | 45.846 | 23.895 |
|   14  | 55.300 | 81.950 | 88.750 | 45.565 | 23.742 |
|   15  | 55.400 | 81.550 | 88.650 | 45.465 | 23.721 |
|   16  | 56.550 | 82.100 | 88.700 | 45.827 | 23.761 |
|   17  | 55.900 | 81.800 | 88.950 | 45.830 | 23.803 |
+-------+--------+--------+--------+--------+--------+
     logs:  {'epo': 17, 'R1': 55.9, 'R5': 81.8, 'R10': 88.95, 'mAP': 45.83, 'mINP': 23.803, 'lr': 0.000246, 'entropy': 0.1537, 'loss': 2.713908}
      TTA Epoch: [18] [ 0/28]  eta: 0:00:22  lr: 0.000237  entropy: 0.0862  loss: 2.6883  time: 0.7990  data: 0.7097  max mem: 4847
      TTA Epoch: [18] [27/28]  eta: 0:00:00  lr: 0.000219  entropy: 0.1736  loss: 2.7116  time: 0.0532  data: 0.0002  max mem: 4847
      TTA Epoch: [18] Total time: 0:00:02 (0.0822 s / it)
     Averaged stats: lr: 0.0002  entropy: 0.1611  loss: 2.7165
     itm tta time 0:00:02
     Computing matching score
      ITM Evaluation: [   0/2000]  eta: 0:01:55    time: 0.0577  data: 0.0029  max mem: 4847
      ITM Evaluation: [ 100/2000]  eta: 0:01:47    time: 0.0651  data: 0.0000  max mem: 4847
      ITM Evaluation: [ 200/2000]  eta: 0:01:46    time: 0.0589  data: 0.0000  max mem: 4847
      ITM Evaluation: [ 300/2000]  eta: 0:01:39    time: 0.0572  data: 0.0000  max mem: 4847
      ITM Evaluation: [ 400/2000]  eta: 0:01:31    time: 0.0542  data: 0.0000  max mem: 4847
      ITM Evaluation: [ 500/2000]  eta: 0:01:21    time: 0.0429  data: 0.0000  max mem: 4847
      ITM Evaluation: [ 600/2000]  eta: 0:01:13    time: 0.0414  data: 0.0000  max mem: 4847
      ITM Evaluation: [ 700/2000]  eta: 0:01:07    time: 0.0492  data: 0.0000  max mem: 4847
      ITM Evaluation: [ 800/2000]  eta: 0:01:01    time: 0.0469  data: 0.0000  max mem: 4847
      ITM Evaluation: [ 900/2000]  eta: 0:00:55    time: 0.0440  data: 0.0000  max mem: 4847
      ITM Evaluation: [1000/2000]  eta: 0:00:49    time: 0.0417  data: 0.0000  max mem: 4847
      ITM Evaluation: [1100/2000]  eta: 0:00:44    time: 0.0428  data: 0.0000  max mem: 4847
      ITM Evaluation: [1200/2000]  eta: 0:00:39    time: 0.0503  data: 0.0000  max mem: 4847
      ITM Evaluation: [1300/2000]  eta: 0:00:34    time: 0.0415  data: 0.0000  max mem: 4847
      ITM Evaluation: [1400/2000]  eta: 0:00:29    time: 0.0409  data: 0.0000  max mem: 4847
      ITM Evaluation: [1500/2000]  eta: 0:00:24    time: 0.0449  data: 0.0000  max mem: 4847
      ITM Evaluation: [1600/2000]  eta: 0:00:19    time: 0.0421  data: 0.0000  max mem: 4847
      ITM Evaluation: [1700/2000]  eta: 0:00:14    time: 0.0458  data: 0.0000  max mem: 4847
      ITM Evaluation: [1800/2000]  eta: 0:00:09    time: 0.0430  data: 0.0000  max mem: 4847
      ITM Evaluation: [1900/2000]  eta: 0:00:04    time: 0.0417  data: 0.0000  max mem: 4847
      ITM Evaluation: [1999/2000]  eta: 0:00:00    time: 0.0428  data: 0.0000  max mem: 4847
      ITM Evaluation: Total time: 0:01:33 (0.0470 s / it)
     total_time 93.97419786453247
     Computing matching score time 0:01:33
### TTA ITM Score: 
+-------+--------+--------+--------+--------+--------+
| epoch |   R1   |   R5   |  R10   |  mAP   |  mINP  |
+-------+--------+--------+--------+--------+--------+
|  -999 | 59.000 | 79.650 | 88.500 | 47.231 | 25.876 |
|  -999 | 66.450 | 85.600 | 90.600 | 50.642 | 25.526 |
|   0   | 66.500 | 85.550 | 90.050 | 50.488 | 25.518 |
|   1   | 64.700 | 84.300 | 89.600 | 49.711 | 25.357 |
|   2   | 58.300 | 82.750 | 88.650 | 46.775 | 23.823 |
|   3   | 59.600 | 81.700 | 88.050 | 46.639 | 23.548 |
|   4   | 58.000 | 82.350 | 88.500 | 46.116 | 23.622 |
|   5   | 57.750 | 82.750 | 89.100 | 46.815 | 24.425 |
|   6   | 58.900 | 81.900 | 88.550 | 46.392 | 23.798 |
|   7   | 54.650 | 82.550 | 89.000 | 45.241 | 24.044 |
|   8   | 55.800 | 80.950 | 88.150 | 45.353 | 23.650 |
|   9   | 57.800 | 81.950 | 88.600 | 46.178 | 24.146 |
|   10  | 55.600 | 82.050 | 88.850 | 45.554 | 23.885 |
|   11  | 56.700 | 82.050 | 89.050 | 46.063 | 23.988 |
|   12  | 57.300 | 81.700 | 88.700 | 46.166 | 23.840 |
|   13  | 56.000 | 81.750 | 89.100 | 45.846 | 23.895 |
|   14  | 55.300 | 81.950 | 88.750 | 45.565 | 23.742 |
|   15  | 55.400 | 81.550 | 88.650 | 45.465 | 23.721 |
|   16  | 56.550 | 82.100 | 88.700 | 45.827 | 23.761 |
|   17  | 55.900 | 81.800 | 88.950 | 45.830 | 23.803 |
|   18  | 55.950 | 81.400 | 88.800 | 45.648 | 23.651 |
+-------+--------+--------+--------+--------+--------+
     logs:  {'epo': 18, 'R1': 55.95, 'R5': 81.4, 'R10': 88.8, 'mAP': 45.648, 'mINP': 23.651, 'lr': 0.000228, 'entropy': 0.161121, 'loss': 2.716456}
      TTA Epoch: [19] [ 0/28]  eta: 0:00:19  lr: 0.000219  entropy: 0.1621  loss: 2.7117  time: 0.6837  data: 0.5586  max mem: 4847
      TTA Epoch: [19] [27/28]  eta: 0:00:00  lr: 0.000201  entropy: 0.2648  loss: 2.7449  time: 0.0602  data: 0.0002  max mem: 4847
      TTA Epoch: [19] Total time: 0:00:02 (0.0854 s / it)
     Averaged stats: lr: 0.0002  entropy: 0.1426  loss: 2.7096
     itm tta time 0:00:02
     Computing matching score
      ITM Evaluation: [   0/2000]  eta: 0:01:45    time: 0.0525  data: 0.0021  max mem: 4847
      ITM Evaluation: [ 100/2000]  eta: 0:01:32    time: 0.0401  data: 0.0000  max mem: 4847
      ITM Evaluation: [ 200/2000]  eta: 0:01:21    time: 0.0447  data: 0.0000  max mem: 4847
      ITM Evaluation: [ 300/2000]  eta: 0:01:16    time: 0.0451  data: 0.0000  max mem: 4847
      ITM Evaluation: [ 400/2000]  eta: 0:01:11    time: 0.0436  data: 0.0000  max mem: 4847
      ITM Evaluation: [ 500/2000]  eta: 0:01:06    time: 0.0416  data: 0.0000  max mem: 4847
      ITM Evaluation: [ 600/2000]  eta: 0:01:02    time: 0.0438  data: 0.0000  max mem: 4847
      ITM Evaluation: [ 700/2000]  eta: 0:00:57    time: 0.0427  data: 0.0000  max mem: 4847
      ITM Evaluation: [ 800/2000]  eta: 0:00:53    time: 0.0444  data: 0.0000  max mem: 4847
      ITM Evaluation: [ 900/2000]  eta: 0:00:49    time: 0.0492  data: 0.0000  max mem: 4847
      ITM Evaluation: [1000/2000]  eta: 0:00:44    time: 0.0377  data: 0.0000  max mem: 4847
      ITM Evaluation: [1100/2000]  eta: 0:00:39    time: 0.0382  data: 0.0000  max mem: 4847
      ITM Evaluation: [1200/2000]  eta: 0:00:34    time: 0.0449  data: 0.0000  max mem: 4847
      ITM Evaluation: [1300/2000]  eta: 0:00:30    time: 0.0445  data: 0.0000  max mem: 4847
      ITM Evaluation: [1400/2000]  eta: 0:00:26    time: 0.0459  data: 0.0000  max mem: 4847
      ITM Evaluation: [1500/2000]  eta: 0:00:21    time: 0.0449  data: 0.0000  max mem: 4847
      ITM Evaluation: [1600/2000]  eta: 0:00:17    time: 0.0449  data: 0.0000  max mem: 4847
      ITM Evaluation: [1700/2000]  eta: 0:00:13    time: 0.0438  data: 0.0000  max mem: 4847
      ITM Evaluation: [1800/2000]  eta: 0:00:08    time: 0.0510  data: 0.0000  max mem: 4847
      ITM Evaluation: [1900/2000]  eta: 0:00:04    time: 0.0465  data: 0.0000  max mem: 4847
      ITM Evaluation: [1999/2000]  eta: 0:00:00    time: 0.0481  data: 0.0000  max mem: 4847
      ITM Evaluation: Total time: 0:01:29 (0.0446 s / it)
     total_time 89.15493869781494
     Computing matching score time 0:01:29
### TTA ITM Score: 
+-------+--------+--------+--------+--------+--------+
| epoch |   R1   |   R5   |  R10   |  mAP   |  mINP  |
+-------+--------+--------+--------+--------+--------+
|  -999 | 59.000 | 79.650 | 88.500 | 47.231 | 25.876 |
|  -999 | 66.450 | 85.600 | 90.600 | 50.642 | 25.526 |
|   0   | 66.500 | 85.550 | 90.050 | 50.488 | 25.518 |
|   1   | 64.700 | 84.300 | 89.600 | 49.711 | 25.357 |
|   2   | 58.300 | 82.750 | 88.650 | 46.775 | 23.823 |
|   3   | 59.600 | 81.700 | 88.050 | 46.639 | 23.548 |
|   4   | 58.000 | 82.350 | 88.500 | 46.116 | 23.622 |
|   5   | 57.750 | 82.750 | 89.100 | 46.815 | 24.425 |
|   6   | 58.900 | 81.900 | 88.550 | 46.392 | 23.798 |
|   7   | 54.650 | 82.550 | 89.000 | 45.241 | 24.044 |
|   8   | 55.800 | 80.950 | 88.150 | 45.353 | 23.650 |
|   9   | 57.800 | 81.950 | 88.600 | 46.178 | 24.146 |
|   10  | 55.600 | 82.050 | 88.850 | 45.554 | 23.885 |
|   11  | 56.700 | 82.050 | 89.050 | 46.063 | 23.988 |
|   12  | 57.300 | 81.700 | 88.700 | 46.166 | 23.840 |
|   13  | 56.000 | 81.750 | 89.100 | 45.846 | 23.895 |
|   14  | 55.300 | 81.950 | 88.750 | 45.565 | 23.742 |
|   15  | 55.400 | 81.550 | 88.650 | 45.465 | 23.721 |
|   16  | 56.550 | 82.100 | 88.700 | 45.827 | 23.761 |
|   17  | 55.900 | 81.800 | 88.950 | 45.830 | 23.803 |
|   18  | 55.950 | 81.400 | 88.800 | 45.648 | 23.651 |
|   19  | 55.900 | 81.300 | 88.750 | 45.733 | 23.686 |
+-------+--------+--------+--------+--------+--------+
     logs:  {'epo': 19, 'R1': 55.9, 'R5': 81.3, 'R10': 88.75, 'mAP': 45.733, 'mINP': 23.686, 'lr': 0.00021, 'entropy': 0.14262, 'loss': 2.709608}
      TTA Epoch: [20] [ 0/28]  eta: 0:00:22  lr: 0.000201  entropy: 0.0452  loss: 2.6700  time: 0.8066  data: 0.6855  max mem: 4847
      TTA Epoch: [20] [27/28]  eta: 0:00:00  lr: 0.000183  entropy: 0.0758  loss: 2.6839  time: 0.0540  data: 0.0002  max mem: 4847
      TTA Epoch: [20] Total time: 0:00:02 (0.0834 s / it)
     Averaged stats: lr: 0.0002  entropy: 0.1362  loss: 2.7070
     itm tta time 0:00:02
     Computing matching score
      ITM Evaluation: [   0/2000]  eta: 0:01:19    time: 0.0395  data: 0.0020  max mem: 4847
      ITM Evaluation: [ 100/2000]  eta: 0:01:18    time: 0.0389  data: 0.0000  max mem: 4847
      ITM Evaluation: [ 200/2000]  eta: 0:01:13    time: 0.0379  data: 0.0000  max mem: 4847
      ITM Evaluation: [ 300/2000]  eta: 0:01:08    time: 0.0382  data: 0.0000  max mem: 4847
      ITM Evaluation: [ 400/2000]  eta: 0:01:03    time: 0.0373  data: 0.0000  max mem: 4847
      ITM Evaluation: [ 500/2000]  eta: 0:00:59    time: 0.0434  data: 0.0000  max mem: 4847
      ITM Evaluation: [ 600/2000]  eta: 0:00:55    time: 0.0433  data: 0.0000  max mem: 4847
      ITM Evaluation: [ 700/2000]  eta: 0:00:52    time: 0.0488  data: 0.0000  max mem: 4847
      ITM Evaluation: [ 800/2000]  eta: 0:00:49    time: 0.0406  data: 0.0000  max mem: 4847
      ITM Evaluation: [ 900/2000]  eta: 0:00:45    time: 0.0408  data: 0.0000  max mem: 4847
      ITM Evaluation: [1000/2000]  eta: 0:00:41    time: 0.0427  data: 0.0000  max mem: 4847
      ITM Evaluation: [1100/2000]  eta: 0:00:37    time: 0.0425  data: 0.0000  max mem: 4847
      ITM Evaluation: [1200/2000]  eta: 0:00:33    time: 0.0444  data: 0.0000  max mem: 4847
      ITM Evaluation: [1300/2000]  eta: 0:00:28    time: 0.0455  data: 0.0000  max mem: 4847
      ITM Evaluation: [1400/2000]  eta: 0:00:24    time: 0.0387  data: 0.0000  max mem: 4847
      ITM Evaluation: [1500/2000]  eta: 0:00:20    time: 0.0433  data: 0.0000  max mem: 4847
      ITM Evaluation: [1600/2000]  eta: 0:00:16    time: 0.0474  data: 0.0000  max mem: 4847
      ITM Evaluation: [1700/2000]  eta: 0:00:12    time: 0.0411  data: 0.0000  max mem: 4847
      ITM Evaluation: [1800/2000]  eta: 0:00:08    time: 0.0415  data: 0.0000  max mem: 4847
      ITM Evaluation: [1900/2000]  eta: 0:00:04    time: 0.0407  data: 0.0000  max mem: 4847
      ITM Evaluation: [1999/2000]  eta: 0:00:00    time: 0.0417  data: 0.0000  max mem: 4847
      ITM Evaluation: Total time: 0:01:22 (0.0414 s / it)
     total_time 82.86662793159485
     Computing matching score time 0:01:22
### TTA ITM Score: 
+-------+--------+--------+--------+--------+--------+
| epoch |   R1   |   R5   |  R10   |  mAP   |  mINP  |
+-------+--------+--------+--------+--------+--------+
|  -999 | 59.000 | 79.650 | 88.500 | 47.231 | 25.876 |
|  -999 | 66.450 | 85.600 | 90.600 | 50.642 | 25.526 |
|   0   | 66.500 | 85.550 | 90.050 | 50.488 | 25.518 |
|   1   | 64.700 | 84.300 | 89.600 | 49.711 | 25.357 |
|   2   | 58.300 | 82.750 | 88.650 | 46.775 | 23.823 |
|   3   | 59.600 | 81.700 | 88.050 | 46.639 | 23.548 |
|   4   | 58.000 | 82.350 | 88.500 | 46.116 | 23.622 |
|   5   | 57.750 | 82.750 | 89.100 | 46.815 | 24.425 |
|   6   | 58.900 | 81.900 | 88.550 | 46.392 | 23.798 |
|   7   | 54.650 | 82.550 | 89.000 | 45.241 | 24.044 |
|   8   | 55.800 | 80.950 | 88.150 | 45.353 | 23.650 |
|   9   | 57.800 | 81.950 | 88.600 | 46.178 | 24.146 |
|   10  | 55.600 | 82.050 | 88.850 | 45.554 | 23.885 |
|   11  | 56.700 | 82.050 | 89.050 | 46.063 | 23.988 |
|   12  | 57.300 | 81.700 | 88.700 | 46.166 | 23.840 |
|   13  | 56.000 | 81.750 | 89.100 | 45.846 | 23.895 |
|   14  | 55.300 | 81.950 | 88.750 | 45.565 | 23.742 |
|   15  | 55.400 | 81.550 | 88.650 | 45.465 | 23.721 |
|   16  | 56.550 | 82.100 | 88.700 | 45.827 | 23.761 |
|   17  | 55.900 | 81.800 | 88.950 | 45.830 | 23.803 |
|   18  | 55.950 | 81.400 | 88.800 | 45.648 | 23.651 |
|   19  | 55.900 | 81.300 | 88.750 | 45.733 | 23.686 |
|   20  | 55.700 | 81.600 | 88.950 | 45.731 | 23.770 |
+-------+--------+--------+--------+--------+--------+
     logs:  {'epo': 20, 'R1': 55.7, 'R5': 81.6, 'R10': 88.95, 'mAP': 45.731, 'mINP': 23.77, 'lr': 0.000192, 'entropy': 0.136159, 'loss': 2.706996}
      TTA Epoch: [21] [ 0/28]  eta: 0:00:19  lr: 0.000182  entropy: 0.0975  loss: 2.6829  time: 0.6986  data: 0.5641  max mem: 4847
      TTA Epoch: [21] [27/28]  eta: 0:00:00  lr: 0.000165  entropy: 0.0905  loss: 2.6943  time: 0.0497  data: 0.0002  max mem: 4847
      TTA Epoch: [21] Total time: 0:00:02 (0.0746 s / it)
     Averaged stats: lr: 0.0002  entropy: 0.1396  loss: 2.7085
     itm tta time 0:00:02
     Computing matching score
      ITM Evaluation: [   0/2000]  eta: 0:01:20    time: 0.0402  data: 0.0028  max mem: 4847
      ITM Evaluation: [ 100/2000]  eta: 0:01:14    time: 0.0360  data: 0.0000  max mem: 4847
      ITM Evaluation: [ 200/2000]  eta: 0:01:10    time: 0.0383  data: 0.0000  max mem: 4847
      ITM Evaluation: [ 300/2000]  eta: 0:01:07    time: 0.0403  data: 0.0000  max mem: 4847
      ITM Evaluation: [ 400/2000]  eta: 0:01:03    time: 0.0402  data: 0.0000  max mem: 4847
      ITM Evaluation: [ 500/2000]  eta: 0:01:00    time: 0.0468  data: 0.0000  max mem: 4847
      ITM Evaluation: [ 600/2000]  eta: 0:00:57    time: 0.0401  data: 0.0000  max mem: 4847
      ITM Evaluation: [ 700/2000]  eta: 0:00:54    time: 0.0464  data: 0.0000  max mem: 4847
      ITM Evaluation: [ 800/2000]  eta: 0:00:50    time: 0.0454  data: 0.0000  max mem: 4847
      ITM Evaluation: [ 900/2000]  eta: 0:00:46    time: 0.0448  data: 0.0000  max mem: 4847
      ITM Evaluation: [1000/2000]  eta: 0:00:42    time: 0.0437  data: 0.0000  max mem: 4847
      ITM Evaluation: [1100/2000]  eta: 0:00:38    time: 0.0470  data: 0.0000  max mem: 4847
      ITM Evaluation: [1200/2000]  eta: 0:00:33    time: 0.0420  data: 0.0000  max mem: 4847
      ITM Evaluation: [1300/2000]  eta: 0:00:29    time: 0.0382  data: 0.0000  max mem: 4847
      ITM Evaluation: [1400/2000]  eta: 0:00:25    time: 0.0449  data: 0.0000  max mem: 4847
      ITM Evaluation: [1500/2000]  eta: 0:00:21    time: 0.0421  data: 0.0000  max mem: 4847
      ITM Evaluation: [1600/2000]  eta: 0:00:16    time: 0.0403  data: 0.0000  max mem: 4847
      ITM Evaluation: [1700/2000]  eta: 0:00:12    time: 0.0419  data: 0.0000  max mem: 4847
      ITM Evaluation: [1800/2000]  eta: 0:00:08    time: 0.0421  data: 0.0000  max mem: 4847
      ITM Evaluation: [1900/2000]  eta: 0:00:04    time: 0.0415  data: 0.0000  max mem: 4847
      ITM Evaluation: [1999/2000]  eta: 0:00:00    time: 0.0383  data: 0.0000  max mem: 4847
      ITM Evaluation: Total time: 0:01:24 (0.0424 s / it)
     total_time 84.77504229545593
     Computing matching score time 0:01:24
### TTA ITM Score: 
+-------+--------+--------+--------+--------+--------+
| epoch |   R1   |   R5   |  R10   |  mAP   |  mINP  |
+-------+--------+--------+--------+--------+--------+
|  -999 | 59.000 | 79.650 | 88.500 | 47.231 | 25.876 |
|  -999 | 66.450 | 85.600 | 90.600 | 50.642 | 25.526 |
|   0   | 66.500 | 85.550 | 90.050 | 50.488 | 25.518 |
|   1   | 64.700 | 84.300 | 89.600 | 49.711 | 25.357 |
|   2   | 58.300 | 82.750 | 88.650 | 46.775 | 23.823 |
|   3   | 59.600 | 81.700 | 88.050 | 46.639 | 23.548 |
|   4   | 58.000 | 82.350 | 88.500 | 46.116 | 23.622 |
|   5   | 57.750 | 82.750 | 89.100 | 46.815 | 24.425 |
|   6   | 58.900 | 81.900 | 88.550 | 46.392 | 23.798 |
|   7   | 54.650 | 82.550 | 89.000 | 45.241 | 24.044 |
|   8   | 55.800 | 80.950 | 88.150 | 45.353 | 23.650 |
|   9   | 57.800 | 81.950 | 88.600 | 46.178 | 24.146 |
|   10  | 55.600 | 82.050 | 88.850 | 45.554 | 23.885 |
|   11  | 56.700 | 82.050 | 89.050 | 46.063 | 23.988 |
|   12  | 57.300 | 81.700 | 88.700 | 46.166 | 23.840 |
|   13  | 56.000 | 81.750 | 89.100 | 45.846 | 23.895 |
|   14  | 55.300 | 81.950 | 88.750 | 45.565 | 23.742 |
|   15  | 55.400 | 81.550 | 88.650 | 45.465 | 23.721 |
|   16  | 56.550 | 82.100 | 88.700 | 45.827 | 23.761 |
|   17  | 55.900 | 81.800 | 88.950 | 45.830 | 23.803 |
|   18  | 55.950 | 81.400 | 88.800 | 45.648 | 23.651 |
|   19  | 55.900 | 81.300 | 88.750 | 45.733 | 23.686 |
|   20  | 55.700 | 81.600 | 88.950 | 45.731 | 23.770 |
|   21  | 56.700 | 81.600 | 88.700 | 45.901 | 23.831 |
+-------+--------+--------+--------+--------+--------+
     logs:  {'epo': 21, 'R1': 56.7, 'R5': 81.6, 'R10': 88.7, 'mAP': 45.901, 'mINP': 23.831, 'lr': 0.000174, 'entropy': 0.139646, 'loss': 2.708457}
      TTA Epoch: [22] [ 0/28]  eta: 0:00:19  lr: 0.000164  entropy: 0.0215  loss: 2.6646  time: 0.7052  data: 0.6098  max mem: 4847
      TTA Epoch: [22] [27/28]  eta: 0:00:00  lr: 0.000147  entropy: 0.1112  loss: 2.6951  time: 0.0493  data: 0.0001  max mem: 4847
      TTA Epoch: [22] Total time: 0:00:02 (0.0774 s / it)
     Averaged stats: lr: 0.0002  entropy: 0.1363  loss: 2.7073
     itm tta time 0:00:02
     Computing matching score
      ITM Evaluation: [   0/2000]  eta: 0:01:06    time: 0.0333  data: 0.0017  max mem: 4847
      ITM Evaluation: [ 100/2000]  eta: 0:01:20    time: 0.0410  data: 0.0000  max mem: 4847
      ITM Evaluation: [ 200/2000]  eta: 0:01:19    time: 0.0465  data: 0.0000  max mem: 4847
      ITM Evaluation: [ 300/2000]  eta: 0:01:12    time: 0.0415  data: 0.0000  max mem: 4847
      ITM Evaluation: [ 400/2000]  eta: 0:01:06    time: 0.0392  data: 0.0000  max mem: 4847
      ITM Evaluation: [ 500/2000]  eta: 0:01:03    time: 0.0438  data: 0.0000  max mem: 4847
      ITM Evaluation: [ 600/2000]  eta: 0:00:59    time: 0.0431  data: 0.0000  max mem: 4847
      ITM Evaluation: [ 700/2000]  eta: 0:00:55    time: 0.0419  data: 0.0000  max mem: 4847
      ITM Evaluation: [ 800/2000]  eta: 0:00:50    time: 0.0402  data: 0.0000  max mem: 4847
      ITM Evaluation: [ 900/2000]  eta: 0:00:46    time: 0.0440  data: 0.0000  max mem: 4847
      ITM Evaluation: [1000/2000]  eta: 0:00:41    time: 0.0346  data: 0.0000  max mem: 4847
      ITM Evaluation: [1100/2000]  eta: 0:00:37    time: 0.0382  data: 0.0000  max mem: 4847
      ITM Evaluation: [1200/2000]  eta: 0:00:32    time: 0.0415  data: 0.0000  max mem: 4847
      ITM Evaluation: [1300/2000]  eta: 0:00:28    time: 0.0407  data: 0.0000  max mem: 4847
      ITM Evaluation: [1400/2000]  eta: 0:00:24    time: 0.0403  data: 0.0000  max mem: 4847
      ITM Evaluation: [1500/2000]  eta: 0:00:20    time: 0.0593  data: 0.0000  max mem: 4847
      ITM Evaluation: [1600/2000]  eta: 0:00:17    time: 0.0658  data: 0.0000  max mem: 4847
      ITM Evaluation: [1700/2000]  eta: 0:00:13    time: 0.0522  data: 0.0000  max mem: 4847
      ITM Evaluation: [1800/2000]  eta: 0:00:08    time: 0.0545  data: 0.0000  max mem: 4847
      ITM Evaluation: [1900/2000]  eta: 0:00:04    time: 0.0552  data: 0.0000  max mem: 4847
      ITM Evaluation: [1999/2000]  eta: 0:00:00    time: 0.0414  data: 0.0000  max mem: 4847
      ITM Evaluation: Total time: 0:01:30 (0.0453 s / it)
     total_time 90.62209010124207
     Computing matching score time 0:01:30
### TTA ITM Score: 
+-------+--------+--------+--------+--------+--------+
| epoch |   R1   |   R5   |  R10   |  mAP   |  mINP  |
+-------+--------+--------+--------+--------+--------+
|  -999 | 59.000 | 79.650 | 88.500 | 47.231 | 25.876 |
|  -999 | 66.450 | 85.600 | 90.600 | 50.642 | 25.526 |
|   0   | 66.500 | 85.550 | 90.050 | 50.488 | 25.518 |
|   1   | 64.700 | 84.300 | 89.600 | 49.711 | 25.357 |
|   2   | 58.300 | 82.750 | 88.650 | 46.775 | 23.823 |
|   3   | 59.600 | 81.700 | 88.050 | 46.639 | 23.548 |
|   4   | 58.000 | 82.350 | 88.500 | 46.116 | 23.622 |
|   5   | 57.750 | 82.750 | 89.100 | 46.815 | 24.425 |
|   6   | 58.900 | 81.900 | 88.550 | 46.392 | 23.798 |
|   7   | 54.650 | 82.550 | 89.000 | 45.241 | 24.044 |
|   8   | 55.800 | 80.950 | 88.150 | 45.353 | 23.650 |
|   9   | 57.800 | 81.950 | 88.600 | 46.178 | 24.146 |
|   10  | 55.600 | 82.050 | 88.850 | 45.554 | 23.885 |
|   11  | 56.700 | 82.050 | 89.050 | 46.063 | 23.988 |
|   12  | 57.300 | 81.700 | 88.700 | 46.166 | 23.840 |
|   13  | 56.000 | 81.750 | 89.100 | 45.846 | 23.895 |
|   14  | 55.300 | 81.950 | 88.750 | 45.565 | 23.742 |
|   15  | 55.400 | 81.550 | 88.650 | 45.465 | 23.721 |
|   16  | 56.550 | 82.100 | 88.700 | 45.827 | 23.761 |
|   17  | 55.900 | 81.800 | 88.950 | 45.830 | 23.803 |
|   18  | 55.950 | 81.400 | 88.800 | 45.648 | 23.651 |
|   19  | 55.900 | 81.300 | 88.750 | 45.733 | 23.686 |
|   20  | 55.700 | 81.600 | 88.950 | 45.731 | 23.770 |
|   21  | 56.700 | 81.600 | 88.700 | 45.901 | 23.831 |
|   22  | 57.050 | 81.750 | 88.950 | 46.034 | 23.880 |
+-------+--------+--------+--------+--------+--------+
     logs:  {'epo': 22, 'R1': 57.05, 'R5': 81.75, 'R10': 88.95, 'mAP': 46.034, 'mINP': 23.88, 'lr': 0.000156, 'entropy': 0.136252, 'loss': 2.707317}
      TTA Epoch: [23] [ 0/28]  eta: 0:00:21  lr: 0.000146  entropy: 0.1439  loss: 2.7201  time: 0.7791  data: 0.6885  max mem: 4847
      TTA Epoch: [23] [27/28]  eta: 0:00:00  lr: 0.000129  entropy: 0.0840  loss: 2.6966  time: 0.0538  data: 0.0002  max mem: 4847
      TTA Epoch: [23] Total time: 0:00:02 (0.0800 s / it)
     Averaged stats: lr: 0.0001  entropy: 0.1384  loss: 2.7081
     itm tta time 0:00:02
     Computing matching score
      ITM Evaluation: [   0/2000]  eta: 0:01:54    time: 0.0571  data: 0.0054  max mem: 4847
      ITM Evaluation: [ 100/2000]  eta: 0:01:21    time: 0.0437  data: 0.0000  max mem: 4847
      ITM Evaluation: [ 200/2000]  eta: 0:01:18    time: 0.0446  data: 0.0000  max mem: 4847
      ITM Evaluation: [ 300/2000]  eta: 0:01:13    time: 0.0369  data: 0.0000  max mem: 4847
      ITM Evaluation: [ 400/2000]  eta: 0:01:08    time: 0.0408  data: 0.0000  max mem: 4847
      ITM Evaluation: [ 500/2000]  eta: 0:01:03    time: 0.0420  data: 0.0000  max mem: 4847
      ITM Evaluation: [ 600/2000]  eta: 0:00:59    time: 0.0415  data: 0.0000  max mem: 4847
      ITM Evaluation: [ 700/2000]  eta: 0:00:55    time: 0.0428  data: 0.0000  max mem: 4847
      ITM Evaluation: [ 800/2000]  eta: 0:00:51    time: 0.0435  data: 0.0000  max mem: 4847
      ITM Evaluation: [ 900/2000]  eta: 0:00:47    time: 0.0432  data: 0.0000  max mem: 4847
      ITM Evaluation: [1000/2000]  eta: 0:00:43    time: 0.0491  data: 0.0000  max mem: 4847
      ITM Evaluation: [1100/2000]  eta: 0:00:39    time: 0.0620  data: 0.0000  max mem: 4847
      ITM Evaluation: [1200/2000]  eta: 0:00:36    time: 0.0559  data: 0.0000  max mem: 4847
      ITM Evaluation: [1300/2000]  eta: 0:00:31    time: 0.0410  data: 0.0000  max mem: 4847
      ITM Evaluation: [1400/2000]  eta: 0:00:27    time: 0.0610  data: 0.0000  max mem: 4847
      ITM Evaluation: [1500/2000]  eta: 0:00:23    time: 0.0594  data: 0.0000  max mem: 4847
      ITM Evaluation: [1600/2000]  eta: 0:00:18    time: 0.0445  data: 0.0000  max mem: 4847
      ITM Evaluation: [1700/2000]  eta: 0:00:14    time: 0.0439  data: 0.0000  max mem: 4847
      ITM Evaluation: [1800/2000]  eta: 0:00:09    time: 0.0422  data: 0.0000  max mem: 4847
      ITM Evaluation: [1900/2000]  eta: 0:00:04    time: 0.0467  data: 0.0000  max mem: 4847
      ITM Evaluation: [1999/2000]  eta: 0:00:00    time: 0.0439  data: 0.0000  max mem: 4847
      ITM Evaluation: Total time: 0:01:32 (0.0464 s / it)
     total_time 92.73272228240967
     Computing matching score time 0:01:32
### TTA ITM Score: 
+-------+--------+--------+--------+--------+--------+
| epoch |   R1   |   R5   |  R10   |  mAP   |  mINP  |
+-------+--------+--------+--------+--------+--------+
|  -999 | 59.000 | 79.650 | 88.500 | 47.231 | 25.876 |
|  -999 | 66.450 | 85.600 | 90.600 | 50.642 | 25.526 |
|   0   | 66.500 | 85.550 | 90.050 | 50.488 | 25.518 |
|   1   | 64.700 | 84.300 | 89.600 | 49.711 | 25.357 |
|   2   | 58.300 | 82.750 | 88.650 | 46.775 | 23.823 |
|   3   | 59.600 | 81.700 | 88.050 | 46.639 | 23.548 |
|   4   | 58.000 | 82.350 | 88.500 | 46.116 | 23.622 |
|   5   | 57.750 | 82.750 | 89.100 | 46.815 | 24.425 |
|   6   | 58.900 | 81.900 | 88.550 | 46.392 | 23.798 |
|   7   | 54.650 | 82.550 | 89.000 | 45.241 | 24.044 |
|   8   | 55.800 | 80.950 | 88.150 | 45.353 | 23.650 |
|   9   | 57.800 | 81.950 | 88.600 | 46.178 | 24.146 |
|   10  | 55.600 | 82.050 | 88.850 | 45.554 | 23.885 |
|   11  | 56.700 | 82.050 | 89.050 | 46.063 | 23.988 |
|   12  | 57.300 | 81.700 | 88.700 | 46.166 | 23.840 |
|   13  | 56.000 | 81.750 | 89.100 | 45.846 | 23.895 |
|   14  | 55.300 | 81.950 | 88.750 | 45.565 | 23.742 |
|   15  | 55.400 | 81.550 | 88.650 | 45.465 | 23.721 |
|   16  | 56.550 | 82.100 | 88.700 | 45.827 | 23.761 |
|   17  | 55.900 | 81.800 | 88.950 | 45.830 | 23.803 |
|   18  | 55.950 | 81.400 | 88.800 | 45.648 | 23.651 |
|   19  | 55.900 | 81.300 | 88.750 | 45.733 | 23.686 |
|   20  | 55.700 | 81.600 | 88.950 | 45.731 | 23.770 |
|   21  | 56.700 | 81.600 | 88.700 | 45.901 | 23.831 |
|   22  | 57.050 | 81.750 | 88.950 | 46.034 | 23.880 |
|   23  | 57.450 | 81.650 | 89.150 | 46.110 | 23.844 |
+-------+--------+--------+--------+--------+--------+
     logs:  {'epo': 23, 'R1': 57.45, 'R5': 81.65, 'R10': 89.15, 'mAP': 46.11, 'mINP': 23.844, 'lr': 0.000137, 'entropy': 0.138391, 'loss': 2.708052}
      TTA Epoch: [24] [ 0/28]  eta: 0:00:18  lr: 0.000128  entropy: 0.0979  loss: 2.6932  time: 0.6495  data: 0.5472  max mem: 4847
      TTA Epoch: [24] [27/28]  eta: 0:00:00  lr: 0.000044  entropy: 0.0438  loss: 2.6693  time: 0.0522  data: 0.0001  max mem: 4847
      TTA Epoch: [24] Total time: 0:00:02 (0.0757 s / it)
     Averaged stats: lr: 0.0001  entropy: 0.1309  loss: 2.7053
     itm tta time 0:00:02
     Computing matching score
      ITM Evaluation: [   0/2000]  eta: 0:01:27    time: 0.0438  data: 0.0017  max mem: 4847
      ITM Evaluation: [ 100/2000]  eta: 0:01:15    time: 0.0397  data: 0.0000  max mem: 4847
      ITM Evaluation: [ 200/2000]  eta: 0:01:11    time: 0.0425  data: 0.0000  max mem: 4847
      ITM Evaluation: [ 300/2000]  eta: 0:01:09    time: 0.0409  data: 0.0000  max mem: 4847
      ITM Evaluation: [ 400/2000]  eta: 0:01:06    time: 0.0436  data: 0.0000  max mem: 4847
      ITM Evaluation: [ 500/2000]  eta: 0:01:03    time: 0.0468  data: 0.0000  max mem: 4847
      ITM Evaluation: [ 600/2000]  eta: 0:00:59    time: 0.0389  data: 0.0000  max mem: 4847
      ITM Evaluation: [ 700/2000]  eta: 0:00:54    time: 0.0408  data: 0.0000  max mem: 4847
      ITM Evaluation: [ 800/2000]  eta: 0:00:50    time: 0.0423  data: 0.0000  max mem: 4847
      ITM Evaluation: [ 900/2000]  eta: 0:00:46    time: 0.0430  data: 0.0000  max mem: 4847
      ITM Evaluation: [1000/2000]  eta: 0:00:41    time: 0.0404  data: 0.0000  max mem: 4847
      ITM Evaluation: [1100/2000]  eta: 0:00:37    time: 0.0464  data: 0.0000  max mem: 4847
      ITM Evaluation: [1200/2000]  eta: 0:00:33    time: 0.0433  data: 0.0000  max mem: 4847
      ITM Evaluation: [1300/2000]  eta: 0:00:29    time: 0.0472  data: 0.0000  max mem: 4847
      ITM Evaluation: [1400/2000]  eta: 0:00:25    time: 0.0633  data: 0.0000  max mem: 4847
      ITM Evaluation: [1500/2000]  eta: 0:00:22    time: 0.0589  data: 0.0000  max mem: 4847
      ITM Evaluation: [1600/2000]  eta: 0:00:17    time: 0.0564  data: 0.0000  max mem: 4847
      ITM Evaluation: [1700/2000]  eta: 0:00:13    time: 0.0567  data: 0.0000  max mem: 4847
      ITM Evaluation: [1800/2000]  eta: 0:00:09    time: 0.0400  data: 0.0000  max mem: 4847
      ITM Evaluation: [1900/2000]  eta: 0:00:04    time: 0.0406  data: 0.0000  max mem: 4847
      ITM Evaluation: [1999/2000]  eta: 0:00:00    time: 0.0453  data: 0.0000  max mem: 4847
      ITM Evaluation: Total time: 0:01:29 (0.0449 s / it)
     total_time 89.81692004203796
     Computing matching score time 0:01:29
### TTA ITM Score: 
+-------+--------+--------+--------+--------+--------+
| epoch |   R1   |   R5   |  R10   |  mAP   |  mINP  |
+-------+--------+--------+--------+--------+--------+
|  -999 | 59.000 | 79.650 | 88.500 | 47.231 | 25.876 |
|  -999 | 66.450 | 85.600 | 90.600 | 50.642 | 25.526 |
|   0   | 66.500 | 85.550 | 90.050 | 50.488 | 25.518 |
|   1   | 64.700 | 84.300 | 89.600 | 49.711 | 25.357 |
|   2   | 58.300 | 82.750 | 88.650 | 46.775 | 23.823 |
|   3   | 59.600 | 81.700 | 88.050 | 46.639 | 23.548 |
|   4   | 58.000 | 82.350 | 88.500 | 46.116 | 23.622 |
|   5   | 57.750 | 82.750 | 89.100 | 46.815 | 24.425 |
|   6   | 58.900 | 81.900 | 88.550 | 46.392 | 23.798 |
|   7   | 54.650 | 82.550 | 89.000 | 45.241 | 24.044 |
|   8   | 55.800 | 80.950 | 88.150 | 45.353 | 23.650 |
|   9   | 57.800 | 81.950 | 88.600 | 46.178 | 24.146 |
|   10  | 55.600 | 82.050 | 88.850 | 45.554 | 23.885 |
|   11  | 56.700 | 82.050 | 89.050 | 46.063 | 23.988 |
|   12  | 57.300 | 81.700 | 88.700 | 46.166 | 23.840 |
|   13  | 56.000 | 81.750 | 89.100 | 45.846 | 23.895 |
|   14  | 55.300 | 81.950 | 88.750 | 45.565 | 23.742 |
|   15  | 55.400 | 81.550 | 88.650 | 45.465 | 23.721 |
|   16  | 56.550 | 82.100 | 88.700 | 45.827 | 23.761 |
|   17  | 55.900 | 81.800 | 88.950 | 45.830 | 23.803 |
|   18  | 55.950 | 81.400 | 88.800 | 45.648 | 23.651 |
|   19  | 55.900 | 81.300 | 88.750 | 45.733 | 23.686 |
|   20  | 55.700 | 81.600 | 88.950 | 45.731 | 23.770 |
|   21  | 56.700 | 81.600 | 88.700 | 45.901 | 23.831 |
|   22  | 57.050 | 81.750 | 88.950 | 46.034 | 23.880 |
|   23  | 57.450 | 81.650 | 89.150 | 46.110 | 23.844 |
|   24  | 56.700 | 81.850 | 88.850 | 45.858 | 23.805 |
+-------+--------+--------+--------+--------+--------+
     logs:  {'epo': 24, 'R1': 56.7, 'R5': 81.85, 'R10': 88.85, 'mAP': 45.858, 'mINP': 23.805, 'lr': 0.000117, 'entropy': 0.130933, 'loss': 2.705303}
      TTA Epoch: [25] [ 0/28]  eta: 0:00:17  lr: 0.000044  entropy: 0.1339  loss: 2.7071  time: 0.6422  data: 0.5436  max mem: 4847
      TTA Epoch: [25] [27/28]  eta: 0:00:00  lr: 0.000037  entropy: 0.0892  loss: 2.6876  time: 0.0508  data: 0.0002  max mem: 4847
      TTA Epoch: [25] Total time: 0:00:02 (0.0760 s / it)
     Averaged stats: lr: 0.0000  entropy: 0.1348  loss: 2.7067
     itm tta time 0:00:02
     Computing matching score
      ITM Evaluation: [   0/2000]  eta: 0:01:20    time: 0.0403  data: 0.0025  max mem: 4847
      ITM Evaluation: [ 100/2000]  eta: 0:01:20    time: 0.0423  data: 0.0000  max mem: 4847
      ITM Evaluation: [ 200/2000]  eta: 0:01:15    time: 0.0393  data: 0.0000  max mem: 4847
      ITM Evaluation: [ 300/2000]  eta: 0:01:11    time: 0.0427  data: 0.0000  max mem: 4847
      ITM Evaluation: [ 400/2000]  eta: 0:01:06    time: 0.0380  data: 0.0000  max mem: 4847
      ITM Evaluation: [ 500/2000]  eta: 0:01:02    time: 0.0438  data: 0.0000  max mem: 4847
      ITM Evaluation: [ 600/2000]  eta: 0:00:58    time: 0.0395  data: 0.0000  max mem: 4847
      ITM Evaluation: [ 700/2000]  eta: 0:00:53    time: 0.0399  data: 0.0000  max mem: 4847
      ITM Evaluation: [ 800/2000]  eta: 0:00:49    time: 0.0382  data: 0.0000  max mem: 4847
      ITM Evaluation: [ 900/2000]  eta: 0:00:45    time: 0.0493  data: 0.0000  max mem: 4847
      ITM Evaluation: [1000/2000]  eta: 0:00:41    time: 0.0403  data: 0.0000  max mem: 4847
      ITM Evaluation: [1100/2000]  eta: 0:00:37    time: 0.0357  data: 0.0000  max mem: 4847
      ITM Evaluation: [1200/2000]  eta: 0:00:32    time: 0.0409  data: 0.0000  max mem: 4847
      ITM Evaluation: [1300/2000]  eta: 0:00:28    time: 0.0435  data: 0.0000  max mem: 4847
      ITM Evaluation: [1400/2000]  eta: 0:00:24    time: 0.0375  data: 0.0000  max mem: 4847
      ITM Evaluation: [1500/2000]  eta: 0:00:20    time: 0.0414  data: 0.0000  max mem: 4847
      ITM Evaluation: [1600/2000]  eta: 0:00:16    time: 0.0403  data: 0.0000  max mem: 4847
      ITM Evaluation: [1700/2000]  eta: 0:00:12    time: 0.0402  data: 0.0000  max mem: 4847
      ITM Evaluation: [1800/2000]  eta: 0:00:08    time: 0.0452  data: 0.0000  max mem: 4847
      ITM Evaluation: [1900/2000]  eta: 0:00:04    time: 0.0489  data: 0.0000  max mem: 4847
      ITM Evaluation: [1999/2000]  eta: 0:00:00    time: 0.0412  data: 0.0000  max mem: 4847
      ITM Evaluation: Total time: 0:01:23 (0.0418 s / it)
     total_time 83.67909479141235
     Computing matching score time 0:01:23
### TTA ITM Score: 
+-------+--------+--------+--------+--------+--------+
| epoch |   R1   |   R5   |  R10   |  mAP   |  mINP  |
+-------+--------+--------+--------+--------+--------+
|  -999 | 59.000 | 79.650 | 88.500 | 47.231 | 25.876 |
|  -999 | 66.450 | 85.600 | 90.600 | 50.642 | 25.526 |
|   0   | 66.500 | 85.550 | 90.050 | 50.488 | 25.518 |
|   1   | 64.700 | 84.300 | 89.600 | 49.711 | 25.357 |
|   2   | 58.300 | 82.750 | 88.650 | 46.775 | 23.823 |
|   3   | 59.600 | 81.700 | 88.050 | 46.639 | 23.548 |
|   4   | 58.000 | 82.350 | 88.500 | 46.116 | 23.622 |
|   5   | 57.750 | 82.750 | 89.100 | 46.815 | 24.425 |
|   6   | 58.900 | 81.900 | 88.550 | 46.392 | 23.798 |
|   7   | 54.650 | 82.550 | 89.000 | 45.241 | 24.044 |
|   8   | 55.800 | 80.950 | 88.150 | 45.353 | 23.650 |
|   9   | 57.800 | 81.950 | 88.600 | 46.178 | 24.146 |
|   10  | 55.600 | 82.050 | 88.850 | 45.554 | 23.885 |
|   11  | 56.700 | 82.050 | 89.050 | 46.063 | 23.988 |
|   12  | 57.300 | 81.700 | 88.700 | 46.166 | 23.840 |
|   13  | 56.000 | 81.750 | 89.100 | 45.846 | 23.895 |
|   14  | 55.300 | 81.950 | 88.750 | 45.565 | 23.742 |
|   15  | 55.400 | 81.550 | 88.650 | 45.465 | 23.721 |
|   16  | 56.550 | 82.100 | 88.700 | 45.827 | 23.761 |
|   17  | 55.900 | 81.800 | 88.950 | 45.830 | 23.803 |
|   18  | 55.950 | 81.400 | 88.800 | 45.648 | 23.651 |
|   19  | 55.900 | 81.300 | 88.750 | 45.733 | 23.686 |
|   20  | 55.700 | 81.600 | 88.950 | 45.731 | 23.770 |
|   21  | 56.700 | 81.600 | 88.700 | 45.901 | 23.831 |
|   22  | 57.050 | 81.750 | 88.950 | 46.034 | 23.880 |
|   23  | 57.450 | 81.650 | 89.150 | 46.110 | 23.844 |
|   24  | 56.700 | 81.850 | 88.850 | 45.858 | 23.805 |
|   25  | 56.550 | 81.750 | 88.900 | 45.845 | 23.797 |
+-------+--------+--------+--------+--------+--------+
     logs:  {'epo': 25, 'R1': 56.55, 'R5': 81.75, 'R10': 88.9, 'mAP': 45.845, 'mINP': 23.797, 'lr': 4e-05, 'entropy': 0.13482, 'loss': 2.706749}
      TTA Epoch: [26] [ 0/28]  eta: 0:00:20  lr: 0.000037  entropy: 0.0941  loss: 2.6945  time: 0.7305  data: 0.6041  max mem: 4847
      TTA Epoch: [26] [27/28]  eta: 0:00:00  lr: 0.000030  entropy: 0.2848  loss: 2.7587  time: 0.0512  data: 0.0002  max mem: 4847
      TTA Epoch: [26] Total time: 0:00:02 (0.0774 s / it)
     Averaged stats: lr: 0.0000  entropy: 0.1431  loss: 2.7098
     itm tta time 0:00:02
     Computing matching score
      ITM Evaluation: [   0/2000]  eta: 0:01:13    time: 0.0367  data: 0.0034  max mem: 4847
      ITM Evaluation: [ 100/2000]  eta: 0:01:15    time: 0.0410  data: 0.0000  max mem: 4847
      ITM Evaluation: [ 200/2000]  eta: 0:01:11    time: 0.0403  data: 0.0000  max mem: 4847
      ITM Evaluation: [ 300/2000]  eta: 0:01:07    time: 0.0398  data: 0.0000  max mem: 4847
      ITM Evaluation: [ 400/2000]  eta: 0:01:03    time: 0.0419  data: 0.0000  max mem: 4847
      ITM Evaluation: [ 500/2000]  eta: 0:01:00    time: 0.0408  data: 0.0000  max mem: 4847
      ITM Evaluation: [ 600/2000]  eta: 0:00:55    time: 0.0405  data: 0.0000  max mem: 4847
      ITM Evaluation: [ 700/2000]  eta: 0:00:52    time: 0.0418  data: 0.0000  max mem: 4847
      ITM Evaluation: [ 800/2000]  eta: 0:00:49    time: 0.0479  data: 0.0000  max mem: 4847
      ITM Evaluation: [ 900/2000]  eta: 0:00:45    time: 0.0423  data: 0.0000  max mem: 4847
      ITM Evaluation: [1000/2000]  eta: 0:00:41    time: 0.0421  data: 0.0000  max mem: 4847
      ITM Evaluation: [1100/2000]  eta: 0:00:37    time: 0.0442  data: 0.0000  max mem: 4847
      ITM Evaluation: [1200/2000]  eta: 0:00:32    time: 0.0436  data: 0.0000  max mem: 4847
      ITM Evaluation: [1300/2000]  eta: 0:00:28    time: 0.0405  data: 0.0000  max mem: 4847
      ITM Evaluation: [1400/2000]  eta: 0:00:24    time: 0.0431  data: 0.0000  max mem: 4847
      ITM Evaluation: [1500/2000]  eta: 0:00:20    time: 0.0429  data: 0.0000  max mem: 4847
      ITM Evaluation: [1600/2000]  eta: 0:00:16    time: 0.0456  data: 0.0000  max mem: 4847
      ITM Evaluation: [1700/2000]  eta: 0:00:12    time: 0.0476  data: 0.0000  max mem: 4847
      ITM Evaluation: [1800/2000]  eta: 0:00:08    time: 0.0415  data: 0.0000  max mem: 4847
      ITM Evaluation: [1900/2000]  eta: 0:00:04    time: 0.0459  data: 0.0000  max mem: 4847
      ITM Evaluation: [1999/2000]  eta: 0:00:00    time: 0.0430  data: 0.0000  max mem: 4847
      ITM Evaluation: Total time: 0:01:23 (0.0419 s / it)
     total_time 83.7562346458435
     Computing matching score time 0:01:23
### TTA ITM Score: 
+-------+--------+--------+--------+--------+--------+
| epoch |   R1   |   R5   |  R10   |  mAP   |  mINP  |
+-------+--------+--------+--------+--------+--------+
|  -999 | 59.000 | 79.650 | 88.500 | 47.231 | 25.876 |
|  -999 | 66.450 | 85.600 | 90.600 | 50.642 | 25.526 |
|   0   | 66.500 | 85.550 | 90.050 | 50.488 | 25.518 |
|   1   | 64.700 | 84.300 | 89.600 | 49.711 | 25.357 |
|   2   | 58.300 | 82.750 | 88.650 | 46.775 | 23.823 |
|   3   | 59.600 | 81.700 | 88.050 | 46.639 | 23.548 |
|   4   | 58.000 | 82.350 | 88.500 | 46.116 | 23.622 |
|   5   | 57.750 | 82.750 | 89.100 | 46.815 | 24.425 |
|   6   | 58.900 | 81.900 | 88.550 | 46.392 | 23.798 |
|   7   | 54.650 | 82.550 | 89.000 | 45.241 | 24.044 |
|   8   | 55.800 | 80.950 | 88.150 | 45.353 | 23.650 |
|   9   | 57.800 | 81.950 | 88.600 | 46.178 | 24.146 |
|   10  | 55.600 | 82.050 | 88.850 | 45.554 | 23.885 |
|   11  | 56.700 | 82.050 | 89.050 | 46.063 | 23.988 |
|   12  | 57.300 | 81.700 | 88.700 | 46.166 | 23.840 |
|   13  | 56.000 | 81.750 | 89.100 | 45.846 | 23.895 |
|   14  | 55.300 | 81.950 | 88.750 | 45.565 | 23.742 |
|   15  | 55.400 | 81.550 | 88.650 | 45.465 | 23.721 |
|   16  | 56.550 | 82.100 | 88.700 | 45.827 | 23.761 |
|   17  | 55.900 | 81.800 | 88.950 | 45.830 | 23.803 |
|   18  | 55.950 | 81.400 | 88.800 | 45.648 | 23.651 |
|   19  | 55.900 | 81.300 | 88.750 | 45.733 | 23.686 |
|   20  | 55.700 | 81.600 | 88.950 | 45.731 | 23.770 |
|   21  | 56.700 | 81.600 | 88.700 | 45.901 | 23.831 |
|   22  | 57.050 | 81.750 | 88.950 | 46.034 | 23.880 |
|   23  | 57.450 | 81.650 | 89.150 | 46.110 | 23.844 |
|   24  | 56.700 | 81.850 | 88.850 | 45.858 | 23.805 |
|   25  | 56.550 | 81.750 | 88.900 | 45.845 | 23.797 |
|   26  | 56.650 | 81.850 | 88.900 | 45.860 | 23.811 |
+-------+--------+--------+--------+--------+--------+
     logs:  {'epo': 26, 'R1': 56.65, 'R5': 81.85, 'R10': 88.9, 'mAP': 45.86, 'mINP': 23.811, 'lr': 3.3e-05, 'entropy': 0.143098, 'loss': 2.709792}
      TTA Epoch: [27] [ 0/28]  eta: 0:00:19  lr: 0.000029  entropy: 0.0623  loss: 2.6884  time: 0.7066  data: 0.5936  max mem: 4847
      TTA Epoch: [27] [27/28]  eta: 0:00:00  lr: 0.000022  entropy: 0.1546  loss: 2.7154  time: 0.0492  data: 0.0001  max mem: 4847
      TTA Epoch: [27] Total time: 0:00:02 (0.0743 s / it)
     Averaged stats: lr: 0.0000  entropy: 0.1309  loss: 2.7051
     itm tta time 0:00:02
     Computing matching score
      ITM Evaluation: [   0/2000]  eta: 0:01:26    time: 0.0435  data: 0.0026  max mem: 4847
      ITM Evaluation: [ 100/2000]  eta: 0:01:22    time: 0.0427  data: 0.0000  max mem: 4847
      ITM Evaluation: [ 200/2000]  eta: 0:01:16    time: 0.0419  data: 0.0000  max mem: 4847
      ITM Evaluation: [ 300/2000]  eta: 0:01:11    time: 0.0436  data: 0.0000  max mem: 4847
      ITM Evaluation: [ 400/2000]  eta: 0:01:07    time: 0.0418  data: 0.0000  max mem: 4847
      ITM Evaluation: [ 500/2000]  eta: 0:01:03    time: 0.0428  data: 0.0000  max mem: 4847
      ITM Evaluation: [ 600/2000]  eta: 0:01:00    time: 0.0427  data: 0.0000  max mem: 4847
      ITM Evaluation: [ 700/2000]  eta: 0:00:55    time: 0.0447  data: 0.0000  max mem: 4847
      ITM Evaluation: [ 800/2000]  eta: 0:00:51    time: 0.0398  data: 0.0000  max mem: 4847
      ITM Evaluation: [ 900/2000]  eta: 0:00:46    time: 0.0411  data: 0.0000  max mem: 4847
      ITM Evaluation: [1000/2000]  eta: 0:00:42    time: 0.0430  data: 0.0000  max mem: 4847
      ITM Evaluation: [1100/2000]  eta: 0:00:38    time: 0.0404  data: 0.0000  max mem: 4847
      ITM Evaluation: [1200/2000]  eta: 0:00:34    time: 0.0387  data: 0.0000  max mem: 4847
      ITM Evaluation: [1300/2000]  eta: 0:00:29    time: 0.0428  data: 0.0000  max mem: 4847
      ITM Evaluation: [1400/2000]  eta: 0:00:25    time: 0.0445  data: 0.0000  max mem: 4847
      ITM Evaluation: [1500/2000]  eta: 0:00:21    time: 0.0428  data: 0.0000  max mem: 4847
      ITM Evaluation: [1600/2000]  eta: 0:00:17    time: 0.0380  data: 0.0000  max mem: 4847
      ITM Evaluation: [1700/2000]  eta: 0:00:12    time: 0.0442  data: 0.0000  max mem: 4847
      ITM Evaluation: [1800/2000]  eta: 0:00:08    time: 0.0435  data: 0.0000  max mem: 4847
      ITM Evaluation: [1900/2000]  eta: 0:00:04    time: 0.0441  data: 0.0000  max mem: 4847
      ITM Evaluation: [1999/2000]  eta: 0:00:00    time: 0.0415  data: 0.0000  max mem: 4847
      ITM Evaluation: Total time: 0:01:25 (0.0428 s / it)
     total_time 85.61308169364929
     Computing matching score time 0:01:25
### TTA ITM Score: 
+-------+--------+--------+--------+--------+--------+
| epoch |   R1   |   R5   |  R10   |  mAP   |  mINP  |
+-------+--------+--------+--------+--------+--------+
|  -999 | 59.000 | 79.650 | 88.500 | 47.231 | 25.876 |
|  -999 | 66.450 | 85.600 | 90.600 | 50.642 | 25.526 |
|   0   | 66.500 | 85.550 | 90.050 | 50.488 | 25.518 |
|   1   | 64.700 | 84.300 | 89.600 | 49.711 | 25.357 |
|   2   | 58.300 | 82.750 | 88.650 | 46.775 | 23.823 |
|   3   | 59.600 | 81.700 | 88.050 | 46.639 | 23.548 |
|   4   | 58.000 | 82.350 | 88.500 | 46.116 | 23.622 |
|   5   | 57.750 | 82.750 | 89.100 | 46.815 | 24.425 |
|   6   | 58.900 | 81.900 | 88.550 | 46.392 | 23.798 |
|   7   | 54.650 | 82.550 | 89.000 | 45.241 | 24.044 |
|   8   | 55.800 | 80.950 | 88.150 | 45.353 | 23.650 |
|   9   | 57.800 | 81.950 | 88.600 | 46.178 | 24.146 |
|   10  | 55.600 | 82.050 | 88.850 | 45.554 | 23.885 |
|   11  | 56.700 | 82.050 | 89.050 | 46.063 | 23.988 |
|   12  | 57.300 | 81.700 | 88.700 | 46.166 | 23.840 |
|   13  | 56.000 | 81.750 | 89.100 | 45.846 | 23.895 |
|   14  | 55.300 | 81.950 | 88.750 | 45.565 | 23.742 |
|   15  | 55.400 | 81.550 | 88.650 | 45.465 | 23.721 |
|   16  | 56.550 | 82.100 | 88.700 | 45.827 | 23.761 |
|   17  | 55.900 | 81.800 | 88.950 | 45.830 | 23.803 |
|   18  | 55.950 | 81.400 | 88.800 | 45.648 | 23.651 |
|   19  | 55.900 | 81.300 | 88.750 | 45.733 | 23.686 |
|   20  | 55.700 | 81.600 | 88.950 | 45.731 | 23.770 |
|   21  | 56.700 | 81.600 | 88.700 | 45.901 | 23.831 |
|   22  | 57.050 | 81.750 | 88.950 | 46.034 | 23.880 |
|   23  | 57.450 | 81.650 | 89.150 | 46.110 | 23.844 |
|   24  | 56.700 | 81.850 | 88.850 | 45.858 | 23.805 |
|   25  | 56.550 | 81.750 | 88.900 | 45.845 | 23.797 |
|   26  | 56.650 | 81.850 | 88.900 | 45.860 | 23.811 |
|   27  | 56.550 | 81.850 | 88.900 | 45.833 | 23.798 |
+-------+--------+--------+--------+--------+--------+
     logs:  {'epo': 27, 'R1': 56.55, 'R5': 81.85, 'R10': 88.9, 'mAP': 45.833, 'mINP': 23.798, 'lr': 2.6e-05, 'entropy': 0.13092, 'loss': 2.705119}
      TTA Epoch: [28] [ 0/28]  eta: 0:00:19  lr: 0.000022  entropy: 0.1129  loss: 2.7026  time: 0.6793  data: 0.5942  max mem: 4847
      TTA Epoch: [28] [27/28]  eta: 0:00:00  lr: 0.000015  entropy: 0.1634  loss: 2.7133  time: 0.0487  data: 0.0001  max mem: 4847
      TTA Epoch: [28] Total time: 0:00:02 (0.0738 s / it)
     Averaged stats: lr: 0.0000  entropy: 0.1455  loss: 2.7106
     itm tta time 0:00:02
     Computing matching score
      ITM Evaluation: [   0/2000]  eta: 0:01:36    time: 0.0482  data: 0.0024  max mem: 4847
      ITM Evaluation: [ 100/2000]  eta: 0:01:18    time: 0.0428  data: 0.0000  max mem: 4847
      ITM Evaluation: [ 200/2000]  eta: 0:01:15    time: 0.0454  data: 0.0000  max mem: 4847
      ITM Evaluation: [ 300/2000]  eta: 0:01:14    time: 0.0477  data: 0.0000  max mem: 4847
      ITM Evaluation: [ 400/2000]  eta: 0:01:09    time: 0.0440  data: 0.0000  max mem: 4847
      ITM Evaluation: [ 500/2000]  eta: 0:01:05    time: 0.0396  data: 0.0000  max mem: 4847
      ITM Evaluation: [ 600/2000]  eta: 0:01:00    time: 0.0422  data: 0.0000  max mem: 4847
      ITM Evaluation: [ 700/2000]  eta: 0:00:56    time: 0.0436  data: 0.0000  max mem: 4847
      ITM Evaluation: [ 800/2000]  eta: 0:00:51    time: 0.0448  data: 0.0000  max mem: 4847
      ITM Evaluation: [ 900/2000]  eta: 0:00:46    time: 0.0390  data: 0.0000  max mem: 4847
      ITM Evaluation: [1000/2000]  eta: 0:00:42    time: 0.0364  data: 0.0000  max mem: 4847
      ITM Evaluation: [1100/2000]  eta: 0:00:37    time: 0.0427  data: 0.0000  max mem: 4847
      ITM Evaluation: [1200/2000]  eta: 0:00:33    time: 0.0472  data: 0.0000  max mem: 4847
      ITM Evaluation: [1300/2000]  eta: 0:00:29    time: 0.0438  data: 0.0000  max mem: 4847
      ITM Evaluation: [1400/2000]  eta: 0:00:25    time: 0.0469  data: 0.0000  max mem: 4847
      ITM Evaluation: [1500/2000]  eta: 0:00:21    time: 0.0449  data: 0.0000  max mem: 4847
      ITM Evaluation: [1600/2000]  eta: 0:00:17    time: 0.0462  data: 0.0000  max mem: 4847
      ITM Evaluation: [1700/2000]  eta: 0:00:12    time: 0.0411  data: 0.0000  max mem: 4847
      ITM Evaluation: [1800/2000]  eta: 0:00:08    time: 0.0412  data: 0.0000  max mem: 4847
      ITM Evaluation: [1900/2000]  eta: 0:00:04    time: 0.0425  data: 0.0000  max mem: 4847
      ITM Evaluation: [1999/2000]  eta: 0:00:00    time: 0.0425  data: 0.0000  max mem: 4847
      ITM Evaluation: Total time: 0:01:25 (0.0428 s / it)
     total_time 85.52068901062012
     Computing matching score time 0:01:25
### TTA ITM Score: 
+-------+--------+--------+--------+--------+--------+
| epoch |   R1   |   R5   |  R10   |  mAP   |  mINP  |
+-------+--------+--------+--------+--------+--------+
|  -999 | 59.000 | 79.650 | 88.500 | 47.231 | 25.876 |
|  -999 | 66.450 | 85.600 | 90.600 | 50.642 | 25.526 |
|   0   | 66.500 | 85.550 | 90.050 | 50.488 | 25.518 |
|   1   | 64.700 | 84.300 | 89.600 | 49.711 | 25.357 |
|   2   | 58.300 | 82.750 | 88.650 | 46.775 | 23.823 |
|   3   | 59.600 | 81.700 | 88.050 | 46.639 | 23.548 |
|   4   | 58.000 | 82.350 | 88.500 | 46.116 | 23.622 |
|   5   | 57.750 | 82.750 | 89.100 | 46.815 | 24.425 |
|   6   | 58.900 | 81.900 | 88.550 | 46.392 | 23.798 |
|   7   | 54.650 | 82.550 | 89.000 | 45.241 | 24.044 |
|   8   | 55.800 | 80.950 | 88.150 | 45.353 | 23.650 |
|   9   | 57.800 | 81.950 | 88.600 | 46.178 | 24.146 |
|   10  | 55.600 | 82.050 | 88.850 | 45.554 | 23.885 |
|   11  | 56.700 | 82.050 | 89.050 | 46.063 | 23.988 |
|   12  | 57.300 | 81.700 | 88.700 | 46.166 | 23.840 |
|   13  | 56.000 | 81.750 | 89.100 | 45.846 | 23.895 |
|   14  | 55.300 | 81.950 | 88.750 | 45.565 | 23.742 |
|   15  | 55.400 | 81.550 | 88.650 | 45.465 | 23.721 |
|   16  | 56.550 | 82.100 | 88.700 | 45.827 | 23.761 |
|   17  | 55.900 | 81.800 | 88.950 | 45.830 | 23.803 |
|   18  | 55.950 | 81.400 | 88.800 | 45.648 | 23.651 |
|   19  | 55.900 | 81.300 | 88.750 | 45.733 | 23.686 |
|   20  | 55.700 | 81.600 | 88.950 | 45.731 | 23.770 |
|   21  | 56.700 | 81.600 | 88.700 | 45.901 | 23.831 |
|   22  | 57.050 | 81.750 | 88.950 | 46.034 | 23.880 |
|   23  | 57.450 | 81.650 | 89.150 | 46.110 | 23.844 |
|   24  | 56.700 | 81.850 | 88.850 | 45.858 | 23.805 |
|   25  | 56.550 | 81.750 | 88.900 | 45.845 | 23.797 |
|   26  | 56.650 | 81.850 | 88.900 | 45.860 | 23.811 |
|   27  | 56.550 | 81.850 | 88.900 | 45.833 | 23.798 |
|   28  | 56.600 | 81.850 | 88.950 | 45.821 | 23.769 |
+-------+--------+--------+--------+--------+--------+
     logs:  {'epo': 28, 'R1': 56.6, 'R5': 81.85, 'R10': 88.95, 'mAP': 45.821, 'mINP': 23.769, 'lr': 1.9e-05, 'entropy': 0.145462, 'loss': 2.710648}
      TTA Epoch: [29] [ 0/28]  eta: 0:00:20  lr: 0.000015  entropy: 0.0151  loss: 2.6667  time: 0.7325  data: 0.6316  max mem: 4847
      TTA Epoch: [29] [27/28]  eta: 0:00:00  lr: 0.000008  entropy: 0.1218  loss: 2.7015  time: 0.0658  data: 0.0001  max mem: 4847
      TTA Epoch: [29] Total time: 0:00:02 (0.0934 s / it)
     Averaged stats: lr: 0.0000  entropy: 0.1176  loss: 2.7003
     itm tta time 0:00:02
     Computing matching score
      ITM Evaluation: [   0/2000]  eta: 0:02:10    time: 0.0653  data: 0.0023  max mem: 4847
      ITM Evaluation: [ 100/2000]  eta: 0:01:25    time: 0.0428  data: 0.0000  max mem: 4847
      ITM Evaluation: [ 200/2000]  eta: 0:01:19    time: 0.0453  data: 0.0000  max mem: 4847
      ITM Evaluation: [ 300/2000]  eta: 0:01:14    time: 0.0423  data: 0.0000  max mem: 4847
      ITM Evaluation: [ 400/2000]  eta: 0:01:09    time: 0.0435  data: 0.0000  max mem: 4847
      ITM Evaluation: [ 500/2000]  eta: 0:01:05    time: 0.0440  data: 0.0000  max mem: 4847
      ITM Evaluation: [ 600/2000]  eta: 0:01:00    time: 0.0404  data: 0.0000  max mem: 4847
      ITM Evaluation: [ 700/2000]  eta: 0:00:56    time: 0.0405  data: 0.0000  max mem: 4847
      ITM Evaluation: [ 800/2000]  eta: 0:00:51    time: 0.0395  data: 0.0000  max mem: 4847
      ITM Evaluation: [ 900/2000]  eta: 0:00:47    time: 0.0459  data: 0.0000  max mem: 4847
      ITM Evaluation: [1000/2000]  eta: 0:00:43    time: 0.0425  data: 0.0000  max mem: 4847
      ITM Evaluation: [1100/2000]  eta: 0:00:39    time: 0.0415  data: 0.0000  max mem: 4847
      ITM Evaluation: [1200/2000]  eta: 0:00:34    time: 0.0427  data: 0.0000  max mem: 4847
      ITM Evaluation: [1300/2000]  eta: 0:00:30    time: 0.0476  data: 0.0000  max mem: 4847
      ITM Evaluation: [1400/2000]  eta: 0:00:25    time: 0.0404  data: 0.0000  max mem: 4847
      ITM Evaluation: [1500/2000]  eta: 0:00:21    time: 0.0413  data: 0.0000  max mem: 4847
      ITM Evaluation: [1600/2000]  eta: 0:00:17    time: 0.0454  data: 0.0000  max mem: 4847
      ITM Evaluation: [1700/2000]  eta: 0:00:12    time: 0.0419  data: 0.0000  max mem: 4847
      ITM Evaluation: [1800/2000]  eta: 0:00:08    time: 0.0471  data: 0.0000  max mem: 4847
      ITM Evaluation: [1900/2000]  eta: 0:00:04    time: 0.0396  data: 0.0000  max mem: 4847
      ITM Evaluation: [1999/2000]  eta: 0:00:00    time: 0.0422  data: 0.0000  max mem: 4847
      ITM Evaluation: Total time: 0:01:26 (0.0432 s / it)
     total_time 86.31945514678955
     Computing matching score time 0:01:26
### TTA ITM Score: 
+-------+--------+--------+--------+--------+--------+
| epoch |   R1   |   R5   |  R10   |  mAP   |  mINP  |
+-------+--------+--------+--------+--------+--------+
|  -999 | 59.000 | 79.650 | 88.500 | 47.231 | 25.876 |
|  -999 | 66.450 | 85.600 | 90.600 | 50.642 | 25.526 |
|   0   | 66.500 | 85.550 | 90.050 | 50.488 | 25.518 |
|   1   | 64.700 | 84.300 | 89.600 | 49.711 | 25.357 |
|   2   | 58.300 | 82.750 | 88.650 | 46.775 | 23.823 |
|   3   | 59.600 | 81.700 | 88.050 | 46.639 | 23.548 |
|   4   | 58.000 | 82.350 | 88.500 | 46.116 | 23.622 |
|   5   | 57.750 | 82.750 | 89.100 | 46.815 | 24.425 |
|   6   | 58.900 | 81.900 | 88.550 | 46.392 | 23.798 |
|   7   | 54.650 | 82.550 | 89.000 | 45.241 | 24.044 |
|   8   | 55.800 | 80.950 | 88.150 | 45.353 | 23.650 |
|   9   | 57.800 | 81.950 | 88.600 | 46.178 | 24.146 |
|   10  | 55.600 | 82.050 | 88.850 | 45.554 | 23.885 |
|   11  | 56.700 | 82.050 | 89.050 | 46.063 | 23.988 |
|   12  | 57.300 | 81.700 | 88.700 | 46.166 | 23.840 |
|   13  | 56.000 | 81.750 | 89.100 | 45.846 | 23.895 |
|   14  | 55.300 | 81.950 | 88.750 | 45.565 | 23.742 |
|   15  | 55.400 | 81.550 | 88.650 | 45.465 | 23.721 |
|   16  | 56.550 | 82.100 | 88.700 | 45.827 | 23.761 |
|   17  | 55.900 | 81.800 | 88.950 | 45.830 | 23.803 |
|   18  | 55.950 | 81.400 | 88.800 | 45.648 | 23.651 |
|   19  | 55.900 | 81.300 | 88.750 | 45.733 | 23.686 |
|   20  | 55.700 | 81.600 | 88.950 | 45.731 | 23.770 |
|   21  | 56.700 | 81.600 | 88.700 | 45.901 | 23.831 |
|   22  | 57.050 | 81.750 | 88.950 | 46.034 | 23.880 |
|   23  | 57.450 | 81.650 | 89.150 | 46.110 | 23.844 |
|   24  | 56.700 | 81.850 | 88.850 | 45.858 | 23.805 |
|   25  | 56.550 | 81.750 | 88.900 | 45.845 | 23.797 |
|   26  | 56.650 | 81.850 | 88.900 | 45.860 | 23.811 |
|   27  | 56.550 | 81.850 | 88.900 | 45.833 | 23.798 |
|   28  | 56.600 | 81.850 | 88.950 | 45.821 | 23.769 |
|   29  | 56.650 | 81.850 | 88.950 | 45.813 | 23.757 |
+-------+--------+--------+--------+--------+--------+
     logs:  {'epo': 29, 'R1': 56.65, 'R5': 81.85, 'R10': 88.95, 'mAP': 45.813, 'mINP': 23.757, 'lr': 1.1e-05, 'entropy': 0.117556, 'loss': 2.700256}
### best epoch 0 : {'epo': '0', 'R1': '66.5', 'R5': '85.55', 'R10': '90.05', 'mAP': '50.488', 'mINP': '25.518', 'lr': '0.000145', 'entropy': '1.472867', 'loss': '3.209936'}
### Time 0:44:10
