Not using distributed mode
### Hyper-parameters:
     seed: 42
     device: cuda
     output_dir: output/ft_rstp/tta/tta_exp2.5
     batch_size_tta: 16
     epochs: 30
     lr: 0.001
### Creating model
use_swin
load checkpoint from checkpoints/ft_rstp/checkpoint_best.pth
missing_keys:  []
vision_encoder missing_keys:  []
unexpected_keys:  []
     Total Params Sum:  214456629
### Creating test dataset
     test_dataset: 1000
### Creating test dataloader
### be careful: func create_loader returns a list length of 1
     test_loader: 7
### Inference ITC similiarity matrix
     Computing text features for evaluation
     Computing image features for evaluation
/home/jiahao/task/APTM/reTools.py:308: UserWarning: To copy construct from a tensor, it is recommended to use sourceTensor.clone().detach() or sourceTensor.clone().detach().requires_grad_(True), rather than torch.tensor(sourceTensor).
  similarity = torch.tensor(scores_t2i)
     Computing features time 0:00:04
### Zero-Shot ITC Score: 
+-------+--------+--------+--------+--------+--------+
| epoch |   R1   |   R5   |  R10   |  mAP   |  mINP  |
+-------+--------+--------+--------+--------+--------+
|  -999 | 59.000 | 79.650 | 88.500 | 47.231 | 25.876 |
+-------+--------+--------+--------+--------+--------+
     Computing matching score
      ITM Evaluation: [   0/2000]  eta: 0:01:46    time: 0.0532  data: 0.0022  max mem: 4847
      ITM Evaluation: [ 100/2000]  eta: 0:01:24    time: 0.0432  data: 0.0000  max mem: 4847
      ITM Evaluation: [ 200/2000]  eta: 0:01:18    time: 0.0421  data: 0.0000  max mem: 4847
      ITM Evaluation: [ 300/2000]  eta: 0:01:14    time: 0.0453  data: 0.0000  max mem: 4847
      ITM Evaluation: [ 400/2000]  eta: 0:01:10    time: 0.0456  data: 0.0000  max mem: 4847
      ITM Evaluation: [ 500/2000]  eta: 0:01:06    time: 0.0455  data: 0.0000  max mem: 4847
      ITM Evaluation: [ 600/2000]  eta: 0:01:01    time: 0.0447  data: 0.0000  max mem: 4847
      ITM Evaluation: [ 700/2000]  eta: 0:00:57    time: 0.0446  data: 0.0000  max mem: 4847
      ITM Evaluation: [ 800/2000]  eta: 0:00:53    time: 0.0463  data: 0.0000  max mem: 4847
      ITM Evaluation: [ 900/2000]  eta: 0:00:48    time: 0.0469  data: 0.0000  max mem: 4847
      ITM Evaluation: [1000/2000]  eta: 0:00:44    time: 0.0433  data: 0.0000  max mem: 4847
      ITM Evaluation: [1100/2000]  eta: 0:00:39    time: 0.0419  data: 0.0000  max mem: 4847
      ITM Evaluation: [1200/2000]  eta: 0:00:35    time: 0.0430  data: 0.0000  max mem: 4847
      ITM Evaluation: [1300/2000]  eta: 0:00:30    time: 0.0409  data: 0.0000  max mem: 4847
      ITM Evaluation: [1400/2000]  eta: 0:00:26    time: 0.0422  data: 0.0000  max mem: 4847
      ITM Evaluation: [1500/2000]  eta: 0:00:21    time: 0.0466  data: 0.0000  max mem: 4847
      ITM Evaluation: [1600/2000]  eta: 0:00:17    time: 0.0445  data: 0.0000  max mem: 4847
      ITM Evaluation: [1700/2000]  eta: 0:00:13    time: 0.0340  data: 0.0000  max mem: 4847
      ITM Evaluation: [1800/2000]  eta: 0:00:08    time: 0.0389  data: 0.0000  max mem: 4847
      ITM Evaluation: [1900/2000]  eta: 0:00:04    time: 0.0419  data: 0.0000  max mem: 4847
      ITM Evaluation: [1999/2000]  eta: 0:00:00    time: 0.0432  data: 0.0000  max mem: 4847
      ITM Evaluation: Total time: 0:01:26 (0.0432 s / it)
     total_time 86.35172629356384
     Computing matching score time 0:01:26
### Zero-Shot ITM Score: 
+-------+--------+--------+--------+--------+--------+
| epoch |   R1   |   R5   |  R10   |  mAP   |  mINP  |
+-------+--------+--------+--------+--------+--------+
|  -999 | 59.000 | 79.650 | 88.500 | 47.231 | 25.876 |
|  -999 | 66.450 | 85.600 | 90.600 | 50.642 | 25.526 |
+-------+--------+--------+--------+--------+--------+
### TTA:
### Compute ITC Uncertainty
     preprocess_tta_coefficients  start
     sample selection ...
     number of sample after sample_selection: 455
     uncertainty ...
     preprocess_tta_coefficients  end
### Creating tta dataset
     tta_dataset: 455
### Creating tta dataloader
### be careful: func create_loader returns a list length of 1
     tta_loader: 28
### Configure adapted weights
     TTA Dropout Modules: 
 [('vision_encoder.pos_drop', Dropout(p=0.0, inplace=False), True), ('vision_encoder.layers.0.blocks.0.attn.attn_drop', Dropout(p=0.0, inplace=False), True), ('vision_encoder.layers.0.blocks.0.attn.proj_drop', Dropout(p=0.0, inplace=False), True), ('vision_encoder.layers.0.blocks.0.mlp.drop', Dropout(p=0.0, inplace=False), True), ('vision_encoder.layers.0.blocks.1.attn.attn_drop', Dropout(p=0.0, inplace=False), True), ('vision_encoder.layers.0.blocks.1.attn.proj_drop', Dropout(p=0.0, inplace=False), True), ('vision_encoder.layers.0.blocks.1.mlp.drop', Dropout(p=0.0, inplace=False), True), ('vision_encoder.layers.1.blocks.0.attn.attn_drop', Dropout(p=0.0, inplace=False), True), ('vision_encoder.layers.1.blocks.0.attn.proj_drop', Dropout(p=0.0, inplace=False), True), ('vision_encoder.layers.1.blocks.0.mlp.drop', Dropout(p=0.0, inplace=False), True), ('vision_encoder.layers.1.blocks.1.attn.attn_drop', Dropout(p=0.0, inplace=False), True), ('vision_encoder.layers.1.blocks.1.attn.proj_drop', Dropout(p=0.0, inplace=False), True), ('vision_encoder.layers.1.blocks.1.mlp.drop', Dropout(p=0.0, inplace=False), True), ('vision_encoder.layers.2.blocks.0.attn.attn_drop', Dropout(p=0.0, inplace=False), True), ('vision_encoder.layers.2.blocks.0.attn.proj_drop', Dropout(p=0.0, inplace=False), True), ('vision_encoder.layers.2.blocks.0.mlp.drop', Dropout(p=0.0, inplace=False), True), ('vision_encoder.layers.2.blocks.1.attn.attn_drop', Dropout(p=0.0, inplace=False), True), ('vision_encoder.layers.2.blocks.1.attn.proj_drop', Dropout(p=0.0, inplace=False), True), ('vision_encoder.layers.2.blocks.1.mlp.drop', Dropout(p=0.0, inplace=False), True), ('vision_encoder.layers.2.blocks.2.attn.attn_drop', Dropout(p=0.0, inplace=False), True), ('vision_encoder.layers.2.blocks.2.attn.proj_drop', Dropout(p=0.0, inplace=False), True), ('vision_encoder.layers.2.blocks.2.mlp.drop', Dropout(p=0.0, inplace=False), True), ('vision_encoder.layers.2.blocks.3.attn.attn_drop', Dropout(p=0.0, inplace=False), True), ('vision_encoder.layers.2.blocks.3.attn.proj_drop', Dropout(p=0.0, inplace=False), True), ('vision_encoder.layers.2.blocks.3.mlp.drop', Dropout(p=0.0, inplace=False), True), ('vision_encoder.layers.2.blocks.4.attn.attn_drop', Dropout(p=0.0, inplace=False), True), ('vision_encoder.layers.2.blocks.4.attn.proj_drop', Dropout(p=0.0, inplace=False), True), ('vision_encoder.layers.2.blocks.4.mlp.drop', Dropout(p=0.0, inplace=False), True), ('vision_encoder.layers.2.blocks.5.attn.attn_drop', Dropout(p=0.0, inplace=False), True), ('vision_encoder.layers.2.blocks.5.attn.proj_drop', Dropout(p=0.0, inplace=False), True), ('vision_encoder.layers.2.blocks.5.mlp.drop', Dropout(p=0.0, inplace=False), True), ('vision_encoder.layers.2.blocks.6.attn.attn_drop', Dropout(p=0.0, inplace=False), True), ('vision_encoder.layers.2.blocks.6.attn.proj_drop', Dropout(p=0.0, inplace=False), True), ('vision_encoder.layers.2.blocks.6.mlp.drop', Dropout(p=0.0, inplace=False), True), ('vision_encoder.layers.2.blocks.7.attn.attn_drop', Dropout(p=0.0, inplace=False), True), ('vision_encoder.layers.2.blocks.7.attn.proj_drop', Dropout(p=0.0, inplace=False), True), ('vision_encoder.layers.2.blocks.7.mlp.drop', Dropout(p=0.0, inplace=False), True), ('vision_encoder.layers.2.blocks.8.attn.attn_drop', Dropout(p=0.0, inplace=False), True), ('vision_encoder.layers.2.blocks.8.attn.proj_drop', Dropout(p=0.0, inplace=False), True), ('vision_encoder.layers.2.blocks.8.mlp.drop', Dropout(p=0.0, inplace=False), True), ('vision_encoder.layers.2.blocks.9.attn.attn_drop', Dropout(p=0.0, inplace=False), True), ('vision_encoder.layers.2.blocks.9.attn.proj_drop', Dropout(p=0.0, inplace=False), True), ('vision_encoder.layers.2.blocks.9.mlp.drop', Dropout(p=0.0, inplace=False), True), ('vision_encoder.layers.2.blocks.10.attn.attn_drop', Dropout(p=0.0, inplace=False), True), ('vision_encoder.layers.2.blocks.10.attn.proj_drop', Dropout(p=0.0, inplace=False), True), ('vision_encoder.layers.2.blocks.10.mlp.drop', Dropout(p=0.0, inplace=False), True), ('vision_encoder.layers.2.blocks.11.attn.attn_drop', Dropout(p=0.0, inplace=False), True), ('vision_encoder.layers.2.blocks.11.attn.proj_drop', Dropout(p=0.0, inplace=False), True), ('vision_encoder.layers.2.blocks.11.mlp.drop', Dropout(p=0.0, inplace=False), True), ('vision_encoder.layers.2.blocks.12.attn.attn_drop', Dropout(p=0.0, inplace=False), True), ('vision_encoder.layers.2.blocks.12.attn.proj_drop', Dropout(p=0.0, inplace=False), True), ('vision_encoder.layers.2.blocks.12.mlp.drop', Dropout(p=0.0, inplace=False), True), ('vision_encoder.layers.2.blocks.13.attn.attn_drop', Dropout(p=0.0, inplace=False), True), ('vision_encoder.layers.2.blocks.13.attn.proj_drop', Dropout(p=0.0, inplace=False), True), ('vision_encoder.layers.2.blocks.13.mlp.drop', Dropout(p=0.0, inplace=False), True), ('vision_encoder.layers.2.blocks.14.attn.attn_drop', Dropout(p=0.0, inplace=False), True), ('vision_encoder.layers.2.blocks.14.attn.proj_drop', Dropout(p=0.0, inplace=False), True), ('vision_encoder.layers.2.blocks.14.mlp.drop', Dropout(p=0.0, inplace=False), True), ('vision_encoder.layers.2.blocks.15.attn.attn_drop', Dropout(p=0.0, inplace=False), True), ('vision_encoder.layers.2.blocks.15.attn.proj_drop', Dropout(p=0.0, inplace=False), True), ('vision_encoder.layers.2.blocks.15.mlp.drop', Dropout(p=0.0, inplace=False), True), ('vision_encoder.layers.2.blocks.16.attn.attn_drop', Dropout(p=0.0, inplace=False), True), ('vision_encoder.layers.2.blocks.16.attn.proj_drop', Dropout(p=0.0, inplace=False), True), ('vision_encoder.layers.2.blocks.16.mlp.drop', Dropout(p=0.0, inplace=False), True), ('vision_encoder.layers.2.blocks.17.attn.attn_drop', Dropout(p=0.0, inplace=False), True), ('vision_encoder.layers.2.blocks.17.attn.proj_drop', Dropout(p=0.0, inplace=False), True), ('vision_encoder.layers.2.blocks.17.mlp.drop', Dropout(p=0.0, inplace=False), True), ('vision_encoder.layers.3.blocks.0.attn.attn_drop', Dropout(p=0.0, inplace=False), True), ('vision_encoder.layers.3.blocks.0.attn.proj_drop', Dropout(p=0.0, inplace=False), True), ('vision_encoder.layers.3.blocks.0.mlp.drop', Dropout(p=0.0, inplace=False), True), ('vision_encoder.layers.3.blocks.1.attn.attn_drop', Dropout(p=0.0, inplace=False), True), ('vision_encoder.layers.3.blocks.1.attn.proj_drop', Dropout(p=0.0, inplace=False), True), ('vision_encoder.layers.3.blocks.1.mlp.drop', Dropout(p=0.0, inplace=False), True), ('text_encoder.bert.embeddings.dropout', Dropout(p=0.1, inplace=False), True), ('text_encoder.bert.encoder.layer.0.attention.self.dropout', Dropout(p=0.1, inplace=False), True), ('text_encoder.bert.encoder.layer.0.attention.output.dropout', Dropout(p=0.1, inplace=False), True), ('text_encoder.bert.encoder.layer.0.output.dropout', Dropout(p=0.1, inplace=False), True), ('text_encoder.bert.encoder.layer.1.attention.self.dropout', Dropout(p=0.1, inplace=False), True), ('text_encoder.bert.encoder.layer.1.attention.output.dropout', Dropout(p=0.1, inplace=False), True), ('text_encoder.bert.encoder.layer.1.output.dropout', Dropout(p=0.1, inplace=False), True), ('text_encoder.bert.encoder.layer.2.attention.self.dropout', Dropout(p=0.1, inplace=False), True), ('text_encoder.bert.encoder.layer.2.attention.output.dropout', Dropout(p=0.1, inplace=False), True), ('text_encoder.bert.encoder.layer.2.output.dropout', Dropout(p=0.1, inplace=False), True), ('text_encoder.bert.encoder.layer.3.attention.self.dropout', Dropout(p=0.1, inplace=False), True), ('text_encoder.bert.encoder.layer.3.attention.output.dropout', Dropout(p=0.1, inplace=False), True), ('text_encoder.bert.encoder.layer.3.output.dropout', Dropout(p=0.1, inplace=False), True), ('text_encoder.bert.encoder.layer.4.attention.self.dropout', Dropout(p=0.1, inplace=False), True), ('text_encoder.bert.encoder.layer.4.attention.output.dropout', Dropout(p=0.1, inplace=False), True), ('text_encoder.bert.encoder.layer.4.output.dropout', Dropout(p=0.1, inplace=False), True), ('text_encoder.bert.encoder.layer.5.attention.self.dropout', Dropout(p=0.1, inplace=False), True), ('text_encoder.bert.encoder.layer.5.attention.output.dropout', Dropout(p=0.1, inplace=False), True), ('text_encoder.bert.encoder.layer.5.output.dropout', Dropout(p=0.1, inplace=False), True), ('text_encoder.bert.encoder.layer.6.attention.self.dropout', Dropout(p=0.1, inplace=False), True), ('text_encoder.bert.encoder.layer.6.attention.output.dropout', Dropout(p=0.1, inplace=False), True), ('text_encoder.bert.encoder.layer.6.crossattention.self.dropout', Dropout(p=0.1, inplace=False), True), ('text_encoder.bert.encoder.layer.6.crossattention.output.dropout', Dropout(p=0.1, inplace=False), True), ('text_encoder.bert.encoder.layer.6.output.dropout', Dropout(p=0.1, inplace=False), True), ('text_encoder.bert.encoder.layer.7.attention.self.dropout', Dropout(p=0.1, inplace=False), True), ('text_encoder.bert.encoder.layer.7.attention.output.dropout', Dropout(p=0.1, inplace=False), True), ('text_encoder.bert.encoder.layer.7.crossattention.self.dropout', Dropout(p=0.1, inplace=False), True), ('text_encoder.bert.encoder.layer.7.crossattention.output.dropout', Dropout(p=0.1, inplace=False), True), ('text_encoder.bert.encoder.layer.7.output.dropout', Dropout(p=0.1, inplace=False), True), ('text_encoder.bert.encoder.layer.8.attention.self.dropout', Dropout(p=0.1, inplace=False), True), ('text_encoder.bert.encoder.layer.8.attention.output.dropout', Dropout(p=0.1, inplace=False), True), ('text_encoder.bert.encoder.layer.8.crossattention.self.dropout', Dropout(p=0.1, inplace=False), True), ('text_encoder.bert.encoder.layer.8.crossattention.output.dropout', Dropout(p=0.1, inplace=False), True), ('text_encoder.bert.encoder.layer.8.output.dropout', Dropout(p=0.1, inplace=False), True), ('text_encoder.bert.encoder.layer.9.attention.self.dropout', Dropout(p=0.1, inplace=False), True), ('text_encoder.bert.encoder.layer.9.attention.output.dropout', Dropout(p=0.1, inplace=False), True), ('text_encoder.bert.encoder.layer.9.crossattention.self.dropout', Dropout(p=0.1, inplace=False), True), ('text_encoder.bert.encoder.layer.9.crossattention.output.dropout', Dropout(p=0.1, inplace=False), True), ('text_encoder.bert.encoder.layer.9.output.dropout', Dropout(p=0.1, inplace=False), True), ('text_encoder.bert.encoder.layer.10.attention.self.dropout', Dropout(p=0.1, inplace=False), True), ('text_encoder.bert.encoder.layer.10.attention.output.dropout', Dropout(p=0.1, inplace=False), True), ('text_encoder.bert.encoder.layer.10.crossattention.self.dropout', Dropout(p=0.1, inplace=False), True), ('text_encoder.bert.encoder.layer.10.crossattention.output.dropout', Dropout(p=0.1, inplace=False), True), ('text_encoder.bert.encoder.layer.10.output.dropout', Dropout(p=0.1, inplace=False), True), ('text_encoder.bert.encoder.layer.11.attention.self.dropout', Dropout(p=0.1, inplace=False), True), ('text_encoder.bert.encoder.layer.11.attention.output.dropout', Dropout(p=0.1, inplace=False), True), ('text_encoder.bert.encoder.layer.11.crossattention.self.dropout', Dropout(p=0.1, inplace=False), True), ('text_encoder.bert.encoder.layer.11.crossattention.output.dropout', Dropout(p=0.1, inplace=False), True), ('text_encoder.bert.encoder.layer.11.output.dropout', Dropout(p=0.1, inplace=False), True)]
     TTA Require Gradient Params: 
 [('text_encoder.bert.embeddings.LayerNorm.weight', torch.Size([768])), ('text_encoder.bert.embeddings.LayerNorm.bias', torch.Size([768])), ('text_encoder.bert.encoder.layer.6.attention.output.LayerNorm.weight', torch.Size([768])), ('text_encoder.bert.encoder.layer.6.attention.output.LayerNorm.bias', torch.Size([768])), ('text_encoder.bert.encoder.layer.6.crossattention.output.LayerNorm.weight', torch.Size([768])), ('text_encoder.bert.encoder.layer.6.crossattention.output.LayerNorm.bias', torch.Size([768])), ('text_encoder.bert.encoder.layer.6.output.LayerNorm.weight', torch.Size([768])), ('text_encoder.bert.encoder.layer.6.output.LayerNorm.bias', torch.Size([768])), ('text_encoder.bert.encoder.layer.7.attention.output.LayerNorm.weight', torch.Size([768])), ('text_encoder.bert.encoder.layer.7.attention.output.LayerNorm.bias', torch.Size([768])), ('text_encoder.bert.encoder.layer.7.crossattention.output.LayerNorm.weight', torch.Size([768])), ('text_encoder.bert.encoder.layer.7.crossattention.output.LayerNorm.bias', torch.Size([768])), ('text_encoder.bert.encoder.layer.7.output.LayerNorm.weight', torch.Size([768])), ('text_encoder.bert.encoder.layer.7.output.LayerNorm.bias', torch.Size([768])), ('text_encoder.bert.encoder.layer.8.attention.output.LayerNorm.weight', torch.Size([768])), ('text_encoder.bert.encoder.layer.8.attention.output.LayerNorm.bias', torch.Size([768])), ('text_encoder.bert.encoder.layer.8.crossattention.output.LayerNorm.weight', torch.Size([768])), ('text_encoder.bert.encoder.layer.8.crossattention.output.LayerNorm.bias', torch.Size([768])), ('text_encoder.bert.encoder.layer.8.output.LayerNorm.weight', torch.Size([768])), ('text_encoder.bert.encoder.layer.8.output.LayerNorm.bias', torch.Size([768])), ('text_encoder.bert.encoder.layer.9.attention.output.LayerNorm.weight', torch.Size([768])), ('text_encoder.bert.encoder.layer.9.attention.output.LayerNorm.bias', torch.Size([768])), ('text_encoder.bert.encoder.layer.9.crossattention.output.LayerNorm.weight', torch.Size([768])), ('text_encoder.bert.encoder.layer.9.crossattention.output.LayerNorm.bias', torch.Size([768])), ('text_encoder.bert.encoder.layer.9.output.LayerNorm.weight', torch.Size([768])), ('text_encoder.bert.encoder.layer.9.output.LayerNorm.bias', torch.Size([768])), ('text_encoder.bert.encoder.layer.10.attention.output.LayerNorm.weight', torch.Size([768])), ('text_encoder.bert.encoder.layer.10.attention.output.LayerNorm.bias', torch.Size([768])), ('text_encoder.bert.encoder.layer.10.crossattention.output.LayerNorm.weight', torch.Size([768])), ('text_encoder.bert.encoder.layer.10.crossattention.output.LayerNorm.bias', torch.Size([768])), ('text_encoder.bert.encoder.layer.10.output.LayerNorm.weight', torch.Size([768])), ('text_encoder.bert.encoder.layer.10.output.LayerNorm.bias', torch.Size([768])), ('text_encoder.bert.encoder.layer.11.attention.output.LayerNorm.weight', torch.Size([768])), ('text_encoder.bert.encoder.layer.11.attention.output.LayerNorm.bias', torch.Size([768])), ('text_encoder.bert.encoder.layer.11.crossattention.output.LayerNorm.weight', torch.Size([768])), ('text_encoder.bert.encoder.layer.11.crossattention.output.LayerNorm.bias', torch.Size([768])), ('text_encoder.bert.encoder.layer.11.output.LayerNorm.weight', torch.Size([768])), ('text_encoder.bert.encoder.layer.11.output.LayerNorm.bias', torch.Size([768])), ('text_encoder.cls.predictions.transform.LayerNorm.weight', torch.Size([768])), ('text_encoder.cls.predictions.transform.LayerNorm.bias', torch.Size([768])), ('itm_head.1.weight', torch.Size([1536])), ('itm_head.1.bias', torch.Size([1536]))]
     TTA Dropout Modules Number: 
 122
     TTA Require Gradient Params Sum: 
 33792
     lr:  0.001    lr_mult:  2
     model has 'init_params',  363
     num_tta_steps:  870
     num_warmup_steps:  100
     sched: step
### Start ITM Test Time Adaptation
      TTA Epoch: [0] [ 0/28]  eta: 0:00:22  lr: 0.000010  entropy: 1.5582  loss: 2.7460  time: 0.7935  data: 0.6116  max mem: 4847
      TTA Epoch: [0] [27/28]  eta: 0:00:00  lr: 0.000280  entropy: 1.4413  loss: 2.7022  time: 0.0487  data: 0.0001  max mem: 4847
      TTA Epoch: [0] Total time: 0:00:02 (0.0802 s / it)
     Averaged stats: lr: 0.0001  entropy: 1.4734  loss: 2.7312
     itm tta time 0:00:02
     Computing matching score
      ITM Evaluation: [   0/2000]  eta: 0:02:07    time: 0.0637  data: 0.0021  max mem: 4847
      ITM Evaluation: [ 100/2000]  eta: 0:01:39    time: 0.0518  data: 0.0000  max mem: 4847
      ITM Evaluation: [ 200/2000]  eta: 0:01:32    time: 0.0496  data: 0.0000  max mem: 4847
      ITM Evaluation: [ 300/2000]  eta: 0:01:27    time: 0.0524  data: 0.0000  max mem: 4847
      ITM Evaluation: [ 400/2000]  eta: 0:01:21    time: 0.0489  data: 0.0000  max mem: 4847
      ITM Evaluation: [ 500/2000]  eta: 0:01:15    time: 0.0513  data: 0.0000  max mem: 4847
      ITM Evaluation: [ 600/2000]  eta: 0:01:10    time: 0.0503  data: 0.0000  max mem: 4847
      ITM Evaluation: [ 700/2000]  eta: 0:01:05    time: 0.0503  data: 0.0000  max mem: 4847
      ITM Evaluation: [ 800/2000]  eta: 0:01:00    time: 0.0490  data: 0.0000  max mem: 4847
      ITM Evaluation: [ 900/2000]  eta: 0:00:55    time: 0.0555  data: 0.0000  max mem: 4847
      ITM Evaluation: [1000/2000]  eta: 0:00:50    time: 0.0428  data: 0.0000  max mem: 4847
      ITM Evaluation: [1100/2000]  eta: 0:00:44    time: 0.0441  data: 0.0000  max mem: 4847
      ITM Evaluation: [1200/2000]  eta: 0:00:39    time: 0.0438  data: 0.0000  max mem: 4847
      ITM Evaluation: [1300/2000]  eta: 0:00:34    time: 0.0438  data: 0.0000  max mem: 4847
      ITM Evaluation: [1400/2000]  eta: 0:00:29    time: 0.0423  data: 0.0000  max mem: 4847
      ITM Evaluation: [1500/2000]  eta: 0:00:24    time: 0.0480  data: 0.0000  max mem: 4847
      ITM Evaluation: [1600/2000]  eta: 0:00:19    time: 0.0454  data: 0.0000  max mem: 4847
      ITM Evaluation: [1700/2000]  eta: 0:00:14    time: 0.0459  data: 0.0000  max mem: 4847
      ITM Evaluation: [1800/2000]  eta: 0:00:09    time: 0.0433  data: 0.0000  max mem: 4847
      ITM Evaluation: [1900/2000]  eta: 0:00:04    time: 0.0390  data: 0.0000  max mem: 4847
      ITM Evaluation: [1999/2000]  eta: 0:00:00    time: 0.0373  data: 0.0000  max mem: 4847
      ITM Evaluation: Total time: 0:01:33 (0.0468 s / it)
     total_time 93.71137118339539
     Computing matching score time 0:01:33
### TTA ITM Score: 
+-------+--------+--------+--------+--------+--------+
| epoch |   R1   |   R5   |  R10   |  mAP   |  mINP  |
+-------+--------+--------+--------+--------+--------+
|  -999 | 59.000 | 79.650 | 88.500 | 47.231 | 25.876 |
|  -999 | 66.450 | 85.600 | 90.600 | 50.642 | 25.526 |
|   0   | 66.450 | 85.550 | 90.050 | 50.447 | 25.481 |
+-------+--------+--------+--------+--------+--------+
     logs:  {'epo': 0, 'R1': 66.45, 'R5': 85.55, 'R10': 90.05, 'mAP': 50.447, 'mINP': 25.481, 'lr': 0.000145, 'entropy': 1.473355, 'loss': 2.731168}
      TTA Epoch: [1] [ 0/28]  eta: 0:00:20  lr: 0.000290  entropy: 1.3444  loss: 2.6297  time: 0.7367  data: 0.6359  max mem: 4847
      TTA Epoch: [1] [27/28]  eta: 0:00:00  lr: 0.000560  entropy: 0.7227  loss: 2.3887  time: 0.0470  data: 0.0001  max mem: 4847
      TTA Epoch: [1] Total time: 0:00:02 (0.0734 s / it)
     Averaged stats: lr: 0.0004  entropy: 1.1608  loss: 2.5666
     itm tta time 0:00:02
     Computing matching score
      ITM Evaluation: [   0/2000]  eta: 0:01:23    time: 0.0417  data: 0.0023  max mem: 4847
      ITM Evaluation: [ 100/2000]  eta: 0:01:17    time: 0.0403  data: 0.0000  max mem: 4847
      ITM Evaluation: [ 200/2000]  eta: 0:01:15    time: 0.0442  data: 0.0000  max mem: 4847
      ITM Evaluation: [ 300/2000]  eta: 0:01:11    time: 0.0435  data: 0.0000  max mem: 4847
      ITM Evaluation: [ 400/2000]  eta: 0:01:07    time: 0.0429  data: 0.0000  max mem: 4847
      ITM Evaluation: [ 500/2000]  eta: 0:01:02    time: 0.0416  data: 0.0000  max mem: 4847
      ITM Evaluation: [ 600/2000]  eta: 0:00:58    time: 0.0409  data: 0.0000  max mem: 4847
      ITM Evaluation: [ 700/2000]  eta: 0:00:54    time: 0.0461  data: 0.0000  max mem: 4847
      ITM Evaluation: [ 800/2000]  eta: 0:00:50    time: 0.0412  data: 0.0000  max mem: 4847
      ITM Evaluation: [ 900/2000]  eta: 0:00:46    time: 0.0394  data: 0.0000  max mem: 4847
      ITM Evaluation: [1000/2000]  eta: 0:00:41    time: 0.0416  data: 0.0000  max mem: 4847
      ITM Evaluation: [1100/2000]  eta: 0:00:37    time: 0.0406  data: 0.0000  max mem: 4847
      ITM Evaluation: [1200/2000]  eta: 0:00:33    time: 0.0402  data: 0.0000  max mem: 4847
      ITM Evaluation: [1300/2000]  eta: 0:00:29    time: 0.0412  data: 0.0000  max mem: 4847
      ITM Evaluation: [1400/2000]  eta: 0:00:24    time: 0.0422  data: 0.0000  max mem: 4847
      ITM Evaluation: [1500/2000]  eta: 0:00:20    time: 0.0398  data: 0.0000  max mem: 4847
      ITM Evaluation: [1600/2000]  eta: 0:00:16    time: 0.0448  data: 0.0000  max mem: 4847
      ITM Evaluation: [1700/2000]  eta: 0:00:12    time: 0.0407  data: 0.0000  max mem: 4847
      ITM Evaluation: [1800/2000]  eta: 0:00:08    time: 0.0398  data: 0.0000  max mem: 4847
      ITM Evaluation: [1900/2000]  eta: 0:00:04    time: 0.0412  data: 0.0000  max mem: 4847
      ITM Evaluation: [1999/2000]  eta: 0:00:00    time: 0.0408  data: 0.0000  max mem: 4847
      ITM Evaluation: Total time: 0:01:23 (0.0415 s / it)
     total_time 83.09735345840454
     Computing matching score time 0:01:23
### TTA ITM Score: 
+-------+--------+--------+--------+--------+--------+
| epoch |   R1   |   R5   |  R10   |  mAP   |  mINP  |
+-------+--------+--------+--------+--------+--------+
|  -999 | 59.000 | 79.650 | 88.500 | 47.231 | 25.876 |
|  -999 | 66.450 | 85.600 | 90.600 | 50.642 | 25.526 |
|   0   | 66.450 | 85.550 | 90.050 | 50.447 | 25.481 |
|   1   | 64.800 | 84.250 | 89.400 | 49.611 | 25.253 |
+-------+--------+--------+--------+--------+--------+
     logs:  {'epo': 1, 'R1': 64.8, 'R5': 84.25, 'R10': 89.4, 'mAP': 49.611, 'mINP': 25.253, 'lr': 0.000425, 'entropy': 1.16084, 'loss': 2.566622}
      TTA Epoch: [2] [ 0/28]  eta: 0:00:19  lr: 0.000570  entropy: 0.9290  loss: 2.4442  time: 0.7116  data: 0.6253  max mem: 4847
      TTA Epoch: [2] [27/28]  eta: 0:00:00  lr: 0.000840  entropy: 0.3600  loss: 2.1228  time: 0.0450  data: 0.0001  max mem: 4847
      TTA Epoch: [2] Total time: 0:00:01 (0.0713 s / it)
     Averaged stats: lr: 0.0007  entropy: 0.7705  loss: 2.3764
     itm tta time 0:00:02
     Computing matching score
      ITM Evaluation: [   0/2000]  eta: 0:01:05    time: 0.0329  data: 0.0024  max mem: 4847
      ITM Evaluation: [ 100/2000]  eta: 0:01:16    time: 0.0414  data: 0.0000  max mem: 4847
      ITM Evaluation: [ 200/2000]  eta: 0:01:13    time: 0.0437  data: 0.0000  max mem: 4847
      ITM Evaluation: [ 300/2000]  eta: 0:01:08    time: 0.0381  data: 0.0000  max mem: 4847
      ITM Evaluation: [ 400/2000]  eta: 0:01:04    time: 0.0409  data: 0.0000  max mem: 4847
      ITM Evaluation: [ 500/2000]  eta: 0:01:02    time: 0.0482  data: 0.0000  max mem: 4847
      ITM Evaluation: [ 600/2000]  eta: 0:00:57    time: 0.0366  data: 0.0000  max mem: 4847
      ITM Evaluation: [ 700/2000]  eta: 0:00:53    time: 0.0393  data: 0.0000  max mem: 4847
      ITM Evaluation: [ 800/2000]  eta: 0:00:49    time: 0.0395  data: 0.0000  max mem: 4847
      ITM Evaluation: [ 900/2000]  eta: 0:00:44    time: 0.0369  data: 0.0000  max mem: 4847
      ITM Evaluation: [1000/2000]  eta: 0:00:40    time: 0.0372  data: 0.0000  max mem: 4847
      ITM Evaluation: [1100/2000]  eta: 0:00:36    time: 0.0391  data: 0.0000  max mem: 4847
      ITM Evaluation: [1200/2000]  eta: 0:00:32    time: 0.0391  data: 0.0000  max mem: 4847
      ITM Evaluation: [1300/2000]  eta: 0:00:28    time: 0.0424  data: 0.0000  max mem: 4847
      ITM Evaluation: [1400/2000]  eta: 0:00:24    time: 0.0449  data: 0.0000  max mem: 4847
      ITM Evaluation: [1500/2000]  eta: 0:00:20    time: 0.0472  data: 0.0000  max mem: 4847
      ITM Evaluation: [1600/2000]  eta: 0:00:16    time: 0.0385  data: 0.0000  max mem: 4847
      ITM Evaluation: [1700/2000]  eta: 0:00:12    time: 0.0389  data: 0.0000  max mem: 4847
      ITM Evaluation: [1800/2000]  eta: 0:00:08    time: 0.0394  data: 0.0000  max mem: 4847
      ITM Evaluation: [1900/2000]  eta: 0:00:04    time: 0.0364  data: 0.0000  max mem: 4847
      ITM Evaluation: [1999/2000]  eta: 0:00:00    time: 0.0396  data: 0.0000  max mem: 4847
      ITM Evaluation: Total time: 0:01:20 (0.0403 s / it)
     total_time 80.61850237846375
     Computing matching score time 0:01:20
### TTA ITM Score: 
+-------+--------+--------+--------+--------+--------+
| epoch |   R1   |   R5   |  R10   |  mAP   |  mINP  |
+-------+--------+--------+--------+--------+--------+
|  -999 | 59.000 | 79.650 | 88.500 | 47.231 | 25.876 |
|  -999 | 66.450 | 85.600 | 90.600 | 50.642 | 25.526 |
|   0   | 66.450 | 85.550 | 90.050 | 50.447 | 25.481 |
|   1   | 64.800 | 84.250 | 89.400 | 49.611 | 25.253 |
|   2   | 61.850 | 82.800 | 88.900 | 48.038 | 24.335 |
+-------+--------+--------+--------+--------+--------+
     logs:  {'epo': 2, 'R1': 61.85, 'R5': 82.8, 'R10': 88.9, 'mAP': 48.038, 'mINP': 24.335, 'lr': 0.000705, 'entropy': 0.770477, 'loss': 2.376446}
      TTA Epoch: [3] [ 0/28]  eta: 0:00:19  lr: 0.000850  entropy: 0.5598  loss: 2.2281  time: 0.6884  data: 0.5997  max mem: 4847
      TTA Epoch: [3] [27/28]  eta: 0:00:00  lr: 0.000984  entropy: 0.3954  loss: 2.1584  time: 0.0466  data: 0.0001  max mem: 4847
      TTA Epoch: [3] Total time: 0:00:02 (0.0736 s / it)
     Averaged stats: lr: 0.0010  entropy: 0.4944  loss: 2.2418
     itm tta time 0:00:02
     Computing matching score
      ITM Evaluation: [   0/2000]  eta: 0:01:27    time: 0.0439  data: 0.0024  max mem: 4847
      ITM Evaluation: [ 100/2000]  eta: 0:01:16    time: 0.0395  data: 0.0000  max mem: 4847
      ITM Evaluation: [ 200/2000]  eta: 0:01:11    time: 0.0393  data: 0.0000  max mem: 4847
      ITM Evaluation: [ 300/2000]  eta: 0:01:09    time: 0.0488  data: 0.0000  max mem: 4847
      ITM Evaluation: [ 400/2000]  eta: 0:01:04    time: 0.0377  data: 0.0000  max mem: 4847
      ITM Evaluation: [ 500/2000]  eta: 0:00:59    time: 0.0343  data: 0.0000  max mem: 4847
      ITM Evaluation: [ 600/2000]  eta: 0:00:53    time: 0.0334  data: 0.0000  max mem: 4847
      ITM Evaluation: [ 700/2000]  eta: 0:00:49    time: 0.0344  data: 0.0000  max mem: 4847
      ITM Evaluation: [ 800/2000]  eta: 0:00:44    time: 0.0330  data: 0.0000  max mem: 4847
      ITM Evaluation: [ 900/2000]  eta: 0:00:40    time: 0.0332  data: 0.0000  max mem: 4847
      ITM Evaluation: [1000/2000]  eta: 0:00:36    time: 0.0330  data: 0.0000  max mem: 4847
      ITM Evaluation: [1100/2000]  eta: 0:00:32    time: 0.0346  data: 0.0000  max mem: 4847
      ITM Evaluation: [1200/2000]  eta: 0:00:28    time: 0.0346  data: 0.0000  max mem: 4847
      ITM Evaluation: [1300/2000]  eta: 0:00:25    time: 0.0340  data: 0.0000  max mem: 4847
      ITM Evaluation: [1400/2000]  eta: 0:00:21    time: 0.0475  data: 0.0000  max mem: 4847
      ITM Evaluation: [1500/2000]  eta: 0:00:18    time: 0.0374  data: 0.0000  max mem: 4847
      ITM Evaluation: [1600/2000]  eta: 0:00:14    time: 0.0343  data: 0.0000  max mem: 4847
      ITM Evaluation: [1700/2000]  eta: 0:00:11    time: 0.0355  data: 0.0000  max mem: 4847
      ITM Evaluation: [1800/2000]  eta: 0:00:07    time: 0.0362  data: 0.0000  max mem: 4847
      ITM Evaluation: [1900/2000]  eta: 0:00:03    time: 0.0344  data: 0.0000  max mem: 4847
      ITM Evaluation: [1999/2000]  eta: 0:00:00    time: 0.0350  data: 0.0000  max mem: 4847
      ITM Evaluation: Total time: 0:01:13 (0.0367 s / it)
     total_time 73.37162590026855
     Computing matching score time 0:01:13
### TTA ITM Score: 
+-------+--------+--------+--------+--------+--------+
| epoch |   R1   |   R5   |  R10   |  mAP   |  mINP  |
+-------+--------+--------+--------+--------+--------+
|  -999 | 59.000 | 79.650 | 88.500 | 47.231 | 25.876 |
|  -999 | 66.450 | 85.600 | 90.600 | 50.642 | 25.526 |
|   0   | 66.450 | 85.550 | 90.050 | 50.447 | 25.481 |
|   1   | 64.800 | 84.250 | 89.400 | 49.611 | 25.253 |
|   2   | 61.850 | 82.800 | 88.900 | 48.038 | 24.335 |
|   3   | 60.350 | 81.900 | 88.900 | 47.293 | 24.043 |
+-------+--------+--------+--------+--------+--------+
     logs:  {'epo': 3, 'R1': 60.35, 'R5': 81.9, 'R10': 88.9, 'mAP': 47.293, 'mINP': 24.043, 'lr': 0.000954, 'entropy': 0.494392, 'loss': 2.241786}
      TTA Epoch: [4] [ 0/28]  eta: 0:00:17  lr: 0.000983  entropy: 0.4824  loss: 2.4065  time: 0.6177  data: 0.5297  max mem: 4847
      TTA Epoch: [4] [27/28]  eta: 0:00:00  lr: 0.000948  entropy: 0.4209  loss: 2.2025  time: 0.0411  data: 0.0001  max mem: 4847
      TTA Epoch: [4] Total time: 0:00:01 (0.0653 s / it)
     Averaged stats: lr: 0.0010  entropy: 0.3608  loss: 2.1706
     itm tta time 0:00:01
     Computing matching score
      ITM Evaluation: [   0/2000]  eta: 0:01:16    time: 0.0380  data: 0.0024  max mem: 4847
      ITM Evaluation: [ 100/2000]  eta: 0:01:10    time: 0.0498  data: 0.0000  max mem: 4847
      ITM Evaluation: [ 200/2000]  eta: 0:01:06    time: 0.0331  data: 0.0000  max mem: 4847
      ITM Evaluation: [ 300/2000]  eta: 0:01:00    time: 0.0333  data: 0.0000  max mem: 4847
      ITM Evaluation: [ 400/2000]  eta: 0:00:56    time: 0.0349  data: 0.0000  max mem: 4847
      ITM Evaluation: [ 500/2000]  eta: 0:00:52    time: 0.0332  data: 0.0000  max mem: 4847
      ITM Evaluation: [ 600/2000]  eta: 0:00:48    time: 0.0337  data: 0.0000  max mem: 4847
      ITM Evaluation: [ 700/2000]  eta: 0:00:46    time: 0.0382  data: 0.0000  max mem: 4847
      ITM Evaluation: [ 800/2000]  eta: 0:00:43    time: 0.0447  data: 0.0000  max mem: 4847
      ITM Evaluation: [ 900/2000]  eta: 0:00:40    time: 0.0368  data: 0.0000  max mem: 4847
      ITM Evaluation: [1000/2000]  eta: 0:00:36    time: 0.0392  data: 0.0000  max mem: 4847
      ITM Evaluation: [1100/2000]  eta: 0:00:32    time: 0.0370  data: 0.0000  max mem: 4847
      ITM Evaluation: [1200/2000]  eta: 0:00:29    time: 0.0343  data: 0.0000  max mem: 4847
      ITM Evaluation: [1300/2000]  eta: 0:00:25    time: 0.0345  data: 0.0000  max mem: 4847
      ITM Evaluation: [1400/2000]  eta: 0:00:21    time: 0.0340  data: 0.0000  max mem: 4847
      ITM Evaluation: [1500/2000]  eta: 0:00:17    time: 0.0337  data: 0.0000  max mem: 4847
      ITM Evaluation: [1600/2000]  eta: 0:00:14    time: 0.0343  data: 0.0000  max mem: 4847
      ITM Evaluation: [1700/2000]  eta: 0:00:10    time: 0.0340  data: 0.0000  max mem: 4847
      ITM Evaluation: [1800/2000]  eta: 0:00:07    time: 0.0333  data: 0.0000  max mem: 4847
      ITM Evaluation: [1900/2000]  eta: 0:00:03    time: 0.0347  data: 0.0000  max mem: 4847
      ITM Evaluation: [1999/2000]  eta: 0:00:00    time: 0.0347  data: 0.0000  max mem: 4847
      ITM Evaluation: Total time: 0:01:11 (0.0355 s / it)
     total_time 71.05176496505737
     Computing matching score time 0:01:11
### TTA ITM Score: 
+-------+--------+--------+--------+--------+--------+
| epoch |   R1   |   R5   |  R10   |  mAP   |  mINP  |
+-------+--------+--------+--------+--------+--------+
|  -999 | 59.000 | 79.650 | 88.500 | 47.231 | 25.876 |
|  -999 | 66.450 | 85.600 | 90.600 | 50.642 | 25.526 |
|   0   | 66.450 | 85.550 | 90.050 | 50.447 | 25.481 |
|   1   | 64.800 | 84.250 | 89.400 | 49.611 | 25.253 |
|   2   | 61.850 | 82.800 | 88.900 | 48.038 | 24.335 |
|   3   | 60.350 | 81.900 | 88.900 | 47.293 | 24.043 |
|   4   | 60.650 | 82.450 | 88.500 | 47.856 | 24.613 |
+-------+--------+--------+--------+--------+--------+
     logs:  {'epo': 4, 'R1': 60.65, 'R5': 82.45, 'R10': 88.5, 'mAP': 47.856, 'mINP': 24.613, 'lr': 0.000966, 'entropy': 0.360816, 'loss': 2.170611}
      TTA Epoch: [5] [ 0/28]  eta: 0:00:18  lr: 0.000947  entropy: 0.3974  loss: 2.1957  time: 0.6780  data: 0.5977  max mem: 4847
      TTA Epoch: [5] [27/28]  eta: 0:00:00  lr: 0.000912  entropy: 0.1175  loss: 2.1160  time: 0.0435  data: 0.0001  max mem: 4847
      TTA Epoch: [5] Total time: 0:00:01 (0.0674 s / it)
     Averaged stats: lr: 0.0009  entropy: 0.2854  loss: 2.1331
     itm tta time 0:00:02
     Computing matching score
      ITM Evaluation: [   0/2000]  eta: 0:01:17    time: 0.0386  data: 0.0026  max mem: 4847
      ITM Evaluation: [ 100/2000]  eta: 0:01:03    time: 0.0332  data: 0.0000  max mem: 4847
      ITM Evaluation: [ 200/2000]  eta: 0:01:01    time: 0.0328  data: 0.0000  max mem: 4847
      ITM Evaluation: [ 300/2000]  eta: 0:00:57    time: 0.0337  data: 0.0000  max mem: 4847
      ITM Evaluation: [ 400/2000]  eta: 0:00:54    time: 0.0357  data: 0.0000  max mem: 4847
      ITM Evaluation: [ 500/2000]  eta: 0:00:50    time: 0.0336  data: 0.0000  max mem: 4847
      ITM Evaluation: [ 600/2000]  eta: 0:00:47    time: 0.0354  data: 0.0000  max mem: 4847
      ITM Evaluation: [ 700/2000]  eta: 0:00:44    time: 0.0352  data: 0.0000  max mem: 4847
      ITM Evaluation: [ 800/2000]  eta: 0:00:41    time: 0.0351  data: 0.0000  max mem: 4847
      ITM Evaluation: [ 900/2000]  eta: 0:00:38    time: 0.0394  data: 0.0000  max mem: 4847
      ITM Evaluation: [1000/2000]  eta: 0:00:35    time: 0.0420  data: 0.0000  max mem: 4847
      ITM Evaluation: [1100/2000]  eta: 0:00:32    time: 0.0349  data: 0.0000  max mem: 4847
      ITM Evaluation: [1200/2000]  eta: 0:00:28    time: 0.0366  data: 0.0000  max mem: 4847
      ITM Evaluation: [1300/2000]  eta: 0:00:25    time: 0.0350  data: 0.0000  max mem: 4847
      ITM Evaluation: [1400/2000]  eta: 0:00:21    time: 0.0375  data: 0.0000  max mem: 4847
      ITM Evaluation: [1500/2000]  eta: 0:00:18    time: 0.0394  data: 0.0000  max mem: 4847
      ITM Evaluation: [1600/2000]  eta: 0:00:14    time: 0.0365  data: 0.0000  max mem: 4847
      ITM Evaluation: [1700/2000]  eta: 0:00:10    time: 0.0354  data: 0.0000  max mem: 4847
      ITM Evaluation: [1800/2000]  eta: 0:00:07    time: 0.0386  data: 0.0000  max mem: 4847
      ITM Evaluation: [1900/2000]  eta: 0:00:03    time: 0.0408  data: 0.0000  max mem: 4847
      ITM Evaluation: [1999/2000]  eta: 0:00:00    time: 0.0362  data: 0.0000  max mem: 4847
      ITM Evaluation: Total time: 0:01:13 (0.0367 s / it)
     total_time 73.44127416610718
     Computing matching score time 0:01:13
### TTA ITM Score: 
+-------+--------+--------+--------+--------+--------+
| epoch |   R1   |   R5   |  R10   |  mAP   |  mINP  |
+-------+--------+--------+--------+--------+--------+
|  -999 | 59.000 | 79.650 | 88.500 | 47.231 | 25.876 |
|  -999 | 66.450 | 85.600 | 90.600 | 50.642 | 25.526 |
|   0   | 66.450 | 85.550 | 90.050 | 50.447 | 25.481 |
|   1   | 64.800 | 84.250 | 89.400 | 49.611 | 25.253 |
|   2   | 61.850 | 82.800 | 88.900 | 48.038 | 24.335 |
|   3   | 60.350 | 81.900 | 88.900 | 47.293 | 24.043 |
|   4   | 60.650 | 82.450 | 88.500 | 47.856 | 24.613 |
|   5   | 60.750 | 82.850 | 88.800 | 48.076 | 24.902 |
+-------+--------+--------+--------+--------+--------+
     logs:  {'epo': 5, 'R1': 60.75, 'R5': 82.85, 'R10': 88.8, 'mAP': 48.076, 'mINP': 24.902, 'lr': 0.000929, 'entropy': 0.285404, 'loss': 2.133135}
      TTA Epoch: [6] [ 0/28]  eta: 0:00:21  lr: 0.000910  entropy: 0.2524  loss: 2.0666  time: 0.7713  data: 0.6511  max mem: 4847
      TTA Epoch: [6] [27/28]  eta: 0:00:00  lr: 0.000875  entropy: 0.1847  loss: 1.8413  time: 0.0576  data: 0.0001  max mem: 4847
      TTA Epoch: [6] Total time: 0:00:02 (0.0904 s / it)
     Averaged stats: lr: 0.0009  entropy: 0.2554  loss: 2.1174
     itm tta time 0:00:02
     Computing matching score
      ITM Evaluation: [   0/2000]  eta: 0:01:07    time: 0.0338  data: 0.0024  max mem: 4847
      ITM Evaluation: [ 100/2000]  eta: 0:01:10    time: 0.0371  data: 0.0000  max mem: 4847
      ITM Evaluation: [ 200/2000]  eta: 0:01:06    time: 0.0386  data: 0.0000  max mem: 4847
      ITM Evaluation: [ 300/2000]  eta: 0:01:02    time: 0.0340  data: 0.0000  max mem: 4847
      ITM Evaluation: [ 400/2000]  eta: 0:00:57    time: 0.0340  data: 0.0000  max mem: 4847
      ITM Evaluation: [ 500/2000]  eta: 0:00:53    time: 0.0339  data: 0.0000  max mem: 4847
      ITM Evaluation: [ 600/2000]  eta: 0:00:49    time: 0.0349  data: 0.0000  max mem: 4847
      ITM Evaluation: [ 700/2000]  eta: 0:00:46    time: 0.0330  data: 0.0000  max mem: 4847
      ITM Evaluation: [ 800/2000]  eta: 0:00:42    time: 0.0380  data: 0.0000  max mem: 4847
      ITM Evaluation: [ 900/2000]  eta: 0:00:39    time: 0.0393  data: 0.0000  max mem: 4847
      ITM Evaluation: [1000/2000]  eta: 0:00:35    time: 0.0378  data: 0.0000  max mem: 4847
      ITM Evaluation: [1100/2000]  eta: 0:00:32    time: 0.0354  data: 0.0000  max mem: 4847
      ITM Evaluation: [1200/2000]  eta: 0:00:28    time: 0.0355  data: 0.0000  max mem: 4847
      ITM Evaluation: [1300/2000]  eta: 0:00:25    time: 0.0363  data: 0.0000  max mem: 4847
      ITM Evaluation: [1400/2000]  eta: 0:00:21    time: 0.0352  data: 0.0000  max mem: 4847
      ITM Evaluation: [1500/2000]  eta: 0:00:17    time: 0.0347  data: 0.0000  max mem: 4847
      ITM Evaluation: [1600/2000]  eta: 0:00:14    time: 0.0366  data: 0.0000  max mem: 4847
      ITM Evaluation: [1700/2000]  eta: 0:00:10    time: 0.0342  data: 0.0000  max mem: 4847
      ITM Evaluation: [1800/2000]  eta: 0:00:07    time: 0.0370  data: 0.0000  max mem: 4847
      ITM Evaluation: [1900/2000]  eta: 0:00:03    time: 0.0352  data: 0.0000  max mem: 4847
      ITM Evaluation: [1999/2000]  eta: 0:00:00    time: 0.0348  data: 0.0000  max mem: 4847
      ITM Evaluation: Total time: 0:01:11 (0.0358 s / it)
     total_time 71.5857081413269
     Computing matching score time 0:01:11
### TTA ITM Score: 
+-------+--------+--------+--------+--------+--------+
| epoch |   R1   |   R5   |  R10   |  mAP   |  mINP  |
+-------+--------+--------+--------+--------+--------+
|  -999 | 59.000 | 79.650 | 88.500 | 47.231 | 25.876 |
|  -999 | 66.450 | 85.600 | 90.600 | 50.642 | 25.526 |
|   0   | 66.450 | 85.550 | 90.050 | 50.447 | 25.481 |
|   1   | 64.800 | 84.250 | 89.400 | 49.611 | 25.253 |
|   2   | 61.850 | 82.800 | 88.900 | 48.038 | 24.335 |
|   3   | 60.350 | 81.900 | 88.900 | 47.293 | 24.043 |
|   4   | 60.650 | 82.450 | 88.500 | 47.856 | 24.613 |
|   5   | 60.750 | 82.850 | 88.800 | 48.076 | 24.902 |
|   6   | 61.050 | 82.800 | 89.150 | 48.113 | 24.843 |
+-------+--------+--------+--------+--------+--------+
     logs:  {'epo': 6, 'R1': 61.05, 'R5': 82.8, 'R10': 89.15, 'mAP': 48.113, 'mINP': 24.843, 'lr': 0.000893, 'entropy': 0.255434, 'loss': 2.11737}
      TTA Epoch: [7] [ 0/28]  eta: 0:00:20  lr: 0.000874  entropy: 0.2055  loss: 2.0572  time: 0.7247  data: 0.6223  max mem: 4847
      TTA Epoch: [7] [27/28]  eta: 0:00:00  lr: 0.000839  entropy: 0.3298  loss: 2.2289  time: 0.0537  data: 0.0002  max mem: 4847
      TTA Epoch: [7] Total time: 0:00:02 (0.0790 s / it)
     Averaged stats: lr: 0.0009  entropy: 0.2499  loss: 2.1165
     itm tta time 0:00:02
     Computing matching score
      ITM Evaluation: [   0/2000]  eta: 0:01:39    time: 0.0498  data: 0.0038  max mem: 4847
      ITM Evaluation: [ 100/2000]  eta: 0:01:18    time: 0.0401  data: 0.0000  max mem: 4847
      ITM Evaluation: [ 200/2000]  eta: 0:01:08    time: 0.0361  data: 0.0000  max mem: 4847
      ITM Evaluation: [ 300/2000]  eta: 0:01:04    time: 0.0354  data: 0.0000  max mem: 4847
      ITM Evaluation: [ 400/2000]  eta: 0:00:59    time: 0.0353  data: 0.0000  max mem: 4847
      ITM Evaluation: [ 500/2000]  eta: 0:00:55    time: 0.0385  data: 0.0000  max mem: 4847
      ITM Evaluation: [ 600/2000]  eta: 0:00:51    time: 0.0368  data: 0.0000  max mem: 4847
      ITM Evaluation: [ 700/2000]  eta: 0:00:48    time: 0.0370  data: 0.0000  max mem: 4847
      ITM Evaluation: [ 800/2000]  eta: 0:00:44    time: 0.0339  data: 0.0000  max mem: 4847
      ITM Evaluation: [ 900/2000]  eta: 0:00:40    time: 0.0337  data: 0.0000  max mem: 4847
      ITM Evaluation: [1000/2000]  eta: 0:00:36    time: 0.0358  data: 0.0000  max mem: 4847
      ITM Evaluation: [1100/2000]  eta: 0:00:32    time: 0.0420  data: 0.0000  max mem: 4847
      ITM Evaluation: [1200/2000]  eta: 0:00:29    time: 0.0396  data: 0.0000  max mem: 4847
      ITM Evaluation: [1300/2000]  eta: 0:00:25    time: 0.0361  data: 0.0000  max mem: 4847
      ITM Evaluation: [1400/2000]  eta: 0:00:22    time: 0.0385  data: 0.0000  max mem: 4847
      ITM Evaluation: [1500/2000]  eta: 0:00:18    time: 0.0369  data: 0.0000  max mem: 4847
      ITM Evaluation: [1600/2000]  eta: 0:00:14    time: 0.0340  data: 0.0000  max mem: 4847
      ITM Evaluation: [1700/2000]  eta: 0:00:11    time: 0.0358  data: 0.0000  max mem: 4847
      ITM Evaluation: [1800/2000]  eta: 0:00:07    time: 0.0402  data: 0.0000  max mem: 4847
      ITM Evaluation: [1900/2000]  eta: 0:00:03    time: 0.0385  data: 0.0000  max mem: 4847
      ITM Evaluation: [1999/2000]  eta: 0:00:00    time: 0.0412  data: 0.0000  max mem: 4847
      ITM Evaluation: Total time: 0:01:14 (0.0373 s / it)
     total_time 74.54200983047485
     Computing matching score time 0:01:14
### TTA ITM Score: 
+-------+--------+--------+--------+--------+--------+
| epoch |   R1   |   R5   |  R10   |  mAP   |  mINP  |
+-------+--------+--------+--------+--------+--------+
|  -999 | 59.000 | 79.650 | 88.500 | 47.231 | 25.876 |
|  -999 | 66.450 | 85.600 | 90.600 | 50.642 | 25.526 |
|   0   | 66.450 | 85.550 | 90.050 | 50.447 | 25.481 |
|   1   | 64.800 | 84.250 | 89.400 | 49.611 | 25.253 |
|   2   | 61.850 | 82.800 | 88.900 | 48.038 | 24.335 |
|   3   | 60.350 | 81.900 | 88.900 | 47.293 | 24.043 |
|   4   | 60.650 | 82.450 | 88.500 | 47.856 | 24.613 |
|   5   | 60.750 | 82.850 | 88.800 | 48.076 | 24.902 |
|   6   | 61.050 | 82.800 | 89.150 | 48.113 | 24.843 |
|   7   | 60.100 | 82.450 | 89.100 | 47.540 | 24.551 |
+-------+--------+--------+--------+--------+--------+
     logs:  {'epo': 7, 'R1': 60.1, 'R5': 82.45, 'R10': 89.1, 'mAP': 47.54, 'mINP': 24.551, 'lr': 0.000856, 'entropy': 0.249867, 'loss': 2.116488}
      TTA Epoch: [8] [ 0/28]  eta: 0:00:24  lr: 0.000838  entropy: 0.3791  loss: 2.1417  time: 0.8900  data: 0.8032  max mem: 4847
      TTA Epoch: [8] [27/28]  eta: 0:00:00  lr: 0.000803  entropy: 0.1819  loss: 2.0130  time: 0.0492  data: 0.0001  max mem: 4847
      TTA Epoch: [8] Total time: 0:00:02 (0.0870 s / it)
     Averaged stats: lr: 0.0008  entropy: 0.2361  loss: 2.1071
     itm tta time 0:00:02
     Computing matching score
      ITM Evaluation: [   0/2000]  eta: 0:01:07    time: 0.0339  data: 0.0019  max mem: 4847
      ITM Evaluation: [ 100/2000]  eta: 0:01:17    time: 0.0419  data: 0.0000  max mem: 4847
      ITM Evaluation: [ 200/2000]  eta: 0:01:08    time: 0.0352  data: 0.0000  max mem: 4847
      ITM Evaluation: [ 300/2000]  eta: 0:01:04    time: 0.0354  data: 0.0000  max mem: 4847
      ITM Evaluation: [ 400/2000]  eta: 0:01:00    time: 0.0363  data: 0.0000  max mem: 4847
      ITM Evaluation: [ 500/2000]  eta: 0:00:56    time: 0.0392  data: 0.0000  max mem: 4847
      ITM Evaluation: [ 600/2000]  eta: 0:00:52    time: 0.0366  data: 0.0000  max mem: 4847
      ITM Evaluation: [ 700/2000]  eta: 0:00:48    time: 0.0343  data: 0.0000  max mem: 4847
      ITM Evaluation: [ 800/2000]  eta: 0:00:44    time: 0.0350  data: 0.0000  max mem: 4847
      ITM Evaluation: [ 900/2000]  eta: 0:00:40    time: 0.0363  data: 0.0000  max mem: 4847
      ITM Evaluation: [1000/2000]  eta: 0:00:36    time: 0.0387  data: 0.0000  max mem: 4847
      ITM Evaluation: [1100/2000]  eta: 0:00:33    time: 0.0388  data: 0.0000  max mem: 4847
      ITM Evaluation: [1200/2000]  eta: 0:00:29    time: 0.0378  data: 0.0000  max mem: 4847
      ITM Evaluation: [1300/2000]  eta: 0:00:25    time: 0.0332  data: 0.0000  max mem: 4847
      ITM Evaluation: [1400/2000]  eta: 0:00:21    time: 0.0378  data: 0.0000  max mem: 4847
      ITM Evaluation: [1500/2000]  eta: 0:00:18    time: 0.0368  data: 0.0000  max mem: 4847
      ITM Evaluation: [1600/2000]  eta: 0:00:14    time: 0.0371  data: 0.0000  max mem: 4847
      ITM Evaluation: [1700/2000]  eta: 0:00:10    time: 0.0396  data: 0.0000  max mem: 4847
      ITM Evaluation: [1800/2000]  eta: 0:00:07    time: 0.0353  data: 0.0000  max mem: 4847
      ITM Evaluation: [1900/2000]  eta: 0:00:03    time: 0.0360  data: 0.0000  max mem: 4847
      ITM Evaluation: [1999/2000]  eta: 0:00:00    time: 0.0366  data: 0.0000  max mem: 4847
      ITM Evaluation: Total time: 0:01:13 (0.0367 s / it)
     total_time 73.35959005355835
     Computing matching score time 0:01:13
### TTA ITM Score: 
+-------+--------+--------+--------+--------+--------+
| epoch |   R1   |   R5   |  R10   |  mAP   |  mINP  |
+-------+--------+--------+--------+--------+--------+
|  -999 | 59.000 | 79.650 | 88.500 | 47.231 | 25.876 |
|  -999 | 66.450 | 85.600 | 90.600 | 50.642 | 25.526 |
|   0   | 66.450 | 85.550 | 90.050 | 50.447 | 25.481 |
|   1   | 64.800 | 84.250 | 89.400 | 49.611 | 25.253 |
|   2   | 61.850 | 82.800 | 88.900 | 48.038 | 24.335 |
|   3   | 60.350 | 81.900 | 88.900 | 47.293 | 24.043 |
|   4   | 60.650 | 82.450 | 88.500 | 47.856 | 24.613 |
|   5   | 60.750 | 82.850 | 88.800 | 48.076 | 24.902 |
|   6   | 61.050 | 82.800 | 89.150 | 48.113 | 24.843 |
|   7   | 60.100 | 82.450 | 89.100 | 47.540 | 24.551 |
|   8   | 61.050 | 82.850 | 89.200 | 47.740 | 24.618 |
+-------+--------+--------+--------+--------+--------+
     logs:  {'epo': 8, 'R1': 61.05, 'R5': 82.85, 'R10': 89.2, 'mAP': 47.74, 'mINP': 24.618, 'lr': 0.00082, 'entropy': 0.236052, 'loss': 2.107137}
      TTA Epoch: [9] [ 0/28]  eta: 0:00:25  lr: 0.000801  entropy: 0.1577  loss: 1.9920  time: 0.9280  data: 0.8266  max mem: 4847
      TTA Epoch: [9] [27/28]  eta: 0:00:00  lr: 0.000766  entropy: 0.1510  loss: 2.0038  time: 0.0451  data: 0.0001  max mem: 4847
      TTA Epoch: [9] Total time: 0:00:02 (0.0836 s / it)
     Averaged stats: lr: 0.0008  entropy: 0.2112  loss: 2.0961
     itm tta time 0:00:02
     Computing matching score
      ITM Evaluation: [   0/2000]  eta: 0:01:12    time: 0.0361  data: 0.0024  max mem: 4847
      ITM Evaluation: [ 100/2000]  eta: 0:01:10    time: 0.0374  data: 0.0000  max mem: 4847
      ITM Evaluation: [ 200/2000]  eta: 0:01:09    time: 0.0352  data: 0.0000  max mem: 4847
      ITM Evaluation: [ 300/2000]  eta: 0:01:04    time: 0.0380  data: 0.0000  max mem: 4847
      ITM Evaluation: [ 400/2000]  eta: 0:00:59    time: 0.0341  data: 0.0000  max mem: 4847
      ITM Evaluation: [ 500/2000]  eta: 0:00:55    time: 0.0357  data: 0.0000  max mem: 4847
      ITM Evaluation: [ 600/2000]  eta: 0:00:51    time: 0.0350  data: 0.0000  max mem: 4847
      ITM Evaluation: [ 700/2000]  eta: 0:00:48    time: 0.0370  data: 0.0000  max mem: 4847
      ITM Evaluation: [ 800/2000]  eta: 0:00:45    time: 0.0395  data: 0.0000  max mem: 4847
      ITM Evaluation: [ 900/2000]  eta: 0:00:41    time: 0.0397  data: 0.0000  max mem: 4847
      ITM Evaluation: [1000/2000]  eta: 0:00:37    time: 0.0376  data: 0.0000  max mem: 4847
      ITM Evaluation: [1100/2000]  eta: 0:00:33    time: 0.0406  data: 0.0000  max mem: 4847
      ITM Evaluation: [1200/2000]  eta: 0:00:30    time: 0.0355  data: 0.0000  max mem: 4847
      ITM Evaluation: [1300/2000]  eta: 0:00:26    time: 0.0370  data: 0.0000  max mem: 4847
      ITM Evaluation: [1400/2000]  eta: 0:00:22    time: 0.0354  data: 0.0000  max mem: 4847
      ITM Evaluation: [1500/2000]  eta: 0:00:18    time: 0.0359  data: 0.0000  max mem: 4847
      ITM Evaluation: [1600/2000]  eta: 0:00:14    time: 0.0349  data: 0.0000  max mem: 4847
      ITM Evaluation: [1700/2000]  eta: 0:00:11    time: 0.0357  data: 0.0000  max mem: 4847
      ITM Evaluation: [1800/2000]  eta: 0:00:07    time: 0.0384  data: 0.0000  max mem: 4847
      ITM Evaluation: [1900/2000]  eta: 0:00:03    time: 0.0378  data: 0.0000  max mem: 4847
      ITM Evaluation: [1999/2000]  eta: 0:00:00    time: 0.0385  data: 0.0000  max mem: 4847
      ITM Evaluation: Total time: 0:01:14 (0.0373 s / it)
     total_time 74.52157306671143
     Computing matching score time 0:01:14
### TTA ITM Score: 
+-------+--------+--------+--------+--------+--------+
| epoch |   R1   |   R5   |  R10   |  mAP   |  mINP  |
+-------+--------+--------+--------+--------+--------+
|  -999 | 59.000 | 79.650 | 88.500 | 47.231 | 25.876 |
|  -999 | 66.450 | 85.600 | 90.600 | 50.642 | 25.526 |
|   0   | 66.450 | 85.550 | 90.050 | 50.447 | 25.481 |
|   1   | 64.800 | 84.250 | 89.400 | 49.611 | 25.253 |
|   2   | 61.850 | 82.800 | 88.900 | 48.038 | 24.335 |
|   3   | 60.350 | 81.900 | 88.900 | 47.293 | 24.043 |
|   4   | 60.650 | 82.450 | 88.500 | 47.856 | 24.613 |
|   5   | 60.750 | 82.850 | 88.800 | 48.076 | 24.902 |
|   6   | 61.050 | 82.800 | 89.150 | 48.113 | 24.843 |
|   7   | 60.100 | 82.450 | 89.100 | 47.540 | 24.551 |
|   8   | 61.050 | 82.850 | 89.200 | 47.740 | 24.618 |
|   9   | 61.550 | 82.850 | 89.350 | 47.702 | 24.612 |
+-------+--------+--------+--------+--------+--------+
     logs:  {'epo': 9, 'R1': 61.55, 'R5': 82.85, 'R10': 89.35, 'mAP': 47.702, 'mINP': 24.612, 'lr': 0.000784, 'entropy': 0.21122, 'loss': 2.096099}
      TTA Epoch: [10] [ 0/28]  eta: 0:00:26  lr: 0.000765  entropy: 0.2044  loss: 2.0430  time: 0.9605  data: 0.8209  max mem: 4847
      TTA Epoch: [10] [27/28]  eta: 0:00:00  lr: 0.000730  entropy: 0.2184  loss: 2.1536  time: 0.0629  data: 0.0002  max mem: 4847
      TTA Epoch: [10] Total time: 0:00:02 (0.0967 s / it)
     Averaged stats: lr: 0.0007  entropy: 0.1924  loss: 2.0865
     itm tta time 0:00:02
     Computing matching score
      ITM Evaluation: [   0/2000]  eta: 0:01:23    time: 0.0419  data: 0.0026  max mem: 4847
      ITM Evaluation: [ 100/2000]  eta: 0:01:19    time: 0.0354  data: 0.0000  max mem: 4847
      ITM Evaluation: [ 200/2000]  eta: 0:01:09    time: 0.0341  data: 0.0000  max mem: 4847
      ITM Evaluation: [ 300/2000]  eta: 0:01:03    time: 0.0331  data: 0.0000  max mem: 4847
      ITM Evaluation: [ 400/2000]  eta: 0:00:59    time: 0.0354  data: 0.0000  max mem: 4847
      ITM Evaluation: [ 500/2000]  eta: 0:00:55    time: 0.0331  data: 0.0000  max mem: 4847
      ITM Evaluation: [ 600/2000]  eta: 0:00:51    time: 0.0349  data: 0.0000  max mem: 4847
      ITM Evaluation: [ 700/2000]  eta: 0:00:47    time: 0.0360  data: 0.0000  max mem: 4847
      ITM Evaluation: [ 800/2000]  eta: 0:00:43    time: 0.0336  data: 0.0000  max mem: 4847
      ITM Evaluation: [ 900/2000]  eta: 0:00:39    time: 0.0355  data: 0.0000  max mem: 4847
      ITM Evaluation: [1000/2000]  eta: 0:00:36    time: 0.0352  data: 0.0000  max mem: 4847
      ITM Evaluation: [1100/2000]  eta: 0:00:32    time: 0.0356  data: 0.0000  max mem: 4847
      ITM Evaluation: [1200/2000]  eta: 0:00:29    time: 0.0356  data: 0.0000  max mem: 4847
      ITM Evaluation: [1300/2000]  eta: 0:00:25    time: 0.0361  data: 0.0000  max mem: 4847
      ITM Evaluation: [1400/2000]  eta: 0:00:21    time: 0.0371  data: 0.0000  max mem: 4847
      ITM Evaluation: [1500/2000]  eta: 0:00:18    time: 0.0344  data: 0.0000  max mem: 4847
      ITM Evaluation: [1600/2000]  eta: 0:00:14    time: 0.0365  data: 0.0000  max mem: 4847
      ITM Evaluation: [1700/2000]  eta: 0:00:10    time: 0.0357  data: 0.0000  max mem: 4847
      ITM Evaluation: [1800/2000]  eta: 0:00:07    time: 0.0362  data: 0.0000  max mem: 4847
      ITM Evaluation: [1900/2000]  eta: 0:00:03    time: 0.0378  data: 0.0000  max mem: 4847
      ITM Evaluation: [1999/2000]  eta: 0:00:00    time: 0.0370  data: 0.0000  max mem: 4847
      ITM Evaluation: Total time: 0:01:12 (0.0360 s / it)
     total_time 72.07324147224426
     Computing matching score time 0:01:12
### TTA ITM Score: 
+-------+--------+--------+--------+--------+--------+
| epoch |   R1   |   R5   |  R10   |  mAP   |  mINP  |
+-------+--------+--------+--------+--------+--------+
|  -999 | 59.000 | 79.650 | 88.500 | 47.231 | 25.876 |
|  -999 | 66.450 | 85.600 | 90.600 | 50.642 | 25.526 |
|   0   | 66.450 | 85.550 | 90.050 | 50.447 | 25.481 |
|   1   | 64.800 | 84.250 | 89.400 | 49.611 | 25.253 |
|   2   | 61.850 | 82.800 | 88.900 | 48.038 | 24.335 |
|   3   | 60.350 | 81.900 | 88.900 | 47.293 | 24.043 |
|   4   | 60.650 | 82.450 | 88.500 | 47.856 | 24.613 |
|   5   | 60.750 | 82.850 | 88.800 | 48.076 | 24.902 |
|   6   | 61.050 | 82.800 | 89.150 | 48.113 | 24.843 |
|   7   | 60.100 | 82.450 | 89.100 | 47.540 | 24.551 |
|   8   | 61.050 | 82.850 | 89.200 | 47.740 | 24.618 |
|   9   | 61.550 | 82.850 | 89.350 | 47.702 | 24.612 |
|   10  | 60.450 | 82.900 | 89.500 | 47.688 | 24.644 |
+-------+--------+--------+--------+--------+--------+
     logs:  {'epo': 10, 'R1': 60.45, 'R5': 82.9, 'R10': 89.5, 'mAP': 47.688, 'mINP': 24.644, 'lr': 0.000747, 'entropy': 0.192422, 'loss': 2.086484}
      TTA Epoch: [11] [ 0/28]  eta: 0:00:19  lr: 0.000729  entropy: 0.1623  loss: 2.0468  time: 0.7132  data: 0.6383  max mem: 4847
      TTA Epoch: [11] [27/28]  eta: 0:00:00  lr: 0.000694  entropy: 0.2052  loss: 2.0585  time: 0.0613  data: 0.0001  max mem: 4847
      TTA Epoch: [11] Total time: 0:00:02 (0.0857 s / it)
     Averaged stats: lr: 0.0007  entropy: 0.1628  loss: 2.0731
     itm tta time 0:00:02
     Computing matching score
      ITM Evaluation: [   0/2000]  eta: 0:01:50    time: 0.0550  data: 0.0031  max mem: 4847
      ITM Evaluation: [ 100/2000]  eta: 0:01:24    time: 0.0360  data: 0.0000  max mem: 4847
      ITM Evaluation: [ 200/2000]  eta: 0:01:13    time: 0.0372  data: 0.0000  max mem: 4847
      ITM Evaluation: [ 300/2000]  eta: 0:01:07    time: 0.0403  data: 0.0000  max mem: 4847
      ITM Evaluation: [ 400/2000]  eta: 0:01:02    time: 0.0388  data: 0.0000  max mem: 4847
      ITM Evaluation: [ 500/2000]  eta: 0:00:58    time: 0.0417  data: 0.0000  max mem: 4847
      ITM Evaluation: [ 600/2000]  eta: 0:00:54    time: 0.0410  data: 0.0000  max mem: 4847
      ITM Evaluation: [ 700/2000]  eta: 0:00:50    time: 0.0430  data: 0.0000  max mem: 4847
      ITM Evaluation: [ 800/2000]  eta: 0:00:46    time: 0.0420  data: 0.0000  max mem: 4847
      ITM Evaluation: [ 900/2000]  eta: 0:00:43    time: 0.0401  data: 0.0000  max mem: 4847
      ITM Evaluation: [1000/2000]  eta: 0:00:39    time: 0.0365  data: 0.0000  max mem: 4847
      ITM Evaluation: [1100/2000]  eta: 0:00:35    time: 0.0427  data: 0.0000  max mem: 4847
      ITM Evaluation: [1200/2000]  eta: 0:00:31    time: 0.0407  data: 0.0000  max mem: 4847
      ITM Evaluation: [1300/2000]  eta: 0:00:27    time: 0.0472  data: 0.0000  max mem: 4847
      ITM Evaluation: [1400/2000]  eta: 0:00:23    time: 0.0359  data: 0.0000  max mem: 4847
      ITM Evaluation: [1500/2000]  eta: 0:00:19    time: 0.0339  data: 0.0000  max mem: 4847
      ITM Evaluation: [1600/2000]  eta: 0:00:15    time: 0.0360  data: 0.0000  max mem: 4847
      ITM Evaluation: [1700/2000]  eta: 0:00:11    time: 0.0345  data: 0.0000  max mem: 4847
      ITM Evaluation: [1800/2000]  eta: 0:00:07    time: 0.0363  data: 0.0000  max mem: 4847
      ITM Evaluation: [1900/2000]  eta: 0:00:03    time: 0.0344  data: 0.0000  max mem: 4847
      ITM Evaluation: [1999/2000]  eta: 0:00:00    time: 0.0359  data: 0.0000  max mem: 4847
      ITM Evaluation: Total time: 0:01:16 (0.0382 s / it)
     total_time 76.42813849449158
     Computing matching score time 0:01:16
### TTA ITM Score: 
+-------+--------+--------+--------+--------+--------+
| epoch |   R1   |   R5   |  R10   |  mAP   |  mINP  |
+-------+--------+--------+--------+--------+--------+
|  -999 | 59.000 | 79.650 | 88.500 | 47.231 | 25.876 |
|  -999 | 66.450 | 85.600 | 90.600 | 50.642 | 25.526 |
|   0   | 66.450 | 85.550 | 90.050 | 50.447 | 25.481 |
|   1   | 64.800 | 84.250 | 89.400 | 49.611 | 25.253 |
|   2   | 61.850 | 82.800 | 88.900 | 48.038 | 24.335 |
|   3   | 60.350 | 81.900 | 88.900 | 47.293 | 24.043 |
|   4   | 60.650 | 82.450 | 88.500 | 47.856 | 24.613 |
|   5   | 60.750 | 82.850 | 88.800 | 48.076 | 24.902 |
|   6   | 61.050 | 82.800 | 89.150 | 48.113 | 24.843 |
|   7   | 60.100 | 82.450 | 89.100 | 47.540 | 24.551 |
|   8   | 61.050 | 82.850 | 89.200 | 47.740 | 24.618 |
|   9   | 61.550 | 82.850 | 89.350 | 47.702 | 24.612 |
|   10  | 60.450 | 82.900 | 89.500 | 47.688 | 24.644 |
|   11  | 61.200 | 83.000 | 88.900 | 47.624 | 24.590 |
+-------+--------+--------+--------+--------+--------+
     logs:  {'epo': 11, 'R1': 61.2, 'R5': 83.0, 'R10': 88.9, 'mAP': 47.624, 'mINP': 24.59, 'lr': 0.000711, 'entropy': 0.162784, 'loss': 2.073145}
      TTA Epoch: [12] [ 0/28]  eta: 0:00:19  lr: 0.000692  entropy: 0.1145  loss: 2.0305  time: 0.6912  data: 0.5959  max mem: 4847
      TTA Epoch: [12] [27/28]  eta: 0:00:00  lr: 0.000657  entropy: 0.0895  loss: 2.1480  time: 0.0491  data: 0.0001  max mem: 4847
      TTA Epoch: [12] Total time: 0:00:02 (0.0767 s / it)
     Averaged stats: lr: 0.0007  entropy: 0.1558  loss: 2.0662
     itm tta time 0:00:02
     Computing matching score
      ITM Evaluation: [   0/2000]  eta: 0:01:09    time: 0.0345  data: 0.0024  max mem: 4847
      ITM Evaluation: [ 100/2000]  eta: 0:01:07    time: 0.0368  data: 0.0000  max mem: 4847
      ITM Evaluation: [ 200/2000]  eta: 0:01:06    time: 0.0398  data: 0.0000  max mem: 4847
      ITM Evaluation: [ 300/2000]  eta: 0:01:03    time: 0.0384  data: 0.0000  max mem: 4847
      ITM Evaluation: [ 400/2000]  eta: 0:01:02    time: 0.0360  data: 0.0000  max mem: 4847
      ITM Evaluation: [ 500/2000]  eta: 0:00:56    time: 0.0331  data: 0.0000  max mem: 4847
      ITM Evaluation: [ 600/2000]  eta: 0:00:51    time: 0.0350  data: 0.0000  max mem: 4847
      ITM Evaluation: [ 700/2000]  eta: 0:00:47    time: 0.0345  data: 0.0000  max mem: 4847
      ITM Evaluation: [ 800/2000]  eta: 0:00:43    time: 0.0357  data: 0.0000  max mem: 4847
      ITM Evaluation: [ 900/2000]  eta: 0:00:39    time: 0.0342  data: 0.0000  max mem: 4847
      ITM Evaluation: [1000/2000]  eta: 0:00:36    time: 0.0333  data: 0.0000  max mem: 4847
      ITM Evaluation: [1100/2000]  eta: 0:00:32    time: 0.0337  data: 0.0000  max mem: 4847
      ITM Evaluation: [1200/2000]  eta: 0:00:28    time: 0.0345  data: 0.0000  max mem: 4847
      ITM Evaluation: [1300/2000]  eta: 0:00:25    time: 0.0357  data: 0.0000  max mem: 4847
      ITM Evaluation: [1400/2000]  eta: 0:00:21    time: 0.0358  data: 0.0000  max mem: 4847
      ITM Evaluation: [1500/2000]  eta: 0:00:17    time: 0.0364  data: 0.0000  max mem: 4847
      ITM Evaluation: [1600/2000]  eta: 0:00:14    time: 0.0396  data: 0.0000  max mem: 4847
      ITM Evaluation: [1700/2000]  eta: 0:00:10    time: 0.0337  data: 0.0000  max mem: 4847
      ITM Evaluation: [1800/2000]  eta: 0:00:07    time: 0.0420  data: 0.0000  max mem: 4847
      ITM Evaluation: [1900/2000]  eta: 0:00:03    time: 0.0366  data: 0.0000  max mem: 4847
      ITM Evaluation: [1999/2000]  eta: 0:00:00    time: 0.0407  data: 0.0000  max mem: 4847
      ITM Evaluation: Total time: 0:01:12 (0.0364 s / it)
     total_time 72.83185482025146
     Computing matching score time 0:01:12
### TTA ITM Score: 
+-------+--------+--------+--------+--------+--------+
| epoch |   R1   |   R5   |  R10   |  mAP   |  mINP  |
+-------+--------+--------+--------+--------+--------+
|  -999 | 59.000 | 79.650 | 88.500 | 47.231 | 25.876 |
|  -999 | 66.450 | 85.600 | 90.600 | 50.642 | 25.526 |
|   0   | 66.450 | 85.550 | 90.050 | 50.447 | 25.481 |
|   1   | 64.800 | 84.250 | 89.400 | 49.611 | 25.253 |
|   2   | 61.850 | 82.800 | 88.900 | 48.038 | 24.335 |
|   3   | 60.350 | 81.900 | 88.900 | 47.293 | 24.043 |
|   4   | 60.650 | 82.450 | 88.500 | 47.856 | 24.613 |
|   5   | 60.750 | 82.850 | 88.800 | 48.076 | 24.902 |
|   6   | 61.050 | 82.800 | 89.150 | 48.113 | 24.843 |
|   7   | 60.100 | 82.450 | 89.100 | 47.540 | 24.551 |
|   8   | 61.050 | 82.850 | 89.200 | 47.740 | 24.618 |
|   9   | 61.550 | 82.850 | 89.350 | 47.702 | 24.612 |
|   10  | 60.450 | 82.900 | 89.500 | 47.688 | 24.644 |
|   11  | 61.200 | 83.000 | 88.900 | 47.624 | 24.590 |
|   12  | 61.300 | 83.350 | 89.350 | 47.905 | 24.780 |
+-------+--------+--------+--------+--------+--------+
     logs:  {'epo': 12, 'R1': 61.3, 'R5': 83.35, 'R10': 89.35, 'mAP': 47.905, 'mINP': 24.78, 'lr': 0.000675, 'entropy': 0.155831, 'loss': 2.066237}
      TTA Epoch: [13] [ 0/28]  eta: 0:00:17  lr: 0.000656  entropy: 0.2144  loss: 2.1427  time: 0.6256  data: 0.5193  max mem: 4847
      TTA Epoch: [13] [27/28]  eta: 0:00:00  lr: 0.000621  entropy: 0.1958  loss: 2.1588  time: 0.0444  data: 0.0001  max mem: 4847
      TTA Epoch: [13] Total time: 0:00:02 (0.0725 s / it)
     Averaged stats: lr: 0.0006  entropy: 0.1458  loss: 2.0590
     itm tta time 0:00:02
     Computing matching score
      ITM Evaluation: [   0/2000]  eta: 0:01:16    time: 0.0385  data: 0.0036  max mem: 4847
      ITM Evaluation: [ 100/2000]  eta: 0:01:06    time: 0.0351  data: 0.0000  max mem: 4847
      ITM Evaluation: [ 200/2000]  eta: 0:01:03    time: 0.0348  data: 0.0000  max mem: 4847
      ITM Evaluation: [ 300/2000]  eta: 0:00:59    time: 0.0353  data: 0.0000  max mem: 4847
      ITM Evaluation: [ 400/2000]  eta: 0:00:56    time: 0.0339  data: 0.0000  max mem: 4847
      ITM Evaluation: [ 500/2000]  eta: 0:00:52    time: 0.0351  data: 0.0000  max mem: 4847
      ITM Evaluation: [ 600/2000]  eta: 0:00:48    time: 0.0356  data: 0.0000  max mem: 4847
      ITM Evaluation: [ 700/2000]  eta: 0:00:45    time: 0.0362  data: 0.0000  max mem: 4847
      ITM Evaluation: [ 800/2000]  eta: 0:00:42    time: 0.0366  data: 0.0000  max mem: 4847
      ITM Evaluation: [ 900/2000]  eta: 0:00:38    time: 0.0354  data: 0.0000  max mem: 4847
      ITM Evaluation: [1000/2000]  eta: 0:00:35    time: 0.0335  data: 0.0000  max mem: 4847
      ITM Evaluation: [1100/2000]  eta: 0:00:31    time: 0.0336  data: 0.0000  max mem: 4847
      ITM Evaluation: [1200/2000]  eta: 0:00:28    time: 0.0343  data: 0.0000  max mem: 4847
      ITM Evaluation: [1300/2000]  eta: 0:00:24    time: 0.0357  data: 0.0000  max mem: 4847
      ITM Evaluation: [1400/2000]  eta: 0:00:21    time: 0.0337  data: 0.0000  max mem: 4847
      ITM Evaluation: [1500/2000]  eta: 0:00:17    time: 0.0360  data: 0.0000  max mem: 4847
      ITM Evaluation: [1600/2000]  eta: 0:00:13    time: 0.0332  data: 0.0000  max mem: 4847
      ITM Evaluation: [1700/2000]  eta: 0:00:10    time: 0.0379  data: 0.0000  max mem: 4847
      ITM Evaluation: [1800/2000]  eta: 0:00:07    time: 0.0345  data: 0.0000  max mem: 4847
      ITM Evaluation: [1900/2000]  eta: 0:00:03    time: 0.0368  data: 0.0000  max mem: 4847
      ITM Evaluation: [1999/2000]  eta: 0:00:00    time: 0.0396  data: 0.0000  max mem: 4847
      ITM Evaluation: Total time: 0:01:10 (0.0352 s / it)
     total_time 70.368577003479
     Computing matching score time 0:01:10
### TTA ITM Score: 
+-------+--------+--------+--------+--------+--------+
| epoch |   R1   |   R5   |  R10   |  mAP   |  mINP  |
+-------+--------+--------+--------+--------+--------+
|  -999 | 59.000 | 79.650 | 88.500 | 47.231 | 25.876 |
|  -999 | 66.450 | 85.600 | 90.600 | 50.642 | 25.526 |
|   0   | 66.450 | 85.550 | 90.050 | 50.447 | 25.481 |
|   1   | 64.800 | 84.250 | 89.400 | 49.611 | 25.253 |
|   2   | 61.850 | 82.800 | 88.900 | 48.038 | 24.335 |
|   3   | 60.350 | 81.900 | 88.900 | 47.293 | 24.043 |
|   4   | 60.650 | 82.450 | 88.500 | 47.856 | 24.613 |
|   5   | 60.750 | 82.850 | 88.800 | 48.076 | 24.902 |
|   6   | 61.050 | 82.800 | 89.150 | 48.113 | 24.843 |
|   7   | 60.100 | 82.450 | 89.100 | 47.540 | 24.551 |
|   8   | 61.050 | 82.850 | 89.200 | 47.740 | 24.618 |
|   9   | 61.550 | 82.850 | 89.350 | 47.702 | 24.612 |
|   10  | 60.450 | 82.900 | 89.500 | 47.688 | 24.644 |
|   11  | 61.200 | 83.000 | 88.900 | 47.624 | 24.590 |
|   12  | 61.300 | 83.350 | 89.350 | 47.905 | 24.780 |
|   13  | 61.200 | 83.200 | 89.300 | 47.802 | 24.723 |
+-------+--------+--------+--------+--------+--------+
     logs:  {'epo': 13, 'R1': 61.2, 'R5': 83.2, 'R10': 89.3, 'mAP': 47.802, 'mINP': 24.723, 'lr': 0.000638, 'entropy': 0.145833, 'loss': 2.059026}
      TTA Epoch: [14] [ 0/28]  eta: 0:00:23  lr: 0.000619  entropy: 0.0957  loss: 1.9989  time: 0.8280  data: 0.7411  max mem: 4847
      TTA Epoch: [14] [27/28]  eta: 0:00:00  lr: 0.000292  entropy: 0.2279  loss: 2.0408  time: 0.0493  data: 0.0001  max mem: 4847
      TTA Epoch: [14] Total time: 0:00:02 (0.0900 s / it)
     Averaged stats: lr: 0.0004  entropy: 0.1572  loss: 2.0705
     itm tta time 0:00:02
     Computing matching score
      ITM Evaluation: [   0/2000]  eta: 0:01:20    time: 0.0402  data: 0.0026  max mem: 4847
      ITM Evaluation: [ 100/2000]  eta: 0:01:07    time: 0.0362  data: 0.0000  max mem: 4847
      ITM Evaluation: [ 200/2000]  eta: 0:01:03    time: 0.0348  data: 0.0000  max mem: 4847
      ITM Evaluation: [ 300/2000]  eta: 0:01:00    time: 0.0355  data: 0.0000  max mem: 4847
      ITM Evaluation: [ 400/2000]  eta: 0:00:56    time: 0.0352  data: 0.0000  max mem: 4847
      ITM Evaluation: [ 500/2000]  eta: 0:00:52    time: 0.0360  data: 0.0000  max mem: 4847
      ITM Evaluation: [ 600/2000]  eta: 0:00:49    time: 0.0360  data: 0.0000  max mem: 4847
      ITM Evaluation: [ 700/2000]  eta: 0:00:46    time: 0.0377  data: 0.0000  max mem: 4847
      ITM Evaluation: [ 800/2000]  eta: 0:00:42    time: 0.0343  data: 0.0000  max mem: 4847
      ITM Evaluation: [ 900/2000]  eta: 0:00:38    time: 0.0354  data: 0.0000  max mem: 4847
      ITM Evaluation: [1000/2000]  eta: 0:00:35    time: 0.0400  data: 0.0000  max mem: 4847
      ITM Evaluation: [1100/2000]  eta: 0:00:32    time: 0.0342  data: 0.0000  max mem: 4847
      ITM Evaluation: [1200/2000]  eta: 0:00:28    time: 0.0350  data: 0.0000  max mem: 4847
      ITM Evaluation: [1300/2000]  eta: 0:00:24    time: 0.0349  data: 0.0000  max mem: 4847
      ITM Evaluation: [1400/2000]  eta: 0:00:21    time: 0.0340  data: 0.0000  max mem: 4847
      ITM Evaluation: [1500/2000]  eta: 0:00:17    time: 0.0343  data: 0.0000  max mem: 4847
      ITM Evaluation: [1600/2000]  eta: 0:00:14    time: 0.0380  data: 0.0000  max mem: 4847
      ITM Evaluation: [1700/2000]  eta: 0:00:10    time: 0.0361  data: 0.0000  max mem: 4847
      ITM Evaluation: [1800/2000]  eta: 0:00:07    time: 0.0344  data: 0.0000  max mem: 4847
      ITM Evaluation: [1900/2000]  eta: 0:00:03    time: 0.0344  data: 0.0000  max mem: 4847
      ITM Evaluation: [1999/2000]  eta: 0:00:00    time: 0.0353  data: 0.0000  max mem: 4847
      ITM Evaluation: Total time: 0:01:10 (0.0354 s / it)
     total_time 70.75108790397644
     Computing matching score time 0:01:10
### TTA ITM Score: 
+-------+--------+--------+--------+--------+--------+
| epoch |   R1   |   R5   |  R10   |  mAP   |  mINP  |
+-------+--------+--------+--------+--------+--------+
|  -999 | 59.000 | 79.650 | 88.500 | 47.231 | 25.876 |
|  -999 | 66.450 | 85.600 | 90.600 | 50.642 | 25.526 |
|   0   | 66.450 | 85.550 | 90.050 | 50.447 | 25.481 |
|   1   | 64.800 | 84.250 | 89.400 | 49.611 | 25.253 |
|   2   | 61.850 | 82.800 | 88.900 | 48.038 | 24.335 |
|   3   | 60.350 | 81.900 | 88.900 | 47.293 | 24.043 |
|   4   | 60.650 | 82.450 | 88.500 | 47.856 | 24.613 |
|   5   | 60.750 | 82.850 | 88.800 | 48.076 | 24.902 |
|   6   | 61.050 | 82.800 | 89.150 | 48.113 | 24.843 |
|   7   | 60.100 | 82.450 | 89.100 | 47.540 | 24.551 |
|   8   | 61.050 | 82.850 | 89.200 | 47.740 | 24.618 |
|   9   | 61.550 | 82.850 | 89.350 | 47.702 | 24.612 |
|   10  | 60.450 | 82.900 | 89.500 | 47.688 | 24.644 |
|   11  | 61.200 | 83.000 | 88.900 | 47.624 | 24.590 |
|   12  | 61.300 | 83.350 | 89.350 | 47.905 | 24.780 |
|   13  | 61.200 | 83.200 | 89.300 | 47.802 | 24.723 |
|   14  | 61.000 | 83.250 | 89.600 | 48.024 | 24.952 |
+-------+--------+--------+--------+--------+--------+
     logs:  {'epo': 14, 'R1': 61.0, 'R5': 83.25, 'R10': 89.6, 'mAP': 48.024, 'mINP': 24.952, 'lr': 0.000378, 'entropy': 0.157198, 'loss': 2.070474}
      TTA Epoch: [15] [ 0/28]  eta: 0:00:22  lr: 0.000292  entropy: 0.1783  loss: 2.0430  time: 0.7933  data: 0.6619  max mem: 4847
      TTA Epoch: [15] [27/28]  eta: 0:00:00  lr: 0.000274  entropy: 0.1067  loss: 2.1185  time: 0.0645  data: 0.0002  max mem: 4847
      TTA Epoch: [15] Total time: 0:00:02 (0.0950 s / it)
     Averaged stats: lr: 0.0003  entropy: 0.1389  loss: 2.0617
     itm tta time 0:00:02
     Computing matching score
      ITM Evaluation: [   0/2000]  eta: 0:01:14    time: 0.0375  data: 0.0022  max mem: 4847
      ITM Evaluation: [ 100/2000]  eta: 0:01:04    time: 0.0329  data: 0.0000  max mem: 4847
      ITM Evaluation: [ 200/2000]  eta: 0:01:01    time: 0.0346  data: 0.0000  max mem: 4847
      ITM Evaluation: [ 300/2000]  eta: 0:00:58    time: 0.0326  data: 0.0000  max mem: 4847
      ITM Evaluation: [ 400/2000]  eta: 0:00:54    time: 0.0337  data: 0.0000  max mem: 4847
      ITM Evaluation: [ 500/2000]  eta: 0:00:51    time: 0.0350  data: 0.0000  max mem: 4847
      ITM Evaluation: [ 600/2000]  eta: 0:00:47    time: 0.0344  data: 0.0000  max mem: 4847
      ITM Evaluation: [ 700/2000]  eta: 0:00:44    time: 0.0346  data: 0.0000  max mem: 4847
      ITM Evaluation: [ 800/2000]  eta: 0:00:41    time: 0.0354  data: 0.0000  max mem: 4847
      ITM Evaluation: [ 900/2000]  eta: 0:00:37    time: 0.0337  data: 0.0000  max mem: 4847
      ITM Evaluation: [1000/2000]  eta: 0:00:35    time: 0.0417  data: 0.0000  max mem: 4847
      ITM Evaluation: [1100/2000]  eta: 0:00:31    time: 0.0353  data: 0.0000  max mem: 4847
      ITM Evaluation: [1200/2000]  eta: 0:00:28    time: 0.0351  data: 0.0000  max mem: 4847
      ITM Evaluation: [1300/2000]  eta: 0:00:24    time: 0.0335  data: 0.0000  max mem: 4847
      ITM Evaluation: [1400/2000]  eta: 0:00:20    time: 0.0335  data: 0.0000  max mem: 4847
      ITM Evaluation: [1500/2000]  eta: 0:00:17    time: 0.0323  data: 0.0000  max mem: 4847
      ITM Evaluation: [1600/2000]  eta: 0:00:13    time: 0.0352  data: 0.0000  max mem: 4847
      ITM Evaluation: [1700/2000]  eta: 0:00:10    time: 0.0348  data: 0.0000  max mem: 4847
      ITM Evaluation: [1800/2000]  eta: 0:00:06    time: 0.0333  data: 0.0000  max mem: 4847
      ITM Evaluation: [1900/2000]  eta: 0:00:03    time: 0.0348  data: 0.0000  max mem: 4847
      ITM Evaluation: [1999/2000]  eta: 0:00:00    time: 0.0339  data: 0.0000  max mem: 4847
      ITM Evaluation: Total time: 0:01:08 (0.0345 s / it)
     total_time 68.9214072227478
     Computing matching score time 0:01:08
### TTA ITM Score: 
+-------+--------+--------+--------+--------+--------+
| epoch |   R1   |   R5   |  R10   |  mAP   |  mINP  |
+-------+--------+--------+--------+--------+--------+
|  -999 | 59.000 | 79.650 | 88.500 | 47.231 | 25.876 |
|  -999 | 66.450 | 85.600 | 90.600 | 50.642 | 25.526 |
|   0   | 66.450 | 85.550 | 90.050 | 50.447 | 25.481 |
|   1   | 64.800 | 84.250 | 89.400 | 49.611 | 25.253 |
|   2   | 61.850 | 82.800 | 88.900 | 48.038 | 24.335 |
|   3   | 60.350 | 81.900 | 88.900 | 47.293 | 24.043 |
|   4   | 60.650 | 82.450 | 88.500 | 47.856 | 24.613 |
|   5   | 60.750 | 82.850 | 88.800 | 48.076 | 24.902 |
|   6   | 61.050 | 82.800 | 89.150 | 48.113 | 24.843 |
|   7   | 60.100 | 82.450 | 89.100 | 47.540 | 24.551 |
|   8   | 61.050 | 82.850 | 89.200 | 47.740 | 24.618 |
|   9   | 61.550 | 82.850 | 89.350 | 47.702 | 24.612 |
|   10  | 60.450 | 82.900 | 89.500 | 47.688 | 24.644 |
|   11  | 61.200 | 83.000 | 88.900 | 47.624 | 24.590 |
|   12  | 61.300 | 83.350 | 89.350 | 47.905 | 24.780 |
|   13  | 61.200 | 83.200 | 89.300 | 47.802 | 24.723 |
|   14  | 61.000 | 83.250 | 89.600 | 48.024 | 24.952 |
|   15  | 61.250 | 83.150 | 89.400 | 47.876 | 24.741 |
+-------+--------+--------+--------+--------+--------+
     logs:  {'epo': 15, 'R1': 61.25, 'R5': 83.15, 'R10': 89.4, 'mAP': 47.876, 'mINP': 24.741, 'lr': 0.000283, 'entropy': 0.13893, 'loss': 2.061677}
      TTA Epoch: [16] [ 0/28]  eta: 0:00:16  lr: 0.000273  entropy: 0.1316  loss: 2.0870  time: 0.5765  data: 0.4831  max mem: 4847
      TTA Epoch: [16] [27/28]  eta: 0:00:00  lr: 0.000256  entropy: 0.1230  loss: 2.0365  time: 0.0425  data: 0.0001  max mem: 4847
      TTA Epoch: [16] Total time: 0:00:01 (0.0647 s / it)
     Averaged stats: lr: 0.0003  entropy: 0.1376  loss: 2.0565
     itm tta time 0:00:01
     Computing matching score
      ITM Evaluation: [   0/2000]  eta: 0:01:12    time: 0.0361  data: 0.0029  max mem: 4847
      ITM Evaluation: [ 100/2000]  eta: 0:01:34    time: 0.0350  data: 0.0000  max mem: 4847
      ITM Evaluation: [ 200/2000]  eta: 0:01:17    time: 0.0350  data: 0.0000  max mem: 4847
      ITM Evaluation: [ 300/2000]  eta: 0:01:08    time: 0.0363  data: 0.0000  max mem: 4847
      ITM Evaluation: [ 400/2000]  eta: 0:01:02    time: 0.0322  data: 0.0000  max mem: 4847
      ITM Evaluation: [ 500/2000]  eta: 0:00:57    time: 0.0364  data: 0.0000  max mem: 4847
      ITM Evaluation: [ 600/2000]  eta: 0:00:53    time: 0.0373  data: 0.0000  max mem: 4847
      ITM Evaluation: [ 700/2000]  eta: 0:00:49    time: 0.0335  data: 0.0000  max mem: 4847
      ITM Evaluation: [ 800/2000]  eta: 0:00:45    time: 0.0346  data: 0.0000  max mem: 4847
      ITM Evaluation: [ 900/2000]  eta: 0:00:42    time: 0.0449  data: 0.0000  max mem: 4847
      ITM Evaluation: [1000/2000]  eta: 0:00:38    time: 0.0403  data: 0.0000  max mem: 4847
      ITM Evaluation: [1100/2000]  eta: 0:00:34    time: 0.0392  data: 0.0000  max mem: 4847
      ITM Evaluation: [1200/2000]  eta: 0:00:31    time: 0.0431  data: 0.0000  max mem: 4847
      ITM Evaluation: [1300/2000]  eta: 0:00:27    time: 0.0392  data: 0.0000  max mem: 4847
      ITM Evaluation: [1400/2000]  eta: 0:00:23    time: 0.0425  data: 0.0000  max mem: 4847
      ITM Evaluation: [1500/2000]  eta: 0:00:19    time: 0.0421  data: 0.0000  max mem: 4847
      ITM Evaluation: [1600/2000]  eta: 0:00:15    time: 0.0458  data: 0.0000  max mem: 4847
      ITM Evaluation: [1700/2000]  eta: 0:00:12    time: 0.0395  data: 0.0000  max mem: 4847
      ITM Evaluation: [1800/2000]  eta: 0:00:08    time: 0.0425  data: 0.0000  max mem: 4847
      ITM Evaluation: [1900/2000]  eta: 0:00:04    time: 0.0403  data: 0.0000  max mem: 4847
      ITM Evaluation: [1999/2000]  eta: 0:00:00    time: 0.0377  data: 0.0000  max mem: 4847
      ITM Evaluation: Total time: 0:01:20 (0.0401 s / it)
     total_time 80.28273034095764
     Computing matching score time 0:01:20
### TTA ITM Score: 
+-------+--------+--------+--------+--------+--------+
| epoch |   R1   |   R5   |  R10   |  mAP   |  mINP  |
+-------+--------+--------+--------+--------+--------+
|  -999 | 59.000 | 79.650 | 88.500 | 47.231 | 25.876 |
|  -999 | 66.450 | 85.600 | 90.600 | 50.642 | 25.526 |
|   0   | 66.450 | 85.550 | 90.050 | 50.447 | 25.481 |
|   1   | 64.800 | 84.250 | 89.400 | 49.611 | 25.253 |
|   2   | 61.850 | 82.800 | 88.900 | 48.038 | 24.335 |
|   3   | 60.350 | 81.900 | 88.900 | 47.293 | 24.043 |
|   4   | 60.650 | 82.450 | 88.500 | 47.856 | 24.613 |
|   5   | 60.750 | 82.850 | 88.800 | 48.076 | 24.902 |
|   6   | 61.050 | 82.800 | 89.150 | 48.113 | 24.843 |
|   7   | 60.100 | 82.450 | 89.100 | 47.540 | 24.551 |
|   8   | 61.050 | 82.850 | 89.200 | 47.740 | 24.618 |
|   9   | 61.550 | 82.850 | 89.350 | 47.702 | 24.612 |
|   10  | 60.450 | 82.900 | 89.500 | 47.688 | 24.644 |
|   11  | 61.200 | 83.000 | 88.900 | 47.624 | 24.590 |
|   12  | 61.300 | 83.350 | 89.350 | 47.905 | 24.780 |
|   13  | 61.200 | 83.200 | 89.300 | 47.802 | 24.723 |
|   14  | 61.000 | 83.250 | 89.600 | 48.024 | 24.952 |
|   15  | 61.250 | 83.150 | 89.400 | 47.876 | 24.741 |
|   16  | 61.400 | 83.100 | 89.400 | 47.843 | 24.751 |
+-------+--------+--------+--------+--------+--------+
     logs:  {'epo': 16, 'R1': 61.4, 'R5': 83.1, 'R10': 89.4, 'mAP': 47.843, 'mINP': 24.751, 'lr': 0.000265, 'entropy': 0.137593, 'loss': 2.056524}
      TTA Epoch: [17] [ 0/28]  eta: 0:00:31  lr: 0.000255  entropy: 0.2434  loss: 2.1843  time: 1.1295  data: 1.0639  max mem: 4847
      TTA Epoch: [17] [27/28]  eta: 0:00:00  lr: 0.000238  entropy: 0.0647  loss: 2.1438  time: 0.0505  data: 0.0001  max mem: 4847
      TTA Epoch: [17] Total time: 0:00:02 (0.0928 s / it)
     Averaged stats: lr: 0.0002  entropy: 0.1279  loss: 2.0569
     itm tta time 0:00:02
     Computing matching score
      ITM Evaluation: [   0/2000]  eta: 0:01:10    time: 0.0352  data: 0.0024  max mem: 4847
      ITM Evaluation: [ 100/2000]  eta: 0:01:16    time: 0.0404  data: 0.0000  max mem: 4847
      ITM Evaluation: [ 200/2000]  eta: 0:01:13    time: 0.0406  data: 0.0000  max mem: 4847
      ITM Evaluation: [ 300/2000]  eta: 0:01:09    time: 0.0408  data: 0.0000  max mem: 4847
      ITM Evaluation: [ 400/2000]  eta: 0:01:05    time: 0.0421  data: 0.0000  max mem: 4847
      ITM Evaluation: [ 500/2000]  eta: 0:01:01    time: 0.0469  data: 0.0000  max mem: 4847
      ITM Evaluation: [ 600/2000]  eta: 0:00:58    time: 0.0395  data: 0.0000  max mem: 4847
      ITM Evaluation: [ 700/2000]  eta: 0:00:53    time: 0.0380  data: 0.0000  max mem: 4847
      ITM Evaluation: [ 800/2000]  eta: 0:00:49    time: 0.0375  data: 0.0000  max mem: 4847
      ITM Evaluation: [ 900/2000]  eta: 0:00:44    time: 0.0408  data: 0.0000  max mem: 4847
      ITM Evaluation: [1000/2000]  eta: 0:00:40    time: 0.0392  data: 0.0000  max mem: 4847
      ITM Evaluation: [1100/2000]  eta: 0:00:36    time: 0.0361  data: 0.0000  max mem: 4847
      ITM Evaluation: [1200/2000]  eta: 0:00:32    time: 0.0382  data: 0.0000  max mem: 4847
      ITM Evaluation: [1300/2000]  eta: 0:00:28    time: 0.0421  data: 0.0000  max mem: 4847
      ITM Evaluation: [1400/2000]  eta: 0:00:24    time: 0.0412  data: 0.0000  max mem: 4847
      ITM Evaluation: [1500/2000]  eta: 0:00:20    time: 0.0472  data: 0.0000  max mem: 4847
      ITM Evaluation: [1600/2000]  eta: 0:00:16    time: 0.0392  data: 0.0000  max mem: 4847
      ITM Evaluation: [1700/2000]  eta: 0:00:12    time: 0.0425  data: 0.0000  max mem: 4847
      ITM Evaluation: [1800/2000]  eta: 0:00:08    time: 0.0401  data: 0.0000  max mem: 4847
      ITM Evaluation: [1900/2000]  eta: 0:00:04    time: 0.0389  data: 0.0000  max mem: 4847
      ITM Evaluation: [1999/2000]  eta: 0:00:00    time: 0.0391  data: 0.0000  max mem: 4847
      ITM Evaluation: Total time: 0:01:20 (0.0404 s / it)
     total_time 80.82854223251343
     Computing matching score time 0:01:20
### TTA ITM Score: 
+-------+--------+--------+--------+--------+--------+
| epoch |   R1   |   R5   |  R10   |  mAP   |  mINP  |
+-------+--------+--------+--------+--------+--------+
|  -999 | 59.000 | 79.650 | 88.500 | 47.231 | 25.876 |
|  -999 | 66.450 | 85.600 | 90.600 | 50.642 | 25.526 |
|   0   | 66.450 | 85.550 | 90.050 | 50.447 | 25.481 |
|   1   | 64.800 | 84.250 | 89.400 | 49.611 | 25.253 |
|   2   | 61.850 | 82.800 | 88.900 | 48.038 | 24.335 |
|   3   | 60.350 | 81.900 | 88.900 | 47.293 | 24.043 |
|   4   | 60.650 | 82.450 | 88.500 | 47.856 | 24.613 |
|   5   | 60.750 | 82.850 | 88.800 | 48.076 | 24.902 |
|   6   | 61.050 | 82.800 | 89.150 | 48.113 | 24.843 |
|   7   | 60.100 | 82.450 | 89.100 | 47.540 | 24.551 |
|   8   | 61.050 | 82.850 | 89.200 | 47.740 | 24.618 |
|   9   | 61.550 | 82.850 | 89.350 | 47.702 | 24.612 |
|   10  | 60.450 | 82.900 | 89.500 | 47.688 | 24.644 |
|   11  | 61.200 | 83.000 | 88.900 | 47.624 | 24.590 |
|   12  | 61.300 | 83.350 | 89.350 | 47.905 | 24.780 |
|   13  | 61.200 | 83.200 | 89.300 | 47.802 | 24.723 |
|   14  | 61.000 | 83.250 | 89.600 | 48.024 | 24.952 |
|   15  | 61.250 | 83.150 | 89.400 | 47.876 | 24.741 |
|   16  | 61.400 | 83.100 | 89.400 | 47.843 | 24.751 |
|   17  | 61.450 | 82.800 | 89.300 | 47.819 | 24.639 |
+-------+--------+--------+--------+--------+--------+
     logs:  {'epo': 17, 'R1': 61.45, 'R5': 82.8, 'R10': 89.3, 'mAP': 47.819, 'mINP': 24.639, 'lr': 0.000246, 'entropy': 0.127937, 'loss': 2.056928}
      TTA Epoch: [18] [ 0/28]  eta: 0:00:21  lr: 0.000237  entropy: 0.1871  loss: 2.0554  time: 0.7819  data: 0.6782  max mem: 4847
      TTA Epoch: [18] [27/28]  eta: 0:00:00  lr: 0.000219  entropy: 0.1480  loss: 1.8850  time: 0.0519  data: 0.0001  max mem: 4847
      TTA Epoch: [18] Total time: 0:00:02 (0.0804 s / it)
     Averaged stats: lr: 0.0002  entropy: 0.1257  loss: 2.0518
     itm tta time 0:00:02
     Computing matching score
      ITM Evaluation: [   0/2000]  eta: 0:01:19    time: 0.0396  data: 0.0022  max mem: 4847
      ITM Evaluation: [ 100/2000]  eta: 0:01:12    time: 0.0366  data: 0.0000  max mem: 4847
      ITM Evaluation: [ 200/2000]  eta: 0:01:12    time: 0.0399  data: 0.0000  max mem: 4847
      ITM Evaluation: [ 300/2000]  eta: 0:01:08    time: 0.0406  data: 0.0000  max mem: 4847
      ITM Evaluation: [ 400/2000]  eta: 0:01:05    time: 0.0435  data: 0.0000  max mem: 4847
      ITM Evaluation: [ 500/2000]  eta: 0:01:01    time: 0.0429  data: 0.0000  max mem: 4847
      ITM Evaluation: [ 600/2000]  eta: 0:00:57    time: 0.0412  data: 0.0000  max mem: 4847
      ITM Evaluation: [ 700/2000]  eta: 0:00:53    time: 0.0413  data: 0.0000  max mem: 4847
      ITM Evaluation: [ 800/2000]  eta: 0:00:49    time: 0.0410  data: 0.0000  max mem: 4847
      ITM Evaluation: [ 900/2000]  eta: 0:00:45    time: 0.0394  data: 0.0000  max mem: 4847
      ITM Evaluation: [1000/2000]  eta: 0:00:40    time: 0.0398  data: 0.0000  max mem: 4847
      ITM Evaluation: [1100/2000]  eta: 0:00:36    time: 0.0403  data: 0.0000  max mem: 4847
      ITM Evaluation: [1200/2000]  eta: 0:00:32    time: 0.0390  data: 0.0000  max mem: 4847
      ITM Evaluation: [1300/2000]  eta: 0:00:28    time: 0.0409  data: 0.0000  max mem: 4847
      ITM Evaluation: [1400/2000]  eta: 0:00:24    time: 0.0482  data: 0.0000  max mem: 4847
      ITM Evaluation: [1500/2000]  eta: 0:00:20    time: 0.0382  data: 0.0000  max mem: 4847
      ITM Evaluation: [1600/2000]  eta: 0:00:16    time: 0.0430  data: 0.0000  max mem: 4847
      ITM Evaluation: [1700/2000]  eta: 0:00:12    time: 0.0421  data: 0.0000  max mem: 4847
      ITM Evaluation: [1800/2000]  eta: 0:00:08    time: 0.0463  data: 0.0000  max mem: 4847
      ITM Evaluation: [1900/2000]  eta: 0:00:04    time: 0.0426  data: 0.0000  max mem: 4847
      ITM Evaluation: [1999/2000]  eta: 0:00:00    time: 0.0426  data: 0.0000  max mem: 4847
      ITM Evaluation: Total time: 0:01:23 (0.0417 s / it)
     total_time 83.3117904663086
     Computing matching score time 0:01:23
### TTA ITM Score: 
+-------+--------+--------+--------+--------+--------+
| epoch |   R1   |   R5   |  R10   |  mAP   |  mINP  |
+-------+--------+--------+--------+--------+--------+
|  -999 | 59.000 | 79.650 | 88.500 | 47.231 | 25.876 |
|  -999 | 66.450 | 85.600 | 90.600 | 50.642 | 25.526 |
|   0   | 66.450 | 85.550 | 90.050 | 50.447 | 25.481 |
|   1   | 64.800 | 84.250 | 89.400 | 49.611 | 25.253 |
|   2   | 61.850 | 82.800 | 88.900 | 48.038 | 24.335 |
|   3   | 60.350 | 81.900 | 88.900 | 47.293 | 24.043 |
|   4   | 60.650 | 82.450 | 88.500 | 47.856 | 24.613 |
|   5   | 60.750 | 82.850 | 88.800 | 48.076 | 24.902 |
|   6   | 61.050 | 82.800 | 89.150 | 48.113 | 24.843 |
|   7   | 60.100 | 82.450 | 89.100 | 47.540 | 24.551 |
|   8   | 61.050 | 82.850 | 89.200 | 47.740 | 24.618 |
|   9   | 61.550 | 82.850 | 89.350 | 47.702 | 24.612 |
|   10  | 60.450 | 82.900 | 89.500 | 47.688 | 24.644 |
|   11  | 61.200 | 83.000 | 88.900 | 47.624 | 24.590 |
|   12  | 61.300 | 83.350 | 89.350 | 47.905 | 24.780 |
|   13  | 61.200 | 83.200 | 89.300 | 47.802 | 24.723 |
|   14  | 61.000 | 83.250 | 89.600 | 48.024 | 24.952 |
|   15  | 61.250 | 83.150 | 89.400 | 47.876 | 24.741 |
|   16  | 61.400 | 83.100 | 89.400 | 47.843 | 24.751 |
|   17  | 61.450 | 82.800 | 89.300 | 47.819 | 24.639 |
|   18  | 61.250 | 83.000 | 89.100 | 47.835 | 24.601 |
+-------+--------+--------+--------+--------+--------+
     logs:  {'epo': 18, 'R1': 61.25, 'R5': 83.0, 'R10': 89.1, 'mAP': 47.835, 'mINP': 24.601, 'lr': 0.000228, 'entropy': 0.125661, 'loss': 2.051798}
      TTA Epoch: [19] [ 0/28]  eta: 0:00:23  lr: 0.000219  entropy: 0.1781  loss: 1.9266  time: 0.8419  data: 0.7411  max mem: 4847
      TTA Epoch: [19] [27/28]  eta: 0:00:00  lr: 0.000201  entropy: 0.2134  loss: 2.0120  time: 0.0484  data: 0.0001  max mem: 4847
      TTA Epoch: [19] Total time: 0:00:02 (0.0804 s / it)
     Averaged stats: lr: 0.0002  entropy: 0.1289  loss: 2.0548
     itm tta time 0:00:02
     Computing matching score
      ITM Evaluation: [   0/2000]  eta: 0:01:26    time: 0.0433  data: 0.0024  max mem: 4847
      ITM Evaluation: [ 100/2000]  eta: 0:01:18    time: 0.0401  data: 0.0000  max mem: 4847
      ITM Evaluation: [ 200/2000]  eta: 0:01:20    time: 0.0476  data: 0.0000  max mem: 4847
      ITM Evaluation: [ 300/2000]  eta: 0:01:13    time: 0.0401  data: 0.0000  max mem: 4847
      ITM Evaluation: [ 400/2000]  eta: 0:01:08    time: 0.0391  data: 0.0000  max mem: 4847
      ITM Evaluation: [ 500/2000]  eta: 0:01:03    time: 0.0413  data: 0.0000  max mem: 4847
      ITM Evaluation: [ 600/2000]  eta: 0:00:59    time: 0.0415  data: 0.0000  max mem: 4847
      ITM Evaluation: [ 700/2000]  eta: 0:00:55    time: 0.0396  data: 0.0000  max mem: 4847
      ITM Evaluation: [ 800/2000]  eta: 0:00:50    time: 0.0421  data: 0.0000  max mem: 4847
      ITM Evaluation: [ 900/2000]  eta: 0:00:46    time: 0.0448  data: 0.0000  max mem: 4847
      ITM Evaluation: [1000/2000]  eta: 0:00:42    time: 0.0401  data: 0.0000  max mem: 4847
      ITM Evaluation: [1100/2000]  eta: 0:00:38    time: 0.0471  data: 0.0000  max mem: 4847
      ITM Evaluation: [1200/2000]  eta: 0:00:33    time: 0.0365  data: 0.0000  max mem: 4847
      ITM Evaluation: [1300/2000]  eta: 0:00:29    time: 0.0427  data: 0.0000  max mem: 4847
      ITM Evaluation: [1400/2000]  eta: 0:00:25    time: 0.0409  data: 0.0000  max mem: 4847
      ITM Evaluation: [1500/2000]  eta: 0:00:21    time: 0.0383  data: 0.0000  max mem: 4847
      ITM Evaluation: [1600/2000]  eta: 0:00:16    time: 0.0389  data: 0.0000  max mem: 4847
      ITM Evaluation: [1700/2000]  eta: 0:00:12    time: 0.0390  data: 0.0000  max mem: 4847
      ITM Evaluation: [1800/2000]  eta: 0:00:08    time: 0.0402  data: 0.0000  max mem: 4847
      ITM Evaluation: [1900/2000]  eta: 0:00:04    time: 0.0387  data: 0.0000  max mem: 4847
      ITM Evaluation: [1999/2000]  eta: 0:00:00    time: 0.0446  data: 0.0000  max mem: 4847
      ITM Evaluation: Total time: 0:01:23 (0.0418 s / it)
     total_time 83.65822577476501
     Computing matching score time 0:01:23
### TTA ITM Score: 
+-------+--------+--------+--------+--------+--------+
| epoch |   R1   |   R5   |  R10   |  mAP   |  mINP  |
+-------+--------+--------+--------+--------+--------+
|  -999 | 59.000 | 79.650 | 88.500 | 47.231 | 25.876 |
|  -999 | 66.450 | 85.600 | 90.600 | 50.642 | 25.526 |
|   0   | 66.450 | 85.550 | 90.050 | 50.447 | 25.481 |
|   1   | 64.800 | 84.250 | 89.400 | 49.611 | 25.253 |
|   2   | 61.850 | 82.800 | 88.900 | 48.038 | 24.335 |
|   3   | 60.350 | 81.900 | 88.900 | 47.293 | 24.043 |
|   4   | 60.650 | 82.450 | 88.500 | 47.856 | 24.613 |
|   5   | 60.750 | 82.850 | 88.800 | 48.076 | 24.902 |
|   6   | 61.050 | 82.800 | 89.150 | 48.113 | 24.843 |
|   7   | 60.100 | 82.450 | 89.100 | 47.540 | 24.551 |
|   8   | 61.050 | 82.850 | 89.200 | 47.740 | 24.618 |
|   9   | 61.550 | 82.850 | 89.350 | 47.702 | 24.612 |
|   10  | 60.450 | 82.900 | 89.500 | 47.688 | 24.644 |
|   11  | 61.200 | 83.000 | 88.900 | 47.624 | 24.590 |
|   12  | 61.300 | 83.350 | 89.350 | 47.905 | 24.780 |
|   13  | 61.200 | 83.200 | 89.300 | 47.802 | 24.723 |
|   14  | 61.000 | 83.250 | 89.600 | 48.024 | 24.952 |
|   15  | 61.250 | 83.150 | 89.400 | 47.876 | 24.741 |
|   16  | 61.400 | 83.100 | 89.400 | 47.843 | 24.751 |
|   17  | 61.450 | 82.800 | 89.300 | 47.819 | 24.639 |
|   18  | 61.250 | 83.000 | 89.100 | 47.835 | 24.601 |
|   19  | 61.000 | 83.150 | 88.950 | 47.727 | 24.570 |
+-------+--------+--------+--------+--------+--------+
     logs:  {'epo': 19, 'R1': 61.0, 'R5': 83.15, 'R10': 88.95, 'mAP': 47.727, 'mINP': 24.57, 'lr': 0.00021, 'entropy': 0.128915, 'loss': 2.054816}
      TTA Epoch: [20] [ 0/28]  eta: 0:00:31  lr: 0.000201  entropy: 0.0493  loss: 1.9050  time: 1.1108  data: 0.9732  max mem: 4847
      TTA Epoch: [20] [27/28]  eta: 0:00:00  lr: 0.000183  entropy: 0.0621  loss: 1.9921  time: 0.0550  data: 0.0001  max mem: 4847
      TTA Epoch: [20] Total time: 0:00:02 (0.1000 s / it)
     Averaged stats: lr: 0.0002  entropy: 0.1283  loss: 2.0517
     itm tta time 0:00:02
     Computing matching score
      ITM Evaluation: [   0/2000]  eta: 0:01:23    time: 0.0417  data: 0.0025  max mem: 4847
      ITM Evaluation: [ 100/2000]  eta: 0:01:17    time: 0.0429  data: 0.0000  max mem: 4847
      ITM Evaluation: [ 200/2000]  eta: 0:01:11    time: 0.0382  data: 0.0000  max mem: 4847
      ITM Evaluation: [ 300/2000]  eta: 0:01:07    time: 0.0395  data: 0.0000  max mem: 4847
      ITM Evaluation: [ 400/2000]  eta: 0:01:03    time: 0.0414  data: 0.0000  max mem: 4847
      ITM Evaluation: [ 500/2000]  eta: 0:00:59    time: 0.0381  data: 0.0000  max mem: 4847
      ITM Evaluation: [ 600/2000]  eta: 0:00:54    time: 0.0360  data: 0.0000  max mem: 4847
      ITM Evaluation: [ 700/2000]  eta: 0:00:50    time: 0.0404  data: 0.0000  max mem: 4847
      ITM Evaluation: [ 800/2000]  eta: 0:00:47    time: 0.0392  data: 0.0000  max mem: 4847
      ITM Evaluation: [ 900/2000]  eta: 0:00:43    time: 0.0404  data: 0.0000  max mem: 4847
      ITM Evaluation: [1000/2000]  eta: 0:00:39    time: 0.0395  data: 0.0000  max mem: 4847
      ITM Evaluation: [1100/2000]  eta: 0:00:35    time: 0.0391  data: 0.0000  max mem: 4847
      ITM Evaluation: [1200/2000]  eta: 0:00:31    time: 0.0381  data: 0.0000  max mem: 4847
      ITM Evaluation: [1300/2000]  eta: 0:00:27    time: 0.0371  data: 0.0000  max mem: 4847
      ITM Evaluation: [1400/2000]  eta: 0:00:23    time: 0.0371  data: 0.0000  max mem: 4847
      ITM Evaluation: [1500/2000]  eta: 0:00:19    time: 0.0411  data: 0.0000  max mem: 4847
      ITM Evaluation: [1600/2000]  eta: 0:00:15    time: 0.0383  data: 0.0000  max mem: 4847
      ITM Evaluation: [1700/2000]  eta: 0:00:11    time: 0.0391  data: 0.0000  max mem: 4847
      ITM Evaluation: [1800/2000]  eta: 0:00:07    time: 0.0394  data: 0.0000  max mem: 4847
      ITM Evaluation: [1900/2000]  eta: 0:00:03    time: 0.0411  data: 0.0000  max mem: 4847
      ITM Evaluation: [1999/2000]  eta: 0:00:00    time: 0.0378  data: 0.0000  max mem: 4847
      ITM Evaluation: Total time: 0:01:19 (0.0397 s / it)
     total_time 79.44786548614502
     Computing matching score time 0:01:19
### TTA ITM Score: 
+-------+--------+--------+--------+--------+--------+
| epoch |   R1   |   R5   |  R10   |  mAP   |  mINP  |
+-------+--------+--------+--------+--------+--------+
|  -999 | 59.000 | 79.650 | 88.500 | 47.231 | 25.876 |
|  -999 | 66.450 | 85.600 | 90.600 | 50.642 | 25.526 |
|   0   | 66.450 | 85.550 | 90.050 | 50.447 | 25.481 |
|   1   | 64.800 | 84.250 | 89.400 | 49.611 | 25.253 |
|   2   | 61.850 | 82.800 | 88.900 | 48.038 | 24.335 |
|   3   | 60.350 | 81.900 | 88.900 | 47.293 | 24.043 |
|   4   | 60.650 | 82.450 | 88.500 | 47.856 | 24.613 |
|   5   | 60.750 | 82.850 | 88.800 | 48.076 | 24.902 |
|   6   | 61.050 | 82.800 | 89.150 | 48.113 | 24.843 |
|   7   | 60.100 | 82.450 | 89.100 | 47.540 | 24.551 |
|   8   | 61.050 | 82.850 | 89.200 | 47.740 | 24.618 |
|   9   | 61.550 | 82.850 | 89.350 | 47.702 | 24.612 |
|   10  | 60.450 | 82.900 | 89.500 | 47.688 | 24.644 |
|   11  | 61.200 | 83.000 | 88.900 | 47.624 | 24.590 |
|   12  | 61.300 | 83.350 | 89.350 | 47.905 | 24.780 |
|   13  | 61.200 | 83.200 | 89.300 | 47.802 | 24.723 |
|   14  | 61.000 | 83.250 | 89.600 | 48.024 | 24.952 |
|   15  | 61.250 | 83.150 | 89.400 | 47.876 | 24.741 |
|   16  | 61.400 | 83.100 | 89.400 | 47.843 | 24.751 |
|   17  | 61.450 | 82.800 | 89.300 | 47.819 | 24.639 |
|   18  | 61.250 | 83.000 | 89.100 | 47.835 | 24.601 |
|   19  | 61.000 | 83.150 | 88.950 | 47.727 | 24.570 |
|   20  | 60.550 | 83.150 | 89.200 | 47.644 | 24.538 |
+-------+--------+--------+--------+--------+--------+
     logs:  {'epo': 20, 'R1': 60.55, 'R5': 83.15, 'R10': 89.2, 'mAP': 47.644, 'mINP': 24.538, 'lr': 0.000192, 'entropy': 0.128256, 'loss': 2.051728}
      TTA Epoch: [21] [ 0/28]  eta: 0:00:22  lr: 0.000182  entropy: 0.0833  loss: 1.8457  time: 0.8020  data: 0.6801  max mem: 4847
      TTA Epoch: [21] [27/28]  eta: 0:00:00  lr: 0.000165  entropy: 0.1335  loss: 2.2468  time: 0.0510  data: 0.0002  max mem: 4847
      TTA Epoch: [21] Total time: 0:00:02 (0.0808 s / it)
     Averaged stats: lr: 0.0002  entropy: 0.1214  loss: 2.0520
     itm tta time 0:00:02
     Computing matching score
      ITM Evaluation: [   0/2000]  eta: 0:01:09    time: 0.0345  data: 0.0025  max mem: 4847
      ITM Evaluation: [ 100/2000]  eta: 0:01:14    time: 0.0412  data: 0.0000  max mem: 4847
      ITM Evaluation: [ 200/2000]  eta: 0:01:10    time: 0.0398  data: 0.0000  max mem: 4847
      ITM Evaluation: [ 300/2000]  eta: 0:01:06    time: 0.0405  data: 0.0000  max mem: 4847
      ITM Evaluation: [ 400/2000]  eta: 0:01:03    time: 0.0381  data: 0.0000  max mem: 4847
      ITM Evaluation: [ 500/2000]  eta: 0:00:59    time: 0.0391  data: 0.0000  max mem: 4847
      ITM Evaluation: [ 600/2000]  eta: 0:00:55    time: 0.0379  data: 0.0000  max mem: 4847
      ITM Evaluation: [ 700/2000]  eta: 0:00:51    time: 0.0425  data: 0.0000  max mem: 4847
      ITM Evaluation: [ 800/2000]  eta: 0:00:47    time: 0.0407  data: 0.0000  max mem: 4847
      ITM Evaluation: [ 900/2000]  eta: 0:00:43    time: 0.0368  data: 0.0000  max mem: 4847
      ITM Evaluation: [1000/2000]  eta: 0:00:39    time: 0.0386  data: 0.0000  max mem: 4847
      ITM Evaluation: [1100/2000]  eta: 0:00:35    time: 0.0384  data: 0.0000  max mem: 4847
      ITM Evaluation: [1200/2000]  eta: 0:00:31    time: 0.0397  data: 0.0000  max mem: 4847
      ITM Evaluation: [1300/2000]  eta: 0:00:27    time: 0.0389  data: 0.0000  max mem: 4847
      ITM Evaluation: [1400/2000]  eta: 0:00:23    time: 0.0410  data: 0.0000  max mem: 4847
      ITM Evaluation: [1500/2000]  eta: 0:00:19    time: 0.0399  data: 0.0000  max mem: 4847
      ITM Evaluation: [1600/2000]  eta: 0:00:15    time: 0.0390  data: 0.0000  max mem: 4847
      ITM Evaluation: [1700/2000]  eta: 0:00:11    time: 0.0424  data: 0.0000  max mem: 4847
      ITM Evaluation: [1800/2000]  eta: 0:00:07    time: 0.0424  data: 0.0000  max mem: 4847
      ITM Evaluation: [1900/2000]  eta: 0:00:03    time: 0.0413  data: 0.0000  max mem: 4847
      ITM Evaluation: [1999/2000]  eta: 0:00:00    time: 0.0391  data: 0.0000  max mem: 4847
      ITM Evaluation: Total time: 0:01:19 (0.0396 s / it)
     total_time 79.28112006187439
     Computing matching score time 0:01:19
### TTA ITM Score: 
+-------+--------+--------+--------+--------+--------+
| epoch |   R1   |   R5   |  R10   |  mAP   |  mINP  |
+-------+--------+--------+--------+--------+--------+
|  -999 | 59.000 | 79.650 | 88.500 | 47.231 | 25.876 |
|  -999 | 66.450 | 85.600 | 90.600 | 50.642 | 25.526 |
|   0   | 66.450 | 85.550 | 90.050 | 50.447 | 25.481 |
|   1   | 64.800 | 84.250 | 89.400 | 49.611 | 25.253 |
|   2   | 61.850 | 82.800 | 88.900 | 48.038 | 24.335 |
|   3   | 60.350 | 81.900 | 88.900 | 47.293 | 24.043 |
|   4   | 60.650 | 82.450 | 88.500 | 47.856 | 24.613 |
|   5   | 60.750 | 82.850 | 88.800 | 48.076 | 24.902 |
|   6   | 61.050 | 82.800 | 89.150 | 48.113 | 24.843 |
|   7   | 60.100 | 82.450 | 89.100 | 47.540 | 24.551 |
|   8   | 61.050 | 82.850 | 89.200 | 47.740 | 24.618 |
|   9   | 61.550 | 82.850 | 89.350 | 47.702 | 24.612 |
|   10  | 60.450 | 82.900 | 89.500 | 47.688 | 24.644 |
|   11  | 61.200 | 83.000 | 88.900 | 47.624 | 24.590 |
|   12  | 61.300 | 83.350 | 89.350 | 47.905 | 24.780 |
|   13  | 61.200 | 83.200 | 89.300 | 47.802 | 24.723 |
|   14  | 61.000 | 83.250 | 89.600 | 48.024 | 24.952 |
|   15  | 61.250 | 83.150 | 89.400 | 47.876 | 24.741 |
|   16  | 61.400 | 83.100 | 89.400 | 47.843 | 24.751 |
|   17  | 61.450 | 82.800 | 89.300 | 47.819 | 24.639 |
|   18  | 61.250 | 83.000 | 89.100 | 47.835 | 24.601 |
|   19  | 61.000 | 83.150 | 88.950 | 47.727 | 24.570 |
|   20  | 60.550 | 83.150 | 89.200 | 47.644 | 24.538 |
|   21  | 60.950 | 82.800 | 89.000 | 47.660 | 24.543 |
+-------+--------+--------+--------+--------+--------+
     logs:  {'epo': 21, 'R1': 60.95, 'R5': 82.8, 'R10': 89.0, 'mAP': 47.66, 'mINP': 24.543, 'lr': 0.000174, 'entropy': 0.121434, 'loss': 2.052043}
      TTA Epoch: [22] [ 0/28]  eta: 0:00:22  lr: 0.000164  entropy: 0.0447  loss: 2.0549  time: 0.8179  data: 0.6964  max mem: 4847
      TTA Epoch: [22] [27/28]  eta: 0:00:00  lr: 0.000147  entropy: 0.1232  loss: 2.0861  time: 0.0511  data: 0.0001  max mem: 4847
      TTA Epoch: [22] Total time: 0:00:02 (0.0809 s / it)
     Averaged stats: lr: 0.0002  entropy: 0.1170  loss: 2.0514
     itm tta time 0:00:02
     Computing matching score
      ITM Evaluation: [   0/2000]  eta: 0:01:22    time: 0.0414  data: 0.0026  max mem: 4847
      ITM Evaluation: [ 100/2000]  eta: 0:01:17    time: 0.0395  data: 0.0000  max mem: 4847
      ITM Evaluation: [ 200/2000]  eta: 0:01:13    time: 0.0424  data: 0.0000  max mem: 4847
      ITM Evaluation: [ 300/2000]  eta: 0:01:09    time: 0.0433  data: 0.0000  max mem: 4847
      ITM Evaluation: [ 400/2000]  eta: 0:01:05    time: 0.0423  data: 0.0000  max mem: 4847
      ITM Evaluation: [ 500/2000]  eta: 0:01:02    time: 0.0435  data: 0.0000  max mem: 4847
      ITM Evaluation: [ 600/2000]  eta: 0:00:59    time: 0.0485  data: 0.0000  max mem: 4847
      ITM Evaluation: [ 700/2000]  eta: 0:00:55    time: 0.0401  data: 0.0000  max mem: 4847
      ITM Evaluation: [ 800/2000]  eta: 0:00:51    time: 0.0413  data: 0.0000  max mem: 4847
      ITM Evaluation: [ 900/2000]  eta: 0:00:46    time: 0.0386  data: 0.0000  max mem: 4847
      ITM Evaluation: [1000/2000]  eta: 0:00:42    time: 0.0470  data: 0.0000  max mem: 4847
      ITM Evaluation: [1100/2000]  eta: 0:00:38    time: 0.0465  data: 0.0000  max mem: 4847
      ITM Evaluation: [1200/2000]  eta: 0:00:33    time: 0.0430  data: 0.0000  max mem: 4847
      ITM Evaluation: [1300/2000]  eta: 0:00:29    time: 0.0424  data: 0.0000  max mem: 4847
      ITM Evaluation: [1400/2000]  eta: 0:00:25    time: 0.0388  data: 0.0000  max mem: 4847
      ITM Evaluation: [1500/2000]  eta: 0:00:21    time: 0.0434  data: 0.0000  max mem: 4847
      ITM Evaluation: [1600/2000]  eta: 0:00:16    time: 0.0375  data: 0.0000  max mem: 4847
      ITM Evaluation: [1700/2000]  eta: 0:00:12    time: 0.0430  data: 0.0000  max mem: 4847
      ITM Evaluation: [1800/2000]  eta: 0:00:08    time: 0.0407  data: 0.0000  max mem: 4847
      ITM Evaluation: [1900/2000]  eta: 0:00:04    time: 0.0433  data: 0.0000  max mem: 4847
      ITM Evaluation: [1999/2000]  eta: 0:00:00    time: 0.0356  data: 0.0000  max mem: 4847
      ITM Evaluation: Total time: 0:01:24 (0.0422 s / it)
     total_time 84.46958470344543
     Computing matching score time 0:01:24
### TTA ITM Score: 
+-------+--------+--------+--------+--------+--------+
| epoch |   R1   |   R5   |  R10   |  mAP   |  mINP  |
+-------+--------+--------+--------+--------+--------+
|  -999 | 59.000 | 79.650 | 88.500 | 47.231 | 25.876 |
|  -999 | 66.450 | 85.600 | 90.600 | 50.642 | 25.526 |
|   0   | 66.450 | 85.550 | 90.050 | 50.447 | 25.481 |
|   1   | 64.800 | 84.250 | 89.400 | 49.611 | 25.253 |
|   2   | 61.850 | 82.800 | 88.900 | 48.038 | 24.335 |
|   3   | 60.350 | 81.900 | 88.900 | 47.293 | 24.043 |
|   4   | 60.650 | 82.450 | 88.500 | 47.856 | 24.613 |
|   5   | 60.750 | 82.850 | 88.800 | 48.076 | 24.902 |
|   6   | 61.050 | 82.800 | 89.150 | 48.113 | 24.843 |
|   7   | 60.100 | 82.450 | 89.100 | 47.540 | 24.551 |
|   8   | 61.050 | 82.850 | 89.200 | 47.740 | 24.618 |
|   9   | 61.550 | 82.850 | 89.350 | 47.702 | 24.612 |
|   10  | 60.450 | 82.900 | 89.500 | 47.688 | 24.644 |
|   11  | 61.200 | 83.000 | 88.900 | 47.624 | 24.590 |
|   12  | 61.300 | 83.350 | 89.350 | 47.905 | 24.780 |
|   13  | 61.200 | 83.200 | 89.300 | 47.802 | 24.723 |
|   14  | 61.000 | 83.250 | 89.600 | 48.024 | 24.952 |
|   15  | 61.250 | 83.150 | 89.400 | 47.876 | 24.741 |
|   16  | 61.400 | 83.100 | 89.400 | 47.843 | 24.751 |
|   17  | 61.450 | 82.800 | 89.300 | 47.819 | 24.639 |
|   18  | 61.250 | 83.000 | 89.100 | 47.835 | 24.601 |
|   19  | 61.000 | 83.150 | 88.950 | 47.727 | 24.570 |
|   20  | 60.550 | 83.150 | 89.200 | 47.644 | 24.538 |
|   21  | 60.950 | 82.800 | 89.000 | 47.660 | 24.543 |
|   22  | 61.200 | 82.900 | 89.050 | 47.651 | 24.488 |
+-------+--------+--------+--------+--------+--------+
     logs:  {'epo': 22, 'R1': 61.2, 'R5': 82.9, 'R10': 89.05, 'mAP': 47.651, 'mINP': 24.488, 'lr': 0.000156, 'entropy': 0.116956, 'loss': 2.051376}
      TTA Epoch: [23] [ 0/28]  eta: 0:00:17  lr: 0.000146  entropy: 0.1463  loss: 2.1799  time: 0.6390  data: 0.5613  max mem: 4847
      TTA Epoch: [23] [27/28]  eta: 0:00:00  lr: 0.000129  entropy: 0.1265  loss: 2.2076  time: 0.0455  data: 0.0001  max mem: 4847
      TTA Epoch: [23] Total time: 0:00:01 (0.0685 s / it)
     Averaged stats: lr: 0.0001  entropy: 0.1138  loss: 2.0467
     itm tta time 0:00:02
     Computing matching score
      ITM Evaluation: [   0/2000]  eta: 0:01:20    time: 0.0401  data: 0.0027  max mem: 4847
      ITM Evaluation: [ 100/2000]  eta: 0:01:12    time: 0.0382  data: 0.0000  max mem: 4847
      ITM Evaluation: [ 200/2000]  eta: 0:01:11    time: 0.0423  data: 0.0000  max mem: 4847
      ITM Evaluation: [ 300/2000]  eta: 0:01:08    time: 0.0405  data: 0.0000  max mem: 4847
      ITM Evaluation: [ 400/2000]  eta: 0:01:05    time: 0.0480  data: 0.0000  max mem: 4847
      ITM Evaluation: [ 500/2000]  eta: 0:01:03    time: 0.0410  data: 0.0000  max mem: 4847
      ITM Evaluation: [ 600/2000]  eta: 0:00:58    time: 0.0407  data: 0.0000  max mem: 4847
      ITM Evaluation: [ 700/2000]  eta: 0:00:54    time: 0.0388  data: 0.0000  max mem: 4847
      ITM Evaluation: [ 800/2000]  eta: 0:00:49    time: 0.0399  data: 0.0000  max mem: 4847
      ITM Evaluation: [ 900/2000]  eta: 0:00:45    time: 0.0411  data: 0.0000  max mem: 4847
      ITM Evaluation: [1000/2000]  eta: 0:00:41    time: 0.0408  data: 0.0000  max mem: 4847
      ITM Evaluation: [1100/2000]  eta: 0:00:37    time: 0.0410  data: 0.0000  max mem: 4847
      ITM Evaluation: [1200/2000]  eta: 0:00:33    time: 0.0422  data: 0.0000  max mem: 4847
      ITM Evaluation: [1300/2000]  eta: 0:00:28    time: 0.0475  data: 0.0000  max mem: 4847
      ITM Evaluation: [1400/2000]  eta: 0:00:25    time: 0.0459  data: 0.0000  max mem: 4847
      ITM Evaluation: [1500/2000]  eta: 0:00:20    time: 0.0397  data: 0.0000  max mem: 4847
      ITM Evaluation: [1600/2000]  eta: 0:00:16    time: 0.0358  data: 0.0000  max mem: 4847
      ITM Evaluation: [1700/2000]  eta: 0:00:12    time: 0.0387  data: 0.0000  max mem: 4847
      ITM Evaluation: [1800/2000]  eta: 0:00:08    time: 0.0400  data: 0.0000  max mem: 4847
      ITM Evaluation: [1900/2000]  eta: 0:00:04    time: 0.0423  data: 0.0000  max mem: 4847
      ITM Evaluation: [1999/2000]  eta: 0:00:00    time: 0.0389  data: 0.0000  max mem: 4847
      ITM Evaluation: Total time: 0:01:22 (0.0413 s / it)
     total_time 82.58619546890259
     Computing matching score time 0:01:22
### TTA ITM Score: 
+-------+--------+--------+--------+--------+--------+
| epoch |   R1   |   R5   |  R10   |  mAP   |  mINP  |
+-------+--------+--------+--------+--------+--------+
|  -999 | 59.000 | 79.650 | 88.500 | 47.231 | 25.876 |
|  -999 | 66.450 | 85.600 | 90.600 | 50.642 | 25.526 |
|   0   | 66.450 | 85.550 | 90.050 | 50.447 | 25.481 |
|   1   | 64.800 | 84.250 | 89.400 | 49.611 | 25.253 |
|   2   | 61.850 | 82.800 | 88.900 | 48.038 | 24.335 |
|   3   | 60.350 | 81.900 | 88.900 | 47.293 | 24.043 |
|   4   | 60.650 | 82.450 | 88.500 | 47.856 | 24.613 |
|   5   | 60.750 | 82.850 | 88.800 | 48.076 | 24.902 |
|   6   | 61.050 | 82.800 | 89.150 | 48.113 | 24.843 |
|   7   | 60.100 | 82.450 | 89.100 | 47.540 | 24.551 |
|   8   | 61.050 | 82.850 | 89.200 | 47.740 | 24.618 |
|   9   | 61.550 | 82.850 | 89.350 | 47.702 | 24.612 |
|   10  | 60.450 | 82.900 | 89.500 | 47.688 | 24.644 |
|   11  | 61.200 | 83.000 | 88.900 | 47.624 | 24.590 |
|   12  | 61.300 | 83.350 | 89.350 | 47.905 | 24.780 |
|   13  | 61.200 | 83.200 | 89.300 | 47.802 | 24.723 |
|   14  | 61.000 | 83.250 | 89.600 | 48.024 | 24.952 |
|   15  | 61.250 | 83.150 | 89.400 | 47.876 | 24.741 |
|   16  | 61.400 | 83.100 | 89.400 | 47.843 | 24.751 |
|   17  | 61.450 | 82.800 | 89.300 | 47.819 | 24.639 |
|   18  | 61.250 | 83.000 | 89.100 | 47.835 | 24.601 |
|   19  | 61.000 | 83.150 | 88.950 | 47.727 | 24.570 |
|   20  | 60.550 | 83.150 | 89.200 | 47.644 | 24.538 |
|   21  | 60.950 | 82.800 | 89.000 | 47.660 | 24.543 |
|   22  | 61.200 | 82.900 | 89.050 | 47.651 | 24.488 |
|   23  | 61.000 | 82.600 | 89.000 | 47.545 | 24.390 |
+-------+--------+--------+--------+--------+--------+
     logs:  {'epo': 23, 'R1': 61.0, 'R5': 82.6, 'R10': 89.0, 'mAP': 47.545, 'mINP': 24.39, 'lr': 0.000137, 'entropy': 0.113781, 'loss': 2.046673}
      TTA Epoch: [24] [ 0/28]  eta: 0:00:21  lr: 0.000128  entropy: 0.1070  loss: 2.0562  time: 0.7643  data: 0.6738  max mem: 4847
      TTA Epoch: [24] [27/28]  eta: 0:00:00  lr: 0.000044  entropy: 0.0612  loss: 1.9274  time: 0.0506  data: 0.0001  max mem: 4847
      TTA Epoch: [24] Total time: 0:00:02 (0.0797 s / it)
     Averaged stats: lr: 0.0001  entropy: 0.1143  loss: 2.0480
     itm tta time 0:00:02
     Computing matching score
      ITM Evaluation: [   0/2000]  eta: 0:01:37    time: 0.0488  data: 0.0025  max mem: 4847
      ITM Evaluation: [ 100/2000]  eta: 0:01:13    time: 0.0386  data: 0.0000  max mem: 4847
      ITM Evaluation: [ 200/2000]  eta: 0:01:11    time: 0.0432  data: 0.0000  max mem: 4847
      ITM Evaluation: [ 300/2000]  eta: 0:01:09    time: 0.0447  data: 0.0000  max mem: 4847
      ITM Evaluation: [ 400/2000]  eta: 0:01:05    time: 0.0395  data: 0.0000  max mem: 4847
      ITM Evaluation: [ 500/2000]  eta: 0:01:00    time: 0.0394  data: 0.0000  max mem: 4847
      ITM Evaluation: [ 600/2000]  eta: 0:00:56    time: 0.0402  data: 0.0000  max mem: 4847
      ITM Evaluation: [ 700/2000]  eta: 0:00:52    time: 0.0389  data: 0.0000  max mem: 4847
      ITM Evaluation: [ 800/2000]  eta: 0:00:48    time: 0.0392  data: 0.0000  max mem: 4847
      ITM Evaluation: [ 900/2000]  eta: 0:00:44    time: 0.0359  data: 0.0000  max mem: 4847
      ITM Evaluation: [1000/2000]  eta: 0:00:40    time: 0.0423  data: 0.0000  max mem: 4847
      ITM Evaluation: [1100/2000]  eta: 0:00:35    time: 0.0356  data: 0.0000  max mem: 4847
      ITM Evaluation: [1200/2000]  eta: 0:00:31    time: 0.0389  data: 0.0000  max mem: 4847
      ITM Evaluation: [1300/2000]  eta: 0:00:27    time: 0.0430  data: 0.0000  max mem: 4847
      ITM Evaluation: [1400/2000]  eta: 0:00:24    time: 0.0393  data: 0.0000  max mem: 4847
      ITM Evaluation: [1500/2000]  eta: 0:00:20    time: 0.0388  data: 0.0000  max mem: 4847
      ITM Evaluation: [1600/2000]  eta: 0:00:16    time: 0.0418  data: 0.0000  max mem: 4847
      ITM Evaluation: [1700/2000]  eta: 0:00:12    time: 0.0392  data: 0.0000  max mem: 4847
      ITM Evaluation: [1800/2000]  eta: 0:00:08    time: 0.0397  data: 0.0000  max mem: 4847
      ITM Evaluation: [1900/2000]  eta: 0:00:04    time: 0.0406  data: 0.0000  max mem: 4847
      ITM Evaluation: [1999/2000]  eta: 0:00:00    time: 0.0403  data: 0.0000  max mem: 4847
      ITM Evaluation: Total time: 0:01:20 (0.0401 s / it)
     total_time 80.19820380210876
     Computing matching score time 0:01:20
### TTA ITM Score: 
+-------+--------+--------+--------+--------+--------+
| epoch |   R1   |   R5   |  R10   |  mAP   |  mINP  |
+-------+--------+--------+--------+--------+--------+
|  -999 | 59.000 | 79.650 | 88.500 | 47.231 | 25.876 |
|  -999 | 66.450 | 85.600 | 90.600 | 50.642 | 25.526 |
|   0   | 66.450 | 85.550 | 90.050 | 50.447 | 25.481 |
|   1   | 64.800 | 84.250 | 89.400 | 49.611 | 25.253 |
|   2   | 61.850 | 82.800 | 88.900 | 48.038 | 24.335 |
|   3   | 60.350 | 81.900 | 88.900 | 47.293 | 24.043 |
|   4   | 60.650 | 82.450 | 88.500 | 47.856 | 24.613 |
|   5   | 60.750 | 82.850 | 88.800 | 48.076 | 24.902 |
|   6   | 61.050 | 82.800 | 89.150 | 48.113 | 24.843 |
|   7   | 60.100 | 82.450 | 89.100 | 47.540 | 24.551 |
|   8   | 61.050 | 82.850 | 89.200 | 47.740 | 24.618 |
|   9   | 61.550 | 82.850 | 89.350 | 47.702 | 24.612 |
|   10  | 60.450 | 82.900 | 89.500 | 47.688 | 24.644 |
|   11  | 61.200 | 83.000 | 88.900 | 47.624 | 24.590 |
|   12  | 61.300 | 83.350 | 89.350 | 47.905 | 24.780 |
|   13  | 61.200 | 83.200 | 89.300 | 47.802 | 24.723 |
|   14  | 61.000 | 83.250 | 89.600 | 48.024 | 24.952 |
|   15  | 61.250 | 83.150 | 89.400 | 47.876 | 24.741 |
|   16  | 61.400 | 83.100 | 89.400 | 47.843 | 24.751 |
|   17  | 61.450 | 82.800 | 89.300 | 47.819 | 24.639 |
|   18  | 61.250 | 83.000 | 89.100 | 47.835 | 24.601 |
|   19  | 61.000 | 83.150 | 88.950 | 47.727 | 24.570 |
|   20  | 60.550 | 83.150 | 89.200 | 47.644 | 24.538 |
|   21  | 60.950 | 82.800 | 89.000 | 47.660 | 24.543 |
|   22  | 61.200 | 82.900 | 89.050 | 47.651 | 24.488 |
|   23  | 61.000 | 82.600 | 89.000 | 47.545 | 24.390 |
|   24  | 61.200 | 82.750 | 89.200 | 47.588 | 24.414 |
+-------+--------+--------+--------+--------+--------+
     logs:  {'epo': 24, 'R1': 61.2, 'R5': 82.75, 'R10': 89.2, 'mAP': 47.588, 'mINP': 24.414, 'lr': 0.000117, 'entropy': 0.114306, 'loss': 2.047983}
      TTA Epoch: [25] [ 0/28]  eta: 0:00:22  lr: 0.000044  entropy: 0.1451  loss: 2.1128  time: 0.8140  data: 0.7013  max mem: 4847
      TTA Epoch: [25] [27/28]  eta: 0:00:00  lr: 0.000037  entropy: 0.0685  loss: 2.0139  time: 0.0495  data: 0.0001  max mem: 4847
      TTA Epoch: [25] Total time: 0:00:02 (0.0788 s / it)
     Averaged stats: lr: 0.0000  entropy: 0.1164  loss: 2.0473
     itm tta time 0:00:02
     Computing matching score
      ITM Evaluation: [   0/2000]  eta: 0:01:55    time: 0.0579  data: 0.0025  max mem: 4847
      ITM Evaluation: [ 100/2000]  eta: 0:01:14    time: 0.0400  data: 0.0000  max mem: 4847
      ITM Evaluation: [ 200/2000]  eta: 0:01:13    time: 0.0414  data: 0.0000  max mem: 4847
      ITM Evaluation: [ 300/2000]  eta: 0:01:07    time: 0.0370  data: 0.0000  max mem: 4847
      ITM Evaluation: [ 400/2000]  eta: 0:01:03    time: 0.0402  data: 0.0000  max mem: 4847
      ITM Evaluation: [ 500/2000]  eta: 0:00:59    time: 0.0390  data: 0.0000  max mem: 4847
      ITM Evaluation: [ 600/2000]  eta: 0:00:55    time: 0.0410  data: 0.0000  max mem: 4847
      ITM Evaluation: [ 700/2000]  eta: 0:00:51    time: 0.0394  data: 0.0000  max mem: 4847
      ITM Evaluation: [ 800/2000]  eta: 0:00:47    time: 0.0396  data: 0.0000  max mem: 4847
      ITM Evaluation: [ 900/2000]  eta: 0:00:43    time: 0.0392  data: 0.0000  max mem: 4847
      ITM Evaluation: [1000/2000]  eta: 0:00:39    time: 0.0376  data: 0.0000  max mem: 4847
      ITM Evaluation: [1100/2000]  eta: 0:00:35    time: 0.0419  data: 0.0000  max mem: 4847
      ITM Evaluation: [1200/2000]  eta: 0:00:31    time: 0.0425  data: 0.0000  max mem: 4847
      ITM Evaluation: [1300/2000]  eta: 0:00:27    time: 0.0383  data: 0.0000  max mem: 4847
      ITM Evaluation: [1400/2000]  eta: 0:00:23    time: 0.0393  data: 0.0000  max mem: 4847
      ITM Evaluation: [1500/2000]  eta: 0:00:19    time: 0.0406  data: 0.0000  max mem: 4847
      ITM Evaluation: [1600/2000]  eta: 0:00:15    time: 0.0381  data: 0.0000  max mem: 4847
      ITM Evaluation: [1700/2000]  eta: 0:00:11    time: 0.0379  data: 0.0000  max mem: 4847
      ITM Evaluation: [1800/2000]  eta: 0:00:07    time: 0.0416  data: 0.0000  max mem: 4847
      ITM Evaluation: [1900/2000]  eta: 0:00:03    time: 0.0392  data: 0.0000  max mem: 4847
      ITM Evaluation: [1999/2000]  eta: 0:00:00    time: 0.0418  data: 0.0000  max mem: 4847
      ITM Evaluation: Total time: 0:01:19 (0.0397 s / it)
     total_time 79.34548377990723
     Computing matching score time 0:01:19
### TTA ITM Score: 
+-------+--------+--------+--------+--------+--------+
| epoch |   R1   |   R5   |  R10   |  mAP   |  mINP  |
+-------+--------+--------+--------+--------+--------+
|  -999 | 59.000 | 79.650 | 88.500 | 47.231 | 25.876 |
|  -999 | 66.450 | 85.600 | 90.600 | 50.642 | 25.526 |
|   0   | 66.450 | 85.550 | 90.050 | 50.447 | 25.481 |
|   1   | 64.800 | 84.250 | 89.400 | 49.611 | 25.253 |
|   2   | 61.850 | 82.800 | 88.900 | 48.038 | 24.335 |
|   3   | 60.350 | 81.900 | 88.900 | 47.293 | 24.043 |
|   4   | 60.650 | 82.450 | 88.500 | 47.856 | 24.613 |
|   5   | 60.750 | 82.850 | 88.800 | 48.076 | 24.902 |
|   6   | 61.050 | 82.800 | 89.150 | 48.113 | 24.843 |
|   7   | 60.100 | 82.450 | 89.100 | 47.540 | 24.551 |
|   8   | 61.050 | 82.850 | 89.200 | 47.740 | 24.618 |
|   9   | 61.550 | 82.850 | 89.350 | 47.702 | 24.612 |
|   10  | 60.450 | 82.900 | 89.500 | 47.688 | 24.644 |
|   11  | 61.200 | 83.000 | 88.900 | 47.624 | 24.590 |
|   12  | 61.300 | 83.350 | 89.350 | 47.905 | 24.780 |
|   13  | 61.200 | 83.200 | 89.300 | 47.802 | 24.723 |
|   14  | 61.000 | 83.250 | 89.600 | 48.024 | 24.952 |
|   15  | 61.250 | 83.150 | 89.400 | 47.876 | 24.741 |
|   16  | 61.400 | 83.100 | 89.400 | 47.843 | 24.751 |
|   17  | 61.450 | 82.800 | 89.300 | 47.819 | 24.639 |
|   18  | 61.250 | 83.000 | 89.100 | 47.835 | 24.601 |
|   19  | 61.000 | 83.150 | 88.950 | 47.727 | 24.570 |
|   20  | 60.550 | 83.150 | 89.200 | 47.644 | 24.538 |
|   21  | 60.950 | 82.800 | 89.000 | 47.660 | 24.543 |
|   22  | 61.200 | 82.900 | 89.050 | 47.651 | 24.488 |
|   23  | 61.000 | 82.600 | 89.000 | 47.545 | 24.390 |
|   24  | 61.200 | 82.750 | 89.200 | 47.588 | 24.414 |
|   25  | 61.100 | 82.750 | 89.200 | 47.591 | 24.409 |
+-------+--------+--------+--------+--------+--------+
     logs:  {'epo': 25, 'R1': 61.1, 'R5': 82.75, 'R10': 89.2, 'mAP': 47.591, 'mINP': 24.409, 'lr': 4e-05, 'entropy': 0.116356, 'loss': 2.047325}
      TTA Epoch: [26] [ 0/28]  eta: 0:00:22  lr: 0.000037  entropy: 0.0360  loss: 2.0183  time: 0.8026  data: 0.7140  max mem: 4847
      TTA Epoch: [26] [27/28]  eta: 0:00:00  lr: 0.000030  entropy: 0.1723  loss: 2.1268  time: 0.0492  data: 0.0001  max mem: 4847
      TTA Epoch: [26] Total time: 0:00:02 (0.0784 s / it)
     Averaged stats: lr: 0.0000  entropy: 0.0987  loss: 2.0426
     itm tta time 0:00:02
     Computing matching score
      ITM Evaluation: [   0/2000]  eta: 0:01:41    time: 0.0509  data: 0.0039  max mem: 4847
      ITM Evaluation: [ 100/2000]  eta: 0:01:22    time: 0.0435  data: 0.0000  max mem: 4847
      ITM Evaluation: [ 200/2000]  eta: 0:01:14    time: 0.0377  data: 0.0000  max mem: 4847
      ITM Evaluation: [ 300/2000]  eta: 0:01:10    time: 0.0390  data: 0.0000  max mem: 4847
      ITM Evaluation: [ 400/2000]  eta: 0:01:05    time: 0.0393  data: 0.0000  max mem: 4847
      ITM Evaluation: [ 500/2000]  eta: 0:01:00    time: 0.0379  data: 0.0000  max mem: 4847
      ITM Evaluation: [ 600/2000]  eta: 0:00:56    time: 0.0410  data: 0.0000  max mem: 4847
      ITM Evaluation: [ 700/2000]  eta: 0:00:52    time: 0.0402  data: 0.0000  max mem: 4847
      ITM Evaluation: [ 800/2000]  eta: 0:00:48    time: 0.0405  data: 0.0000  max mem: 4847
      ITM Evaluation: [ 900/2000]  eta: 0:00:44    time: 0.0350  data: 0.0000  max mem: 4847
      ITM Evaluation: [1000/2000]  eta: 0:00:40    time: 0.0397  data: 0.0000  max mem: 4847
      ITM Evaluation: [1100/2000]  eta: 0:00:36    time: 0.0397  data: 0.0000  max mem: 4847
      ITM Evaluation: [1200/2000]  eta: 0:00:32    time: 0.0374  data: 0.0000  max mem: 4847
      ITM Evaluation: [1300/2000]  eta: 0:00:27    time: 0.0390  data: 0.0000  max mem: 4847
      ITM Evaluation: [1400/2000]  eta: 0:00:23    time: 0.0379  data: 0.0000  max mem: 4847
      ITM Evaluation: [1500/2000]  eta: 0:00:19    time: 0.0388  data: 0.0000  max mem: 4847
      ITM Evaluation: [1600/2000]  eta: 0:00:15    time: 0.0405  data: 0.0000  max mem: 4847
      ITM Evaluation: [1700/2000]  eta: 0:00:11    time: 0.0426  data: 0.0000  max mem: 4847
      ITM Evaluation: [1800/2000]  eta: 0:00:07    time: 0.0399  data: 0.0000  max mem: 4847
      ITM Evaluation: [1900/2000]  eta: 0:00:03    time: 0.0395  data: 0.0000  max mem: 4847
      ITM Evaluation: [1999/2000]  eta: 0:00:00    time: 0.0481  data: 0.0000  max mem: 4847
      ITM Evaluation: Total time: 0:01:20 (0.0402 s / it)
     total_time 80.3216621875763
     Computing matching score time 0:01:20
### TTA ITM Score: 
+-------+--------+--------+--------+--------+--------+
| epoch |   R1   |   R5   |  R10   |  mAP   |  mINP  |
+-------+--------+--------+--------+--------+--------+
|  -999 | 59.000 | 79.650 | 88.500 | 47.231 | 25.876 |
|  -999 | 66.450 | 85.600 | 90.600 | 50.642 | 25.526 |
|   0   | 66.450 | 85.550 | 90.050 | 50.447 | 25.481 |
|   1   | 64.800 | 84.250 | 89.400 | 49.611 | 25.253 |
|   2   | 61.850 | 82.800 | 88.900 | 48.038 | 24.335 |
|   3   | 60.350 | 81.900 | 88.900 | 47.293 | 24.043 |
|   4   | 60.650 | 82.450 | 88.500 | 47.856 | 24.613 |
|   5   | 60.750 | 82.850 | 88.800 | 48.076 | 24.902 |
|   6   | 61.050 | 82.800 | 89.150 | 48.113 | 24.843 |
|   7   | 60.100 | 82.450 | 89.100 | 47.540 | 24.551 |
|   8   | 61.050 | 82.850 | 89.200 | 47.740 | 24.618 |
|   9   | 61.550 | 82.850 | 89.350 | 47.702 | 24.612 |
|   10  | 60.450 | 82.900 | 89.500 | 47.688 | 24.644 |
|   11  | 61.200 | 83.000 | 88.900 | 47.624 | 24.590 |
|   12  | 61.300 | 83.350 | 89.350 | 47.905 | 24.780 |
|   13  | 61.200 | 83.200 | 89.300 | 47.802 | 24.723 |
|   14  | 61.000 | 83.250 | 89.600 | 48.024 | 24.952 |
|   15  | 61.250 | 83.150 | 89.400 | 47.876 | 24.741 |
|   16  | 61.400 | 83.100 | 89.400 | 47.843 | 24.751 |
|   17  | 61.450 | 82.800 | 89.300 | 47.819 | 24.639 |
|   18  | 61.250 | 83.000 | 89.100 | 47.835 | 24.601 |
|   19  | 61.000 | 83.150 | 88.950 | 47.727 | 24.570 |
|   20  | 60.550 | 83.150 | 89.200 | 47.644 | 24.538 |
|   21  | 60.950 | 82.800 | 89.000 | 47.660 | 24.543 |
|   22  | 61.200 | 82.900 | 89.050 | 47.651 | 24.488 |
|   23  | 61.000 | 82.600 | 89.000 | 47.545 | 24.390 |
|   24  | 61.200 | 82.750 | 89.200 | 47.588 | 24.414 |
|   25  | 61.100 | 82.750 | 89.200 | 47.591 | 24.409 |
|   26  | 61.100 | 82.750 | 89.200 | 47.595 | 24.442 |
+-------+--------+--------+--------+--------+--------+
     logs:  {'epo': 26, 'R1': 61.1, 'R5': 82.75, 'R10': 89.2, 'mAP': 47.595, 'mINP': 24.442, 'lr': 3.3e-05, 'entropy': 0.098739, 'loss': 2.042623}
      TTA Epoch: [27] [ 0/28]  eta: 0:00:26  lr: 0.000029  entropy: 0.0781  loss: 2.1795  time: 0.9589  data: 0.8849  max mem: 4847
      TTA Epoch: [27] [27/28]  eta: 0:00:00  lr: 0.000022  entropy: 0.0766  loss: 2.0311  time: 0.0494  data: 0.0001  max mem: 4847
      TTA Epoch: [27] Total time: 0:00:02 (0.0849 s / it)
     Averaged stats: lr: 0.0000  entropy: 0.1095  loss: 2.0462
     itm tta time 0:00:02
     Computing matching score
      ITM Evaluation: [   0/2000]  eta: 0:01:34    time: 0.0471  data: 0.0024  max mem: 4847
      ITM Evaluation: [ 100/2000]  eta: 0:01:12    time: 0.0388  data: 0.0000  max mem: 4847
      ITM Evaluation: [ 200/2000]  eta: 0:01:09    time: 0.0389  data: 0.0000  max mem: 4847
      ITM Evaluation: [ 300/2000]  eta: 0:01:05    time: 0.0374  data: 0.0000  max mem: 4847
      ITM Evaluation: [ 400/2000]  eta: 0:01:01    time: 0.0372  data: 0.0000  max mem: 4847
      ITM Evaluation: [ 500/2000]  eta: 0:00:57    time: 0.0384  data: 0.0000  max mem: 4847
      ITM Evaluation: [ 600/2000]  eta: 0:00:53    time: 0.0396  data: 0.0000  max mem: 4847
      ITM Evaluation: [ 700/2000]  eta: 0:00:50    time: 0.0409  data: 0.0000  max mem: 4847
      ITM Evaluation: [ 800/2000]  eta: 0:00:46    time: 0.0369  data: 0.0000  max mem: 4847
      ITM Evaluation: [ 900/2000]  eta: 0:00:42    time: 0.0436  data: 0.0000  max mem: 4847
      ITM Evaluation: [1000/2000]  eta: 0:00:38    time: 0.0395  data: 0.0000  max mem: 4847
      ITM Evaluation: [1100/2000]  eta: 0:00:35    time: 0.0369  data: 0.0000  max mem: 4847
      ITM Evaluation: [1200/2000]  eta: 0:00:31    time: 0.0399  data: 0.0000  max mem: 4847
      ITM Evaluation: [1300/2000]  eta: 0:00:27    time: 0.0385  data: 0.0000  max mem: 4847
      ITM Evaluation: [1400/2000]  eta: 0:00:23    time: 0.0360  data: 0.0000  max mem: 4847
      ITM Evaluation: [1500/2000]  eta: 0:00:19    time: 0.0378  data: 0.0000  max mem: 4847
      ITM Evaluation: [1600/2000]  eta: 0:00:15    time: 0.0393  data: 0.0000  max mem: 4847
      ITM Evaluation: [1700/2000]  eta: 0:00:11    time: 0.0403  data: 0.0000  max mem: 4847
      ITM Evaluation: [1800/2000]  eta: 0:00:07    time: 0.0401  data: 0.0000  max mem: 4847
      ITM Evaluation: [1900/2000]  eta: 0:00:03    time: 0.0431  data: 0.0000  max mem: 4847
      ITM Evaluation: [1999/2000]  eta: 0:00:00    time: 0.0378  data: 0.0000  max mem: 4847
      ITM Evaluation: Total time: 0:01:18 (0.0391 s / it)
     total_time 78.15418529510498
     Computing matching score time 0:01:18
### TTA ITM Score: 
+-------+--------+--------+--------+--------+--------+
| epoch |   R1   |   R5   |  R10   |  mAP   |  mINP  |
+-------+--------+--------+--------+--------+--------+
|  -999 | 59.000 | 79.650 | 88.500 | 47.231 | 25.876 |
|  -999 | 66.450 | 85.600 | 90.600 | 50.642 | 25.526 |
|   0   | 66.450 | 85.550 | 90.050 | 50.447 | 25.481 |
|   1   | 64.800 | 84.250 | 89.400 | 49.611 | 25.253 |
|   2   | 61.850 | 82.800 | 88.900 | 48.038 | 24.335 |
|   3   | 60.350 | 81.900 | 88.900 | 47.293 | 24.043 |
|   4   | 60.650 | 82.450 | 88.500 | 47.856 | 24.613 |
|   5   | 60.750 | 82.850 | 88.800 | 48.076 | 24.902 |
|   6   | 61.050 | 82.800 | 89.150 | 48.113 | 24.843 |
|   7   | 60.100 | 82.450 | 89.100 | 47.540 | 24.551 |
|   8   | 61.050 | 82.850 | 89.200 | 47.740 | 24.618 |
|   9   | 61.550 | 82.850 | 89.350 | 47.702 | 24.612 |
|   10  | 60.450 | 82.900 | 89.500 | 47.688 | 24.644 |
|   11  | 61.200 | 83.000 | 88.900 | 47.624 | 24.590 |
|   12  | 61.300 | 83.350 | 89.350 | 47.905 | 24.780 |
|   13  | 61.200 | 83.200 | 89.300 | 47.802 | 24.723 |
|   14  | 61.000 | 83.250 | 89.600 | 48.024 | 24.952 |
|   15  | 61.250 | 83.150 | 89.400 | 47.876 | 24.741 |
|   16  | 61.400 | 83.100 | 89.400 | 47.843 | 24.751 |
|   17  | 61.450 | 82.800 | 89.300 | 47.819 | 24.639 |
|   18  | 61.250 | 83.000 | 89.100 | 47.835 | 24.601 |
|   19  | 61.000 | 83.150 | 88.950 | 47.727 | 24.570 |
|   20  | 60.550 | 83.150 | 89.200 | 47.644 | 24.538 |
|   21  | 60.950 | 82.800 | 89.000 | 47.660 | 24.543 |
|   22  | 61.200 | 82.900 | 89.050 | 47.651 | 24.488 |
|   23  | 61.000 | 82.600 | 89.000 | 47.545 | 24.390 |
|   24  | 61.200 | 82.750 | 89.200 | 47.588 | 24.414 |
|   25  | 61.100 | 82.750 | 89.200 | 47.591 | 24.409 |
|   26  | 61.100 | 82.750 | 89.200 | 47.595 | 24.442 |
|   27  | 61.050 | 82.750 | 89.200 | 47.577 | 24.420 |
+-------+--------+--------+--------+--------+--------+
     logs:  {'epo': 27, 'R1': 61.05, 'R5': 82.75, 'R10': 89.2, 'mAP': 47.577, 'mINP': 24.42, 'lr': 2.6e-05, 'entropy': 0.109533, 'loss': 2.046192}
      TTA Epoch: [28] [ 0/28]  eta: 0:00:22  lr: 0.000022  entropy: 0.1057  loss: 2.1529  time: 0.8017  data: 0.6824  max mem: 4847
      TTA Epoch: [28] [27/28]  eta: 0:00:00  lr: 0.000015  entropy: 0.0545  loss: 1.9345  time: 0.0497  data: 0.0001  max mem: 4847
      TTA Epoch: [28] Total time: 0:00:02 (0.0786 s / it)
     Averaged stats: lr: 0.0000  entropy: 0.1108  loss: 2.0476
     itm tta time 0:00:02
     Computing matching score
      ITM Evaluation: [   0/2000]  eta: 0:01:10    time: 0.0351  data: 0.0024  max mem: 4847
      ITM Evaluation: [ 100/2000]  eta: 0:01:16    time: 0.0380  data: 0.0000  max mem: 4847
      ITM Evaluation: [ 200/2000]  eta: 0:01:12    time: 0.0391  data: 0.0000  max mem: 4847
      ITM Evaluation: [ 300/2000]  eta: 0:01:07    time: 0.0401  data: 0.0000  max mem: 4847
      ITM Evaluation: [ 400/2000]  eta: 0:01:03    time: 0.0386  data: 0.0000  max mem: 4847
      ITM Evaluation: [ 500/2000]  eta: 0:00:59    time: 0.0390  data: 0.0000  max mem: 4847
      ITM Evaluation: [ 600/2000]  eta: 0:00:55    time: 0.0405  data: 0.0000  max mem: 4847
      ITM Evaluation: [ 700/2000]  eta: 0:00:51    time: 0.0403  data: 0.0000  max mem: 4847
      ITM Evaluation: [ 800/2000]  eta: 0:00:48    time: 0.0422  data: 0.0000  max mem: 4847
      ITM Evaluation: [ 900/2000]  eta: 0:00:44    time: 0.0414  data: 0.0000  max mem: 4847
      ITM Evaluation: [1000/2000]  eta: 0:00:40    time: 0.0413  data: 0.0000  max mem: 4847
      ITM Evaluation: [1100/2000]  eta: 0:00:36    time: 0.0439  data: 0.0000  max mem: 4847
      ITM Evaluation: [1200/2000]  eta: 0:00:32    time: 0.0391  data: 0.0000  max mem: 4847
      ITM Evaluation: [1300/2000]  eta: 0:00:28    time: 0.0413  data: 0.0000  max mem: 4847
      ITM Evaluation: [1400/2000]  eta: 0:00:24    time: 0.0401  data: 0.0000  max mem: 4847
      ITM Evaluation: [1500/2000]  eta: 0:00:20    time: 0.0383  data: 0.0000  max mem: 4847
      ITM Evaluation: [1600/2000]  eta: 0:00:16    time: 0.0389  data: 0.0000  max mem: 4847
      ITM Evaluation: [1700/2000]  eta: 0:00:12    time: 0.0396  data: 0.0000  max mem: 4847
      ITM Evaluation: [1800/2000]  eta: 0:00:08    time: 0.0453  data: 0.0000  max mem: 4847
      ITM Evaluation: [1900/2000]  eta: 0:00:04    time: 0.0416  data: 0.0000  max mem: 4847
      ITM Evaluation: [1999/2000]  eta: 0:00:00    time: 0.0378  data: 0.0000  max mem: 4847
      ITM Evaluation: Total time: 0:01:20 (0.0404 s / it)
     total_time 80.73194217681885
     Computing matching score time 0:01:20
### TTA ITM Score: 
+-------+--------+--------+--------+--------+--------+
| epoch |   R1   |   R5   |  R10   |  mAP   |  mINP  |
+-------+--------+--------+--------+--------+--------+
|  -999 | 59.000 | 79.650 | 88.500 | 47.231 | 25.876 |
|  -999 | 66.450 | 85.600 | 90.600 | 50.642 | 25.526 |
|   0   | 66.450 | 85.550 | 90.050 | 50.447 | 25.481 |
|   1   | 64.800 | 84.250 | 89.400 | 49.611 | 25.253 |
|   2   | 61.850 | 82.800 | 88.900 | 48.038 | 24.335 |
|   3   | 60.350 | 81.900 | 88.900 | 47.293 | 24.043 |
|   4   | 60.650 | 82.450 | 88.500 | 47.856 | 24.613 |
|   5   | 60.750 | 82.850 | 88.800 | 48.076 | 24.902 |
|   6   | 61.050 | 82.800 | 89.150 | 48.113 | 24.843 |
|   7   | 60.100 | 82.450 | 89.100 | 47.540 | 24.551 |
|   8   | 61.050 | 82.850 | 89.200 | 47.740 | 24.618 |
|   9   | 61.550 | 82.850 | 89.350 | 47.702 | 24.612 |
|   10  | 60.450 | 82.900 | 89.500 | 47.688 | 24.644 |
|   11  | 61.200 | 83.000 | 88.900 | 47.624 | 24.590 |
|   12  | 61.300 | 83.350 | 89.350 | 47.905 | 24.780 |
|   13  | 61.200 | 83.200 | 89.300 | 47.802 | 24.723 |
|   14  | 61.000 | 83.250 | 89.600 | 48.024 | 24.952 |
|   15  | 61.250 | 83.150 | 89.400 | 47.876 | 24.741 |
|   16  | 61.400 | 83.100 | 89.400 | 47.843 | 24.751 |
|   17  | 61.450 | 82.800 | 89.300 | 47.819 | 24.639 |
|   18  | 61.250 | 83.000 | 89.100 | 47.835 | 24.601 |
|   19  | 61.000 | 83.150 | 88.950 | 47.727 | 24.570 |
|   20  | 60.550 | 83.150 | 89.200 | 47.644 | 24.538 |
|   21  | 60.950 | 82.800 | 89.000 | 47.660 | 24.543 |
|   22  | 61.200 | 82.900 | 89.050 | 47.651 | 24.488 |
|   23  | 61.000 | 82.600 | 89.000 | 47.545 | 24.390 |
|   24  | 61.200 | 82.750 | 89.200 | 47.588 | 24.414 |
|   25  | 61.100 | 82.750 | 89.200 | 47.591 | 24.409 |
|   26  | 61.100 | 82.750 | 89.200 | 47.595 | 24.442 |
|   27  | 61.050 | 82.750 | 89.200 | 47.577 | 24.420 |
|   28  | 60.900 | 82.750 | 89.200 | 47.567 | 24.433 |
+-------+--------+--------+--------+--------+--------+
     logs:  {'epo': 28, 'R1': 60.9, 'R5': 82.75, 'R10': 89.2, 'mAP': 47.567, 'mINP': 24.433, 'lr': 1.9e-05, 'entropy': 0.110793, 'loss': 2.047605}
      TTA Epoch: [29] [ 0/28]  eta: 0:00:22  lr: 0.000015  entropy: 0.0666  loss: 2.1121  time: 0.7993  data: 0.7193  max mem: 4847
      TTA Epoch: [29] [27/28]  eta: 0:00:00  lr: 0.000008  entropy: 0.0867  loss: 1.9637  time: 0.0476  data: 0.0001  max mem: 4847
      TTA Epoch: [29] Total time: 0:00:02 (0.0776 s / it)
     Averaged stats: lr: 0.0000  entropy: 0.1085  loss: 2.0452
     itm tta time 0:00:02
     Computing matching score
      ITM Evaluation: [   0/2000]  eta: 0:01:41    time: 0.0507  data: 0.0026  max mem: 4847
      ITM Evaluation: [ 100/2000]  eta: 0:01:15    time: 0.0411  data: 0.0000  max mem: 4847
      ITM Evaluation: [ 200/2000]  eta: 0:01:11    time: 0.0395  data: 0.0000  max mem: 4847
      ITM Evaluation: [ 300/2000]  eta: 0:01:07    time: 0.0386  data: 0.0000  max mem: 4847
      ITM Evaluation: [ 400/2000]  eta: 0:01:03    time: 0.0403  data: 0.0000  max mem: 4847
      ITM Evaluation: [ 500/2000]  eta: 0:00:59    time: 0.0385  data: 0.0000  max mem: 4847
      ITM Evaluation: [ 600/2000]  eta: 0:00:55    time: 0.0431  data: 0.0000  max mem: 4847
      ITM Evaluation: [ 700/2000]  eta: 0:00:52    time: 0.0475  data: 0.0000  max mem: 4847
      ITM Evaluation: [ 800/2000]  eta: 0:00:48    time: 0.0381  data: 0.0000  max mem: 4847
      ITM Evaluation: [ 900/2000]  eta: 0:00:44    time: 0.0400  data: 0.0000  max mem: 4847
      ITM Evaluation: [1000/2000]  eta: 0:00:40    time: 0.0413  data: 0.0000  max mem: 4847
      ITM Evaluation: [1100/2000]  eta: 0:00:36    time: 0.0396  data: 0.0000  max mem: 4847
      ITM Evaluation: [1200/2000]  eta: 0:00:32    time: 0.0394  data: 0.0000  max mem: 4847
      ITM Evaluation: [1300/2000]  eta: 0:00:28    time: 0.0412  data: 0.0000  max mem: 4847
      ITM Evaluation: [1400/2000]  eta: 0:00:24    time: 0.0386  data: 0.0000  max mem: 4847
      ITM Evaluation: [1500/2000]  eta: 0:00:20    time: 0.0406  data: 0.0000  max mem: 4847
      ITM Evaluation: [1600/2000]  eta: 0:00:16    time: 0.0423  data: 0.0000  max mem: 4847
      ITM Evaluation: [1700/2000]  eta: 0:00:12    time: 0.0379  data: 0.0000  max mem: 4847
      ITM Evaluation: [1800/2000]  eta: 0:00:08    time: 0.0388  data: 0.0000  max mem: 4847
      ITM Evaluation: [1900/2000]  eta: 0:00:04    time: 0.0385  data: 0.0000  max mem: 4847
      ITM Evaluation: [1999/2000]  eta: 0:00:00    time: 0.0388  data: 0.0000  max mem: 4847
      ITM Evaluation: Total time: 0:01:20 (0.0401 s / it)
     total_time 80.14473843574524
     Computing matching score time 0:01:20
### TTA ITM Score: 
+-------+--------+--------+--------+--------+--------+
| epoch |   R1   |   R5   |  R10   |  mAP   |  mINP  |
+-------+--------+--------+--------+--------+--------+
|  -999 | 59.000 | 79.650 | 88.500 | 47.231 | 25.876 |
|  -999 | 66.450 | 85.600 | 90.600 | 50.642 | 25.526 |
|   0   | 66.450 | 85.550 | 90.050 | 50.447 | 25.481 |
|   1   | 64.800 | 84.250 | 89.400 | 49.611 | 25.253 |
|   2   | 61.850 | 82.800 | 88.900 | 48.038 | 24.335 |
|   3   | 60.350 | 81.900 | 88.900 | 47.293 | 24.043 |
|   4   | 60.650 | 82.450 | 88.500 | 47.856 | 24.613 |
|   5   | 60.750 | 82.850 | 88.800 | 48.076 | 24.902 |
|   6   | 61.050 | 82.800 | 89.150 | 48.113 | 24.843 |
|   7   | 60.100 | 82.450 | 89.100 | 47.540 | 24.551 |
|   8   | 61.050 | 82.850 | 89.200 | 47.740 | 24.618 |
|   9   | 61.550 | 82.850 | 89.350 | 47.702 | 24.612 |
|   10  | 60.450 | 82.900 | 89.500 | 47.688 | 24.644 |
|   11  | 61.200 | 83.000 | 88.900 | 47.624 | 24.590 |
|   12  | 61.300 | 83.350 | 89.350 | 47.905 | 24.780 |
|   13  | 61.200 | 83.200 | 89.300 | 47.802 | 24.723 |
|   14  | 61.000 | 83.250 | 89.600 | 48.024 | 24.952 |
|   15  | 61.250 | 83.150 | 89.400 | 47.876 | 24.741 |
|   16  | 61.400 | 83.100 | 89.400 | 47.843 | 24.751 |
|   17  | 61.450 | 82.800 | 89.300 | 47.819 | 24.639 |
|   18  | 61.250 | 83.000 | 89.100 | 47.835 | 24.601 |
|   19  | 61.000 | 83.150 | 88.950 | 47.727 | 24.570 |
|   20  | 60.550 | 83.150 | 89.200 | 47.644 | 24.538 |
|   21  | 60.950 | 82.800 | 89.000 | 47.660 | 24.543 |
|   22  | 61.200 | 82.900 | 89.050 | 47.651 | 24.488 |
|   23  | 61.000 | 82.600 | 89.000 | 47.545 | 24.390 |
|   24  | 61.200 | 82.750 | 89.200 | 47.588 | 24.414 |
|   25  | 61.100 | 82.750 | 89.200 | 47.591 | 24.409 |
|   26  | 61.100 | 82.750 | 89.200 | 47.595 | 24.442 |
|   27  | 61.050 | 82.750 | 89.200 | 47.577 | 24.420 |
|   28  | 60.900 | 82.750 | 89.200 | 47.567 | 24.433 |
|   29  | 60.850 | 82.750 | 89.200 | 47.565 | 24.437 |
+-------+--------+--------+--------+--------+--------+
     logs:  {'epo': 29, 'R1': 60.85, 'R5': 82.75, 'R10': 89.2, 'mAP': 47.565, 'mINP': 24.437, 'lr': 1.1e-05, 'entropy': 0.108503, 'loss': 2.045178}
### best epoch 0 : {'epo': '0', 'R1': '66.45', 'R5': '85.55', 'R10': '90.05', 'mAP': '50.447', 'mINP': '25.481', 'lr': '0.000145', 'entropy': '1.473355', 'loss': '2.731168'}
### Time 0:40:18
