Not using distributed mode
### Hyper-parameters:
     seed: 42
     device: cuda
     output_dir: output/ft_rstp/tta/tta_exp3.4
     batch_size_tta: 16
     epochs: 30
     lr: 0.0001
### Creating model
use_swin
load checkpoint from checkpoints/ft_rstp/checkpoint_best.pth
missing_keys:  []
vision_encoder missing_keys:  []
unexpected_keys:  []
     Total Params Sum:  214456629
### Creating test dataset
     test_dataset: 1000
### Creating test dataloader
### be careful: func create_loader returns a list length of 1
     test_loader: 7
### Inference ITC similiarity matrix
     Computing text features for evaluation
     Computing image features for evaluation
/home/jiahao/task/APTM/reTools.py:308: UserWarning: To copy construct from a tensor, it is recommended to use sourceTensor.clone().detach() or sourceTensor.clone().detach().requires_grad_(True), rather than torch.tensor(sourceTensor).
  similarity = torch.tensor(scores_t2i)
     Computing features time 0:00:04
### Zero-Shot ITC Score: 
+-------+--------+--------+--------+--------+--------+
| epoch |   R1   |   R5   |  R10   |  mAP   |  mINP  |
+-------+--------+--------+--------+--------+--------+
|  -999 | 59.000 | 79.650 | 88.500 | 47.231 | 25.876 |
+-------+--------+--------+--------+--------+--------+
     Computing matching score
      ITM Evaluation: [   0/2000]  eta: 0:01:19    time: 0.0395  data: 0.0017  max mem: 4847
      ITM Evaluation: [ 100/2000]  eta: 0:01:20    time: 0.0428  data: 0.0000  max mem: 4847
      ITM Evaluation: [ 200/2000]  eta: 0:01:16    time: 0.0402  data: 0.0000  max mem: 4847
      ITM Evaluation: [ 300/2000]  eta: 0:01:13    time: 0.0439  data: 0.0000  max mem: 4847
      ITM Evaluation: [ 400/2000]  eta: 0:01:09    time: 0.0508  data: 0.0000  max mem: 4847
      ITM Evaluation: [ 500/2000]  eta: 0:01:06    time: 0.0440  data: 0.0000  max mem: 4847
      ITM Evaluation: [ 600/2000]  eta: 0:01:01    time: 0.0432  data: 0.0000  max mem: 4847
      ITM Evaluation: [ 700/2000]  eta: 0:00:57    time: 0.0459  data: 0.0000  max mem: 4847
      ITM Evaluation: [ 800/2000]  eta: 0:00:53    time: 0.0457  data: 0.0000  max mem: 4847
      ITM Evaluation: [ 900/2000]  eta: 0:00:49    time: 0.0493  data: 0.0000  max mem: 4847
      ITM Evaluation: [1000/2000]  eta: 0:00:45    time: 0.0453  data: 0.0000  max mem: 4847
      ITM Evaluation: [1100/2000]  eta: 0:00:40    time: 0.0476  data: 0.0000  max mem: 4847
      ITM Evaluation: [1200/2000]  eta: 0:00:36    time: 0.0437  data: 0.0000  max mem: 4847
      ITM Evaluation: [1300/2000]  eta: 0:00:31    time: 0.0403  data: 0.0000  max mem: 4847
      ITM Evaluation: [1400/2000]  eta: 0:00:26    time: 0.0385  data: 0.0000  max mem: 4847
      ITM Evaluation: [1500/2000]  eta: 0:00:22    time: 0.0415  data: 0.0000  max mem: 4847
      ITM Evaluation: [1600/2000]  eta: 0:00:17    time: 0.0436  data: 0.0000  max mem: 4847
      ITM Evaluation: [1700/2000]  eta: 0:00:13    time: 0.0447  data: 0.0000  max mem: 4847
      ITM Evaluation: [1800/2000]  eta: 0:00:08    time: 0.0442  data: 0.0000  max mem: 4847
      ITM Evaluation: [1900/2000]  eta: 0:00:04    time: 0.0438  data: 0.0000  max mem: 4847
      ITM Evaluation: [1999/2000]  eta: 0:00:00    time: 0.0410  data: 0.0000  max mem: 4847
      ITM Evaluation: Total time: 0:01:28 (0.0445 s / it)
     total_time 88.99230027198792
     Computing matching score time 0:01:28
### Zero-Shot ITM Score: 
+-------+--------+--------+--------+--------+--------+
| epoch |   R1   |   R5   |  R10   |  mAP   |  mINP  |
+-------+--------+--------+--------+--------+--------+
|  -999 | 59.000 | 79.650 | 88.500 | 47.231 | 25.876 |
|  -999 | 66.450 | 85.600 | 90.600 | 50.642 | 25.526 |
+-------+--------+--------+--------+--------+--------+
### TTA:
### Compute ITC Uncertainty
     preprocess_tta_coefficients  start
     sample selection ...
     number of sample after sample_selection: 2000
     uncertainty ...
     preprocess_tta_coefficients  end
### Creating tta dataset
     tta_dataset: 2000
### Creating tta dataloader
### be careful: func create_loader returns a list length of 1
     tta_loader: 125
### Configure adapted weights
     TTA Dropout Modules: 
 [('vision_encoder.pos_drop', Dropout(p=0.0, inplace=False), True), ('vision_encoder.layers.0.blocks.0.attn.attn_drop', Dropout(p=0.0, inplace=False), True), ('vision_encoder.layers.0.blocks.0.attn.proj_drop', Dropout(p=0.0, inplace=False), True), ('vision_encoder.layers.0.blocks.0.mlp.drop', Dropout(p=0.0, inplace=False), True), ('vision_encoder.layers.0.blocks.1.attn.attn_drop', Dropout(p=0.0, inplace=False), True), ('vision_encoder.layers.0.blocks.1.attn.proj_drop', Dropout(p=0.0, inplace=False), True), ('vision_encoder.layers.0.blocks.1.mlp.drop', Dropout(p=0.0, inplace=False), True), ('vision_encoder.layers.1.blocks.0.attn.attn_drop', Dropout(p=0.0, inplace=False), True), ('vision_encoder.layers.1.blocks.0.attn.proj_drop', Dropout(p=0.0, inplace=False), True), ('vision_encoder.layers.1.blocks.0.mlp.drop', Dropout(p=0.0, inplace=False), True), ('vision_encoder.layers.1.blocks.1.attn.attn_drop', Dropout(p=0.0, inplace=False), True), ('vision_encoder.layers.1.blocks.1.attn.proj_drop', Dropout(p=0.0, inplace=False), True), ('vision_encoder.layers.1.blocks.1.mlp.drop', Dropout(p=0.0, inplace=False), True), ('vision_encoder.layers.2.blocks.0.attn.attn_drop', Dropout(p=0.0, inplace=False), True), ('vision_encoder.layers.2.blocks.0.attn.proj_drop', Dropout(p=0.0, inplace=False), True), ('vision_encoder.layers.2.blocks.0.mlp.drop', Dropout(p=0.0, inplace=False), True), ('vision_encoder.layers.2.blocks.1.attn.attn_drop', Dropout(p=0.0, inplace=False), True), ('vision_encoder.layers.2.blocks.1.attn.proj_drop', Dropout(p=0.0, inplace=False), True), ('vision_encoder.layers.2.blocks.1.mlp.drop', Dropout(p=0.0, inplace=False), True), ('vision_encoder.layers.2.blocks.2.attn.attn_drop', Dropout(p=0.0, inplace=False), True), ('vision_encoder.layers.2.blocks.2.attn.proj_drop', Dropout(p=0.0, inplace=False), True), ('vision_encoder.layers.2.blocks.2.mlp.drop', Dropout(p=0.0, inplace=False), True), ('vision_encoder.layers.2.blocks.3.attn.attn_drop', Dropout(p=0.0, inplace=False), True), ('vision_encoder.layers.2.blocks.3.attn.proj_drop', Dropout(p=0.0, inplace=False), True), ('vision_encoder.layers.2.blocks.3.mlp.drop', Dropout(p=0.0, inplace=False), True), ('vision_encoder.layers.2.blocks.4.attn.attn_drop', Dropout(p=0.0, inplace=False), True), ('vision_encoder.layers.2.blocks.4.attn.proj_drop', Dropout(p=0.0, inplace=False), True), ('vision_encoder.layers.2.blocks.4.mlp.drop', Dropout(p=0.0, inplace=False), True), ('vision_encoder.layers.2.blocks.5.attn.attn_drop', Dropout(p=0.0, inplace=False), True), ('vision_encoder.layers.2.blocks.5.attn.proj_drop', Dropout(p=0.0, inplace=False), True), ('vision_encoder.layers.2.blocks.5.mlp.drop', Dropout(p=0.0, inplace=False), True), ('vision_encoder.layers.2.blocks.6.attn.attn_drop', Dropout(p=0.0, inplace=False), True), ('vision_encoder.layers.2.blocks.6.attn.proj_drop', Dropout(p=0.0, inplace=False), True), ('vision_encoder.layers.2.blocks.6.mlp.drop', Dropout(p=0.0, inplace=False), True), ('vision_encoder.layers.2.blocks.7.attn.attn_drop', Dropout(p=0.0, inplace=False), True), ('vision_encoder.layers.2.blocks.7.attn.proj_drop', Dropout(p=0.0, inplace=False), True), ('vision_encoder.layers.2.blocks.7.mlp.drop', Dropout(p=0.0, inplace=False), True), ('vision_encoder.layers.2.blocks.8.attn.attn_drop', Dropout(p=0.0, inplace=False), True), ('vision_encoder.layers.2.blocks.8.attn.proj_drop', Dropout(p=0.0, inplace=False), True), ('vision_encoder.layers.2.blocks.8.mlp.drop', Dropout(p=0.0, inplace=False), True), ('vision_encoder.layers.2.blocks.9.attn.attn_drop', Dropout(p=0.0, inplace=False), True), ('vision_encoder.layers.2.blocks.9.attn.proj_drop', Dropout(p=0.0, inplace=False), True), ('vision_encoder.layers.2.blocks.9.mlp.drop', Dropout(p=0.0, inplace=False), True), ('vision_encoder.layers.2.blocks.10.attn.attn_drop', Dropout(p=0.0, inplace=False), True), ('vision_encoder.layers.2.blocks.10.attn.proj_drop', Dropout(p=0.0, inplace=False), True), ('vision_encoder.layers.2.blocks.10.mlp.drop', Dropout(p=0.0, inplace=False), True), ('vision_encoder.layers.2.blocks.11.attn.attn_drop', Dropout(p=0.0, inplace=False), True), ('vision_encoder.layers.2.blocks.11.attn.proj_drop', Dropout(p=0.0, inplace=False), True), ('vision_encoder.layers.2.blocks.11.mlp.drop', Dropout(p=0.0, inplace=False), True), ('vision_encoder.layers.2.blocks.12.attn.attn_drop', Dropout(p=0.0, inplace=False), True), ('vision_encoder.layers.2.blocks.12.attn.proj_drop', Dropout(p=0.0, inplace=False), True), ('vision_encoder.layers.2.blocks.12.mlp.drop', Dropout(p=0.0, inplace=False), True), ('vision_encoder.layers.2.blocks.13.attn.attn_drop', Dropout(p=0.0, inplace=False), True), ('vision_encoder.layers.2.blocks.13.attn.proj_drop', Dropout(p=0.0, inplace=False), True), ('vision_encoder.layers.2.blocks.13.mlp.drop', Dropout(p=0.0, inplace=False), True), ('vision_encoder.layers.2.blocks.14.attn.attn_drop', Dropout(p=0.0, inplace=False), True), ('vision_encoder.layers.2.blocks.14.attn.proj_drop', Dropout(p=0.0, inplace=False), True), ('vision_encoder.layers.2.blocks.14.mlp.drop', Dropout(p=0.0, inplace=False), True), ('vision_encoder.layers.2.blocks.15.attn.attn_drop', Dropout(p=0.0, inplace=False), True), ('vision_encoder.layers.2.blocks.15.attn.proj_drop', Dropout(p=0.0, inplace=False), True), ('vision_encoder.layers.2.blocks.15.mlp.drop', Dropout(p=0.0, inplace=False), True), ('vision_encoder.layers.2.blocks.16.attn.attn_drop', Dropout(p=0.0, inplace=False), True), ('vision_encoder.layers.2.blocks.16.attn.proj_drop', Dropout(p=0.0, inplace=False), True), ('vision_encoder.layers.2.blocks.16.mlp.drop', Dropout(p=0.0, inplace=False), True), ('vision_encoder.layers.2.blocks.17.attn.attn_drop', Dropout(p=0.0, inplace=False), True), ('vision_encoder.layers.2.blocks.17.attn.proj_drop', Dropout(p=0.0, inplace=False), True), ('vision_encoder.layers.2.blocks.17.mlp.drop', Dropout(p=0.0, inplace=False), True), ('vision_encoder.layers.3.blocks.0.attn.attn_drop', Dropout(p=0.0, inplace=False), True), ('vision_encoder.layers.3.blocks.0.attn.proj_drop', Dropout(p=0.0, inplace=False), True), ('vision_encoder.layers.3.blocks.0.mlp.drop', Dropout(p=0.0, inplace=False), True), ('vision_encoder.layers.3.blocks.1.attn.attn_drop', Dropout(p=0.0, inplace=False), True), ('vision_encoder.layers.3.blocks.1.attn.proj_drop', Dropout(p=0.0, inplace=False), True), ('vision_encoder.layers.3.blocks.1.mlp.drop', Dropout(p=0.0, inplace=False), True), ('text_encoder.bert.embeddings.dropout', Dropout(p=0.1, inplace=False), True), ('text_encoder.bert.encoder.layer.0.attention.self.dropout', Dropout(p=0.1, inplace=False), True), ('text_encoder.bert.encoder.layer.0.attention.output.dropout', Dropout(p=0.1, inplace=False), True), ('text_encoder.bert.encoder.layer.0.output.dropout', Dropout(p=0.1, inplace=False), True), ('text_encoder.bert.encoder.layer.1.attention.self.dropout', Dropout(p=0.1, inplace=False), True), ('text_encoder.bert.encoder.layer.1.attention.output.dropout', Dropout(p=0.1, inplace=False), True), ('text_encoder.bert.encoder.layer.1.output.dropout', Dropout(p=0.1, inplace=False), True), ('text_encoder.bert.encoder.layer.2.attention.self.dropout', Dropout(p=0.1, inplace=False), True), ('text_encoder.bert.encoder.layer.2.attention.output.dropout', Dropout(p=0.1, inplace=False), True), ('text_encoder.bert.encoder.layer.2.output.dropout', Dropout(p=0.1, inplace=False), True), ('text_encoder.bert.encoder.layer.3.attention.self.dropout', Dropout(p=0.1, inplace=False), True), ('text_encoder.bert.encoder.layer.3.attention.output.dropout', Dropout(p=0.1, inplace=False), True), ('text_encoder.bert.encoder.layer.3.output.dropout', Dropout(p=0.1, inplace=False), True), ('text_encoder.bert.encoder.layer.4.attention.self.dropout', Dropout(p=0.1, inplace=False), True), ('text_encoder.bert.encoder.layer.4.attention.output.dropout', Dropout(p=0.1, inplace=False), True), ('text_encoder.bert.encoder.layer.4.output.dropout', Dropout(p=0.1, inplace=False), True), ('text_encoder.bert.encoder.layer.5.attention.self.dropout', Dropout(p=0.1, inplace=False), True), ('text_encoder.bert.encoder.layer.5.attention.output.dropout', Dropout(p=0.1, inplace=False), True), ('text_encoder.bert.encoder.layer.5.output.dropout', Dropout(p=0.1, inplace=False), True), ('text_encoder.bert.encoder.layer.6.attention.self.dropout', Dropout(p=0.1, inplace=False), True), ('text_encoder.bert.encoder.layer.6.attention.output.dropout', Dropout(p=0.1, inplace=False), True), ('text_encoder.bert.encoder.layer.6.crossattention.self.dropout', Dropout(p=0.1, inplace=False), True), ('text_encoder.bert.encoder.layer.6.crossattention.output.dropout', Dropout(p=0.1, inplace=False), True), ('text_encoder.bert.encoder.layer.6.output.dropout', Dropout(p=0.1, inplace=False), True), ('text_encoder.bert.encoder.layer.7.attention.self.dropout', Dropout(p=0.1, inplace=False), True), ('text_encoder.bert.encoder.layer.7.attention.output.dropout', Dropout(p=0.1, inplace=False), True), ('text_encoder.bert.encoder.layer.7.crossattention.self.dropout', Dropout(p=0.1, inplace=False), True), ('text_encoder.bert.encoder.layer.7.crossattention.output.dropout', Dropout(p=0.1, inplace=False), True), ('text_encoder.bert.encoder.layer.7.output.dropout', Dropout(p=0.1, inplace=False), True), ('text_encoder.bert.encoder.layer.8.attention.self.dropout', Dropout(p=0.1, inplace=False), True), ('text_encoder.bert.encoder.layer.8.attention.output.dropout', Dropout(p=0.1, inplace=False), True), ('text_encoder.bert.encoder.layer.8.crossattention.self.dropout', Dropout(p=0.1, inplace=False), True), ('text_encoder.bert.encoder.layer.8.crossattention.output.dropout', Dropout(p=0.1, inplace=False), True), ('text_encoder.bert.encoder.layer.8.output.dropout', Dropout(p=0.1, inplace=False), True), ('text_encoder.bert.encoder.layer.9.attention.self.dropout', Dropout(p=0.1, inplace=False), True), ('text_encoder.bert.encoder.layer.9.attention.output.dropout', Dropout(p=0.1, inplace=False), True), ('text_encoder.bert.encoder.layer.9.crossattention.self.dropout', Dropout(p=0.1, inplace=False), True), ('text_encoder.bert.encoder.layer.9.crossattention.output.dropout', Dropout(p=0.1, inplace=False), True), ('text_encoder.bert.encoder.layer.9.output.dropout', Dropout(p=0.1, inplace=False), True), ('text_encoder.bert.encoder.layer.10.attention.self.dropout', Dropout(p=0.1, inplace=False), True), ('text_encoder.bert.encoder.layer.10.attention.output.dropout', Dropout(p=0.1, inplace=False), True), ('text_encoder.bert.encoder.layer.10.crossattention.self.dropout', Dropout(p=0.1, inplace=False), True), ('text_encoder.bert.encoder.layer.10.crossattention.output.dropout', Dropout(p=0.1, inplace=False), True), ('text_encoder.bert.encoder.layer.10.output.dropout', Dropout(p=0.1, inplace=False), True), ('text_encoder.bert.encoder.layer.11.attention.self.dropout', Dropout(p=0.1, inplace=False), True), ('text_encoder.bert.encoder.layer.11.attention.output.dropout', Dropout(p=0.1, inplace=False), True), ('text_encoder.bert.encoder.layer.11.crossattention.self.dropout', Dropout(p=0.1, inplace=False), True), ('text_encoder.bert.encoder.layer.11.crossattention.output.dropout', Dropout(p=0.1, inplace=False), True), ('text_encoder.bert.encoder.layer.11.output.dropout', Dropout(p=0.1, inplace=False), True)]
     TTA Require Gradient Params: 
 [('text_encoder.bert.embeddings.LayerNorm.weight', torch.Size([768])), ('text_encoder.bert.embeddings.LayerNorm.bias', torch.Size([768])), ('text_encoder.bert.encoder.layer.6.attention.output.LayerNorm.weight', torch.Size([768])), ('text_encoder.bert.encoder.layer.6.attention.output.LayerNorm.bias', torch.Size([768])), ('text_encoder.bert.encoder.layer.6.crossattention.output.LayerNorm.weight', torch.Size([768])), ('text_encoder.bert.encoder.layer.6.crossattention.output.LayerNorm.bias', torch.Size([768])), ('text_encoder.bert.encoder.layer.6.output.LayerNorm.weight', torch.Size([768])), ('text_encoder.bert.encoder.layer.6.output.LayerNorm.bias', torch.Size([768])), ('text_encoder.bert.encoder.layer.7.attention.output.LayerNorm.weight', torch.Size([768])), ('text_encoder.bert.encoder.layer.7.attention.output.LayerNorm.bias', torch.Size([768])), ('text_encoder.bert.encoder.layer.7.crossattention.output.LayerNorm.weight', torch.Size([768])), ('text_encoder.bert.encoder.layer.7.crossattention.output.LayerNorm.bias', torch.Size([768])), ('text_encoder.bert.encoder.layer.7.output.LayerNorm.weight', torch.Size([768])), ('text_encoder.bert.encoder.layer.7.output.LayerNorm.bias', torch.Size([768])), ('text_encoder.bert.encoder.layer.8.attention.output.LayerNorm.weight', torch.Size([768])), ('text_encoder.bert.encoder.layer.8.attention.output.LayerNorm.bias', torch.Size([768])), ('text_encoder.bert.encoder.layer.8.crossattention.output.LayerNorm.weight', torch.Size([768])), ('text_encoder.bert.encoder.layer.8.crossattention.output.LayerNorm.bias', torch.Size([768])), ('text_encoder.bert.encoder.layer.8.output.LayerNorm.weight', torch.Size([768])), ('text_encoder.bert.encoder.layer.8.output.LayerNorm.bias', torch.Size([768])), ('text_encoder.bert.encoder.layer.9.attention.output.LayerNorm.weight', torch.Size([768])), ('text_encoder.bert.encoder.layer.9.attention.output.LayerNorm.bias', torch.Size([768])), ('text_encoder.bert.encoder.layer.9.crossattention.output.LayerNorm.weight', torch.Size([768])), ('text_encoder.bert.encoder.layer.9.crossattention.output.LayerNorm.bias', torch.Size([768])), ('text_encoder.bert.encoder.layer.9.output.LayerNorm.weight', torch.Size([768])), ('text_encoder.bert.encoder.layer.9.output.LayerNorm.bias', torch.Size([768])), ('text_encoder.bert.encoder.layer.10.attention.output.LayerNorm.weight', torch.Size([768])), ('text_encoder.bert.encoder.layer.10.attention.output.LayerNorm.bias', torch.Size([768])), ('text_encoder.bert.encoder.layer.10.crossattention.output.LayerNorm.weight', torch.Size([768])), ('text_encoder.bert.encoder.layer.10.crossattention.output.LayerNorm.bias', torch.Size([768])), ('text_encoder.bert.encoder.layer.10.output.LayerNorm.weight', torch.Size([768])), ('text_encoder.bert.encoder.layer.10.output.LayerNorm.bias', torch.Size([768])), ('text_encoder.bert.encoder.layer.11.attention.output.LayerNorm.weight', torch.Size([768])), ('text_encoder.bert.encoder.layer.11.attention.output.LayerNorm.bias', torch.Size([768])), ('text_encoder.bert.encoder.layer.11.crossattention.output.LayerNorm.weight', torch.Size([768])), ('text_encoder.bert.encoder.layer.11.crossattention.output.LayerNorm.bias', torch.Size([768])), ('text_encoder.bert.encoder.layer.11.output.LayerNorm.weight', torch.Size([768])), ('text_encoder.bert.encoder.layer.11.output.LayerNorm.bias', torch.Size([768])), ('text_encoder.cls.predictions.transform.LayerNorm.weight', torch.Size([768])), ('text_encoder.cls.predictions.transform.LayerNorm.bias', torch.Size([768])), ('itm_head.1.weight', torch.Size([1536])), ('itm_head.1.bias', torch.Size([1536]))]
     TTA Dropout Modules Number: 
 122
     TTA Require Gradient Params Sum: 
 33792
     lr:  0.0001    lr_mult:  2
     model has 'init_params',  363
     num_tta_steps:  3750
     num_warmup_steps:  100
     sched: step
### Start ITM Test Time Adaptation
      TTA Epoch: [0] [  0/125]  eta: 0:01:20  lr: 0.000001  entropy: 1.6342  loss: 3.3015  time: 0.6418  data: 0.4852  max mem: 4847
      TTA Epoch: [0] [100/125]  eta: 0:00:01  lr: 0.000100  entropy: 1.4159  loss: 3.2206  time: 0.0680  data: 0.0002  max mem: 4847
      TTA Epoch: [0] [124/125]  eta: 0:00:00  lr: 0.000099  entropy: 1.4958  loss: 3.2502  time: 0.0510  data: 0.0001  max mem: 4847
      TTA Epoch: [0] Total time: 0:00:08 (0.0709 s / it)
     Averaged stats: lr: 0.0001  entropy: 1.5342  loss: 3.2644
     itm tta time 0:00:08
     Computing matching score
      ITM Evaluation: [   0/2000]  eta: 0:01:54    time: 0.0574  data: 0.0042  max mem: 4847
      ITM Evaluation: [ 100/2000]  eta: 0:01:22    time: 0.0446  data: 0.0000  max mem: 4847
      ITM Evaluation: [ 200/2000]  eta: 0:01:20    time: 0.0484  data: 0.0000  max mem: 4847
      ITM Evaluation: [ 300/2000]  eta: 0:01:16    time: 0.0449  data: 0.0000  max mem: 4847
      ITM Evaluation: [ 400/2000]  eta: 0:01:11    time: 0.0441  data: 0.0000  max mem: 4847
      ITM Evaluation: [ 500/2000]  eta: 0:01:07    time: 0.0484  data: 0.0000  max mem: 4847
      ITM Evaluation: [ 600/2000]  eta: 0:01:02    time: 0.0391  data: 0.0000  max mem: 4847
      ITM Evaluation: [ 700/2000]  eta: 0:00:56    time: 0.0351  data: 0.0000  max mem: 4847
      ITM Evaluation: [ 800/2000]  eta: 0:00:50    time: 0.0357  data: 0.0000  max mem: 4847
      ITM Evaluation: [ 900/2000]  eta: 0:00:46    time: 0.0404  data: 0.0000  max mem: 4847
      ITM Evaluation: [1000/2000]  eta: 0:00:41    time: 0.0386  data: 0.0000  max mem: 4847
      ITM Evaluation: [1100/2000]  eta: 0:00:37    time: 0.0462  data: 0.0000  max mem: 4847
      ITM Evaluation: [1200/2000]  eta: 0:00:32    time: 0.0375  data: 0.0000  max mem: 4847
      ITM Evaluation: [1300/2000]  eta: 0:00:28    time: 0.0362  data: 0.0000  max mem: 4847
      ITM Evaluation: [1400/2000]  eta: 0:00:24    time: 0.0340  data: 0.0000  max mem: 4847
      ITM Evaluation: [1500/2000]  eta: 0:00:19    time: 0.0342  data: 0.0000  max mem: 4847
      ITM Evaluation: [1600/2000]  eta: 0:00:16    time: 0.0474  data: 0.0000  max mem: 4847
      ITM Evaluation: [1700/2000]  eta: 0:00:12    time: 0.0379  data: 0.0000  max mem: 4847
      ITM Evaluation: [1800/2000]  eta: 0:00:08    time: 0.0392  data: 0.0000  max mem: 4847
      ITM Evaluation: [1900/2000]  eta: 0:00:04    time: 0.0421  data: 0.0000  max mem: 4847
      ITM Evaluation: [1999/2000]  eta: 0:00:00    time: 0.0360  data: 0.0000  max mem: 4847
      ITM Evaluation: Total time: 0:01:19 (0.0399 s / it)
     total_time 79.74003863334656
     Computing matching score time 0:01:19
### TTA ITM Score: 
+-------+--------+--------+--------+--------+--------+
| epoch |   R1   |   R5   |  R10   |  mAP   |  mINP  |
+-------+--------+--------+--------+--------+--------+
|  -999 | 59.000 | 79.650 | 88.500 | 47.231 | 25.876 |
|  -999 | 66.450 | 85.600 | 90.600 | 50.642 | 25.526 |
|   0   | 66.400 | 85.500 | 90.500 | 50.748 | 25.874 |
+-------+--------+--------+--------+--------+--------+
     logs:  {'epo': 0, 'R1': 66.4, 'R5': 85.5, 'R10': 90.5, 'mAP': 50.748, 'mINP': 25.874, 'lr': 6e-05, 'entropy': 1.534173, 'loss': 3.264387}
      TTA Epoch: [1] [  0/125]  eta: 0:01:03  lr: 0.000099  entropy: 1.3596  loss: 3.1997  time: 0.5112  data: 0.4257  max mem: 4847
      TTA Epoch: [1] [100/125]  eta: 0:00:01  lr: 0.000097  entropy: 0.9337  loss: 3.0415  time: 0.0456  data: 0.0001  max mem: 4847
      TTA Epoch: [1] [124/125]  eta: 0:00:00  lr: 0.000096  entropy: 0.7512  loss: 2.9738  time: 0.0424  data: 0.0001  max mem: 4847
      TTA Epoch: [1] Total time: 0:00:06 (0.0506 s / it)
     Averaged stats: lr: 0.0001  entropy: 1.1072  loss: 3.1060
     itm tta time 0:00:06
     Computing matching score
      ITM Evaluation: [   0/2000]  eta: 0:01:31    time: 0.0457  data: 0.0016  max mem: 4847
      ITM Evaluation: [ 100/2000]  eta: 0:01:07    time: 0.0351  data: 0.0000  max mem: 4847
      ITM Evaluation: [ 200/2000]  eta: 0:01:03    time: 0.0353  data: 0.0000  max mem: 4847
      ITM Evaluation: [ 300/2000]  eta: 0:01:00    time: 0.0378  data: 0.0000  max mem: 4847
      ITM Evaluation: [ 400/2000]  eta: 0:00:57    time: 0.0368  data: 0.0000  max mem: 4847
      ITM Evaluation: [ 500/2000]  eta: 0:00:54    time: 0.0353  data: 0.0000  max mem: 4847
      ITM Evaluation: [ 600/2000]  eta: 0:00:50    time: 0.0364  data: 0.0000  max mem: 4847
      ITM Evaluation: [ 700/2000]  eta: 0:00:47    time: 0.0364  data: 0.0000  max mem: 4847
      ITM Evaluation: [ 800/2000]  eta: 0:00:43    time: 0.0360  data: 0.0000  max mem: 4847
      ITM Evaluation: [ 900/2000]  eta: 0:00:40    time: 0.0354  data: 0.0000  max mem: 4847
      ITM Evaluation: [1000/2000]  eta: 0:00:36    time: 0.0364  data: 0.0000  max mem: 4847
      ITM Evaluation: [1100/2000]  eta: 0:00:32    time: 0.0368  data: 0.0000  max mem: 4847
      ITM Evaluation: [1200/2000]  eta: 0:00:29    time: 0.0367  data: 0.0000  max mem: 4847
      ITM Evaluation: [1300/2000]  eta: 0:00:25    time: 0.0367  data: 0.0000  max mem: 4847
      ITM Evaluation: [1400/2000]  eta: 0:00:21    time: 0.0383  data: 0.0000  max mem: 4847
      ITM Evaluation: [1500/2000]  eta: 0:00:18    time: 0.0368  data: 0.0000  max mem: 4847
      ITM Evaluation: [1600/2000]  eta: 0:00:14    time: 0.0366  data: 0.0000  max mem: 4847
      ITM Evaluation: [1700/2000]  eta: 0:00:11    time: 0.0366  data: 0.0000  max mem: 4847
      ITM Evaluation: [1800/2000]  eta: 0:00:07    time: 0.0408  data: 0.0000  max mem: 4847
      ITM Evaluation: [1900/2000]  eta: 0:00:03    time: 0.0443  data: 0.0000  max mem: 4847
      ITM Evaluation: [1999/2000]  eta: 0:00:00    time: 0.0523  data: 0.0000  max mem: 4847
      ITM Evaluation: Total time: 0:01:15 (0.0377 s / it)
     total_time 75.49671769142151
     Computing matching score time 0:01:15
### TTA ITM Score: 
+-------+--------+--------+--------+--------+--------+
| epoch |   R1   |   R5   |  R10   |  mAP   |  mINP  |
+-------+--------+--------+--------+--------+--------+
|  -999 | 59.000 | 79.650 | 88.500 | 47.231 | 25.876 |
|  -999 | 66.450 | 85.600 | 90.600 | 50.642 | 25.526 |
|   0   | 66.400 | 85.500 | 90.500 | 50.748 | 25.874 |
|   1   | 63.150 | 84.700 | 89.800 | 49.493 | 25.453 |
+-------+--------+--------+--------+--------+--------+
     logs:  {'epo': 1, 'R1': 63.15, 'R5': 84.7, 'R10': 89.8, 'mAP': 49.493, 'mINP': 25.453, 'lr': 9.8e-05, 'entropy': 1.107182, 'loss': 3.105964}
      TTA Epoch: [2] [  0/125]  eta: 0:01:11  lr: 0.000096  entropy: 0.9341  loss: 3.0419  time: 0.5699  data: 0.4783  max mem: 4847
      TTA Epoch: [2] [100/125]  eta: 0:00:01  lr: 0.000093  entropy: 0.7832  loss: 2.9859  time: 0.0490  data: 0.0001  max mem: 4847
      TTA Epoch: [2] [124/125]  eta: 0:00:00  lr: 0.000092  entropy: 0.8076  loss: 2.9950  time: 0.0445  data: 0.0001  max mem: 4847
      TTA Epoch: [2] Total time: 0:00:06 (0.0517 s / it)
     Averaged stats: lr: 0.0001  entropy: 0.7473  loss: 2.9724
     itm tta time 0:00:06
     Computing matching score
      ITM Evaluation: [   0/2000]  eta: 0:01:36    time: 0.0482  data: 0.0020  max mem: 4847
      ITM Evaluation: [ 100/2000]  eta: 0:01:19    time: 0.0442  data: 0.0000  max mem: 4847
      ITM Evaluation: [ 200/2000]  eta: 0:01:16    time: 0.0426  data: 0.0000  max mem: 4847
      ITM Evaluation: [ 300/2000]  eta: 0:01:12    time: 0.0443  data: 0.0000  max mem: 4847
      ITM Evaluation: [ 400/2000]  eta: 0:01:07    time: 0.0424  data: 0.0000  max mem: 4847
      ITM Evaluation: [ 500/2000]  eta: 0:01:03    time: 0.0402  data: 0.0000  max mem: 4847
      ITM Evaluation: [ 600/2000]  eta: 0:00:59    time: 0.0450  data: 0.0000  max mem: 4847
      ITM Evaluation: [ 700/2000]  eta: 0:00:56    time: 0.0562  data: 0.0000  max mem: 4847
      ITM Evaluation: [ 800/2000]  eta: 0:00:51    time: 0.0370  data: 0.0000  max mem: 4847
      ITM Evaluation: [ 900/2000]  eta: 0:00:46    time: 0.0375  data: 0.0000  max mem: 4847
      ITM Evaluation: [1000/2000]  eta: 0:00:42    time: 0.0393  data: 0.0000  max mem: 4847
      ITM Evaluation: [1100/2000]  eta: 0:00:37    time: 0.0338  data: 0.0000  max mem: 4847
      ITM Evaluation: [1200/2000]  eta: 0:00:32    time: 0.0343  data: 0.0000  max mem: 4847
      ITM Evaluation: [1300/2000]  eta: 0:00:28    time: 0.0338  data: 0.0000  max mem: 4847
      ITM Evaluation: [1400/2000]  eta: 0:00:24    time: 0.0349  data: 0.0000  max mem: 4847
      ITM Evaluation: [1500/2000]  eta: 0:00:20    time: 0.0352  data: 0.0000  max mem: 4847
      ITM Evaluation: [1600/2000]  eta: 0:00:15    time: 0.0351  data: 0.0000  max mem: 4847
      ITM Evaluation: [1700/2000]  eta: 0:00:11    time: 0.0364  data: 0.0000  max mem: 4847
      ITM Evaluation: [1800/2000]  eta: 0:00:07    time: 0.0398  data: 0.0000  max mem: 4847
      ITM Evaluation: [1900/2000]  eta: 0:00:03    time: 0.0374  data: 0.0000  max mem: 4847
      ITM Evaluation: [1999/2000]  eta: 0:00:00    time: 0.0416  data: 0.0000  max mem: 4847
      ITM Evaluation: Total time: 0:01:19 (0.0398 s / it)
     total_time 79.51269149780273
     Computing matching score time 0:01:19
### TTA ITM Score: 
+-------+--------+--------+--------+--------+--------+
| epoch |   R1   |   R5   |  R10   |  mAP   |  mINP  |
+-------+--------+--------+--------+--------+--------+
|  -999 | 59.000 | 79.650 | 88.500 | 47.231 | 25.876 |
|  -999 | 66.450 | 85.600 | 90.600 | 50.642 | 25.526 |
|   0   | 66.400 | 85.500 | 90.500 | 50.748 | 25.874 |
|   1   | 63.150 | 84.700 | 89.800 | 49.493 | 25.453 |
|   2   | 57.800 | 83.450 | 89.500 | 46.982 | 24.257 |
+-------+--------+--------+--------+--------+--------+
     logs:  {'epo': 2, 'R1': 57.8, 'R5': 83.45, 'R10': 89.5, 'mAP': 46.982, 'mINP': 24.257, 'lr': 9.4e-05, 'entropy': 0.747269, 'loss': 2.972431}
      TTA Epoch: [3] [  0/125]  eta: 0:01:19  lr: 0.000092  entropy: 0.5930  loss: 2.9150  time: 0.6400  data: 0.4992  max mem: 4847
      TTA Epoch: [3] [100/125]  eta: 0:00:01  lr: 0.000045  entropy: 0.4647  loss: 2.8676  time: 0.0627  data: 0.0002  max mem: 4847
      TTA Epoch: [3] [124/125]  eta: 0:00:00  lr: 0.000045  entropy: 0.6621  loss: 2.9406  time: 0.0515  data: 0.0001  max mem: 4847
      TTA Epoch: [3] Total time: 0:00:07 (0.0621 s / it)
     Averaged stats: lr: 0.0001  entropy: 0.5749  loss: 2.9085
     itm tta time 0:00:08
     Computing matching score
      ITM Evaluation: [   0/2000]  eta: 0:01:54    time: 0.0574  data: 0.0018  max mem: 4847
      ITM Evaluation: [ 100/2000]  eta: 0:01:10    time: 0.0360  data: 0.0000  max mem: 4847
      ITM Evaluation: [ 200/2000]  eta: 0:01:06    time: 0.0384  data: 0.0000  max mem: 4847
      ITM Evaluation: [ 300/2000]  eta: 0:01:03    time: 0.0365  data: 0.0000  max mem: 4847
      ITM Evaluation: [ 400/2000]  eta: 0:00:59    time: 0.0366  data: 0.0000  max mem: 4847
      ITM Evaluation: [ 500/2000]  eta: 0:00:55    time: 0.0370  data: 0.0000  max mem: 4847
      ITM Evaluation: [ 600/2000]  eta: 0:00:52    time: 0.0443  data: 0.0000  max mem: 4847
      ITM Evaluation: [ 700/2000]  eta: 0:00:50    time: 0.0441  data: 0.0000  max mem: 4847
      ITM Evaluation: [ 800/2000]  eta: 0:00:46    time: 0.0448  data: 0.0000  max mem: 4847
      ITM Evaluation: [ 900/2000]  eta: 0:00:43    time: 0.0418  data: 0.0000  max mem: 4847
      ITM Evaluation: [1000/2000]  eta: 0:00:39    time: 0.0416  data: 0.0000  max mem: 4847
      ITM Evaluation: [1100/2000]  eta: 0:00:35    time: 0.0421  data: 0.0000  max mem: 4847
      ITM Evaluation: [1200/2000]  eta: 0:00:32    time: 0.0461  data: 0.0000  max mem: 4847
      ITM Evaluation: [1300/2000]  eta: 0:00:28    time: 0.0432  data: 0.0000  max mem: 4847
      ITM Evaluation: [1400/2000]  eta: 0:00:24    time: 0.0411  data: 0.0000  max mem: 4847
      ITM Evaluation: [1500/2000]  eta: 0:00:20    time: 0.0422  data: 0.0000  max mem: 4847
      ITM Evaluation: [1600/2000]  eta: 0:00:16    time: 0.0457  data: 0.0000  max mem: 4847
      ITM Evaluation: [1700/2000]  eta: 0:00:12    time: 0.0457  data: 0.0000  max mem: 4847
      ITM Evaluation: [1800/2000]  eta: 0:00:08    time: 0.0494  data: 0.0000  max mem: 4847
      ITM Evaluation: [1900/2000]  eta: 0:00:04    time: 0.0426  data: 0.0000  max mem: 4847
      ITM Evaluation: [1999/2000]  eta: 0:00:00    time: 0.0447  data: 0.0000  max mem: 4847
      ITM Evaluation: Total time: 0:01:23 (0.0419 s / it)
     total_time 83.907381772995
     Computing matching score time 0:01:23
### TTA ITM Score: 
+-------+--------+--------+--------+--------+--------+
| epoch |   R1   |   R5   |  R10   |  mAP   |  mINP  |
+-------+--------+--------+--------+--------+--------+
|  -999 | 59.000 | 79.650 | 88.500 | 47.231 | 25.876 |
|  -999 | 66.450 | 85.600 | 90.600 | 50.642 | 25.526 |
|   0   | 66.400 | 85.500 | 90.500 | 50.748 | 25.874 |
|   1   | 63.150 | 84.700 | 89.800 | 49.493 | 25.453 |
|   2   | 57.800 | 83.450 | 89.500 | 46.982 | 24.257 |
|   3   | 57.850 | 82.700 | 89.250 | 46.721 | 23.992 |
+-------+--------+--------+--------+--------+--------+
     logs:  {'epo': 3, 'R1': 57.85, 'R5': 82.7, 'R10': 89.25, 'mAP': 46.721, 'mINP': 23.992, 'lr': 5.4e-05, 'entropy': 0.574862, 'loss': 2.908465}
      TTA Epoch: [4] [  0/125]  eta: 0:01:53  lr: 0.000045  entropy: 0.7276  loss: 2.9652  time: 0.9041  data: 0.7775  max mem: 4847
      TTA Epoch: [4] [100/125]  eta: 0:00:01  lr: 0.000043  entropy: 0.6082  loss: 2.9210  time: 0.0499  data: 0.0002  max mem: 4847
      TTA Epoch: [4] [124/125]  eta: 0:00:00  lr: 0.000043  entropy: 0.4722  loss: 2.8703  time: 0.0487  data: 0.0001  max mem: 4847
      TTA Epoch: [4] Total time: 0:00:07 (0.0584 s / it)
     Averaged stats: lr: 0.0000  entropy: 0.5480  loss: 2.8985
     itm tta time 0:00:07
     Computing matching score
      ITM Evaluation: [   0/2000]  eta: 0:01:43    time: 0.0520  data: 0.0032  max mem: 4847
      ITM Evaluation: [ 100/2000]  eta: 0:01:28    time: 0.0467  data: 0.0000  max mem: 4847
      ITM Evaluation: [ 200/2000]  eta: 0:01:22    time: 0.0470  data: 0.0000  max mem: 4847
      ITM Evaluation: [ 300/2000]  eta: 0:01:16    time: 0.0431  data: 0.0000  max mem: 4847
      ITM Evaluation: [ 400/2000]  eta: 0:01:11    time: 0.0451  data: 0.0000  max mem: 4847
      ITM Evaluation: [ 500/2000]  eta: 0:01:07    time: 0.0406  data: 0.0000  max mem: 4847
      ITM Evaluation: [ 600/2000]  eta: 0:01:03    time: 0.0453  data: 0.0000  max mem: 4847
      ITM Evaluation: [ 700/2000]  eta: 0:00:58    time: 0.0441  data: 0.0000  max mem: 4847
      ITM Evaluation: [ 800/2000]  eta: 0:00:53    time: 0.0470  data: 0.0000  max mem: 4847
      ITM Evaluation: [ 900/2000]  eta: 0:00:49    time: 0.0452  data: 0.0000  max mem: 4847
      ITM Evaluation: [1000/2000]  eta: 0:00:44    time: 0.0448  data: 0.0000  max mem: 4847
      ITM Evaluation: [1100/2000]  eta: 0:00:40    time: 0.0464  data: 0.0000  max mem: 4847
      ITM Evaluation: [1200/2000]  eta: 0:00:35    time: 0.0408  data: 0.0000  max mem: 4847
      ITM Evaluation: [1300/2000]  eta: 0:00:31    time: 0.0416  data: 0.0000  max mem: 4847
      ITM Evaluation: [1400/2000]  eta: 0:00:26    time: 0.0422  data: 0.0000  max mem: 4847
      ITM Evaluation: [1500/2000]  eta: 0:00:22    time: 0.0430  data: 0.0000  max mem: 4847
      ITM Evaluation: [1600/2000]  eta: 0:00:17    time: 0.0442  data: 0.0000  max mem: 4847
      ITM Evaluation: [1700/2000]  eta: 0:00:13    time: 0.0430  data: 0.0000  max mem: 4847
      ITM Evaluation: [1800/2000]  eta: 0:00:08    time: 0.0443  data: 0.0000  max mem: 4847
      ITM Evaluation: [1900/2000]  eta: 0:00:04    time: 0.0540  data: 0.0000  max mem: 4847
      ITM Evaluation: [1999/2000]  eta: 0:00:00    time: 0.0472  data: 0.0000  max mem: 4847
      ITM Evaluation: Total time: 0:01:29 (0.0447 s / it)
     total_time 89.41054463386536
     Computing matching score time 0:01:29
### TTA ITM Score: 
+-------+--------+--------+--------+--------+--------+
| epoch |   R1   |   R5   |  R10   |  mAP   |  mINP  |
+-------+--------+--------+--------+--------+--------+
|  -999 | 59.000 | 79.650 | 88.500 | 47.231 | 25.876 |
|  -999 | 66.450 | 85.600 | 90.600 | 50.642 | 25.526 |
|   0   | 66.400 | 85.500 | 90.500 | 50.748 | 25.874 |
|   1   | 63.150 | 84.700 | 89.800 | 49.493 | 25.453 |
|   2   | 57.800 | 83.450 | 89.500 | 46.982 | 24.257 |
|   3   | 57.850 | 82.700 | 89.250 | 46.721 | 23.992 |
|   4   | 56.850 | 82.450 | 88.950 | 46.450 | 23.998 |
+-------+--------+--------+--------+--------+--------+
     logs:  {'epo': 4, 'R1': 56.85, 'R5': 82.45, 'R10': 88.95, 'mAP': 46.45, 'mINP': 23.998, 'lr': 4.4e-05, 'entropy': 0.547999, 'loss': 2.898498}
      TTA Epoch: [5] [  0/125]  eta: 0:01:36  lr: 0.000043  entropy: 0.6442  loss: 2.9341  time: 0.7681  data: 0.6400  max mem: 4847
      TTA Epoch: [5] [100/125]  eta: 0:00:01  lr: 0.000017  entropy: 0.4901  loss: 2.8772  time: 0.0571  data: 0.0004  max mem: 4847
      TTA Epoch: [5] [124/125]  eta: 0:00:00  lr: 0.000016  entropy: 0.4192  loss: 2.8507  time: 0.0515  data: 0.0002  max mem: 4847
      TTA Epoch: [5] Total time: 0:00:07 (0.0624 s / it)
     Averaged stats: lr: 0.0000  entropy: 0.5274  loss: 2.8909
     itm tta time 0:00:07
     Computing matching score
      ITM Evaluation: [   0/2000]  eta: 0:01:40    time: 0.0502  data: 0.0038  max mem: 4847
      ITM Evaluation: [ 100/2000]  eta: 0:01:23    time: 0.0434  data: 0.0000  max mem: 4847
      ITM Evaluation: [ 200/2000]  eta: 0:01:20    time: 0.0483  data: 0.0000  max mem: 4847
      ITM Evaluation: [ 300/2000]  eta: 0:01:15    time: 0.0446  data: 0.0000  max mem: 4847
      ITM Evaluation: [ 400/2000]  eta: 0:01:10    time: 0.0428  data: 0.0000  max mem: 4847
      ITM Evaluation: [ 500/2000]  eta: 0:01:06    time: 0.0453  data: 0.0000  max mem: 4847
      ITM Evaluation: [ 600/2000]  eta: 0:01:02    time: 0.0494  data: 0.0000  max mem: 4847
      ITM Evaluation: [ 700/2000]  eta: 0:00:59    time: 0.0501  data: 0.0000  max mem: 4847
      ITM Evaluation: [ 800/2000]  eta: 0:00:54    time: 0.0466  data: 0.0000  max mem: 4847
      ITM Evaluation: [ 900/2000]  eta: 0:00:50    time: 0.0432  data: 0.0000  max mem: 4847
      ITM Evaluation: [1000/2000]  eta: 0:00:45    time: 0.0413  data: 0.0000  max mem: 4847
      ITM Evaluation: [1100/2000]  eta: 0:00:40    time: 0.0434  data: 0.0000  max mem: 4847
      ITM Evaluation: [1200/2000]  eta: 0:00:35    time: 0.0438  data: 0.0000  max mem: 4847
      ITM Evaluation: [1300/2000]  eta: 0:00:31    time: 0.0404  data: 0.0000  max mem: 4847
      ITM Evaluation: [1400/2000]  eta: 0:00:26    time: 0.0449  data: 0.0000  max mem: 4847
      ITM Evaluation: [1500/2000]  eta: 0:00:22    time: 0.0439  data: 0.0000  max mem: 4847
      ITM Evaluation: [1600/2000]  eta: 0:00:17    time: 0.0457  data: 0.0000  max mem: 4847
      ITM Evaluation: [1700/2000]  eta: 0:00:13    time: 0.0439  data: 0.0000  max mem: 4847
      ITM Evaluation: [1800/2000]  eta: 0:00:08    time: 0.0449  data: 0.0000  max mem: 4847
      ITM Evaluation: [1900/2000]  eta: 0:00:04    time: 0.0420  data: 0.0000  max mem: 4847
      ITM Evaluation: [1999/2000]  eta: 0:00:00    time: 0.0421  data: 0.0000  max mem: 4847
      ITM Evaluation: Total time: 0:01:28 (0.0442 s / it)
     total_time 88.42002034187317
     Computing matching score time 0:01:28
### TTA ITM Score: 
+-------+--------+--------+--------+--------+--------+
| epoch |   R1   |   R5   |  R10   |  mAP   |  mINP  |
+-------+--------+--------+--------+--------+--------+
|  -999 | 59.000 | 79.650 | 88.500 | 47.231 | 25.876 |
|  -999 | 66.450 | 85.600 | 90.600 | 50.642 | 25.526 |
|   0   | 66.400 | 85.500 | 90.500 | 50.748 | 25.874 |
|   1   | 63.150 | 84.700 | 89.800 | 49.493 | 25.453 |
|   2   | 57.800 | 83.450 | 89.500 | 46.982 | 24.257 |
|   3   | 57.850 | 82.700 | 89.250 | 46.721 | 23.992 |
|   4   | 56.850 | 82.450 | 88.950 | 46.450 | 23.998 |
|   5   | 56.850 | 82.600 | 89.050 | 46.585 | 24.071 |
+-------+--------+--------+--------+--------+--------+
     logs:  {'epo': 5, 'R1': 56.85, 'R5': 82.6, 'R10': 89.05, 'mAP': 46.585, 'mINP': 24.071, 'lr': 3.2e-05, 'entropy': 0.527444, 'loss': 2.890873}
      TTA Epoch: [6] [  0/125]  eta: 0:01:31  lr: 0.000016  entropy: 0.4454  loss: 2.8607  time: 0.7319  data: 0.6417  max mem: 4847
      TTA Epoch: [6] [100/125]  eta: 0:00:01  lr: 0.000016  entropy: 0.4536  loss: 2.8632  time: 0.0582  data: 0.0003  max mem: 4847
      TTA Epoch: [6] [124/125]  eta: 0:00:00  lr: 0.000016  entropy: 0.3897  loss: 2.8398  time: 0.0537  data: 0.0002  max mem: 4847
      TTA Epoch: [6] Total time: 0:00:08 (0.0640 s / it)
     Averaged stats: lr: 0.0000  entropy: 0.5093  loss: 2.8842
     itm tta time 0:00:08
     Computing matching score
      ITM Evaluation: [   0/2000]  eta: 0:01:47    time: 0.0538  data: 0.0026  max mem: 4847
      ITM Evaluation: [ 100/2000]  eta: 0:01:20    time: 0.0428  data: 0.0000  max mem: 4847
      ITM Evaluation: [ 200/2000]  eta: 0:01:16    time: 0.0434  data: 0.0000  max mem: 4847
      ITM Evaluation: [ 300/2000]  eta: 0:01:12    time: 0.0431  data: 0.0000  max mem: 4847
      ITM Evaluation: [ 400/2000]  eta: 0:01:08    time: 0.0429  data: 0.0000  max mem: 4847
      ITM Evaluation: [ 500/2000]  eta: 0:01:04    time: 0.0479  data: 0.0000  max mem: 4847
      ITM Evaluation: [ 600/2000]  eta: 0:00:59    time: 0.0397  data: 0.0000  max mem: 4847
      ITM Evaluation: [ 700/2000]  eta: 0:00:55    time: 0.0408  data: 0.0000  max mem: 4847
      ITM Evaluation: [ 800/2000]  eta: 0:00:51    time: 0.0433  data: 0.0000  max mem: 4847
      ITM Evaluation: [ 900/2000]  eta: 0:00:47    time: 0.0433  data: 0.0000  max mem: 4847
      ITM Evaluation: [1000/2000]  eta: 0:00:42    time: 0.0443  data: 0.0000  max mem: 4847
      ITM Evaluation: [1100/2000]  eta: 0:00:38    time: 0.0398  data: 0.0000  max mem: 4847
      ITM Evaluation: [1200/2000]  eta: 0:00:34    time: 0.0407  data: 0.0000  max mem: 4847
      ITM Evaluation: [1300/2000]  eta: 0:00:29    time: 0.0408  data: 0.0000  max mem: 4847
      ITM Evaluation: [1400/2000]  eta: 0:00:25    time: 0.0422  data: 0.0000  max mem: 4847
      ITM Evaluation: [1500/2000]  eta: 0:00:21    time: 0.0416  data: 0.0000  max mem: 4847
      ITM Evaluation: [1600/2000]  eta: 0:00:16    time: 0.0433  data: 0.0000  max mem: 4847
      ITM Evaluation: [1700/2000]  eta: 0:00:12    time: 0.0450  data: 0.0000  max mem: 4847
      ITM Evaluation: [1800/2000]  eta: 0:00:08    time: 0.0421  data: 0.0000  max mem: 4847
      ITM Evaluation: [1900/2000]  eta: 0:00:04    time: 0.0435  data: 0.0000  max mem: 4847
      ITM Evaluation: [1999/2000]  eta: 0:00:00    time: 0.0425  data: 0.0000  max mem: 4847
      ITM Evaluation: Total time: 0:01:24 (0.0424 s / it)
     total_time 84.87043881416321
     Computing matching score time 0:01:24
### TTA ITM Score: 
+-------+--------+--------+--------+--------+--------+
| epoch |   R1   |   R5   |  R10   |  mAP   |  mINP  |
+-------+--------+--------+--------+--------+--------+
|  -999 | 59.000 | 79.650 | 88.500 | 47.231 | 25.876 |
|  -999 | 66.450 | 85.600 | 90.600 | 50.642 | 25.526 |
|   0   | 66.400 | 85.500 | 90.500 | 50.748 | 25.874 |
|   1   | 63.150 | 84.700 | 89.800 | 49.493 | 25.453 |
|   2   | 57.800 | 83.450 | 89.500 | 46.982 | 24.257 |
|   3   | 57.850 | 82.700 | 89.250 | 46.721 | 23.992 |
|   4   | 56.850 | 82.450 | 88.950 | 46.450 | 23.998 |
|   5   | 56.850 | 82.600 | 89.050 | 46.585 | 24.071 |
|   6   | 56.950 | 82.450 | 88.950 | 46.566 | 24.106 |
+-------+--------+--------+--------+--------+--------+
     logs:  {'epo': 6, 'R1': 56.95, 'R5': 82.45, 'R10': 88.95, 'mAP': 46.566, 'mINP': 24.106, 'lr': 1.6e-05, 'entropy': 0.509349, 'loss': 2.884158}
      TTA Epoch: [7] [  0/125]  eta: 0:01:23  lr: 0.000016  entropy: 0.2256  loss: 2.7788  time: 0.6705  data: 0.5749  max mem: 4847
      TTA Epoch: [7] [100/125]  eta: 0:00:01  lr: 0.000015  entropy: 0.4898  loss: 2.8770  time: 0.0611  data: 0.0002  max mem: 4847
      TTA Epoch: [7] [124/125]  eta: 0:00:00  lr: 0.000015  entropy: 0.5471  loss: 2.8984  time: 0.0518  data: 0.0002  max mem: 4847
      TTA Epoch: [7] Total time: 0:00:07 (0.0619 s / it)
     Averaged stats: lr: 0.0000  entropy: 0.5044  loss: 2.8823
     itm tta time 0:00:07
     Computing matching score
      ITM Evaluation: [   0/2000]  eta: 0:01:41    time: 0.0510  data: 0.0078  max mem: 4847
      ITM Evaluation: [ 100/2000]  eta: 0:01:15    time: 0.0398  data: 0.0000  max mem: 4847
      ITM Evaluation: [ 200/2000]  eta: 0:01:10    time: 0.0387  data: 0.0000  max mem: 4847
      ITM Evaluation: [ 300/2000]  eta: 0:01:07    time: 0.0394  data: 0.0000  max mem: 4847
      ITM Evaluation: [ 400/2000]  eta: 0:01:04    time: 0.0449  data: 0.0000  max mem: 4847
      ITM Evaluation: [ 500/2000]  eta: 0:01:01    time: 0.0412  data: 0.0000  max mem: 4847
      ITM Evaluation: [ 600/2000]  eta: 0:00:57    time: 0.0421  data: 0.0000  max mem: 4847
      ITM Evaluation: [ 700/2000]  eta: 0:00:54    time: 0.0444  data: 0.0000  max mem: 4847
      ITM Evaluation: [ 800/2000]  eta: 0:00:50    time: 0.0425  data: 0.0000  max mem: 4847
      ITM Evaluation: [ 900/2000]  eta: 0:00:45    time: 0.0427  data: 0.0000  max mem: 4847
      ITM Evaluation: [1000/2000]  eta: 0:00:41    time: 0.0394  data: 0.0000  max mem: 4847
      ITM Evaluation: [1100/2000]  eta: 0:00:37    time: 0.0388  data: 0.0000  max mem: 4847
      ITM Evaluation: [1200/2000]  eta: 0:00:32    time: 0.0392  data: 0.0000  max mem: 4847
      ITM Evaluation: [1300/2000]  eta: 0:00:28    time: 0.0373  data: 0.0000  max mem: 4847
      ITM Evaluation: [1400/2000]  eta: 0:00:24    time: 0.0429  data: 0.0000  max mem: 4847
      ITM Evaluation: [1500/2000]  eta: 0:00:20    time: 0.0379  data: 0.0000  max mem: 4847
      ITM Evaluation: [1600/2000]  eta: 0:00:16    time: 0.0352  data: 0.0000  max mem: 4847
      ITM Evaluation: [1700/2000]  eta: 0:00:12    time: 0.0365  data: 0.0000  max mem: 4847
      ITM Evaluation: [1800/2000]  eta: 0:00:08    time: 0.0421  data: 0.0000  max mem: 4847
      ITM Evaluation: [1900/2000]  eta: 0:00:04    time: 0.0398  data: 0.0000  max mem: 4847
      ITM Evaluation: [1999/2000]  eta: 0:00:00    time: 0.0387  data: 0.0000  max mem: 4847
      ITM Evaluation: Total time: 0:01:20 (0.0402 s / it)
     total_time 80.3367919921875
     Computing matching score time 0:01:20
### TTA ITM Score: 
+-------+--------+--------+--------+--------+--------+
| epoch |   R1   |   R5   |  R10   |  mAP   |  mINP  |
+-------+--------+--------+--------+--------+--------+
|  -999 | 59.000 | 79.650 | 88.500 | 47.231 | 25.876 |
|  -999 | 66.450 | 85.600 | 90.600 | 50.642 | 25.526 |
|   0   | 66.400 | 85.500 | 90.500 | 50.748 | 25.874 |
|   1   | 63.150 | 84.700 | 89.800 | 49.493 | 25.453 |
|   2   | 57.800 | 83.450 | 89.500 | 46.982 | 24.257 |
|   3   | 57.850 | 82.700 | 89.250 | 46.721 | 23.992 |
|   4   | 56.850 | 82.450 | 88.950 | 46.450 | 23.998 |
|   5   | 56.850 | 82.600 | 89.050 | 46.585 | 24.071 |
|   6   | 56.950 | 82.450 | 88.950 | 46.566 | 24.106 |
|   7   | 57.050 | 82.400 | 89.050 | 46.626 | 24.102 |
+-------+--------+--------+--------+--------+--------+
     logs:  {'epo': 7, 'R1': 57.05, 'R5': 82.4, 'R10': 89.05, 'mAP': 46.626, 'mINP': 24.102, 'lr': 1.5e-05, 'entropy': 0.504431, 'loss': 2.882334}
      TTA Epoch: [8] [  0/125]  eta: 0:01:34  lr: 0.000015  entropy: 0.6568  loss: 2.9388  time: 0.7588  data: 0.6276  max mem: 4847
      TTA Epoch: [8] [100/125]  eta: 0:00:01  lr: 0.000015  entropy: 0.5716  loss: 2.9075  time: 0.0547  data: 0.0002  max mem: 4847
      TTA Epoch: [8] [124/125]  eta: 0:00:00  lr: 0.000014  entropy: 0.5806  loss: 2.9105  time: 0.0483  data: 0.0001  max mem: 4847
      TTA Epoch: [8] Total time: 0:00:07 (0.0586 s / it)
     Averaged stats: lr: 0.0000  entropy: 0.4902  loss: 2.8770
     itm tta time 0:00:07
     Computing matching score
      ITM Evaluation: [   0/2000]  eta: 0:01:53    time: 0.0569  data: 0.0079  max mem: 4847
      ITM Evaluation: [ 100/2000]  eta: 0:01:13    time: 0.0410  data: 0.0000  max mem: 4847
      ITM Evaluation: [ 200/2000]  eta: 0:01:10    time: 0.0407  data: 0.0000  max mem: 4847
      ITM Evaluation: [ 300/2000]  eta: 0:01:05    time: 0.0394  data: 0.0000  max mem: 4847
      ITM Evaluation: [ 400/2000]  eta: 0:01:02    time: 0.0397  data: 0.0000  max mem: 4847
      ITM Evaluation: [ 500/2000]  eta: 0:00:58    time: 0.0402  data: 0.0000  max mem: 4847
      ITM Evaluation: [ 600/2000]  eta: 0:00:54    time: 0.0413  data: 0.0000  max mem: 4847
      ITM Evaluation: [ 700/2000]  eta: 0:00:50    time: 0.0396  data: 0.0000  max mem: 4847
      ITM Evaluation: [ 800/2000]  eta: 0:00:46    time: 0.0379  data: 0.0000  max mem: 4847
      ITM Evaluation: [ 900/2000]  eta: 0:00:42    time: 0.0365  data: 0.0000  max mem: 4847
      ITM Evaluation: [1000/2000]  eta: 0:00:38    time: 0.0374  data: 0.0000  max mem: 4847
      ITM Evaluation: [1100/2000]  eta: 0:00:35    time: 0.0397  data: 0.0000  max mem: 4847
      ITM Evaluation: [1200/2000]  eta: 0:00:31    time: 0.0428  data: 0.0000  max mem: 4847
      ITM Evaluation: [1300/2000]  eta: 0:00:27    time: 0.0379  data: 0.0000  max mem: 4847
      ITM Evaluation: [1400/2000]  eta: 0:00:23    time: 0.0381  data: 0.0000  max mem: 4847
      ITM Evaluation: [1500/2000]  eta: 0:00:19    time: 0.0446  data: 0.0000  max mem: 4847
      ITM Evaluation: [1600/2000]  eta: 0:00:15    time: 0.0396  data: 0.0000  max mem: 4847
      ITM Evaluation: [1700/2000]  eta: 0:00:11    time: 0.0356  data: 0.0000  max mem: 4847
      ITM Evaluation: [1800/2000]  eta: 0:00:07    time: 0.0371  data: 0.0000  max mem: 4847
      ITM Evaluation: [1900/2000]  eta: 0:00:03    time: 0.0385  data: 0.0000  max mem: 4847
      ITM Evaluation: [1999/2000]  eta: 0:00:00    time: 0.0368  data: 0.0000  max mem: 4847
      ITM Evaluation: Total time: 0:01:17 (0.0390 s / it)
     total_time 77.96910285949707
     Computing matching score time 0:01:17
### TTA ITM Score: 
+-------+--------+--------+--------+--------+--------+
| epoch |   R1   |   R5   |  R10   |  mAP   |  mINP  |
+-------+--------+--------+--------+--------+--------+
|  -999 | 59.000 | 79.650 | 88.500 | 47.231 | 25.876 |
|  -999 | 66.450 | 85.600 | 90.600 | 50.642 | 25.526 |
|   0   | 66.400 | 85.500 | 90.500 | 50.748 | 25.874 |
|   1   | 63.150 | 84.700 | 89.800 | 49.493 | 25.453 |
|   2   | 57.800 | 83.450 | 89.500 | 46.982 | 24.257 |
|   3   | 57.850 | 82.700 | 89.250 | 46.721 | 23.992 |
|   4   | 56.850 | 82.450 | 88.950 | 46.450 | 23.998 |
|   5   | 56.850 | 82.600 | 89.050 | 46.585 | 24.071 |
|   6   | 56.950 | 82.450 | 88.950 | 46.566 | 24.106 |
|   7   | 57.050 | 82.400 | 89.050 | 46.626 | 24.102 |
|   8   | 57.200 | 82.500 | 89.000 | 46.663 | 24.122 |
+-------+--------+--------+--------+--------+--------+
     logs:  {'epo': 8, 'R1': 57.2, 'R5': 82.5, 'R10': 89.0, 'mAP': 46.663, 'mINP': 24.122, 'lr': 1.5e-05, 'entropy': 0.490154, 'loss': 2.877038}
      TTA Epoch: [9] [  0/125]  eta: 0:01:33  lr: 0.000014  entropy: 0.5322  loss: 2.8926  time: 0.7513  data: 0.6400  max mem: 4847
      TTA Epoch: [9] [100/125]  eta: 0:00:01  lr: 0.000014  entropy: 0.4116  loss: 2.8478  time: 0.0534  data: 0.0002  max mem: 4847
      TTA Epoch: [9] [124/125]  eta: 0:00:00  lr: 0.000014  entropy: 0.4054  loss: 2.8455  time: 0.0536  data: 0.0004  max mem: 4847
      TTA Epoch: [9] Total time: 0:00:07 (0.0622 s / it)
     Averaged stats: lr: 0.0000  entropy: 0.5016  loss: 2.8813
     itm tta time 0:00:07
     Computing matching score
      ITM Evaluation: [   0/2000]  eta: 0:02:03    time: 0.0618  data: 0.0034  max mem: 4847
      ITM Evaluation: [ 100/2000]  eta: 0:01:11    time: 0.0388  data: 0.0000  max mem: 4847
      ITM Evaluation: [ 200/2000]  eta: 0:01:09    time: 0.0392  data: 0.0000  max mem: 4847
      ITM Evaluation: [ 300/2000]  eta: 0:01:06    time: 0.0421  data: 0.0000  max mem: 4847
      ITM Evaluation: [ 400/2000]  eta: 0:01:02    time: 0.0384  data: 0.0000  max mem: 4847
      ITM Evaluation: [ 500/2000]  eta: 0:00:57    time: 0.0384  data: 0.0000  max mem: 4847
      ITM Evaluation: [ 600/2000]  eta: 0:00:53    time: 0.0378  data: 0.0000  max mem: 4847
      ITM Evaluation: [ 700/2000]  eta: 0:00:50    time: 0.0394  data: 0.0000  max mem: 4847
      ITM Evaluation: [ 800/2000]  eta: 0:00:46    time: 0.0390  data: 0.0000  max mem: 4847
      ITM Evaluation: [ 900/2000]  eta: 0:00:42    time: 0.0362  data: 0.0000  max mem: 4847
      ITM Evaluation: [1000/2000]  eta: 0:00:38    time: 0.0392  data: 0.0000  max mem: 4847
      ITM Evaluation: [1100/2000]  eta: 0:00:34    time: 0.0416  data: 0.0000  max mem: 4847
      ITM Evaluation: [1200/2000]  eta: 0:00:31    time: 0.0436  data: 0.0000  max mem: 4847
      ITM Evaluation: [1300/2000]  eta: 0:00:27    time: 0.0419  data: 0.0000  max mem: 4847
      ITM Evaluation: [1400/2000]  eta: 0:00:23    time: 0.0375  data: 0.0000  max mem: 4847
      ITM Evaluation: [1500/2000]  eta: 0:00:19    time: 0.0362  data: 0.0000  max mem: 4847
      ITM Evaluation: [1600/2000]  eta: 0:00:15    time: 0.0358  data: 0.0000  max mem: 4847
      ITM Evaluation: [1700/2000]  eta: 0:00:11    time: 0.0407  data: 0.0000  max mem: 4847
      ITM Evaluation: [1800/2000]  eta: 0:00:07    time: 0.0367  data: 0.0000  max mem: 4847
      ITM Evaluation: [1900/2000]  eta: 0:00:03    time: 0.0395  data: 0.0000  max mem: 4847
      ITM Evaluation: [1999/2000]  eta: 0:00:00    time: 0.0382  data: 0.0000  max mem: 4847
      ITM Evaluation: Total time: 0:01:17 (0.0389 s / it)
     total_time 77.79658436775208
     Computing matching score time 0:01:17
### TTA ITM Score: 
+-------+--------+--------+--------+--------+--------+
| epoch |   R1   |   R5   |  R10   |  mAP   |  mINP  |
+-------+--------+--------+--------+--------+--------+
|  -999 | 59.000 | 79.650 | 88.500 | 47.231 | 25.876 |
|  -999 | 66.450 | 85.600 | 90.600 | 50.642 | 25.526 |
|   0   | 66.400 | 85.500 | 90.500 | 50.748 | 25.874 |
|   1   | 63.150 | 84.700 | 89.800 | 49.493 | 25.453 |
|   2   | 57.800 | 83.450 | 89.500 | 46.982 | 24.257 |
|   3   | 57.850 | 82.700 | 89.250 | 46.721 | 23.992 |
|   4   | 56.850 | 82.450 | 88.950 | 46.450 | 23.998 |
|   5   | 56.850 | 82.600 | 89.050 | 46.585 | 24.071 |
|   6   | 56.950 | 82.450 | 88.950 | 46.566 | 24.106 |
|   7   | 57.050 | 82.400 | 89.050 | 46.626 | 24.102 |
|   8   | 57.200 | 82.500 | 89.000 | 46.663 | 24.122 |
|   9   | 57.150 | 82.550 | 89.000 | 46.693 | 24.188 |
+-------+--------+--------+--------+--------+--------+
     logs:  {'epo': 9, 'R1': 57.15, 'R5': 82.55, 'R10': 89.0, 'mAP': 46.693, 'mINP': 24.188, 'lr': 1.4e-05, 'entropy': 0.501635, 'loss': 2.881296}
      TTA Epoch: [10] [  0/125]  eta: 0:01:28  lr: 0.000014  entropy: 0.4246  loss: 2.8527  time: 0.7093  data: 0.5959  max mem: 4847
      TTA Epoch: [10] [100/125]  eta: 0:00:01  lr: 0.000013  entropy: 0.7181  loss: 2.9614  time: 0.0519  data: 0.0001  max mem: 4847
      TTA Epoch: [10] [124/125]  eta: 0:00:00  lr: 0.000013  entropy: 0.4089  loss: 2.8466  time: 0.0485  data: 0.0001  max mem: 4847
      TTA Epoch: [10] Total time: 0:00:07 (0.0585 s / it)
     Averaged stats: lr: 0.0000  entropy: 0.4917  loss: 2.8776
     itm tta time 0:00:07
     Computing matching score
      ITM Evaluation: [   0/2000]  eta: 0:01:13    time: 0.0367  data: 0.0025  max mem: 4847
      ITM Evaluation: [ 100/2000]  eta: 0:01:16    time: 0.0378  data: 0.0000  max mem: 4847
      ITM Evaluation: [ 200/2000]  eta: 0:01:11    time: 0.0385  data: 0.0000  max mem: 4847
      ITM Evaluation: [ 300/2000]  eta: 0:01:08    time: 0.0457  data: 0.0000  max mem: 4847
      ITM Evaluation: [ 400/2000]  eta: 0:01:04    time: 0.0408  data: 0.0000  max mem: 4847
      ITM Evaluation: [ 500/2000]  eta: 0:01:00    time: 0.0421  data: 0.0000  max mem: 4847
      ITM Evaluation: [ 600/2000]  eta: 0:00:55    time: 0.0389  data: 0.0000  max mem: 4847
      ITM Evaluation: [ 700/2000]  eta: 0:00:51    time: 0.0376  data: 0.0000  max mem: 4847
      ITM Evaluation: [ 800/2000]  eta: 0:00:47    time: 0.0406  data: 0.0000  max mem: 4847
      ITM Evaluation: [ 900/2000]  eta: 0:00:43    time: 0.0404  data: 0.0000  max mem: 4847
      ITM Evaluation: [1000/2000]  eta: 0:00:40    time: 0.0473  data: 0.0000  max mem: 4847
      ITM Evaluation: [1100/2000]  eta: 0:00:36    time: 0.0369  data: 0.0000  max mem: 4847
      ITM Evaluation: [1200/2000]  eta: 0:00:32    time: 0.0406  data: 0.0000  max mem: 4847
      ITM Evaluation: [1300/2000]  eta: 0:00:28    time: 0.0410  data: 0.0000  max mem: 4847
      ITM Evaluation: [1400/2000]  eta: 0:00:24    time: 0.0413  data: 0.0000  max mem: 4847
      ITM Evaluation: [1500/2000]  eta: 0:00:20    time: 0.0357  data: 0.0000  max mem: 4847
      ITM Evaluation: [1600/2000]  eta: 0:00:15    time: 0.0375  data: 0.0000  max mem: 4847
      ITM Evaluation: [1700/2000]  eta: 0:00:11    time: 0.0374  data: 0.0000  max mem: 4847
      ITM Evaluation: [1800/2000]  eta: 0:00:07    time: 0.0375  data: 0.0000  max mem: 4847
      ITM Evaluation: [1900/2000]  eta: 0:00:03    time: 0.0503  data: 0.0000  max mem: 4847
      ITM Evaluation: [1999/2000]  eta: 0:00:00    time: 0.0374  data: 0.0000  max mem: 4847
      ITM Evaluation: Total time: 0:01:19 (0.0400 s / it)
     total_time 79.99626278877258
     Computing matching score time 0:01:19
### TTA ITM Score: 
+-------+--------+--------+--------+--------+--------+
| epoch |   R1   |   R5   |  R10   |  mAP   |  mINP  |
+-------+--------+--------+--------+--------+--------+
|  -999 | 59.000 | 79.650 | 88.500 | 47.231 | 25.876 |
|  -999 | 66.450 | 85.600 | 90.600 | 50.642 | 25.526 |
|   0   | 66.400 | 85.500 | 90.500 | 50.748 | 25.874 |
|   1   | 63.150 | 84.700 | 89.800 | 49.493 | 25.453 |
|   2   | 57.800 | 83.450 | 89.500 | 46.982 | 24.257 |
|   3   | 57.850 | 82.700 | 89.250 | 46.721 | 23.992 |
|   4   | 56.850 | 82.450 | 88.950 | 46.450 | 23.998 |
|   5   | 56.850 | 82.600 | 89.050 | 46.585 | 24.071 |
|   6   | 56.950 | 82.450 | 88.950 | 46.566 | 24.106 |
|   7   | 57.050 | 82.400 | 89.050 | 46.626 | 24.102 |
|   8   | 57.200 | 82.500 | 89.000 | 46.663 | 24.122 |
|   9   | 57.150 | 82.550 | 89.000 | 46.693 | 24.188 |
|   10  | 57.100 | 82.550 | 89.050 | 46.678 | 24.208 |
+-------+--------+--------+--------+--------+--------+
     logs:  {'epo': 10, 'R1': 57.1, 'R5': 82.55, 'R10': 89.05, 'mAP': 46.678, 'mINP': 24.208, 'lr': 1.3e-05, 'entropy': 0.491686, 'loss': 2.877606}
      TTA Epoch: [11] [  0/125]  eta: 0:01:25  lr: 0.000013  entropy: 0.5079  loss: 2.8838  time: 0.6812  data: 0.5808  max mem: 4847
      TTA Epoch: [11] [100/125]  eta: 0:00:01  lr: 0.000012  entropy: 0.6842  loss: 2.9492  time: 0.0534  data: 0.0001  max mem: 4847
      TTA Epoch: [11] [124/125]  eta: 0:00:00  lr: 0.000012  entropy: 0.4960  loss: 2.8792  time: 0.0500  data: 0.0001  max mem: 4847
      TTA Epoch: [11] Total time: 0:00:07 (0.0604 s / it)
     Averaged stats: lr: 0.0000  entropy: 0.4786  loss: 2.8728
     itm tta time 0:00:07
     Computing matching score
      ITM Evaluation: [   0/2000]  eta: 0:01:19    time: 0.0399  data: 0.0025  max mem: 4847
      ITM Evaluation: [ 100/2000]  eta: 0:01:13    time: 0.0394  data: 0.0000  max mem: 4847
      ITM Evaluation: [ 200/2000]  eta: 0:01:09    time: 0.0375  data: 0.0000  max mem: 4847
      ITM Evaluation: [ 300/2000]  eta: 0:01:06    time: 0.0399  data: 0.0000  max mem: 4847
      ITM Evaluation: [ 400/2000]  eta: 0:01:01    time: 0.0389  data: 0.0000  max mem: 4847
      ITM Evaluation: [ 500/2000]  eta: 0:00:58    time: 0.0398  data: 0.0000  max mem: 4847
      ITM Evaluation: [ 600/2000]  eta: 0:00:55    time: 0.0458  data: 0.0000  max mem: 4847
      ITM Evaluation: [ 700/2000]  eta: 0:00:51    time: 0.0376  data: 0.0000  max mem: 4847
      ITM Evaluation: [ 800/2000]  eta: 0:00:47    time: 0.0375  data: 0.0000  max mem: 4847
      ITM Evaluation: [ 900/2000]  eta: 0:00:43    time: 0.0374  data: 0.0000  max mem: 4847
      ITM Evaluation: [1000/2000]  eta: 0:00:39    time: 0.0374  data: 0.0000  max mem: 4847
      ITM Evaluation: [1100/2000]  eta: 0:00:35    time: 0.0398  data: 0.0000  max mem: 4847
      ITM Evaluation: [1200/2000]  eta: 0:00:31    time: 0.0368  data: 0.0000  max mem: 4847
      ITM Evaluation: [1300/2000]  eta: 0:00:27    time: 0.0393  data: 0.0000  max mem: 4847
      ITM Evaluation: [1400/2000]  eta: 0:00:23    time: 0.0409  data: 0.0000  max mem: 4847
      ITM Evaluation: [1500/2000]  eta: 0:00:19    time: 0.0389  data: 0.0000  max mem: 4847
      ITM Evaluation: [1600/2000]  eta: 0:00:15    time: 0.0395  data: 0.0000  max mem: 4847
      ITM Evaluation: [1700/2000]  eta: 0:00:11    time: 0.0393  data: 0.0000  max mem: 4847
      ITM Evaluation: [1800/2000]  eta: 0:00:07    time: 0.0371  data: 0.0000  max mem: 4847
      ITM Evaluation: [1900/2000]  eta: 0:00:03    time: 0.0396  data: 0.0000  max mem: 4847
      ITM Evaluation: [1999/2000]  eta: 0:00:00    time: 0.0381  data: 0.0000  max mem: 4847
      ITM Evaluation: Total time: 0:01:18 (0.0391 s / it)
     total_time 78.17180228233337
     Computing matching score time 0:01:18
### TTA ITM Score: 
+-------+--------+--------+--------+--------+--------+
| epoch |   R1   |   R5   |  R10   |  mAP   |  mINP  |
+-------+--------+--------+--------+--------+--------+
|  -999 | 59.000 | 79.650 | 88.500 | 47.231 | 25.876 |
|  -999 | 66.450 | 85.600 | 90.600 | 50.642 | 25.526 |
|   0   | 66.400 | 85.500 | 90.500 | 50.748 | 25.874 |
|   1   | 63.150 | 84.700 | 89.800 | 49.493 | 25.453 |
|   2   | 57.800 | 83.450 | 89.500 | 46.982 | 24.257 |
|   3   | 57.850 | 82.700 | 89.250 | 46.721 | 23.992 |
|   4   | 56.850 | 82.450 | 88.950 | 46.450 | 23.998 |
|   5   | 56.850 | 82.600 | 89.050 | 46.585 | 24.071 |
|   6   | 56.950 | 82.450 | 88.950 | 46.566 | 24.106 |
|   7   | 57.050 | 82.400 | 89.050 | 46.626 | 24.102 |
|   8   | 57.200 | 82.500 | 89.000 | 46.663 | 24.122 |
|   9   | 57.150 | 82.550 | 89.000 | 46.693 | 24.188 |
|   10  | 57.100 | 82.550 | 89.050 | 46.678 | 24.208 |
|   11  | 57.500 | 82.550 | 89.000 | 46.745 | 24.214 |
+-------+--------+--------+--------+--------+--------+
     logs:  {'epo': 11, 'R1': 57.5, 'R5': 82.55, 'R10': 89.0, 'mAP': 46.745, 'mINP': 24.214, 'lr': 1.3e-05, 'entropy': 0.478638, 'loss': 2.872763}
      TTA Epoch: [12] [  0/125]  eta: 0:01:24  lr: 0.000012  entropy: 0.4087  loss: 2.8467  time: 0.6796  data: 0.5463  max mem: 4847
      TTA Epoch: [12] [100/125]  eta: 0:00:01  lr: 0.000012  entropy: 0.4213  loss: 2.8517  time: 0.0525  data: 0.0001  max mem: 4847
      TTA Epoch: [12] [124/125]  eta: 0:00:00  lr: 0.000012  entropy: 0.4081  loss: 2.8465  time: 0.0553  data: 0.0002  max mem: 4847
      TTA Epoch: [12] Total time: 0:00:07 (0.0598 s / it)
     Averaged stats: lr: 0.0000  entropy: 0.4786  loss: 2.8727
     itm tta time 0:00:07
     Computing matching score
      ITM Evaluation: [   0/2000]  eta: 0:01:35    time: 0.0479  data: 0.0028  max mem: 4847
      ITM Evaluation: [ 100/2000]  eta: 0:01:16    time: 0.0384  data: 0.0000  max mem: 4847
      ITM Evaluation: [ 200/2000]  eta: 0:01:11    time: 0.0389  data: 0.0000  max mem: 4847
      ITM Evaluation: [ 300/2000]  eta: 0:01:06    time: 0.0387  data: 0.0000  max mem: 4847
      ITM Evaluation: [ 400/2000]  eta: 0:01:04    time: 0.0495  data: 0.0000  max mem: 4847
      ITM Evaluation: [ 500/2000]  eta: 0:01:00    time: 0.0397  data: 0.0000  max mem: 4847
      ITM Evaluation: [ 600/2000]  eta: 0:00:56    time: 0.0386  data: 0.0000  max mem: 4847
      ITM Evaluation: [ 700/2000]  eta: 0:00:52    time: 0.0387  data: 0.0000  max mem: 4847
      ITM Evaluation: [ 800/2000]  eta: 0:00:48    time: 0.0400  data: 0.0000  max mem: 4847
      ITM Evaluation: [ 900/2000]  eta: 0:00:43    time: 0.0377  data: 0.0000  max mem: 4847
      ITM Evaluation: [1000/2000]  eta: 0:00:39    time: 0.0383  data: 0.0000  max mem: 4847
      ITM Evaluation: [1100/2000]  eta: 0:00:35    time: 0.0367  data: 0.0000  max mem: 4847
      ITM Evaluation: [1200/2000]  eta: 0:00:31    time: 0.0386  data: 0.0000  max mem: 4847
      ITM Evaluation: [1300/2000]  eta: 0:00:27    time: 0.0447  data: 0.0000  max mem: 4847
      ITM Evaluation: [1400/2000]  eta: 0:00:23    time: 0.0401  data: 0.0000  max mem: 4847
      ITM Evaluation: [1500/2000]  eta: 0:00:20    time: 0.0411  data: 0.0000  max mem: 4847
      ITM Evaluation: [1600/2000]  eta: 0:00:15    time: 0.0380  data: 0.0000  max mem: 4847
      ITM Evaluation: [1700/2000]  eta: 0:00:11    time: 0.0425  data: 0.0000  max mem: 4847
      ITM Evaluation: [1800/2000]  eta: 0:00:07    time: 0.0372  data: 0.0000  max mem: 4847
      ITM Evaluation: [1900/2000]  eta: 0:00:03    time: 0.0374  data: 0.0000  max mem: 4847
      ITM Evaluation: [1999/2000]  eta: 0:00:00    time: 0.0378  data: 0.0000  max mem: 4847
      ITM Evaluation: Total time: 0:01:19 (0.0397 s / it)
     total_time 79.46390962600708
     Computing matching score time 0:01:19
### TTA ITM Score: 
+-------+--------+--------+--------+--------+--------+
| epoch |   R1   |   R5   |  R10   |  mAP   |  mINP  |
+-------+--------+--------+--------+--------+--------+
|  -999 | 59.000 | 79.650 | 88.500 | 47.231 | 25.876 |
|  -999 | 66.450 | 85.600 | 90.600 | 50.642 | 25.526 |
|   0   | 66.400 | 85.500 | 90.500 | 50.748 | 25.874 |
|   1   | 63.150 | 84.700 | 89.800 | 49.493 | 25.453 |
|   2   | 57.800 | 83.450 | 89.500 | 46.982 | 24.257 |
|   3   | 57.850 | 82.700 | 89.250 | 46.721 | 23.992 |
|   4   | 56.850 | 82.450 | 88.950 | 46.450 | 23.998 |
|   5   | 56.850 | 82.600 | 89.050 | 46.585 | 24.071 |
|   6   | 56.950 | 82.450 | 88.950 | 46.566 | 24.106 |
|   7   | 57.050 | 82.400 | 89.050 | 46.626 | 24.102 |
|   8   | 57.200 | 82.500 | 89.000 | 46.663 | 24.122 |
|   9   | 57.150 | 82.550 | 89.000 | 46.693 | 24.188 |
|   10  | 57.100 | 82.550 | 89.050 | 46.678 | 24.208 |
|   11  | 57.500 | 82.550 | 89.000 | 46.745 | 24.214 |
|   12  | 57.200 | 82.600 | 89.100 | 46.695 | 24.222 |
+-------+--------+--------+--------+--------+--------+
     logs:  {'epo': 12, 'R1': 57.2, 'R5': 82.6, 'R10': 89.1, 'mAP': 46.695, 'mINP': 24.222, 'lr': 1.2e-05, 'entropy': 0.478568, 'loss': 2.872737}
      TTA Epoch: [13] [  0/125]  eta: 0:01:27  lr: 0.000012  entropy: 0.5353  loss: 2.8936  time: 0.7014  data: 0.6110  max mem: 4847
      TTA Epoch: [13] [100/125]  eta: 0:00:01  lr: 0.000011  entropy: 0.4193  loss: 2.8507  time: 0.0579  data: 0.0002  max mem: 4847
      TTA Epoch: [13] [124/125]  eta: 0:00:00  lr: 0.000011  entropy: 0.4612  loss: 2.8663  time: 0.0494  data: 0.0001  max mem: 4847
      TTA Epoch: [13] Total time: 0:00:07 (0.0591 s / it)
     Averaged stats: lr: 0.0000  entropy: 0.4714  loss: 2.8701
     itm tta time 0:00:07
     Computing matching score
      ITM Evaluation: [   0/2000]  eta: 0:01:47    time: 0.0536  data: 0.0023  max mem: 4847
      ITM Evaluation: [ 100/2000]  eta: 0:01:18    time: 0.0417  data: 0.0000  max mem: 4847
      ITM Evaluation: [ 200/2000]  eta: 0:01:17    time: 0.0397  data: 0.0000  max mem: 4847
      ITM Evaluation: [ 300/2000]  eta: 0:01:10    time: 0.0401  data: 0.0000  max mem: 4847
      ITM Evaluation: [ 400/2000]  eta: 0:01:05    time: 0.0388  data: 0.0000  max mem: 4847
      ITM Evaluation: [ 500/2000]  eta: 0:01:01    time: 0.0420  data: 0.0000  max mem: 4847
      ITM Evaluation: [ 600/2000]  eta: 0:00:57    time: 0.0409  data: 0.0000  max mem: 4847
      ITM Evaluation: [ 700/2000]  eta: 0:00:54    time: 0.0487  data: 0.0000  max mem: 4847
      ITM Evaluation: [ 800/2000]  eta: 0:00:50    time: 0.0445  data: 0.0000  max mem: 4847
      ITM Evaluation: [ 900/2000]  eta: 0:00:46    time: 0.0463  data: 0.0000  max mem: 4847
      ITM Evaluation: [1000/2000]  eta: 0:00:42    time: 0.0421  data: 0.0000  max mem: 4847
      ITM Evaluation: [1100/2000]  eta: 0:00:38    time: 0.0397  data: 0.0000  max mem: 4847
      ITM Evaluation: [1200/2000]  eta: 0:00:34    time: 0.0433  data: 0.0000  max mem: 4847
      ITM Evaluation: [1300/2000]  eta: 0:00:29    time: 0.0436  data: 0.0000  max mem: 4847
      ITM Evaluation: [1400/2000]  eta: 0:00:25    time: 0.0408  data: 0.0000  max mem: 4847
      ITM Evaluation: [1500/2000]  eta: 0:00:21    time: 0.0387  data: 0.0000  max mem: 4847
      ITM Evaluation: [1600/2000]  eta: 0:00:16    time: 0.0447  data: 0.0000  max mem: 4847
      ITM Evaluation: [1700/2000]  eta: 0:00:12    time: 0.0442  data: 0.0000  max mem: 4847
      ITM Evaluation: [1800/2000]  eta: 0:00:08    time: 0.0369  data: 0.0000  max mem: 4847
      ITM Evaluation: [1900/2000]  eta: 0:00:04    time: 0.0418  data: 0.0000  max mem: 4847
      ITM Evaluation: [1999/2000]  eta: 0:00:00    time: 0.0393  data: 0.0000  max mem: 4847
      ITM Evaluation: Total time: 0:01:23 (0.0420 s / it)
     total_time 84.00423336029053
     Computing matching score time 0:01:24
### TTA ITM Score: 
+-------+--------+--------+--------+--------+--------+
| epoch |   R1   |   R5   |  R10   |  mAP   |  mINP  |
+-------+--------+--------+--------+--------+--------+
|  -999 | 59.000 | 79.650 | 88.500 | 47.231 | 25.876 |
|  -999 | 66.450 | 85.600 | 90.600 | 50.642 | 25.526 |
|   0   | 66.400 | 85.500 | 90.500 | 50.748 | 25.874 |
|   1   | 63.150 | 84.700 | 89.800 | 49.493 | 25.453 |
|   2   | 57.800 | 83.450 | 89.500 | 46.982 | 24.257 |
|   3   | 57.850 | 82.700 | 89.250 | 46.721 | 23.992 |
|   4   | 56.850 | 82.450 | 88.950 | 46.450 | 23.998 |
|   5   | 56.850 | 82.600 | 89.050 | 46.585 | 24.071 |
|   6   | 56.950 | 82.450 | 88.950 | 46.566 | 24.106 |
|   7   | 57.050 | 82.400 | 89.050 | 46.626 | 24.102 |
|   8   | 57.200 | 82.500 | 89.000 | 46.663 | 24.122 |
|   9   | 57.150 | 82.550 | 89.000 | 46.693 | 24.188 |
|   10  | 57.100 | 82.550 | 89.050 | 46.678 | 24.208 |
|   11  | 57.500 | 82.550 | 89.000 | 46.745 | 24.214 |
|   12  | 57.200 | 82.600 | 89.100 | 46.695 | 24.222 |
|   13  | 56.900 | 82.550 | 89.050 | 46.643 | 24.203 |
+-------+--------+--------+--------+--------+--------+
     logs:  {'epo': 13, 'R1': 56.9, 'R5': 82.55, 'R10': 89.05, 'mAP': 46.643, 'mINP': 24.203, 'lr': 1.1e-05, 'entropy': 0.471389, 'loss': 2.870073}
      TTA Epoch: [14] [  0/125]  eta: 0:01:30  lr: 0.000011  entropy: 0.5855  loss: 2.9126  time: 0.7208  data: 0.6231  max mem: 4847
      TTA Epoch: [14] [100/125]  eta: 0:00:01  lr: 0.000010  entropy: 0.2589  loss: 2.7910  time: 0.0549  data: 0.0003  max mem: 4847
      TTA Epoch: [14] [124/125]  eta: 0:00:00  lr: 0.000010  entropy: 0.4767  loss: 2.8722  time: 0.0502  data: 0.0002  max mem: 4847
      TTA Epoch: [14] Total time: 0:00:07 (0.0620 s / it)
     Averaged stats: lr: 0.0000  entropy: 0.4650  loss: 2.8677
     itm tta time 0:00:07
     Computing matching score
      ITM Evaluation: [   0/2000]  eta: 0:01:46    time: 0.0532  data: 0.0038  max mem: 4847
      ITM Evaluation: [ 100/2000]  eta: 0:01:16    time: 0.0379  data: 0.0000  max mem: 4847
      ITM Evaluation: [ 200/2000]  eta: 0:01:13    time: 0.0414  data: 0.0000  max mem: 4847
      ITM Evaluation: [ 300/2000]  eta: 0:01:09    time: 0.0426  data: 0.0000  max mem: 4847
      ITM Evaluation: [ 400/2000]  eta: 0:01:05    time: 0.0412  data: 0.0000  max mem: 4847
      ITM Evaluation: [ 500/2000]  eta: 0:01:01    time: 0.0382  data: 0.0000  max mem: 4847
      ITM Evaluation: [ 600/2000]  eta: 0:00:58    time: 0.0509  data: 0.0000  max mem: 4847
      ITM Evaluation: [ 700/2000]  eta: 0:00:54    time: 0.0413  data: 0.0000  max mem: 4847
      ITM Evaluation: [ 800/2000]  eta: 0:00:50    time: 0.0444  data: 0.0000  max mem: 4847
      ITM Evaluation: [ 900/2000]  eta: 0:00:46    time: 0.0422  data: 0.0000  max mem: 4847
      ITM Evaluation: [1000/2000]  eta: 0:00:42    time: 0.0414  data: 0.0000  max mem: 4847
      ITM Evaluation: [1100/2000]  eta: 0:00:37    time: 0.0423  data: 0.0000  max mem: 4847
      ITM Evaluation: [1200/2000]  eta: 0:00:33    time: 0.0420  data: 0.0000  max mem: 4847
      ITM Evaluation: [1300/2000]  eta: 0:00:29    time: 0.0423  data: 0.0000  max mem: 4847
      ITM Evaluation: [1400/2000]  eta: 0:00:25    time: 0.0431  data: 0.0000  max mem: 4847
      ITM Evaluation: [1500/2000]  eta: 0:00:21    time: 0.0480  data: 0.0000  max mem: 4847
      ITM Evaluation: [1600/2000]  eta: 0:00:16    time: 0.0413  data: 0.0000  max mem: 4847
      ITM Evaluation: [1700/2000]  eta: 0:00:12    time: 0.0392  data: 0.0000  max mem: 4847
      ITM Evaluation: [1800/2000]  eta: 0:00:08    time: 0.0377  data: 0.0000  max mem: 4847
      ITM Evaluation: [1900/2000]  eta: 0:00:04    time: 0.0414  data: 0.0000  max mem: 4847
      ITM Evaluation: [1999/2000]  eta: 0:00:00    time: 0.0395  data: 0.0000  max mem: 4847
      ITM Evaluation: Total time: 0:01:24 (0.0422 s / it)
     total_time 84.32775068283081
     Computing matching score time 0:01:24
### TTA ITM Score: 
+-------+--------+--------+--------+--------+--------+
| epoch |   R1   |   R5   |  R10   |  mAP   |  mINP  |
+-------+--------+--------+--------+--------+--------+
|  -999 | 59.000 | 79.650 | 88.500 | 47.231 | 25.876 |
|  -999 | 66.450 | 85.600 | 90.600 | 50.642 | 25.526 |
|   0   | 66.400 | 85.500 | 90.500 | 50.748 | 25.874 |
|   1   | 63.150 | 84.700 | 89.800 | 49.493 | 25.453 |
|   2   | 57.800 | 83.450 | 89.500 | 46.982 | 24.257 |
|   3   | 57.850 | 82.700 | 89.250 | 46.721 | 23.992 |
|   4   | 56.850 | 82.450 | 88.950 | 46.450 | 23.998 |
|   5   | 56.850 | 82.600 | 89.050 | 46.585 | 24.071 |
|   6   | 56.950 | 82.450 | 88.950 | 46.566 | 24.106 |
|   7   | 57.050 | 82.400 | 89.050 | 46.626 | 24.102 |
|   8   | 57.200 | 82.500 | 89.000 | 46.663 | 24.122 |
|   9   | 57.150 | 82.550 | 89.000 | 46.693 | 24.188 |
|   10  | 57.100 | 82.550 | 89.050 | 46.678 | 24.208 |
|   11  | 57.500 | 82.550 | 89.000 | 46.745 | 24.214 |
|   12  | 57.200 | 82.600 | 89.100 | 46.695 | 24.222 |
|   13  | 56.900 | 82.550 | 89.050 | 46.643 | 24.203 |
|   14  | 56.650 | 82.550 | 89.050 | 46.586 | 24.188 |
+-------+--------+--------+--------+--------+--------+
     logs:  {'epo': 14, 'R1': 56.65, 'R5': 82.55, 'R10': 89.05, 'mAP': 46.586, 'mINP': 24.188, 'lr': 1.1e-05, 'entropy': 0.464999, 'loss': 2.867703}
      TTA Epoch: [15] [  0/125]  eta: 0:01:25  lr: 0.000010  entropy: 0.4967  loss: 2.8795  time: 0.6879  data: 0.5565  max mem: 4847
      TTA Epoch: [15] [100/125]  eta: 0:00:01  lr: 0.000010  entropy: 0.2144  loss: 2.7748  time: 0.0561  data: 0.0004  max mem: 4847
      TTA Epoch: [15] [124/125]  eta: 0:00:00  lr: 0.000010  entropy: 0.6268  loss: 2.9275  time: 0.0506  data: 0.0002  max mem: 4847
      TTA Epoch: [15] Total time: 0:00:07 (0.0598 s / it)
     Averaged stats: lr: 0.0000  entropy: 0.4678  loss: 2.8687
     itm tta time 0:00:07
     Computing matching score
      ITM Evaluation: [   0/2000]  eta: 0:01:08    time: 0.0343  data: 0.0016  max mem: 4847
      ITM Evaluation: [ 100/2000]  eta: 0:01:15    time: 0.0379  data: 0.0000  max mem: 4847
      ITM Evaluation: [ 200/2000]  eta: 0:01:17    time: 0.0523  data: 0.0000  max mem: 4847
      ITM Evaluation: [ 300/2000]  eta: 0:01:14    time: 0.0414  data: 0.0000  max mem: 4847
      ITM Evaluation: [ 400/2000]  eta: 0:01:08    time: 0.0441  data: 0.0000  max mem: 4847
      ITM Evaluation: [ 500/2000]  eta: 0:01:04    time: 0.0461  data: 0.0000  max mem: 4847
      ITM Evaluation: [ 600/2000]  eta: 0:01:00    time: 0.0443  data: 0.0000  max mem: 4847
      ITM Evaluation: [ 700/2000]  eta: 0:00:55    time: 0.0390  data: 0.0000  max mem: 4847
      ITM Evaluation: [ 800/2000]  eta: 0:00:51    time: 0.0398  data: 0.0000  max mem: 4847
      ITM Evaluation: [ 900/2000]  eta: 0:00:46    time: 0.0384  data: 0.0000  max mem: 4847
      ITM Evaluation: [1000/2000]  eta: 0:00:42    time: 0.0429  data: 0.0000  max mem: 4847
      ITM Evaluation: [1100/2000]  eta: 0:00:38    time: 0.0381  data: 0.0000  max mem: 4847
      ITM Evaluation: [1200/2000]  eta: 0:00:33    time: 0.0441  data: 0.0000  max mem: 4847
      ITM Evaluation: [1300/2000]  eta: 0:00:29    time: 0.0394  data: 0.0000  max mem: 4847
      ITM Evaluation: [1400/2000]  eta: 0:00:25    time: 0.0387  data: 0.0000  max mem: 4847
      ITM Evaluation: [1500/2000]  eta: 0:00:21    time: 0.0398  data: 0.0000  max mem: 4847
      ITM Evaluation: [1600/2000]  eta: 0:00:16    time: 0.0373  data: 0.0000  max mem: 4847
      ITM Evaluation: [1700/2000]  eta: 0:00:12    time: 0.0421  data: 0.0000  max mem: 4847
      ITM Evaluation: [1800/2000]  eta: 0:00:08    time: 0.0404  data: 0.0000  max mem: 4847
      ITM Evaluation: [1900/2000]  eta: 0:00:04    time: 0.0483  data: 0.0000  max mem: 4847
      ITM Evaluation: [1999/2000]  eta: 0:00:00    time: 0.0453  data: 0.0000  max mem: 4847
      ITM Evaluation: Total time: 0:01:24 (0.0422 s / it)
     total_time 84.38534903526306
     Computing matching score time 0:01:24
### TTA ITM Score: 
+-------+--------+--------+--------+--------+--------+
| epoch |   R1   |   R5   |  R10   |  mAP   |  mINP  |
+-------+--------+--------+--------+--------+--------+
|  -999 | 59.000 | 79.650 | 88.500 | 47.231 | 25.876 |
|  -999 | 66.450 | 85.600 | 90.600 | 50.642 | 25.526 |
|   0   | 66.400 | 85.500 | 90.500 | 50.748 | 25.874 |
|   1   | 63.150 | 84.700 | 89.800 | 49.493 | 25.453 |
|   2   | 57.800 | 83.450 | 89.500 | 46.982 | 24.257 |
|   3   | 57.850 | 82.700 | 89.250 | 46.721 | 23.992 |
|   4   | 56.850 | 82.450 | 88.950 | 46.450 | 23.998 |
|   5   | 56.850 | 82.600 | 89.050 | 46.585 | 24.071 |
|   6   | 56.950 | 82.450 | 88.950 | 46.566 | 24.106 |
|   7   | 57.050 | 82.400 | 89.050 | 46.626 | 24.102 |
|   8   | 57.200 | 82.500 | 89.000 | 46.663 | 24.122 |
|   9   | 57.150 | 82.550 | 89.000 | 46.693 | 24.188 |
|   10  | 57.100 | 82.550 | 89.050 | 46.678 | 24.208 |
|   11  | 57.500 | 82.550 | 89.000 | 46.745 | 24.214 |
|   12  | 57.200 | 82.600 | 89.100 | 46.695 | 24.222 |
|   13  | 56.900 | 82.550 | 89.050 | 46.643 | 24.203 |
|   14  | 56.650 | 82.550 | 89.050 | 46.586 | 24.188 |
|   15  | 56.900 | 82.550 | 89.100 | 46.631 | 24.212 |
+-------+--------+--------+--------+--------+--------+
     logs:  {'epo': 15, 'R1': 56.9, 'R5': 82.55, 'R10': 89.1, 'mAP': 46.631, 'mINP': 24.212, 'lr': 1e-05, 'entropy': 0.467783, 'loss': 2.868735}
      TTA Epoch: [16] [  0/125]  eta: 0:01:33  lr: 0.000010  entropy: 0.6094  loss: 2.9212  time: 0.7477  data: 0.6161  max mem: 4847
      TTA Epoch: [16] [100/125]  eta: 0:00:01  lr: 0.000009  entropy: 0.3108  loss: 2.8104  time: 0.0583  data: 0.0002  max mem: 4847
      TTA Epoch: [16] [124/125]  eta: 0:00:00  lr: 0.000009  entropy: 0.5954  loss: 2.9161  time: 0.0522  data: 0.0001  max mem: 4847
      TTA Epoch: [16] Total time: 0:00:07 (0.0622 s / it)
     Averaged stats: lr: 0.0000  entropy: 0.4653  loss: 2.8678
     itm tta time 0:00:07
     Computing matching score
      ITM Evaluation: [   0/2000]  eta: 0:01:54    time: 0.0570  data: 0.0028  max mem: 4847
      ITM Evaluation: [ 100/2000]  eta: 0:01:17    time: 0.0387  data: 0.0000  max mem: 4847
      ITM Evaluation: [ 200/2000]  eta: 0:01:13    time: 0.0404  data: 0.0000  max mem: 4847
      ITM Evaluation: [ 300/2000]  eta: 0:01:09    time: 0.0395  data: 0.0000  max mem: 4847
      ITM Evaluation: [ 400/2000]  eta: 0:01:05    time: 0.0421  data: 0.0000  max mem: 4847
      ITM Evaluation: [ 500/2000]  eta: 0:01:00    time: 0.0397  data: 0.0000  max mem: 4847
      ITM Evaluation: [ 600/2000]  eta: 0:00:57    time: 0.0482  data: 0.0000  max mem: 4847
      ITM Evaluation: [ 700/2000]  eta: 0:00:53    time: 0.0364  data: 0.0000  max mem: 4847
      ITM Evaluation: [ 800/2000]  eta: 0:00:48    time: 0.0377  data: 0.0000  max mem: 4847
      ITM Evaluation: [ 900/2000]  eta: 0:00:44    time: 0.0381  data: 0.0000  max mem: 4847
      ITM Evaluation: [1000/2000]  eta: 0:00:39    time: 0.0368  data: 0.0000  max mem: 4847
      ITM Evaluation: [1100/2000]  eta: 0:00:35    time: 0.0360  data: 0.0000  max mem: 4847
      ITM Evaluation: [1200/2000]  eta: 0:00:31    time: 0.0379  data: 0.0000  max mem: 4847
      ITM Evaluation: [1300/2000]  eta: 0:00:27    time: 0.0395  data: 0.0000  max mem: 4847
      ITM Evaluation: [1400/2000]  eta: 0:00:23    time: 0.0409  data: 0.0000  max mem: 4847
      ITM Evaluation: [1500/2000]  eta: 0:00:19    time: 0.0398  data: 0.0000  max mem: 4847
      ITM Evaluation: [1600/2000]  eta: 0:00:15    time: 0.0414  data: 0.0000  max mem: 4847
      ITM Evaluation: [1700/2000]  eta: 0:00:11    time: 0.0361  data: 0.0000  max mem: 4847
      ITM Evaluation: [1800/2000]  eta: 0:00:07    time: 0.0359  data: 0.0000  max mem: 4847
      ITM Evaluation: [1900/2000]  eta: 0:00:03    time: 0.0380  data: 0.0000  max mem: 4847
      ITM Evaluation: [1999/2000]  eta: 0:00:00    time: 0.0380  data: 0.0000  max mem: 4847
      ITM Evaluation: Total time: 0:01:17 (0.0388 s / it)
     total_time 77.67721700668335
     Computing matching score time 0:01:17
### TTA ITM Score: 
+-------+--------+--------+--------+--------+--------+
| epoch |   R1   |   R5   |  R10   |  mAP   |  mINP  |
+-------+--------+--------+--------+--------+--------+
|  -999 | 59.000 | 79.650 | 88.500 | 47.231 | 25.876 |
|  -999 | 66.450 | 85.600 | 90.600 | 50.642 | 25.526 |
|   0   | 66.400 | 85.500 | 90.500 | 50.748 | 25.874 |
|   1   | 63.150 | 84.700 | 89.800 | 49.493 | 25.453 |
|   2   | 57.800 | 83.450 | 89.500 | 46.982 | 24.257 |
|   3   | 57.850 | 82.700 | 89.250 | 46.721 | 23.992 |
|   4   | 56.850 | 82.450 | 88.950 | 46.450 | 23.998 |
|   5   | 56.850 | 82.600 | 89.050 | 46.585 | 24.071 |
|   6   | 56.950 | 82.450 | 88.950 | 46.566 | 24.106 |
|   7   | 57.050 | 82.400 | 89.050 | 46.626 | 24.102 |
|   8   | 57.200 | 82.500 | 89.000 | 46.663 | 24.122 |
|   9   | 57.150 | 82.550 | 89.000 | 46.693 | 24.188 |
|   10  | 57.100 | 82.550 | 89.050 | 46.678 | 24.208 |
|   11  | 57.500 | 82.550 | 89.000 | 46.745 | 24.214 |
|   12  | 57.200 | 82.600 | 89.100 | 46.695 | 24.222 |
|   13  | 56.900 | 82.550 | 89.050 | 46.643 | 24.203 |
|   14  | 56.650 | 82.550 | 89.050 | 46.586 | 24.188 |
|   15  | 56.900 | 82.550 | 89.100 | 46.631 | 24.212 |
|   16  | 56.850 | 82.600 | 89.150 | 46.643 | 24.271 |
+-------+--------+--------+--------+--------+--------+
     logs:  {'epo': 16, 'R1': 56.85, 'R5': 82.6, 'R10': 89.15, 'mAP': 46.643, 'mINP': 24.271, 'lr': 9e-06, 'entropy': 0.465333, 'loss': 2.867827}
      TTA Epoch: [17] [  0/125]  eta: 0:01:32  lr: 0.000009  entropy: 0.3272  loss: 2.8165  time: 0.7364  data: 0.6549  max mem: 4847
      TTA Epoch: [17] [100/125]  eta: 0:00:01  lr: 0.000008  entropy: 0.4147  loss: 2.8488  time: 0.0511  data: 0.0002  max mem: 4847
      TTA Epoch: [17] [124/125]  eta: 0:00:00  lr: 0.000008  entropy: 0.5010  loss: 2.8809  time: 0.0494  data: 0.0001  max mem: 4847
      TTA Epoch: [17] Total time: 0:00:07 (0.0588 s / it)
     Averaged stats: lr: 0.0000  entropy: 0.4589  loss: 2.8654
     itm tta time 0:00:07
     Computing matching score
      ITM Evaluation: [   0/2000]  eta: 0:01:14    time: 0.0373  data: 0.0025  max mem: 4847
      ITM Evaluation: [ 100/2000]  eta: 0:01:11    time: 0.0383  data: 0.0000  max mem: 4847
      ITM Evaluation: [ 200/2000]  eta: 0:01:07    time: 0.0390  data: 0.0000  max mem: 4847
      ITM Evaluation: [ 300/2000]  eta: 0:01:05    time: 0.0428  data: 0.0000  max mem: 4847
      ITM Evaluation: [ 400/2000]  eta: 0:01:02    time: 0.0359  data: 0.0000  max mem: 4847
      ITM Evaluation: [ 500/2000]  eta: 0:00:57    time: 0.0358  data: 0.0000  max mem: 4847
      ITM Evaluation: [ 600/2000]  eta: 0:00:53    time: 0.0356  data: 0.0000  max mem: 4847
      ITM Evaluation: [ 700/2000]  eta: 0:00:49    time: 0.0386  data: 0.0000  max mem: 4847
      ITM Evaluation: [ 800/2000]  eta: 0:00:45    time: 0.0378  data: 0.0000  max mem: 4847
      ITM Evaluation: [ 900/2000]  eta: 0:00:42    time: 0.0395  data: 0.0000  max mem: 4847
      ITM Evaluation: [1000/2000]  eta: 0:00:38    time: 0.0360  data: 0.0000  max mem: 4847
      ITM Evaluation: [1100/2000]  eta: 0:00:34    time: 0.0375  data: 0.0000  max mem: 4847
      ITM Evaluation: [1200/2000]  eta: 0:00:30    time: 0.0364  data: 0.0000  max mem: 4847
      ITM Evaluation: [1300/2000]  eta: 0:00:26    time: 0.0409  data: 0.0000  max mem: 4847
      ITM Evaluation: [1400/2000]  eta: 0:00:23    time: 0.0437  data: 0.0000  max mem: 4847
      ITM Evaluation: [1500/2000]  eta: 0:00:19    time: 0.0366  data: 0.0000  max mem: 4847
      ITM Evaluation: [1600/2000]  eta: 0:00:15    time: 0.0381  data: 0.0000  max mem: 4847
      ITM Evaluation: [1700/2000]  eta: 0:00:11    time: 0.0371  data: 0.0000  max mem: 4847
      ITM Evaluation: [1800/2000]  eta: 0:00:07    time: 0.0406  data: 0.0000  max mem: 4847
      ITM Evaluation: [1900/2000]  eta: 0:00:03    time: 0.0368  data: 0.0000  max mem: 4847
      ITM Evaluation: [1999/2000]  eta: 0:00:00    time: 0.0371  data: 0.0000  max mem: 4847
      ITM Evaluation: Total time: 0:01:16 (0.0382 s / it)
     total_time 76.47201108932495
     Computing matching score time 0:01:16
### TTA ITM Score: 
+-------+--------+--------+--------+--------+--------+
| epoch |   R1   |   R5   |  R10   |  mAP   |  mINP  |
+-------+--------+--------+--------+--------+--------+
|  -999 | 59.000 | 79.650 | 88.500 | 47.231 | 25.876 |
|  -999 | 66.450 | 85.600 | 90.600 | 50.642 | 25.526 |
|   0   | 66.400 | 85.500 | 90.500 | 50.748 | 25.874 |
|   1   | 63.150 | 84.700 | 89.800 | 49.493 | 25.453 |
|   2   | 57.800 | 83.450 | 89.500 | 46.982 | 24.257 |
|   3   | 57.850 | 82.700 | 89.250 | 46.721 | 23.992 |
|   4   | 56.850 | 82.450 | 88.950 | 46.450 | 23.998 |
|   5   | 56.850 | 82.600 | 89.050 | 46.585 | 24.071 |
|   6   | 56.950 | 82.450 | 88.950 | 46.566 | 24.106 |
|   7   | 57.050 | 82.400 | 89.050 | 46.626 | 24.102 |
|   8   | 57.200 | 82.500 | 89.000 | 46.663 | 24.122 |
|   9   | 57.150 | 82.550 | 89.000 | 46.693 | 24.188 |
|   10  | 57.100 | 82.550 | 89.050 | 46.678 | 24.208 |
|   11  | 57.500 | 82.550 | 89.000 | 46.745 | 24.214 |
|   12  | 57.200 | 82.600 | 89.100 | 46.695 | 24.222 |
|   13  | 56.900 | 82.550 | 89.050 | 46.643 | 24.203 |
|   14  | 56.650 | 82.550 | 89.050 | 46.586 | 24.188 |
|   15  | 56.900 | 82.550 | 89.100 | 46.631 | 24.212 |
|   16  | 56.850 | 82.600 | 89.150 | 46.643 | 24.271 |
|   17  | 56.850 | 82.600 | 89.150 | 46.651 | 24.292 |
+-------+--------+--------+--------+--------+--------+
     logs:  {'epo': 17, 'R1': 56.85, 'R5': 82.6, 'R10': 89.15, 'mAP': 46.651, 'mINP': 24.292, 'lr': 9e-06, 'entropy': 0.458898, 'loss': 2.86544}
      TTA Epoch: [18] [  0/125]  eta: 0:01:24  lr: 0.000008  entropy: 0.4395  loss: 2.8582  time: 0.6782  data: 0.5478  max mem: 4847
      TTA Epoch: [18] [100/125]  eta: 0:00:01  lr: 0.000008  entropy: 0.4150  loss: 2.8490  time: 0.0574  data: 0.0002  max mem: 4847
      TTA Epoch: [18] [124/125]  eta: 0:00:00  lr: 0.000008  entropy: 0.3377  loss: 2.8204  time: 0.0487  data: 0.0001  max mem: 4847
      TTA Epoch: [18] Total time: 0:00:07 (0.0581 s / it)
     Averaged stats: lr: 0.0000  entropy: 0.4608  loss: 2.8661
     itm tta time 0:00:07
     Computing matching score
      ITM Evaluation: [   0/2000]  eta: 0:01:31    time: 0.0458  data: 0.0023  max mem: 4847
      ITM Evaluation: [ 100/2000]  eta: 0:01:14    time: 0.0390  data: 0.0000  max mem: 4847
      ITM Evaluation: [ 200/2000]  eta: 0:01:11    time: 0.0392  data: 0.0000  max mem: 4847
      ITM Evaluation: [ 300/2000]  eta: 0:01:07    time: 0.0409  data: 0.0000  max mem: 4847
      ITM Evaluation: [ 400/2000]  eta: 0:01:02    time: 0.0368  data: 0.0000  max mem: 4847
      ITM Evaluation: [ 500/2000]  eta: 0:00:58    time: 0.0370  data: 0.0000  max mem: 4847
      ITM Evaluation: [ 600/2000]  eta: 0:00:54    time: 0.0416  data: 0.0000  max mem: 4847
      ITM Evaluation: [ 700/2000]  eta: 0:00:50    time: 0.0391  data: 0.0000  max mem: 4847
      ITM Evaluation: [ 800/2000]  eta: 0:00:46    time: 0.0407  data: 0.0000  max mem: 4847
      ITM Evaluation: [ 900/2000]  eta: 0:00:42    time: 0.0390  data: 0.0000  max mem: 4847
      ITM Evaluation: [1000/2000]  eta: 0:00:38    time: 0.0394  data: 0.0000  max mem: 4847
      ITM Evaluation: [1100/2000]  eta: 0:00:35    time: 0.0348  data: 0.0000  max mem: 4847
      ITM Evaluation: [1200/2000]  eta: 0:00:31    time: 0.0334  data: 0.0000  max mem: 4847
      ITM Evaluation: [1300/2000]  eta: 0:00:27    time: 0.0315  data: 0.0000  max mem: 4847
      ITM Evaluation: [1400/2000]  eta: 0:00:23    time: 0.0363  data: 0.0000  max mem: 4847
      ITM Evaluation: [1500/2000]  eta: 0:00:19    time: 0.0317  data: 0.0000  max mem: 4847
      ITM Evaluation: [1600/2000]  eta: 0:00:15    time: 0.0325  data: 0.0000  max mem: 4847
      ITM Evaluation: [1700/2000]  eta: 0:00:11    time: 0.0332  data: 0.0000  max mem: 4847
      ITM Evaluation: [1800/2000]  eta: 0:00:07    time: 0.0333  data: 0.0000  max mem: 4847
      ITM Evaluation: [1900/2000]  eta: 0:00:03    time: 0.0340  data: 0.0000  max mem: 4847
      ITM Evaluation: [1999/2000]  eta: 0:00:00    time: 0.0328  data: 0.0000  max mem: 4847
      ITM Evaluation: Total time: 0:01:13 (0.0369 s / it)
     total_time 73.74868059158325
     Computing matching score time 0:01:13
### TTA ITM Score: 
+-------+--------+--------+--------+--------+--------+
| epoch |   R1   |   R5   |  R10   |  mAP   |  mINP  |
+-------+--------+--------+--------+--------+--------+
|  -999 | 59.000 | 79.650 | 88.500 | 47.231 | 25.876 |
|  -999 | 66.450 | 85.600 | 90.600 | 50.642 | 25.526 |
|   0   | 66.400 | 85.500 | 90.500 | 50.748 | 25.874 |
|   1   | 63.150 | 84.700 | 89.800 | 49.493 | 25.453 |
|   2   | 57.800 | 83.450 | 89.500 | 46.982 | 24.257 |
|   3   | 57.850 | 82.700 | 89.250 | 46.721 | 23.992 |
|   4   | 56.850 | 82.450 | 88.950 | 46.450 | 23.998 |
|   5   | 56.850 | 82.600 | 89.050 | 46.585 | 24.071 |
|   6   | 56.950 | 82.450 | 88.950 | 46.566 | 24.106 |
|   7   | 57.050 | 82.400 | 89.050 | 46.626 | 24.102 |
|   8   | 57.200 | 82.500 | 89.000 | 46.663 | 24.122 |
|   9   | 57.150 | 82.550 | 89.000 | 46.693 | 24.188 |
|   10  | 57.100 | 82.550 | 89.050 | 46.678 | 24.208 |
|   11  | 57.500 | 82.550 | 89.000 | 46.745 | 24.214 |
|   12  | 57.200 | 82.600 | 89.100 | 46.695 | 24.222 |
|   13  | 56.900 | 82.550 | 89.050 | 46.643 | 24.203 |
|   14  | 56.650 | 82.550 | 89.050 | 46.586 | 24.188 |
|   15  | 56.900 | 82.550 | 89.100 | 46.631 | 24.212 |
|   16  | 56.850 | 82.600 | 89.150 | 46.643 | 24.271 |
|   17  | 56.850 | 82.600 | 89.150 | 46.651 | 24.292 |
|   18  | 56.800 | 82.600 | 89.150 | 46.632 | 24.292 |
+-------+--------+--------+--------+--------+--------+
     logs:  {'epo': 18, 'R1': 56.8, 'R5': 82.6, 'R10': 89.15, 'mAP': 46.632, 'mINP': 24.292, 'lr': 8e-06, 'entropy': 0.460752, 'loss': 2.866127}
      TTA Epoch: [19] [  0/125]  eta: 0:01:15  lr: 0.000008  entropy: 0.4156  loss: 2.8496  time: 0.6053  data: 0.4969  max mem: 4847
      TTA Epoch: [19] [100/125]  eta: 0:00:01  lr: 0.000007  entropy: 0.4745  loss: 2.8715  time: 0.0459  data: 0.0001  max mem: 4847
      TTA Epoch: [19] [124/125]  eta: 0:00:00  lr: 0.000007  entropy: 0.3468  loss: 2.8236  time: 0.0510  data: 0.0001  max mem: 4847
      TTA Epoch: [19] Total time: 0:00:06 (0.0519 s / it)
     Averaged stats: lr: 0.0000  entropy: 0.4634  loss: 2.8671
     itm tta time 0:00:06
     Computing matching score
      ITM Evaluation: [   0/2000]  eta: 0:01:08    time: 0.0342  data: 0.0017  max mem: 4847
      ITM Evaluation: [ 100/2000]  eta: 0:01:13    time: 0.0640  data: 0.0000  max mem: 4847
      ITM Evaluation: [ 200/2000]  eta: 0:01:17    time: 0.0337  data: 0.0000  max mem: 4847
      ITM Evaluation: [ 300/2000]  eta: 0:01:07    time: 0.0332  data: 0.0000  max mem: 4847
      ITM Evaluation: [ 400/2000]  eta: 0:01:01    time: 0.0354  data: 0.0000  max mem: 4847
      ITM Evaluation: [ 500/2000]  eta: 0:00:55    time: 0.0324  data: 0.0000  max mem: 4847
      ITM Evaluation: [ 600/2000]  eta: 0:00:51    time: 0.0337  data: 0.0000  max mem: 4847
      ITM Evaluation: [ 700/2000]  eta: 0:00:47    time: 0.0329  data: 0.0000  max mem: 4847
      ITM Evaluation: [ 800/2000]  eta: 0:00:43    time: 0.0339  data: 0.0000  max mem: 4847
      ITM Evaluation: [ 900/2000]  eta: 0:00:39    time: 0.0530  data: 0.0000  max mem: 4847
      ITM Evaluation: [1000/2000]  eta: 0:00:36    time: 0.0402  data: 0.0000  max mem: 4847
      ITM Evaluation: [1100/2000]  eta: 0:00:33    time: 0.0384  data: 0.0000  max mem: 4847
      ITM Evaluation: [1200/2000]  eta: 0:00:29    time: 0.0386  data: 0.0000  max mem: 4847
      ITM Evaluation: [1300/2000]  eta: 0:00:26    time: 0.0404  data: 0.0000  max mem: 4847
      ITM Evaluation: [1400/2000]  eta: 0:00:22    time: 0.0386  data: 0.0000  max mem: 4847
      ITM Evaluation: [1500/2000]  eta: 0:00:18    time: 0.0429  data: 0.0000  max mem: 4847
      ITM Evaluation: [1600/2000]  eta: 0:00:15    time: 0.0402  data: 0.0000  max mem: 4847
      ITM Evaluation: [1700/2000]  eta: 0:00:11    time: 0.0387  data: 0.0000  max mem: 4847
      ITM Evaluation: [1800/2000]  eta: 0:00:07    time: 0.0345  data: 0.0000  max mem: 4847
      ITM Evaluation: [1900/2000]  eta: 0:00:03    time: 0.0382  data: 0.0000  max mem: 4847
      ITM Evaluation: [1999/2000]  eta: 0:00:00    time: 0.0379  data: 0.0000  max mem: 4847
      ITM Evaluation: Total time: 0:01:16 (0.0381 s / it)
     total_time 76.17932152748108
     Computing matching score time 0:01:16
### TTA ITM Score: 
+-------+--------+--------+--------+--------+--------+
| epoch |   R1   |   R5   |  R10   |  mAP   |  mINP  |
+-------+--------+--------+--------+--------+--------+
|  -999 | 59.000 | 79.650 | 88.500 | 47.231 | 25.876 |
|  -999 | 66.450 | 85.600 | 90.600 | 50.642 | 25.526 |
|   0   | 66.400 | 85.500 | 90.500 | 50.748 | 25.874 |
|   1   | 63.150 | 84.700 | 89.800 | 49.493 | 25.453 |
|   2   | 57.800 | 83.450 | 89.500 | 46.982 | 24.257 |
|   3   | 57.850 | 82.700 | 89.250 | 46.721 | 23.992 |
|   4   | 56.850 | 82.450 | 88.950 | 46.450 | 23.998 |
|   5   | 56.850 | 82.600 | 89.050 | 46.585 | 24.071 |
|   6   | 56.950 | 82.450 | 88.950 | 46.566 | 24.106 |
|   7   | 57.050 | 82.400 | 89.050 | 46.626 | 24.102 |
|   8   | 57.200 | 82.500 | 89.000 | 46.663 | 24.122 |
|   9   | 57.150 | 82.550 | 89.000 | 46.693 | 24.188 |
|   10  | 57.100 | 82.550 | 89.050 | 46.678 | 24.208 |
|   11  | 57.500 | 82.550 | 89.000 | 46.745 | 24.214 |
|   12  | 57.200 | 82.600 | 89.100 | 46.695 | 24.222 |
|   13  | 56.900 | 82.550 | 89.050 | 46.643 | 24.203 |
|   14  | 56.650 | 82.550 | 89.050 | 46.586 | 24.188 |
|   15  | 56.900 | 82.550 | 89.100 | 46.631 | 24.212 |
|   16  | 56.850 | 82.600 | 89.150 | 46.643 | 24.271 |
|   17  | 56.850 | 82.600 | 89.150 | 46.651 | 24.292 |
|   18  | 56.800 | 82.600 | 89.150 | 46.632 | 24.292 |
|   19  | 56.800 | 82.450 | 89.200 | 46.650 | 24.306 |
+-------+--------+--------+--------+--------+--------+
     logs:  {'epo': 19, 'R1': 56.8, 'R5': 82.45, 'R10': 89.2, 'mAP': 46.65, 'mINP': 24.306, 'lr': 7e-06, 'entropy': 0.463432, 'loss': 2.867122}
      TTA Epoch: [20] [  0/125]  eta: 0:01:40  lr: 0.000007  entropy: 0.4776  loss: 2.8726  time: 0.8042  data: 0.6959  max mem: 4847
      TTA Epoch: [20] [100/125]  eta: 0:00:01  lr: 0.000006  entropy: 0.3631  loss: 2.8300  time: 0.0597  data: 0.0002  max mem: 4847
      TTA Epoch: [20] [124/125]  eta: 0:00:00  lr: 0.000006  entropy: 0.6487  loss: 2.9357  time: 0.0521  data: 0.0001  max mem: 4847
      TTA Epoch: [20] Total time: 0:00:07 (0.0617 s / it)
     Averaged stats: lr: 0.0000  entropy: 0.4476  loss: 2.8613
     itm tta time 0:00:07
     Computing matching score
      ITM Evaluation: [   0/2000]  eta: 0:01:38    time: 0.0494  data: 0.0032  max mem: 4847
      ITM Evaluation: [ 100/2000]  eta: 0:01:17    time: 0.0381  data: 0.0000  max mem: 4847
      ITM Evaluation: [ 200/2000]  eta: 0:01:14    time: 0.0423  data: 0.0000  max mem: 4847
      ITM Evaluation: [ 300/2000]  eta: 0:01:14    time: 0.0486  data: 0.0000  max mem: 4847
      ITM Evaluation: [ 400/2000]  eta: 0:01:11    time: 0.0436  data: 0.0000  max mem: 4847
      ITM Evaluation: [ 500/2000]  eta: 0:01:05    time: 0.0405  data: 0.0000  max mem: 4847
      ITM Evaluation: [ 600/2000]  eta: 0:01:00    time: 0.0450  data: 0.0000  max mem: 4847
      ITM Evaluation: [ 700/2000]  eta: 0:00:56    time: 0.0370  data: 0.0000  max mem: 4847
      ITM Evaluation: [ 800/2000]  eta: 0:00:51    time: 0.0426  data: 0.0000  max mem: 4847
      ITM Evaluation: [ 900/2000]  eta: 0:00:46    time: 0.0378  data: 0.0000  max mem: 4847
      ITM Evaluation: [1000/2000]  eta: 0:00:42    time: 0.0386  data: 0.0000  max mem: 4847
      ITM Evaluation: [1100/2000]  eta: 0:00:37    time: 0.0389  data: 0.0000  max mem: 4847
      ITM Evaluation: [1200/2000]  eta: 0:00:33    time: 0.0402  data: 0.0000  max mem: 4847
      ITM Evaluation: [1300/2000]  eta: 0:00:29    time: 0.0382  data: 0.0000  max mem: 4847
      ITM Evaluation: [1400/2000]  eta: 0:00:24    time: 0.0380  data: 0.0000  max mem: 4847
      ITM Evaluation: [1500/2000]  eta: 0:00:20    time: 0.0441  data: 0.0000  max mem: 4847
      ITM Evaluation: [1600/2000]  eta: 0:00:16    time: 0.0399  data: 0.0000  max mem: 4847
      ITM Evaluation: [1700/2000]  eta: 0:00:12    time: 0.0402  data: 0.0000  max mem: 4847
      ITM Evaluation: [1800/2000]  eta: 0:00:08    time: 0.0362  data: 0.0000  max mem: 4847
      ITM Evaluation: [1900/2000]  eta: 0:00:04    time: 0.0365  data: 0.0000  max mem: 4847
      ITM Evaluation: [1999/2000]  eta: 0:00:00    time: 0.0398  data: 0.0000  max mem: 4847
      ITM Evaluation: Total time: 0:01:21 (0.0408 s / it)
     total_time 81.68539190292358
     Computing matching score time 0:01:21
### TTA ITM Score: 
+-------+--------+--------+--------+--------+--------+
| epoch |   R1   |   R5   |  R10   |  mAP   |  mINP  |
+-------+--------+--------+--------+--------+--------+
|  -999 | 59.000 | 79.650 | 88.500 | 47.231 | 25.876 |
|  -999 | 66.450 | 85.600 | 90.600 | 50.642 | 25.526 |
|   0   | 66.400 | 85.500 | 90.500 | 50.748 | 25.874 |
|   1   | 63.150 | 84.700 | 89.800 | 49.493 | 25.453 |
|   2   | 57.800 | 83.450 | 89.500 | 46.982 | 24.257 |
|   3   | 57.850 | 82.700 | 89.250 | 46.721 | 23.992 |
|   4   | 56.850 | 82.450 | 88.950 | 46.450 | 23.998 |
|   5   | 56.850 | 82.600 | 89.050 | 46.585 | 24.071 |
|   6   | 56.950 | 82.450 | 88.950 | 46.566 | 24.106 |
|   7   | 57.050 | 82.400 | 89.050 | 46.626 | 24.102 |
|   8   | 57.200 | 82.500 | 89.000 | 46.663 | 24.122 |
|   9   | 57.150 | 82.550 | 89.000 | 46.693 | 24.188 |
|   10  | 57.100 | 82.550 | 89.050 | 46.678 | 24.208 |
|   11  | 57.500 | 82.550 | 89.000 | 46.745 | 24.214 |
|   12  | 57.200 | 82.600 | 89.100 | 46.695 | 24.222 |
|   13  | 56.900 | 82.550 | 89.050 | 46.643 | 24.203 |
|   14  | 56.650 | 82.550 | 89.050 | 46.586 | 24.188 |
|   15  | 56.900 | 82.550 | 89.100 | 46.631 | 24.212 |
|   16  | 56.850 | 82.600 | 89.150 | 46.643 | 24.271 |
|   17  | 56.850 | 82.600 | 89.150 | 46.651 | 24.292 |
|   18  | 56.800 | 82.600 | 89.150 | 46.632 | 24.292 |
|   19  | 56.800 | 82.450 | 89.200 | 46.650 | 24.306 |
|   20  | 56.800 | 82.550 | 89.250 | 46.654 | 24.319 |
+-------+--------+--------+--------+--------+--------+
     logs:  {'epo': 20, 'R1': 56.8, 'R5': 82.55, 'R10': 89.25, 'mAP': 46.654, 'mINP': 24.319, 'lr': 7e-06, 'entropy': 0.447616, 'loss': 2.861253}
      TTA Epoch: [21] [  0/125]  eta: 0:01:24  lr: 0.000006  entropy: 0.3421  loss: 2.8220  time: 0.6758  data: 0.5636  max mem: 4847
      TTA Epoch: [21] [100/125]  eta: 0:00:01  lr: 0.000006  entropy: 0.3869  loss: 2.8388  time: 0.0559  data: 0.0002  max mem: 4847
      TTA Epoch: [21] [124/125]  eta: 0:00:00  lr: 0.000005  entropy: 0.4219  loss: 2.8517  time: 0.0492  data: 0.0001  max mem: 4847
      TTA Epoch: [21] Total time: 0:00:07 (0.0611 s / it)
     Averaged stats: lr: 0.0000  entropy: 0.4458  loss: 2.8606
     itm tta time 0:00:07
     Computing matching score
      ITM Evaluation: [   0/2000]  eta: 0:01:20    time: 0.0400  data: 0.0025  max mem: 4847
      ITM Evaluation: [ 100/2000]  eta: 0:01:14    time: 0.0391  data: 0.0000  max mem: 4847
      ITM Evaluation: [ 200/2000]  eta: 0:01:10    time: 0.0379  data: 0.0000  max mem: 4847
      ITM Evaluation: [ 300/2000]  eta: 0:01:06    time: 0.0388  data: 0.0000  max mem: 4847
      ITM Evaluation: [ 400/2000]  eta: 0:01:02    time: 0.0408  data: 0.0000  max mem: 4847
      ITM Evaluation: [ 500/2000]  eta: 0:00:58    time: 0.0409  data: 0.0000  max mem: 4847
      ITM Evaluation: [ 600/2000]  eta: 0:00:55    time: 0.0405  data: 0.0000  max mem: 4847
      ITM Evaluation: [ 700/2000]  eta: 0:00:51    time: 0.0379  data: 0.0000  max mem: 4847
      ITM Evaluation: [ 800/2000]  eta: 0:00:47    time: 0.0378  data: 0.0000  max mem: 4847
      ITM Evaluation: [ 900/2000]  eta: 0:00:43    time: 0.0516  data: 0.0000  max mem: 4847
      ITM Evaluation: [1000/2000]  eta: 0:00:40    time: 0.0416  data: 0.0000  max mem: 4847
      ITM Evaluation: [1100/2000]  eta: 0:00:36    time: 0.0392  data: 0.0000  max mem: 4847
      ITM Evaluation: [1200/2000]  eta: 0:00:31    time: 0.0401  data: 0.0000  max mem: 4847
      ITM Evaluation: [1300/2000]  eta: 0:00:27    time: 0.0383  data: 0.0000  max mem: 4847
      ITM Evaluation: [1400/2000]  eta: 0:00:23    time: 0.0379  data: 0.0000  max mem: 4847
      ITM Evaluation: [1500/2000]  eta: 0:00:19    time: 0.0401  data: 0.0000  max mem: 4847
      ITM Evaluation: [1600/2000]  eta: 0:00:15    time: 0.0426  data: 0.0000  max mem: 4847
      ITM Evaluation: [1700/2000]  eta: 0:00:11    time: 0.0386  data: 0.0000  max mem: 4847
      ITM Evaluation: [1800/2000]  eta: 0:00:07    time: 0.0404  data: 0.0000  max mem: 4847
      ITM Evaluation: [1900/2000]  eta: 0:00:03    time: 0.0471  data: 0.0000  max mem: 4847
      ITM Evaluation: [1999/2000]  eta: 0:00:00    time: 0.0376  data: 0.0000  max mem: 4847
      ITM Evaluation: Total time: 0:01:19 (0.0399 s / it)
     total_time 79.81522250175476
     Computing matching score time 0:01:19
### TTA ITM Score: 
+-------+--------+--------+--------+--------+--------+
| epoch |   R1   |   R5   |  R10   |  mAP   |  mINP  |
+-------+--------+--------+--------+--------+--------+
|  -999 | 59.000 | 79.650 | 88.500 | 47.231 | 25.876 |
|  -999 | 66.450 | 85.600 | 90.600 | 50.642 | 25.526 |
|   0   | 66.400 | 85.500 | 90.500 | 50.748 | 25.874 |
|   1   | 63.150 | 84.700 | 89.800 | 49.493 | 25.453 |
|   2   | 57.800 | 83.450 | 89.500 | 46.982 | 24.257 |
|   3   | 57.850 | 82.700 | 89.250 | 46.721 | 23.992 |
|   4   | 56.850 | 82.450 | 88.950 | 46.450 | 23.998 |
|   5   | 56.850 | 82.600 | 89.050 | 46.585 | 24.071 |
|   6   | 56.950 | 82.450 | 88.950 | 46.566 | 24.106 |
|   7   | 57.050 | 82.400 | 89.050 | 46.626 | 24.102 |
|   8   | 57.200 | 82.500 | 89.000 | 46.663 | 24.122 |
|   9   | 57.150 | 82.550 | 89.000 | 46.693 | 24.188 |
|   10  | 57.100 | 82.550 | 89.050 | 46.678 | 24.208 |
|   11  | 57.500 | 82.550 | 89.000 | 46.745 | 24.214 |
|   12  | 57.200 | 82.600 | 89.100 | 46.695 | 24.222 |
|   13  | 56.900 | 82.550 | 89.050 | 46.643 | 24.203 |
|   14  | 56.650 | 82.550 | 89.050 | 46.586 | 24.188 |
|   15  | 56.900 | 82.550 | 89.100 | 46.631 | 24.212 |
|   16  | 56.850 | 82.600 | 89.150 | 46.643 | 24.271 |
|   17  | 56.850 | 82.600 | 89.150 | 46.651 | 24.292 |
|   18  | 56.800 | 82.600 | 89.150 | 46.632 | 24.292 |
|   19  | 56.800 | 82.450 | 89.200 | 46.650 | 24.306 |
|   20  | 56.800 | 82.550 | 89.250 | 46.654 | 24.319 |
|   21  | 56.650 | 82.600 | 89.200 | 46.609 | 24.310 |
+-------+--------+--------+--------+--------+--------+
     logs:  {'epo': 21, 'R1': 56.65, 'R5': 82.6, 'R10': 89.2, 'mAP': 46.609, 'mINP': 24.31, 'lr': 6e-06, 'entropy': 0.445779, 'loss': 2.860572}
      TTA Epoch: [22] [  0/125]  eta: 0:01:25  lr: 0.000005  entropy: 0.3931  loss: 2.8410  time: 0.6875  data: 0.5942  max mem: 4847
      TTA Epoch: [22] [100/125]  eta: 0:00:01  lr: 0.000005  entropy: 0.3583  loss: 2.8280  time: 0.0552  data: 0.0003  max mem: 4847
      TTA Epoch: [22] [124/125]  eta: 0:00:00  lr: 0.000005  entropy: 0.3985  loss: 2.8428  time: 0.0501  data: 0.0001  max mem: 4847
      TTA Epoch: [22] Total time: 0:00:07 (0.0578 s / it)
     Averaged stats: lr: 0.0000  entropy: 0.4452  loss: 2.8604
     itm tta time 0:00:07
     Computing matching score
      ITM Evaluation: [   0/2000]  eta: 0:01:20    time: 0.0400  data: 0.0034  max mem: 4847
      ITM Evaluation: [ 100/2000]  eta: 0:01:12    time: 0.0386  data: 0.0000  max mem: 4847
      ITM Evaluation: [ 200/2000]  eta: 0:01:11    time: 0.0427  data: 0.0000  max mem: 4847
      ITM Evaluation: [ 300/2000]  eta: 0:01:08    time: 0.0423  data: 0.0000  max mem: 4847
      ITM Evaluation: [ 400/2000]  eta: 0:01:04    time: 0.0408  data: 0.0000  max mem: 4847
      ITM Evaluation: [ 500/2000]  eta: 0:01:00    time: 0.0396  data: 0.0000  max mem: 4847
      ITM Evaluation: [ 600/2000]  eta: 0:00:57    time: 0.0451  data: 0.0000  max mem: 4847
      ITM Evaluation: [ 700/2000]  eta: 0:00:53    time: 0.0411  data: 0.0000  max mem: 4847
      ITM Evaluation: [ 800/2000]  eta: 0:00:49    time: 0.0416  data: 0.0000  max mem: 4847
      ITM Evaluation: [ 900/2000]  eta: 0:00:44    time: 0.0430  data: 0.0000  max mem: 4847
      ITM Evaluation: [1000/2000]  eta: 0:00:40    time: 0.0432  data: 0.0000  max mem: 4847
      ITM Evaluation: [1100/2000]  eta: 0:00:36    time: 0.0395  data: 0.0000  max mem: 4847
      ITM Evaluation: [1200/2000]  eta: 0:00:32    time: 0.0393  data: 0.0000  max mem: 4847
      ITM Evaluation: [1300/2000]  eta: 0:00:28    time: 0.0431  data: 0.0000  max mem: 4847
      ITM Evaluation: [1400/2000]  eta: 0:00:24    time: 0.0419  data: 0.0000  max mem: 4847
      ITM Evaluation: [1500/2000]  eta: 0:00:20    time: 0.0499  data: 0.0000  max mem: 4847
      ITM Evaluation: [1600/2000]  eta: 0:00:16    time: 0.0380  data: 0.0000  max mem: 4847
      ITM Evaluation: [1700/2000]  eta: 0:00:12    time: 0.0442  data: 0.0000  max mem: 4847
      ITM Evaluation: [1800/2000]  eta: 0:00:08    time: 0.0394  data: 0.0000  max mem: 4847
      ITM Evaluation: [1900/2000]  eta: 0:00:04    time: 0.0347  data: 0.0000  max mem: 4847
      ITM Evaluation: [1999/2000]  eta: 0:00:00    time: 0.0387  data: 0.0000  max mem: 4847
      ITM Evaluation: Total time: 0:01:21 (0.0406 s / it)
     total_time 81.27098727226257
     Computing matching score time 0:01:21
### TTA ITM Score: 
+-------+--------+--------+--------+--------+--------+
| epoch |   R1   |   R5   |  R10   |  mAP   |  mINP  |
+-------+--------+--------+--------+--------+--------+
|  -999 | 59.000 | 79.650 | 88.500 | 47.231 | 25.876 |
|  -999 | 66.450 | 85.600 | 90.600 | 50.642 | 25.526 |
|   0   | 66.400 | 85.500 | 90.500 | 50.748 | 25.874 |
|   1   | 63.150 | 84.700 | 89.800 | 49.493 | 25.453 |
|   2   | 57.800 | 83.450 | 89.500 | 46.982 | 24.257 |
|   3   | 57.850 | 82.700 | 89.250 | 46.721 | 23.992 |
|   4   | 56.850 | 82.450 | 88.950 | 46.450 | 23.998 |
|   5   | 56.850 | 82.600 | 89.050 | 46.585 | 24.071 |
|   6   | 56.950 | 82.450 | 88.950 | 46.566 | 24.106 |
|   7   | 57.050 | 82.400 | 89.050 | 46.626 | 24.102 |
|   8   | 57.200 | 82.500 | 89.000 | 46.663 | 24.122 |
|   9   | 57.150 | 82.550 | 89.000 | 46.693 | 24.188 |
|   10  | 57.100 | 82.550 | 89.050 | 46.678 | 24.208 |
|   11  | 57.500 | 82.550 | 89.000 | 46.745 | 24.214 |
|   12  | 57.200 | 82.600 | 89.100 | 46.695 | 24.222 |
|   13  | 56.900 | 82.550 | 89.050 | 46.643 | 24.203 |
|   14  | 56.650 | 82.550 | 89.050 | 46.586 | 24.188 |
|   15  | 56.900 | 82.550 | 89.100 | 46.631 | 24.212 |
|   16  | 56.850 | 82.600 | 89.150 | 46.643 | 24.271 |
|   17  | 56.850 | 82.600 | 89.150 | 46.651 | 24.292 |
|   18  | 56.800 | 82.600 | 89.150 | 46.632 | 24.292 |
|   19  | 56.800 | 82.450 | 89.200 | 46.650 | 24.306 |
|   20  | 56.800 | 82.550 | 89.250 | 46.654 | 24.319 |
|   21  | 56.650 | 82.600 | 89.200 | 46.609 | 24.310 |
|   22  | 56.650 | 82.600 | 89.300 | 46.609 | 24.321 |
+-------+--------+--------+--------+--------+--------+
     logs:  {'epo': 22, 'R1': 56.65, 'R5': 82.6, 'R10': 89.3, 'mAP': 46.609, 'mINP': 24.321, 'lr': 5e-06, 'entropy': 0.445227, 'loss': 2.860366}
      TTA Epoch: [23] [  0/125]  eta: 0:01:30  lr: 0.000005  entropy: 0.5837  loss: 2.9118  time: 0.7219  data: 0.6315  max mem: 4847
      TTA Epoch: [23] [100/125]  eta: 0:00:01  lr: 0.000004  entropy: 0.3252  loss: 2.8158  time: 0.0516  data: 0.0001  max mem: 4847
      TTA Epoch: [23] [124/125]  eta: 0:00:00  lr: 0.000004  entropy: 0.3097  loss: 2.8101  time: 0.0518  data: 0.0005  max mem: 4847
      TTA Epoch: [23] Total time: 0:00:07 (0.0585 s / it)
     Averaged stats: lr: 0.0000  entropy: 0.4513  loss: 2.8626
     itm tta time 0:00:07
     Computing matching score
      ITM Evaluation: [   0/2000]  eta: 0:02:03    time: 0.0617  data: 0.0032  max mem: 4847
      ITM Evaluation: [ 100/2000]  eta: 0:01:21    time: 0.0438  data: 0.0000  max mem: 4847
      ITM Evaluation: [ 200/2000]  eta: 0:01:15    time: 0.0422  data: 0.0000  max mem: 4847
      ITM Evaluation: [ 300/2000]  eta: 0:01:13    time: 0.0450  data: 0.0000  max mem: 4847
      ITM Evaluation: [ 400/2000]  eta: 0:01:07    time: 0.0366  data: 0.0000  max mem: 4847
      ITM Evaluation: [ 500/2000]  eta: 0:01:02    time: 0.0374  data: 0.0000  max mem: 4847
      ITM Evaluation: [ 600/2000]  eta: 0:00:57    time: 0.0393  data: 0.0000  max mem: 4847
      ITM Evaluation: [ 700/2000]  eta: 0:00:53    time: 0.0397  data: 0.0000  max mem: 4847
      ITM Evaluation: [ 800/2000]  eta: 0:00:48    time: 0.0362  data: 0.0000  max mem: 4847
      ITM Evaluation: [ 900/2000]  eta: 0:00:44    time: 0.0416  data: 0.0000  max mem: 4847
      ITM Evaluation: [1000/2000]  eta: 0:00:40    time: 0.0372  data: 0.0000  max mem: 4847
      ITM Evaluation: [1100/2000]  eta: 0:00:35    time: 0.0390  data: 0.0000  max mem: 4847
      ITM Evaluation: [1200/2000]  eta: 0:00:32    time: 0.0486  data: 0.0000  max mem: 4847
      ITM Evaluation: [1300/2000]  eta: 0:00:28    time: 0.0375  data: 0.0000  max mem: 4847
      ITM Evaluation: [1400/2000]  eta: 0:00:24    time: 0.0386  data: 0.0000  max mem: 4847
      ITM Evaluation: [1500/2000]  eta: 0:00:19    time: 0.0385  data: 0.0000  max mem: 4847
      ITM Evaluation: [1600/2000]  eta: 0:00:15    time: 0.0383  data: 0.0000  max mem: 4847
      ITM Evaluation: [1700/2000]  eta: 0:00:11    time: 0.0387  data: 0.0000  max mem: 4847
      ITM Evaluation: [1800/2000]  eta: 0:00:07    time: 0.0406  data: 0.0000  max mem: 4847
      ITM Evaluation: [1900/2000]  eta: 0:00:03    time: 0.0397  data: 0.0000  max mem: 4847
      ITM Evaluation: [1999/2000]  eta: 0:00:00    time: 0.0377  data: 0.0000  max mem: 4847
      ITM Evaluation: Total time: 0:01:19 (0.0397 s / it)
     total_time 79.32946467399597
     Computing matching score time 0:01:19
### TTA ITM Score: 
+-------+--------+--------+--------+--------+--------+
| epoch |   R1   |   R5   |  R10   |  mAP   |  mINP  |
+-------+--------+--------+--------+--------+--------+
|  -999 | 59.000 | 79.650 | 88.500 | 47.231 | 25.876 |
|  -999 | 66.450 | 85.600 | 90.600 | 50.642 | 25.526 |
|   0   | 66.400 | 85.500 | 90.500 | 50.748 | 25.874 |
|   1   | 63.150 | 84.700 | 89.800 | 49.493 | 25.453 |
|   2   | 57.800 | 83.450 | 89.500 | 46.982 | 24.257 |
|   3   | 57.850 | 82.700 | 89.250 | 46.721 | 23.992 |
|   4   | 56.850 | 82.450 | 88.950 | 46.450 | 23.998 |
|   5   | 56.850 | 82.600 | 89.050 | 46.585 | 24.071 |
|   6   | 56.950 | 82.450 | 88.950 | 46.566 | 24.106 |
|   7   | 57.050 | 82.400 | 89.050 | 46.626 | 24.102 |
|   8   | 57.200 | 82.500 | 89.000 | 46.663 | 24.122 |
|   9   | 57.150 | 82.550 | 89.000 | 46.693 | 24.188 |
|   10  | 57.100 | 82.550 | 89.050 | 46.678 | 24.208 |
|   11  | 57.500 | 82.550 | 89.000 | 46.745 | 24.214 |
|   12  | 57.200 | 82.600 | 89.100 | 46.695 | 24.222 |
|   13  | 56.900 | 82.550 | 89.050 | 46.643 | 24.203 |
|   14  | 56.650 | 82.550 | 89.050 | 46.586 | 24.188 |
|   15  | 56.900 | 82.550 | 89.100 | 46.631 | 24.212 |
|   16  | 56.850 | 82.600 | 89.150 | 46.643 | 24.271 |
|   17  | 56.850 | 82.600 | 89.150 | 46.651 | 24.292 |
|   18  | 56.800 | 82.600 | 89.150 | 46.632 | 24.292 |
|   19  | 56.800 | 82.450 | 89.200 | 46.650 | 24.306 |
|   20  | 56.800 | 82.550 | 89.250 | 46.654 | 24.319 |
|   21  | 56.650 | 82.600 | 89.200 | 46.609 | 24.310 |
|   22  | 56.650 | 82.600 | 89.300 | 46.609 | 24.321 |
|   23  | 56.450 | 82.600 | 89.300 | 46.555 | 24.331 |
+-------+--------+--------+--------+--------+--------+
     logs:  {'epo': 23, 'R1': 56.45, 'R5': 82.6, 'R10': 89.3, 'mAP': 46.555, 'mINP': 24.331, 'lr': 4e-06, 'entropy': 0.45127, 'loss': 2.86261}
      TTA Epoch: [24] [  0/125]  eta: 0:01:25  lr: 0.000004  entropy: 0.3541  loss: 2.8265  time: 0.6862  data: 0.5499  max mem: 4847
      TTA Epoch: [24] [100/125]  eta: 0:00:01  lr: 0.000004  entropy: 0.7286  loss: 2.9655  time: 0.0567  data: 0.0001  max mem: 4847
      TTA Epoch: [24] [124/125]  eta: 0:00:00  lr: 0.000003  entropy: 0.4782  loss: 2.8726  time: 0.0483  data: 0.0001  max mem: 4847
      TTA Epoch: [24] Total time: 0:00:07 (0.0591 s / it)
     Averaged stats: lr: 0.0000  entropy: 0.4399  loss: 2.8584
     itm tta time 0:00:07
     Computing matching score
      ITM Evaluation: [   0/2000]  eta: 0:02:00    time: 0.0602  data: 0.0025  max mem: 4847
      ITM Evaluation: [ 100/2000]  eta: 0:01:14    time: 0.0378  data: 0.0000  max mem: 4847
      ITM Evaluation: [ 200/2000]  eta: 0:01:09    time: 0.0367  data: 0.0000  max mem: 4847
      ITM Evaluation: [ 300/2000]  eta: 0:01:04    time: 0.0371  data: 0.0000  max mem: 4847
      ITM Evaluation: [ 400/2000]  eta: 0:01:00    time: 0.0389  data: 0.0000  max mem: 4847
      ITM Evaluation: [ 500/2000]  eta: 0:00:57    time: 0.0419  data: 0.0000  max mem: 4847
      ITM Evaluation: [ 600/2000]  eta: 0:00:53    time: 0.0365  data: 0.0000  max mem: 4847
      ITM Evaluation: [ 700/2000]  eta: 0:00:49    time: 0.0377  data: 0.0000  max mem: 4847
      ITM Evaluation: [ 800/2000]  eta: 0:00:45    time: 0.0386  data: 0.0000  max mem: 4847
      ITM Evaluation: [ 900/2000]  eta: 0:00:42    time: 0.0422  data: 0.0000  max mem: 4847
      ITM Evaluation: [1000/2000]  eta: 0:00:38    time: 0.0392  data: 0.0000  max mem: 4847
      ITM Evaluation: [1100/2000]  eta: 0:00:34    time: 0.0356  data: 0.0000  max mem: 4847
      ITM Evaluation: [1200/2000]  eta: 0:00:30    time: 0.0365  data: 0.0000  max mem: 4847
      ITM Evaluation: [1300/2000]  eta: 0:00:26    time: 0.0359  data: 0.0000  max mem: 4847
      ITM Evaluation: [1400/2000]  eta: 0:00:22    time: 0.0366  data: 0.0000  max mem: 4847
      ITM Evaluation: [1500/2000]  eta: 0:00:19    time: 0.0376  data: 0.0000  max mem: 4847
      ITM Evaluation: [1600/2000]  eta: 0:00:15    time: 0.0366  data: 0.0000  max mem: 4847
      ITM Evaluation: [1700/2000]  eta: 0:00:11    time: 0.0390  data: 0.0000  max mem: 4847
      ITM Evaluation: [1800/2000]  eta: 0:00:07    time: 0.0378  data: 0.0000  max mem: 4847
      ITM Evaluation: [1900/2000]  eta: 0:00:03    time: 0.0397  data: 0.0000  max mem: 4847
      ITM Evaluation: [1999/2000]  eta: 0:00:00    time: 0.0381  data: 0.0000  max mem: 4847
      ITM Evaluation: Total time: 0:01:16 (0.0382 s / it)
     total_time 76.35583257675171
     Computing matching score time 0:01:16
### TTA ITM Score: 
+-------+--------+--------+--------+--------+--------+
| epoch |   R1   |   R5   |  R10   |  mAP   |  mINP  |
+-------+--------+--------+--------+--------+--------+
|  -999 | 59.000 | 79.650 | 88.500 | 47.231 | 25.876 |
|  -999 | 66.450 | 85.600 | 90.600 | 50.642 | 25.526 |
|   0   | 66.400 | 85.500 | 90.500 | 50.748 | 25.874 |
|   1   | 63.150 | 84.700 | 89.800 | 49.493 | 25.453 |
|   2   | 57.800 | 83.450 | 89.500 | 46.982 | 24.257 |
|   3   | 57.850 | 82.700 | 89.250 | 46.721 | 23.992 |
|   4   | 56.850 | 82.450 | 88.950 | 46.450 | 23.998 |
|   5   | 56.850 | 82.600 | 89.050 | 46.585 | 24.071 |
|   6   | 56.950 | 82.450 | 88.950 | 46.566 | 24.106 |
|   7   | 57.050 | 82.400 | 89.050 | 46.626 | 24.102 |
|   8   | 57.200 | 82.500 | 89.000 | 46.663 | 24.122 |
|   9   | 57.150 | 82.550 | 89.000 | 46.693 | 24.188 |
|   10  | 57.100 | 82.550 | 89.050 | 46.678 | 24.208 |
|   11  | 57.500 | 82.550 | 89.000 | 46.745 | 24.214 |
|   12  | 57.200 | 82.600 | 89.100 | 46.695 | 24.222 |
|   13  | 56.900 | 82.550 | 89.050 | 46.643 | 24.203 |
|   14  | 56.650 | 82.550 | 89.050 | 46.586 | 24.188 |
|   15  | 56.900 | 82.550 | 89.100 | 46.631 | 24.212 |
|   16  | 56.850 | 82.600 | 89.150 | 46.643 | 24.271 |
|   17  | 56.850 | 82.600 | 89.150 | 46.651 | 24.292 |
|   18  | 56.800 | 82.600 | 89.150 | 46.632 | 24.292 |
|   19  | 56.800 | 82.450 | 89.200 | 46.650 | 24.306 |
|   20  | 56.800 | 82.550 | 89.250 | 46.654 | 24.319 |
|   21  | 56.650 | 82.600 | 89.200 | 46.609 | 24.310 |
|   22  | 56.650 | 82.600 | 89.300 | 46.609 | 24.321 |
|   23  | 56.450 | 82.600 | 89.300 | 46.555 | 24.331 |
|   24  | 56.450 | 82.600 | 89.250 | 46.514 | 24.325 |
+-------+--------+--------+--------+--------+--------+
     logs:  {'epo': 24, 'R1': 56.45, 'R5': 82.6, 'R10': 89.25, 'mAP': 46.514, 'mINP': 24.325, 'lr': 4e-06, 'entropy': 0.439915, 'loss': 2.858396}
      TTA Epoch: [25] [  0/125]  eta: 0:01:22  lr: 0.000003  entropy: 0.4738  loss: 2.8711  time: 0.6568  data: 0.5571  max mem: 4847
      TTA Epoch: [25] [100/125]  eta: 0:00:01  lr: 0.000003  entropy: 0.3062  loss: 2.8088  time: 0.0538  data: 0.0002  max mem: 4847
      TTA Epoch: [25] [124/125]  eta: 0:00:00  lr: 0.000003  entropy: 0.2789  loss: 2.7988  time: 0.0510  data: 0.0001  max mem: 4847
      TTA Epoch: [25] Total time: 0:00:07 (0.0586 s / it)
     Averaged stats: lr: 0.0000  entropy: 0.4457  loss: 2.8605
     itm tta time 0:00:07
     Computing matching score
      ITM Evaluation: [   0/2000]  eta: 0:01:38    time: 0.0492  data: 0.0024  max mem: 4847
      ITM Evaluation: [ 100/2000]  eta: 0:01:12    time: 0.0378  data: 0.0000  max mem: 4847
      ITM Evaluation: [ 200/2000]  eta: 0:01:09    time: 0.0391  data: 0.0000  max mem: 4847
      ITM Evaluation: [ 300/2000]  eta: 0:01:05    time: 0.0374  data: 0.0000  max mem: 4847
      ITM Evaluation: [ 400/2000]  eta: 0:01:01    time: 0.0375  data: 0.0000  max mem: 4847
      ITM Evaluation: [ 500/2000]  eta: 0:00:57    time: 0.0368  data: 0.0000  max mem: 4847
      ITM Evaluation: [ 600/2000]  eta: 0:00:53    time: 0.0391  data: 0.0000  max mem: 4847
      ITM Evaluation: [ 700/2000]  eta: 0:00:50    time: 0.0413  data: 0.0000  max mem: 4847
      ITM Evaluation: [ 800/2000]  eta: 0:00:46    time: 0.0383  data: 0.0000  max mem: 4847
      ITM Evaluation: [ 900/2000]  eta: 0:00:42    time: 0.0393  data: 0.0000  max mem: 4847
      ITM Evaluation: [1000/2000]  eta: 0:00:38    time: 0.0360  data: 0.0000  max mem: 4847
      ITM Evaluation: [1100/2000]  eta: 0:00:34    time: 0.0409  data: 0.0000  max mem: 4847
      ITM Evaluation: [1200/2000]  eta: 0:00:30    time: 0.0392  data: 0.0000  max mem: 4847
      ITM Evaluation: [1300/2000]  eta: 0:00:26    time: 0.0377  data: 0.0000  max mem: 4847
      ITM Evaluation: [1400/2000]  eta: 0:00:23    time: 0.0401  data: 0.0000  max mem: 4847
      ITM Evaluation: [1500/2000]  eta: 0:00:19    time: 0.0410  data: 0.0000  max mem: 4847
      ITM Evaluation: [1600/2000]  eta: 0:00:15    time: 0.0415  data: 0.0000  max mem: 4847
      ITM Evaluation: [1700/2000]  eta: 0:00:11    time: 0.0422  data: 0.0000  max mem: 4847
      ITM Evaluation: [1800/2000]  eta: 0:00:07    time: 0.0376  data: 0.0000  max mem: 4847
      ITM Evaluation: [1900/2000]  eta: 0:00:03    time: 0.0405  data: 0.0000  max mem: 4847
      ITM Evaluation: [1999/2000]  eta: 0:00:00    time: 0.0380  data: 0.0000  max mem: 4847
      ITM Evaluation: Total time: 0:01:18 (0.0391 s / it)
     total_time 78.19449877738953
     Computing matching score time 0:01:18
### TTA ITM Score: 
+-------+--------+--------+--------+--------+--------+
| epoch |   R1   |   R5   |  R10   |  mAP   |  mINP  |
+-------+--------+--------+--------+--------+--------+
|  -999 | 59.000 | 79.650 | 88.500 | 47.231 | 25.876 |
|  -999 | 66.450 | 85.600 | 90.600 | 50.642 | 25.526 |
|   0   | 66.400 | 85.500 | 90.500 | 50.748 | 25.874 |
|   1   | 63.150 | 84.700 | 89.800 | 49.493 | 25.453 |
|   2   | 57.800 | 83.450 | 89.500 | 46.982 | 24.257 |
|   3   | 57.850 | 82.700 | 89.250 | 46.721 | 23.992 |
|   4   | 56.850 | 82.450 | 88.950 | 46.450 | 23.998 |
|   5   | 56.850 | 82.600 | 89.050 | 46.585 | 24.071 |
|   6   | 56.950 | 82.450 | 88.950 | 46.566 | 24.106 |
|   7   | 57.050 | 82.400 | 89.050 | 46.626 | 24.102 |
|   8   | 57.200 | 82.500 | 89.000 | 46.663 | 24.122 |
|   9   | 57.150 | 82.550 | 89.000 | 46.693 | 24.188 |
|   10  | 57.100 | 82.550 | 89.050 | 46.678 | 24.208 |
|   11  | 57.500 | 82.550 | 89.000 | 46.745 | 24.214 |
|   12  | 57.200 | 82.600 | 89.100 | 46.695 | 24.222 |
|   13  | 56.900 | 82.550 | 89.050 | 46.643 | 24.203 |
|   14  | 56.650 | 82.550 | 89.050 | 46.586 | 24.188 |
|   15  | 56.900 | 82.550 | 89.100 | 46.631 | 24.212 |
|   16  | 56.850 | 82.600 | 89.150 | 46.643 | 24.271 |
|   17  | 56.850 | 82.600 | 89.150 | 46.651 | 24.292 |
|   18  | 56.800 | 82.600 | 89.150 | 46.632 | 24.292 |
|   19  | 56.800 | 82.450 | 89.200 | 46.650 | 24.306 |
|   20  | 56.800 | 82.550 | 89.250 | 46.654 | 24.319 |
|   21  | 56.650 | 82.600 | 89.200 | 46.609 | 24.310 |
|   22  | 56.650 | 82.600 | 89.300 | 46.609 | 24.321 |
|   23  | 56.450 | 82.600 | 89.300 | 46.555 | 24.331 |
|   24  | 56.450 | 82.600 | 89.250 | 46.514 | 24.325 |
|   25  | 56.400 | 82.600 | 89.250 | 46.500 | 24.337 |
+-------+--------+--------+--------+--------+--------+
     logs:  {'epo': 25, 'R1': 56.4, 'R5': 82.6, 'R10': 89.25, 'mAP': 46.5, 'mINP': 24.337, 'lr': 3e-06, 'entropy': 0.445686, 'loss': 2.860536}
      TTA Epoch: [26] [  0/125]  eta: 0:01:31  lr: 0.000003  entropy: 0.3700  loss: 2.8324  time: 0.7357  data: 0.6399  max mem: 4847
      TTA Epoch: [26] [100/125]  eta: 0:00:01  lr: 0.000002  entropy: 0.1782  loss: 2.7614  time: 0.0522  data: 0.0002  max mem: 4847
      TTA Epoch: [26] [124/125]  eta: 0:00:00  lr: 0.000002  entropy: 0.5010  loss: 2.8812  time: 0.0473  data: 0.0001  max mem: 4847
      TTA Epoch: [26] Total time: 0:00:07 (0.0584 s / it)
     Averaged stats: lr: 0.0000  entropy: 0.4340  loss: 2.8562
     itm tta time 0:00:07
     Computing matching score
      ITM Evaluation: [   0/2000]  eta: 0:01:29    time: 0.0448  data: 0.0029  max mem: 4847
      ITM Evaluation: [ 100/2000]  eta: 0:01:11    time: 0.0382  data: 0.0000  max mem: 4847
      ITM Evaluation: [ 200/2000]  eta: 0:01:08    time: 0.0372  data: 0.0000  max mem: 4847
      ITM Evaluation: [ 300/2000]  eta: 0:01:04    time: 0.0405  data: 0.0000  max mem: 4847
      ITM Evaluation: [ 400/2000]  eta: 0:01:01    time: 0.0437  data: 0.0000  max mem: 4847
      ITM Evaluation: [ 500/2000]  eta: 0:00:59    time: 0.0425  data: 0.0000  max mem: 4847
      ITM Evaluation: [ 600/2000]  eta: 0:00:55    time: 0.0409  data: 0.0000  max mem: 4847
      ITM Evaluation: [ 700/2000]  eta: 0:00:51    time: 0.0455  data: 0.0000  max mem: 4847
      ITM Evaluation: [ 800/2000]  eta: 0:00:47    time: 0.0390  data: 0.0000  max mem: 4847
      ITM Evaluation: [ 900/2000]  eta: 0:00:43    time: 0.0384  data: 0.0000  max mem: 4847
      ITM Evaluation: [1000/2000]  eta: 0:00:39    time: 0.0384  data: 0.0000  max mem: 4847
      ITM Evaluation: [1100/2000]  eta: 0:00:35    time: 0.0408  data: 0.0000  max mem: 4847
      ITM Evaluation: [1200/2000]  eta: 0:00:32    time: 0.0389  data: 0.0000  max mem: 4847
      ITM Evaluation: [1300/2000]  eta: 0:00:28    time: 0.0437  data: 0.0000  max mem: 4847
      ITM Evaluation: [1400/2000]  eta: 0:00:24    time: 0.0540  data: 0.0000  max mem: 4847
      ITM Evaluation: [1500/2000]  eta: 0:00:21    time: 0.0513  data: 0.0000  max mem: 4847
      ITM Evaluation: [1600/2000]  eta: 0:00:17    time: 0.0519  data: 0.0000  max mem: 4847
      ITM Evaluation: [1700/2000]  eta: 0:00:13    time: 0.0534  data: 0.0000  max mem: 4847
      ITM Evaluation: [1800/2000]  eta: 0:00:08    time: 0.0533  data: 0.0000  max mem: 4847
      ITM Evaluation: [1900/2000]  eta: 0:00:04    time: 0.0512  data: 0.0000  max mem: 4847
      ITM Evaluation: [1999/2000]  eta: 0:00:00    time: 0.0493  data: 0.0000  max mem: 4847
      ITM Evaluation: Total time: 0:01:29 (0.0448 s / it)
     total_time 89.6720199584961
     Computing matching score time 0:01:29
### TTA ITM Score: 
+-------+--------+--------+--------+--------+--------+
| epoch |   R1   |   R5   |  R10   |  mAP   |  mINP  |
+-------+--------+--------+--------+--------+--------+
|  -999 | 59.000 | 79.650 | 88.500 | 47.231 | 25.876 |
|  -999 | 66.450 | 85.600 | 90.600 | 50.642 | 25.526 |
|   0   | 66.400 | 85.500 | 90.500 | 50.748 | 25.874 |
|   1   | 63.150 | 84.700 | 89.800 | 49.493 | 25.453 |
|   2   | 57.800 | 83.450 | 89.500 | 46.982 | 24.257 |
|   3   | 57.850 | 82.700 | 89.250 | 46.721 | 23.992 |
|   4   | 56.850 | 82.450 | 88.950 | 46.450 | 23.998 |
|   5   | 56.850 | 82.600 | 89.050 | 46.585 | 24.071 |
|   6   | 56.950 | 82.450 | 88.950 | 46.566 | 24.106 |
|   7   | 57.050 | 82.400 | 89.050 | 46.626 | 24.102 |
|   8   | 57.200 | 82.500 | 89.000 | 46.663 | 24.122 |
|   9   | 57.150 | 82.550 | 89.000 | 46.693 | 24.188 |
|   10  | 57.100 | 82.550 | 89.050 | 46.678 | 24.208 |
|   11  | 57.500 | 82.550 | 89.000 | 46.745 | 24.214 |
|   12  | 57.200 | 82.600 | 89.100 | 46.695 | 24.222 |
|   13  | 56.900 | 82.550 | 89.050 | 46.643 | 24.203 |
|   14  | 56.650 | 82.550 | 89.050 | 46.586 | 24.188 |
|   15  | 56.900 | 82.550 | 89.100 | 46.631 | 24.212 |
|   16  | 56.850 | 82.600 | 89.150 | 46.643 | 24.271 |
|   17  | 56.850 | 82.600 | 89.150 | 46.651 | 24.292 |
|   18  | 56.800 | 82.600 | 89.150 | 46.632 | 24.292 |
|   19  | 56.800 | 82.450 | 89.200 | 46.650 | 24.306 |
|   20  | 56.800 | 82.550 | 89.250 | 46.654 | 24.319 |
|   21  | 56.650 | 82.600 | 89.200 | 46.609 | 24.310 |
|   22  | 56.650 | 82.600 | 89.300 | 46.609 | 24.321 |
|   23  | 56.450 | 82.600 | 89.300 | 46.555 | 24.331 |
|   24  | 56.450 | 82.600 | 89.250 | 46.514 | 24.325 |
|   25  | 56.400 | 82.600 | 89.250 | 46.500 | 24.337 |
|   26  | 56.400 | 82.600 | 89.250 | 46.501 | 24.338 |
+-------+--------+--------+--------+--------+--------+
     logs:  {'epo': 26, 'R1': 56.4, 'R5': 82.6, 'R10': 89.25, 'mAP': 46.501, 'mINP': 24.338, 'lr': 2e-06, 'entropy': 0.434025, 'loss': 2.85621}
      TTA Epoch: [27] [  0/125]  eta: 0:01:28  lr: 0.000002  entropy: 0.2654  loss: 2.7937  time: 0.7079  data: 0.5903  max mem: 4847
      TTA Epoch: [27] [100/125]  eta: 0:00:01  lr: 0.000002  entropy: 0.2936  loss: 2.8042  time: 0.0538  data: 0.0001  max mem: 4847
      TTA Epoch: [27] [124/125]  eta: 0:00:00  lr: 0.000001  entropy: 0.4267  loss: 2.8536  time: 0.0485  data: 0.0005  max mem: 4847
      TTA Epoch: [27] Total time: 0:00:07 (0.0627 s / it)
     Averaged stats: lr: 0.0000  entropy: 0.4423  loss: 2.8593
     itm tta time 0:00:07
     Computing matching score
      ITM Evaluation: [   0/2000]  eta: 0:01:43    time: 0.0519  data: 0.0025  max mem: 4847
      ITM Evaluation: [ 100/2000]  eta: 0:01:15    time: 0.0374  data: 0.0000  max mem: 4847
      ITM Evaluation: [ 200/2000]  eta: 0:01:10    time: 0.0383  data: 0.0000  max mem: 4847
      ITM Evaluation: [ 300/2000]  eta: 0:01:05    time: 0.0368  data: 0.0000  max mem: 4847
      ITM Evaluation: [ 400/2000]  eta: 0:01:02    time: 0.0410  data: 0.0000  max mem: 4847
      ITM Evaluation: [ 500/2000]  eta: 0:00:58    time: 0.0385  data: 0.0000  max mem: 4847
      ITM Evaluation: [ 600/2000]  eta: 0:00:54    time: 0.0384  data: 0.0000  max mem: 4847
      ITM Evaluation: [ 700/2000]  eta: 0:00:50    time: 0.0392  data: 0.0000  max mem: 4847
      ITM Evaluation: [ 800/2000]  eta: 0:00:46    time: 0.0362  data: 0.0000  max mem: 4847
      ITM Evaluation: [ 900/2000]  eta: 0:00:42    time: 0.0429  data: 0.0000  max mem: 4847
      ITM Evaluation: [1000/2000]  eta: 0:00:39    time: 0.0388  data: 0.0000  max mem: 4847
      ITM Evaluation: [1100/2000]  eta: 0:00:35    time: 0.0371  data: 0.0000  max mem: 4847
      ITM Evaluation: [1200/2000]  eta: 0:00:31    time: 0.0386  data: 0.0000  max mem: 4847
      ITM Evaluation: [1300/2000]  eta: 0:00:27    time: 0.0402  data: 0.0000  max mem: 4847
      ITM Evaluation: [1400/2000]  eta: 0:00:23    time: 0.0384  data: 0.0000  max mem: 4847
      ITM Evaluation: [1500/2000]  eta: 0:00:19    time: 0.0374  data: 0.0000  max mem: 4847
      ITM Evaluation: [1600/2000]  eta: 0:00:15    time: 0.0380  data: 0.0000  max mem: 4847
      ITM Evaluation: [1700/2000]  eta: 0:00:11    time: 0.0356  data: 0.0000  max mem: 4847
      ITM Evaluation: [1800/2000]  eta: 0:00:07    time: 0.0405  data: 0.0000  max mem: 4847
      ITM Evaluation: [1900/2000]  eta: 0:00:03    time: 0.0454  data: 0.0000  max mem: 4847
      ITM Evaluation: [1999/2000]  eta: 0:00:00    time: 0.0388  data: 0.0000  max mem: 4847
      ITM Evaluation: Total time: 0:01:17 (0.0389 s / it)
     total_time 77.85573124885559
     Computing matching score time 0:01:17
### TTA ITM Score: 
+-------+--------+--------+--------+--------+--------+
| epoch |   R1   |   R5   |  R10   |  mAP   |  mINP  |
+-------+--------+--------+--------+--------+--------+
|  -999 | 59.000 | 79.650 | 88.500 | 47.231 | 25.876 |
|  -999 | 66.450 | 85.600 | 90.600 | 50.642 | 25.526 |
|   0   | 66.400 | 85.500 | 90.500 | 50.748 | 25.874 |
|   1   | 63.150 | 84.700 | 89.800 | 49.493 | 25.453 |
|   2   | 57.800 | 83.450 | 89.500 | 46.982 | 24.257 |
|   3   | 57.850 | 82.700 | 89.250 | 46.721 | 23.992 |
|   4   | 56.850 | 82.450 | 88.950 | 46.450 | 23.998 |
|   5   | 56.850 | 82.600 | 89.050 | 46.585 | 24.071 |
|   6   | 56.950 | 82.450 | 88.950 | 46.566 | 24.106 |
|   7   | 57.050 | 82.400 | 89.050 | 46.626 | 24.102 |
|   8   | 57.200 | 82.500 | 89.000 | 46.663 | 24.122 |
|   9   | 57.150 | 82.550 | 89.000 | 46.693 | 24.188 |
|   10  | 57.100 | 82.550 | 89.050 | 46.678 | 24.208 |
|   11  | 57.500 | 82.550 | 89.000 | 46.745 | 24.214 |
|   12  | 57.200 | 82.600 | 89.100 | 46.695 | 24.222 |
|   13  | 56.900 | 82.550 | 89.050 | 46.643 | 24.203 |
|   14  | 56.650 | 82.550 | 89.050 | 46.586 | 24.188 |
|   15  | 56.900 | 82.550 | 89.100 | 46.631 | 24.212 |
|   16  | 56.850 | 82.600 | 89.150 | 46.643 | 24.271 |
|   17  | 56.850 | 82.600 | 89.150 | 46.651 | 24.292 |
|   18  | 56.800 | 82.600 | 89.150 | 46.632 | 24.292 |
|   19  | 56.800 | 82.450 | 89.200 | 46.650 | 24.306 |
|   20  | 56.800 | 82.550 | 89.250 | 46.654 | 24.319 |
|   21  | 56.650 | 82.600 | 89.200 | 46.609 | 24.310 |
|   22  | 56.650 | 82.600 | 89.300 | 46.609 | 24.321 |
|   23  | 56.450 | 82.600 | 89.300 | 46.555 | 24.331 |
|   24  | 56.450 | 82.600 | 89.250 | 46.514 | 24.325 |
|   25  | 56.400 | 82.600 | 89.250 | 46.500 | 24.337 |
|   26  | 56.400 | 82.600 | 89.250 | 46.501 | 24.338 |
|   27  | 56.400 | 82.600 | 89.250 | 46.499 | 24.354 |
+-------+--------+--------+--------+--------+--------+
     logs:  {'epo': 27, 'R1': 56.4, 'R5': 82.6, 'R10': 89.25, 'mAP': 46.499, 'mINP': 24.354, 'lr': 2e-06, 'entropy': 0.4423, 'loss': 2.85928}
      TTA Epoch: [28] [  0/125]  eta: 0:01:29  lr: 0.000001  entropy: 0.2755  loss: 2.7976  time: 0.7134  data: 0.5969  max mem: 4847
      TTA Epoch: [28] [100/125]  eta: 0:00:01  lr: 0.000001  entropy: 0.5837  loss: 2.9117  time: 0.0532  data: 0.0001  max mem: 4847
      TTA Epoch: [28] [124/125]  eta: 0:00:00  lr: 0.000001  entropy: 0.4617  loss: 2.8665  time: 0.0479  data: 0.0001  max mem: 4847
      TTA Epoch: [28] Total time: 0:00:07 (0.0573 s / it)
     Averaged stats: lr: 0.0000  entropy: 0.4440  loss: 2.8599
     itm tta time 0:00:07
     Computing matching score
      ITM Evaluation: [   0/2000]  eta: 0:01:12    time: 0.0365  data: 0.0032  max mem: 4847
      ITM Evaluation: [ 100/2000]  eta: 0:01:12    time: 0.0385  data: 0.0000  max mem: 4847
      ITM Evaluation: [ 200/2000]  eta: 0:01:08    time: 0.0379  data: 0.0000  max mem: 4847
      ITM Evaluation: [ 300/2000]  eta: 0:01:04    time: 0.0396  data: 0.0000  max mem: 4847
      ITM Evaluation: [ 400/2000]  eta: 0:01:01    time: 0.0393  data: 0.0000  max mem: 4847
      ITM Evaluation: [ 500/2000]  eta: 0:00:56    time: 0.0376  data: 0.0000  max mem: 4847
      ITM Evaluation: [ 600/2000]  eta: 0:00:53    time: 0.0416  data: 0.0000  max mem: 4847
      ITM Evaluation: [ 700/2000]  eta: 0:00:50    time: 0.0467  data: 0.0000  max mem: 4847
      ITM Evaluation: [ 800/2000]  eta: 0:00:47    time: 0.0480  data: 0.0000  max mem: 4847
      ITM Evaluation: [ 900/2000]  eta: 0:00:44    time: 0.0441  data: 0.0000  max mem: 4847
      ITM Evaluation: [1000/2000]  eta: 0:00:40    time: 0.0399  data: 0.0000  max mem: 4847
      ITM Evaluation: [1100/2000]  eta: 0:00:36    time: 0.0405  data: 0.0000  max mem: 4847
      ITM Evaluation: [1200/2000]  eta: 0:00:32    time: 0.0457  data: 0.0000  max mem: 4847
      ITM Evaluation: [1300/2000]  eta: 0:00:28    time: 0.0400  data: 0.0000  max mem: 4847
      ITM Evaluation: [1400/2000]  eta: 0:00:24    time: 0.0420  data: 0.0000  max mem: 4847
      ITM Evaluation: [1500/2000]  eta: 0:00:20    time: 0.0404  data: 0.0000  max mem: 4847
      ITM Evaluation: [1600/2000]  eta: 0:00:16    time: 0.0438  data: 0.0000  max mem: 4847
      ITM Evaluation: [1700/2000]  eta: 0:00:12    time: 0.0426  data: 0.0000  max mem: 4847
      ITM Evaluation: [1800/2000]  eta: 0:00:08    time: 0.0398  data: 0.0000  max mem: 4847
      ITM Evaluation: [1900/2000]  eta: 0:00:04    time: 0.0377  data: 0.0000  max mem: 4847
      ITM Evaluation: [1999/2000]  eta: 0:00:00    time: 0.0387  data: 0.0000  max mem: 4847
      ITM Evaluation: Total time: 0:01:22 (0.0412 s / it)
     total_time 82.41138958930969
     Computing matching score time 0:01:22
### TTA ITM Score: 
+-------+--------+--------+--------+--------+--------+
| epoch |   R1   |   R5   |  R10   |  mAP   |  mINP  |
+-------+--------+--------+--------+--------+--------+
|  -999 | 59.000 | 79.650 | 88.500 | 47.231 | 25.876 |
|  -999 | 66.450 | 85.600 | 90.600 | 50.642 | 25.526 |
|   0   | 66.400 | 85.500 | 90.500 | 50.748 | 25.874 |
|   1   | 63.150 | 84.700 | 89.800 | 49.493 | 25.453 |
|   2   | 57.800 | 83.450 | 89.500 | 46.982 | 24.257 |
|   3   | 57.850 | 82.700 | 89.250 | 46.721 | 23.992 |
|   4   | 56.850 | 82.450 | 88.950 | 46.450 | 23.998 |
|   5   | 56.850 | 82.600 | 89.050 | 46.585 | 24.071 |
|   6   | 56.950 | 82.450 | 88.950 | 46.566 | 24.106 |
|   7   | 57.050 | 82.400 | 89.050 | 46.626 | 24.102 |
|   8   | 57.200 | 82.500 | 89.000 | 46.663 | 24.122 |
|   9   | 57.150 | 82.550 | 89.000 | 46.693 | 24.188 |
|   10  | 57.100 | 82.550 | 89.050 | 46.678 | 24.208 |
|   11  | 57.500 | 82.550 | 89.000 | 46.745 | 24.214 |
|   12  | 57.200 | 82.600 | 89.100 | 46.695 | 24.222 |
|   13  | 56.900 | 82.550 | 89.050 | 46.643 | 24.203 |
|   14  | 56.650 | 82.550 | 89.050 | 46.586 | 24.188 |
|   15  | 56.900 | 82.550 | 89.100 | 46.631 | 24.212 |
|   16  | 56.850 | 82.600 | 89.150 | 46.643 | 24.271 |
|   17  | 56.850 | 82.600 | 89.150 | 46.651 | 24.292 |
|   18  | 56.800 | 82.600 | 89.150 | 46.632 | 24.292 |
|   19  | 56.800 | 82.450 | 89.200 | 46.650 | 24.306 |
|   20  | 56.800 | 82.550 | 89.250 | 46.654 | 24.319 |
|   21  | 56.650 | 82.600 | 89.200 | 46.609 | 24.310 |
|   22  | 56.650 | 82.600 | 89.300 | 46.609 | 24.321 |
|   23  | 56.450 | 82.600 | 89.300 | 46.555 | 24.331 |
|   24  | 56.450 | 82.600 | 89.250 | 46.514 | 24.325 |
|   25  | 56.400 | 82.600 | 89.250 | 46.500 | 24.337 |
|   26  | 56.400 | 82.600 | 89.250 | 46.501 | 24.338 |
|   27  | 56.400 | 82.600 | 89.250 | 46.499 | 24.354 |
|   28  | 56.350 | 82.550 | 89.250 | 46.494 | 24.359 |
+-------+--------+--------+--------+--------+--------+
     logs:  {'epo': 28, 'R1': 56.35, 'R5': 82.55, 'R10': 89.25, 'mAP': 46.494, 'mINP': 24.359, 'lr': 1e-06, 'entropy': 0.443972, 'loss': 2.859901}
      TTA Epoch: [29] [  0/125]  eta: 0:01:37  lr: 0.000001  entropy: 0.4847  loss: 2.8748  time: 0.7806  data: 0.6815  max mem: 4847
      TTA Epoch: [29] [100/125]  eta: 0:00:01  lr: 0.000000  entropy: 0.3671  loss: 2.8314  time: 0.0443  data: 0.0001  max mem: 4847
      TTA Epoch: [29] [124/125]  eta: 0:00:00  lr: 0.000000  entropy: 0.2791  loss: 2.7986  time: 0.0454  data: 0.0002  max mem: 4847
      TTA Epoch: [29] Total time: 0:00:07 (0.0583 s / it)
     Averaged stats: lr: 0.0000  entropy: 0.4498  loss: 2.8621
     itm tta time 0:00:07
     Computing matching score
      ITM Evaluation: [   0/2000]  eta: 0:01:30    time: 0.0453  data: 0.0026  max mem: 4847
      ITM Evaluation: [ 100/2000]  eta: 0:01:10    time: 0.0375  data: 0.0000  max mem: 4847
      ITM Evaluation: [ 200/2000]  eta: 0:01:07    time: 0.0359  data: 0.0000  max mem: 4847
      ITM Evaluation: [ 300/2000]  eta: 0:01:05    time: 0.0428  data: 0.0000  max mem: 4847
      ITM Evaluation: [ 400/2000]  eta: 0:01:04    time: 0.0498  data: 0.0000  max mem: 4847
      ITM Evaluation: [ 500/2000]  eta: 0:01:02    time: 0.0449  data: 0.0000  max mem: 4847
      ITM Evaluation: [ 600/2000]  eta: 0:00:58    time: 0.0421  data: 0.0000  max mem: 4847
      ITM Evaluation: [ 700/2000]  eta: 0:00:54    time: 0.0445  data: 0.0000  max mem: 4847
      ITM Evaluation: [ 800/2000]  eta: 0:00:49    time: 0.0440  data: 0.0000  max mem: 4847
      ITM Evaluation: [ 900/2000]  eta: 0:00:45    time: 0.0409  data: 0.0000  max mem: 4847
      ITM Evaluation: [1000/2000]  eta: 0:00:41    time: 0.0389  data: 0.0000  max mem: 4847
      ITM Evaluation: [1100/2000]  eta: 0:00:37    time: 0.0402  data: 0.0000  max mem: 4847
      ITM Evaluation: [1200/2000]  eta: 0:00:33    time: 0.0410  data: 0.0000  max mem: 4847
      ITM Evaluation: [1300/2000]  eta: 0:00:29    time: 0.0494  data: 0.0000  max mem: 4847
      ITM Evaluation: [1400/2000]  eta: 0:00:25    time: 0.0396  data: 0.0000  max mem: 4847
      ITM Evaluation: [1500/2000]  eta: 0:00:20    time: 0.0436  data: 0.0000  max mem: 4847
      ITM Evaluation: [1600/2000]  eta: 0:00:16    time: 0.0404  data: 0.0000  max mem: 4847
      ITM Evaluation: [1700/2000]  eta: 0:00:12    time: 0.0404  data: 0.0000  max mem: 4847
      ITM Evaluation: [1800/2000]  eta: 0:00:08    time: 0.0421  data: 0.0000  max mem: 4847
      ITM Evaluation: [1900/2000]  eta: 0:00:04    time: 0.0434  data: 0.0000  max mem: 4847
      ITM Evaluation: [1999/2000]  eta: 0:00:00    time: 0.0409  data: 0.0000  max mem: 4847
      ITM Evaluation: Total time: 0:01:23 (0.0420 s / it)
     total_time 83.93405866622925
     Computing matching score time 0:01:23
### TTA ITM Score: 
+-------+--------+--------+--------+--------+--------+
| epoch |   R1   |   R5   |  R10   |  mAP   |  mINP  |
+-------+--------+--------+--------+--------+--------+
|  -999 | 59.000 | 79.650 | 88.500 | 47.231 | 25.876 |
|  -999 | 66.450 | 85.600 | 90.600 | 50.642 | 25.526 |
|   0   | 66.400 | 85.500 | 90.500 | 50.748 | 25.874 |
|   1   | 63.150 | 84.700 | 89.800 | 49.493 | 25.453 |
|   2   | 57.800 | 83.450 | 89.500 | 46.982 | 24.257 |
|   3   | 57.850 | 82.700 | 89.250 | 46.721 | 23.992 |
|   4   | 56.850 | 82.450 | 88.950 | 46.450 | 23.998 |
|   5   | 56.850 | 82.600 | 89.050 | 46.585 | 24.071 |
|   6   | 56.950 | 82.450 | 88.950 | 46.566 | 24.106 |
|   7   | 57.050 | 82.400 | 89.050 | 46.626 | 24.102 |
|   8   | 57.200 | 82.500 | 89.000 | 46.663 | 24.122 |
|   9   | 57.150 | 82.550 | 89.000 | 46.693 | 24.188 |
|   10  | 57.100 | 82.550 | 89.050 | 46.678 | 24.208 |
|   11  | 57.500 | 82.550 | 89.000 | 46.745 | 24.214 |
|   12  | 57.200 | 82.600 | 89.100 | 46.695 | 24.222 |
|   13  | 56.900 | 82.550 | 89.050 | 46.643 | 24.203 |
|   14  | 56.650 | 82.550 | 89.050 | 46.586 | 24.188 |
|   15  | 56.900 | 82.550 | 89.100 | 46.631 | 24.212 |
|   16  | 56.850 | 82.600 | 89.150 | 46.643 | 24.271 |
|   17  | 56.850 | 82.600 | 89.150 | 46.651 | 24.292 |
|   18  | 56.800 | 82.600 | 89.150 | 46.632 | 24.292 |
|   19  | 56.800 | 82.450 | 89.200 | 46.650 | 24.306 |
|   20  | 56.800 | 82.550 | 89.250 | 46.654 | 24.319 |
|   21  | 56.650 | 82.600 | 89.200 | 46.609 | 24.310 |
|   22  | 56.650 | 82.600 | 89.300 | 46.609 | 24.321 |
|   23  | 56.450 | 82.600 | 89.300 | 46.555 | 24.331 |
|   24  | 56.450 | 82.600 | 89.250 | 46.514 | 24.325 |
|   25  | 56.400 | 82.600 | 89.250 | 46.500 | 24.337 |
|   26  | 56.400 | 82.600 | 89.250 | 46.501 | 24.338 |
|   27  | 56.400 | 82.600 | 89.250 | 46.499 | 24.354 |
|   28  | 56.350 | 82.550 | 89.250 | 46.494 | 24.359 |
|   29  | 56.350 | 82.550 | 89.250 | 46.493 | 24.362 |
+-------+--------+--------+--------+--------+--------+
     logs:  {'epo': 29, 'R1': 56.35, 'R5': 82.55, 'R10': 89.25, 'mAP': 46.493, 'mINP': 24.362, 'lr': 0.0, 'entropy': 0.449778, 'loss': 2.862056}
### best epoch 0 : {'epo': '0', 'R1': '66.4', 'R5': '85.5', 'R10': '90.5', 'mAP': '50.748', 'mINP': '25.874', 'lr': '6e-05', 'entropy': '1.534173', 'loss': '3.264387'}
### Time 0:44:21
