Not using distributed mode
### Hyper-parameters:
     seed: 42
     device: cuda
     output_dir: output/ft_rstp/tta/tta_exp3.3
     batch_size_tta: 16
     epochs: 30
     lr: 0.001
### Creating model
use_swin
load checkpoint from checkpoints/ft_rstp/checkpoint_best.pth
missing_keys:  []
vision_encoder missing_keys:  []
unexpected_keys:  []
     Total Params Sum:  214456629
### Creating test dataset
     test_dataset: 1000
### Creating test dataloader
### be careful: func create_loader returns a list length of 1
     test_loader: 7
### Inference ITC similiarity matrix
     Computing text features for evaluation
     Computing image features for evaluation
/home/jiahao/task/APTM/reTools.py:308: UserWarning: To copy construct from a tensor, it is recommended to use sourceTensor.clone().detach() or sourceTensor.clone().detach().requires_grad_(True), rather than torch.tensor(sourceTensor).
  similarity = torch.tensor(scores_t2i)
     Computing features time 0:00:04
### Zero-Shot ITC Score: 
+-------+--------+--------+--------+--------+--------+
| epoch |   R1   |   R5   |  R10   |  mAP   |  mINP  |
+-------+--------+--------+--------+--------+--------+
|  -999 | 59.000 | 79.650 | 88.500 | 47.231 | 25.876 |
+-------+--------+--------+--------+--------+--------+
     Computing matching score
      ITM Evaluation: [   0/2000]  eta: 0:01:37    time: 0.0488  data: 0.0017  max mem: 4847
      ITM Evaluation: [ 100/2000]  eta: 0:01:37    time: 0.0486  data: 0.0000  max mem: 4847
      ITM Evaluation: [ 200/2000]  eta: 0:01:27    time: 0.0453  data: 0.0000  max mem: 4847
      ITM Evaluation: [ 300/2000]  eta: 0:01:24    time: 0.0423  data: 0.0000  max mem: 4847
      ITM Evaluation: [ 400/2000]  eta: 0:01:18    time: 0.0490  data: 0.0000  max mem: 4847
      ITM Evaluation: [ 500/2000]  eta: 0:01:13    time: 0.0476  data: 0.0000  max mem: 4847
      ITM Evaluation: [ 600/2000]  eta: 0:01:08    time: 0.0460  data: 0.0000  max mem: 4847
      ITM Evaluation: [ 700/2000]  eta: 0:01:03    time: 0.0540  data: 0.0000  max mem: 4847
      ITM Evaluation: [ 800/2000]  eta: 0:00:58    time: 0.0426  data: 0.0000  max mem: 4847
      ITM Evaluation: [ 900/2000]  eta: 0:00:53    time: 0.0664  data: 0.0000  max mem: 4847
      ITM Evaluation: [1000/2000]  eta: 0:00:49    time: 0.0493  data: 0.0000  max mem: 4847
      ITM Evaluation: [1100/2000]  eta: 0:00:44    time: 0.0545  data: 0.0000  max mem: 4847
      ITM Evaluation: [1200/2000]  eta: 0:00:39    time: 0.0485  data: 0.0000  max mem: 4847
      ITM Evaluation: [1300/2000]  eta: 0:00:34    time: 0.0670  data: 0.0000  max mem: 4847
      ITM Evaluation: [1400/2000]  eta: 0:00:29    time: 0.0475  data: 0.0000  max mem: 4847
      ITM Evaluation: [1500/2000]  eta: 0:00:24    time: 0.0594  data: 0.0000  max mem: 4847
      ITM Evaluation: [1600/2000]  eta: 0:00:19    time: 0.0442  data: 0.0000  max mem: 4847
      ITM Evaluation: [1700/2000]  eta: 0:00:14    time: 0.0585  data: 0.0000  max mem: 4847
      ITM Evaluation: [1800/2000]  eta: 0:00:09    time: 0.0570  data: 0.0000  max mem: 4847
      ITM Evaluation: [1900/2000]  eta: 0:00:05    time: 0.0660  data: 0.0000  max mem: 4847
      ITM Evaluation: [1999/2000]  eta: 0:00:00    time: 0.0624  data: 0.0000  max mem: 4847
      ITM Evaluation: Total time: 0:01:40 (0.0501 s / it)
     total_time 100.14586448669434
     Computing matching score time 0:01:40
### Zero-Shot ITM Score: 
+-------+--------+--------+--------+--------+--------+
| epoch |   R1   |   R5   |  R10   |  mAP   |  mINP  |
+-------+--------+--------+--------+--------+--------+
|  -999 | 59.000 | 79.650 | 88.500 | 47.231 | 25.876 |
|  -999 | 66.450 | 85.600 | 90.600 | 50.642 | 25.526 |
+-------+--------+--------+--------+--------+--------+
### TTA:
### Compute ITC Uncertainty
     preprocess_tta_coefficients  start
     sample selection ...
     number of sample after sample_selection: 2000
     uncertainty ...
     preprocess_tta_coefficients  end
### Creating tta dataset
     tta_dataset: 2000
### Creating tta dataloader
### be careful: func create_loader returns a list length of 1
     tta_loader: 125
### Configure adapted weights
     TTA Dropout Modules: 
 [('vision_encoder.pos_drop', Dropout(p=0.0, inplace=False), True), ('vision_encoder.layers.0.blocks.0.attn.attn_drop', Dropout(p=0.0, inplace=False), True), ('vision_encoder.layers.0.blocks.0.attn.proj_drop', Dropout(p=0.0, inplace=False), True), ('vision_encoder.layers.0.blocks.0.mlp.drop', Dropout(p=0.0, inplace=False), True), ('vision_encoder.layers.0.blocks.1.attn.attn_drop', Dropout(p=0.0, inplace=False), True), ('vision_encoder.layers.0.blocks.1.attn.proj_drop', Dropout(p=0.0, inplace=False), True), ('vision_encoder.layers.0.blocks.1.mlp.drop', Dropout(p=0.0, inplace=False), True), ('vision_encoder.layers.1.blocks.0.attn.attn_drop', Dropout(p=0.0, inplace=False), True), ('vision_encoder.layers.1.blocks.0.attn.proj_drop', Dropout(p=0.0, inplace=False), True), ('vision_encoder.layers.1.blocks.0.mlp.drop', Dropout(p=0.0, inplace=False), True), ('vision_encoder.layers.1.blocks.1.attn.attn_drop', Dropout(p=0.0, inplace=False), True), ('vision_encoder.layers.1.blocks.1.attn.proj_drop', Dropout(p=0.0, inplace=False), True), ('vision_encoder.layers.1.blocks.1.mlp.drop', Dropout(p=0.0, inplace=False), True), ('vision_encoder.layers.2.blocks.0.attn.attn_drop', Dropout(p=0.0, inplace=False), True), ('vision_encoder.layers.2.blocks.0.attn.proj_drop', Dropout(p=0.0, inplace=False), True), ('vision_encoder.layers.2.blocks.0.mlp.drop', Dropout(p=0.0, inplace=False), True), ('vision_encoder.layers.2.blocks.1.attn.attn_drop', Dropout(p=0.0, inplace=False), True), ('vision_encoder.layers.2.blocks.1.attn.proj_drop', Dropout(p=0.0, inplace=False), True), ('vision_encoder.layers.2.blocks.1.mlp.drop', Dropout(p=0.0, inplace=False), True), ('vision_encoder.layers.2.blocks.2.attn.attn_drop', Dropout(p=0.0, inplace=False), True), ('vision_encoder.layers.2.blocks.2.attn.proj_drop', Dropout(p=0.0, inplace=False), True), ('vision_encoder.layers.2.blocks.2.mlp.drop', Dropout(p=0.0, inplace=False), True), ('vision_encoder.layers.2.blocks.3.attn.attn_drop', Dropout(p=0.0, inplace=False), True), ('vision_encoder.layers.2.blocks.3.attn.proj_drop', Dropout(p=0.0, inplace=False), True), ('vision_encoder.layers.2.blocks.3.mlp.drop', Dropout(p=0.0, inplace=False), True), ('vision_encoder.layers.2.blocks.4.attn.attn_drop', Dropout(p=0.0, inplace=False), True), ('vision_encoder.layers.2.blocks.4.attn.proj_drop', Dropout(p=0.0, inplace=False), True), ('vision_encoder.layers.2.blocks.4.mlp.drop', Dropout(p=0.0, inplace=False), True), ('vision_encoder.layers.2.blocks.5.attn.attn_drop', Dropout(p=0.0, inplace=False), True), ('vision_encoder.layers.2.blocks.5.attn.proj_drop', Dropout(p=0.0, inplace=False), True), ('vision_encoder.layers.2.blocks.5.mlp.drop', Dropout(p=0.0, inplace=False), True), ('vision_encoder.layers.2.blocks.6.attn.attn_drop', Dropout(p=0.0, inplace=False), True), ('vision_encoder.layers.2.blocks.6.attn.proj_drop', Dropout(p=0.0, inplace=False), True), ('vision_encoder.layers.2.blocks.6.mlp.drop', Dropout(p=0.0, inplace=False), True), ('vision_encoder.layers.2.blocks.7.attn.attn_drop', Dropout(p=0.0, inplace=False), True), ('vision_encoder.layers.2.blocks.7.attn.proj_drop', Dropout(p=0.0, inplace=False), True), ('vision_encoder.layers.2.blocks.7.mlp.drop', Dropout(p=0.0, inplace=False), True), ('vision_encoder.layers.2.blocks.8.attn.attn_drop', Dropout(p=0.0, inplace=False), True), ('vision_encoder.layers.2.blocks.8.attn.proj_drop', Dropout(p=0.0, inplace=False), True), ('vision_encoder.layers.2.blocks.8.mlp.drop', Dropout(p=0.0, inplace=False), True), ('vision_encoder.layers.2.blocks.9.attn.attn_drop', Dropout(p=0.0, inplace=False), True), ('vision_encoder.layers.2.blocks.9.attn.proj_drop', Dropout(p=0.0, inplace=False), True), ('vision_encoder.layers.2.blocks.9.mlp.drop', Dropout(p=0.0, inplace=False), True), ('vision_encoder.layers.2.blocks.10.attn.attn_drop', Dropout(p=0.0, inplace=False), True), ('vision_encoder.layers.2.blocks.10.attn.proj_drop', Dropout(p=0.0, inplace=False), True), ('vision_encoder.layers.2.blocks.10.mlp.drop', Dropout(p=0.0, inplace=False), True), ('vision_encoder.layers.2.blocks.11.attn.attn_drop', Dropout(p=0.0, inplace=False), True), ('vision_encoder.layers.2.blocks.11.attn.proj_drop', Dropout(p=0.0, inplace=False), True), ('vision_encoder.layers.2.blocks.11.mlp.drop', Dropout(p=0.0, inplace=False), True), ('vision_encoder.layers.2.blocks.12.attn.attn_drop', Dropout(p=0.0, inplace=False), True), ('vision_encoder.layers.2.blocks.12.attn.proj_drop', Dropout(p=0.0, inplace=False), True), ('vision_encoder.layers.2.blocks.12.mlp.drop', Dropout(p=0.0, inplace=False), True), ('vision_encoder.layers.2.blocks.13.attn.attn_drop', Dropout(p=0.0, inplace=False), True), ('vision_encoder.layers.2.blocks.13.attn.proj_drop', Dropout(p=0.0, inplace=False), True), ('vision_encoder.layers.2.blocks.13.mlp.drop', Dropout(p=0.0, inplace=False), True), ('vision_encoder.layers.2.blocks.14.attn.attn_drop', Dropout(p=0.0, inplace=False), True), ('vision_encoder.layers.2.blocks.14.attn.proj_drop', Dropout(p=0.0, inplace=False), True), ('vision_encoder.layers.2.blocks.14.mlp.drop', Dropout(p=0.0, inplace=False), True), ('vision_encoder.layers.2.blocks.15.attn.attn_drop', Dropout(p=0.0, inplace=False), True), ('vision_encoder.layers.2.blocks.15.attn.proj_drop', Dropout(p=0.0, inplace=False), True), ('vision_encoder.layers.2.blocks.15.mlp.drop', Dropout(p=0.0, inplace=False), True), ('vision_encoder.layers.2.blocks.16.attn.attn_drop', Dropout(p=0.0, inplace=False), True), ('vision_encoder.layers.2.blocks.16.attn.proj_drop', Dropout(p=0.0, inplace=False), True), ('vision_encoder.layers.2.blocks.16.mlp.drop', Dropout(p=0.0, inplace=False), True), ('vision_encoder.layers.2.blocks.17.attn.attn_drop', Dropout(p=0.0, inplace=False), True), ('vision_encoder.layers.2.blocks.17.attn.proj_drop', Dropout(p=0.0, inplace=False), True), ('vision_encoder.layers.2.blocks.17.mlp.drop', Dropout(p=0.0, inplace=False), True), ('vision_encoder.layers.3.blocks.0.attn.attn_drop', Dropout(p=0.0, inplace=False), True), ('vision_encoder.layers.3.blocks.0.attn.proj_drop', Dropout(p=0.0, inplace=False), True), ('vision_encoder.layers.3.blocks.0.mlp.drop', Dropout(p=0.0, inplace=False), True), ('vision_encoder.layers.3.blocks.1.attn.attn_drop', Dropout(p=0.0, inplace=False), True), ('vision_encoder.layers.3.blocks.1.attn.proj_drop', Dropout(p=0.0, inplace=False), True), ('vision_encoder.layers.3.blocks.1.mlp.drop', Dropout(p=0.0, inplace=False), True), ('text_encoder.bert.embeddings.dropout', Dropout(p=0.1, inplace=False), True), ('text_encoder.bert.encoder.layer.0.attention.self.dropout', Dropout(p=0.1, inplace=False), True), ('text_encoder.bert.encoder.layer.0.attention.output.dropout', Dropout(p=0.1, inplace=False), True), ('text_encoder.bert.encoder.layer.0.output.dropout', Dropout(p=0.1, inplace=False), True), ('text_encoder.bert.encoder.layer.1.attention.self.dropout', Dropout(p=0.1, inplace=False), True), ('text_encoder.bert.encoder.layer.1.attention.output.dropout', Dropout(p=0.1, inplace=False), True), ('text_encoder.bert.encoder.layer.1.output.dropout', Dropout(p=0.1, inplace=False), True), ('text_encoder.bert.encoder.layer.2.attention.self.dropout', Dropout(p=0.1, inplace=False), True), ('text_encoder.bert.encoder.layer.2.attention.output.dropout', Dropout(p=0.1, inplace=False), True), ('text_encoder.bert.encoder.layer.2.output.dropout', Dropout(p=0.1, inplace=False), True), ('text_encoder.bert.encoder.layer.3.attention.self.dropout', Dropout(p=0.1, inplace=False), True), ('text_encoder.bert.encoder.layer.3.attention.output.dropout', Dropout(p=0.1, inplace=False), True), ('text_encoder.bert.encoder.layer.3.output.dropout', Dropout(p=0.1, inplace=False), True), ('text_encoder.bert.encoder.layer.4.attention.self.dropout', Dropout(p=0.1, inplace=False), True), ('text_encoder.bert.encoder.layer.4.attention.output.dropout', Dropout(p=0.1, inplace=False), True), ('text_encoder.bert.encoder.layer.4.output.dropout', Dropout(p=0.1, inplace=False), True), ('text_encoder.bert.encoder.layer.5.attention.self.dropout', Dropout(p=0.1, inplace=False), True), ('text_encoder.bert.encoder.layer.5.attention.output.dropout', Dropout(p=0.1, inplace=False), True), ('text_encoder.bert.encoder.layer.5.output.dropout', Dropout(p=0.1, inplace=False), True), ('text_encoder.bert.encoder.layer.6.attention.self.dropout', Dropout(p=0.1, inplace=False), True), ('text_encoder.bert.encoder.layer.6.attention.output.dropout', Dropout(p=0.1, inplace=False), True), ('text_encoder.bert.encoder.layer.6.crossattention.self.dropout', Dropout(p=0.1, inplace=False), True), ('text_encoder.bert.encoder.layer.6.crossattention.output.dropout', Dropout(p=0.1, inplace=False), True), ('text_encoder.bert.encoder.layer.6.output.dropout', Dropout(p=0.1, inplace=False), True), ('text_encoder.bert.encoder.layer.7.attention.self.dropout', Dropout(p=0.1, inplace=False), True), ('text_encoder.bert.encoder.layer.7.attention.output.dropout', Dropout(p=0.1, inplace=False), True), ('text_encoder.bert.encoder.layer.7.crossattention.self.dropout', Dropout(p=0.1, inplace=False), True), ('text_encoder.bert.encoder.layer.7.crossattention.output.dropout', Dropout(p=0.1, inplace=False), True), ('text_encoder.bert.encoder.layer.7.output.dropout', Dropout(p=0.1, inplace=False), True), ('text_encoder.bert.encoder.layer.8.attention.self.dropout', Dropout(p=0.1, inplace=False), True), ('text_encoder.bert.encoder.layer.8.attention.output.dropout', Dropout(p=0.1, inplace=False), True), ('text_encoder.bert.encoder.layer.8.crossattention.self.dropout', Dropout(p=0.1, inplace=False), True), ('text_encoder.bert.encoder.layer.8.crossattention.output.dropout', Dropout(p=0.1, inplace=False), True), ('text_encoder.bert.encoder.layer.8.output.dropout', Dropout(p=0.1, inplace=False), True), ('text_encoder.bert.encoder.layer.9.attention.self.dropout', Dropout(p=0.1, inplace=False), True), ('text_encoder.bert.encoder.layer.9.attention.output.dropout', Dropout(p=0.1, inplace=False), True), ('text_encoder.bert.encoder.layer.9.crossattention.self.dropout', Dropout(p=0.1, inplace=False), True), ('text_encoder.bert.encoder.layer.9.crossattention.output.dropout', Dropout(p=0.1, inplace=False), True), ('text_encoder.bert.encoder.layer.9.output.dropout', Dropout(p=0.1, inplace=False), True), ('text_encoder.bert.encoder.layer.10.attention.self.dropout', Dropout(p=0.1, inplace=False), True), ('text_encoder.bert.encoder.layer.10.attention.output.dropout', Dropout(p=0.1, inplace=False), True), ('text_encoder.bert.encoder.layer.10.crossattention.self.dropout', Dropout(p=0.1, inplace=False), True), ('text_encoder.bert.encoder.layer.10.crossattention.output.dropout', Dropout(p=0.1, inplace=False), True), ('text_encoder.bert.encoder.layer.10.output.dropout', Dropout(p=0.1, inplace=False), True), ('text_encoder.bert.encoder.layer.11.attention.self.dropout', Dropout(p=0.1, inplace=False), True), ('text_encoder.bert.encoder.layer.11.attention.output.dropout', Dropout(p=0.1, inplace=False), True), ('text_encoder.bert.encoder.layer.11.crossattention.self.dropout', Dropout(p=0.1, inplace=False), True), ('text_encoder.bert.encoder.layer.11.crossattention.output.dropout', Dropout(p=0.1, inplace=False), True), ('text_encoder.bert.encoder.layer.11.output.dropout', Dropout(p=0.1, inplace=False), True)]
     TTA Require Gradient Params: 
 [('text_encoder.bert.embeddings.LayerNorm.weight', torch.Size([768])), ('text_encoder.bert.embeddings.LayerNorm.bias', torch.Size([768])), ('text_encoder.bert.encoder.layer.6.attention.output.LayerNorm.weight', torch.Size([768])), ('text_encoder.bert.encoder.layer.6.attention.output.LayerNorm.bias', torch.Size([768])), ('text_encoder.bert.encoder.layer.6.crossattention.output.LayerNorm.weight', torch.Size([768])), ('text_encoder.bert.encoder.layer.6.crossattention.output.LayerNorm.bias', torch.Size([768])), ('text_encoder.bert.encoder.layer.6.output.LayerNorm.weight', torch.Size([768])), ('text_encoder.bert.encoder.layer.6.output.LayerNorm.bias', torch.Size([768])), ('text_encoder.bert.encoder.layer.7.attention.output.LayerNorm.weight', torch.Size([768])), ('text_encoder.bert.encoder.layer.7.attention.output.LayerNorm.bias', torch.Size([768])), ('text_encoder.bert.encoder.layer.7.crossattention.output.LayerNorm.weight', torch.Size([768])), ('text_encoder.bert.encoder.layer.7.crossattention.output.LayerNorm.bias', torch.Size([768])), ('text_encoder.bert.encoder.layer.7.output.LayerNorm.weight', torch.Size([768])), ('text_encoder.bert.encoder.layer.7.output.LayerNorm.bias', torch.Size([768])), ('text_encoder.bert.encoder.layer.8.attention.output.LayerNorm.weight', torch.Size([768])), ('text_encoder.bert.encoder.layer.8.attention.output.LayerNorm.bias', torch.Size([768])), ('text_encoder.bert.encoder.layer.8.crossattention.output.LayerNorm.weight', torch.Size([768])), ('text_encoder.bert.encoder.layer.8.crossattention.output.LayerNorm.bias', torch.Size([768])), ('text_encoder.bert.encoder.layer.8.output.LayerNorm.weight', torch.Size([768])), ('text_encoder.bert.encoder.layer.8.output.LayerNorm.bias', torch.Size([768])), ('text_encoder.bert.encoder.layer.9.attention.output.LayerNorm.weight', torch.Size([768])), ('text_encoder.bert.encoder.layer.9.attention.output.LayerNorm.bias', torch.Size([768])), ('text_encoder.bert.encoder.layer.9.crossattention.output.LayerNorm.weight', torch.Size([768])), ('text_encoder.bert.encoder.layer.9.crossattention.output.LayerNorm.bias', torch.Size([768])), ('text_encoder.bert.encoder.layer.9.output.LayerNorm.weight', torch.Size([768])), ('text_encoder.bert.encoder.layer.9.output.LayerNorm.bias', torch.Size([768])), ('text_encoder.bert.encoder.layer.10.attention.output.LayerNorm.weight', torch.Size([768])), ('text_encoder.bert.encoder.layer.10.attention.output.LayerNorm.bias', torch.Size([768])), ('text_encoder.bert.encoder.layer.10.crossattention.output.LayerNorm.weight', torch.Size([768])), ('text_encoder.bert.encoder.layer.10.crossattention.output.LayerNorm.bias', torch.Size([768])), ('text_encoder.bert.encoder.layer.10.output.LayerNorm.weight', torch.Size([768])), ('text_encoder.bert.encoder.layer.10.output.LayerNorm.bias', torch.Size([768])), ('text_encoder.bert.encoder.layer.11.attention.output.LayerNorm.weight', torch.Size([768])), ('text_encoder.bert.encoder.layer.11.attention.output.LayerNorm.bias', torch.Size([768])), ('text_encoder.bert.encoder.layer.11.crossattention.output.LayerNorm.weight', torch.Size([768])), ('text_encoder.bert.encoder.layer.11.crossattention.output.LayerNorm.bias', torch.Size([768])), ('text_encoder.bert.encoder.layer.11.output.LayerNorm.weight', torch.Size([768])), ('text_encoder.bert.encoder.layer.11.output.LayerNorm.bias', torch.Size([768])), ('text_encoder.cls.predictions.transform.LayerNorm.weight', torch.Size([768])), ('text_encoder.cls.predictions.transform.LayerNorm.bias', torch.Size([768])), ('itm_head.1.weight', torch.Size([1536])), ('itm_head.1.bias', torch.Size([1536]))]
     TTA Dropout Modules Number: 
 122
     TTA Require Gradient Params Sum: 
 33792
     lr:  0.001    lr_mult:  2
     model has 'init_params',  363
     num_tta_steps:  3750
     num_warmup_steps:  100
     sched: step
### Start ITM Test Time Adaptation
      TTA Epoch: [0] [  0/125]  eta: 0:01:40  lr: 0.000010  entropy: 1.6342  loss: 3.2805  time: 0.8018  data: 0.5868  max mem: 4847
      TTA Epoch: [0] [100/125]  eta: 0:00:01  lr: 0.001000  entropy: 0.3327  loss: 2.7934  time: 0.0687  data: 0.0002  max mem: 4847
      TTA Epoch: [0] [124/125]  eta: 0:00:00  lr: 0.000993  entropy: 0.3673  loss: 2.8060  time: 0.0792  data: 0.0004  max mem: 4847
      TTA Epoch: [0] Total time: 0:00:09 (0.0792 s / it)
     Averaged stats: lr: 0.0006  entropy: 0.9915  loss: 3.0384
     itm tta time 0:00:10
     Computing matching score
      ITM Evaluation: [   0/2000]  eta: 0:02:37    time: 0.0787  data: 0.0034  max mem: 4847
      ITM Evaluation: [ 100/2000]  eta: 0:01:35    time: 0.0578  data: 0.0000  max mem: 4847
      ITM Evaluation: [ 200/2000]  eta: 0:01:31    time: 0.0528  data: 0.0000  max mem: 4847
      ITM Evaluation: [ 300/2000]  eta: 0:01:28    time: 0.0483  data: 0.0000  max mem: 4847
      ITM Evaluation: [ 400/2000]  eta: 0:01:26    time: 0.0535  data: 0.0000  max mem: 4847
      ITM Evaluation: [ 500/2000]  eta: 0:01:21    time: 0.0565  data: 0.0000  max mem: 4847
      ITM Evaluation: [ 600/2000]  eta: 0:01:15    time: 0.0457  data: 0.0000  max mem: 4847
      ITM Evaluation: [ 700/2000]  eta: 0:01:09    time: 0.0550  data: 0.0000  max mem: 4847
      ITM Evaluation: [ 800/2000]  eta: 0:01:03    time: 0.0449  data: 0.0000  max mem: 4847
      ITM Evaluation: [ 900/2000]  eta: 0:00:57    time: 0.0467  data: 0.0000  max mem: 4847
      ITM Evaluation: [1000/2000]  eta: 0:00:52    time: 0.0426  data: 0.0000  max mem: 4847
      ITM Evaluation: [1100/2000]  eta: 0:00:46    time: 0.0621  data: 0.0000  max mem: 4847
      ITM Evaluation: [1200/2000]  eta: 0:00:41    time: 0.0452  data: 0.0000  max mem: 4847
      ITM Evaluation: [1300/2000]  eta: 0:00:36    time: 0.0501  data: 0.0000  max mem: 4847
      ITM Evaluation: [1400/2000]  eta: 0:00:31    time: 0.0563  data: 0.0000  max mem: 4847
      ITM Evaluation: [1500/2000]  eta: 0:00:26    time: 0.0464  data: 0.0000  max mem: 4847
      ITM Evaluation: [1600/2000]  eta: 0:00:20    time: 0.0513  data: 0.0000  max mem: 4847
      ITM Evaluation: [1700/2000]  eta: 0:00:15    time: 0.0449  data: 0.0000  max mem: 4847
      ITM Evaluation: [1800/2000]  eta: 0:00:10    time: 0.0406  data: 0.0000  max mem: 4847
      ITM Evaluation: [1900/2000]  eta: 0:00:05    time: 0.0455  data: 0.0000  max mem: 4847
      ITM Evaluation: [1999/2000]  eta: 0:00:00    time: 0.0520  data: 0.0000  max mem: 4847
      ITM Evaluation: Total time: 0:01:41 (0.0509 s / it)
     total_time 101.86794853210449
     Computing matching score time 0:01:41
### TTA ITM Score: 
+-------+--------+--------+--------+--------+--------+
| epoch |   R1   |   R5   |  R10   |  mAP   |  mINP  |
+-------+--------+--------+--------+--------+--------+
|  -999 | 59.000 | 79.650 | 88.500 | 47.231 | 25.876 |
|  -999 | 66.450 | 85.600 | 90.600 | 50.642 | 25.526 |
|   0   | 43.450 | 79.950 | 88.550 | 41.180 | 22.705 |
+-------+--------+--------+--------+--------+--------+
     logs:  {'epo': 0, 'R1': 43.45, 'R5': 79.95, 'R10': 88.55, 'mAP': 41.18, 'mINP': 22.705, 'lr': 0.000603, 'entropy': 0.99146, 'loss': 3.038387}
      TTA Epoch: [1] [  0/125]  eta: 0:01:46  lr: 0.000993  entropy: 0.5724  loss: 2.8854  time: 0.8499  data: 0.6965  max mem: 4847
      TTA Epoch: [1] [100/125]  eta: 0:00:02  lr: 0.000965  entropy: 0.3497  loss: 2.7958  time: 0.0708  data: 0.0002  max mem: 4847
      TTA Epoch: [1] [124/125]  eta: 0:00:00  lr: 0.000959  entropy: 0.4654  loss: 2.8400  time: 0.0883  data: 0.0002  max mem: 4847
      TTA Epoch: [1] Total time: 0:00:10 (0.0821 s / it)
     Averaged stats: lr: 0.0010  entropy: 0.3875  loss: 2.8121
     itm tta time 0:00:10
     Computing matching score
      ITM Evaluation: [   0/2000]  eta: 0:01:58    time: 0.0592  data: 0.0064  max mem: 4847
      ITM Evaluation: [ 100/2000]  eta: 0:01:52    time: 0.0733  data: 0.0000  max mem: 4847
      ITM Evaluation: [ 200/2000]  eta: 0:01:44    time: 0.0460  data: 0.0000  max mem: 4847
      ITM Evaluation: [ 300/2000]  eta: 0:01:33    time: 0.0439  data: 0.0000  max mem: 4847
      ITM Evaluation: [ 400/2000]  eta: 0:01:25    time: 0.0437  data: 0.0000  max mem: 4847
      ITM Evaluation: [ 500/2000]  eta: 0:01:18    time: 0.0639  data: 0.0000  max mem: 4847
      ITM Evaluation: [ 600/2000]  eta: 0:01:12    time: 0.0450  data: 0.0000  max mem: 4847
      ITM Evaluation: [ 700/2000]  eta: 0:01:06    time: 0.0496  data: 0.0000  max mem: 4847
      ITM Evaluation: [ 800/2000]  eta: 0:01:00    time: 0.0434  data: 0.0000  max mem: 4847
      ITM Evaluation: [ 900/2000]  eta: 0:00:55    time: 0.0496  data: 0.0000  max mem: 4847
      ITM Evaluation: [1000/2000]  eta: 0:00:50    time: 0.0587  data: 0.0000  max mem: 4847
      ITM Evaluation: [1100/2000]  eta: 0:00:45    time: 0.0371  data: 0.0000  max mem: 4847
      ITM Evaluation: [1200/2000]  eta: 0:00:40    time: 0.0398  data: 0.0000  max mem: 4847
      ITM Evaluation: [1300/2000]  eta: 0:00:35    time: 0.0402  data: 0.0000  max mem: 4847
      ITM Evaluation: [1400/2000]  eta: 0:00:29    time: 0.0410  data: 0.0000  max mem: 4847
      ITM Evaluation: [1500/2000]  eta: 0:00:24    time: 0.0735  data: 0.0000  max mem: 4847
      ITM Evaluation: [1600/2000]  eta: 0:00:19    time: 0.0377  data: 0.0000  max mem: 4847
      ITM Evaluation: [1700/2000]  eta: 0:00:14    time: 0.0355  data: 0.0000  max mem: 4847
      ITM Evaluation: [1800/2000]  eta: 0:00:09    time: 0.0355  data: 0.0000  max mem: 4847
      ITM Evaluation: [1900/2000]  eta: 0:00:04    time: 0.0401  data: 0.0000  max mem: 4847
      ITM Evaluation: [1999/2000]  eta: 0:00:00    time: 0.0357  data: 0.0000  max mem: 4847
      ITM Evaluation: Total time: 0:01:34 (0.0473 s / it)
     total_time 94.66944575309753
     Computing matching score time 0:01:34
### TTA ITM Score: 
+-------+--------+--------+--------+--------+--------+
| epoch |   R1   |   R5   |  R10   |  mAP   |  mINP  |
+-------+--------+--------+--------+--------+--------+
|  -999 | 59.000 | 79.650 | 88.500 | 47.231 | 25.876 |
|  -999 | 66.450 | 85.600 | 90.600 | 50.642 | 25.526 |
|   0   | 43.450 | 79.950 | 88.550 | 41.180 | 22.705 |
|   1   | 41.000 | 75.500 | 86.850 | 36.485 | 19.916 |
+-------+--------+--------+--------+--------+--------+
     logs:  {'epo': 1, 'R1': 41.0, 'R5': 75.5, 'R10': 86.85, 'mAP': 36.485, 'mINP': 19.916, 'lr': 0.000976, 'entropy': 0.387457, 'loss': 2.812149}
      TTA Epoch: [2] [  0/125]  eta: 0:01:21  lr: 0.000959  entropy: 0.3116  loss: 2.7874  time: 0.6519  data: 0.5337  max mem: 4847
      TTA Epoch: [2] [100/125]  eta: 0:00:01  lr: 0.000931  entropy: 0.2602  loss: 2.7667  time: 0.0620  data: 0.0002  max mem: 4847
      TTA Epoch: [2] [124/125]  eta: 0:00:00  lr: 0.000925  entropy: 0.4371  loss: 2.8344  time: 0.0512  data: 0.0001  max mem: 4847
      TTA Epoch: [2] Total time: 0:00:08 (0.0651 s / it)
     Averaged stats: lr: 0.0009  entropy: 0.2853  loss: 2.7738
     itm tta time 0:00:08
     Computing matching score
      ITM Evaluation: [   0/2000]  eta: 0:01:55    time: 0.0578  data: 0.0034  max mem: 4847
      ITM Evaluation: [ 100/2000]  eta: 0:01:22    time: 0.0363  data: 0.0000  max mem: 4847
      ITM Evaluation: [ 200/2000]  eta: 0:01:10    time: 0.0347  data: 0.0000  max mem: 4847
      ITM Evaluation: [ 300/2000]  eta: 0:01:13    time: 0.0360  data: 0.0000  max mem: 4847
      ITM Evaluation: [ 400/2000]  eta: 0:01:08    time: 0.0359  data: 0.0000  max mem: 4847
      ITM Evaluation: [ 500/2000]  eta: 0:01:02    time: 0.0404  data: 0.0000  max mem: 4847
      ITM Evaluation: [ 600/2000]  eta: 0:00:58    time: 0.0539  data: 0.0000  max mem: 4847
      ITM Evaluation: [ 700/2000]  eta: 0:00:53    time: 0.0353  data: 0.0000  max mem: 4847
      ITM Evaluation: [ 800/2000]  eta: 0:00:48    time: 0.0351  data: 0.0000  max mem: 4847
      ITM Evaluation: [ 900/2000]  eta: 0:00:44    time: 0.0375  data: 0.0000  max mem: 4847
      ITM Evaluation: [1000/2000]  eta: 0:00:40    time: 0.0356  data: 0.0000  max mem: 4847
      ITM Evaluation: [1100/2000]  eta: 0:00:37    time: 0.0606  data: 0.0000  max mem: 4847
      ITM Evaluation: [1200/2000]  eta: 0:00:33    time: 0.0437  data: 0.0000  max mem: 4847
      ITM Evaluation: [1300/2000]  eta: 0:00:29    time: 0.0679  data: 0.0000  max mem: 4847
      ITM Evaluation: [1400/2000]  eta: 0:00:25    time: 0.0484  data: 0.0000  max mem: 4847
      ITM Evaluation: [1500/2000]  eta: 0:00:21    time: 0.0488  data: 0.0000  max mem: 4847
      ITM Evaluation: [1600/2000]  eta: 0:00:17    time: 0.0411  data: 0.0000  max mem: 4847
      ITM Evaluation: [1700/2000]  eta: 0:00:12    time: 0.0385  data: 0.0000  max mem: 4847
      ITM Evaluation: [1800/2000]  eta: 0:00:08    time: 0.0381  data: 0.0000  max mem: 4847
      ITM Evaluation: [1900/2000]  eta: 0:00:04    time: 0.0385  data: 0.0000  max mem: 4847
      ITM Evaluation: [1999/2000]  eta: 0:00:00    time: 0.0471  data: 0.0000  max mem: 4847
      ITM Evaluation: Total time: 0:01:26 (0.0433 s / it)
     total_time 86.64731168746948
     Computing matching score time 0:01:26
### TTA ITM Score: 
+-------+--------+--------+--------+--------+--------+
| epoch |   R1   |   R5   |  R10   |  mAP   |  mINP  |
+-------+--------+--------+--------+--------+--------+
|  -999 | 59.000 | 79.650 | 88.500 | 47.231 | 25.876 |
|  -999 | 66.450 | 85.600 | 90.600 | 50.642 | 25.526 |
|   0   | 43.450 | 79.950 | 88.550 | 41.180 | 22.705 |
|   1   | 41.000 | 75.500 | 86.850 | 36.485 | 19.916 |
|   2   | 48.450 | 79.150 | 88.950 | 40.686 | 21.604 |
+-------+--------+--------+--------+--------+--------+
     logs:  {'epo': 2, 'R1': 48.45, 'R5': 79.15, 'R10': 88.95, 'mAP': 40.686, 'mINP': 21.604, 'lr': 0.000942, 'entropy': 0.285256, 'loss': 2.773751}
      TTA Epoch: [3] [  0/125]  eta: 0:01:39  lr: 0.000924  entropy: 0.3171  loss: 2.7827  time: 0.7996  data: 0.6431  max mem: 4847
      TTA Epoch: [3] [100/125]  eta: 0:00:02  lr: 0.000449  entropy: 0.3484  loss: 2.7978  time: 0.1006  data: 0.0003  max mem: 4847
      TTA Epoch: [3] [124/125]  eta: 0:00:00  lr: 0.000445  entropy: 0.1094  loss: 2.7032  time: 0.0648  data: 0.0002  max mem: 4847
      TTA Epoch: [3] Total time: 0:00:10 (0.0821 s / it)
     Averaged stats: lr: 0.0005  entropy: 0.2368  loss: 2.7557
     itm tta time 0:00:10
     Computing matching score
      ITM Evaluation: [   0/2000]  eta: 0:01:49    time: 0.0548  data: 0.0030  max mem: 4847
      ITM Evaluation: [ 100/2000]  eta: 0:01:24    time: 0.0450  data: 0.0000  max mem: 4847
      ITM Evaluation: [ 200/2000]  eta: 0:01:24    time: 0.0747  data: 0.0000  max mem: 4847
      ITM Evaluation: [ 300/2000]  eta: 0:01:23    time: 0.0533  data: 0.0000  max mem: 4847
      ITM Evaluation: [ 400/2000]  eta: 0:01:20    time: 0.0525  data: 0.0000  max mem: 4847
      ITM Evaluation: [ 500/2000]  eta: 0:01:16    time: 0.0523  data: 0.0000  max mem: 4847
      ITM Evaluation: [ 600/2000]  eta: 0:01:10    time: 0.0432  data: 0.0000  max mem: 4847
      ITM Evaluation: [ 700/2000]  eta: 0:01:05    time: 0.0438  data: 0.0000  max mem: 4847
      ITM Evaluation: [ 800/2000]  eta: 0:01:00    time: 0.0417  data: 0.0000  max mem: 4847
      ITM Evaluation: [ 900/2000]  eta: 0:00:54    time: 0.0422  data: 0.0000  max mem: 4847
      ITM Evaluation: [1000/2000]  eta: 0:00:49    time: 0.0477  data: 0.0000  max mem: 4847
      ITM Evaluation: [1100/2000]  eta: 0:00:44    time: 0.0457  data: 0.0000  max mem: 4847
      ITM Evaluation: [1200/2000]  eta: 0:00:39    time: 0.0445  data: 0.0000  max mem: 4847
      ITM Evaluation: [1300/2000]  eta: 0:00:34    time: 0.0529  data: 0.0000  max mem: 4847
      ITM Evaluation: [1400/2000]  eta: 0:00:30    time: 0.0620  data: 0.0000  max mem: 4847
      ITM Evaluation: [1500/2000]  eta: 0:00:25    time: 0.0518  data: 0.0000  max mem: 4847
      ITM Evaluation: [1600/2000]  eta: 0:00:20    time: 0.0456  data: 0.0000  max mem: 4847
      ITM Evaluation: [1700/2000]  eta: 0:00:15    time: 0.0450  data: 0.0000  max mem: 4847
      ITM Evaluation: [1800/2000]  eta: 0:00:10    time: 0.0411  data: 0.0000  max mem: 4847
      ITM Evaluation: [1900/2000]  eta: 0:00:04    time: 0.0440  data: 0.0000  max mem: 4847
      ITM Evaluation: [1999/2000]  eta: 0:00:00    time: 0.0472  data: 0.0000  max mem: 4847
      ITM Evaluation: Total time: 0:01:39 (0.0499 s / it)
     total_time 99.89433264732361
     Computing matching score time 0:01:39
### TTA ITM Score: 
+-------+--------+--------+--------+--------+--------+
| epoch |   R1   |   R5   |  R10   |  mAP   |  mINP  |
+-------+--------+--------+--------+--------+--------+
|  -999 | 59.000 | 79.650 | 88.500 | 47.231 | 25.876 |
|  -999 | 66.450 | 85.600 | 90.600 | 50.642 | 25.526 |
|   0   | 43.450 | 79.950 | 88.550 | 41.180 | 22.705 |
|   1   | 41.000 | 75.500 | 86.850 | 36.485 | 19.916 |
|   2   | 48.450 | 79.150 | 88.950 | 40.686 | 21.604 |
|   3   | 36.700 | 73.650 | 86.400 | 36.011 | 21.016 |
+-------+--------+--------+--------+--------+--------+
     logs:  {'epo': 3, 'R1': 36.7, 'R5': 73.65, 'R10': 86.4, 'mAP': 36.011, 'mINP': 21.016, 'lr': 0.000542, 'entropy': 0.236806, 'loss': 2.755651}
      TTA Epoch: [4] [  0/125]  eta: 0:01:36  lr: 0.000445  entropy: 0.3255  loss: 2.7899  time: 0.7720  data: 0.6214  max mem: 4847
      TTA Epoch: [4] [100/125]  eta: 0:00:02  lr: 0.000432  entropy: 0.2710  loss: 2.7734  time: 0.0664  data: 0.0002  max mem: 4847
      TTA Epoch: [4] [124/125]  eta: 0:00:00  lr: 0.000428  entropy: 0.3321  loss: 2.7902  time: 0.0567  data: 0.0003  max mem: 4847
      TTA Epoch: [4] Total time: 0:00:09 (0.0772 s / it)
     Averaged stats: lr: 0.0004  entropy: 0.2361  loss: 2.7554
     itm tta time 0:00:09
     Computing matching score
      ITM Evaluation: [   0/2000]  eta: 0:01:22    time: 0.0414  data: 0.0024  max mem: 4847
      ITM Evaluation: [ 100/2000]  eta: 0:01:42    time: 0.0566  data: 0.0000  max mem: 4847
      ITM Evaluation: [ 200/2000]  eta: 0:01:45    time: 0.0586  data: 0.0000  max mem: 4847
      ITM Evaluation: [ 300/2000]  eta: 0:01:37    time: 0.0611  data: 0.0000  max mem: 4847
      ITM Evaluation: [ 400/2000]  eta: 0:01:25    time: 0.0410  data: 0.0000  max mem: 4847
      ITM Evaluation: [ 500/2000]  eta: 0:01:18    time: 0.0430  data: 0.0000  max mem: 4847
      ITM Evaluation: [ 600/2000]  eta: 0:01:10    time: 0.0410  data: 0.0000  max mem: 4847
      ITM Evaluation: [ 700/2000]  eta: 0:01:04    time: 0.0437  data: 0.0000  max mem: 4847
      ITM Evaluation: [ 800/2000]  eta: 0:00:58    time: 0.0400  data: 0.0000  max mem: 4847
      ITM Evaluation: [ 900/2000]  eta: 0:00:52    time: 0.0406  data: 0.0000  max mem: 4847
      ITM Evaluation: [1000/2000]  eta: 0:00:46    time: 0.0381  data: 0.0000  max mem: 4847
      ITM Evaluation: [1100/2000]  eta: 0:00:41    time: 0.0412  data: 0.0000  max mem: 4847
      ITM Evaluation: [1200/2000]  eta: 0:00:36    time: 0.0397  data: 0.0000  max mem: 4847
      ITM Evaluation: [1300/2000]  eta: 0:00:32    time: 0.0459  data: 0.0000  max mem: 4847
      ITM Evaluation: [1400/2000]  eta: 0:00:27    time: 0.0422  data: 0.0000  max mem: 4847
      ITM Evaluation: [1500/2000]  eta: 0:00:22    time: 0.0493  data: 0.0000  max mem: 4847
      ITM Evaluation: [1600/2000]  eta: 0:00:18    time: 0.0460  data: 0.0000  max mem: 4847
      ITM Evaluation: [1700/2000]  eta: 0:00:13    time: 0.0417  data: 0.0000  max mem: 4847
      ITM Evaluation: [1800/2000]  eta: 0:00:09    time: 0.0481  data: 0.0000  max mem: 4847
      ITM Evaluation: [1900/2000]  eta: 0:00:04    time: 0.0414  data: 0.0000  max mem: 4847
      ITM Evaluation: [1999/2000]  eta: 0:00:00    time: 0.0376  data: 0.0000  max mem: 4847
      ITM Evaluation: Total time: 0:01:31 (0.0456 s / it)
     total_time 91.17559242248535
     Computing matching score time 0:01:31
### TTA ITM Score: 
+-------+--------+--------+--------+--------+--------+
| epoch |   R1   |   R5   |  R10   |  mAP   |  mINP  |
+-------+--------+--------+--------+--------+--------+
|  -999 | 59.000 | 79.650 | 88.500 | 47.231 | 25.876 |
|  -999 | 66.450 | 85.600 | 90.600 | 50.642 | 25.526 |
|   0   | 43.450 | 79.950 | 88.550 | 41.180 | 22.705 |
|   1   | 41.000 | 75.500 | 86.850 | 36.485 | 19.916 |
|   2   | 48.450 | 79.150 | 88.950 | 40.686 | 21.604 |
|   3   | 36.700 | 73.650 | 86.400 | 36.011 | 21.016 |
|   4   | 46.100 | 79.100 | 88.400 | 40.475 | 22.269 |
+-------+--------+--------+--------+--------+--------+
     logs:  {'epo': 4, 'R1': 46.1, 'R5': 79.1, 'R10': 88.4, 'mAP': 40.475, 'mINP': 22.269, 'lr': 0.000437, 'entropy': 0.23612, 'loss': 2.755376}
      TTA Epoch: [5] [  0/125]  eta: 0:01:34  lr: 0.000428  entropy: 0.2426  loss: 2.7575  time: 0.7526  data: 0.6484  max mem: 4847
      TTA Epoch: [5] [100/125]  eta: 0:00:01  lr: 0.000166  entropy: 0.1888  loss: 2.7412  time: 0.0698  data: 0.0003  max mem: 4847
      TTA Epoch: [5] [124/125]  eta: 0:00:00  lr: 0.000164  entropy: 0.3392  loss: 2.7934  time: 0.0600  data: 0.0002  max mem: 4847
      TTA Epoch: [5] Total time: 0:00:08 (0.0698 s / it)
     Averaged stats: lr: 0.0003  entropy: 0.2050  loss: 2.7437
     itm tta time 0:00:08
     Computing matching score
      ITM Evaluation: [   0/2000]  eta: 0:02:32    time: 0.0762  data: 0.0032  max mem: 4847
      ITM Evaluation: [ 100/2000]  eta: 0:01:25    time: 0.0460  data: 0.0000  max mem: 4847
      ITM Evaluation: [ 200/2000]  eta: 0:01:21    time: 0.0401  data: 0.0000  max mem: 4847
      ITM Evaluation: [ 300/2000]  eta: 0:01:13    time: 0.0420  data: 0.0000  max mem: 4847
      ITM Evaluation: [ 400/2000]  eta: 0:01:07    time: 0.0422  data: 0.0000  max mem: 4847
      ITM Evaluation: [ 500/2000]  eta: 0:01:02    time: 0.0383  data: 0.0000  max mem: 4847
      ITM Evaluation: [ 600/2000]  eta: 0:00:57    time: 0.0370  data: 0.0000  max mem: 4847
      ITM Evaluation: [ 700/2000]  eta: 0:00:53    time: 0.0435  data: 0.0000  max mem: 4847
      ITM Evaluation: [ 800/2000]  eta: 0:00:48    time: 0.0397  data: 0.0000  max mem: 4847
      ITM Evaluation: [ 900/2000]  eta: 0:00:44    time: 0.0390  data: 0.0000  max mem: 4847
      ITM Evaluation: [1000/2000]  eta: 0:00:40    time: 0.0376  data: 0.0000  max mem: 4847
      ITM Evaluation: [1100/2000]  eta: 0:00:36    time: 0.0463  data: 0.0000  max mem: 4847
      ITM Evaluation: [1200/2000]  eta: 0:00:32    time: 0.0443  data: 0.0000  max mem: 4847
      ITM Evaluation: [1300/2000]  eta: 0:00:28    time: 0.0439  data: 0.0000  max mem: 4847
      ITM Evaluation: [1400/2000]  eta: 0:00:24    time: 0.0442  data: 0.0000  max mem: 4847
      ITM Evaluation: [1500/2000]  eta: 0:00:20    time: 0.0385  data: 0.0000  max mem: 4847
      ITM Evaluation: [1600/2000]  eta: 0:00:16    time: 0.0370  data: 0.0000  max mem: 4847
      ITM Evaluation: [1700/2000]  eta: 0:00:12    time: 0.0361  data: 0.0000  max mem: 4847
      ITM Evaluation: [1800/2000]  eta: 0:00:08    time: 0.0429  data: 0.0000  max mem: 4847
      ITM Evaluation: [1900/2000]  eta: 0:00:04    time: 0.0404  data: 0.0000  max mem: 4847
      ITM Evaluation: [1999/2000]  eta: 0:00:00    time: 0.0393  data: 0.0000  max mem: 4847
      ITM Evaluation: Total time: 0:01:22 (0.0411 s / it)
     total_time 82.20587086677551
     Computing matching score time 0:01:22
### TTA ITM Score: 
+-------+--------+--------+--------+--------+--------+
| epoch |   R1   |   R5   |  R10   |  mAP   |  mINP  |
+-------+--------+--------+--------+--------+--------+
|  -999 | 59.000 | 79.650 | 88.500 | 47.231 | 25.876 |
|  -999 | 66.450 | 85.600 | 90.600 | 50.642 | 25.526 |
|   0   | 43.450 | 79.950 | 88.550 | 41.180 | 22.705 |
|   1   | 41.000 | 75.500 | 86.850 | 36.485 | 19.916 |
|   2   | 48.450 | 79.150 | 88.950 | 40.686 | 21.604 |
|   3   | 36.700 | 73.650 | 86.400 | 36.011 | 21.016 |
|   4   | 46.100 | 79.100 | 88.400 | 40.475 | 22.269 |
|   5   | 47.400 | 79.100 | 87.700 | 40.035 | 21.482 |
+-------+--------+--------+--------+--------+--------+
     logs:  {'epo': 5, 'R1': 47.4, 'R5': 79.1, 'R10': 87.7, 'mAP': 40.035, 'mINP': 21.482, 'lr': 0.00032, 'entropy': 0.205016, 'loss': 2.743677}
      TTA Epoch: [6] [  0/125]  eta: 0:01:27  lr: 0.000164  entropy: 0.0963  loss: 2.7086  time: 0.6986  data: 0.5943  max mem: 4847
      TTA Epoch: [6] [100/125]  eta: 0:00:01  lr: 0.000159  entropy: 0.2267  loss: 2.7456  time: 0.0625  data: 0.0002  max mem: 4847
      TTA Epoch: [6] [124/125]  eta: 0:00:00  lr: 0.000158  entropy: 0.1555  loss: 2.7259  time: 0.0540  data: 0.0002  max mem: 4847
      TTA Epoch: [6] Total time: 0:00:08 (0.0661 s / it)
     Averaged stats: lr: 0.0002  entropy: 0.2069  loss: 2.7444
     itm tta time 0:00:08
     Computing matching score
      ITM Evaluation: [   0/2000]  eta: 0:01:48    time: 0.0543  data: 0.0059  max mem: 4847
      ITM Evaluation: [ 100/2000]  eta: 0:01:22    time: 0.0446  data: 0.0000  max mem: 4847
      ITM Evaluation: [ 200/2000]  eta: 0:01:17    time: 0.0446  data: 0.0000  max mem: 4847
      ITM Evaluation: [ 300/2000]  eta: 0:01:14    time: 0.0480  data: 0.0000  max mem: 4847
      ITM Evaluation: [ 400/2000]  eta: 0:01:11    time: 0.0455  data: 0.0000  max mem: 4847
      ITM Evaluation: [ 500/2000]  eta: 0:01:06    time: 0.0394  data: 0.0000  max mem: 4847
      ITM Evaluation: [ 600/2000]  eta: 0:01:02    time: 0.0446  data: 0.0000  max mem: 4847
      ITM Evaluation: [ 700/2000]  eta: 0:00:57    time: 0.0402  data: 0.0000  max mem: 4847
      ITM Evaluation: [ 800/2000]  eta: 0:00:51    time: 0.0386  data: 0.0000  max mem: 4847
      ITM Evaluation: [ 900/2000]  eta: 0:00:46    time: 0.0408  data: 0.0000  max mem: 4847
      ITM Evaluation: [1000/2000]  eta: 0:00:42    time: 0.0387  data: 0.0000  max mem: 4847
      ITM Evaluation: [1100/2000]  eta: 0:00:37    time: 0.0369  data: 0.0000  max mem: 4847
      ITM Evaluation: [1200/2000]  eta: 0:00:33    time: 0.0401  data: 0.0000  max mem: 4847
      ITM Evaluation: [1300/2000]  eta: 0:00:29    time: 0.0385  data: 0.0000  max mem: 4847
      ITM Evaluation: [1400/2000]  eta: 0:00:25    time: 0.0471  data: 0.0000  max mem: 4847
      ITM Evaluation: [1500/2000]  eta: 0:00:21    time: 0.0512  data: 0.0000  max mem: 4847
      ITM Evaluation: [1600/2000]  eta: 0:00:17    time: 0.0398  data: 0.0000  max mem: 4847
      ITM Evaluation: [1700/2000]  eta: 0:00:12    time: 0.0479  data: 0.0000  max mem: 4847
      ITM Evaluation: [1800/2000]  eta: 0:00:08    time: 0.0408  data: 0.0000  max mem: 4847
      ITM Evaluation: [1900/2000]  eta: 0:00:04    time: 0.0388  data: 0.0000  max mem: 4847
      ITM Evaluation: [1999/2000]  eta: 0:00:00    time: 0.0424  data: 0.0000  max mem: 4847
      ITM Evaluation: Total time: 0:01:24 (0.0424 s / it)
     total_time 84.84637808799744
     Computing matching score time 0:01:24
### TTA ITM Score: 
+-------+--------+--------+--------+--------+--------+
| epoch |   R1   |   R5   |  R10   |  mAP   |  mINP  |
+-------+--------+--------+--------+--------+--------+
|  -999 | 59.000 | 79.650 | 88.500 | 47.231 | 25.876 |
|  -999 | 66.450 | 85.600 | 90.600 | 50.642 | 25.526 |
|   0   | 43.450 | 79.950 | 88.550 | 41.180 | 22.705 |
|   1   | 41.000 | 75.500 | 86.850 | 36.485 | 19.916 |
|   2   | 48.450 | 79.150 | 88.950 | 40.686 | 21.604 |
|   3   | 36.700 | 73.650 | 86.400 | 36.011 | 21.016 |
|   4   | 46.100 | 79.100 | 88.400 | 40.475 | 22.269 |
|   5   | 47.400 | 79.100 | 87.700 | 40.035 | 21.482 |
|   6   | 49.150 | 79.700 | 87.900 | 40.754 | 21.681 |
+-------+--------+--------+--------+--------+--------+
     logs:  {'epo': 6, 'R1': 49.15, 'R5': 79.7, 'R10': 87.9, 'mAP': 40.754, 'mINP': 21.681, 'lr': 0.000161, 'entropy': 0.206948, 'loss': 2.744397}
      TTA Epoch: [7] [  0/125]  eta: 0:01:34  lr: 0.000158  entropy: 0.1356  loss: 2.7138  time: 0.7545  data: 0.6595  max mem: 4847
      TTA Epoch: [7] [100/125]  eta: 0:00:01  lr: 0.000152  entropy: 0.1259  loss: 2.7153  time: 0.0504  data: 0.0002  max mem: 4847
      TTA Epoch: [7] [124/125]  eta: 0:00:00  lr: 0.000151  entropy: 0.1669  loss: 2.7344  time: 0.0554  data: 0.0002  max mem: 4847
      TTA Epoch: [7] Total time: 0:00:07 (0.0608 s / it)
     Averaged stats: lr: 0.0002  entropy: 0.1934  loss: 2.7393
     itm tta time 0:00:07
     Computing matching score
      ITM Evaluation: [   0/2000]  eta: 0:01:23    time: 0.0419  data: 0.0022  max mem: 4847
      ITM Evaluation: [ 100/2000]  eta: 0:01:13    time: 0.0412  data: 0.0000  max mem: 4847
      ITM Evaluation: [ 200/2000]  eta: 0:01:13    time: 0.0453  data: 0.0000  max mem: 4847
      ITM Evaluation: [ 300/2000]  eta: 0:01:10    time: 0.0439  data: 0.0000  max mem: 4847
      ITM Evaluation: [ 400/2000]  eta: 0:01:07    time: 0.0429  data: 0.0000  max mem: 4847
      ITM Evaluation: [ 500/2000]  eta: 0:01:04    time: 0.0445  data: 0.0000  max mem: 4847
      ITM Evaluation: [ 600/2000]  eta: 0:01:00    time: 0.0398  data: 0.0000  max mem: 4847
      ITM Evaluation: [ 700/2000]  eta: 0:00:55    time: 0.0455  data: 0.0000  max mem: 4847
      ITM Evaluation: [ 800/2000]  eta: 0:00:51    time: 0.0383  data: 0.0000  max mem: 4847
      ITM Evaluation: [ 900/2000]  eta: 0:00:46    time: 0.0389  data: 0.0000  max mem: 4847
      ITM Evaluation: [1000/2000]  eta: 0:00:42    time: 0.0399  data: 0.0000  max mem: 4847
      ITM Evaluation: [1100/2000]  eta: 0:00:37    time: 0.0362  data: 0.0000  max mem: 4847
      ITM Evaluation: [1200/2000]  eta: 0:00:33    time: 0.0392  data: 0.0000  max mem: 4847
      ITM Evaluation: [1300/2000]  eta: 0:00:29    time: 0.0387  data: 0.0000  max mem: 4847
      ITM Evaluation: [1400/2000]  eta: 0:00:24    time: 0.0369  data: 0.0000  max mem: 4847
      ITM Evaluation: [1500/2000]  eta: 0:00:20    time: 0.0412  data: 0.0000  max mem: 4847
      ITM Evaluation: [1600/2000]  eta: 0:00:16    time: 0.0393  data: 0.0000  max mem: 4847
      ITM Evaluation: [1700/2000]  eta: 0:00:12    time: 0.0487  data: 0.0000  max mem: 4847
      ITM Evaluation: [1800/2000]  eta: 0:00:08    time: 0.0434  data: 0.0000  max mem: 4847
      ITM Evaluation: [1900/2000]  eta: 0:00:04    time: 0.0429  data: 0.0000  max mem: 4847
      ITM Evaluation: [1999/2000]  eta: 0:00:00    time: 0.0455  data: 0.0000  max mem: 4847
      ITM Evaluation: Total time: 0:01:23 (0.0418 s / it)
     total_time 83.68692255020142
     Computing matching score time 0:01:23
### TTA ITM Score: 
+-------+--------+--------+--------+--------+--------+
| epoch |   R1   |   R5   |  R10   |  mAP   |  mINP  |
+-------+--------+--------+--------+--------+--------+
|  -999 | 59.000 | 79.650 | 88.500 | 47.231 | 25.876 |
|  -999 | 66.450 | 85.600 | 90.600 | 50.642 | 25.526 |
|   0   | 43.450 | 79.950 | 88.550 | 41.180 | 22.705 |
|   1   | 41.000 | 75.500 | 86.850 | 36.485 | 19.916 |
|   2   | 48.450 | 79.150 | 88.950 | 40.686 | 21.604 |
|   3   | 36.700 | 73.650 | 86.400 | 36.011 | 21.016 |
|   4   | 46.100 | 79.100 | 88.400 | 40.475 | 22.269 |
|   5   | 47.400 | 79.100 | 87.700 | 40.035 | 21.482 |
|   6   | 49.150 | 79.700 | 87.900 | 40.754 | 21.681 |
|   7   | 52.250 | 80.850 | 88.200 | 42.558 | 22.290 |
+-------+--------+--------+--------+--------+--------+
     logs:  {'epo': 7, 'R1': 52.25, 'R5': 80.85, 'R10': 88.2, 'mAP': 42.558, 'mINP': 22.29, 'lr': 0.000154, 'entropy': 0.19336, 'loss': 2.739328}
      TTA Epoch: [8] [  0/125]  eta: 0:01:36  lr: 0.000151  entropy: 0.1745  loss: 2.7307  time: 0.7725  data: 0.6696  max mem: 4847
      TTA Epoch: [8] [100/125]  eta: 0:00:02  lr: 0.000145  entropy: 0.1819  loss: 2.7399  time: 0.0655  data: 0.0002  max mem: 4847
      TTA Epoch: [8] [124/125]  eta: 0:00:00  lr: 0.000144  entropy: 0.3023  loss: 2.7800  time: 0.0604  data: 0.0002  max mem: 4847
      TTA Epoch: [8] Total time: 0:00:09 (0.0765 s / it)
     Averaged stats: lr: 0.0001  entropy: 0.2104  loss: 2.7457
     itm tta time 0:00:09
     Computing matching score
      ITM Evaluation: [   0/2000]  eta: 0:01:18    time: 0.0395  data: 0.0025  max mem: 4847
      ITM Evaluation: [ 100/2000]  eta: 0:01:24    time: 0.0411  data: 0.0000  max mem: 4847
      ITM Evaluation: [ 200/2000]  eta: 0:01:18    time: 0.0413  data: 0.0000  max mem: 4847
      ITM Evaluation: [ 300/2000]  eta: 0:01:15    time: 0.0392  data: 0.0000  max mem: 4847
      ITM Evaluation: [ 400/2000]  eta: 0:01:10    time: 0.0443  data: 0.0000  max mem: 4847
      ITM Evaluation: [ 500/2000]  eta: 0:01:06    time: 0.0428  data: 0.0000  max mem: 4847
      ITM Evaluation: [ 600/2000]  eta: 0:01:02    time: 0.0532  data: 0.0000  max mem: 4847
      ITM Evaluation: [ 700/2000]  eta: 0:00:59    time: 0.0504  data: 0.0000  max mem: 4847
      ITM Evaluation: [ 800/2000]  eta: 0:00:55    time: 0.0445  data: 0.0000  max mem: 4847
      ITM Evaluation: [ 900/2000]  eta: 0:00:51    time: 0.0522  data: 0.0000  max mem: 4847
      ITM Evaluation: [1000/2000]  eta: 0:00:47    time: 0.0409  data: 0.0000  max mem: 4847
      ITM Evaluation: [1100/2000]  eta: 0:00:42    time: 0.0427  data: 0.0000  max mem: 4847
      ITM Evaluation: [1200/2000]  eta: 0:00:37    time: 0.0421  data: 0.0000  max mem: 4847
      ITM Evaluation: [1300/2000]  eta: 0:00:32    time: 0.0431  data: 0.0000  max mem: 4847
      ITM Evaluation: [1400/2000]  eta: 0:00:27    time: 0.0433  data: 0.0000  max mem: 4847
      ITM Evaluation: [1500/2000]  eta: 0:00:23    time: 0.0477  data: 0.0000  max mem: 4847
      ITM Evaluation: [1600/2000]  eta: 0:00:18    time: 0.0395  data: 0.0000  max mem: 4847
      ITM Evaluation: [1700/2000]  eta: 0:00:13    time: 0.0529  data: 0.0000  max mem: 4847
      ITM Evaluation: [1800/2000]  eta: 0:00:09    time: 0.0518  data: 0.0000  max mem: 4847
      ITM Evaluation: [1900/2000]  eta: 0:00:04    time: 0.0543  data: 0.0000  max mem: 4847
      ITM Evaluation: [1999/2000]  eta: 0:00:00    time: 0.0463  data: 0.0000  max mem: 4847
      ITM Evaluation: Total time: 0:01:35 (0.0477 s / it)
     total_time 95.5006148815155
     Computing matching score time 0:01:35
### TTA ITM Score: 
+-------+--------+--------+--------+--------+--------+
| epoch |   R1   |   R5   |  R10   |  mAP   |  mINP  |
+-------+--------+--------+--------+--------+--------+
|  -999 | 59.000 | 79.650 | 88.500 | 47.231 | 25.876 |
|  -999 | 66.450 | 85.600 | 90.600 | 50.642 | 25.526 |
|   0   | 43.450 | 79.950 | 88.550 | 41.180 | 22.705 |
|   1   | 41.000 | 75.500 | 86.850 | 36.485 | 19.916 |
|   2   | 48.450 | 79.150 | 88.950 | 40.686 | 21.604 |
|   3   | 36.700 | 73.650 | 86.400 | 36.011 | 21.016 |
|   4   | 46.100 | 79.100 | 88.400 | 40.475 | 22.269 |
|   5   | 47.400 | 79.100 | 87.700 | 40.035 | 21.482 |
|   6   | 49.150 | 79.700 | 87.900 | 40.754 | 21.681 |
|   7   | 52.250 | 80.850 | 88.200 | 42.558 | 22.290 |
|   8   | 55.650 | 81.500 | 88.250 | 43.910 | 22.905 |
+-------+--------+--------+--------+--------+--------+
     logs:  {'epo': 8, 'R1': 55.65, 'R5': 81.5, 'R10': 88.25, 'mAP': 43.91, 'mINP': 22.905, 'lr': 0.000147, 'entropy': 0.21043, 'loss': 2.745735}
      TTA Epoch: [9] [  0/125]  eta: 0:01:34  lr: 0.000144  entropy: 0.2487  loss: 2.7589  time: 0.7542  data: 0.6377  max mem: 4847
      TTA Epoch: [9] [100/125]  eta: 0:00:01  lr: 0.000138  entropy: 0.1719  loss: 2.7287  time: 0.0723  data: 0.0002  max mem: 4847
      TTA Epoch: [9] [124/125]  eta: 0:00:00  lr: 0.000137  entropy: 0.1687  loss: 2.7294  time: 0.0652  data: 0.0003  max mem: 4847
      TTA Epoch: [9] Total time: 0:00:08 (0.0718 s / it)
     Averaged stats: lr: 0.0001  entropy: 0.1808  loss: 2.7346
     itm tta time 0:00:09
     Computing matching score
      ITM Evaluation: [   0/2000]  eta: 0:01:39    time: 0.0496  data: 0.0032  max mem: 4847
      ITM Evaluation: [ 100/2000]  eta: 0:01:23    time: 0.0539  data: 0.0000  max mem: 4847
      ITM Evaluation: [ 200/2000]  eta: 0:01:18    time: 0.0443  data: 0.0000  max mem: 4847
      ITM Evaluation: [ 300/2000]  eta: 0:01:15    time: 0.0402  data: 0.0000  max mem: 4847
      ITM Evaluation: [ 400/2000]  eta: 0:01:09    time: 0.0399  data: 0.0000  max mem: 4847
      ITM Evaluation: [ 500/2000]  eta: 0:01:05    time: 0.0458  data: 0.0000  max mem: 4847
      ITM Evaluation: [ 600/2000]  eta: 0:01:02    time: 0.0505  data: 0.0000  max mem: 4847
      ITM Evaluation: [ 700/2000]  eta: 0:00:58    time: 0.0548  data: 0.0000  max mem: 4847
      ITM Evaluation: [ 800/2000]  eta: 0:00:55    time: 0.0494  data: 0.0000  max mem: 4847
      ITM Evaluation: [ 900/2000]  eta: 0:00:50    time: 0.0446  data: 0.0000  max mem: 4847
      ITM Evaluation: [1000/2000]  eta: 0:00:45    time: 0.0416  data: 0.0000  max mem: 4847
      ITM Evaluation: [1100/2000]  eta: 0:00:40    time: 0.0435  data: 0.0000  max mem: 4847
      ITM Evaluation: [1200/2000]  eta: 0:00:36    time: 0.0404  data: 0.0000  max mem: 4847
      ITM Evaluation: [1300/2000]  eta: 0:00:31    time: 0.0406  data: 0.0000  max mem: 4847
      ITM Evaluation: [1400/2000]  eta: 0:00:26    time: 0.0396  data: 0.0000  max mem: 4847
      ITM Evaluation: [1500/2000]  eta: 0:00:22    time: 0.0441  data: 0.0000  max mem: 4847
      ITM Evaluation: [1600/2000]  eta: 0:00:17    time: 0.0420  data: 0.0000  max mem: 4847
      ITM Evaluation: [1700/2000]  eta: 0:00:13    time: 0.0504  data: 0.0000  max mem: 4847
      ITM Evaluation: [1800/2000]  eta: 0:00:09    time: 0.0375  data: 0.0000  max mem: 4847
      ITM Evaluation: [1900/2000]  eta: 0:00:04    time: 0.0527  data: 0.0000  max mem: 4847
      ITM Evaluation: [1999/2000]  eta: 0:00:00    time: 0.0418  data: 0.0000  max mem: 4847
      ITM Evaluation: Total time: 0:01:30 (0.0451 s / it)
     total_time 90.20630502700806
     Computing matching score time 0:01:30
### TTA ITM Score: 
+-------+--------+--------+--------+--------+--------+
| epoch |   R1   |   R5   |  R10   |  mAP   |  mINP  |
+-------+--------+--------+--------+--------+--------+
|  -999 | 59.000 | 79.650 | 88.500 | 47.231 | 25.876 |
|  -999 | 66.450 | 85.600 | 90.600 | 50.642 | 25.526 |
|   0   | 43.450 | 79.950 | 88.550 | 41.180 | 22.705 |
|   1   | 41.000 | 75.500 | 86.850 | 36.485 | 19.916 |
|   2   | 48.450 | 79.150 | 88.950 | 40.686 | 21.604 |
|   3   | 36.700 | 73.650 | 86.400 | 36.011 | 21.016 |
|   4   | 46.100 | 79.100 | 88.400 | 40.475 | 22.269 |
|   5   | 47.400 | 79.100 | 87.700 | 40.035 | 21.482 |
|   6   | 49.150 | 79.700 | 87.900 | 40.754 | 21.681 |
|   7   | 52.250 | 80.850 | 88.200 | 42.558 | 22.290 |
|   8   | 55.650 | 81.500 | 88.250 | 43.910 | 22.905 |
|   9   | 52.650 | 81.050 | 88.400 | 42.588 | 22.202 |
+-------+--------+--------+--------+--------+--------+
     logs:  {'epo': 9, 'R1': 52.65, 'R5': 81.05, 'R10': 88.4, 'mAP': 42.588, 'mINP': 22.202, 'lr': 0.00014, 'entropy': 0.180839, 'loss': 2.734603}
      TTA Epoch: [10] [  0/125]  eta: 0:01:45  lr: 0.000137  entropy: 0.0727  loss: 2.6927  time: 0.8453  data: 0.7427  max mem: 4847
      TTA Epoch: [10] [100/125]  eta: 0:00:01  lr: 0.000132  entropy: 0.3228  loss: 2.7836  time: 0.0633  data: 0.0002  max mem: 4847
      TTA Epoch: [10] [124/125]  eta: 0:00:00  lr: 0.000130  entropy: 0.2135  loss: 2.7407  time: 0.0727  data: 0.0003  max mem: 4847
      TTA Epoch: [10] Total time: 0:00:09 (0.0731 s / it)
     Averaged stats: lr: 0.0001  entropy: 0.1913  loss: 2.7386
     itm tta time 0:00:09
     Computing matching score
      ITM Evaluation: [   0/2000]  eta: 0:02:04    time: 0.0622  data: 0.0025  max mem: 4847
      ITM Evaluation: [ 100/2000]  eta: 0:01:23    time: 0.0411  data: 0.0000  max mem: 4847
      ITM Evaluation: [ 200/2000]  eta: 0:01:19    time: 0.0456  data: 0.0000  max mem: 4847
      ITM Evaluation: [ 300/2000]  eta: 0:01:14    time: 0.0432  data: 0.0000  max mem: 4847
      ITM Evaluation: [ 400/2000]  eta: 0:01:09    time: 0.0490  data: 0.0000  max mem: 4847
      ITM Evaluation: [ 500/2000]  eta: 0:01:05    time: 0.0451  data: 0.0000  max mem: 4847
      ITM Evaluation: [ 600/2000]  eta: 0:01:04    time: 0.0656  data: 0.0000  max mem: 4847
      ITM Evaluation: [ 700/2000]  eta: 0:01:02    time: 0.0640  data: 0.0000  max mem: 4847
      ITM Evaluation: [ 800/2000]  eta: 0:00:58    time: 0.0480  data: 0.0000  max mem: 4847
      ITM Evaluation: [ 900/2000]  eta: 0:00:53    time: 0.0447  data: 0.0000  max mem: 4847
      ITM Evaluation: [1000/2000]  eta: 0:00:48    time: 0.0422  data: 0.0000  max mem: 4847
      ITM Evaluation: [1100/2000]  eta: 0:00:43    time: 0.0524  data: 0.0000  max mem: 4847
      ITM Evaluation: [1200/2000]  eta: 0:00:38    time: 0.0449  data: 0.0000  max mem: 4847
      ITM Evaluation: [1300/2000]  eta: 0:00:33    time: 0.0469  data: 0.0000  max mem: 4847
      ITM Evaluation: [1400/2000]  eta: 0:00:28    time: 0.0419  data: 0.0000  max mem: 4847
      ITM Evaluation: [1500/2000]  eta: 0:00:23    time: 0.0462  data: 0.0000  max mem: 4847
      ITM Evaluation: [1600/2000]  eta: 0:00:18    time: 0.0537  data: 0.0000  max mem: 4847
      ITM Evaluation: [1700/2000]  eta: 0:00:14    time: 0.0546  data: 0.0000  max mem: 4847
      ITM Evaluation: [1800/2000]  eta: 0:00:09    time: 0.0504  data: 0.0000  max mem: 4847
      ITM Evaluation: [1900/2000]  eta: 0:00:04    time: 0.0514  data: 0.0000  max mem: 4847
      ITM Evaluation: [1999/2000]  eta: 0:00:00    time: 0.0425  data: 0.0000  max mem: 4847
      ITM Evaluation: Total time: 0:01:36 (0.0481 s / it)
     total_time 96.14650583267212
     Computing matching score time 0:01:36
### TTA ITM Score: 
+-------+--------+--------+--------+--------+--------+
| epoch |   R1   |   R5   |  R10   |  mAP   |  mINP  |
+-------+--------+--------+--------+--------+--------+
|  -999 | 59.000 | 79.650 | 88.500 | 47.231 | 25.876 |
|  -999 | 66.450 | 85.600 | 90.600 | 50.642 | 25.526 |
|   0   | 43.450 | 79.950 | 88.550 | 41.180 | 22.705 |
|   1   | 41.000 | 75.500 | 86.850 | 36.485 | 19.916 |
|   2   | 48.450 | 79.150 | 88.950 | 40.686 | 21.604 |
|   3   | 36.700 | 73.650 | 86.400 | 36.011 | 21.016 |
|   4   | 46.100 | 79.100 | 88.400 | 40.475 | 22.269 |
|   5   | 47.400 | 79.100 | 87.700 | 40.035 | 21.482 |
|   6   | 49.150 | 79.700 | 87.900 | 40.754 | 21.681 |
|   7   | 52.250 | 80.850 | 88.200 | 42.558 | 22.290 |
|   8   | 55.650 | 81.500 | 88.250 | 43.910 | 22.905 |
|   9   | 52.650 | 81.050 | 88.400 | 42.588 | 22.202 |
|   10  | 52.650 | 81.100 | 88.350 | 42.653 | 22.293 |
+-------+--------+--------+--------+--------+--------+
     logs:  {'epo': 10, 'R1': 52.65, 'R5': 81.1, 'R10': 88.35, 'mAP': 42.653, 'mINP': 22.293, 'lr': 0.000134, 'entropy': 0.191332, 'loss': 2.738556}
      TTA Epoch: [11] [  0/125]  eta: 0:01:41  lr: 0.000130  entropy: 0.1575  loss: 2.7289  time: 0.8147  data: 0.6867  max mem: 4847
      TTA Epoch: [11] [100/125]  eta: 0:00:01  lr: 0.000125  entropy: 0.2096  loss: 2.7488  time: 0.0645  data: 0.0002  max mem: 4847
      TTA Epoch: [11] [124/125]  eta: 0:00:00  lr: 0.000123  entropy: 0.0899  loss: 2.6999  time: 0.0684  data: 0.0002  max mem: 4847
      TTA Epoch: [11] Total time: 0:00:09 (0.0725 s / it)
     Averaged stats: lr: 0.0001  entropy: 0.1845  loss: 2.7360
     itm tta time 0:00:09
     Computing matching score
      ITM Evaluation: [   0/2000]  eta: 0:01:47    time: 0.0538  data: 0.0021  max mem: 4847
      ITM Evaluation: [ 100/2000]  eta: 0:01:19    time: 0.0431  data: 0.0000  max mem: 4847
      ITM Evaluation: [ 200/2000]  eta: 0:01:17    time: 0.0407  data: 0.0000  max mem: 4847
      ITM Evaluation: [ 300/2000]  eta: 0:01:13    time: 0.0453  data: 0.0000  max mem: 4847
      ITM Evaluation: [ 400/2000]  eta: 0:01:10    time: 0.0491  data: 0.0000  max mem: 4847
      ITM Evaluation: [ 500/2000]  eta: 0:01:08    time: 0.0623  data: 0.0000  max mem: 4847
      ITM Evaluation: [ 600/2000]  eta: 0:01:04    time: 0.0460  data: 0.0000  max mem: 4847
      ITM Evaluation: [ 700/2000]  eta: 0:01:00    time: 0.0518  data: 0.0000  max mem: 4847
      ITM Evaluation: [ 800/2000]  eta: 0:00:55    time: 0.0425  data: 0.0000  max mem: 4847
      ITM Evaluation: [ 900/2000]  eta: 0:00:50    time: 0.0397  data: 0.0000  max mem: 4847
      ITM Evaluation: [1000/2000]  eta: 0:00:46    time: 0.0566  data: 0.0000  max mem: 4847
      ITM Evaluation: [1100/2000]  eta: 0:00:41    time: 0.0414  data: 0.0000  max mem: 4847
      ITM Evaluation: [1200/2000]  eta: 0:00:36    time: 0.0408  data: 0.0000  max mem: 4847
      ITM Evaluation: [1300/2000]  eta: 0:00:31    time: 0.0418  data: 0.0000  max mem: 4847
      ITM Evaluation: [1400/2000]  eta: 0:00:27    time: 0.0455  data: 0.0000  max mem: 4847
      ITM Evaluation: [1500/2000]  eta: 0:00:22    time: 0.0468  data: 0.0000  max mem: 4847
      ITM Evaluation: [1600/2000]  eta: 0:00:18    time: 0.0476  data: 0.0000  max mem: 4847
      ITM Evaluation: [1700/2000]  eta: 0:00:13    time: 0.0514  data: 0.0000  max mem: 4847
      ITM Evaluation: [1800/2000]  eta: 0:00:09    time: 0.0595  data: 0.0000  max mem: 4847
      ITM Evaluation: [1900/2000]  eta: 0:00:04    time: 0.0461  data: 0.0000  max mem: 4847
      ITM Evaluation: [1999/2000]  eta: 0:00:00    time: 0.0451  data: 0.0000  max mem: 4847
      ITM Evaluation: Total time: 0:01:33 (0.0466 s / it)
     total_time 93.2065658569336
     Computing matching score time 0:01:33
### TTA ITM Score: 
+-------+--------+--------+--------+--------+--------+
| epoch |   R1   |   R5   |  R10   |  mAP   |  mINP  |
+-------+--------+--------+--------+--------+--------+
|  -999 | 59.000 | 79.650 | 88.500 | 47.231 | 25.876 |
|  -999 | 66.450 | 85.600 | 90.600 | 50.642 | 25.526 |
|   0   | 43.450 | 79.950 | 88.550 | 41.180 | 22.705 |
|   1   | 41.000 | 75.500 | 86.850 | 36.485 | 19.916 |
|   2   | 48.450 | 79.150 | 88.950 | 40.686 | 21.604 |
|   3   | 36.700 | 73.650 | 86.400 | 36.011 | 21.016 |
|   4   | 46.100 | 79.100 | 88.400 | 40.475 | 22.269 |
|   5   | 47.400 | 79.100 | 87.700 | 40.035 | 21.482 |
|   6   | 49.150 | 79.700 | 87.900 | 40.754 | 21.681 |
|   7   | 52.250 | 80.850 | 88.200 | 42.558 | 22.290 |
|   8   | 55.650 | 81.500 | 88.250 | 43.910 | 22.905 |
|   9   | 52.650 | 81.050 | 88.400 | 42.588 | 22.202 |
|   10  | 52.650 | 81.100 | 88.350 | 42.653 | 22.293 |
|   11  | 47.900 | 79.500 | 88.200 | 40.503 | 21.584 |
+-------+--------+--------+--------+--------+--------+
     logs:  {'epo': 11, 'R1': 47.9, 'R5': 79.5, 'R10': 88.2, 'mAP': 40.503, 'mINP': 21.584, 'lr': 0.000127, 'entropy': 0.184489, 'loss': 2.73598}
      TTA Epoch: [12] [  0/125]  eta: 0:01:55  lr: 0.000123  entropy: 0.0734  loss: 2.6934  time: 0.9214  data: 0.8272  max mem: 4847
      TTA Epoch: [12] [100/125]  eta: 0:00:01  lr: 0.000118  entropy: 0.3192  loss: 2.7909  time: 0.0620  data: 0.0002  max mem: 4847
      TTA Epoch: [12] [124/125]  eta: 0:00:00  lr: 0.000116  entropy: 0.2163  loss: 2.7467  time: 0.0571  data: 0.0001  max mem: 4847
      TTA Epoch: [12] Total time: 0:00:09 (0.0728 s / it)
     Averaged stats: lr: 0.0001  entropy: 0.1779  loss: 2.7335
     itm tta time 0:00:09
     Computing matching score
      ITM Evaluation: [   0/2000]  eta: 0:01:45    time: 0.0526  data: 0.0041  max mem: 4847
      ITM Evaluation: [ 100/2000]  eta: 0:01:26    time: 0.0408  data: 0.0000  max mem: 4847
      ITM Evaluation: [ 200/2000]  eta: 0:01:19    time: 0.0475  data: 0.0000  max mem: 4847
      ITM Evaluation: [ 300/2000]  eta: 0:01:13    time: 0.0421  data: 0.0000  max mem: 4847
      ITM Evaluation: [ 400/2000]  eta: 0:01:11    time: 0.0508  data: 0.0000  max mem: 4847
      ITM Evaluation: [ 500/2000]  eta: 0:01:08    time: 0.0521  data: 0.0000  max mem: 4847
      ITM Evaluation: [ 600/2000]  eta: 0:01:04    time: 0.0438  data: 0.0000  max mem: 4847
      ITM Evaluation: [ 700/2000]  eta: 0:01:00    time: 0.0450  data: 0.0000  max mem: 4847
      ITM Evaluation: [ 800/2000]  eta: 0:00:55    time: 0.0446  data: 0.0000  max mem: 4847
      ITM Evaluation: [ 900/2000]  eta: 0:00:50    time: 0.0379  data: 0.0000  max mem: 4847
      ITM Evaluation: [1000/2000]  eta: 0:00:45    time: 0.0392  data: 0.0000  max mem: 4847
      ITM Evaluation: [1100/2000]  eta: 0:00:40    time: 0.0392  data: 0.0000  max mem: 4847
      ITM Evaluation: [1200/2000]  eta: 0:00:35    time: 0.0406  data: 0.0000  max mem: 4847
      ITM Evaluation: [1300/2000]  eta: 0:00:31    time: 0.0382  data: 0.0000  max mem: 4847
      ITM Evaluation: [1400/2000]  eta: 0:00:26    time: 0.0400  data: 0.0000  max mem: 4847
      ITM Evaluation: [1500/2000]  eta: 0:00:22    time: 0.0476  data: 0.0000  max mem: 4847
      ITM Evaluation: [1600/2000]  eta: 0:00:17    time: 0.0511  data: 0.0000  max mem: 4847
      ITM Evaluation: [1700/2000]  eta: 0:00:13    time: 0.0575  data: 0.0000  max mem: 4847
      ITM Evaluation: [1800/2000]  eta: 0:00:09    time: 0.0491  data: 0.0000  max mem: 4847
      ITM Evaluation: [1900/2000]  eta: 0:00:04    time: 0.0558  data: 0.0000  max mem: 4847
      ITM Evaluation: [1999/2000]  eta: 0:00:00    time: 0.0419  data: 0.0000  max mem: 4847
      ITM Evaluation: Total time: 0:01:30 (0.0454 s / it)
     total_time 90.76819491386414
     Computing matching score time 0:01:30
### TTA ITM Score: 
+-------+--------+--------+--------+--------+--------+
| epoch |   R1   |   R5   |  R10   |  mAP   |  mINP  |
+-------+--------+--------+--------+--------+--------+
|  -999 | 59.000 | 79.650 | 88.500 | 47.231 | 25.876 |
|  -999 | 66.450 | 85.600 | 90.600 | 50.642 | 25.526 |
|   0   | 43.450 | 79.950 | 88.550 | 41.180 | 22.705 |
|   1   | 41.000 | 75.500 | 86.850 | 36.485 | 19.916 |
|   2   | 48.450 | 79.150 | 88.950 | 40.686 | 21.604 |
|   3   | 36.700 | 73.650 | 86.400 | 36.011 | 21.016 |
|   4   | 46.100 | 79.100 | 88.400 | 40.475 | 22.269 |
|   5   | 47.400 | 79.100 | 87.700 | 40.035 | 21.482 |
|   6   | 49.150 | 79.700 | 87.900 | 40.754 | 21.681 |
|   7   | 52.250 | 80.850 | 88.200 | 42.558 | 22.290 |
|   8   | 55.650 | 81.500 | 88.250 | 43.910 | 22.905 |
|   9   | 52.650 | 81.050 | 88.400 | 42.588 | 22.202 |
|   10  | 52.650 | 81.100 | 88.350 | 42.653 | 22.293 |
|   11  | 47.900 | 79.500 | 88.200 | 40.503 | 21.584 |
|   12  | 43.550 | 76.950 | 87.700 | 38.505 | 21.204 |
+-------+--------+--------+--------+--------+--------+
     logs:  {'epo': 12, 'R1': 43.55, 'R5': 76.95, 'R10': 87.7, 'mAP': 38.505, 'mINP': 21.204, 'lr': 0.00012, 'entropy': 0.177947, 'loss': 2.733529}
      TTA Epoch: [13] [  0/125]  eta: 0:01:52  lr: 0.000116  entropy: 0.2055  loss: 2.7403  time: 0.9025  data: 0.7852  max mem: 4847
      TTA Epoch: [13] [100/125]  eta: 0:00:01  lr: 0.000111  entropy: 0.1379  loss: 2.7183  time: 0.0635  data: 0.0003  max mem: 4847
      TTA Epoch: [13] [124/125]  eta: 0:00:00  lr: 0.000110  entropy: 0.1889  loss: 2.7359  time: 0.0715  data: 0.0002  max mem: 4847
      TTA Epoch: [13] Total time: 0:00:09 (0.0741 s / it)
     Averaged stats: lr: 0.0001  entropy: 0.1696  loss: 2.7304
     itm tta time 0:00:09
     Computing matching score
      ITM Evaluation: [   0/2000]  eta: 0:01:46    time: 0.0534  data: 0.0024  max mem: 4847
      ITM Evaluation: [ 100/2000]  eta: 0:01:23    time: 0.0436  data: 0.0000  max mem: 4847
      ITM Evaluation: [ 200/2000]  eta: 0:01:19    time: 0.0376  data: 0.0000  max mem: 4847
      ITM Evaluation: [ 300/2000]  eta: 0:01:15    time: 0.0414  data: 0.0000  max mem: 4847
      ITM Evaluation: [ 400/2000]  eta: 0:01:12    time: 0.0549  data: 0.0000  max mem: 4847
      ITM Evaluation: [ 500/2000]  eta: 0:01:12    time: 0.0595  data: 0.0000  max mem: 4847
      ITM Evaluation: [ 600/2000]  eta: 0:01:09    time: 0.0533  data: 0.0000  max mem: 4847
      ITM Evaluation: [ 700/2000]  eta: 0:01:04    time: 0.0420  data: 0.0000  max mem: 4847
      ITM Evaluation: [ 800/2000]  eta: 0:00:58    time: 0.0401  data: 0.0000  max mem: 4847
      ITM Evaluation: [ 900/2000]  eta: 0:00:52    time: 0.0426  data: 0.0000  max mem: 4847
      ITM Evaluation: [1000/2000]  eta: 0:00:47    time: 0.0395  data: 0.0000  max mem: 4847
      ITM Evaluation: [1100/2000]  eta: 0:00:42    time: 0.0416  data: 0.0000  max mem: 4847
      ITM Evaluation: [1200/2000]  eta: 0:00:37    time: 0.0400  data: 0.0000  max mem: 4847
      ITM Evaluation: [1300/2000]  eta: 0:00:32    time: 0.0408  data: 0.0000  max mem: 4847
      ITM Evaluation: [1400/2000]  eta: 0:00:27    time: 0.0509  data: 0.0000  max mem: 4847
      ITM Evaluation: [1500/2000]  eta: 0:00:23    time: 0.0557  data: 0.0000  max mem: 4847
      ITM Evaluation: [1600/2000]  eta: 0:00:19    time: 0.0581  data: 0.0000  max mem: 4847
      ITM Evaluation: [1700/2000]  eta: 0:00:14    time: 0.0435  data: 0.0000  max mem: 4847
      ITM Evaluation: [1800/2000]  eta: 0:00:09    time: 0.0379  data: 0.0000  max mem: 4847
      ITM Evaluation: [1900/2000]  eta: 0:00:04    time: 0.0433  data: 0.0000  max mem: 4847
      ITM Evaluation: [1999/2000]  eta: 0:00:00    time: 0.0479  data: 0.0000  max mem: 4847
      ITM Evaluation: Total time: 0:01:34 (0.0472 s / it)
     total_time 94.35971593856812
     Computing matching score time 0:01:34
### TTA ITM Score: 
+-------+--------+--------+--------+--------+--------+
| epoch |   R1   |   R5   |  R10   |  mAP   |  mINP  |
+-------+--------+--------+--------+--------+--------+
|  -999 | 59.000 | 79.650 | 88.500 | 47.231 | 25.876 |
|  -999 | 66.450 | 85.600 | 90.600 | 50.642 | 25.526 |
|   0   | 43.450 | 79.950 | 88.550 | 41.180 | 22.705 |
|   1   | 41.000 | 75.500 | 86.850 | 36.485 | 19.916 |
|   2   | 48.450 | 79.150 | 88.950 | 40.686 | 21.604 |
|   3   | 36.700 | 73.650 | 86.400 | 36.011 | 21.016 |
|   4   | 46.100 | 79.100 | 88.400 | 40.475 | 22.269 |
|   5   | 47.400 | 79.100 | 87.700 | 40.035 | 21.482 |
|   6   | 49.150 | 79.700 | 87.900 | 40.754 | 21.681 |
|   7   | 52.250 | 80.850 | 88.200 | 42.558 | 22.290 |
|   8   | 55.650 | 81.500 | 88.250 | 43.910 | 22.905 |
|   9   | 52.650 | 81.050 | 88.400 | 42.588 | 22.202 |
|   10  | 52.650 | 81.100 | 88.350 | 42.653 | 22.293 |
|   11  | 47.900 | 79.500 | 88.200 | 40.503 | 21.584 |
|   12  | 43.550 | 76.950 | 87.700 | 38.505 | 21.204 |
|   13  | 45.500 | 77.700 | 88.000 | 39.186 | 21.294 |
+-------+--------+--------+--------+--------+--------+
     logs:  {'epo': 13, 'R1': 45.5, 'R5': 77.7, 'R10': 88.0, 'mAP': 39.186, 'mINP': 21.294, 'lr': 0.000113, 'entropy': 0.169627, 'loss': 2.730428}
      TTA Epoch: [14] [  0/125]  eta: 0:01:40  lr: 0.000110  entropy: 0.0357  loss: 2.6858  time: 0.8077  data: 0.6808  max mem: 4847
      TTA Epoch: [14] [100/125]  eta: 0:00:01  lr: 0.000104  entropy: 0.2189  loss: 2.7440  time: 0.0755  data: 0.0003  max mem: 4847
      TTA Epoch: [14] [124/125]  eta: 0:00:00  lr: 0.000103  entropy: 0.1201  loss: 2.7155  time: 0.0551  data: 0.0001  max mem: 4847
      TTA Epoch: [14] Total time: 0:00:08 (0.0702 s / it)
     Averaged stats: lr: 0.0001  entropy: 0.1650  loss: 2.7287
     itm tta time 0:00:08
     Computing matching score
      ITM Evaluation: [   0/2000]  eta: 0:01:39    time: 0.0499  data: 0.0023  max mem: 4847
      ITM Evaluation: [ 100/2000]  eta: 0:01:18    time: 0.0412  data: 0.0000  max mem: 4847
      ITM Evaluation: [ 200/2000]  eta: 0:01:14    time: 0.0407  data: 0.0000  max mem: 4847
      ITM Evaluation: [ 300/2000]  eta: 0:01:11    time: 0.0484  data: 0.0000  max mem: 4847
      ITM Evaluation: [ 400/2000]  eta: 0:01:07    time: 0.0399  data: 0.0000  max mem: 4847
      ITM Evaluation: [ 500/2000]  eta: 0:01:02    time: 0.0398  data: 0.0000  max mem: 4847
      ITM Evaluation: [ 600/2000]  eta: 0:00:58    time: 0.0405  data: 0.0000  max mem: 4847
      ITM Evaluation: [ 700/2000]  eta: 0:00:54    time: 0.0362  data: 0.0000  max mem: 4847
      ITM Evaluation: [ 800/2000]  eta: 0:00:49    time: 0.0377  data: 0.0000  max mem: 4847
      ITM Evaluation: [ 900/2000]  eta: 0:00:45    time: 0.0403  data: 0.0000  max mem: 4847
      ITM Evaluation: [1000/2000]  eta: 0:00:40    time: 0.0395  data: 0.0000  max mem: 4847
      ITM Evaluation: [1100/2000]  eta: 0:00:36    time: 0.0441  data: 0.0000  max mem: 4847
      ITM Evaluation: [1200/2000]  eta: 0:00:32    time: 0.0379  data: 0.0000  max mem: 4847
      ITM Evaluation: [1300/2000]  eta: 0:00:28    time: 0.0397  data: 0.0000  max mem: 4847
      ITM Evaluation: [1400/2000]  eta: 0:00:24    time: 0.0389  data: 0.0000  max mem: 4847
      ITM Evaluation: [1500/2000]  eta: 0:00:20    time: 0.0407  data: 0.0000  max mem: 4847
      ITM Evaluation: [1600/2000]  eta: 0:00:16    time: 0.0523  data: 0.0000  max mem: 4847
      ITM Evaluation: [1700/2000]  eta: 0:00:12    time: 0.0575  data: 0.0000  max mem: 4847
      ITM Evaluation: [1800/2000]  eta: 0:00:08    time: 0.0494  data: 0.0000  max mem: 4847
      ITM Evaluation: [1900/2000]  eta: 0:00:04    time: 0.0401  data: 0.0000  max mem: 4847
      ITM Evaluation: [1999/2000]  eta: 0:00:00    time: 0.0408  data: 0.0000  max mem: 4847
      ITM Evaluation: Total time: 0:01:24 (0.0421 s / it)
     total_time 84.20229935646057
     Computing matching score time 0:01:24
### TTA ITM Score: 
+-------+--------+--------+--------+--------+--------+
| epoch |   R1   |   R5   |  R10   |  mAP   |  mINP  |
+-------+--------+--------+--------+--------+--------+
|  -999 | 59.000 | 79.650 | 88.500 | 47.231 | 25.876 |
|  -999 | 66.450 | 85.600 | 90.600 | 50.642 | 25.526 |
|   0   | 43.450 | 79.950 | 88.550 | 41.180 | 22.705 |
|   1   | 41.000 | 75.500 | 86.850 | 36.485 | 19.916 |
|   2   | 48.450 | 79.150 | 88.950 | 40.686 | 21.604 |
|   3   | 36.700 | 73.650 | 86.400 | 36.011 | 21.016 |
|   4   | 46.100 | 79.100 | 88.400 | 40.475 | 22.269 |
|   5   | 47.400 | 79.100 | 87.700 | 40.035 | 21.482 |
|   6   | 49.150 | 79.700 | 87.900 | 40.754 | 21.681 |
|   7   | 52.250 | 80.850 | 88.200 | 42.558 | 22.290 |
|   8   | 55.650 | 81.500 | 88.250 | 43.910 | 22.905 |
|   9   | 52.650 | 81.050 | 88.400 | 42.588 | 22.202 |
|   10  | 52.650 | 81.100 | 88.350 | 42.653 | 22.293 |
|   11  | 47.900 | 79.500 | 88.200 | 40.503 | 21.584 |
|   12  | 43.550 | 76.950 | 87.700 | 38.505 | 21.204 |
|   13  | 45.500 | 77.700 | 88.000 | 39.186 | 21.294 |
|   14  | 42.600 | 76.300 | 87.400 | 38.232 | 21.497 |
+-------+--------+--------+--------+--------+--------+
     logs:  {'epo': 14, 'R1': 42.6, 'R5': 76.3, 'R10': 87.4, 'mAP': 38.232, 'mINP': 21.497, 'lr': 0.000106, 'entropy': 0.165028, 'loss': 2.728695}
      TTA Epoch: [15] [  0/125]  eta: 0:01:37  lr: 0.000103  entropy: 0.2863  loss: 2.7755  time: 0.7835  data: 0.6760  max mem: 4847
      TTA Epoch: [15] [100/125]  eta: 0:00:01  lr: 0.000097  entropy: 0.1326  loss: 2.7174  time: 0.0672  data: 0.0002  max mem: 4847
      TTA Epoch: [15] [124/125]  eta: 0:00:00  lr: 0.000096  entropy: 0.1874  loss: 2.7314  time: 0.0585  data: 0.0002  max mem: 4847
      TTA Epoch: [15] Total time: 0:00:08 (0.0683 s / it)
     Averaged stats: lr: 0.0001  entropy: 0.1677  loss: 2.7297
     itm tta time 0:00:08
     Computing matching score
      ITM Evaluation: [   0/2000]  eta: 0:01:59    time: 0.0598  data: 0.0039  max mem: 4847
      ITM Evaluation: [ 100/2000]  eta: 0:01:16    time: 0.0443  data: 0.0000  max mem: 4847
      ITM Evaluation: [ 200/2000]  eta: 0:01:10    time: 0.0389  data: 0.0000  max mem: 4847
      ITM Evaluation: [ 300/2000]  eta: 0:01:06    time: 0.0398  data: 0.0000  max mem: 4847
      ITM Evaluation: [ 400/2000]  eta: 0:01:02    time: 0.0392  data: 0.0000  max mem: 4847
      ITM Evaluation: [ 500/2000]  eta: 0:00:59    time: 0.0400  data: 0.0000  max mem: 4847
      ITM Evaluation: [ 600/2000]  eta: 0:00:55    time: 0.0414  data: 0.0000  max mem: 4847
      ITM Evaluation: [ 700/2000]  eta: 0:00:52    time: 0.0520  data: 0.0000  max mem: 4847
      ITM Evaluation: [ 800/2000]  eta: 0:00:49    time: 0.0529  data: 0.0000  max mem: 4847
      ITM Evaluation: [ 900/2000]  eta: 0:00:45    time: 0.0344  data: 0.0000  max mem: 4847
      ITM Evaluation: [1000/2000]  eta: 0:00:40    time: 0.0370  data: 0.0000  max mem: 4847
      ITM Evaluation: [1100/2000]  eta: 0:00:36    time: 0.0415  data: 0.0000  max mem: 4847
      ITM Evaluation: [1200/2000]  eta: 0:00:32    time: 0.0383  data: 0.0000  max mem: 4847
      ITM Evaluation: [1300/2000]  eta: 0:00:28    time: 0.0405  data: 0.0000  max mem: 4847
      ITM Evaluation: [1400/2000]  eta: 0:00:24    time: 0.0446  data: 0.0000  max mem: 4847
      ITM Evaluation: [1500/2000]  eta: 0:00:20    time: 0.0435  data: 0.0000  max mem: 4847
      ITM Evaluation: [1600/2000]  eta: 0:00:16    time: 0.0438  data: 0.0000  max mem: 4847
      ITM Evaluation: [1700/2000]  eta: 0:00:12    time: 0.0582  data: 0.0000  max mem: 4847
      ITM Evaluation: [1800/2000]  eta: 0:00:08    time: 0.0652  data: 0.0000  max mem: 4847
      ITM Evaluation: [1900/2000]  eta: 0:00:04    time: 0.0579  data: 0.0000  max mem: 4847
      ITM Evaluation: [1999/2000]  eta: 0:00:00    time: 0.0428  data: 0.0000  max mem: 4847
      ITM Evaluation: Total time: 0:01:27 (0.0437 s / it)
     total_time 87.43901562690735
     Computing matching score time 0:01:27
### TTA ITM Score: 
+-------+--------+--------+--------+--------+--------+
| epoch |   R1   |   R5   |  R10   |  mAP   |  mINP  |
+-------+--------+--------+--------+--------+--------+
|  -999 | 59.000 | 79.650 | 88.500 | 47.231 | 25.876 |
|  -999 | 66.450 | 85.600 | 90.600 | 50.642 | 25.526 |
|   0   | 43.450 | 79.950 | 88.550 | 41.180 | 22.705 |
|   1   | 41.000 | 75.500 | 86.850 | 36.485 | 19.916 |
|   2   | 48.450 | 79.150 | 88.950 | 40.686 | 21.604 |
|   3   | 36.700 | 73.650 | 86.400 | 36.011 | 21.016 |
|   4   | 46.100 | 79.100 | 88.400 | 40.475 | 22.269 |
|   5   | 47.400 | 79.100 | 87.700 | 40.035 | 21.482 |
|   6   | 49.150 | 79.700 | 87.900 | 40.754 | 21.681 |
|   7   | 52.250 | 80.850 | 88.200 | 42.558 | 22.290 |
|   8   | 55.650 | 81.500 | 88.250 | 43.910 | 22.905 |
|   9   | 52.650 | 81.050 | 88.400 | 42.588 | 22.202 |
|   10  | 52.650 | 81.100 | 88.350 | 42.653 | 22.293 |
|   11  | 47.900 | 79.500 | 88.200 | 40.503 | 21.584 |
|   12  | 43.550 | 76.950 | 87.700 | 38.505 | 21.204 |
|   13  | 45.500 | 77.700 | 88.000 | 39.186 | 21.294 |
|   14  | 42.600 | 76.300 | 87.400 | 38.232 | 21.497 |
|   15  | 43.800 | 76.700 | 87.200 | 38.333 | 21.312 |
+-------+--------+--------+--------+--------+--------+
     logs:  {'epo': 15, 'R1': 43.8, 'R5': 76.7, 'R10': 87.2, 'mAP': 38.333, 'mINP': 21.312, 'lr': 9.9e-05, 'entropy': 0.167662, 'loss': 2.729692}
      TTA Epoch: [16] [  0/125]  eta: 0:01:43  lr: 0.000096  entropy: 0.1916  loss: 2.7372  time: 0.8270  data: 0.6990  max mem: 4847
      TTA Epoch: [16] [100/125]  eta: 0:00:01  lr: 0.000090  entropy: 0.2578  loss: 2.7621  time: 0.0585  data: 0.0002  max mem: 4847
      TTA Epoch: [16] [124/125]  eta: 0:00:00  lr: 0.000089  entropy: 0.1440  loss: 2.7230  time: 0.0547  data: 0.0002  max mem: 4847
      TTA Epoch: [16] Total time: 0:00:08 (0.0684 s / it)
     Averaged stats: lr: 0.0001  entropy: 0.1665  loss: 2.7292
     itm tta time 0:00:08
     Computing matching score
      ITM Evaluation: [   0/2000]  eta: 0:02:12    time: 0.0664  data: 0.0029  max mem: 4847
      ITM Evaluation: [ 100/2000]  eta: 0:01:27    time: 0.0441  data: 0.0000  max mem: 4847
      ITM Evaluation: [ 200/2000]  eta: 0:01:24    time: 0.0420  data: 0.0000  max mem: 4847
      ITM Evaluation: [ 300/2000]  eta: 0:01:18    time: 0.0449  data: 0.0000  max mem: 4847
      ITM Evaluation: [ 400/2000]  eta: 0:01:15    time: 0.0477  data: 0.0000  max mem: 4847
      ITM Evaluation: [ 500/2000]  eta: 0:01:12    time: 0.0659  data: 0.0000  max mem: 4847
      ITM Evaluation: [ 600/2000]  eta: 0:01:09    time: 0.0611  data: 0.0000  max mem: 4847
      ITM Evaluation: [ 700/2000]  eta: 0:01:06    time: 0.0533  data: 0.0000  max mem: 4847
      ITM Evaluation: [ 800/2000]  eta: 0:01:01    time: 0.0483  data: 0.0000  max mem: 4847
      ITM Evaluation: [ 900/2000]  eta: 0:00:57    time: 0.0619  data: 0.0000  max mem: 4847
      ITM Evaluation: [1000/2000]  eta: 0:00:52    time: 0.0553  data: 0.0000  max mem: 4847
      ITM Evaluation: [1100/2000]  eta: 0:00:46    time: 0.0568  data: 0.0000  max mem: 4847
      ITM Evaluation: [1200/2000]  eta: 0:00:41    time: 0.0471  data: 0.0000  max mem: 4847
      ITM Evaluation: [1300/2000]  eta: 0:00:35    time: 0.0515  data: 0.0000  max mem: 4847
      ITM Evaluation: [1400/2000]  eta: 0:00:30    time: 0.0433  data: 0.0000  max mem: 4847
      ITM Evaluation: [1500/2000]  eta: 0:00:25    time: 0.0415  data: 0.0000  max mem: 4847
      ITM Evaluation: [1600/2000]  eta: 0:00:19    time: 0.0466  data: 0.0000  max mem: 4847
      ITM Evaluation: [1700/2000]  eta: 0:00:14    time: 0.0421  data: 0.0000  max mem: 4847
      ITM Evaluation: [1800/2000]  eta: 0:00:10    time: 0.0586  data: 0.0000  max mem: 4847
      ITM Evaluation: [1900/2000]  eta: 0:00:05    time: 0.0559  data: 0.0000  max mem: 4847
      ITM Evaluation: [1999/2000]  eta: 0:00:00    time: 0.0534  data: 0.0000  max mem: 4847
      ITM Evaluation: Total time: 0:01:41 (0.0509 s / it)
     total_time 101.85033965110779
     Computing matching score time 0:01:41
### TTA ITM Score: 
+-------+--------+--------+--------+--------+--------+
| epoch |   R1   |   R5   |  R10   |  mAP   |  mINP  |
+-------+--------+--------+--------+--------+--------+
|  -999 | 59.000 | 79.650 | 88.500 | 47.231 | 25.876 |
|  -999 | 66.450 | 85.600 | 90.600 | 50.642 | 25.526 |
|   0   | 43.450 | 79.950 | 88.550 | 41.180 | 22.705 |
|   1   | 41.000 | 75.500 | 86.850 | 36.485 | 19.916 |
|   2   | 48.450 | 79.150 | 88.950 | 40.686 | 21.604 |
|   3   | 36.700 | 73.650 | 86.400 | 36.011 | 21.016 |
|   4   | 46.100 | 79.100 | 88.400 | 40.475 | 22.269 |
|   5   | 47.400 | 79.100 | 87.700 | 40.035 | 21.482 |
|   6   | 49.150 | 79.700 | 87.900 | 40.754 | 21.681 |
|   7   | 52.250 | 80.850 | 88.200 | 42.558 | 22.290 |
|   8   | 55.650 | 81.500 | 88.250 | 43.910 | 22.905 |
|   9   | 52.650 | 81.050 | 88.400 | 42.588 | 22.202 |
|   10  | 52.650 | 81.100 | 88.350 | 42.653 | 22.293 |
|   11  | 47.900 | 79.500 | 88.200 | 40.503 | 21.584 |
|   12  | 43.550 | 76.950 | 87.700 | 38.505 | 21.204 |
|   13  | 45.500 | 77.700 | 88.000 | 39.186 | 21.294 |
|   14  | 42.600 | 76.300 | 87.400 | 38.232 | 21.497 |
|   15  | 43.800 | 76.700 | 87.200 | 38.333 | 21.312 |
|   16  | 42.100 | 75.850 | 87.100 | 37.752 | 21.333 |
+-------+--------+--------+--------+--------+--------+
     logs:  {'epo': 16, 'R1': 42.1, 'R5': 75.85, 'R10': 87.1, 'mAP': 37.752, 'mINP': 21.333, 'lr': 9.2e-05, 'entropy': 0.166494, 'loss': 2.729246}
      TTA Epoch: [17] [  0/125]  eta: 0:01:41  lr: 0.000089  entropy: 0.1837  loss: 2.7350  time: 0.8091  data: 0.6836  max mem: 4847
      TTA Epoch: [17] [100/125]  eta: 0:00:01  lr: 0.000084  entropy: 0.1021  loss: 2.7007  time: 0.0664  data: 0.0002  max mem: 4847
      TTA Epoch: [17] [124/125]  eta: 0:00:00  lr: 0.000082  entropy: 0.1787  loss: 2.7291  time: 0.0718  data: 0.0003  max mem: 4847
      TTA Epoch: [17] Total time: 0:00:09 (0.0752 s / it)
     Averaged stats: lr: 0.0001  entropy: 0.1653  loss: 2.7288
     itm tta time 0:00:09
     Computing matching score
      ITM Evaluation: [   0/2000]  eta: 0:02:04    time: 0.0622  data: 0.0024  max mem: 4847
      ITM Evaluation: [ 100/2000]  eta: 0:01:30    time: 0.0436  data: 0.0000  max mem: 4847
      ITM Evaluation: [ 200/2000]  eta: 0:01:25    time: 0.0431  data: 0.0000  max mem: 4847
      ITM Evaluation: [ 300/2000]  eta: 0:01:20    time: 0.0454  data: 0.0000  max mem: 4847
      ITM Evaluation: [ 400/2000]  eta: 0:01:14    time: 0.0429  data: 0.0000  max mem: 4847
      ITM Evaluation: [ 500/2000]  eta: 0:01:10    time: 0.0524  data: 0.0000  max mem: 4847
      ITM Evaluation: [ 600/2000]  eta: 0:01:07    time: 0.0565  data: 0.0000  max mem: 4847
      ITM Evaluation: [ 700/2000]  eta: 0:01:03    time: 0.0437  data: 0.0000  max mem: 4847
      ITM Evaluation: [ 800/2000]  eta: 0:00:58    time: 0.0403  data: 0.0000  max mem: 4847
      ITM Evaluation: [ 900/2000]  eta: 0:00:52    time: 0.0486  data: 0.0000  max mem: 4847
      ITM Evaluation: [1000/2000]  eta: 0:00:46    time: 0.0382  data: 0.0000  max mem: 4847
      ITM Evaluation: [1100/2000]  eta: 0:00:41    time: 0.0366  data: 0.0000  max mem: 4847
      ITM Evaluation: [1200/2000]  eta: 0:00:36    time: 0.0382  data: 0.0000  max mem: 4847
      ITM Evaluation: [1300/2000]  eta: 0:00:31    time: 0.0383  data: 0.0000  max mem: 4847
      ITM Evaluation: [1400/2000]  eta: 0:00:27    time: 0.0382  data: 0.0000  max mem: 4847
      ITM Evaluation: [1500/2000]  eta: 0:00:22    time: 0.0361  data: 0.0000  max mem: 4847
      ITM Evaluation: [1600/2000]  eta: 0:00:18    time: 0.0647  data: 0.0000  max mem: 4847
      ITM Evaluation: [1700/2000]  eta: 0:00:13    time: 0.0443  data: 0.0000  max mem: 4847
      ITM Evaluation: [1800/2000]  eta: 0:00:09    time: 0.0444  data: 0.0000  max mem: 4847
      ITM Evaluation: [1900/2000]  eta: 0:00:04    time: 0.0413  data: 0.0000  max mem: 4847
      ITM Evaluation: [1999/2000]  eta: 0:00:00    time: 0.0406  data: 0.0000  max mem: 4847
      ITM Evaluation: Total time: 0:01:30 (0.0452 s / it)
     total_time 90.42411088943481
     Computing matching score time 0:01:30
### TTA ITM Score: 
+-------+--------+--------+--------+--------+--------+
| epoch |   R1   |   R5   |  R10   |  mAP   |  mINP  |
+-------+--------+--------+--------+--------+--------+
|  -999 | 59.000 | 79.650 | 88.500 | 47.231 | 25.876 |
|  -999 | 66.450 | 85.600 | 90.600 | 50.642 | 25.526 |
|   0   | 43.450 | 79.950 | 88.550 | 41.180 | 22.705 |
|   1   | 41.000 | 75.500 | 86.850 | 36.485 | 19.916 |
|   2   | 48.450 | 79.150 | 88.950 | 40.686 | 21.604 |
|   3   | 36.700 | 73.650 | 86.400 | 36.011 | 21.016 |
|   4   | 46.100 | 79.100 | 88.400 | 40.475 | 22.269 |
|   5   | 47.400 | 79.100 | 87.700 | 40.035 | 21.482 |
|   6   | 49.150 | 79.700 | 87.900 | 40.754 | 21.681 |
|   7   | 52.250 | 80.850 | 88.200 | 42.558 | 22.290 |
|   8   | 55.650 | 81.500 | 88.250 | 43.910 | 22.905 |
|   9   | 52.650 | 81.050 | 88.400 | 42.588 | 22.202 |
|   10  | 52.650 | 81.100 | 88.350 | 42.653 | 22.293 |
|   11  | 47.900 | 79.500 | 88.200 | 40.503 | 21.584 |
|   12  | 43.550 | 76.950 | 87.700 | 38.505 | 21.204 |
|   13  | 45.500 | 77.700 | 88.000 | 39.186 | 21.294 |
|   14  | 42.600 | 76.300 | 87.400 | 38.232 | 21.497 |
|   15  | 43.800 | 76.700 | 87.200 | 38.333 | 21.312 |
|   16  | 42.100 | 75.850 | 87.100 | 37.752 | 21.333 |
|   17  | 39.700 | 74.350 | 86.700 | 36.707 | 21.022 |
+-------+--------+--------+--------+--------+--------+
     logs:  {'epo': 17, 'R1': 39.7, 'R5': 74.35, 'R10': 86.7, 'mAP': 36.707, 'mINP': 21.022, 'lr': 8.6e-05, 'entropy': 0.165299, 'loss': 2.728809}
      TTA Epoch: [18] [  0/125]  eta: 0:01:24  lr: 0.000082  entropy: 0.1442  loss: 2.7215  time: 0.6784  data: 0.5383  max mem: 4847
      TTA Epoch: [18] [100/125]  eta: 0:00:01  lr: 0.000077  entropy: 0.2337  loss: 2.7508  time: 0.0608  data: 0.0002  max mem: 4847
      TTA Epoch: [18] [124/125]  eta: 0:00:00  lr: 0.000075  entropy: 0.2705  loss: 2.7671  time: 0.0498  data: 0.0001  max mem: 4847
      TTA Epoch: [18] Total time: 0:00:08 (0.0668 s / it)
     Averaged stats: lr: 0.0001  entropy: 0.1704  loss: 2.7307
     itm tta time 0:00:08
     Computing matching score
      ITM Evaluation: [   0/2000]  eta: 0:01:19    time: 0.0399  data: 0.0023  max mem: 4847
      ITM Evaluation: [ 100/2000]  eta: 0:01:18    time: 0.0475  data: 0.0000  max mem: 4847
      ITM Evaluation: [ 200/2000]  eta: 0:01:16    time: 0.0431  data: 0.0000  max mem: 4847
      ITM Evaluation: [ 300/2000]  eta: 0:01:15    time: 0.0472  data: 0.0000  max mem: 4847
      ITM Evaluation: [ 400/2000]  eta: 0:01:12    time: 0.0464  data: 0.0000  max mem: 4847
      ITM Evaluation: [ 500/2000]  eta: 0:01:09    time: 0.0485  data: 0.0000  max mem: 4847
      ITM Evaluation: [ 600/2000]  eta: 0:01:07    time: 0.0602  data: 0.0000  max mem: 4847
      ITM Evaluation: [ 700/2000]  eta: 0:01:04    time: 0.0521  data: 0.0000  max mem: 4847
      ITM Evaluation: [ 800/2000]  eta: 0:00:59    time: 0.0531  data: 0.0000  max mem: 4847
      ITM Evaluation: [ 900/2000]  eta: 0:00:55    time: 0.0474  data: 0.0000  max mem: 4847
      ITM Evaluation: [1000/2000]  eta: 0:00:49    time: 0.0391  data: 0.0000  max mem: 4847
      ITM Evaluation: [1100/2000]  eta: 0:00:43    time: 0.0398  data: 0.0000  max mem: 4847
      ITM Evaluation: [1200/2000]  eta: 0:00:38    time: 0.0396  data: 0.0000  max mem: 4847
      ITM Evaluation: [1300/2000]  eta: 0:00:33    time: 0.0469  data: 0.0000  max mem: 4847
      ITM Evaluation: [1400/2000]  eta: 0:00:28    time: 0.0500  data: 0.0000  max mem: 4847
      ITM Evaluation: [1500/2000]  eta: 0:00:23    time: 0.0424  data: 0.0000  max mem: 4847
      ITM Evaluation: [1600/2000]  eta: 0:00:18    time: 0.0464  data: 0.0000  max mem: 4847
      ITM Evaluation: [1700/2000]  eta: 0:00:14    time: 0.0565  data: 0.0000  max mem: 4847
      ITM Evaluation: [1800/2000]  eta: 0:00:09    time: 0.0583  data: 0.0000  max mem: 4847
      ITM Evaluation: [1900/2000]  eta: 0:00:04    time: 0.0620  data: 0.0000  max mem: 4847
      ITM Evaluation: [1999/2000]  eta: 0:00:00    time: 0.0449  data: 0.0000  max mem: 4847
      ITM Evaluation: Total time: 0:01:38 (0.0492 s / it)
     total_time 98.33926272392273
     Computing matching score time 0:01:38
### TTA ITM Score: 
+-------+--------+--------+--------+--------+--------+
| epoch |   R1   |   R5   |  R10   |  mAP   |  mINP  |
+-------+--------+--------+--------+--------+--------+
|  -999 | 59.000 | 79.650 | 88.500 | 47.231 | 25.876 |
|  -999 | 66.450 | 85.600 | 90.600 | 50.642 | 25.526 |
|   0   | 43.450 | 79.950 | 88.550 | 41.180 | 22.705 |
|   1   | 41.000 | 75.500 | 86.850 | 36.485 | 19.916 |
|   2   | 48.450 | 79.150 | 88.950 | 40.686 | 21.604 |
|   3   | 36.700 | 73.650 | 86.400 | 36.011 | 21.016 |
|   4   | 46.100 | 79.100 | 88.400 | 40.475 | 22.269 |
|   5   | 47.400 | 79.100 | 87.700 | 40.035 | 21.482 |
|   6   | 49.150 | 79.700 | 87.900 | 40.754 | 21.681 |
|   7   | 52.250 | 80.850 | 88.200 | 42.558 | 22.290 |
|   8   | 55.650 | 81.500 | 88.250 | 43.910 | 22.905 |
|   9   | 52.650 | 81.050 | 88.400 | 42.588 | 22.202 |
|   10  | 52.650 | 81.100 | 88.350 | 42.653 | 22.293 |
|   11  | 47.900 | 79.500 | 88.200 | 40.503 | 21.584 |
|   12  | 43.550 | 76.950 | 87.700 | 38.505 | 21.204 |
|   13  | 45.500 | 77.700 | 88.000 | 39.186 | 21.294 |
|   14  | 42.600 | 76.300 | 87.400 | 38.232 | 21.497 |
|   15  | 43.800 | 76.700 | 87.200 | 38.333 | 21.312 |
|   16  | 42.100 | 75.850 | 87.100 | 37.752 | 21.333 |
|   17  | 39.700 | 74.350 | 86.700 | 36.707 | 21.022 |
|   18  | 40.800 | 74.550 | 86.600 | 36.883 | 20.990 |
+-------+--------+--------+--------+--------+--------+
     logs:  {'epo': 18, 'R1': 40.8, 'R5': 74.55, 'R10': 86.6, 'mAP': 36.883, 'mINP': 20.99, 'lr': 7.9e-05, 'entropy': 0.170414, 'loss': 2.730731}
      TTA Epoch: [19] [  0/125]  eta: 0:01:51  lr: 0.000075  entropy: 0.1305  loss: 2.7211  time: 0.8942  data: 0.7613  max mem: 4847
      TTA Epoch: [19] [100/125]  eta: 0:00:02  lr: 0.000070  entropy: 0.2205  loss: 2.7542  time: 0.0964  data: 0.0004  max mem: 4847
      TTA Epoch: [19] [124/125]  eta: 0:00:00  lr: 0.000069  entropy: 0.1004  loss: 2.6994  time: 0.0680  data: 0.0006  max mem: 4847
      TTA Epoch: [19] Total time: 0:00:10 (0.0841 s / it)
     Averaged stats: lr: 0.0001  entropy: 0.1604  loss: 2.7270
     itm tta time 0:00:10
     Computing matching score
      ITM Evaluation: [   0/2000]  eta: 0:01:49    time: 0.0549  data: 0.0078  max mem: 4847
      ITM Evaluation: [ 100/2000]  eta: 0:01:25    time: 0.0426  data: 0.0000  max mem: 4847
      ITM Evaluation: [ 200/2000]  eta: 0:01:22    time: 0.0434  data: 0.0000  max mem: 4847
      ITM Evaluation: [ 300/2000]  eta: 0:01:18    time: 0.0458  data: 0.0000  max mem: 4847
      ITM Evaluation: [ 400/2000]  eta: 0:01:14    time: 0.0510  data: 0.0000  max mem: 4847
      ITM Evaluation: [ 500/2000]  eta: 0:01:13    time: 0.0561  data: 0.0000  max mem: 4847
      ITM Evaluation: [ 600/2000]  eta: 0:01:10    time: 0.0542  data: 0.0000  max mem: 4847
      ITM Evaluation: [ 700/2000]  eta: 0:01:06    time: 0.0507  data: 0.0000  max mem: 4847
      ITM Evaluation: [ 800/2000]  eta: 0:01:00    time: 0.0506  data: 0.0000  max mem: 4847
      ITM Evaluation: [ 900/2000]  eta: 0:00:54    time: 0.0422  data: 0.0000  max mem: 4847
      ITM Evaluation: [1000/2000]  eta: 0:00:49    time: 0.0534  data: 0.0000  max mem: 4847
      ITM Evaluation: [1100/2000]  eta: 0:00:43    time: 0.0455  data: 0.0000  max mem: 4847
      ITM Evaluation: [1200/2000]  eta: 0:00:38    time: 0.0567  data: 0.0000  max mem: 4847
      ITM Evaluation: [1300/2000]  eta: 0:00:33    time: 0.0425  data: 0.0000  max mem: 4847
      ITM Evaluation: [1400/2000]  eta: 0:00:29    time: 0.0570  data: 0.0000  max mem: 4847
      ITM Evaluation: [1500/2000]  eta: 0:00:24    time: 0.0763  data: 0.0000  max mem: 4847
      ITM Evaluation: [1600/2000]  eta: 0:00:20    time: 0.0641  data: 0.0000  max mem: 4847
      ITM Evaluation: [1700/2000]  eta: 0:00:15    time: 0.0539  data: 0.0000  max mem: 4847
      ITM Evaluation: [1800/2000]  eta: 0:00:10    time: 0.0556  data: 0.0000  max mem: 4847
      ITM Evaluation: [1900/2000]  eta: 0:00:05    time: 0.0447  data: 0.0000  max mem: 4847
      ITM Evaluation: [1999/2000]  eta: 0:00:00    time: 0.0550  data: 0.0000  max mem: 4847
      ITM Evaluation: Total time: 0:01:42 (0.0514 s / it)
     total_time 102.77018594741821
     Computing matching score time 0:01:42
### TTA ITM Score: 
+-------+--------+--------+--------+--------+--------+
| epoch |   R1   |   R5   |  R10   |  mAP   |  mINP  |
+-------+--------+--------+--------+--------+--------+
|  -999 | 59.000 | 79.650 | 88.500 | 47.231 | 25.876 |
|  -999 | 66.450 | 85.600 | 90.600 | 50.642 | 25.526 |
|   0   | 43.450 | 79.950 | 88.550 | 41.180 | 22.705 |
|   1   | 41.000 | 75.500 | 86.850 | 36.485 | 19.916 |
|   2   | 48.450 | 79.150 | 88.950 | 40.686 | 21.604 |
|   3   | 36.700 | 73.650 | 86.400 | 36.011 | 21.016 |
|   4   | 46.100 | 79.100 | 88.400 | 40.475 | 22.269 |
|   5   | 47.400 | 79.100 | 87.700 | 40.035 | 21.482 |
|   6   | 49.150 | 79.700 | 87.900 | 40.754 | 21.681 |
|   7   | 52.250 | 80.850 | 88.200 | 42.558 | 22.290 |
|   8   | 55.650 | 81.500 | 88.250 | 43.910 | 22.905 |
|   9   | 52.650 | 81.050 | 88.400 | 42.588 | 22.202 |
|   10  | 52.650 | 81.100 | 88.350 | 42.653 | 22.293 |
|   11  | 47.900 | 79.500 | 88.200 | 40.503 | 21.584 |
|   12  | 43.550 | 76.950 | 87.700 | 38.505 | 21.204 |
|   13  | 45.500 | 77.700 | 88.000 | 39.186 | 21.294 |
|   14  | 42.600 | 76.300 | 87.400 | 38.232 | 21.497 |
|   15  | 43.800 | 76.700 | 87.200 | 38.333 | 21.312 |
|   16  | 42.100 | 75.850 | 87.100 | 37.752 | 21.333 |
|   17  | 39.700 | 74.350 | 86.700 | 36.707 | 21.022 |
|   18  | 40.800 | 74.550 | 86.600 | 36.883 | 20.990 |
|   19  | 41.400 | 74.850 | 86.950 | 37.225 | 21.079 |
+-------+--------+--------+--------+--------+--------+
     logs:  {'epo': 19, 'R1': 41.4, 'R5': 74.85, 'R10': 86.95, 'mAP': 37.225, 'mINP': 21.079, 'lr': 7.2e-05, 'entropy': 0.160417, 'loss': 2.726978}
      TTA Epoch: [20] [  0/125]  eta: 0:01:39  lr: 0.000068  entropy: 0.0160  loss: 2.6780  time: 0.7925  data: 0.6628  max mem: 4847
      TTA Epoch: [20] [100/125]  eta: 0:00:02  lr: 0.000063  entropy: 0.0578  loss: 2.6914  time: 0.0680  data: 0.0003  max mem: 4847
      TTA Epoch: [20] [124/125]  eta: 0:00:00  lr: 0.000062  entropy: 0.2532  loss: 2.7591  time: 0.0719  data: 0.0002  max mem: 4847
      TTA Epoch: [20] Total time: 0:00:10 (0.0836 s / it)
     Averaged stats: lr: 0.0001  entropy: 0.1582  loss: 2.7261
     itm tta time 0:00:10
     Computing matching score
      ITM Evaluation: [   0/2000]  eta: 0:01:24    time: 0.0424  data: 0.0024  max mem: 4847
      ITM Evaluation: [ 100/2000]  eta: 0:01:22    time: 0.0399  data: 0.0000  max mem: 4847
      ITM Evaluation: [ 200/2000]  eta: 0:01:23    time: 0.0478  data: 0.0000  max mem: 4847
      ITM Evaluation: [ 300/2000]  eta: 0:01:19    time: 0.0471  data: 0.0000  max mem: 4847
      ITM Evaluation: [ 400/2000]  eta: 0:01:16    time: 0.0488  data: 0.0000  max mem: 4847
      ITM Evaluation: [ 500/2000]  eta: 0:01:14    time: 0.0558  data: 0.0000  max mem: 4847
      ITM Evaluation: [ 600/2000]  eta: 0:01:10    time: 0.0600  data: 0.0000  max mem: 4847
      ITM Evaluation: [ 700/2000]  eta: 0:01:04    time: 0.0463  data: 0.0000  max mem: 4847
      ITM Evaluation: [ 800/2000]  eta: 0:00:59    time: 0.0455  data: 0.0000  max mem: 4847
      ITM Evaluation: [ 900/2000]  eta: 0:00:53    time: 0.0453  data: 0.0000  max mem: 4847
      ITM Evaluation: [1000/2000]  eta: 0:00:48    time: 0.0374  data: 0.0000  max mem: 4847
      ITM Evaluation: [1100/2000]  eta: 0:00:43    time: 0.0558  data: 0.0000  max mem: 4847
      ITM Evaluation: [1200/2000]  eta: 0:00:37    time: 0.0413  data: 0.0000  max mem: 4847
      ITM Evaluation: [1300/2000]  eta: 0:00:33    time: 0.0491  data: 0.0000  max mem: 4847
      ITM Evaluation: [1400/2000]  eta: 0:00:28    time: 0.0648  data: 0.0000  max mem: 4847
      ITM Evaluation: [1500/2000]  eta: 0:00:24    time: 0.0609  data: 0.0000  max mem: 4847
      ITM Evaluation: [1600/2000]  eta: 0:00:19    time: 0.0434  data: 0.0000  max mem: 4847
      ITM Evaluation: [1700/2000]  eta: 0:00:14    time: 0.0424  data: 0.0000  max mem: 4847
      ITM Evaluation: [1800/2000]  eta: 0:00:09    time: 0.0398  data: 0.0000  max mem: 4847
      ITM Evaluation: [1900/2000]  eta: 0:00:04    time: 0.0474  data: 0.0000  max mem: 4847
      ITM Evaluation: [1999/2000]  eta: 0:00:00    time: 0.0491  data: 0.0000  max mem: 4847
      ITM Evaluation: Total time: 0:01:36 (0.0483 s / it)
     total_time 96.63025093078613
     Computing matching score time 0:01:36
### TTA ITM Score: 
+-------+--------+--------+--------+--------+--------+
| epoch |   R1   |   R5   |  R10   |  mAP   |  mINP  |
+-------+--------+--------+--------+--------+--------+
|  -999 | 59.000 | 79.650 | 88.500 | 47.231 | 25.876 |
|  -999 | 66.450 | 85.600 | 90.600 | 50.642 | 25.526 |
|   0   | 43.450 | 79.950 | 88.550 | 41.180 | 22.705 |
|   1   | 41.000 | 75.500 | 86.850 | 36.485 | 19.916 |
|   2   | 48.450 | 79.150 | 88.950 | 40.686 | 21.604 |
|   3   | 36.700 | 73.650 | 86.400 | 36.011 | 21.016 |
|   4   | 46.100 | 79.100 | 88.400 | 40.475 | 22.269 |
|   5   | 47.400 | 79.100 | 87.700 | 40.035 | 21.482 |
|   6   | 49.150 | 79.700 | 87.900 | 40.754 | 21.681 |
|   7   | 52.250 | 80.850 | 88.200 | 42.558 | 22.290 |
|   8   | 55.650 | 81.500 | 88.250 | 43.910 | 22.905 |
|   9   | 52.650 | 81.050 | 88.400 | 42.588 | 22.202 |
|   10  | 52.650 | 81.100 | 88.350 | 42.653 | 22.293 |
|   11  | 47.900 | 79.500 | 88.200 | 40.503 | 21.584 |
|   12  | 43.550 | 76.950 | 87.700 | 38.505 | 21.204 |
|   13  | 45.500 | 77.700 | 88.000 | 39.186 | 21.294 |
|   14  | 42.600 | 76.300 | 87.400 | 38.232 | 21.497 |
|   15  | 43.800 | 76.700 | 87.200 | 38.333 | 21.312 |
|   16  | 42.100 | 75.850 | 87.100 | 37.752 | 21.333 |
|   17  | 39.700 | 74.350 | 86.700 | 36.707 | 21.022 |
|   18  | 40.800 | 74.550 | 86.600 | 36.883 | 20.990 |
|   19  | 41.400 | 74.850 | 86.950 | 37.225 | 21.079 |
|   20  | 41.150 | 74.900 | 86.950 | 37.229 | 21.106 |
+-------+--------+--------+--------+--------+--------+
     logs:  {'epo': 20, 'R1': 41.15, 'R5': 74.9, 'R10': 86.95, 'mAP': 37.229, 'mINP': 21.106, 'lr': 6.5e-05, 'entropy': 0.158167, 'loss': 2.726124}
      TTA Epoch: [21] [  0/125]  eta: 0:01:40  lr: 0.000062  entropy: 0.3028  loss: 2.7803  time: 0.8078  data: 0.7022  max mem: 4847
      TTA Epoch: [21] [100/125]  eta: 0:00:02  lr: 0.000056  entropy: 0.0397  loss: 2.6828  time: 0.0898  data: 0.0003  max mem: 4847
      TTA Epoch: [21] [124/125]  eta: 0:00:00  lr: 0.000055  entropy: 0.1710  loss: 2.7297  time: 0.0643  data: 0.0002  max mem: 4847
      TTA Epoch: [21] Total time: 0:00:10 (0.0818 s / it)
     Averaged stats: lr: 0.0001  entropy: 0.1700  loss: 2.7306
     itm tta time 0:00:10
     Computing matching score
      ITM Evaluation: [   0/2000]  eta: 0:02:05    time: 0.0625  data: 0.0024  max mem: 4847
      ITM Evaluation: [ 100/2000]  eta: 0:01:46    time: 0.0609  data: 0.0000  max mem: 4847
      ITM Evaluation: [ 200/2000]  eta: 0:01:39    time: 0.0539  data: 0.0000  max mem: 4847
      ITM Evaluation: [ 300/2000]  eta: 0:01:34    time: 0.0514  data: 0.0000  max mem: 4847
      ITM Evaluation: [ 400/2000]  eta: 0:01:26    time: 0.0419  data: 0.0000  max mem: 4847
      ITM Evaluation: [ 500/2000]  eta: 0:01:19    time: 0.0451  data: 0.0000  max mem: 4847
      ITM Evaluation: [ 600/2000]  eta: 0:01:12    time: 0.0520  data: 0.0000  max mem: 4847
      ITM Evaluation: [ 700/2000]  eta: 0:01:06    time: 0.0596  data: 0.0000  max mem: 4847
      ITM Evaluation: [ 800/2000]  eta: 0:01:01    time: 0.0422  data: 0.0000  max mem: 4847
      ITM Evaluation: [ 900/2000]  eta: 0:00:55    time: 0.0430  data: 0.0000  max mem: 4847
      ITM Evaluation: [1000/2000]  eta: 0:00:50    time: 0.0514  data: 0.0000  max mem: 4847
      ITM Evaluation: [1100/2000]  eta: 0:00:45    time: 0.0548  data: 0.0000  max mem: 4847
      ITM Evaluation: [1200/2000]  eta: 0:00:40    time: 0.0552  data: 0.0000  max mem: 4847
      ITM Evaluation: [1300/2000]  eta: 0:00:35    time: 0.0450  data: 0.0000  max mem: 4847
      ITM Evaluation: [1400/2000]  eta: 0:00:30    time: 0.0460  data: 0.0000  max mem: 4847
      ITM Evaluation: [1500/2000]  eta: 0:00:25    time: 0.0427  data: 0.0000  max mem: 4847
      ITM Evaluation: [1600/2000]  eta: 0:00:20    time: 0.0420  data: 0.0000  max mem: 4847
      ITM Evaluation: [1700/2000]  eta: 0:00:15    time: 0.0434  data: 0.0000  max mem: 4847
      ITM Evaluation: [1800/2000]  eta: 0:00:09    time: 0.0440  data: 0.0000  max mem: 4847
      ITM Evaluation: [1900/2000]  eta: 0:00:04    time: 0.0446  data: 0.0000  max mem: 4847
      ITM Evaluation: [1999/2000]  eta: 0:00:00    time: 0.0530  data: 0.0000  max mem: 4847
      ITM Evaluation: Total time: 0:01:39 (0.0496 s / it)
     total_time 99.24412035942078
     Computing matching score time 0:01:39
### TTA ITM Score: 
+-------+--------+--------+--------+--------+--------+
| epoch |   R1   |   R5   |  R10   |  mAP   |  mINP  |
+-------+--------+--------+--------+--------+--------+
|  -999 | 59.000 | 79.650 | 88.500 | 47.231 | 25.876 |
|  -999 | 66.450 | 85.600 | 90.600 | 50.642 | 25.526 |
|   0   | 43.450 | 79.950 | 88.550 | 41.180 | 22.705 |
|   1   | 41.000 | 75.500 | 86.850 | 36.485 | 19.916 |
|   2   | 48.450 | 79.150 | 88.950 | 40.686 | 21.604 |
|   3   | 36.700 | 73.650 | 86.400 | 36.011 | 21.016 |
|   4   | 46.100 | 79.100 | 88.400 | 40.475 | 22.269 |
|   5   | 47.400 | 79.100 | 87.700 | 40.035 | 21.482 |
|   6   | 49.150 | 79.700 | 87.900 | 40.754 | 21.681 |
|   7   | 52.250 | 80.850 | 88.200 | 42.558 | 22.290 |
|   8   | 55.650 | 81.500 | 88.250 | 43.910 | 22.905 |
|   9   | 52.650 | 81.050 | 88.400 | 42.588 | 22.202 |
|   10  | 52.650 | 81.100 | 88.350 | 42.653 | 22.293 |
|   11  | 47.900 | 79.500 | 88.200 | 40.503 | 21.584 |
|   12  | 43.550 | 76.950 | 87.700 | 38.505 | 21.204 |
|   13  | 45.500 | 77.700 | 88.000 | 39.186 | 21.294 |
|   14  | 42.600 | 76.300 | 87.400 | 38.232 | 21.497 |
|   15  | 43.800 | 76.700 | 87.200 | 38.333 | 21.312 |
|   16  | 42.100 | 75.850 | 87.100 | 37.752 | 21.333 |
|   17  | 39.700 | 74.350 | 86.700 | 36.707 | 21.022 |
|   18  | 40.800 | 74.550 | 86.600 | 36.883 | 20.990 |
|   19  | 41.400 | 74.850 | 86.950 | 37.225 | 21.079 |
|   20  | 41.150 | 74.900 | 86.950 | 37.229 | 21.106 |
|   21  | 43.100 | 75.650 | 87.300 | 37.844 | 21.168 |
+-------+--------+--------+--------+--------+--------+
     logs:  {'epo': 21, 'R1': 43.1, 'R5': 75.65, 'R10': 87.3, 'mAP': 37.844, 'mINP': 21.168, 'lr': 5.8e-05, 'entropy': 0.170024, 'loss': 2.730585}
      TTA Epoch: [22] [  0/125]  eta: 0:01:49  lr: 0.000055  entropy: 0.1446  loss: 2.7210  time: 0.8778  data: 0.7340  max mem: 4847
      TTA Epoch: [22] [100/125]  eta: 0:00:02  lr: 0.000049  entropy: 0.1847  loss: 2.7347  time: 0.0875  data: 0.0003  max mem: 4847
      TTA Epoch: [22] [124/125]  eta: 0:00:00  lr: 0.000048  entropy: 0.1114  loss: 2.7032  time: 0.0912  data: 0.0007  max mem: 4847
      TTA Epoch: [22] Total time: 0:00:10 (0.0862 s / it)
     Averaged stats: lr: 0.0001  entropy: 0.1658  loss: 2.7290
     itm tta time 0:00:10
     Computing matching score
      ITM Evaluation: [   0/2000]  eta: 0:02:33    time: 0.0766  data: 0.0028  max mem: 4847
      ITM Evaluation: [ 100/2000]  eta: 0:01:28    time: 0.0445  data: 0.0000  max mem: 4847
      ITM Evaluation: [ 200/2000]  eta: 0:01:21    time: 0.0417  data: 0.0000  max mem: 4847
      ITM Evaluation: [ 300/2000]  eta: 0:01:17    time: 0.0460  data: 0.0000  max mem: 4847
      ITM Evaluation: [ 400/2000]  eta: 0:01:12    time: 0.0417  data: 0.0000  max mem: 4847
      ITM Evaluation: [ 500/2000]  eta: 0:01:08    time: 0.0395  data: 0.0000  max mem: 4847
      ITM Evaluation: [ 600/2000]  eta: 0:01:02    time: 0.0403  data: 0.0000  max mem: 4847
      ITM Evaluation: [ 700/2000]  eta: 0:00:57    time: 0.0404  data: 0.0000  max mem: 4847
      ITM Evaluation: [ 800/2000]  eta: 0:00:53    time: 0.0500  data: 0.0000  max mem: 4847
      ITM Evaluation: [ 900/2000]  eta: 0:00:49    time: 0.0454  data: 0.0000  max mem: 4847
      ITM Evaluation: [1000/2000]  eta: 0:00:45    time: 0.0475  data: 0.0000  max mem: 4847
      ITM Evaluation: [1100/2000]  eta: 0:00:41    time: 0.0512  data: 0.0000  max mem: 4847
      ITM Evaluation: [1200/2000]  eta: 0:00:36    time: 0.0434  data: 0.0000  max mem: 4847
      ITM Evaluation: [1300/2000]  eta: 0:00:31    time: 0.0381  data: 0.0000  max mem: 4847
      ITM Evaluation: [1400/2000]  eta: 0:00:26    time: 0.0433  data: 0.0000  max mem: 4847
      ITM Evaluation: [1500/2000]  eta: 0:00:22    time: 0.0420  data: 0.0000  max mem: 4847
      ITM Evaluation: [1600/2000]  eta: 0:00:17    time: 0.0414  data: 0.0000  max mem: 4847
      ITM Evaluation: [1700/2000]  eta: 0:00:13    time: 0.0442  data: 0.0000  max mem: 4847
      ITM Evaluation: [1800/2000]  eta: 0:00:08    time: 0.0414  data: 0.0000  max mem: 4847
      ITM Evaluation: [1900/2000]  eta: 0:00:04    time: 0.0386  data: 0.0000  max mem: 4847
      ITM Evaluation: [1999/2000]  eta: 0:00:00    time: 0.0471  data: 0.0000  max mem: 4847
      ITM Evaluation: Total time: 0:01:28 (0.0443 s / it)
     total_time 88.6433436870575
     Computing matching score time 0:01:28
### TTA ITM Score: 
+-------+--------+--------+--------+--------+--------+
| epoch |   R1   |   R5   |  R10   |  mAP   |  mINP  |
+-------+--------+--------+--------+--------+--------+
|  -999 | 59.000 | 79.650 | 88.500 | 47.231 | 25.876 |
|  -999 | 66.450 | 85.600 | 90.600 | 50.642 | 25.526 |
|   0   | 43.450 | 79.950 | 88.550 | 41.180 | 22.705 |
|   1   | 41.000 | 75.500 | 86.850 | 36.485 | 19.916 |
|   2   | 48.450 | 79.150 | 88.950 | 40.686 | 21.604 |
|   3   | 36.700 | 73.650 | 86.400 | 36.011 | 21.016 |
|   4   | 46.100 | 79.100 | 88.400 | 40.475 | 22.269 |
|   5   | 47.400 | 79.100 | 87.700 | 40.035 | 21.482 |
|   6   | 49.150 | 79.700 | 87.900 | 40.754 | 21.681 |
|   7   | 52.250 | 80.850 | 88.200 | 42.558 | 22.290 |
|   8   | 55.650 | 81.500 | 88.250 | 43.910 | 22.905 |
|   9   | 52.650 | 81.050 | 88.400 | 42.588 | 22.202 |
|   10  | 52.650 | 81.100 | 88.350 | 42.653 | 22.293 |
|   11  | 47.900 | 79.500 | 88.200 | 40.503 | 21.584 |
|   12  | 43.550 | 76.950 | 87.700 | 38.505 | 21.204 |
|   13  | 45.500 | 77.700 | 88.000 | 39.186 | 21.294 |
|   14  | 42.600 | 76.300 | 87.400 | 38.232 | 21.497 |
|   15  | 43.800 | 76.700 | 87.200 | 38.333 | 21.312 |
|   16  | 42.100 | 75.850 | 87.100 | 37.752 | 21.333 |
|   17  | 39.700 | 74.350 | 86.700 | 36.707 | 21.022 |
|   18  | 40.800 | 74.550 | 86.600 | 36.883 | 20.990 |
|   19  | 41.400 | 74.850 | 86.950 | 37.225 | 21.079 |
|   20  | 41.150 | 74.900 | 86.950 | 37.229 | 21.106 |
|   21  | 43.100 | 75.650 | 87.300 | 37.844 | 21.168 |
|   22  | 41.950 | 74.900 | 87.150 | 37.450 | 21.198 |
+-------+--------+--------+--------+--------+--------+
     logs:  {'epo': 22, 'R1': 41.95, 'R5': 74.9, 'R10': 87.15, 'mAP': 37.45, 'mINP': 21.198, 'lr': 5.1e-05, 'entropy': 0.165846, 'loss': 2.728977}
      TTA Epoch: [23] [  0/125]  eta: 0:01:39  lr: 0.000048  entropy: 0.0764  loss: 2.6955  time: 0.7989  data: 0.6926  max mem: 4847
      TTA Epoch: [23] [100/125]  eta: 0:00:01  lr: 0.000043  entropy: 0.2021  loss: 2.7433  time: 0.0646  data: 0.0004  max mem: 4847
      TTA Epoch: [23] [124/125]  eta: 0:00:00  lr: 0.000041  entropy: 0.1711  loss: 2.7326  time: 0.0563  data: 0.0003  max mem: 4847
      TTA Epoch: [23] Total time: 0:00:09 (0.0720 s / it)
     Averaged stats: lr: 0.0000  entropy: 0.1573  loss: 2.7258
     itm tta time 0:00:09
     Computing matching score
      ITM Evaluation: [   0/2000]  eta: 0:01:48    time: 0.0541  data: 0.0019  max mem: 4847
      ITM Evaluation: [ 100/2000]  eta: 0:01:13    time: 0.0350  data: 0.0000  max mem: 4847
      ITM Evaluation: [ 200/2000]  eta: 0:01:08    time: 0.0377  data: 0.0000  max mem: 4847
      ITM Evaluation: [ 300/2000]  eta: 0:01:06    time: 0.0427  data: 0.0000  max mem: 4847
      ITM Evaluation: [ 400/2000]  eta: 0:01:03    time: 0.0402  data: 0.0000  max mem: 4847
      ITM Evaluation: [ 500/2000]  eta: 0:00:59    time: 0.0434  data: 0.0000  max mem: 4847
      ITM Evaluation: [ 600/2000]  eta: 0:00:56    time: 0.0424  data: 0.0000  max mem: 4847
      ITM Evaluation: [ 700/2000]  eta: 0:00:52    time: 0.0406  data: 0.0000  max mem: 4847
      ITM Evaluation: [ 800/2000]  eta: 0:00:48    time: 0.0391  data: 0.0000  max mem: 4847
      ITM Evaluation: [ 900/2000]  eta: 0:00:44    time: 0.0413  data: 0.0000  max mem: 4847
      ITM Evaluation: [1000/2000]  eta: 0:00:40    time: 0.0445  data: 0.0000  max mem: 4847
      ITM Evaluation: [1100/2000]  eta: 0:00:36    time: 0.0412  data: 0.0000  max mem: 4847
      ITM Evaluation: [1200/2000]  eta: 0:00:32    time: 0.0434  data: 0.0000  max mem: 4847
      ITM Evaluation: [1300/2000]  eta: 0:00:28    time: 0.0429  data: 0.0000  max mem: 4847
      ITM Evaluation: [1400/2000]  eta: 0:00:24    time: 0.0403  data: 0.0000  max mem: 4847
      ITM Evaluation: [1500/2000]  eta: 0:00:20    time: 0.0381  data: 0.0000  max mem: 4847
      ITM Evaluation: [1600/2000]  eta: 0:00:16    time: 0.0392  data: 0.0000  max mem: 4847
      ITM Evaluation: [1700/2000]  eta: 0:00:12    time: 0.0356  data: 0.0000  max mem: 4847
      ITM Evaluation: [1800/2000]  eta: 0:00:08    time: 0.0382  data: 0.0000  max mem: 4847
      ITM Evaluation: [1900/2000]  eta: 0:00:04    time: 0.0373  data: 0.0000  max mem: 4847
      ITM Evaluation: [1999/2000]  eta: 0:00:00    time: 0.0364  data: 0.0000  max mem: 4847
      ITM Evaluation: Total time: 0:01:20 (0.0403 s / it)
     total_time 80.54345488548279
     Computing matching score time 0:01:20
### TTA ITM Score: 
+-------+--------+--------+--------+--------+--------+
| epoch |   R1   |   R5   |  R10   |  mAP   |  mINP  |
+-------+--------+--------+--------+--------+--------+
|  -999 | 59.000 | 79.650 | 88.500 | 47.231 | 25.876 |
|  -999 | 66.450 | 85.600 | 90.600 | 50.642 | 25.526 |
|   0   | 43.450 | 79.950 | 88.550 | 41.180 | 22.705 |
|   1   | 41.000 | 75.500 | 86.850 | 36.485 | 19.916 |
|   2   | 48.450 | 79.150 | 88.950 | 40.686 | 21.604 |
|   3   | 36.700 | 73.650 | 86.400 | 36.011 | 21.016 |
|   4   | 46.100 | 79.100 | 88.400 | 40.475 | 22.269 |
|   5   | 47.400 | 79.100 | 87.700 | 40.035 | 21.482 |
|   6   | 49.150 | 79.700 | 87.900 | 40.754 | 21.681 |
|   7   | 52.250 | 80.850 | 88.200 | 42.558 | 22.290 |
|   8   | 55.650 | 81.500 | 88.250 | 43.910 | 22.905 |
|   9   | 52.650 | 81.050 | 88.400 | 42.588 | 22.202 |
|   10  | 52.650 | 81.100 | 88.350 | 42.653 | 22.293 |
|   11  | 47.900 | 79.500 | 88.200 | 40.503 | 21.584 |
|   12  | 43.550 | 76.950 | 87.700 | 38.505 | 21.204 |
|   13  | 45.500 | 77.700 | 88.000 | 39.186 | 21.294 |
|   14  | 42.600 | 76.300 | 87.400 | 38.232 | 21.497 |
|   15  | 43.800 | 76.700 | 87.200 | 38.333 | 21.312 |
|   16  | 42.100 | 75.850 | 87.100 | 37.752 | 21.333 |
|   17  | 39.700 | 74.350 | 86.700 | 36.707 | 21.022 |
|   18  | 40.800 | 74.550 | 86.600 | 36.883 | 20.990 |
|   19  | 41.400 | 74.850 | 86.950 | 37.225 | 21.079 |
|   20  | 41.150 | 74.900 | 86.950 | 37.229 | 21.106 |
|   21  | 43.100 | 75.650 | 87.300 | 37.844 | 21.168 |
|   22  | 41.950 | 74.900 | 87.150 | 37.450 | 21.198 |
|   23  | 42.000 | 75.000 | 87.250 | 37.507 | 21.189 |
+-------+--------+--------+--------+--------+--------+
     logs:  {'epo': 23, 'R1': 42.0, 'R5': 75.0, 'R10': 87.25, 'mAP': 37.507, 'mINP': 21.189, 'lr': 4.5e-05, 'entropy': 0.157256, 'loss': 2.725814}
      TTA Epoch: [24] [  0/125]  eta: 0:01:47  lr: 0.000041  entropy: 0.1207  loss: 2.7105  time: 0.8561  data: 0.7529  max mem: 4847
      TTA Epoch: [24] [100/125]  eta: 0:00:01  lr: 0.000036  entropy: 0.1748  loss: 2.7336  time: 0.0703  data: 0.0003  max mem: 4847
      TTA Epoch: [24] [124/125]  eta: 0:00:00  lr: 0.000034  entropy: 0.0946  loss: 2.7023  time: 0.0523  data: 0.0001  max mem: 4847
      TTA Epoch: [24] Total time: 0:00:09 (0.0736 s / it)
     Averaged stats: lr: 0.0000  entropy: 0.1692  loss: 2.7303
     itm tta time 0:00:09
     Computing matching score
      ITM Evaluation: [   0/2000]  eta: 0:02:06    time: 0.0633  data: 0.0027  max mem: 4847
      ITM Evaluation: [ 100/2000]  eta: 0:01:27    time: 0.0495  data: 0.0000  max mem: 4847
      ITM Evaluation: [ 200/2000]  eta: 0:01:24    time: 0.0459  data: 0.0000  max mem: 4847
      ITM Evaluation: [ 300/2000]  eta: 0:01:18    time: 0.0392  data: 0.0000  max mem: 4847
      ITM Evaluation: [ 400/2000]  eta: 0:01:10    time: 0.0374  data: 0.0000  max mem: 4847
      ITM Evaluation: [ 500/2000]  eta: 0:01:04    time: 0.0368  data: 0.0000  max mem: 4847
      ITM Evaluation: [ 600/2000]  eta: 0:00:59    time: 0.0407  data: 0.0000  max mem: 4847
      ITM Evaluation: [ 700/2000]  eta: 0:00:54    time: 0.0395  data: 0.0000  max mem: 4847
      ITM Evaluation: [ 800/2000]  eta: 0:00:50    time: 0.0448  data: 0.0000  max mem: 4847
      ITM Evaluation: [ 900/2000]  eta: 0:00:46    time: 0.0371  data: 0.0000  max mem: 4847
      ITM Evaluation: [1000/2000]  eta: 0:00:41    time: 0.0376  data: 0.0000  max mem: 4847
      ITM Evaluation: [1100/2000]  eta: 0:00:37    time: 0.0390  data: 0.0000  max mem: 4847
      ITM Evaluation: [1200/2000]  eta: 0:00:33    time: 0.0484  data: 0.0000  max mem: 4847
      ITM Evaluation: [1300/2000]  eta: 0:00:29    time: 0.0451  data: 0.0000  max mem: 4847
      ITM Evaluation: [1400/2000]  eta: 0:00:25    time: 0.0476  data: 0.0000  max mem: 4847
      ITM Evaluation: [1500/2000]  eta: 0:00:21    time: 0.0375  data: 0.0000  max mem: 4847
      ITM Evaluation: [1600/2000]  eta: 0:00:16    time: 0.0410  data: 0.0000  max mem: 4847
      ITM Evaluation: [1700/2000]  eta: 0:00:12    time: 0.0454  data: 0.0000  max mem: 4847
      ITM Evaluation: [1800/2000]  eta: 0:00:08    time: 0.0405  data: 0.0000  max mem: 4847
      ITM Evaluation: [1900/2000]  eta: 0:00:04    time: 0.0399  data: 0.0000  max mem: 4847
      ITM Evaluation: [1999/2000]  eta: 0:00:00    time: 0.0388  data: 0.0000  max mem: 4847
      ITM Evaluation: Total time: 0:01:23 (0.0417 s / it)
     total_time 83.39375638961792
     Computing matching score time 0:01:23
### TTA ITM Score: 
+-------+--------+--------+--------+--------+--------+
| epoch |   R1   |   R5   |  R10   |  mAP   |  mINP  |
+-------+--------+--------+--------+--------+--------+
|  -999 | 59.000 | 79.650 | 88.500 | 47.231 | 25.876 |
|  -999 | 66.450 | 85.600 | 90.600 | 50.642 | 25.526 |
|   0   | 43.450 | 79.950 | 88.550 | 41.180 | 22.705 |
|   1   | 41.000 | 75.500 | 86.850 | 36.485 | 19.916 |
|   2   | 48.450 | 79.150 | 88.950 | 40.686 | 21.604 |
|   3   | 36.700 | 73.650 | 86.400 | 36.011 | 21.016 |
|   4   | 46.100 | 79.100 | 88.400 | 40.475 | 22.269 |
|   5   | 47.400 | 79.100 | 87.700 | 40.035 | 21.482 |
|   6   | 49.150 | 79.700 | 87.900 | 40.754 | 21.681 |
|   7   | 52.250 | 80.850 | 88.200 | 42.558 | 22.290 |
|   8   | 55.650 | 81.500 | 88.250 | 43.910 | 22.905 |
|   9   | 52.650 | 81.050 | 88.400 | 42.588 | 22.202 |
|   10  | 52.650 | 81.100 | 88.350 | 42.653 | 22.293 |
|   11  | 47.900 | 79.500 | 88.200 | 40.503 | 21.584 |
|   12  | 43.550 | 76.950 | 87.700 | 38.505 | 21.204 |
|   13  | 45.500 | 77.700 | 88.000 | 39.186 | 21.294 |
|   14  | 42.600 | 76.300 | 87.400 | 38.232 | 21.497 |
|   15  | 43.800 | 76.700 | 87.200 | 38.333 | 21.312 |
|   16  | 42.100 | 75.850 | 87.100 | 37.752 | 21.333 |
|   17  | 39.700 | 74.350 | 86.700 | 36.707 | 21.022 |
|   18  | 40.800 | 74.550 | 86.600 | 36.883 | 20.990 |
|   19  | 41.400 | 74.850 | 86.950 | 37.225 | 21.079 |
|   20  | 41.150 | 74.900 | 86.950 | 37.229 | 21.106 |
|   21  | 43.100 | 75.650 | 87.300 | 37.844 | 21.168 |
|   22  | 41.950 | 74.900 | 87.150 | 37.450 | 21.198 |
|   23  | 42.000 | 75.000 | 87.250 | 37.507 | 21.189 |
|   24  | 41.900 | 75.050 | 87.500 | 37.562 | 21.237 |
+-------+--------+--------+--------+--------+--------+
     logs:  {'epo': 24, 'R1': 41.9, 'R5': 75.05, 'R10': 87.5, 'mAP': 37.562, 'mINP': 21.237, 'lr': 3.8e-05, 'entropy': 0.169209, 'loss': 2.730277}
      TTA Epoch: [25] [  0/125]  eta: 0:01:37  lr: 0.000034  entropy: 0.0921  loss: 2.7052  time: 0.7766  data: 0.6671  max mem: 4847
      TTA Epoch: [25] [100/125]  eta: 0:00:01  lr: 0.000029  entropy: 0.1339  loss: 2.7172  time: 0.0600  data: 0.0002  max mem: 4847
      TTA Epoch: [25] [124/125]  eta: 0:00:00  lr: 0.000028  entropy: 0.1136  loss: 2.7112  time: 0.0536  data: 0.0001  max mem: 4847
      TTA Epoch: [25] Total time: 0:00:08 (0.0662 s / it)
     Averaged stats: lr: 0.0000  entropy: 0.1649  loss: 2.7287
     itm tta time 0:00:08
     Computing matching score
      ITM Evaluation: [   0/2000]  eta: 0:01:32    time: 0.0463  data: 0.0038  max mem: 4847
      ITM Evaluation: [ 100/2000]  eta: 0:01:13    time: 0.0389  data: 0.0000  max mem: 4847
      ITM Evaluation: [ 200/2000]  eta: 0:01:11    time: 0.0384  data: 0.0000  max mem: 4847
      ITM Evaluation: [ 300/2000]  eta: 0:01:09    time: 0.0468  data: 0.0000  max mem: 4847
      ITM Evaluation: [ 400/2000]  eta: 0:01:08    time: 0.0457  data: 0.0000  max mem: 4847
      ITM Evaluation: [ 500/2000]  eta: 0:01:04    time: 0.0402  data: 0.0000  max mem: 4847
      ITM Evaluation: [ 600/2000]  eta: 0:00:59    time: 0.0374  data: 0.0000  max mem: 4847
      ITM Evaluation: [ 700/2000]  eta: 0:00:55    time: 0.0394  data: 0.0000  max mem: 4847
      ITM Evaluation: [ 800/2000]  eta: 0:00:51    time: 0.0441  data: 0.0000  max mem: 4847
      ITM Evaluation: [ 900/2000]  eta: 0:00:47    time: 0.0482  data: 0.0000  max mem: 4847
      ITM Evaluation: [1000/2000]  eta: 0:00:42    time: 0.0406  data: 0.0000  max mem: 4847
      ITM Evaluation: [1100/2000]  eta: 0:00:38    time: 0.0402  data: 0.0000  max mem: 4847
      ITM Evaluation: [1200/2000]  eta: 0:00:33    time: 0.0397  data: 0.0000  max mem: 4847
      ITM Evaluation: [1300/2000]  eta: 0:00:29    time: 0.0368  data: 0.0000  max mem: 4847
      ITM Evaluation: [1400/2000]  eta: 0:00:25    time: 0.0377  data: 0.0000  max mem: 4847
      ITM Evaluation: [1500/2000]  eta: 0:00:20    time: 0.0390  data: 0.0000  max mem: 4847
      ITM Evaluation: [1600/2000]  eta: 0:00:16    time: 0.0371  data: 0.0000  max mem: 4847
      ITM Evaluation: [1700/2000]  eta: 0:00:12    time: 0.0367  data: 0.0000  max mem: 4847
      ITM Evaluation: [1800/2000]  eta: 0:00:08    time: 0.0401  data: 0.0000  max mem: 4847
      ITM Evaluation: [1900/2000]  eta: 0:00:04    time: 0.0499  data: 0.0000  max mem: 4847
      ITM Evaluation: [1999/2000]  eta: 0:00:00    time: 0.0394  data: 0.0000  max mem: 4847
      ITM Evaluation: Total time: 0:01:22 (0.0415 s / it)
     total_time 82.93172574043274
     Computing matching score time 0:01:22
### TTA ITM Score: 
+-------+--------+--------+--------+--------+--------+
| epoch |   R1   |   R5   |  R10   |  mAP   |  mINP  |
+-------+--------+--------+--------+--------+--------+
|  -999 | 59.000 | 79.650 | 88.500 | 47.231 | 25.876 |
|  -999 | 66.450 | 85.600 | 90.600 | 50.642 | 25.526 |
|   0   | 43.450 | 79.950 | 88.550 | 41.180 | 22.705 |
|   1   | 41.000 | 75.500 | 86.850 | 36.485 | 19.916 |
|   2   | 48.450 | 79.150 | 88.950 | 40.686 | 21.604 |
|   3   | 36.700 | 73.650 | 86.400 | 36.011 | 21.016 |
|   4   | 46.100 | 79.100 | 88.400 | 40.475 | 22.269 |
|   5   | 47.400 | 79.100 | 87.700 | 40.035 | 21.482 |
|   6   | 49.150 | 79.700 | 87.900 | 40.754 | 21.681 |
|   7   | 52.250 | 80.850 | 88.200 | 42.558 | 22.290 |
|   8   | 55.650 | 81.500 | 88.250 | 43.910 | 22.905 |
|   9   | 52.650 | 81.050 | 88.400 | 42.588 | 22.202 |
|   10  | 52.650 | 81.100 | 88.350 | 42.653 | 22.293 |
|   11  | 47.900 | 79.500 | 88.200 | 40.503 | 21.584 |
|   12  | 43.550 | 76.950 | 87.700 | 38.505 | 21.204 |
|   13  | 45.500 | 77.700 | 88.000 | 39.186 | 21.294 |
|   14  | 42.600 | 76.300 | 87.400 | 38.232 | 21.497 |
|   15  | 43.800 | 76.700 | 87.200 | 38.333 | 21.312 |
|   16  | 42.100 | 75.850 | 87.100 | 37.752 | 21.333 |
|   17  | 39.700 | 74.350 | 86.700 | 36.707 | 21.022 |
|   18  | 40.800 | 74.550 | 86.600 | 36.883 | 20.990 |
|   19  | 41.400 | 74.850 | 86.950 | 37.225 | 21.079 |
|   20  | 41.150 | 74.900 | 86.950 | 37.229 | 21.106 |
|   21  | 43.100 | 75.650 | 87.300 | 37.844 | 21.168 |
|   22  | 41.950 | 74.900 | 87.150 | 37.450 | 21.198 |
|   23  | 42.000 | 75.000 | 87.250 | 37.507 | 21.189 |
|   24  | 41.900 | 75.050 | 87.500 | 37.562 | 21.237 |
|   25  | 41.800 | 75.500 | 87.500 | 37.548 | 21.226 |
+-------+--------+--------+--------+--------+--------+
     logs:  {'epo': 25, 'R1': 41.8, 'R5': 75.5, 'R10': 87.5, 'mAP': 37.548, 'mINP': 21.226, 'lr': 3.1e-05, 'entropy': 0.164873, 'loss': 2.728653}
      TTA Epoch: [26] [  0/125]  eta: 0:01:20  lr: 0.000027  entropy: 0.2084  loss: 2.7442  time: 0.6426  data: 0.5574  max mem: 4847
      TTA Epoch: [26] [100/125]  eta: 0:00:01  lr: 0.000022  entropy: 0.1236  loss: 2.7161  time: 0.0664  data: 0.0002  max mem: 4847
      TTA Epoch: [26] [124/125]  eta: 0:00:00  lr: 0.000021  entropy: 0.1170  loss: 2.7135  time: 0.0567  data: 0.0002  max mem: 4847
      TTA Epoch: [26] Total time: 0:00:08 (0.0684 s / it)
     Averaged stats: lr: 0.0000  entropy: 0.1615  loss: 2.7274
     itm tta time 0:00:08
     Computing matching score
      ITM Evaluation: [   0/2000]  eta: 0:01:35    time: 0.0476  data: 0.0019  max mem: 4847
      ITM Evaluation: [ 100/2000]  eta: 0:01:17    time: 0.0386  data: 0.0000  max mem: 4847
      ITM Evaluation: [ 200/2000]  eta: 0:01:14    time: 0.0448  data: 0.0000  max mem: 4847
      ITM Evaluation: [ 300/2000]  eta: 0:01:10    time: 0.0419  data: 0.0000  max mem: 4847
      ITM Evaluation: [ 400/2000]  eta: 0:01:06    time: 0.0401  data: 0.0000  max mem: 4847
      ITM Evaluation: [ 500/2000]  eta: 0:01:01    time: 0.0376  data: 0.0000  max mem: 4847
      ITM Evaluation: [ 600/2000]  eta: 0:00:57    time: 0.0410  data: 0.0000  max mem: 4847
      ITM Evaluation: [ 700/2000]  eta: 0:00:53    time: 0.0422  data: 0.0000  max mem: 4847
      ITM Evaluation: [ 800/2000]  eta: 0:00:49    time: 0.0474  data: 0.0000  max mem: 4847
      ITM Evaluation: [ 900/2000]  eta: 0:00:46    time: 0.0522  data: 0.0000  max mem: 4847
      ITM Evaluation: [1000/2000]  eta: 0:00:42    time: 0.0390  data: 0.0000  max mem: 4847
      ITM Evaluation: [1100/2000]  eta: 0:00:38    time: 0.0457  data: 0.0000  max mem: 4847
      ITM Evaluation: [1200/2000]  eta: 0:00:34    time: 0.0432  data: 0.0000  max mem: 4847
      ITM Evaluation: [1300/2000]  eta: 0:00:29    time: 0.0429  data: 0.0000  max mem: 4847
      ITM Evaluation: [1400/2000]  eta: 0:00:25    time: 0.0389  data: 0.0000  max mem: 4847
      ITM Evaluation: [1500/2000]  eta: 0:00:21    time: 0.0410  data: 0.0000  max mem: 4847
      ITM Evaluation: [1600/2000]  eta: 0:00:16    time: 0.0445  data: 0.0000  max mem: 4847
      ITM Evaluation: [1700/2000]  eta: 0:00:12    time: 0.0437  data: 0.0000  max mem: 4847
      ITM Evaluation: [1800/2000]  eta: 0:00:08    time: 0.0431  data: 0.0000  max mem: 4847
      ITM Evaluation: [1900/2000]  eta: 0:00:04    time: 0.0385  data: 0.0000  max mem: 4847
      ITM Evaluation: [1999/2000]  eta: 0:00:00    time: 0.0505  data: 0.0000  max mem: 4847
      ITM Evaluation: Total time: 0:01:24 (0.0424 s / it)
     total_time 84.7427237033844
     Computing matching score time 0:01:24
### TTA ITM Score: 
+-------+--------+--------+--------+--------+--------+
| epoch |   R1   |   R5   |  R10   |  mAP   |  mINP  |
+-------+--------+--------+--------+--------+--------+
|  -999 | 59.000 | 79.650 | 88.500 | 47.231 | 25.876 |
|  -999 | 66.450 | 85.600 | 90.600 | 50.642 | 25.526 |
|   0   | 43.450 | 79.950 | 88.550 | 41.180 | 22.705 |
|   1   | 41.000 | 75.500 | 86.850 | 36.485 | 19.916 |
|   2   | 48.450 | 79.150 | 88.950 | 40.686 | 21.604 |
|   3   | 36.700 | 73.650 | 86.400 | 36.011 | 21.016 |
|   4   | 46.100 | 79.100 | 88.400 | 40.475 | 22.269 |
|   5   | 47.400 | 79.100 | 87.700 | 40.035 | 21.482 |
|   6   | 49.150 | 79.700 | 87.900 | 40.754 | 21.681 |
|   7   | 52.250 | 80.850 | 88.200 | 42.558 | 22.290 |
|   8   | 55.650 | 81.500 | 88.250 | 43.910 | 22.905 |
|   9   | 52.650 | 81.050 | 88.400 | 42.588 | 22.202 |
|   10  | 52.650 | 81.100 | 88.350 | 42.653 | 22.293 |
|   11  | 47.900 | 79.500 | 88.200 | 40.503 | 21.584 |
|   12  | 43.550 | 76.950 | 87.700 | 38.505 | 21.204 |
|   13  | 45.500 | 77.700 | 88.000 | 39.186 | 21.294 |
|   14  | 42.600 | 76.300 | 87.400 | 38.232 | 21.497 |
|   15  | 43.800 | 76.700 | 87.200 | 38.333 | 21.312 |
|   16  | 42.100 | 75.850 | 87.100 | 37.752 | 21.333 |
|   17  | 39.700 | 74.350 | 86.700 | 36.707 | 21.022 |
|   18  | 40.800 | 74.550 | 86.600 | 36.883 | 20.990 |
|   19  | 41.400 | 74.850 | 86.950 | 37.225 | 21.079 |
|   20  | 41.150 | 74.900 | 86.950 | 37.229 | 21.106 |
|   21  | 43.100 | 75.650 | 87.300 | 37.844 | 21.168 |
|   22  | 41.950 | 74.900 | 87.150 | 37.450 | 21.198 |
|   23  | 42.000 | 75.000 | 87.250 | 37.507 | 21.189 |
|   24  | 41.900 | 75.050 | 87.500 | 37.562 | 21.237 |
|   25  | 41.800 | 75.500 | 87.500 | 37.548 | 21.226 |
|   26  | 41.850 | 75.550 | 87.550 | 37.678 | 21.259 |
+-------+--------+--------+--------+--------+--------+
     logs:  {'epo': 26, 'R1': 41.85, 'R5': 75.55, 'R10': 87.55, 'mAP': 37.678, 'mINP': 21.259, 'lr': 2.4e-05, 'entropy': 0.161516, 'loss': 2.727376}
      TTA Epoch: [27] [  0/125]  eta: 0:01:39  lr: 0.000021  entropy: 0.1046  loss: 2.7078  time: 0.7937  data: 0.6858  max mem: 4847
      TTA Epoch: [27] [100/125]  eta: 0:00:01  lr: 0.000015  entropy: 0.1811  loss: 2.7366  time: 0.0628  data: 0.0006  max mem: 4847
      TTA Epoch: [27] [124/125]  eta: 0:00:00  lr: 0.000014  entropy: 0.1612  loss: 2.7290  time: 0.0530  data: 0.0001  max mem: 4847
      TTA Epoch: [27] Total time: 0:00:08 (0.0690 s / it)
     Averaged stats: lr: 0.0000  entropy: 0.1607  loss: 2.7271
     itm tta time 0:00:08
     Computing matching score
      ITM Evaluation: [   0/2000]  eta: 0:02:14    time: 0.0674  data: 0.0052  max mem: 4847
      ITM Evaluation: [ 100/2000]  eta: 0:01:17    time: 0.0383  data: 0.0000  max mem: 4847
      ITM Evaluation: [ 200/2000]  eta: 0:01:12    time: 0.0409  data: 0.0000  max mem: 4847
      ITM Evaluation: [ 300/2000]  eta: 0:01:07    time: 0.0414  data: 0.0000  max mem: 4847
      ITM Evaluation: [ 400/2000]  eta: 0:01:05    time: 0.0438  data: 0.0000  max mem: 4847
      ITM Evaluation: [ 500/2000]  eta: 0:01:01    time: 0.0428  data: 0.0000  max mem: 4847
      ITM Evaluation: [ 600/2000]  eta: 0:00:57    time: 0.0377  data: 0.0000  max mem: 4847
      ITM Evaluation: [ 700/2000]  eta: 0:00:52    time: 0.0367  data: 0.0000  max mem: 4847
      ITM Evaluation: [ 800/2000]  eta: 0:00:48    time: 0.0385  data: 0.0000  max mem: 4847
      ITM Evaluation: [ 900/2000]  eta: 0:00:45    time: 0.0466  data: 0.0000  max mem: 4847
      ITM Evaluation: [1000/2000]  eta: 0:00:41    time: 0.0445  data: 0.0000  max mem: 4847
      ITM Evaluation: [1100/2000]  eta: 0:00:38    time: 0.0482  data: 0.0000  max mem: 4847
      ITM Evaluation: [1200/2000]  eta: 0:00:34    time: 0.0422  data: 0.0000  max mem: 4847
      ITM Evaluation: [1300/2000]  eta: 0:00:29    time: 0.0477  data: 0.0000  max mem: 4847
      ITM Evaluation: [1400/2000]  eta: 0:00:25    time: 0.0399  data: 0.0000  max mem: 4847
      ITM Evaluation: [1500/2000]  eta: 0:00:21    time: 0.0397  data: 0.0000  max mem: 4847
      ITM Evaluation: [1600/2000]  eta: 0:00:16    time: 0.0394  data: 0.0000  max mem: 4847
      ITM Evaluation: [1700/2000]  eta: 0:00:12    time: 0.0424  data: 0.0000  max mem: 4847
      ITM Evaluation: [1800/2000]  eta: 0:00:08    time: 0.0381  data: 0.0000  max mem: 4847
      ITM Evaluation: [1900/2000]  eta: 0:00:04    time: 0.0372  data: 0.0000  max mem: 4847
      ITM Evaluation: [1999/2000]  eta: 0:00:00    time: 0.0457  data: 0.0000  max mem: 4847
      ITM Evaluation: Total time: 0:01:23 (0.0418 s / it)
     total_time 83.68548130989075
     Computing matching score time 0:01:23
### TTA ITM Score: 
+-------+--------+--------+--------+--------+--------+
| epoch |   R1   |   R5   |  R10   |  mAP   |  mINP  |
+-------+--------+--------+--------+--------+--------+
|  -999 | 59.000 | 79.650 | 88.500 | 47.231 | 25.876 |
|  -999 | 66.450 | 85.600 | 90.600 | 50.642 | 25.526 |
|   0   | 43.450 | 79.950 | 88.550 | 41.180 | 22.705 |
|   1   | 41.000 | 75.500 | 86.850 | 36.485 | 19.916 |
|   2   | 48.450 | 79.150 | 88.950 | 40.686 | 21.604 |
|   3   | 36.700 | 73.650 | 86.400 | 36.011 | 21.016 |
|   4   | 46.100 | 79.100 | 88.400 | 40.475 | 22.269 |
|   5   | 47.400 | 79.100 | 87.700 | 40.035 | 21.482 |
|   6   | 49.150 | 79.700 | 87.900 | 40.754 | 21.681 |
|   7   | 52.250 | 80.850 | 88.200 | 42.558 | 22.290 |
|   8   | 55.650 | 81.500 | 88.250 | 43.910 | 22.905 |
|   9   | 52.650 | 81.050 | 88.400 | 42.588 | 22.202 |
|   10  | 52.650 | 81.100 | 88.350 | 42.653 | 22.293 |
|   11  | 47.900 | 79.500 | 88.200 | 40.503 | 21.584 |
|   12  | 43.550 | 76.950 | 87.700 | 38.505 | 21.204 |
|   13  | 45.500 | 77.700 | 88.000 | 39.186 | 21.294 |
|   14  | 42.600 | 76.300 | 87.400 | 38.232 | 21.497 |
|   15  | 43.800 | 76.700 | 87.200 | 38.333 | 21.312 |
|   16  | 42.100 | 75.850 | 87.100 | 37.752 | 21.333 |
|   17  | 39.700 | 74.350 | 86.700 | 36.707 | 21.022 |
|   18  | 40.800 | 74.550 | 86.600 | 36.883 | 20.990 |
|   19  | 41.400 | 74.850 | 86.950 | 37.225 | 21.079 |
|   20  | 41.150 | 74.900 | 86.950 | 37.229 | 21.106 |
|   21  | 43.100 | 75.650 | 87.300 | 37.844 | 21.168 |
|   22  | 41.950 | 74.900 | 87.150 | 37.450 | 21.198 |
|   23  | 42.000 | 75.000 | 87.250 | 37.507 | 21.189 |
|   24  | 41.900 | 75.050 | 87.500 | 37.562 | 21.237 |
|   25  | 41.800 | 75.500 | 87.500 | 37.548 | 21.226 |
|   26  | 41.850 | 75.550 | 87.550 | 37.678 | 21.259 |
|   27  | 41.900 | 75.850 | 87.550 | 37.709 | 21.272 |
+-------+--------+--------+--------+--------+--------+
     logs:  {'epo': 27, 'R1': 41.9, 'R5': 75.85, 'R10': 87.55, 'mAP': 37.709, 'mINP': 21.272, 'lr': 1.7e-05, 'entropy': 0.160729, 'loss': 2.727086}
      TTA Epoch: [28] [  0/125]  eta: 0:01:45  lr: 0.000014  entropy: 0.0909  loss: 2.7046  time: 0.8447  data: 0.7311  max mem: 4847
      TTA Epoch: [28] [100/125]  eta: 0:00:02  lr: 0.000008  entropy: 0.0930  loss: 2.7014  time: 0.0681  data: 0.0002  max mem: 4847
      TTA Epoch: [28] [124/125]  eta: 0:00:00  lr: 0.000007  entropy: 0.1464  loss: 2.7245  time: 0.0595  data: 0.0003  max mem: 4847
      TTA Epoch: [28] Total time: 0:00:09 (0.0793 s / it)
     Averaged stats: lr: 0.0000  entropy: 0.1575  loss: 2.7259
     itm tta time 0:00:10
     Computing matching score
      ITM Evaluation: [   0/2000]  eta: 0:02:21    time: 0.0709  data: 0.0026  max mem: 4847
      ITM Evaluation: [ 100/2000]  eta: 0:01:35    time: 0.0461  data: 0.0000  max mem: 4847
      ITM Evaluation: [ 200/2000]  eta: 0:01:23    time: 0.0399  data: 0.0000  max mem: 4847
      ITM Evaluation: [ 300/2000]  eta: 0:01:18    time: 0.0468  data: 0.0000  max mem: 4847
      ITM Evaluation: [ 400/2000]  eta: 0:01:11    time: 0.0412  data: 0.0000  max mem: 4847
      ITM Evaluation: [ 500/2000]  eta: 0:01:06    time: 0.0442  data: 0.0000  max mem: 4847
      ITM Evaluation: [ 600/2000]  eta: 0:01:01    time: 0.0388  data: 0.0000  max mem: 4847
      ITM Evaluation: [ 700/2000]  eta: 0:00:56    time: 0.0439  data: 0.0000  max mem: 4847
      ITM Evaluation: [ 800/2000]  eta: 0:00:51    time: 0.0408  data: 0.0000  max mem: 4847
      ITM Evaluation: [ 900/2000]  eta: 0:00:47    time: 0.0467  data: 0.0000  max mem: 4847
      ITM Evaluation: [1000/2000]  eta: 0:00:43    time: 0.0432  data: 0.0000  max mem: 4847
      ITM Evaluation: [1100/2000]  eta: 0:00:38    time: 0.0448  data: 0.0000  max mem: 4847
      ITM Evaluation: [1200/2000]  eta: 0:00:34    time: 0.0414  data: 0.0000  max mem: 4847
      ITM Evaluation: [1300/2000]  eta: 0:00:30    time: 0.0375  data: 0.0000  max mem: 4847
      ITM Evaluation: [1400/2000]  eta: 0:00:25    time: 0.0404  data: 0.0000  max mem: 4847
      ITM Evaluation: [1500/2000]  eta: 0:00:21    time: 0.0345  data: 0.0000  max mem: 4847
      ITM Evaluation: [1600/2000]  eta: 0:00:16    time: 0.0414  data: 0.0000  max mem: 4847
      ITM Evaluation: [1700/2000]  eta: 0:00:12    time: 0.0359  data: 0.0000  max mem: 4847
      ITM Evaluation: [1800/2000]  eta: 0:00:08    time: 0.0364  data: 0.0000  max mem: 4847
      ITM Evaluation: [1900/2000]  eta: 0:00:04    time: 0.0389  data: 0.0000  max mem: 4847
      ITM Evaluation: [1999/2000]  eta: 0:00:00    time: 0.0387  data: 0.0000  max mem: 4847
      ITM Evaluation: Total time: 0:01:23 (0.0418 s / it)
     total_time 83.61724305152893
     Computing matching score time 0:01:23
### TTA ITM Score: 
+-------+--------+--------+--------+--------+--------+
| epoch |   R1   |   R5   |  R10   |  mAP   |  mINP  |
+-------+--------+--------+--------+--------+--------+
|  -999 | 59.000 | 79.650 | 88.500 | 47.231 | 25.876 |
|  -999 | 66.450 | 85.600 | 90.600 | 50.642 | 25.526 |
|   0   | 43.450 | 79.950 | 88.550 | 41.180 | 22.705 |
|   1   | 41.000 | 75.500 | 86.850 | 36.485 | 19.916 |
|   2   | 48.450 | 79.150 | 88.950 | 40.686 | 21.604 |
|   3   | 36.700 | 73.650 | 86.400 | 36.011 | 21.016 |
|   4   | 46.100 | 79.100 | 88.400 | 40.475 | 22.269 |
|   5   | 47.400 | 79.100 | 87.700 | 40.035 | 21.482 |
|   6   | 49.150 | 79.700 | 87.900 | 40.754 | 21.681 |
|   7   | 52.250 | 80.850 | 88.200 | 42.558 | 22.290 |
|   8   | 55.650 | 81.500 | 88.250 | 43.910 | 22.905 |
|   9   | 52.650 | 81.050 | 88.400 | 42.588 | 22.202 |
|   10  | 52.650 | 81.100 | 88.350 | 42.653 | 22.293 |
|   11  | 47.900 | 79.500 | 88.200 | 40.503 | 21.584 |
|   12  | 43.550 | 76.950 | 87.700 | 38.505 | 21.204 |
|   13  | 45.500 | 77.700 | 88.000 | 39.186 | 21.294 |
|   14  | 42.600 | 76.300 | 87.400 | 38.232 | 21.497 |
|   15  | 43.800 | 76.700 | 87.200 | 38.333 | 21.312 |
|   16  | 42.100 | 75.850 | 87.100 | 37.752 | 21.333 |
|   17  | 39.700 | 74.350 | 86.700 | 36.707 | 21.022 |
|   18  | 40.800 | 74.550 | 86.600 | 36.883 | 20.990 |
|   19  | 41.400 | 74.850 | 86.950 | 37.225 | 21.079 |
|   20  | 41.150 | 74.900 | 86.950 | 37.229 | 21.106 |
|   21  | 43.100 | 75.650 | 87.300 | 37.844 | 21.168 |
|   22  | 41.950 | 74.900 | 87.150 | 37.450 | 21.198 |
|   23  | 42.000 | 75.000 | 87.250 | 37.507 | 21.189 |
|   24  | 41.900 | 75.050 | 87.500 | 37.562 | 21.237 |
|   25  | 41.800 | 75.500 | 87.500 | 37.548 | 21.226 |
|   26  | 41.850 | 75.550 | 87.550 | 37.678 | 21.259 |
|   27  | 41.900 | 75.850 | 87.550 | 37.709 | 21.272 |
|   28  | 42.450 | 75.900 | 87.400 | 37.823 | 21.288 |
+-------+--------+--------+--------+--------+--------+
     logs:  {'epo': 28, 'R1': 42.45, 'R5': 75.9, 'R10': 87.4, 'mAP': 37.823, 'mINP': 21.288, 'lr': 1e-05, 'entropy': 0.157535, 'loss': 2.725881}
      TTA Epoch: [29] [  0/125]  eta: 0:01:44  lr: 0.000007  entropy: 0.0864  loss: 2.6946  time: 0.8394  data: 0.7085  max mem: 4847
      TTA Epoch: [29] [100/125]  eta: 0:00:01  lr: 0.000001  entropy: 0.0860  loss: 2.6998  time: 0.0600  data: 0.0004  max mem: 4847
      TTA Epoch: [29] [124/125]  eta: 0:00:00  lr: 0.000000  entropy: 0.1631  loss: 2.7238  time: 0.0546  data: 0.0002  max mem: 4847
      TTA Epoch: [29] Total time: 0:00:08 (0.0668 s / it)
     Averaged stats: lr: 0.0000  entropy: 0.1602  loss: 2.7269
     itm tta time 0:00:08
     Computing matching score
      ITM Evaluation: [   0/2000]  eta: 0:01:32    time: 0.0461  data: 0.0024  max mem: 4847
      ITM Evaluation: [ 100/2000]  eta: 0:01:19    time: 0.0429  data: 0.0000  max mem: 4847
      ITM Evaluation: [ 200/2000]  eta: 0:01:15    time: 0.0437  data: 0.0000  max mem: 4847
      ITM Evaluation: [ 300/2000]  eta: 0:01:13    time: 0.0455  data: 0.0000  max mem: 4847
      ITM Evaluation: [ 400/2000]  eta: 0:01:07    time: 0.0375  data: 0.0000  max mem: 4847
      ITM Evaluation: [ 500/2000]  eta: 0:01:02    time: 0.0390  data: 0.0000  max mem: 4847
      ITM Evaluation: [ 600/2000]  eta: 0:00:58    time: 0.0410  data: 0.0000  max mem: 4847
      ITM Evaluation: [ 700/2000]  eta: 0:00:53    time: 0.0363  data: 0.0000  max mem: 4847
      ITM Evaluation: [ 800/2000]  eta: 0:00:49    time: 0.0434  data: 0.0000  max mem: 4847
      ITM Evaluation: [ 900/2000]  eta: 0:00:45    time: 0.0407  data: 0.0000  max mem: 4847
      ITM Evaluation: [1000/2000]  eta: 0:00:40    time: 0.0406  data: 0.0000  max mem: 4847
      ITM Evaluation: [1100/2000]  eta: 0:00:36    time: 0.0391  data: 0.0000  max mem: 4847
      ITM Evaluation: [1200/2000]  eta: 0:00:32    time: 0.0446  data: 0.0000  max mem: 4847
      ITM Evaluation: [1300/2000]  eta: 0:00:28    time: 0.0451  data: 0.0000  max mem: 4847
      ITM Evaluation: [1400/2000]  eta: 0:00:25    time: 0.0478  data: 0.0000  max mem: 4847
      ITM Evaluation: [1500/2000]  eta: 0:00:20    time: 0.0391  data: 0.0000  max mem: 4847
      ITM Evaluation: [1600/2000]  eta: 0:00:16    time: 0.0390  data: 0.0000  max mem: 4847
      ITM Evaluation: [1700/2000]  eta: 0:00:12    time: 0.0432  data: 0.0000  max mem: 4847
      ITM Evaluation: [1800/2000]  eta: 0:00:08    time: 0.0362  data: 0.0000  max mem: 4847
      ITM Evaluation: [1900/2000]  eta: 0:00:04    time: 0.0410  data: 0.0000  max mem: 4847
      ITM Evaluation: [1999/2000]  eta: 0:00:00    time: 0.0394  data: 0.0000  max mem: 4847
      ITM Evaluation: Total time: 0:01:22 (0.0413 s / it)
     total_time 82.66708612442017
     Computing matching score time 0:01:22
### TTA ITM Score: 
+-------+--------+--------+--------+--------+--------+
| epoch |   R1   |   R5   |  R10   |  mAP   |  mINP  |
+-------+--------+--------+--------+--------+--------+
|  -999 | 59.000 | 79.650 | 88.500 | 47.231 | 25.876 |
|  -999 | 66.450 | 85.600 | 90.600 | 50.642 | 25.526 |
|   0   | 43.450 | 79.950 | 88.550 | 41.180 | 22.705 |
|   1   | 41.000 | 75.500 | 86.850 | 36.485 | 19.916 |
|   2   | 48.450 | 79.150 | 88.950 | 40.686 | 21.604 |
|   3   | 36.700 | 73.650 | 86.400 | 36.011 | 21.016 |
|   4   | 46.100 | 79.100 | 88.400 | 40.475 | 22.269 |
|   5   | 47.400 | 79.100 | 87.700 | 40.035 | 21.482 |
|   6   | 49.150 | 79.700 | 87.900 | 40.754 | 21.681 |
|   7   | 52.250 | 80.850 | 88.200 | 42.558 | 22.290 |
|   8   | 55.650 | 81.500 | 88.250 | 43.910 | 22.905 |
|   9   | 52.650 | 81.050 | 88.400 | 42.588 | 22.202 |
|   10  | 52.650 | 81.100 | 88.350 | 42.653 | 22.293 |
|   11  | 47.900 | 79.500 | 88.200 | 40.503 | 21.584 |
|   12  | 43.550 | 76.950 | 87.700 | 38.505 | 21.204 |
|   13  | 45.500 | 77.700 | 88.000 | 39.186 | 21.294 |
|   14  | 42.600 | 76.300 | 87.400 | 38.232 | 21.497 |
|   15  | 43.800 | 76.700 | 87.200 | 38.333 | 21.312 |
|   16  | 42.100 | 75.850 | 87.100 | 37.752 | 21.333 |
|   17  | 39.700 | 74.350 | 86.700 | 36.707 | 21.022 |
|   18  | 40.800 | 74.550 | 86.600 | 36.883 | 20.990 |
|   19  | 41.400 | 74.850 | 86.950 | 37.225 | 21.079 |
|   20  | 41.150 | 74.900 | 86.950 | 37.229 | 21.106 |
|   21  | 43.100 | 75.650 | 87.300 | 37.844 | 21.168 |
|   22  | 41.950 | 74.900 | 87.150 | 37.450 | 21.198 |
|   23  | 42.000 | 75.000 | 87.250 | 37.507 | 21.189 |
|   24  | 41.900 | 75.050 | 87.500 | 37.562 | 21.237 |
|   25  | 41.800 | 75.500 | 87.500 | 37.548 | 21.226 |
|   26  | 41.850 | 75.550 | 87.550 | 37.678 | 21.259 |
|   27  | 41.900 | 75.850 | 87.550 | 37.709 | 21.272 |
|   28  | 42.450 | 75.900 | 87.400 | 37.823 | 21.288 |
|   29  | 42.350 | 75.900 | 87.400 | 37.811 | 21.299 |
+-------+--------+--------+--------+--------+--------+
     logs:  {'epo': 29, 'R1': 42.35, 'R5': 75.9, 'R10': 87.4, 'mAP': 37.811, 'mINP': 21.299, 'lr': 4e-06, 'entropy': 0.160161, 'loss': 2.726866}
### best epoch 8 : {'epo': '8', 'R1': '55.65', 'R5': '81.5', 'R10': '88.25', 'mAP': '43.91', 'mINP': '22.905', 'lr': '0.000147', 'entropy': '0.21043', 'loss': '2.745735'}
### Time 0:50:08
