Not using distributed mode
### Hyper-parameters:
     seed: 42
     device: cuda
     output_dir: output/ft_rstp/tta/tta_exp2
     batch_size_tta: 16
     epochs: 30
     lr: 0.001
### Creating model
use_swin
load checkpoint from checkpoints/ft_rstp/checkpoint_best.pth
missing_keys:  []
vision_encoder missing_keys:  []
unexpected_keys:  []
     Total Params Sum:  214456629
### Creating test dataset
     test_dataset: 1000
### Creating test dataloader
### be careful: func create_loader returns a list length of 1
     test_loader: 7
### Inference ITC similiarity matrix
     Computing text features for evaluation
     Computing image features for evaluation
/home/jiahao/task/APTM/reTools.py:308: UserWarning: To copy construct from a tensor, it is recommended to use sourceTensor.clone().detach() or sourceTensor.clone().detach().requires_grad_(True), rather than torch.tensor(sourceTensor).
  similarity = torch.tensor(scores_t2i)
     Computing features time 0:00:04
### Zero-Shot ITC Score: 
+-------+--------+--------+--------+--------+--------+
| epoch |   R1   |   R5   |  R10   |  mAP   |  mINP  |
+-------+--------+--------+--------+--------+--------+
|  -999 | 59.000 | 79.650 | 88.500 | 47.231 | 25.876 |
+-------+--------+--------+--------+--------+--------+
     Computing matching score
      ITM Evaluation: [   0/2000]  eta: 0:01:28    time: 0.0442  data: 0.0019  max mem: 4847
      ITM Evaluation: [ 100/2000]  eta: 0:01:31    time: 0.0457  data: 0.0000  max mem: 4847
      ITM Evaluation: [ 200/2000]  eta: 0:01:26    time: 0.0484  data: 0.0000  max mem: 4847
      ITM Evaluation: [ 300/2000]  eta: 0:01:19    time: 0.0408  data: 0.0000  max mem: 4847
      ITM Evaluation: [ 400/2000]  eta: 0:01:13    time: 0.0437  data: 0.0000  max mem: 4847
      ITM Evaluation: [ 500/2000]  eta: 0:01:08    time: 0.0460  data: 0.0000  max mem: 4847
      ITM Evaluation: [ 600/2000]  eta: 0:01:04    time: 0.0467  data: 0.0000  max mem: 4847
      ITM Evaluation: [ 700/2000]  eta: 0:00:59    time: 0.0480  data: 0.0000  max mem: 4847
      ITM Evaluation: [ 800/2000]  eta: 0:00:55    time: 0.0457  data: 0.0000  max mem: 4847
      ITM Evaluation: [ 900/2000]  eta: 0:00:50    time: 0.0457  data: 0.0000  max mem: 4847
      ITM Evaluation: [1000/2000]  eta: 0:00:46    time: 0.0469  data: 0.0000  max mem: 4847
      ITM Evaluation: [1100/2000]  eta: 0:00:42    time: 0.0497  data: 0.0000  max mem: 4847
      ITM Evaluation: [1200/2000]  eta: 0:00:37    time: 0.0448  data: 0.0000  max mem: 4847
      ITM Evaluation: [1300/2000]  eta: 0:00:32    time: 0.0390  data: 0.0000  max mem: 4847
      ITM Evaluation: [1400/2000]  eta: 0:00:27    time: 0.0461  data: 0.0000  max mem: 4847
      ITM Evaluation: [1500/2000]  eta: 0:00:23    time: 0.0398  data: 0.0000  max mem: 4847
      ITM Evaluation: [1600/2000]  eta: 0:00:18    time: 0.0409  data: 0.0000  max mem: 4847
      ITM Evaluation: [1700/2000]  eta: 0:00:13    time: 0.0441  data: 0.0000  max mem: 4847
      ITM Evaluation: [1800/2000]  eta: 0:00:09    time: 0.0441  data: 0.0000  max mem: 4847
      ITM Evaluation: [1900/2000]  eta: 0:00:04    time: 0.0386  data: 0.0000  max mem: 4847
      ITM Evaluation: [1999/2000]  eta: 0:00:00    time: 0.0408  data: 0.0000  max mem: 4847
      ITM Evaluation: Total time: 0:01:29 (0.0449 s / it)
     total_time 89.8590042591095
     Computing matching score time 0:01:29
### Zero-Shot ITM Score: 
+-------+--------+--------+--------+--------+--------+
| epoch |   R1   |   R5   |  R10   |  mAP   |  mINP  |
+-------+--------+--------+--------+--------+--------+
|  -999 | 59.000 | 79.650 | 88.500 | 47.231 | 25.876 |
|  -999 | 66.450 | 85.600 | 90.600 | 50.642 | 25.526 |
+-------+--------+--------+--------+--------+--------+
### TTA:
### Compute ITC Uncertainty
     preprocess_tta_coefficients  start
     sample selection ...
     number of sample after sample_selection: 455
     uncertainty ...
     preprocess_tta_coefficients  end
### Creating tta dataset
     tta_dataset: 455
### Creating tta dataloader
### be careful: func create_loader returns a list length of 1
     tta_loader: 28
### Configure adapted weights
     TTA Dropout Modules: 
 [('vision_encoder.pos_drop', Dropout(p=0.0, inplace=False), True), ('vision_encoder.layers.0.blocks.0.attn.attn_drop', Dropout(p=0.0, inplace=False), True), ('vision_encoder.layers.0.blocks.0.attn.proj_drop', Dropout(p=0.0, inplace=False), True), ('vision_encoder.layers.0.blocks.0.mlp.drop', Dropout(p=0.0, inplace=False), True), ('vision_encoder.layers.0.blocks.1.attn.attn_drop', Dropout(p=0.0, inplace=False), True), ('vision_encoder.layers.0.blocks.1.attn.proj_drop', Dropout(p=0.0, inplace=False), True), ('vision_encoder.layers.0.blocks.1.mlp.drop', Dropout(p=0.0, inplace=False), True), ('vision_encoder.layers.1.blocks.0.attn.attn_drop', Dropout(p=0.0, inplace=False), True), ('vision_encoder.layers.1.blocks.0.attn.proj_drop', Dropout(p=0.0, inplace=False), True), ('vision_encoder.layers.1.blocks.0.mlp.drop', Dropout(p=0.0, inplace=False), True), ('vision_encoder.layers.1.blocks.1.attn.attn_drop', Dropout(p=0.0, inplace=False), True), ('vision_encoder.layers.1.blocks.1.attn.proj_drop', Dropout(p=0.0, inplace=False), True), ('vision_encoder.layers.1.blocks.1.mlp.drop', Dropout(p=0.0, inplace=False), True), ('vision_encoder.layers.2.blocks.0.attn.attn_drop', Dropout(p=0.0, inplace=False), True), ('vision_encoder.layers.2.blocks.0.attn.proj_drop', Dropout(p=0.0, inplace=False), True), ('vision_encoder.layers.2.blocks.0.mlp.drop', Dropout(p=0.0, inplace=False), True), ('vision_encoder.layers.2.blocks.1.attn.attn_drop', Dropout(p=0.0, inplace=False), True), ('vision_encoder.layers.2.blocks.1.attn.proj_drop', Dropout(p=0.0, inplace=False), True), ('vision_encoder.layers.2.blocks.1.mlp.drop', Dropout(p=0.0, inplace=False), True), ('vision_encoder.layers.2.blocks.2.attn.attn_drop', Dropout(p=0.0, inplace=False), True), ('vision_encoder.layers.2.blocks.2.attn.proj_drop', Dropout(p=0.0, inplace=False), True), ('vision_encoder.layers.2.blocks.2.mlp.drop', Dropout(p=0.0, inplace=False), True), ('vision_encoder.layers.2.blocks.3.attn.attn_drop', Dropout(p=0.0, inplace=False), True), ('vision_encoder.layers.2.blocks.3.attn.proj_drop', Dropout(p=0.0, inplace=False), True), ('vision_encoder.layers.2.blocks.3.mlp.drop', Dropout(p=0.0, inplace=False), True), ('vision_encoder.layers.2.blocks.4.attn.attn_drop', Dropout(p=0.0, inplace=False), True), ('vision_encoder.layers.2.blocks.4.attn.proj_drop', Dropout(p=0.0, inplace=False), True), ('vision_encoder.layers.2.blocks.4.mlp.drop', Dropout(p=0.0, inplace=False), True), ('vision_encoder.layers.2.blocks.5.attn.attn_drop', Dropout(p=0.0, inplace=False), True), ('vision_encoder.layers.2.blocks.5.attn.proj_drop', Dropout(p=0.0, inplace=False), True), ('vision_encoder.layers.2.blocks.5.mlp.drop', Dropout(p=0.0, inplace=False), True), ('vision_encoder.layers.2.blocks.6.attn.attn_drop', Dropout(p=0.0, inplace=False), True), ('vision_encoder.layers.2.blocks.6.attn.proj_drop', Dropout(p=0.0, inplace=False), True), ('vision_encoder.layers.2.blocks.6.mlp.drop', Dropout(p=0.0, inplace=False), True), ('vision_encoder.layers.2.blocks.7.attn.attn_drop', Dropout(p=0.0, inplace=False), True), ('vision_encoder.layers.2.blocks.7.attn.proj_drop', Dropout(p=0.0, inplace=False), True), ('vision_encoder.layers.2.blocks.7.mlp.drop', Dropout(p=0.0, inplace=False), True), ('vision_encoder.layers.2.blocks.8.attn.attn_drop', Dropout(p=0.0, inplace=False), True), ('vision_encoder.layers.2.blocks.8.attn.proj_drop', Dropout(p=0.0, inplace=False), True), ('vision_encoder.layers.2.blocks.8.mlp.drop', Dropout(p=0.0, inplace=False), True), ('vision_encoder.layers.2.blocks.9.attn.attn_drop', Dropout(p=0.0, inplace=False), True), ('vision_encoder.layers.2.blocks.9.attn.proj_drop', Dropout(p=0.0, inplace=False), True), ('vision_encoder.layers.2.blocks.9.mlp.drop', Dropout(p=0.0, inplace=False), True), ('vision_encoder.layers.2.blocks.10.attn.attn_drop', Dropout(p=0.0, inplace=False), True), ('vision_encoder.layers.2.blocks.10.attn.proj_drop', Dropout(p=0.0, inplace=False), True), ('vision_encoder.layers.2.blocks.10.mlp.drop', Dropout(p=0.0, inplace=False), True), ('vision_encoder.layers.2.blocks.11.attn.attn_drop', Dropout(p=0.0, inplace=False), True), ('vision_encoder.layers.2.blocks.11.attn.proj_drop', Dropout(p=0.0, inplace=False), True), ('vision_encoder.layers.2.blocks.11.mlp.drop', Dropout(p=0.0, inplace=False), True), ('vision_encoder.layers.2.blocks.12.attn.attn_drop', Dropout(p=0.0, inplace=False), True), ('vision_encoder.layers.2.blocks.12.attn.proj_drop', Dropout(p=0.0, inplace=False), True), ('vision_encoder.layers.2.blocks.12.mlp.drop', Dropout(p=0.0, inplace=False), True), ('vision_encoder.layers.2.blocks.13.attn.attn_drop', Dropout(p=0.0, inplace=False), True), ('vision_encoder.layers.2.blocks.13.attn.proj_drop', Dropout(p=0.0, inplace=False), True), ('vision_encoder.layers.2.blocks.13.mlp.drop', Dropout(p=0.0, inplace=False), True), ('vision_encoder.layers.2.blocks.14.attn.attn_drop', Dropout(p=0.0, inplace=False), True), ('vision_encoder.layers.2.blocks.14.attn.proj_drop', Dropout(p=0.0, inplace=False), True), ('vision_encoder.layers.2.blocks.14.mlp.drop', Dropout(p=0.0, inplace=False), True), ('vision_encoder.layers.2.blocks.15.attn.attn_drop', Dropout(p=0.0, inplace=False), True), ('vision_encoder.layers.2.blocks.15.attn.proj_drop', Dropout(p=0.0, inplace=False), True), ('vision_encoder.layers.2.blocks.15.mlp.drop', Dropout(p=0.0, inplace=False), True), ('vision_encoder.layers.2.blocks.16.attn.attn_drop', Dropout(p=0.0, inplace=False), True), ('vision_encoder.layers.2.blocks.16.attn.proj_drop', Dropout(p=0.0, inplace=False), True), ('vision_encoder.layers.2.blocks.16.mlp.drop', Dropout(p=0.0, inplace=False), True), ('vision_encoder.layers.2.blocks.17.attn.attn_drop', Dropout(p=0.0, inplace=False), True), ('vision_encoder.layers.2.blocks.17.attn.proj_drop', Dropout(p=0.0, inplace=False), True), ('vision_encoder.layers.2.blocks.17.mlp.drop', Dropout(p=0.0, inplace=False), True), ('vision_encoder.layers.3.blocks.0.attn.attn_drop', Dropout(p=0.0, inplace=False), True), ('vision_encoder.layers.3.blocks.0.attn.proj_drop', Dropout(p=0.0, inplace=False), True), ('vision_encoder.layers.3.blocks.0.mlp.drop', Dropout(p=0.0, inplace=False), True), ('vision_encoder.layers.3.blocks.1.attn.attn_drop', Dropout(p=0.0, inplace=False), True), ('vision_encoder.layers.3.blocks.1.attn.proj_drop', Dropout(p=0.0, inplace=False), True), ('vision_encoder.layers.3.blocks.1.mlp.drop', Dropout(p=0.0, inplace=False), True), ('text_encoder.bert.embeddings.dropout', Dropout(p=0.1, inplace=False), True), ('text_encoder.bert.encoder.layer.0.attention.self.dropout', Dropout(p=0.1, inplace=False), True), ('text_encoder.bert.encoder.layer.0.attention.output.dropout', Dropout(p=0.1, inplace=False), True), ('text_encoder.bert.encoder.layer.0.output.dropout', Dropout(p=0.1, inplace=False), True), ('text_encoder.bert.encoder.layer.1.attention.self.dropout', Dropout(p=0.1, inplace=False), True), ('text_encoder.bert.encoder.layer.1.attention.output.dropout', Dropout(p=0.1, inplace=False), True), ('text_encoder.bert.encoder.layer.1.output.dropout', Dropout(p=0.1, inplace=False), True), ('text_encoder.bert.encoder.layer.2.attention.self.dropout', Dropout(p=0.1, inplace=False), True), ('text_encoder.bert.encoder.layer.2.attention.output.dropout', Dropout(p=0.1, inplace=False), True), ('text_encoder.bert.encoder.layer.2.output.dropout', Dropout(p=0.1, inplace=False), True), ('text_encoder.bert.encoder.layer.3.attention.self.dropout', Dropout(p=0.1, inplace=False), True), ('text_encoder.bert.encoder.layer.3.attention.output.dropout', Dropout(p=0.1, inplace=False), True), ('text_encoder.bert.encoder.layer.3.output.dropout', Dropout(p=0.1, inplace=False), True), ('text_encoder.bert.encoder.layer.4.attention.self.dropout', Dropout(p=0.1, inplace=False), True), ('text_encoder.bert.encoder.layer.4.attention.output.dropout', Dropout(p=0.1, inplace=False), True), ('text_encoder.bert.encoder.layer.4.output.dropout', Dropout(p=0.1, inplace=False), True), ('text_encoder.bert.encoder.layer.5.attention.self.dropout', Dropout(p=0.1, inplace=False), True), ('text_encoder.bert.encoder.layer.5.attention.output.dropout', Dropout(p=0.1, inplace=False), True), ('text_encoder.bert.encoder.layer.5.output.dropout', Dropout(p=0.1, inplace=False), True), ('text_encoder.bert.encoder.layer.6.attention.self.dropout', Dropout(p=0.1, inplace=False), True), ('text_encoder.bert.encoder.layer.6.attention.output.dropout', Dropout(p=0.1, inplace=False), True), ('text_encoder.bert.encoder.layer.6.crossattention.self.dropout', Dropout(p=0.1, inplace=False), True), ('text_encoder.bert.encoder.layer.6.crossattention.output.dropout', Dropout(p=0.1, inplace=False), True), ('text_encoder.bert.encoder.layer.6.output.dropout', Dropout(p=0.1, inplace=False), True), ('text_encoder.bert.encoder.layer.7.attention.self.dropout', Dropout(p=0.1, inplace=False), True), ('text_encoder.bert.encoder.layer.7.attention.output.dropout', Dropout(p=0.1, inplace=False), True), ('text_encoder.bert.encoder.layer.7.crossattention.self.dropout', Dropout(p=0.1, inplace=False), True), ('text_encoder.bert.encoder.layer.7.crossattention.output.dropout', Dropout(p=0.1, inplace=False), True), ('text_encoder.bert.encoder.layer.7.output.dropout', Dropout(p=0.1, inplace=False), True), ('text_encoder.bert.encoder.layer.8.attention.self.dropout', Dropout(p=0.1, inplace=False), True), ('text_encoder.bert.encoder.layer.8.attention.output.dropout', Dropout(p=0.1, inplace=False), True), ('text_encoder.bert.encoder.layer.8.crossattention.self.dropout', Dropout(p=0.1, inplace=False), True), ('text_encoder.bert.encoder.layer.8.crossattention.output.dropout', Dropout(p=0.1, inplace=False), True), ('text_encoder.bert.encoder.layer.8.output.dropout', Dropout(p=0.1, inplace=False), True), ('text_encoder.bert.encoder.layer.9.attention.self.dropout', Dropout(p=0.1, inplace=False), True), ('text_encoder.bert.encoder.layer.9.attention.output.dropout', Dropout(p=0.1, inplace=False), True), ('text_encoder.bert.encoder.layer.9.crossattention.self.dropout', Dropout(p=0.1, inplace=False), True), ('text_encoder.bert.encoder.layer.9.crossattention.output.dropout', Dropout(p=0.1, inplace=False), True), ('text_encoder.bert.encoder.layer.9.output.dropout', Dropout(p=0.1, inplace=False), True), ('text_encoder.bert.encoder.layer.10.attention.self.dropout', Dropout(p=0.1, inplace=False), True), ('text_encoder.bert.encoder.layer.10.attention.output.dropout', Dropout(p=0.1, inplace=False), True), ('text_encoder.bert.encoder.layer.10.crossattention.self.dropout', Dropout(p=0.1, inplace=False), True), ('text_encoder.bert.encoder.layer.10.crossattention.output.dropout', Dropout(p=0.1, inplace=False), True), ('text_encoder.bert.encoder.layer.10.output.dropout', Dropout(p=0.1, inplace=False), True), ('text_encoder.bert.encoder.layer.11.attention.self.dropout', Dropout(p=0.1, inplace=False), True), ('text_encoder.bert.encoder.layer.11.attention.output.dropout', Dropout(p=0.1, inplace=False), True), ('text_encoder.bert.encoder.layer.11.crossattention.self.dropout', Dropout(p=0.1, inplace=False), True), ('text_encoder.bert.encoder.layer.11.crossattention.output.dropout', Dropout(p=0.1, inplace=False), True), ('text_encoder.bert.encoder.layer.11.output.dropout', Dropout(p=0.1, inplace=False), True)]
     TTA Require Gradient Params: 
 [('text_encoder.bert.embeddings.LayerNorm.weight', torch.Size([768])), ('text_encoder.bert.embeddings.LayerNorm.bias', torch.Size([768])), ('text_encoder.bert.encoder.layer.6.attention.output.LayerNorm.weight', torch.Size([768])), ('text_encoder.bert.encoder.layer.6.attention.output.LayerNorm.bias', torch.Size([768])), ('text_encoder.bert.encoder.layer.6.crossattention.output.LayerNorm.weight', torch.Size([768])), ('text_encoder.bert.encoder.layer.6.crossattention.output.LayerNorm.bias', torch.Size([768])), ('text_encoder.bert.encoder.layer.6.output.LayerNorm.weight', torch.Size([768])), ('text_encoder.bert.encoder.layer.6.output.LayerNorm.bias', torch.Size([768])), ('text_encoder.bert.encoder.layer.7.attention.output.LayerNorm.weight', torch.Size([768])), ('text_encoder.bert.encoder.layer.7.attention.output.LayerNorm.bias', torch.Size([768])), ('text_encoder.bert.encoder.layer.7.crossattention.output.LayerNorm.weight', torch.Size([768])), ('text_encoder.bert.encoder.layer.7.crossattention.output.LayerNorm.bias', torch.Size([768])), ('text_encoder.bert.encoder.layer.7.output.LayerNorm.weight', torch.Size([768])), ('text_encoder.bert.encoder.layer.7.output.LayerNorm.bias', torch.Size([768])), ('text_encoder.bert.encoder.layer.8.attention.output.LayerNorm.weight', torch.Size([768])), ('text_encoder.bert.encoder.layer.8.attention.output.LayerNorm.bias', torch.Size([768])), ('text_encoder.bert.encoder.layer.8.crossattention.output.LayerNorm.weight', torch.Size([768])), ('text_encoder.bert.encoder.layer.8.crossattention.output.LayerNorm.bias', torch.Size([768])), ('text_encoder.bert.encoder.layer.8.output.LayerNorm.weight', torch.Size([768])), ('text_encoder.bert.encoder.layer.8.output.LayerNorm.bias', torch.Size([768])), ('text_encoder.bert.encoder.layer.9.attention.output.LayerNorm.weight', torch.Size([768])), ('text_encoder.bert.encoder.layer.9.attention.output.LayerNorm.bias', torch.Size([768])), ('text_encoder.bert.encoder.layer.9.crossattention.output.LayerNorm.weight', torch.Size([768])), ('text_encoder.bert.encoder.layer.9.crossattention.output.LayerNorm.bias', torch.Size([768])), ('text_encoder.bert.encoder.layer.9.output.LayerNorm.weight', torch.Size([768])), ('text_encoder.bert.encoder.layer.9.output.LayerNorm.bias', torch.Size([768])), ('text_encoder.bert.encoder.layer.10.attention.output.LayerNorm.weight', torch.Size([768])), ('text_encoder.bert.encoder.layer.10.attention.output.LayerNorm.bias', torch.Size([768])), ('text_encoder.bert.encoder.layer.10.crossattention.output.LayerNorm.weight', torch.Size([768])), ('text_encoder.bert.encoder.layer.10.crossattention.output.LayerNorm.bias', torch.Size([768])), ('text_encoder.bert.encoder.layer.10.output.LayerNorm.weight', torch.Size([768])), ('text_encoder.bert.encoder.layer.10.output.LayerNorm.bias', torch.Size([768])), ('text_encoder.bert.encoder.layer.11.attention.output.LayerNorm.weight', torch.Size([768])), ('text_encoder.bert.encoder.layer.11.attention.output.LayerNorm.bias', torch.Size([768])), ('text_encoder.bert.encoder.layer.11.crossattention.output.LayerNorm.weight', torch.Size([768])), ('text_encoder.bert.encoder.layer.11.crossattention.output.LayerNorm.bias', torch.Size([768])), ('text_encoder.bert.encoder.layer.11.output.LayerNorm.weight', torch.Size([768])), ('text_encoder.bert.encoder.layer.11.output.LayerNorm.bias', torch.Size([768])), ('text_encoder.cls.predictions.transform.LayerNorm.weight', torch.Size([768])), ('text_encoder.cls.predictions.transform.LayerNorm.bias', torch.Size([768])), ('itm_head.1.weight', torch.Size([1536])), ('itm_head.1.bias', torch.Size([1536]))]
     TTA Dropout Modules Number: 
 122
     TTA Require Gradient Params Sum: 
 33792
     lr:  0.001    lr_mult:  2
     model has 'init_params',  363
     num_tta_steps:  870
     num_warmup_steps:  100
     sched: step
### Start ITM Test Time Adaptation
      TTA Epoch: [0] [ 0/28]  eta: 0:00:22  lr: 0.000010  entropy: 1.5582  loss: 3.2727  time: 0.7912  data: 0.5658  max mem: 4847
      TTA Epoch: [0] [27/28]  eta: 0:00:00  lr: 0.000280  entropy: 1.4404  loss: 3.2292  time: 0.0511  data: 0.0001  max mem: 4847
      TTA Epoch: [0] Total time: 0:00:02 (0.0822 s / it)
     Averaged stats: lr: 0.0001  entropy: 1.4728  loss: 3.2413
     itm tta time 0:00:02
     Computing matching score
      ITM Evaluation: [   0/2000]  eta: 0:02:10    time: 0.0653  data: 0.0028  max mem: 4847
      ITM Evaluation: [ 100/2000]  eta: 0:01:27    time: 0.0462  data: 0.0000  max mem: 4847
      ITM Evaluation: [ 200/2000]  eta: 0:01:21    time: 0.0455  data: 0.0000  max mem: 4847
      ITM Evaluation: [ 300/2000]  eta: 0:01:15    time: 0.0433  data: 0.0000  max mem: 4847
      ITM Evaluation: [ 400/2000]  eta: 0:01:11    time: 0.0445  data: 0.0000  max mem: 4847
      ITM Evaluation: [ 500/2000]  eta: 0:01:06    time: 0.0445  data: 0.0000  max mem: 4847
      ITM Evaluation: [ 600/2000]  eta: 0:01:01    time: 0.0429  data: 0.0000  max mem: 4847
      ITM Evaluation: [ 700/2000]  eta: 0:00:57    time: 0.0497  data: 0.0000  max mem: 4847
      ITM Evaluation: [ 800/2000]  eta: 0:00:53    time: 0.0454  data: 0.0000  max mem: 4847
      ITM Evaluation: [ 900/2000]  eta: 0:00:49    time: 0.0457  data: 0.0000  max mem: 4847
      ITM Evaluation: [1000/2000]  eta: 0:00:44    time: 0.0452  data: 0.0000  max mem: 4847
      ITM Evaluation: [1100/2000]  eta: 0:00:40    time: 0.0464  data: 0.0000  max mem: 4847
      ITM Evaluation: [1200/2000]  eta: 0:00:36    time: 0.0448  data: 0.0000  max mem: 4847
      ITM Evaluation: [1300/2000]  eta: 0:00:31    time: 0.0391  data: 0.0000  max mem: 4847
      ITM Evaluation: [1400/2000]  eta: 0:00:26    time: 0.0398  data: 0.0000  max mem: 4847
      ITM Evaluation: [1500/2000]  eta: 0:00:22    time: 0.0414  data: 0.0000  max mem: 4847
      ITM Evaluation: [1600/2000]  eta: 0:00:17    time: 0.0440  data: 0.0000  max mem: 4847
      ITM Evaluation: [1700/2000]  eta: 0:00:13    time: 0.0435  data: 0.0000  max mem: 4847
      ITM Evaluation: [1800/2000]  eta: 0:00:08    time: 0.0441  data: 0.0000  max mem: 4847
      ITM Evaluation: [1900/2000]  eta: 0:00:04    time: 0.0476  data: 0.0000  max mem: 4847
      ITM Evaluation: [1999/2000]  eta: 0:00:00    time: 0.0433  data: 0.0000  max mem: 4847
      ITM Evaluation: Total time: 0:01:28 (0.0444 s / it)
     total_time 88.80645608901978
     Computing matching score time 0:01:28
### TTA ITM Score: 
+-------+--------+--------+--------+--------+--------+
| epoch |   R1   |   R5   |  R10   |  mAP   |  mINP  |
+-------+--------+--------+--------+--------+--------+
|  -999 | 59.000 | 79.650 | 88.500 | 47.231 | 25.876 |
|  -999 | 66.450 | 85.600 | 90.600 | 50.642 | 25.526 |
|   0   | 66.500 | 85.550 | 90.050 | 50.484 | 25.521 |
+-------+--------+--------+--------+--------+--------+
     logs:  {'epo': 0, 'R1': 66.5, 'R5': 85.55, 'R10': 90.05, 'mAP': 50.484, 'mINP': 25.521, 'lr': 0.000145, 'entropy': 1.472841, 'loss': 3.241252}
      TTA Epoch: [1] [ 0/28]  eta: 0:00:15  lr: 0.000290  entropy: 1.3412  loss: 3.1924  time: 0.5393  data: 0.4539  max mem: 4847
      TTA Epoch: [1] [27/28]  eta: 0:00:00  lr: 0.000560  entropy: 0.7109  loss: 2.9585  time: 0.0529  data: 0.0001  max mem: 4847
      TTA Epoch: [1] Total time: 0:00:02 (0.0772 s / it)
     Averaged stats: lr: 0.0004  entropy: 1.1556  loss: 3.1235
     itm tta time 0:00:02
     Computing matching score
      ITM Evaluation: [   0/2000]  eta: 0:01:47    time: 0.0537  data: 0.0026  max mem: 4847
      ITM Evaluation: [ 100/2000]  eta: 0:01:15    time: 0.0393  data: 0.0000  max mem: 4847
      ITM Evaluation: [ 200/2000]  eta: 0:01:10    time: 0.0397  data: 0.0000  max mem: 4847
      ITM Evaluation: [ 300/2000]  eta: 0:01:05    time: 0.0393  data: 0.0000  max mem: 4847
      ITM Evaluation: [ 400/2000]  eta: 0:01:01    time: 0.0372  data: 0.0000  max mem: 4847
      ITM Evaluation: [ 500/2000]  eta: 0:00:57    time: 0.0353  data: 0.0000  max mem: 4847
      ITM Evaluation: [ 600/2000]  eta: 0:00:54    time: 0.0383  data: 0.0000  max mem: 4847
      ITM Evaluation: [ 700/2000]  eta: 0:00:50    time: 0.0381  data: 0.0000  max mem: 4847
      ITM Evaluation: [ 800/2000]  eta: 0:00:46    time: 0.0410  data: 0.0000  max mem: 4847
      ITM Evaluation: [ 900/2000]  eta: 0:00:43    time: 0.0454  data: 0.0000  max mem: 4847
      ITM Evaluation: [1000/2000]  eta: 0:00:39    time: 0.0401  data: 0.0000  max mem: 4847
      ITM Evaluation: [1100/2000]  eta: 0:00:35    time: 0.0396  data: 0.0000  max mem: 4847
      ITM Evaluation: [1200/2000]  eta: 0:00:31    time: 0.0358  data: 0.0000  max mem: 4847
      ITM Evaluation: [1300/2000]  eta: 0:00:27    time: 0.0390  data: 0.0000  max mem: 4847
      ITM Evaluation: [1400/2000]  eta: 0:00:23    time: 0.0385  data: 0.0000  max mem: 4847
      ITM Evaluation: [1500/2000]  eta: 0:00:19    time: 0.0380  data: 0.0000  max mem: 4847
      ITM Evaluation: [1600/2000]  eta: 0:00:15    time: 0.0377  data: 0.0000  max mem: 4847
      ITM Evaluation: [1700/2000]  eta: 0:00:11    time: 0.0370  data: 0.0000  max mem: 4847
      ITM Evaluation: [1800/2000]  eta: 0:00:07    time: 0.0451  data: 0.0000  max mem: 4847
      ITM Evaluation: [1900/2000]  eta: 0:00:03    time: 0.0380  data: 0.0000  max mem: 4847
      ITM Evaluation: [1999/2000]  eta: 0:00:00    time: 0.0386  data: 0.0000  max mem: 4847
      ITM Evaluation: Total time: 0:01:19 (0.0397 s / it)
     total_time 79.40675854682922
     Computing matching score time 0:01:19
### TTA ITM Score: 
+-------+--------+--------+--------+--------+--------+
| epoch |   R1   |   R5   |  R10   |  mAP   |  mINP  |
+-------+--------+--------+--------+--------+--------+
|  -999 | 59.000 | 79.650 | 88.500 | 47.231 | 25.876 |
|  -999 | 66.450 | 85.600 | 90.600 | 50.642 | 25.526 |
|   0   | 66.500 | 85.550 | 90.050 | 50.484 | 25.521 |
|   1   | 64.650 | 84.300 | 89.600 | 49.707 | 25.356 |
+-------+--------+--------+--------+--------+--------+
     logs:  {'epo': 1, 'R1': 64.65, 'R5': 84.3, 'R10': 89.6, 'mAP': 49.707, 'mINP': 25.356, 'lr': 0.000425, 'entropy': 1.155568, 'loss': 3.123516}
      TTA Epoch: [2] [ 0/28]  eta: 0:00:15  lr: 0.000570  entropy: 0.9291  loss: 3.0394  time: 0.5541  data: 0.4720  max mem: 4847
      TTA Epoch: [2] [27/28]  eta: 0:00:00  lr: 0.000840  entropy: 0.3591  loss: 2.8280  time: 0.0488  data: 0.0001  max mem: 4847
      TTA Epoch: [2] Total time: 0:00:02 (0.0740 s / it)
     Averaged stats: lr: 0.0007  entropy: 0.7440  loss: 2.9708
     itm tta time 0:00:02
     Computing matching score
      ITM Evaluation: [   0/2000]  eta: 0:02:04    time: 0.0623  data: 0.0019  max mem: 4847
      ITM Evaluation: [ 100/2000]  eta: 0:01:16    time: 0.0398  data: 0.0000  max mem: 4847
      ITM Evaluation: [ 200/2000]  eta: 0:01:11    time: 0.0366  data: 0.0000  max mem: 4847
      ITM Evaluation: [ 300/2000]  eta: 0:01:07    time: 0.0388  data: 0.0000  max mem: 4847
      ITM Evaluation: [ 400/2000]  eta: 0:01:02    time: 0.0405  data: 0.0000  max mem: 4847
      ITM Evaluation: [ 500/2000]  eta: 0:00:58    time: 0.0378  data: 0.0000  max mem: 4847
      ITM Evaluation: [ 600/2000]  eta: 0:00:54    time: 0.0379  data: 0.0000  max mem: 4847
      ITM Evaluation: [ 700/2000]  eta: 0:00:50    time: 0.0378  data: 0.0000  max mem: 4847
      ITM Evaluation: [ 800/2000]  eta: 0:00:46    time: 0.0413  data: 0.0000  max mem: 4847
      ITM Evaluation: [ 900/2000]  eta: 0:00:42    time: 0.0388  data: 0.0000  max mem: 4847
      ITM Evaluation: [1000/2000]  eta: 0:00:39    time: 0.0422  data: 0.0000  max mem: 4847
      ITM Evaluation: [1100/2000]  eta: 0:00:35    time: 0.0380  data: 0.0000  max mem: 4847
      ITM Evaluation: [1200/2000]  eta: 0:00:31    time: 0.0400  data: 0.0000  max mem: 4847
      ITM Evaluation: [1300/2000]  eta: 0:00:27    time: 0.0392  data: 0.0000  max mem: 4847
      ITM Evaluation: [1400/2000]  eta: 0:00:23    time: 0.0377  data: 0.0000  max mem: 4847
      ITM Evaluation: [1500/2000]  eta: 0:00:19    time: 0.0380  data: 0.0000  max mem: 4847
      ITM Evaluation: [1600/2000]  eta: 0:00:15    time: 0.0379  data: 0.0000  max mem: 4847
      ITM Evaluation: [1700/2000]  eta: 0:00:11    time: 0.0351  data: 0.0000  max mem: 4847
      ITM Evaluation: [1800/2000]  eta: 0:00:07    time: 0.0345  data: 0.0000  max mem: 4847
      ITM Evaluation: [1900/2000]  eta: 0:00:03    time: 0.0362  data: 0.0000  max mem: 4847
      ITM Evaluation: [1999/2000]  eta: 0:00:00    time: 0.0384  data: 0.0000  max mem: 4847
      ITM Evaluation: Total time: 0:01:17 (0.0387 s / it)
     total_time 77.31943154335022
     Computing matching score time 0:01:17
### TTA ITM Score: 
+-------+--------+--------+--------+--------+--------+
| epoch |   R1   |   R5   |  R10   |  mAP   |  mINP  |
+-------+--------+--------+--------+--------+--------+
|  -999 | 59.000 | 79.650 | 88.500 | 47.231 | 25.876 |
|  -999 | 66.450 | 85.600 | 90.600 | 50.642 | 25.526 |
|   0   | 66.500 | 85.550 | 90.050 | 50.484 | 25.521 |
|   1   | 64.650 | 84.300 | 89.600 | 49.707 | 25.356 |
|   2   | 58.300 | 82.650 | 88.650 | 46.762 | 23.837 |
+-------+--------+--------+--------+--------+--------+
     logs:  {'epo': 2, 'R1': 58.3, 'R5': 82.65, 'R10': 88.65, 'mAP': 46.762, 'mINP': 23.837, 'lr': 0.000705, 'entropy': 0.744031, 'loss': 2.97081}
      TTA Epoch: [3] [ 0/28]  eta: 0:00:24  lr: 0.000850  entropy: 0.5516  loss: 2.8994  time: 0.8894  data: 0.7384  max mem: 4847
      TTA Epoch: [3] [27/28]  eta: 0:00:00  lr: 0.000984  entropy: 0.2868  loss: 2.8011  time: 0.0573  data: 0.0001  max mem: 4847
      TTA Epoch: [3] Total time: 0:00:02 (0.0907 s / it)
     Averaged stats: lr: 0.0010  entropy: 0.4621  loss: 2.8662
     itm tta time 0:00:02
     Computing matching score
      ITM Evaluation: [   0/2000]  eta: 0:01:07    time: 0.0338  data: 0.0022  max mem: 4847
      ITM Evaluation: [ 100/2000]  eta: 0:01:16    time: 0.0417  data: 0.0000  max mem: 4847
      ITM Evaluation: [ 200/2000]  eta: 0:01:13    time: 0.0418  data: 0.0000  max mem: 4847
      ITM Evaluation: [ 300/2000]  eta: 0:01:09    time: 0.0406  data: 0.0000  max mem: 4847
      ITM Evaluation: [ 400/2000]  eta: 0:01:05    time: 0.0409  data: 0.0000  max mem: 4847
      ITM Evaluation: [ 500/2000]  eta: 0:01:00    time: 0.0380  data: 0.0000  max mem: 4847
      ITM Evaluation: [ 600/2000]  eta: 0:00:55    time: 0.0368  data: 0.0000  max mem: 4847
      ITM Evaluation: [ 700/2000]  eta: 0:00:51    time: 0.0399  data: 0.0000  max mem: 4847
      ITM Evaluation: [ 800/2000]  eta: 0:00:47    time: 0.0416  data: 0.0000  max mem: 4847
      ITM Evaluation: [ 900/2000]  eta: 0:00:43    time: 0.0382  data: 0.0000  max mem: 4847
      ITM Evaluation: [1000/2000]  eta: 0:00:39    time: 0.0433  data: 0.0000  max mem: 4847
      ITM Evaluation: [1100/2000]  eta: 0:00:36    time: 0.0407  data: 0.0000  max mem: 4847
      ITM Evaluation: [1200/2000]  eta: 0:00:32    time: 0.0431  data: 0.0000  max mem: 4847
      ITM Evaluation: [1300/2000]  eta: 0:00:28    time: 0.0451  data: 0.0000  max mem: 4847
      ITM Evaluation: [1400/2000]  eta: 0:00:24    time: 0.0512  data: 0.0000  max mem: 4847
      ITM Evaluation: [1500/2000]  eta: 0:00:20    time: 0.0360  data: 0.0000  max mem: 4847
      ITM Evaluation: [1600/2000]  eta: 0:00:16    time: 0.0374  data: 0.0000  max mem: 4847
      ITM Evaluation: [1700/2000]  eta: 0:00:12    time: 0.0363  data: 0.0000  max mem: 4847
      ITM Evaluation: [1800/2000]  eta: 0:00:08    time: 0.0388  data: 0.0000  max mem: 4847
      ITM Evaluation: [1900/2000]  eta: 0:00:04    time: 0.0367  data: 0.0000  max mem: 4847
      ITM Evaluation: [1999/2000]  eta: 0:00:00    time: 0.0391  data: 0.0000  max mem: 4847
      ITM Evaluation: Total time: 0:01:19 (0.0399 s / it)
     total_time 79.88210010528564
     Computing matching score time 0:01:19
### TTA ITM Score: 
+-------+--------+--------+--------+--------+--------+
| epoch |   R1   |   R5   |  R10   |  mAP   |  mINP  |
+-------+--------+--------+--------+--------+--------+
|  -999 | 59.000 | 79.650 | 88.500 | 47.231 | 25.876 |
|  -999 | 66.450 | 85.600 | 90.600 | 50.642 | 25.526 |
|   0   | 66.500 | 85.550 | 90.050 | 50.484 | 25.521 |
|   1   | 64.650 | 84.300 | 89.600 | 49.707 | 25.356 |
|   2   | 58.300 | 82.650 | 88.650 | 46.762 | 23.837 |
|   3   | 58.150 | 81.800 | 88.050 | 46.318 | 23.416 |
+-------+--------+--------+--------+--------+--------+
     logs:  {'epo': 3, 'R1': 58.15, 'R5': 81.8, 'R10': 88.05, 'mAP': 46.318, 'mINP': 23.416, 'lr': 0.000954, 'entropy': 0.46206, 'loss': 2.86618}
      TTA Epoch: [4] [ 0/28]  eta: 0:00:17  lr: 0.000983  entropy: 0.3329  loss: 2.8186  time: 0.6335  data: 0.5282  max mem: 4847
      TTA Epoch: [4] [27/28]  eta: 0:00:00  lr: 0.000948  entropy: 0.4201  loss: 2.8506  time: 0.0467  data: 0.0001  max mem: 4847
      TTA Epoch: [4] Total time: 0:00:01 (0.0699 s / it)
     Averaged stats: lr: 0.0010  entropy: 0.3492  loss: 2.8243
     itm tta time 0:00:02
     Computing matching score
      ITM Evaluation: [   0/2000]  eta: 0:01:13    time: 0.0366  data: 0.0025  max mem: 4847
      ITM Evaluation: [ 100/2000]  eta: 0:01:13    time: 0.0386  data: 0.0000  max mem: 4847
      ITM Evaluation: [ 200/2000]  eta: 0:01:10    time: 0.0416  data: 0.0000  max mem: 4847
      ITM Evaluation: [ 300/2000]  eta: 0:01:09    time: 0.0486  data: 0.0000  max mem: 4847
      ITM Evaluation: [ 400/2000]  eta: 0:01:07    time: 0.0475  data: 0.0000  max mem: 4847
      ITM Evaluation: [ 500/2000]  eta: 0:01:04    time: 0.0515  data: 0.0000  max mem: 4847
      ITM Evaluation: [ 600/2000]  eta: 0:00:59    time: 0.0374  data: 0.0000  max mem: 4847
      ITM Evaluation: [ 700/2000]  eta: 0:00:54    time: 0.0405  data: 0.0000  max mem: 4847
      ITM Evaluation: [ 800/2000]  eta: 0:00:50    time: 0.0396  data: 0.0000  max mem: 4847
      ITM Evaluation: [ 900/2000]  eta: 0:00:45    time: 0.0373  data: 0.0000  max mem: 4847
      ITM Evaluation: [1000/2000]  eta: 0:00:41    time: 0.0387  data: 0.0000  max mem: 4847
      ITM Evaluation: [1100/2000]  eta: 0:00:36    time: 0.0402  data: 0.0000  max mem: 4847
      ITM Evaluation: [1200/2000]  eta: 0:00:32    time: 0.0380  data: 0.0000  max mem: 4847
      ITM Evaluation: [1300/2000]  eta: 0:00:28    time: 0.0384  data: 0.0000  max mem: 4847
      ITM Evaluation: [1400/2000]  eta: 0:00:24    time: 0.0465  data: 0.0000  max mem: 4847
      ITM Evaluation: [1500/2000]  eta: 0:00:20    time: 0.0481  data: 0.0000  max mem: 4847
      ITM Evaluation: [1600/2000]  eta: 0:00:16    time: 0.0401  data: 0.0000  max mem: 4847
      ITM Evaluation: [1700/2000]  eta: 0:00:12    time: 0.0415  data: 0.0000  max mem: 4847
      ITM Evaluation: [1800/2000]  eta: 0:00:08    time: 0.0396  data: 0.0000  max mem: 4847
      ITM Evaluation: [1900/2000]  eta: 0:00:04    time: 0.0359  data: 0.0000  max mem: 4847
      ITM Evaluation: [1999/2000]  eta: 0:00:00    time: 0.0381  data: 0.0000  max mem: 4847
      ITM Evaluation: Total time: 0:01:21 (0.0408 s / it)
     total_time 81.60224103927612
     Computing matching score time 0:01:21
### TTA ITM Score: 
+-------+--------+--------+--------+--------+--------+
| epoch |   R1   |   R5   |  R10   |  mAP   |  mINP  |
+-------+--------+--------+--------+--------+--------+
|  -999 | 59.000 | 79.650 | 88.500 | 47.231 | 25.876 |
|  -999 | 66.450 | 85.600 | 90.600 | 50.642 | 25.526 |
|   0   | 66.500 | 85.550 | 90.050 | 50.484 | 25.521 |
|   1   | 64.650 | 84.300 | 89.600 | 49.707 | 25.356 |
|   2   | 58.300 | 82.650 | 88.650 | 46.762 | 23.837 |
|   3   | 58.150 | 81.800 | 88.050 | 46.318 | 23.416 |
|   4   | 58.800 | 81.900 | 88.250 | 46.525 | 23.800 |
+-------+--------+--------+--------+--------+--------+
     logs:  {'epo': 4, 'R1': 58.8, 'R5': 81.9, 'R10': 88.25, 'mAP': 46.525, 'mINP': 23.8, 'lr': 0.000966, 'entropy': 0.349229, 'loss': 2.8243}
      TTA Epoch: [5] [ 0/28]  eta: 0:00:17  lr: 0.000947  entropy: 0.4051  loss: 2.8449  time: 0.6158  data: 0.5110  max mem: 4847
      TTA Epoch: [5] [27/28]  eta: 0:00:00  lr: 0.000912  entropy: 0.3001  loss: 2.8062  time: 0.0465  data: 0.0001  max mem: 4847
      TTA Epoch: [5] Total time: 0:00:01 (0.0701 s / it)
     Averaged stats: lr: 0.0009  entropy: 0.2982  loss: 2.8054
     itm tta time 0:00:02
     Computing matching score
      ITM Evaluation: [   0/2000]  eta: 0:01:06    time: 0.0332  data: 0.0024  max mem: 4847
      ITM Evaluation: [ 100/2000]  eta: 0:01:13    time: 0.0374  data: 0.0000  max mem: 4847
      ITM Evaluation: [ 200/2000]  eta: 0:01:09    time: 0.0361  data: 0.0000  max mem: 4847
      ITM Evaluation: [ 300/2000]  eta: 0:01:09    time: 0.0574  data: 0.0000  max mem: 4847
      ITM Evaluation: [ 400/2000]  eta: 0:01:03    time: 0.0345  data: 0.0000  max mem: 4847
      ITM Evaluation: [ 500/2000]  eta: 0:00:57    time: 0.0344  data: 0.0000  max mem: 4847
      ITM Evaluation: [ 600/2000]  eta: 0:00:52    time: 0.0325  data: 0.0000  max mem: 4847
      ITM Evaluation: [ 700/2000]  eta: 0:00:47    time: 0.0328  data: 0.0000  max mem: 4847
      ITM Evaluation: [ 800/2000]  eta: 0:00:43    time: 0.0352  data: 0.0000  max mem: 4847
      ITM Evaluation: [ 900/2000]  eta: 0:00:39    time: 0.0315  data: 0.0000  max mem: 4847
      ITM Evaluation: [1000/2000]  eta: 0:00:35    time: 0.0320  data: 0.0000  max mem: 4847
      ITM Evaluation: [1100/2000]  eta: 0:00:31    time: 0.0328  data: 0.0000  max mem: 4847
      ITM Evaluation: [1200/2000]  eta: 0:00:28    time: 0.0337  data: 0.0000  max mem: 4847
      ITM Evaluation: [1300/2000]  eta: 0:00:24    time: 0.0332  data: 0.0000  max mem: 4847
      ITM Evaluation: [1400/2000]  eta: 0:00:21    time: 0.0612  data: 0.0000  max mem: 4847
      ITM Evaluation: [1500/2000]  eta: 0:00:17    time: 0.0406  data: 0.0000  max mem: 4847
      ITM Evaluation: [1600/2000]  eta: 0:00:14    time: 0.0354  data: 0.0000  max mem: 4847
      ITM Evaluation: [1700/2000]  eta: 0:00:10    time: 0.0339  data: 0.0000  max mem: 4847
      ITM Evaluation: [1800/2000]  eta: 0:00:07    time: 0.0326  data: 0.0000  max mem: 4847
      ITM Evaluation: [1900/2000]  eta: 0:00:03    time: 0.0322  data: 0.0000  max mem: 4847
      ITM Evaluation: [1999/2000]  eta: 0:00:00    time: 0.0319  data: 0.0000  max mem: 4847
      ITM Evaluation: Total time: 0:01:10 (0.0351 s / it)
     total_time 70.11553692817688
     Computing matching score time 0:01:10
### TTA ITM Score: 
+-------+--------+--------+--------+--------+--------+
| epoch |   R1   |   R5   |  R10   |  mAP   |  mINP  |
+-------+--------+--------+--------+--------+--------+
|  -999 | 59.000 | 79.650 | 88.500 | 47.231 | 25.876 |
|  -999 | 66.450 | 85.600 | 90.600 | 50.642 | 25.526 |
|   0   | 66.500 | 85.550 | 90.050 | 50.484 | 25.521 |
|   1   | 64.650 | 84.300 | 89.600 | 49.707 | 25.356 |
|   2   | 58.300 | 82.650 | 88.650 | 46.762 | 23.837 |
|   3   | 58.150 | 81.800 | 88.050 | 46.318 | 23.416 |
|   4   | 58.800 | 81.900 | 88.250 | 46.525 | 23.800 |
|   5   | 57.250 | 82.200 | 88.650 | 46.030 | 23.704 |
+-------+--------+--------+--------+--------+--------+
     logs:  {'epo': 5, 'R1': 57.25, 'R5': 82.2, 'R10': 88.65, 'mAP': 46.03, 'mINP': 23.704, 'lr': 0.000929, 'entropy': 0.298213, 'loss': 2.805375}
      TTA Epoch: [6] [ 0/28]  eta: 0:00:16  lr: 0.000910  entropy: 0.3173  loss: 2.8123  time: 0.5798  data: 0.4587  max mem: 4847
      TTA Epoch: [6] [27/28]  eta: 0:00:00  lr: 0.000875  entropy: 0.2635  loss: 2.7920  time: 0.0467  data: 0.0001  max mem: 4847
      TTA Epoch: [6] Total time: 0:00:01 (0.0674 s / it)
     Averaged stats: lr: 0.0009  entropy: 0.2437  loss: 2.7851
     itm tta time 0:00:02
     Computing matching score
      ITM Evaluation: [   0/2000]  eta: 0:01:11    time: 0.0357  data: 0.0017  max mem: 4847
      ITM Evaluation: [ 100/2000]  eta: 0:01:03    time: 0.0321  data: 0.0000  max mem: 4847
      ITM Evaluation: [ 200/2000]  eta: 0:01:04    time: 0.0338  data: 0.0000  max mem: 4847
      ITM Evaluation: [ 300/2000]  eta: 0:01:02    time: 0.0372  data: 0.0000  max mem: 4847
      ITM Evaluation: [ 400/2000]  eta: 0:00:59    time: 0.0376  data: 0.0000  max mem: 4847
      ITM Evaluation: [ 500/2000]  eta: 0:00:55    time: 0.0369  data: 0.0000  max mem: 4847
      ITM Evaluation: [ 600/2000]  eta: 0:00:52    time: 0.0338  data: 0.0000  max mem: 4847
      ITM Evaluation: [ 700/2000]  eta: 0:00:48    time: 0.0357  data: 0.0000  max mem: 4847
      ITM Evaluation: [ 800/2000]  eta: 0:00:44    time: 0.0371  data: 0.0000  max mem: 4847
      ITM Evaluation: [ 900/2000]  eta: 0:00:40    time: 0.0359  data: 0.0000  max mem: 4847
      ITM Evaluation: [1000/2000]  eta: 0:00:37    time: 0.0397  data: 0.0000  max mem: 4847
      ITM Evaluation: [1100/2000]  eta: 0:00:33    time: 0.0382  data: 0.0000  max mem: 4847
      ITM Evaluation: [1200/2000]  eta: 0:00:30    time: 0.0385  data: 0.0000  max mem: 4847
      ITM Evaluation: [1300/2000]  eta: 0:00:26    time: 0.0389  data: 0.0000  max mem: 4847
      ITM Evaluation: [1400/2000]  eta: 0:00:22    time: 0.0405  data: 0.0000  max mem: 4847
      ITM Evaluation: [1500/2000]  eta: 0:00:19    time: 0.0379  data: 0.0000  max mem: 4847
      ITM Evaluation: [1600/2000]  eta: 0:00:15    time: 0.0368  data: 0.0000  max mem: 4847
      ITM Evaluation: [1700/2000]  eta: 0:00:11    time: 0.0407  data: 0.0000  max mem: 4847
      ITM Evaluation: [1800/2000]  eta: 0:00:07    time: 0.0396  data: 0.0000  max mem: 4847
      ITM Evaluation: [1900/2000]  eta: 0:00:03    time: 0.0393  data: 0.0000  max mem: 4847
      ITM Evaluation: [1999/2000]  eta: 0:00:00    time: 0.0426  data: 0.0000  max mem: 4847
      ITM Evaluation: Total time: 0:01:17 (0.0386 s / it)
     total_time 77.1575117111206
     Computing matching score time 0:01:17
### TTA ITM Score: 
+-------+--------+--------+--------+--------+--------+
| epoch |   R1   |   R5   |  R10   |  mAP   |  mINP  |
+-------+--------+--------+--------+--------+--------+
|  -999 | 59.000 | 79.650 | 88.500 | 47.231 | 25.876 |
|  -999 | 66.450 | 85.600 | 90.600 | 50.642 | 25.526 |
|   0   | 66.500 | 85.550 | 90.050 | 50.484 | 25.521 |
|   1   | 64.650 | 84.300 | 89.600 | 49.707 | 25.356 |
|   2   | 58.300 | 82.650 | 88.650 | 46.762 | 23.837 |
|   3   | 58.150 | 81.800 | 88.050 | 46.318 | 23.416 |
|   4   | 58.800 | 81.900 | 88.250 | 46.525 | 23.800 |
|   5   | 57.250 | 82.200 | 88.650 | 46.030 | 23.704 |
|   6   | 58.150 | 82.250 | 88.800 | 46.425 | 24.052 |
+-------+--------+--------+--------+--------+--------+
     logs:  {'epo': 6, 'R1': 58.15, 'R5': 82.25, 'R10': 88.8, 'mAP': 46.425, 'mINP': 24.052, 'lr': 0.000893, 'entropy': 0.243705, 'loss': 2.785142}
      TTA Epoch: [7] [ 0/28]  eta: 0:00:22  lr: 0.000874  entropy: 0.2556  loss: 2.7896  time: 0.7922  data: 0.7164  max mem: 4847
      TTA Epoch: [7] [27/28]  eta: 0:00:00  lr: 0.000839  entropy: 0.3277  loss: 2.8164  time: 0.0527  data: 0.0001  max mem: 4847
      TTA Epoch: [7] Total time: 0:00:02 (0.0965 s / it)
     Averaged stats: lr: 0.0009  entropy: 0.2544  loss: 2.7891
     itm tta time 0:00:03
     Computing matching score
      ITM Evaluation: [   0/2000]  eta: 0:02:01    time: 0.0607  data: 0.0023  max mem: 4847
      ITM Evaluation: [ 100/2000]  eta: 0:01:11    time: 0.0380  data: 0.0000  max mem: 4847
      ITM Evaluation: [ 200/2000]  eta: 0:01:07    time: 0.0380  data: 0.0000  max mem: 4847
      ITM Evaluation: [ 300/2000]  eta: 0:01:03    time: 0.0379  data: 0.0000  max mem: 4847
      ITM Evaluation: [ 400/2000]  eta: 0:01:00    time: 0.0370  data: 0.0000  max mem: 4847
      ITM Evaluation: [ 500/2000]  eta: 0:00:56    time: 0.0400  data: 0.0000  max mem: 4847
      ITM Evaluation: [ 600/2000]  eta: 0:00:53    time: 0.0404  data: 0.0000  max mem: 4847
      ITM Evaluation: [ 700/2000]  eta: 0:00:49    time: 0.0374  data: 0.0000  max mem: 4847
      ITM Evaluation: [ 800/2000]  eta: 0:00:46    time: 0.0367  data: 0.0000  max mem: 4847
      ITM Evaluation: [ 900/2000]  eta: 0:00:42    time: 0.0396  data: 0.0000  max mem: 4847
      ITM Evaluation: [1000/2000]  eta: 0:00:39    time: 0.0493  data: 0.0000  max mem: 4847
      ITM Evaluation: [1100/2000]  eta: 0:00:35    time: 0.0400  data: 0.0000  max mem: 4847
      ITM Evaluation: [1200/2000]  eta: 0:00:31    time: 0.0387  data: 0.0000  max mem: 4847
      ITM Evaluation: [1300/2000]  eta: 0:00:27    time: 0.0382  data: 0.0000  max mem: 4847
      ITM Evaluation: [1400/2000]  eta: 0:00:23    time: 0.0406  data: 0.0000  max mem: 4847
      ITM Evaluation: [1500/2000]  eta: 0:00:19    time: 0.0395  data: 0.0000  max mem: 4847
      ITM Evaluation: [1600/2000]  eta: 0:00:15    time: 0.0407  data: 0.0000  max mem: 4847
      ITM Evaluation: [1700/2000]  eta: 0:00:11    time: 0.0378  data: 0.0000  max mem: 4847
      ITM Evaluation: [1800/2000]  eta: 0:00:07    time: 0.0408  data: 0.0000  max mem: 4847
      ITM Evaluation: [1900/2000]  eta: 0:00:03    time: 0.0463  data: 0.0000  max mem: 4847
      ITM Evaluation: [1999/2000]  eta: 0:00:00    time: 0.0415  data: 0.0000  max mem: 4847
      ITM Evaluation: Total time: 0:01:18 (0.0395 s / it)
     total_time 79.01820182800293
     Computing matching score time 0:01:19
### TTA ITM Score: 
+-------+--------+--------+--------+--------+--------+
| epoch |   R1   |   R5   |  R10   |  mAP   |  mINP  |
+-------+--------+--------+--------+--------+--------+
|  -999 | 59.000 | 79.650 | 88.500 | 47.231 | 25.876 |
|  -999 | 66.450 | 85.600 | 90.600 | 50.642 | 25.526 |
|   0   | 66.500 | 85.550 | 90.050 | 50.484 | 25.521 |
|   1   | 64.650 | 84.300 | 89.600 | 49.707 | 25.356 |
|   2   | 58.300 | 82.650 | 88.650 | 46.762 | 23.837 |
|   3   | 58.150 | 81.800 | 88.050 | 46.318 | 23.416 |
|   4   | 58.800 | 81.900 | 88.250 | 46.525 | 23.800 |
|   5   | 57.250 | 82.200 | 88.650 | 46.030 | 23.704 |
|   6   | 58.150 | 82.250 | 88.800 | 46.425 | 24.052 |
|   7   | 57.450 | 82.100 | 88.550 | 45.930 | 23.666 |
+-------+--------+--------+--------+--------+--------+
     logs:  {'epo': 7, 'R1': 57.45, 'R5': 82.1, 'R10': 88.55, 'mAP': 45.93, 'mINP': 23.666, 'lr': 0.000856, 'entropy': 0.254414, 'loss': 2.789122}
      TTA Epoch: [8] [ 0/28]  eta: 0:00:24  lr: 0.000838  entropy: 0.3637  loss: 2.8296  time: 0.8650  data: 0.7603  max mem: 4847
      TTA Epoch: [8] [27/28]  eta: 0:00:00  lr: 0.000803  entropy: 0.1964  loss: 2.7674  time: 0.0536  data: 0.0001  max mem: 4847
      TTA Epoch: [8] Total time: 0:00:02 (0.0894 s / it)
     Averaged stats: lr: 0.0008  entropy: 0.2201  loss: 2.7764
     itm tta time 0:00:02
     Computing matching score
      ITM Evaluation: [   0/2000]  eta: 0:01:09    time: 0.0349  data: 0.0023  max mem: 4847
      ITM Evaluation: [ 100/2000]  eta: 0:01:13    time: 0.0389  data: 0.0000  max mem: 4847
      ITM Evaluation: [ 200/2000]  eta: 0:01:09    time: 0.0376  data: 0.0000  max mem: 4847
      ITM Evaluation: [ 300/2000]  eta: 0:01:06    time: 0.0403  data: 0.0000  max mem: 4847
      ITM Evaluation: [ 400/2000]  eta: 0:01:01    time: 0.0374  data: 0.0000  max mem: 4847
      ITM Evaluation: [ 500/2000]  eta: 0:00:57    time: 0.0379  data: 0.0000  max mem: 4847
      ITM Evaluation: [ 600/2000]  eta: 0:00:54    time: 0.0395  data: 0.0000  max mem: 4847
      ITM Evaluation: [ 700/2000]  eta: 0:00:50    time: 0.0414  data: 0.0000  max mem: 4847
      ITM Evaluation: [ 800/2000]  eta: 0:00:46    time: 0.0406  data: 0.0000  max mem: 4847
      ITM Evaluation: [ 900/2000]  eta: 0:00:43    time: 0.0400  data: 0.0000  max mem: 4847
      ITM Evaluation: [1000/2000]  eta: 0:00:39    time: 0.0421  data: 0.0000  max mem: 4847
      ITM Evaluation: [1100/2000]  eta: 0:00:36    time: 0.0417  data: 0.0000  max mem: 4847
      ITM Evaluation: [1200/2000]  eta: 0:00:32    time: 0.0442  data: 0.0000  max mem: 4847
      ITM Evaluation: [1300/2000]  eta: 0:00:28    time: 0.0377  data: 0.0000  max mem: 4847
      ITM Evaluation: [1400/2000]  eta: 0:00:24    time: 0.0412  data: 0.0000  max mem: 4847
      ITM Evaluation: [1500/2000]  eta: 0:00:20    time: 0.0398  data: 0.0000  max mem: 4847
      ITM Evaluation: [1600/2000]  eta: 0:00:16    time: 0.0392  data: 0.0000  max mem: 4847
      ITM Evaluation: [1700/2000]  eta: 0:00:12    time: 0.0395  data: 0.0000  max mem: 4847
      ITM Evaluation: [1800/2000]  eta: 0:00:08    time: 0.0390  data: 0.0000  max mem: 4847
      ITM Evaluation: [1900/2000]  eta: 0:00:04    time: 0.0463  data: 0.0000  max mem: 4847
      ITM Evaluation: [1999/2000]  eta: 0:00:00    time: 0.0488  data: 0.0000  max mem: 4847
      ITM Evaluation: Total time: 0:01:22 (0.0410 s / it)
     total_time 82.03865933418274
     Computing matching score time 0:01:22
### TTA ITM Score: 
+-------+--------+--------+--------+--------+--------+
| epoch |   R1   |   R5   |  R10   |  mAP   |  mINP  |
+-------+--------+--------+--------+--------+--------+
|  -999 | 59.000 | 79.650 | 88.500 | 47.231 | 25.876 |
|  -999 | 66.450 | 85.600 | 90.600 | 50.642 | 25.526 |
|   0   | 66.500 | 85.550 | 90.050 | 50.484 | 25.521 |
|   1   | 64.650 | 84.300 | 89.600 | 49.707 | 25.356 |
|   2   | 58.300 | 82.650 | 88.650 | 46.762 | 23.837 |
|   3   | 58.150 | 81.800 | 88.050 | 46.318 | 23.416 |
|   4   | 58.800 | 81.900 | 88.250 | 46.525 | 23.800 |
|   5   | 57.250 | 82.200 | 88.650 | 46.030 | 23.704 |
|   6   | 58.150 | 82.250 | 88.800 | 46.425 | 24.052 |
|   7   | 57.450 | 82.100 | 88.550 | 45.930 | 23.666 |
|   8   | 56.050 | 81.250 | 88.500 | 45.371 | 23.462 |
+-------+--------+--------+--------+--------+--------+
     logs:  {'epo': 8, 'R1': 56.05, 'R5': 81.25, 'R10': 88.5, 'mAP': 45.371, 'mINP': 23.462, 'lr': 0.00082, 'entropy': 0.220109, 'loss': 2.776385}
      TTA Epoch: [9] [ 0/28]  eta: 0:00:16  lr: 0.000801  entropy: 0.2348  loss: 2.7817  time: 0.5944  data: 0.4841  max mem: 4847
      TTA Epoch: [9] [27/28]  eta: 0:00:00  lr: 0.000766  entropy: 0.0589  loss: 2.7165  time: 0.0475  data: 0.0001  max mem: 4847
      TTA Epoch: [9] Total time: 0:00:02 (0.0721 s / it)
     Averaged stats: lr: 0.0008  entropy: 0.2018  loss: 2.7696
     itm tta time 0:00:02
     Computing matching score
      ITM Evaluation: [   0/2000]  eta: 0:01:58    time: 0.0594  data: 0.0023  max mem: 4847
      ITM Evaluation: [ 100/2000]  eta: 0:01:18    time: 0.0403  data: 0.0000  max mem: 4847
      ITM Evaluation: [ 200/2000]  eta: 0:01:13    time: 0.0388  data: 0.0000  max mem: 4847
      ITM Evaluation: [ 300/2000]  eta: 0:01:08    time: 0.0388  data: 0.0000  max mem: 4847
      ITM Evaluation: [ 400/2000]  eta: 0:01:04    time: 0.0407  data: 0.0000  max mem: 4847
      ITM Evaluation: [ 500/2000]  eta: 0:01:00    time: 0.0399  data: 0.0000  max mem: 4847
      ITM Evaluation: [ 600/2000]  eta: 0:00:57    time: 0.0392  data: 0.0000  max mem: 4847
      ITM Evaluation: [ 700/2000]  eta: 0:00:53    time: 0.0421  data: 0.0000  max mem: 4847
      ITM Evaluation: [ 800/2000]  eta: 0:00:49    time: 0.0474  data: 0.0000  max mem: 4847
      ITM Evaluation: [ 900/2000]  eta: 0:00:46    time: 0.0477  data: 0.0000  max mem: 4847
      ITM Evaluation: [1000/2000]  eta: 0:00:42    time: 0.0434  data: 0.0000  max mem: 4847
      ITM Evaluation: [1100/2000]  eta: 0:00:38    time: 0.0424  data: 0.0000  max mem: 4847
      ITM Evaluation: [1200/2000]  eta: 0:00:33    time: 0.0402  data: 0.0000  max mem: 4847
      ITM Evaluation: [1300/2000]  eta: 0:00:29    time: 0.0415  data: 0.0000  max mem: 4847
      ITM Evaluation: [1400/2000]  eta: 0:00:25    time: 0.0392  data: 0.0000  max mem: 4847
      ITM Evaluation: [1500/2000]  eta: 0:00:21    time: 0.0440  data: 0.0000  max mem: 4847
      ITM Evaluation: [1600/2000]  eta: 0:00:16    time: 0.0436  data: 0.0000  max mem: 4847
      ITM Evaluation: [1700/2000]  eta: 0:00:12    time: 0.0475  data: 0.0000  max mem: 4847
      ITM Evaluation: [1800/2000]  eta: 0:00:08    time: 0.0406  data: 0.0000  max mem: 4847
      ITM Evaluation: [1900/2000]  eta: 0:00:04    time: 0.0369  data: 0.0000  max mem: 4847
      ITM Evaluation: [1999/2000]  eta: 0:00:00    time: 0.0414  data: 0.0000  max mem: 4847
      ITM Evaluation: Total time: 0:01:23 (0.0419 s / it)
     total_time 83.72262263298035
     Computing matching score time 0:01:23
### TTA ITM Score: 
+-------+--------+--------+--------+--------+--------+
| epoch |   R1   |   R5   |  R10   |  mAP   |  mINP  |
+-------+--------+--------+--------+--------+--------+
|  -999 | 59.000 | 79.650 | 88.500 | 47.231 | 25.876 |
|  -999 | 66.450 | 85.600 | 90.600 | 50.642 | 25.526 |
|   0   | 66.500 | 85.550 | 90.050 | 50.484 | 25.521 |
|   1   | 64.650 | 84.300 | 89.600 | 49.707 | 25.356 |
|   2   | 58.300 | 82.650 | 88.650 | 46.762 | 23.837 |
|   3   | 58.150 | 81.800 | 88.050 | 46.318 | 23.416 |
|   4   | 58.800 | 81.900 | 88.250 | 46.525 | 23.800 |
|   5   | 57.250 | 82.200 | 88.650 | 46.030 | 23.704 |
|   6   | 58.150 | 82.250 | 88.800 | 46.425 | 24.052 |
|   7   | 57.450 | 82.100 | 88.550 | 45.930 | 23.666 |
|   8   | 56.050 | 81.250 | 88.500 | 45.371 | 23.462 |
|   9   | 56.900 | 81.450 | 88.300 | 45.479 | 23.684 |
+-------+--------+--------+--------+--------+--------+
     logs:  {'epo': 9, 'R1': 56.9, 'R5': 81.45, 'R10': 88.3, 'mAP': 45.479, 'mINP': 23.684, 'lr': 0.000784, 'entropy': 0.201793, 'loss': 2.769588}
      TTA Epoch: [10] [ 0/28]  eta: 0:00:18  lr: 0.000765  entropy: 0.2267  loss: 2.7787  time: 0.6759  data: 0.5708  max mem: 4847
      TTA Epoch: [10] [27/28]  eta: 0:00:00  lr: 0.000730  entropy: 0.1784  loss: 2.7610  time: 0.0503  data: 0.0002  max mem: 4847
      TTA Epoch: [10] Total time: 0:00:02 (0.0741 s / it)
     Averaged stats: lr: 0.0007  entropy: 0.2107  loss: 2.7729
     itm tta time 0:00:02
     Computing matching score
      ITM Evaluation: [   0/2000]  eta: 0:01:28    time: 0.0443  data: 0.0022  max mem: 4847
      ITM Evaluation: [ 100/2000]  eta: 0:01:17    time: 0.0422  data: 0.0000  max mem: 4847
      ITM Evaluation: [ 200/2000]  eta: 0:01:12    time: 0.0425  data: 0.0000  max mem: 4847
      ITM Evaluation: [ 300/2000]  eta: 0:01:08    time: 0.0407  data: 0.0000  max mem: 4847
      ITM Evaluation: [ 400/2000]  eta: 0:01:05    time: 0.0455  data: 0.0000  max mem: 4847
      ITM Evaluation: [ 500/2000]  eta: 0:01:02    time: 0.0439  data: 0.0000  max mem: 4847
      ITM Evaluation: [ 600/2000]  eta: 0:00:58    time: 0.0410  data: 0.0000  max mem: 4847
      ITM Evaluation: [ 700/2000]  eta: 0:00:55    time: 0.0494  data: 0.0000  max mem: 4847
      ITM Evaluation: [ 800/2000]  eta: 0:00:52    time: 0.0432  data: 0.0000  max mem: 4847
      ITM Evaluation: [ 900/2000]  eta: 0:00:47    time: 0.0397  data: 0.0000  max mem: 4847
      ITM Evaluation: [1000/2000]  eta: 0:00:42    time: 0.0388  data: 0.0000  max mem: 4847
      ITM Evaluation: [1100/2000]  eta: 0:00:38    time: 0.0378  data: 0.0000  max mem: 4847
      ITM Evaluation: [1200/2000]  eta: 0:00:33    time: 0.0391  data: 0.0000  max mem: 4847
      ITM Evaluation: [1300/2000]  eta: 0:00:29    time: 0.0440  data: 0.0000  max mem: 4847
      ITM Evaluation: [1400/2000]  eta: 0:00:25    time: 0.0387  data: 0.0000  max mem: 4847
      ITM Evaluation: [1500/2000]  eta: 0:00:21    time: 0.0374  data: 0.0000  max mem: 4847
      ITM Evaluation: [1600/2000]  eta: 0:00:16    time: 0.0502  data: 0.0000  max mem: 4847
      ITM Evaluation: [1700/2000]  eta: 0:00:12    time: 0.0457  data: 0.0000  max mem: 4847
      ITM Evaluation: [1800/2000]  eta: 0:00:08    time: 0.0438  data: 0.0000  max mem: 4847
      ITM Evaluation: [1900/2000]  eta: 0:00:04    time: 0.0383  data: 0.0000  max mem: 4847
      ITM Evaluation: [1999/2000]  eta: 0:00:00    time: 0.0423  data: 0.0000  max mem: 4847
      ITM Evaluation: Total time: 0:01:24 (0.0425 s / it)
     total_time 85.0127067565918
     Computing matching score time 0:01:25
### TTA ITM Score: 
+-------+--------+--------+--------+--------+--------+
| epoch |   R1   |   R5   |  R10   |  mAP   |  mINP  |
+-------+--------+--------+--------+--------+--------+
|  -999 | 59.000 | 79.650 | 88.500 | 47.231 | 25.876 |
|  -999 | 66.450 | 85.600 | 90.600 | 50.642 | 25.526 |
|   0   | 66.500 | 85.550 | 90.050 | 50.484 | 25.521 |
|   1   | 64.650 | 84.300 | 89.600 | 49.707 | 25.356 |
|   2   | 58.300 | 82.650 | 88.650 | 46.762 | 23.837 |
|   3   | 58.150 | 81.800 | 88.050 | 46.318 | 23.416 |
|   4   | 58.800 | 81.900 | 88.250 | 46.525 | 23.800 |
|   5   | 57.250 | 82.200 | 88.650 | 46.030 | 23.704 |
|   6   | 58.150 | 82.250 | 88.800 | 46.425 | 24.052 |
|   7   | 57.450 | 82.100 | 88.550 | 45.930 | 23.666 |
|   8   | 56.050 | 81.250 | 88.500 | 45.371 | 23.462 |
|   9   | 56.900 | 81.450 | 88.300 | 45.479 | 23.684 |
|   10  | 56.750 | 81.500 | 88.800 | 45.714 | 23.921 |
+-------+--------+--------+--------+--------+--------+
     logs:  {'epo': 10, 'R1': 56.75, 'R5': 81.5, 'R10': 88.8, 'mAP': 45.714, 'mINP': 23.921, 'lr': 0.000747, 'entropy': 0.210682, 'loss': 2.772884}
      TTA Epoch: [11] [ 0/28]  eta: 0:00:16  lr: 0.000729  entropy: 0.0665  loss: 2.7193  time: 0.5983  data: 0.4967  max mem: 4847
      TTA Epoch: [11] [27/28]  eta: 0:00:00  lr: 0.000694  entropy: 0.1952  loss: 2.7672  time: 0.0492  data: 0.0001  max mem: 4847
      TTA Epoch: [11] Total time: 0:00:02 (0.0733 s / it)
     Averaged stats: lr: 0.0007  entropy: 0.1734  loss: 2.7591
     itm tta time 0:00:02
     Computing matching score
      ITM Evaluation: [   0/2000]  eta: 0:01:49    time: 0.0546  data: 0.0023  max mem: 4847
      ITM Evaluation: [ 100/2000]  eta: 0:01:17    time: 0.0431  data: 0.0000  max mem: 4847
      ITM Evaluation: [ 200/2000]  eta: 0:01:16    time: 0.0473  data: 0.0000  max mem: 4847
      ITM Evaluation: [ 300/2000]  eta: 0:01:13    time: 0.0457  data: 0.0000  max mem: 4847
      ITM Evaluation: [ 400/2000]  eta: 0:01:09    time: 0.0440  data: 0.0000  max mem: 4847
      ITM Evaluation: [ 500/2000]  eta: 0:01:05    time: 0.0443  data: 0.0000  max mem: 4847
      ITM Evaluation: [ 600/2000]  eta: 0:01:02    time: 0.0523  data: 0.0000  max mem: 4847
      ITM Evaluation: [ 700/2000]  eta: 0:00:58    time: 0.0403  data: 0.0000  max mem: 4847
      ITM Evaluation: [ 800/2000]  eta: 0:00:54    time: 0.0452  data: 0.0000  max mem: 4847
      ITM Evaluation: [ 900/2000]  eta: 0:00:49    time: 0.0440  data: 0.0000  max mem: 4847
      ITM Evaluation: [1000/2000]  eta: 0:00:45    time: 0.0474  data: 0.0000  max mem: 4847
      ITM Evaluation: [1100/2000]  eta: 0:00:40    time: 0.0428  data: 0.0000  max mem: 4847
      ITM Evaluation: [1200/2000]  eta: 0:00:36    time: 0.0434  data: 0.0000  max mem: 4847
      ITM Evaluation: [1300/2000]  eta: 0:00:31    time: 0.0440  data: 0.0000  max mem: 4847
      ITM Evaluation: [1400/2000]  eta: 0:00:27    time: 0.0471  data: 0.0000  max mem: 4847
      ITM Evaluation: [1500/2000]  eta: 0:00:22    time: 0.0534  data: 0.0000  max mem: 4847
      ITM Evaluation: [1600/2000]  eta: 0:00:18    time: 0.0441  data: 0.0000  max mem: 4847
      ITM Evaluation: [1700/2000]  eta: 0:00:13    time: 0.0420  data: 0.0000  max mem: 4847
      ITM Evaluation: [1800/2000]  eta: 0:00:09    time: 0.0431  data: 0.0000  max mem: 4847
      ITM Evaluation: [1900/2000]  eta: 0:00:04    time: 0.0443  data: 0.0000  max mem: 4847
      ITM Evaluation: [1999/2000]  eta: 0:00:00    time: 0.0446  data: 0.0000  max mem: 4847
      ITM Evaluation: Total time: 0:01:30 (0.0455 s / it)
     total_time 90.92606091499329
     Computing matching score time 0:01:30
### TTA ITM Score: 
+-------+--------+--------+--------+--------+--------+
| epoch |   R1   |   R5   |  R10   |  mAP   |  mINP  |
+-------+--------+--------+--------+--------+--------+
|  -999 | 59.000 | 79.650 | 88.500 | 47.231 | 25.876 |
|  -999 | 66.450 | 85.600 | 90.600 | 50.642 | 25.526 |
|   0   | 66.500 | 85.550 | 90.050 | 50.484 | 25.521 |
|   1   | 64.650 | 84.300 | 89.600 | 49.707 | 25.356 |
|   2   | 58.300 | 82.650 | 88.650 | 46.762 | 23.837 |
|   3   | 58.150 | 81.800 | 88.050 | 46.318 | 23.416 |
|   4   | 58.800 | 81.900 | 88.250 | 46.525 | 23.800 |
|   5   | 57.250 | 82.200 | 88.650 | 46.030 | 23.704 |
|   6   | 58.150 | 82.250 | 88.800 | 46.425 | 24.052 |
|   7   | 57.450 | 82.100 | 88.550 | 45.930 | 23.666 |
|   8   | 56.050 | 81.250 | 88.500 | 45.371 | 23.462 |
|   9   | 56.900 | 81.450 | 88.300 | 45.479 | 23.684 |
|   10  | 56.750 | 81.500 | 88.800 | 45.714 | 23.921 |
|   11  | 57.000 | 81.250 | 88.700 | 45.790 | 23.842 |
+-------+--------+--------+--------+--------+--------+
     logs:  {'epo': 11, 'R1': 57.0, 'R5': 81.25, 'R10': 88.7, 'mAP': 45.79, 'mINP': 23.842, 'lr': 0.000711, 'entropy': 0.173432, 'loss': 2.759066}
      TTA Epoch: [12] [ 0/28]  eta: 0:00:17  lr: 0.000692  entropy: 0.1044  loss: 2.7334  time: 0.6308  data: 0.5400  max mem: 4847
      TTA Epoch: [12] [27/28]  eta: 0:00:00  lr: 0.000657  entropy: 0.1324  loss: 2.7441  time: 0.0483  data: 0.0001  max mem: 4847
      TTA Epoch: [12] Total time: 0:00:02 (0.0723 s / it)
     Averaged stats: lr: 0.0007  entropy: 0.1656  loss: 2.7562
     itm tta time 0:00:02
     Computing matching score
      ITM Evaluation: [   0/2000]  eta: 0:01:52    time: 0.0563  data: 0.0026  max mem: 4847
      ITM Evaluation: [ 100/2000]  eta: 0:01:16    time: 0.0405  data: 0.0000  max mem: 4847
      ITM Evaluation: [ 200/2000]  eta: 0:01:14    time: 0.0436  data: 0.0000  max mem: 4847
      ITM Evaluation: [ 300/2000]  eta: 0:01:12    time: 0.0484  data: 0.0000  max mem: 4847
      ITM Evaluation: [ 400/2000]  eta: 0:01:13    time: 0.0517  data: 0.0000  max mem: 4847
      ITM Evaluation: [ 500/2000]  eta: 0:01:07    time: 0.0397  data: 0.0000  max mem: 4847
      ITM Evaluation: [ 600/2000]  eta: 0:01:02    time: 0.0420  data: 0.0000  max mem: 4847
      ITM Evaluation: [ 700/2000]  eta: 0:00:57    time: 0.0447  data: 0.0000  max mem: 4847
      ITM Evaluation: [ 800/2000]  eta: 0:00:52    time: 0.0429  data: 0.0000  max mem: 4847
      ITM Evaluation: [ 900/2000]  eta: 0:00:48    time: 0.0400  data: 0.0000  max mem: 4847
      ITM Evaluation: [1000/2000]  eta: 0:00:43    time: 0.0426  data: 0.0000  max mem: 4847
      ITM Evaluation: [1100/2000]  eta: 0:00:38    time: 0.0413  data: 0.0000  max mem: 4847
      ITM Evaluation: [1200/2000]  eta: 0:00:34    time: 0.0441  data: 0.0000  max mem: 4847
      ITM Evaluation: [1300/2000]  eta: 0:00:30    time: 0.0530  data: 0.0000  max mem: 4847
      ITM Evaluation: [1400/2000]  eta: 0:00:26    time: 0.0534  data: 0.0000  max mem: 4847
      ITM Evaluation: [1500/2000]  eta: 0:00:22    time: 0.0458  data: 0.0000  max mem: 4847
      ITM Evaluation: [1600/2000]  eta: 0:00:17    time: 0.0365  data: 0.0000  max mem: 4847
      ITM Evaluation: [1700/2000]  eta: 0:00:13    time: 0.0365  data: 0.0000  max mem: 4847
      ITM Evaluation: [1800/2000]  eta: 0:00:08    time: 0.0413  data: 0.0000  max mem: 4847
      ITM Evaluation: [1900/2000]  eta: 0:00:04    time: 0.0378  data: 0.0000  max mem: 4847
      ITM Evaluation: [1999/2000]  eta: 0:00:00    time: 0.0382  data: 0.0000  max mem: 4847
      ITM Evaluation: Total time: 0:01:25 (0.0430 s / it)
     total_time 85.96119904518127
     Computing matching score time 0:01:25
### TTA ITM Score: 
+-------+--------+--------+--------+--------+--------+
| epoch |   R1   |   R5   |  R10   |  mAP   |  mINP  |
+-------+--------+--------+--------+--------+--------+
|  -999 | 59.000 | 79.650 | 88.500 | 47.231 | 25.876 |
|  -999 | 66.450 | 85.600 | 90.600 | 50.642 | 25.526 |
|   0   | 66.500 | 85.550 | 90.050 | 50.484 | 25.521 |
|   1   | 64.650 | 84.300 | 89.600 | 49.707 | 25.356 |
|   2   | 58.300 | 82.650 | 88.650 | 46.762 | 23.837 |
|   3   | 58.150 | 81.800 | 88.050 | 46.318 | 23.416 |
|   4   | 58.800 | 81.900 | 88.250 | 46.525 | 23.800 |
|   5   | 57.250 | 82.200 | 88.650 | 46.030 | 23.704 |
|   6   | 58.150 | 82.250 | 88.800 | 46.425 | 24.052 |
|   7   | 57.450 | 82.100 | 88.550 | 45.930 | 23.666 |
|   8   | 56.050 | 81.250 | 88.500 | 45.371 | 23.462 |
|   9   | 56.900 | 81.450 | 88.300 | 45.479 | 23.684 |
|   10  | 56.750 | 81.500 | 88.800 | 45.714 | 23.921 |
|   11  | 57.000 | 81.250 | 88.700 | 45.790 | 23.842 |
|   12  | 57.750 | 81.500 | 88.700 | 46.095 | 24.027 |
+-------+--------+--------+--------+--------+--------+
     logs:  {'epo': 12, 'R1': 57.75, 'R5': 81.5, 'R10': 88.7, 'mAP': 46.095, 'mINP': 24.027, 'lr': 0.000675, 'entropy': 0.165632, 'loss': 2.756167}
      TTA Epoch: [13] [ 0/28]  eta: 0:00:17  lr: 0.000656  entropy: 0.2554  loss: 2.7896  time: 0.6425  data: 0.5328  max mem: 4847
      TTA Epoch: [13] [27/28]  eta: 0:00:00  lr: 0.000621  entropy: 0.2901  loss: 2.8025  time: 0.0503  data: 0.0001  max mem: 4847
      TTA Epoch: [13] Total time: 0:00:02 (0.0742 s / it)
     Averaged stats: lr: 0.0006  entropy: 0.1585  loss: 2.7535
     itm tta time 0:00:02
     Computing matching score
      ITM Evaluation: [   0/2000]  eta: 0:01:21    time: 0.0406  data: 0.0023  max mem: 4847
      ITM Evaluation: [ 100/2000]  eta: 0:01:12    time: 0.0388  data: 0.0000  max mem: 4847
      ITM Evaluation: [ 200/2000]  eta: 0:01:09    time: 0.0389  data: 0.0000  max mem: 4847
      ITM Evaluation: [ 300/2000]  eta: 0:01:04    time: 0.0378  data: 0.0000  max mem: 4847
      ITM Evaluation: [ 400/2000]  eta: 0:01:00    time: 0.0379  data: 0.0000  max mem: 4847
      ITM Evaluation: [ 500/2000]  eta: 0:00:57    time: 0.0399  data: 0.0000  max mem: 4847
      ITM Evaluation: [ 600/2000]  eta: 0:00:53    time: 0.0415  data: 0.0000  max mem: 4847
      ITM Evaluation: [ 700/2000]  eta: 0:00:49    time: 0.0378  data: 0.0000  max mem: 4847
      ITM Evaluation: [ 800/2000]  eta: 0:00:45    time: 0.0380  data: 0.0000  max mem: 4847
      ITM Evaluation: [ 900/2000]  eta: 0:00:42    time: 0.0367  data: 0.0000  max mem: 4847
      ITM Evaluation: [1000/2000]  eta: 0:00:38    time: 0.0376  data: 0.0000  max mem: 4847
      ITM Evaluation: [1100/2000]  eta: 0:00:34    time: 0.0385  data: 0.0000  max mem: 4847
      ITM Evaluation: [1200/2000]  eta: 0:00:30    time: 0.0394  data: 0.0000  max mem: 4847
      ITM Evaluation: [1300/2000]  eta: 0:00:26    time: 0.0373  data: 0.0000  max mem: 4847
      ITM Evaluation: [1400/2000]  eta: 0:00:23    time: 0.0424  data: 0.0000  max mem: 4847
      ITM Evaluation: [1500/2000]  eta: 0:00:19    time: 0.0506  data: 0.0000  max mem: 4847
      ITM Evaluation: [1600/2000]  eta: 0:00:15    time: 0.0408  data: 0.0000  max mem: 4847
      ITM Evaluation: [1700/2000]  eta: 0:00:11    time: 0.0418  data: 0.0000  max mem: 4847
      ITM Evaluation: [1800/2000]  eta: 0:00:07    time: 0.0384  data: 0.0000  max mem: 4847
      ITM Evaluation: [1900/2000]  eta: 0:00:03    time: 0.0407  data: 0.0000  max mem: 4847
      ITM Evaluation: [1999/2000]  eta: 0:00:00    time: 0.0382  data: 0.0000  max mem: 4847
      ITM Evaluation: Total time: 0:01:18 (0.0394 s / it)
     total_time 78.8189845085144
     Computing matching score time 0:01:18
### TTA ITM Score: 
+-------+--------+--------+--------+--------+--------+
| epoch |   R1   |   R5   |  R10   |  mAP   |  mINP  |
+-------+--------+--------+--------+--------+--------+
|  -999 | 59.000 | 79.650 | 88.500 | 47.231 | 25.876 |
|  -999 | 66.450 | 85.600 | 90.600 | 50.642 | 25.526 |
|   0   | 66.500 | 85.550 | 90.050 | 50.484 | 25.521 |
|   1   | 64.650 | 84.300 | 89.600 | 49.707 | 25.356 |
|   2   | 58.300 | 82.650 | 88.650 | 46.762 | 23.837 |
|   3   | 58.150 | 81.800 | 88.050 | 46.318 | 23.416 |
|   4   | 58.800 | 81.900 | 88.250 | 46.525 | 23.800 |
|   5   | 57.250 | 82.200 | 88.650 | 46.030 | 23.704 |
|   6   | 58.150 | 82.250 | 88.800 | 46.425 | 24.052 |
|   7   | 57.450 | 82.100 | 88.550 | 45.930 | 23.666 |
|   8   | 56.050 | 81.250 | 88.500 | 45.371 | 23.462 |
|   9   | 56.900 | 81.450 | 88.300 | 45.479 | 23.684 |
|   10  | 56.750 | 81.500 | 88.800 | 45.714 | 23.921 |
|   11  | 57.000 | 81.250 | 88.700 | 45.790 | 23.842 |
|   12  | 57.750 | 81.500 | 88.700 | 46.095 | 24.027 |
|   13  | 57.650 | 81.450 | 88.800 | 46.202 | 24.003 |
+-------+--------+--------+--------+--------+--------+
     logs:  {'epo': 13, 'R1': 57.65, 'R5': 81.45, 'R10': 88.8, 'mAP': 46.202, 'mINP': 24.003, 'lr': 0.000638, 'entropy': 0.158518, 'loss': 2.753522}
      TTA Epoch: [14] [ 0/28]  eta: 0:00:19  lr: 0.000619  entropy: 0.2567  loss: 2.7898  time: 0.6828  data: 0.5587  max mem: 4847
      TTA Epoch: [14] [27/28]  eta: 0:00:00  lr: 0.000292  entropy: 0.1364  loss: 2.7452  time: 0.0481  data: 0.0001  max mem: 4847
      TTA Epoch: [14] Total time: 0:00:02 (0.0739 s / it)
     Averaged stats: lr: 0.0004  entropy: 0.1710  loss: 2.7582
     itm tta time 0:00:02
     Computing matching score
      ITM Evaluation: [   0/2000]  eta: 0:01:33    time: 0.0468  data: 0.0026  max mem: 4847
      ITM Evaluation: [ 100/2000]  eta: 0:01:16    time: 0.0392  data: 0.0000  max mem: 4847
      ITM Evaluation: [ 200/2000]  eta: 0:01:12    time: 0.0381  data: 0.0000  max mem: 4847
      ITM Evaluation: [ 300/2000]  eta: 0:01:07    time: 0.0404  data: 0.0000  max mem: 4847
      ITM Evaluation: [ 400/2000]  eta: 0:01:04    time: 0.0442  data: 0.0000  max mem: 4847
      ITM Evaluation: [ 500/2000]  eta: 0:01:02    time: 0.0437  data: 0.0000  max mem: 4847
      ITM Evaluation: [ 600/2000]  eta: 0:00:57    time: 0.0400  data: 0.0000  max mem: 4847
      ITM Evaluation: [ 700/2000]  eta: 0:00:53    time: 0.0411  data: 0.0000  max mem: 4847
      ITM Evaluation: [ 800/2000]  eta: 0:00:49    time: 0.0411  data: 0.0000  max mem: 4847
      ITM Evaluation: [ 900/2000]  eta: 0:00:45    time: 0.0415  data: 0.0000  max mem: 4847
      ITM Evaluation: [1000/2000]  eta: 0:00:41    time: 0.0420  data: 0.0000  max mem: 4847
      ITM Evaluation: [1100/2000]  eta: 0:00:36    time: 0.0403  data: 0.0000  max mem: 4847
      ITM Evaluation: [1200/2000]  eta: 0:00:32    time: 0.0413  data: 0.0000  max mem: 4847
      ITM Evaluation: [1300/2000]  eta: 0:00:28    time: 0.0407  data: 0.0000  max mem: 4847
      ITM Evaluation: [1400/2000]  eta: 0:00:24    time: 0.0449  data: 0.0000  max mem: 4847
      ITM Evaluation: [1500/2000]  eta: 0:00:20    time: 0.0392  data: 0.0000  max mem: 4847
      ITM Evaluation: [1600/2000]  eta: 0:00:16    time: 0.0416  data: 0.0000  max mem: 4847
      ITM Evaluation: [1700/2000]  eta: 0:00:12    time: 0.0409  data: 0.0000  max mem: 4847
      ITM Evaluation: [1800/2000]  eta: 0:00:08    time: 0.0399  data: 0.0000  max mem: 4847
      ITM Evaluation: [1900/2000]  eta: 0:00:04    time: 0.0408  data: 0.0000  max mem: 4847
      ITM Evaluation: [1999/2000]  eta: 0:00:00    time: 0.0404  data: 0.0000  max mem: 4847
      ITM Evaluation: Total time: 0:01:22 (0.0414 s / it)
     total_time 82.75986313819885
     Computing matching score time 0:01:22
### TTA ITM Score: 
+-------+--------+--------+--------+--------+--------+
| epoch |   R1   |   R5   |  R10   |  mAP   |  mINP  |
+-------+--------+--------+--------+--------+--------+
|  -999 | 59.000 | 79.650 | 88.500 | 47.231 | 25.876 |
|  -999 | 66.450 | 85.600 | 90.600 | 50.642 | 25.526 |
|   0   | 66.500 | 85.550 | 90.050 | 50.484 | 25.521 |
|   1   | 64.650 | 84.300 | 89.600 | 49.707 | 25.356 |
|   2   | 58.300 | 82.650 | 88.650 | 46.762 | 23.837 |
|   3   | 58.150 | 81.800 | 88.050 | 46.318 | 23.416 |
|   4   | 58.800 | 81.900 | 88.250 | 46.525 | 23.800 |
|   5   | 57.250 | 82.200 | 88.650 | 46.030 | 23.704 |
|   6   | 58.150 | 82.250 | 88.800 | 46.425 | 24.052 |
|   7   | 57.450 | 82.100 | 88.550 | 45.930 | 23.666 |
|   8   | 56.050 | 81.250 | 88.500 | 45.371 | 23.462 |
|   9   | 56.900 | 81.450 | 88.300 | 45.479 | 23.684 |
|   10  | 56.750 | 81.500 | 88.800 | 45.714 | 23.921 |
|   11  | 57.000 | 81.250 | 88.700 | 45.790 | 23.842 |
|   12  | 57.750 | 81.500 | 88.700 | 46.095 | 24.027 |
|   13  | 57.650 | 81.450 | 88.800 | 46.202 | 24.003 |
|   14  | 57.450 | 81.600 | 88.850 | 46.231 | 24.142 |
+-------+--------+--------+--------+--------+--------+
     logs:  {'epo': 14, 'R1': 57.45, 'R5': 81.6, 'R10': 88.85, 'mAP': 46.231, 'mINP': 24.142, 'lr': 0.000378, 'entropy': 0.171026, 'loss': 2.758173}
      TTA Epoch: [15] [ 0/28]  eta: 0:00:18  lr: 0.000292  entropy: 0.1860  loss: 2.7636  time: 0.6467  data: 0.5438  max mem: 4847
      TTA Epoch: [15] [27/28]  eta: 0:00:00  lr: 0.000274  entropy: 0.1278  loss: 2.7422  time: 0.0475  data: 0.0001  max mem: 4847
      TTA Epoch: [15] Total time: 0:00:02 (0.0715 s / it)
     Averaged stats: lr: 0.0003  entropy: 0.1522  loss: 2.7512
     itm tta time 0:00:02
     Computing matching score
      ITM Evaluation: [   0/2000]  eta: 0:01:36    time: 0.0485  data: 0.0026  max mem: 4847
      ITM Evaluation: [ 100/2000]  eta: 0:01:15    time: 0.0399  data: 0.0000  max mem: 4847
      ITM Evaluation: [ 200/2000]  eta: 0:01:11    time: 0.0389  data: 0.0000  max mem: 4847
      ITM Evaluation: [ 300/2000]  eta: 0:01:11    time: 0.0502  data: 0.0000  max mem: 4847
      ITM Evaluation: [ 400/2000]  eta: 0:01:10    time: 0.0426  data: 0.0000  max mem: 4847
      ITM Evaluation: [ 500/2000]  eta: 0:01:04    time: 0.0391  data: 0.0000  max mem: 4847
      ITM Evaluation: [ 600/2000]  eta: 0:00:59    time: 0.0382  data: 0.0000  max mem: 4847
      ITM Evaluation: [ 700/2000]  eta: 0:00:54    time: 0.0380  data: 0.0000  max mem: 4847
      ITM Evaluation: [ 800/2000]  eta: 0:00:50    time: 0.0405  data: 0.0000  max mem: 4847
      ITM Evaluation: [ 900/2000]  eta: 0:00:46    time: 0.0417  data: 0.0000  max mem: 4847
      ITM Evaluation: [1000/2000]  eta: 0:00:41    time: 0.0411  data: 0.0000  max mem: 4847
      ITM Evaluation: [1100/2000]  eta: 0:00:37    time: 0.0379  data: 0.0000  max mem: 4847
      ITM Evaluation: [1200/2000]  eta: 0:00:33    time: 0.0393  data: 0.0000  max mem: 4847
      ITM Evaluation: [1300/2000]  eta: 0:00:29    time: 0.0536  data: 0.0000  max mem: 4847
      ITM Evaluation: [1400/2000]  eta: 0:00:25    time: 0.0385  data: 0.0000  max mem: 4847
      ITM Evaluation: [1500/2000]  eta: 0:00:21    time: 0.0418  data: 0.0000  max mem: 4847
      ITM Evaluation: [1600/2000]  eta: 0:00:16    time: 0.0406  data: 0.0000  max mem: 4847
      ITM Evaluation: [1700/2000]  eta: 0:00:12    time: 0.0400  data: 0.0000  max mem: 4847
      ITM Evaluation: [1800/2000]  eta: 0:00:08    time: 0.0405  data: 0.0000  max mem: 4847
      ITM Evaluation: [1900/2000]  eta: 0:00:04    time: 0.0405  data: 0.0000  max mem: 4847
      ITM Evaluation: [1999/2000]  eta: 0:00:00    time: 0.0422  data: 0.0000  max mem: 4847
      ITM Evaluation: Total time: 0:01:23 (0.0418 s / it)
     total_time 83.6511857509613
     Computing matching score time 0:01:23
### TTA ITM Score: 
+-------+--------+--------+--------+--------+--------+
| epoch |   R1   |   R5   |  R10   |  mAP   |  mINP  |
+-------+--------+--------+--------+--------+--------+
|  -999 | 59.000 | 79.650 | 88.500 | 47.231 | 25.876 |
|  -999 | 66.450 | 85.600 | 90.600 | 50.642 | 25.526 |
|   0   | 66.500 | 85.550 | 90.050 | 50.484 | 25.521 |
|   1   | 64.650 | 84.300 | 89.600 | 49.707 | 25.356 |
|   2   | 58.300 | 82.650 | 88.650 | 46.762 | 23.837 |
|   3   | 58.150 | 81.800 | 88.050 | 46.318 | 23.416 |
|   4   | 58.800 | 81.900 | 88.250 | 46.525 | 23.800 |
|   5   | 57.250 | 82.200 | 88.650 | 46.030 | 23.704 |
|   6   | 58.150 | 82.250 | 88.800 | 46.425 | 24.052 |
|   7   | 57.450 | 82.100 | 88.550 | 45.930 | 23.666 |
|   8   | 56.050 | 81.250 | 88.500 | 45.371 | 23.462 |
|   9   | 56.900 | 81.450 | 88.300 | 45.479 | 23.684 |
|   10  | 56.750 | 81.500 | 88.800 | 45.714 | 23.921 |
|   11  | 57.000 | 81.250 | 88.700 | 45.790 | 23.842 |
|   12  | 57.750 | 81.500 | 88.700 | 46.095 | 24.027 |
|   13  | 57.650 | 81.450 | 88.800 | 46.202 | 24.003 |
|   14  | 57.450 | 81.600 | 88.850 | 46.231 | 24.142 |
|   15  | 56.650 | 81.350 | 89.050 | 46.008 | 24.140 |
+-------+--------+--------+--------+--------+--------+
     logs:  {'epo': 15, 'R1': 56.65, 'R5': 81.35, 'R10': 89.05, 'mAP': 46.008, 'mINP': 24.14, 'lr': 0.000283, 'entropy': 0.15217, 'loss': 2.751175}
      TTA Epoch: [16] [ 0/28]  eta: 0:00:18  lr: 0.000273  entropy: 0.0665  loss: 2.7194  time: 0.6438  data: 0.5334  max mem: 4847
      TTA Epoch: [16] [27/28]  eta: 0:00:00  lr: 0.000256  entropy: 0.0865  loss: 2.7268  time: 0.0522  data: 0.0001  max mem: 4847
      TTA Epoch: [16] Total time: 0:00:02 (0.0792 s / it)
     Averaged stats: lr: 0.0003  entropy: 0.1413  loss: 2.7471
     itm tta time 0:00:02
     Computing matching score
      ITM Evaluation: [   0/2000]  eta: 0:01:27    time: 0.0438  data: 0.0024  max mem: 4847
      ITM Evaluation: [ 100/2000]  eta: 0:01:17    time: 0.0398  data: 0.0000  max mem: 4847
      ITM Evaluation: [ 200/2000]  eta: 0:01:18    time: 0.0469  data: 0.0000  max mem: 4847
      ITM Evaluation: [ 300/2000]  eta: 0:01:14    time: 0.0378  data: 0.0000  max mem: 4847
      ITM Evaluation: [ 400/2000]  eta: 0:01:08    time: 0.0390  data: 0.0000  max mem: 4847
      ITM Evaluation: [ 500/2000]  eta: 0:01:02    time: 0.0371  data: 0.0000  max mem: 4847
      ITM Evaluation: [ 600/2000]  eta: 0:00:57    time: 0.0382  data: 0.0000  max mem: 4847
      ITM Evaluation: [ 700/2000]  eta: 0:00:53    time: 0.0420  data: 0.0000  max mem: 4847
      ITM Evaluation: [ 800/2000]  eta: 0:00:48    time: 0.0389  data: 0.0000  max mem: 4847
      ITM Evaluation: [ 900/2000]  eta: 0:00:44    time: 0.0378  data: 0.0000  max mem: 4847
      ITM Evaluation: [1000/2000]  eta: 0:00:40    time: 0.0407  data: 0.0000  max mem: 4847
      ITM Evaluation: [1100/2000]  eta: 0:00:36    time: 0.0410  data: 0.0000  max mem: 4847
      ITM Evaluation: [1200/2000]  eta: 0:00:32    time: 0.0444  data: 0.0000  max mem: 4847
      ITM Evaluation: [1300/2000]  eta: 0:00:28    time: 0.0399  data: 0.0000  max mem: 4847
      ITM Evaluation: [1400/2000]  eta: 0:00:24    time: 0.0365  data: 0.0000  max mem: 4847
      ITM Evaluation: [1500/2000]  eta: 0:00:19    time: 0.0390  data: 0.0000  max mem: 4847
      ITM Evaluation: [1600/2000]  eta: 0:00:15    time: 0.0398  data: 0.0000  max mem: 4847
      ITM Evaluation: [1700/2000]  eta: 0:00:11    time: 0.0363  data: 0.0000  max mem: 4847
      ITM Evaluation: [1800/2000]  eta: 0:00:07    time: 0.0390  data: 0.0000  max mem: 4847
      ITM Evaluation: [1900/2000]  eta: 0:00:03    time: 0.0423  data: 0.0000  max mem: 4847
      ITM Evaluation: [1999/2000]  eta: 0:00:00    time: 0.0403  data: 0.0000  max mem: 4847
      ITM Evaluation: Total time: 0:01:19 (0.0397 s / it)
     total_time 79.4497082233429
     Computing matching score time 0:01:19
### TTA ITM Score: 
+-------+--------+--------+--------+--------+--------+
| epoch |   R1   |   R5   |  R10   |  mAP   |  mINP  |
+-------+--------+--------+--------+--------+--------+
|  -999 | 59.000 | 79.650 | 88.500 | 47.231 | 25.876 |
|  -999 | 66.450 | 85.600 | 90.600 | 50.642 | 25.526 |
|   0   | 66.500 | 85.550 | 90.050 | 50.484 | 25.521 |
|   1   | 64.650 | 84.300 | 89.600 | 49.707 | 25.356 |
|   2   | 58.300 | 82.650 | 88.650 | 46.762 | 23.837 |
|   3   | 58.150 | 81.800 | 88.050 | 46.318 | 23.416 |
|   4   | 58.800 | 81.900 | 88.250 | 46.525 | 23.800 |
|   5   | 57.250 | 82.200 | 88.650 | 46.030 | 23.704 |
|   6   | 58.150 | 82.250 | 88.800 | 46.425 | 24.052 |
|   7   | 57.450 | 82.100 | 88.550 | 45.930 | 23.666 |
|   8   | 56.050 | 81.250 | 88.500 | 45.371 | 23.462 |
|   9   | 56.900 | 81.450 | 88.300 | 45.479 | 23.684 |
|   10  | 56.750 | 81.500 | 88.800 | 45.714 | 23.921 |
|   11  | 57.000 | 81.250 | 88.700 | 45.790 | 23.842 |
|   12  | 57.750 | 81.500 | 88.700 | 46.095 | 24.027 |
|   13  | 57.650 | 81.450 | 88.800 | 46.202 | 24.003 |
|   14  | 57.450 | 81.600 | 88.850 | 46.231 | 24.142 |
|   15  | 56.650 | 81.350 | 89.050 | 46.008 | 24.140 |
|   16  | 57.250 | 81.600 | 88.950 | 46.302 | 24.182 |
+-------+--------+--------+--------+--------+--------+
     logs:  {'epo': 16, 'R1': 57.25, 'R5': 81.6, 'R10': 88.95, 'mAP': 46.302, 'mINP': 24.182, 'lr': 0.000265, 'entropy': 0.141286, 'loss': 2.747136}
      TTA Epoch: [17] [ 0/28]  eta: 0:00:18  lr: 0.000255  entropy: 0.2739  loss: 2.7964  time: 0.6443  data: 0.5587  max mem: 4847
      TTA Epoch: [17] [27/28]  eta: 0:00:00  lr: 0.000238  entropy: 0.1217  loss: 2.7401  time: 0.0467  data: 0.0001  max mem: 4847
      TTA Epoch: [17] Total time: 0:00:02 (0.0774 s / it)
     Averaged stats: lr: 0.0002  entropy: 0.1401  loss: 2.7467
     itm tta time 0:00:02
     Computing matching score
      ITM Evaluation: [   0/2000]  eta: 0:01:23    time: 0.0419  data: 0.0023  max mem: 4847
      ITM Evaluation: [ 100/2000]  eta: 0:01:16    time: 0.0418  data: 0.0000  max mem: 4847
      ITM Evaluation: [ 200/2000]  eta: 0:01:15    time: 0.0425  data: 0.0000  max mem: 4847
      ITM Evaluation: [ 300/2000]  eta: 0:01:10    time: 0.0440  data: 0.0000  max mem: 4847
      ITM Evaluation: [ 400/2000]  eta: 0:01:06    time: 0.0408  data: 0.0000  max mem: 4847
      ITM Evaluation: [ 500/2000]  eta: 0:01:01    time: 0.0385  data: 0.0000  max mem: 4847
      ITM Evaluation: [ 600/2000]  eta: 0:00:56    time: 0.0378  data: 0.0000  max mem: 4847
      ITM Evaluation: [ 700/2000]  eta: 0:00:52    time: 0.0369  data: 0.0000  max mem: 4847
      ITM Evaluation: [ 800/2000]  eta: 0:00:47    time: 0.0388  data: 0.0000  max mem: 4847
      ITM Evaluation: [ 900/2000]  eta: 0:00:43    time: 0.0373  data: 0.0000  max mem: 4847
      ITM Evaluation: [1000/2000]  eta: 0:00:39    time: 0.0421  data: 0.0000  max mem: 4847
      ITM Evaluation: [1100/2000]  eta: 0:00:35    time: 0.0376  data: 0.0000  max mem: 4847
      ITM Evaluation: [1200/2000]  eta: 0:00:31    time: 0.0439  data: 0.0000  max mem: 4847
      ITM Evaluation: [1300/2000]  eta: 0:00:28    time: 0.0450  data: 0.0000  max mem: 4847
      ITM Evaluation: [1400/2000]  eta: 0:00:24    time: 0.0386  data: 0.0000  max mem: 4847
      ITM Evaluation: [1500/2000]  eta: 0:00:20    time: 0.0408  data: 0.0000  max mem: 4847
      ITM Evaluation: [1600/2000]  eta: 0:00:16    time: 0.0363  data: 0.0000  max mem: 4847
      ITM Evaluation: [1700/2000]  eta: 0:00:12    time: 0.0406  data: 0.0000  max mem: 4847
      ITM Evaluation: [1800/2000]  eta: 0:00:08    time: 0.0416  data: 0.0000  max mem: 4847
      ITM Evaluation: [1900/2000]  eta: 0:00:04    time: 0.0388  data: 0.0000  max mem: 4847
      ITM Evaluation: [1999/2000]  eta: 0:00:00    time: 0.0442  data: 0.0000  max mem: 4847
      ITM Evaluation: Total time: 0:01:20 (0.0403 s / it)
     total_time 80.66252660751343
     Computing matching score time 0:01:20
### TTA ITM Score: 
+-------+--------+--------+--------+--------+--------+
| epoch |   R1   |   R5   |  R10   |  mAP   |  mINP  |
+-------+--------+--------+--------+--------+--------+
|  -999 | 59.000 | 79.650 | 88.500 | 47.231 | 25.876 |
|  -999 | 66.450 | 85.600 | 90.600 | 50.642 | 25.526 |
|   0   | 66.500 | 85.550 | 90.050 | 50.484 | 25.521 |
|   1   | 64.650 | 84.300 | 89.600 | 49.707 | 25.356 |
|   2   | 58.300 | 82.650 | 88.650 | 46.762 | 23.837 |
|   3   | 58.150 | 81.800 | 88.050 | 46.318 | 23.416 |
|   4   | 58.800 | 81.900 | 88.250 | 46.525 | 23.800 |
|   5   | 57.250 | 82.200 | 88.650 | 46.030 | 23.704 |
|   6   | 58.150 | 82.250 | 88.800 | 46.425 | 24.052 |
|   7   | 57.450 | 82.100 | 88.550 | 45.930 | 23.666 |
|   8   | 56.050 | 81.250 | 88.500 | 45.371 | 23.462 |
|   9   | 56.900 | 81.450 | 88.300 | 45.479 | 23.684 |
|   10  | 56.750 | 81.500 | 88.800 | 45.714 | 23.921 |
|   11  | 57.000 | 81.250 | 88.700 | 45.790 | 23.842 |
|   12  | 57.750 | 81.500 | 88.700 | 46.095 | 24.027 |
|   13  | 57.650 | 81.450 | 88.800 | 46.202 | 24.003 |
|   14  | 57.450 | 81.600 | 88.850 | 46.231 | 24.142 |
|   15  | 56.650 | 81.350 | 89.050 | 46.008 | 24.140 |
|   16  | 57.250 | 81.600 | 88.950 | 46.302 | 24.182 |
|   17  | 57.650 | 81.550 | 89.150 | 46.362 | 24.187 |
+-------+--------+--------+--------+--------+--------+
     logs:  {'epo': 17, 'R1': 57.65, 'R5': 81.55, 'R10': 89.15, 'mAP': 46.362, 'mINP': 24.187, 'lr': 0.000246, 'entropy': 0.140144, 'loss': 2.74672}
      TTA Epoch: [18] [ 0/28]  eta: 0:00:18  lr: 0.000237  entropy: 0.1638  loss: 2.7555  time: 0.6571  data: 0.5231  max mem: 4847
      TTA Epoch: [18] [27/28]  eta: 0:00:00  lr: 0.000219  entropy: 0.0586  loss: 2.7161  time: 0.0487  data: 0.0001  max mem: 4847
      TTA Epoch: [18] Total time: 0:00:02 (0.0736 s / it)
     Averaged stats: lr: 0.0002  entropy: 0.1378  loss: 2.7458
     itm tta time 0:00:02
     Computing matching score
      ITM Evaluation: [   0/2000]  eta: 0:02:17    time: 0.0687  data: 0.0028  max mem: 4847
      ITM Evaluation: [ 100/2000]  eta: 0:01:16    time: 0.0432  data: 0.0000  max mem: 4847
      ITM Evaluation: [ 200/2000]  eta: 0:01:15    time: 0.0454  data: 0.0000  max mem: 4847
      ITM Evaluation: [ 300/2000]  eta: 0:01:12    time: 0.0394  data: 0.0000  max mem: 4847
      ITM Evaluation: [ 400/2000]  eta: 0:01:06    time: 0.0371  data: 0.0000  max mem: 4847
      ITM Evaluation: [ 500/2000]  eta: 0:01:01    time: 0.0390  data: 0.0000  max mem: 4847
      ITM Evaluation: [ 600/2000]  eta: 0:00:57    time: 0.0388  data: 0.0000  max mem: 4847
      ITM Evaluation: [ 700/2000]  eta: 0:00:52    time: 0.0392  data: 0.0000  max mem: 4847
      ITM Evaluation: [ 800/2000]  eta: 0:00:48    time: 0.0382  data: 0.0000  max mem: 4847
      ITM Evaluation: [ 900/2000]  eta: 0:00:44    time: 0.0387  data: 0.0000  max mem: 4847
      ITM Evaluation: [1000/2000]  eta: 0:00:40    time: 0.0406  data: 0.0000  max mem: 4847
      ITM Evaluation: [1100/2000]  eta: 0:00:36    time: 0.0418  data: 0.0000  max mem: 4847
      ITM Evaluation: [1200/2000]  eta: 0:00:32    time: 0.0490  data: 0.0000  max mem: 4847
      ITM Evaluation: [1300/2000]  eta: 0:00:28    time: 0.0390  data: 0.0000  max mem: 4847
      ITM Evaluation: [1400/2000]  eta: 0:00:24    time: 0.0395  data: 0.0000  max mem: 4847
      ITM Evaluation: [1500/2000]  eta: 0:00:20    time: 0.0415  data: 0.0000  max mem: 4847
      ITM Evaluation: [1600/2000]  eta: 0:00:16    time: 0.0423  data: 0.0000  max mem: 4847
      ITM Evaluation: [1700/2000]  eta: 0:00:12    time: 0.0392  data: 0.0000  max mem: 4847
      ITM Evaluation: [1800/2000]  eta: 0:00:08    time: 0.0374  data: 0.0000  max mem: 4847
      ITM Evaluation: [1900/2000]  eta: 0:00:04    time: 0.0381  data: 0.0000  max mem: 4847
      ITM Evaluation: [1999/2000]  eta: 0:00:00    time: 0.0399  data: 0.0000  max mem: 4847
      ITM Evaluation: Total time: 0:01:21 (0.0406 s / it)
     total_time 81.20368099212646
     Computing matching score time 0:01:21
### TTA ITM Score: 
+-------+--------+--------+--------+--------+--------+
| epoch |   R1   |   R5   |  R10   |  mAP   |  mINP  |
+-------+--------+--------+--------+--------+--------+
|  -999 | 59.000 | 79.650 | 88.500 | 47.231 | 25.876 |
|  -999 | 66.450 | 85.600 | 90.600 | 50.642 | 25.526 |
|   0   | 66.500 | 85.550 | 90.050 | 50.484 | 25.521 |
|   1   | 64.650 | 84.300 | 89.600 | 49.707 | 25.356 |
|   2   | 58.300 | 82.650 | 88.650 | 46.762 | 23.837 |
|   3   | 58.150 | 81.800 | 88.050 | 46.318 | 23.416 |
|   4   | 58.800 | 81.900 | 88.250 | 46.525 | 23.800 |
|   5   | 57.250 | 82.200 | 88.650 | 46.030 | 23.704 |
|   6   | 58.150 | 82.250 | 88.800 | 46.425 | 24.052 |
|   7   | 57.450 | 82.100 | 88.550 | 45.930 | 23.666 |
|   8   | 56.050 | 81.250 | 88.500 | 45.371 | 23.462 |
|   9   | 56.900 | 81.450 | 88.300 | 45.479 | 23.684 |
|   10  | 56.750 | 81.500 | 88.800 | 45.714 | 23.921 |
|   11  | 57.000 | 81.250 | 88.700 | 45.790 | 23.842 |
|   12  | 57.750 | 81.500 | 88.700 | 46.095 | 24.027 |
|   13  | 57.650 | 81.450 | 88.800 | 46.202 | 24.003 |
|   14  | 57.450 | 81.600 | 88.850 | 46.231 | 24.142 |
|   15  | 56.650 | 81.350 | 89.050 | 46.008 | 24.140 |
|   16  | 57.250 | 81.600 | 88.950 | 46.302 | 24.182 |
|   17  | 57.650 | 81.550 | 89.150 | 46.362 | 24.187 |
|   18  | 57.350 | 81.500 | 89.050 | 46.264 | 24.169 |
+-------+--------+--------+--------+--------+--------+
     logs:  {'epo': 18, 'R1': 57.35, 'R5': 81.5, 'R10': 89.05, 'mAP': 46.264, 'mINP': 24.169, 'lr': 0.000228, 'entropy': 0.137778, 'loss': 2.74583}
      TTA Epoch: [19] [ 0/28]  eta: 0:00:19  lr: 0.000219  entropy: 0.1161  loss: 2.7376  time: 0.6864  data: 0.5997  max mem: 4847
      TTA Epoch: [19] [27/28]  eta: 0:00:00  lr: 0.000201  entropy: 0.1250  loss: 2.7406  time: 0.0496  data: 0.0001  max mem: 4847
      TTA Epoch: [19] Total time: 0:00:02 (0.0733 s / it)
     Averaged stats: lr: 0.0002  entropy: 0.1229  loss: 2.7403
     itm tta time 0:00:02
     Computing matching score
      ITM Evaluation: [   0/2000]  eta: 0:01:52    time: 0.0561  data: 0.0025  max mem: 4847
      ITM Evaluation: [ 100/2000]  eta: 0:01:23    time: 0.0444  data: 0.0000  max mem: 4847
      ITM Evaluation: [ 200/2000]  eta: 0:01:21    time: 0.0491  data: 0.0000  max mem: 4847
      ITM Evaluation: [ 300/2000]  eta: 0:01:14    time: 0.0386  data: 0.0000  max mem: 4847
      ITM Evaluation: [ 400/2000]  eta: 0:01:08    time: 0.0405  data: 0.0000  max mem: 4847
      ITM Evaluation: [ 500/2000]  eta: 0:01:04    time: 0.0402  data: 0.0000  max mem: 4847
      ITM Evaluation: [ 600/2000]  eta: 0:00:59    time: 0.0419  data: 0.0000  max mem: 4847
      ITM Evaluation: [ 700/2000]  eta: 0:00:55    time: 0.0423  data: 0.0000  max mem: 4847
      ITM Evaluation: [ 800/2000]  eta: 0:00:51    time: 0.0403  data: 0.0000  max mem: 4847
      ITM Evaluation: [ 900/2000]  eta: 0:00:46    time: 0.0407  data: 0.0000  max mem: 4847
      ITM Evaluation: [1000/2000]  eta: 0:00:42    time: 0.0429  data: 0.0000  max mem: 4847
      ITM Evaluation: [1100/2000]  eta: 0:00:38    time: 0.0485  data: 0.0000  max mem: 4847
      ITM Evaluation: [1200/2000]  eta: 0:00:34    time: 0.0474  data: 0.0000  max mem: 4847
      ITM Evaluation: [1300/2000]  eta: 0:00:30    time: 0.0422  data: 0.0000  max mem: 4847
      ITM Evaluation: [1400/2000]  eta: 0:00:25    time: 0.0407  data: 0.0000  max mem: 4847
      ITM Evaluation: [1500/2000]  eta: 0:00:21    time: 0.0409  data: 0.0000  max mem: 4847
      ITM Evaluation: [1600/2000]  eta: 0:00:17    time: 0.0419  data: 0.0000  max mem: 4847
      ITM Evaluation: [1700/2000]  eta: 0:00:12    time: 0.0404  data: 0.0000  max mem: 4847
      ITM Evaluation: [1800/2000]  eta: 0:00:08    time: 0.0418  data: 0.0000  max mem: 4847
      ITM Evaluation: [1900/2000]  eta: 0:00:04    time: 0.0417  data: 0.0000  max mem: 4847
      ITM Evaluation: [1999/2000]  eta: 0:00:00    time: 0.0437  data: 0.0000  max mem: 4847
      ITM Evaluation: Total time: 0:01:24 (0.0424 s / it)
     total_time 84.75349164009094
     Computing matching score time 0:01:24
### TTA ITM Score: 
+-------+--------+--------+--------+--------+--------+
| epoch |   R1   |   R5   |  R10   |  mAP   |  mINP  |
+-------+--------+--------+--------+--------+--------+
|  -999 | 59.000 | 79.650 | 88.500 | 47.231 | 25.876 |
|  -999 | 66.450 | 85.600 | 90.600 | 50.642 | 25.526 |
|   0   | 66.500 | 85.550 | 90.050 | 50.484 | 25.521 |
|   1   | 64.650 | 84.300 | 89.600 | 49.707 | 25.356 |
|   2   | 58.300 | 82.650 | 88.650 | 46.762 | 23.837 |
|   3   | 58.150 | 81.800 | 88.050 | 46.318 | 23.416 |
|   4   | 58.800 | 81.900 | 88.250 | 46.525 | 23.800 |
|   5   | 57.250 | 82.200 | 88.650 | 46.030 | 23.704 |
|   6   | 58.150 | 82.250 | 88.800 | 46.425 | 24.052 |
|   7   | 57.450 | 82.100 | 88.550 | 45.930 | 23.666 |
|   8   | 56.050 | 81.250 | 88.500 | 45.371 | 23.462 |
|   9   | 56.900 | 81.450 | 88.300 | 45.479 | 23.684 |
|   10  | 56.750 | 81.500 | 88.800 | 45.714 | 23.921 |
|   11  | 57.000 | 81.250 | 88.700 | 45.790 | 23.842 |
|   12  | 57.750 | 81.500 | 88.700 | 46.095 | 24.027 |
|   13  | 57.650 | 81.450 | 88.800 | 46.202 | 24.003 |
|   14  | 57.450 | 81.600 | 88.850 | 46.231 | 24.142 |
|   15  | 56.650 | 81.350 | 89.050 | 46.008 | 24.140 |
|   16  | 57.250 | 81.600 | 88.950 | 46.302 | 24.182 |
|   17  | 57.650 | 81.550 | 89.150 | 46.362 | 24.187 |
|   18  | 57.350 | 81.500 | 89.050 | 46.264 | 24.169 |
|   19  | 57.000 | 81.750 | 89.100 | 46.213 | 24.170 |
+-------+--------+--------+--------+--------+--------+
     logs:  {'epo': 19, 'R1': 57.0, 'R5': 81.75, 'R10': 89.1, 'mAP': 46.213, 'mINP': 24.17, 'lr': 0.00021, 'entropy': 0.122912, 'loss': 2.740318}
      TTA Epoch: [20] [ 0/28]  eta: 0:00:22  lr: 0.000201  entropy: 0.0648  loss: 2.7186  time: 0.8019  data: 0.6677  max mem: 4847
      TTA Epoch: [20] [27/28]  eta: 0:00:00  lr: 0.000183  entropy: 0.0855  loss: 2.7264  time: 0.0507  data: 0.0001  max mem: 4847
      TTA Epoch: [20] Total time: 0:00:02 (0.0816 s / it)
     Averaged stats: lr: 0.0002  entropy: 0.1340  loss: 2.7444
     itm tta time 0:00:02
     Computing matching score
      ITM Evaluation: [   0/2000]  eta: 0:02:01    time: 0.0606  data: 0.0024  max mem: 4847
      ITM Evaluation: [ 100/2000]  eta: 0:01:27    time: 0.0385  data: 0.0000  max mem: 4847
      ITM Evaluation: [ 200/2000]  eta: 0:01:16    time: 0.0404  data: 0.0000  max mem: 4847
      ITM Evaluation: [ 300/2000]  eta: 0:01:10    time: 0.0387  data: 0.0000  max mem: 4847
      ITM Evaluation: [ 400/2000]  eta: 0:01:06    time: 0.0427  data: 0.0000  max mem: 4847
      ITM Evaluation: [ 500/2000]  eta: 0:01:02    time: 0.0401  data: 0.0000  max mem: 4847
      ITM Evaluation: [ 600/2000]  eta: 0:00:58    time: 0.0444  data: 0.0000  max mem: 4847
      ITM Evaluation: [ 700/2000]  eta: 0:00:54    time: 0.0417  data: 0.0000  max mem: 4847
      ITM Evaluation: [ 800/2000]  eta: 0:00:50    time: 0.0448  data: 0.0000  max mem: 4847
      ITM Evaluation: [ 900/2000]  eta: 0:00:46    time: 0.0456  data: 0.0000  max mem: 4847
      ITM Evaluation: [1000/2000]  eta: 0:00:43    time: 0.0545  data: 0.0000  max mem: 4847
      ITM Evaluation: [1100/2000]  eta: 0:00:39    time: 0.0415  data: 0.0000  max mem: 4847
      ITM Evaluation: [1200/2000]  eta: 0:00:34    time: 0.0406  data: 0.0000  max mem: 4847
      ITM Evaluation: [1300/2000]  eta: 0:00:30    time: 0.0403  data: 0.0000  max mem: 4847
      ITM Evaluation: [1400/2000]  eta: 0:00:25    time: 0.0410  data: 0.0000  max mem: 4847
      ITM Evaluation: [1500/2000]  eta: 0:00:21    time: 0.0457  data: 0.0000  max mem: 4847
      ITM Evaluation: [1600/2000]  eta: 0:00:17    time: 0.0422  data: 0.0000  max mem: 4847
      ITM Evaluation: [1700/2000]  eta: 0:00:12    time: 0.0428  data: 0.0000  max mem: 4847
      ITM Evaluation: [1800/2000]  eta: 0:00:08    time: 0.0419  data: 0.0000  max mem: 4847
      ITM Evaluation: [1900/2000]  eta: 0:00:04    time: 0.0509  data: 0.0000  max mem: 4847
      ITM Evaluation: [1999/2000]  eta: 0:00:00    time: 0.0389  data: 0.0000  max mem: 4847
      ITM Evaluation: Total time: 0:01:27 (0.0439 s / it)
     total_time 87.70617985725403
     Computing matching score time 0:01:27
### TTA ITM Score: 
+-------+--------+--------+--------+--------+--------+
| epoch |   R1   |   R5   |  R10   |  mAP   |  mINP  |
+-------+--------+--------+--------+--------+--------+
|  -999 | 59.000 | 79.650 | 88.500 | 47.231 | 25.876 |
|  -999 | 66.450 | 85.600 | 90.600 | 50.642 | 25.526 |
|   0   | 66.500 | 85.550 | 90.050 | 50.484 | 25.521 |
|   1   | 64.650 | 84.300 | 89.600 | 49.707 | 25.356 |
|   2   | 58.300 | 82.650 | 88.650 | 46.762 | 23.837 |
|   3   | 58.150 | 81.800 | 88.050 | 46.318 | 23.416 |
|   4   | 58.800 | 81.900 | 88.250 | 46.525 | 23.800 |
|   5   | 57.250 | 82.200 | 88.650 | 46.030 | 23.704 |
|   6   | 58.150 | 82.250 | 88.800 | 46.425 | 24.052 |
|   7   | 57.450 | 82.100 | 88.550 | 45.930 | 23.666 |
|   8   | 56.050 | 81.250 | 88.500 | 45.371 | 23.462 |
|   9   | 56.900 | 81.450 | 88.300 | 45.479 | 23.684 |
|   10  | 56.750 | 81.500 | 88.800 | 45.714 | 23.921 |
|   11  | 57.000 | 81.250 | 88.700 | 45.790 | 23.842 |
|   12  | 57.750 | 81.500 | 88.700 | 46.095 | 24.027 |
|   13  | 57.650 | 81.450 | 88.800 | 46.202 | 24.003 |
|   14  | 57.450 | 81.600 | 88.850 | 46.231 | 24.142 |
|   15  | 56.650 | 81.350 | 89.050 | 46.008 | 24.140 |
|   16  | 57.250 | 81.600 | 88.950 | 46.302 | 24.182 |
|   17  | 57.650 | 81.550 | 89.150 | 46.362 | 24.187 |
|   18  | 57.350 | 81.500 | 89.050 | 46.264 | 24.169 |
|   19  | 57.000 | 81.750 | 89.100 | 46.213 | 24.170 |
|   20  | 57.050 | 81.450 | 89.200 | 46.149 | 24.018 |
+-------+--------+--------+--------+--------+--------+
     logs:  {'epo': 20, 'R1': 57.05, 'R5': 81.45, 'R10': 89.2, 'mAP': 46.149, 'mINP': 24.018, 'lr': 0.000192, 'entropy': 0.134031, 'loss': 2.744439}
      TTA Epoch: [21] [ 0/28]  eta: 0:00:17  lr: 0.000182  entropy: 0.1368  loss: 2.7451  time: 0.6395  data: 0.5423  max mem: 4847
      TTA Epoch: [21] [27/28]  eta: 0:00:00  lr: 0.000165  entropy: 0.1142  loss: 2.7373  time: 0.0472  data: 0.0001  max mem: 4847
      TTA Epoch: [21] Total time: 0:00:02 (0.0716 s / it)
     Averaged stats: lr: 0.0002  entropy: 0.1290  loss: 2.7426
     itm tta time 0:00:02
     Computing matching score
      ITM Evaluation: [   0/2000]  eta: 0:01:31    time: 0.0457  data: 0.0022  max mem: 4847
      ITM Evaluation: [ 100/2000]  eta: 0:01:16    time: 0.0417  data: 0.0000  max mem: 4847
      ITM Evaluation: [ 200/2000]  eta: 0:01:11    time: 0.0389  data: 0.0000  max mem: 4847
      ITM Evaluation: [ 300/2000]  eta: 0:01:06    time: 0.0396  data: 0.0000  max mem: 4847
      ITM Evaluation: [ 400/2000]  eta: 0:01:02    time: 0.0373  data: 0.0000  max mem: 4847
      ITM Evaluation: [ 500/2000]  eta: 0:00:58    time: 0.0389  data: 0.0000  max mem: 4847
      ITM Evaluation: [ 600/2000]  eta: 0:00:55    time: 0.0402  data: 0.0000  max mem: 4847
      ITM Evaluation: [ 700/2000]  eta: 0:00:51    time: 0.0406  data: 0.0000  max mem: 4847
      ITM Evaluation: [ 800/2000]  eta: 0:00:47    time: 0.0440  data: 0.0000  max mem: 4847
      ITM Evaluation: [ 900/2000]  eta: 0:00:44    time: 0.0476  data: 0.0000  max mem: 4847
      ITM Evaluation: [1000/2000]  eta: 0:00:40    time: 0.0384  data: 0.0000  max mem: 4847
      ITM Evaluation: [1100/2000]  eta: 0:00:36    time: 0.0394  data: 0.0000  max mem: 4847
      ITM Evaluation: [1200/2000]  eta: 0:00:32    time: 0.0386  data: 0.0000  max mem: 4847
      ITM Evaluation: [1300/2000]  eta: 0:00:28    time: 0.0394  data: 0.0000  max mem: 4847
      ITM Evaluation: [1400/2000]  eta: 0:00:24    time: 0.0380  data: 0.0000  max mem: 4847
      ITM Evaluation: [1500/2000]  eta: 0:00:19    time: 0.0392  data: 0.0000  max mem: 4847
      ITM Evaluation: [1600/2000]  eta: 0:00:15    time: 0.0393  data: 0.0000  max mem: 4847
      ITM Evaluation: [1700/2000]  eta: 0:00:11    time: 0.0402  data: 0.0000  max mem: 4847
      ITM Evaluation: [1800/2000]  eta: 0:00:07    time: 0.0465  data: 0.0000  max mem: 4847
      ITM Evaluation: [1900/2000]  eta: 0:00:04    time: 0.0526  data: 0.0000  max mem: 4847
      ITM Evaluation: [1999/2000]  eta: 0:00:00    time: 0.0380  data: 0.0000  max mem: 4847
      ITM Evaluation: Total time: 0:01:21 (0.0406 s / it)
     total_time 81.30139875411987
     Computing matching score time 0:01:21
### TTA ITM Score: 
+-------+--------+--------+--------+--------+--------+
| epoch |   R1   |   R5   |  R10   |  mAP   |  mINP  |
+-------+--------+--------+--------+--------+--------+
|  -999 | 59.000 | 79.650 | 88.500 | 47.231 | 25.876 |
|  -999 | 66.450 | 85.600 | 90.600 | 50.642 | 25.526 |
|   0   | 66.500 | 85.550 | 90.050 | 50.484 | 25.521 |
|   1   | 64.650 | 84.300 | 89.600 | 49.707 | 25.356 |
|   2   | 58.300 | 82.650 | 88.650 | 46.762 | 23.837 |
|   3   | 58.150 | 81.800 | 88.050 | 46.318 | 23.416 |
|   4   | 58.800 | 81.900 | 88.250 | 46.525 | 23.800 |
|   5   | 57.250 | 82.200 | 88.650 | 46.030 | 23.704 |
|   6   | 58.150 | 82.250 | 88.800 | 46.425 | 24.052 |
|   7   | 57.450 | 82.100 | 88.550 | 45.930 | 23.666 |
|   8   | 56.050 | 81.250 | 88.500 | 45.371 | 23.462 |
|   9   | 56.900 | 81.450 | 88.300 | 45.479 | 23.684 |
|   10  | 56.750 | 81.500 | 88.800 | 45.714 | 23.921 |
|   11  | 57.000 | 81.250 | 88.700 | 45.790 | 23.842 |
|   12  | 57.750 | 81.500 | 88.700 | 46.095 | 24.027 |
|   13  | 57.650 | 81.450 | 88.800 | 46.202 | 24.003 |
|   14  | 57.450 | 81.600 | 88.850 | 46.231 | 24.142 |
|   15  | 56.650 | 81.350 | 89.050 | 46.008 | 24.140 |
|   16  | 57.250 | 81.600 | 88.950 | 46.302 | 24.182 |
|   17  | 57.650 | 81.550 | 89.150 | 46.362 | 24.187 |
|   18  | 57.350 | 81.500 | 89.050 | 46.264 | 24.169 |
|   19  | 57.000 | 81.750 | 89.100 | 46.213 | 24.170 |
|   20  | 57.050 | 81.450 | 89.200 | 46.149 | 24.018 |
|   21  | 56.750 | 81.400 | 89.150 | 45.981 | 23.975 |
+-------+--------+--------+--------+--------+--------+
     logs:  {'epo': 21, 'R1': 56.75, 'R5': 81.4, 'R10': 89.15, 'mAP': 45.981, 'mINP': 23.975, 'lr': 0.000174, 'entropy': 0.128977, 'loss': 2.742569}
      TTA Epoch: [22] [ 0/28]  eta: 0:00:20  lr: 0.000164  entropy: 0.0733  loss: 2.7219  time: 0.7265  data: 0.6121  max mem: 4847
      TTA Epoch: [22] [27/28]  eta: 0:00:00  lr: 0.000147  entropy: 0.0600  loss: 2.7169  time: 0.0470  data: 0.0001  max mem: 4847
      TTA Epoch: [22] Total time: 0:00:02 (0.0745 s / it)
     Averaged stats: lr: 0.0002  entropy: 0.1192  loss: 2.7389
     itm tta time 0:00:02
     Computing matching score
      ITM Evaluation: [   0/2000]  eta: 0:01:23    time: 0.0417  data: 0.0027  max mem: 4847
      ITM Evaluation: [ 100/2000]  eta: 0:01:16    time: 0.0377  data: 0.0000  max mem: 4847
      ITM Evaluation: [ 200/2000]  eta: 0:01:13    time: 0.0427  data: 0.0000  max mem: 4847
      ITM Evaluation: [ 300/2000]  eta: 0:01:08    time: 0.0396  data: 0.0000  max mem: 4847
      ITM Evaluation: [ 400/2000]  eta: 0:01:03    time: 0.0370  data: 0.0000  max mem: 4847
      ITM Evaluation: [ 500/2000]  eta: 0:00:59    time: 0.0396  data: 0.0000  max mem: 4847
      ITM Evaluation: [ 600/2000]  eta: 0:00:55    time: 0.0388  data: 0.0000  max mem: 4847
      ITM Evaluation: [ 700/2000]  eta: 0:00:51    time: 0.0416  data: 0.0000  max mem: 4847
      ITM Evaluation: [ 800/2000]  eta: 0:00:48    time: 0.0408  data: 0.0000  max mem: 4847
      ITM Evaluation: [ 900/2000]  eta: 0:00:45    time: 0.0383  data: 0.0000  max mem: 4847
      ITM Evaluation: [1000/2000]  eta: 0:00:40    time: 0.0395  data: 0.0000  max mem: 4847
      ITM Evaluation: [1100/2000]  eta: 0:00:36    time: 0.0385  data: 0.0000  max mem: 4847
      ITM Evaluation: [1200/2000]  eta: 0:00:32    time: 0.0384  data: 0.0000  max mem: 4847
      ITM Evaluation: [1300/2000]  eta: 0:00:28    time: 0.0362  data: 0.0000  max mem: 4847
      ITM Evaluation: [1400/2000]  eta: 0:00:24    time: 0.0424  data: 0.0000  max mem: 4847
      ITM Evaluation: [1500/2000]  eta: 0:00:20    time: 0.0392  data: 0.0000  max mem: 4847
      ITM Evaluation: [1600/2000]  eta: 0:00:16    time: 0.0392  data: 0.0000  max mem: 4847
      ITM Evaluation: [1700/2000]  eta: 0:00:12    time: 0.0401  data: 0.0000  max mem: 4847
      ITM Evaluation: [1800/2000]  eta: 0:00:08    time: 0.0475  data: 0.0000  max mem: 4847
      ITM Evaluation: [1900/2000]  eta: 0:00:04    time: 0.0433  data: 0.0000  max mem: 4847
      ITM Evaluation: [1999/2000]  eta: 0:00:00    time: 0.0383  data: 0.0000  max mem: 4847
      ITM Evaluation: Total time: 0:01:21 (0.0407 s / it)
     total_time 81.52549886703491
     Computing matching score time 0:01:21
### TTA ITM Score: 
+-------+--------+--------+--------+--------+--------+
| epoch |   R1   |   R5   |  R10   |  mAP   |  mINP  |
+-------+--------+--------+--------+--------+--------+
|  -999 | 59.000 | 79.650 | 88.500 | 47.231 | 25.876 |
|  -999 | 66.450 | 85.600 | 90.600 | 50.642 | 25.526 |
|   0   | 66.500 | 85.550 | 90.050 | 50.484 | 25.521 |
|   1   | 64.650 | 84.300 | 89.600 | 49.707 | 25.356 |
|   2   | 58.300 | 82.650 | 88.650 | 46.762 | 23.837 |
|   3   | 58.150 | 81.800 | 88.050 | 46.318 | 23.416 |
|   4   | 58.800 | 81.900 | 88.250 | 46.525 | 23.800 |
|   5   | 57.250 | 82.200 | 88.650 | 46.030 | 23.704 |
|   6   | 58.150 | 82.250 | 88.800 | 46.425 | 24.052 |
|   7   | 57.450 | 82.100 | 88.550 | 45.930 | 23.666 |
|   8   | 56.050 | 81.250 | 88.500 | 45.371 | 23.462 |
|   9   | 56.900 | 81.450 | 88.300 | 45.479 | 23.684 |
|   10  | 56.750 | 81.500 | 88.800 | 45.714 | 23.921 |
|   11  | 57.000 | 81.250 | 88.700 | 45.790 | 23.842 |
|   12  | 57.750 | 81.500 | 88.700 | 46.095 | 24.027 |
|   13  | 57.650 | 81.450 | 88.800 | 46.202 | 24.003 |
|   14  | 57.450 | 81.600 | 88.850 | 46.231 | 24.142 |
|   15  | 56.650 | 81.350 | 89.050 | 46.008 | 24.140 |
|   16  | 57.250 | 81.600 | 88.950 | 46.302 | 24.182 |
|   17  | 57.650 | 81.550 | 89.150 | 46.362 | 24.187 |
|   18  | 57.350 | 81.500 | 89.050 | 46.264 | 24.169 |
|   19  | 57.000 | 81.750 | 89.100 | 46.213 | 24.170 |
|   20  | 57.050 | 81.450 | 89.200 | 46.149 | 24.018 |
|   21  | 56.750 | 81.400 | 89.150 | 45.981 | 23.975 |
|   22  | 56.600 | 81.450 | 88.850 | 45.876 | 23.892 |
+-------+--------+--------+--------+--------+--------+
     logs:  {'epo': 22, 'R1': 56.6, 'R5': 81.45, 'R10': 88.85, 'mAP': 45.876, 'mINP': 23.892, 'lr': 0.000156, 'entropy': 0.119215, 'loss': 2.738949}
      TTA Epoch: [23] [ 0/28]  eta: 0:00:18  lr: 0.000146  entropy: 0.1827  loss: 2.7629  time: 0.6611  data: 0.5476  max mem: 4847
      TTA Epoch: [23] [27/28]  eta: 0:00:00  lr: 0.000129  entropy: 0.1087  loss: 2.7354  time: 0.0500  data: 0.0001  max mem: 4847
      TTA Epoch: [23] Total time: 0:00:02 (0.0749 s / it)
     Averaged stats: lr: 0.0001  entropy: 0.1269  loss: 2.7418
     itm tta time 0:00:02
     Computing matching score
      ITM Evaluation: [   0/2000]  eta: 0:01:36    time: 0.0485  data: 0.0018  max mem: 4847
      ITM Evaluation: [ 100/2000]  eta: 0:01:17    time: 0.0412  data: 0.0000  max mem: 4847
      ITM Evaluation: [ 200/2000]  eta: 0:01:14    time: 0.0412  data: 0.0000  max mem: 4847
      ITM Evaluation: [ 300/2000]  eta: 0:01:09    time: 0.0395  data: 0.0000  max mem: 4847
      ITM Evaluation: [ 400/2000]  eta: 0:01:04    time: 0.0389  data: 0.0000  max mem: 4847
      ITM Evaluation: [ 500/2000]  eta: 0:01:01    time: 0.0433  data: 0.0000  max mem: 4847
      ITM Evaluation: [ 600/2000]  eta: 0:00:57    time: 0.0412  data: 0.0000  max mem: 4847
      ITM Evaluation: [ 700/2000]  eta: 0:00:54    time: 0.0552  data: 0.0000  max mem: 4847
      ITM Evaluation: [ 800/2000]  eta: 0:00:51    time: 0.0458  data: 0.0000  max mem: 4847
      ITM Evaluation: [ 900/2000]  eta: 0:00:47    time: 0.0457  data: 0.0000  max mem: 4847
      ITM Evaluation: [1000/2000]  eta: 0:00:43    time: 0.0414  data: 0.0000  max mem: 4847
      ITM Evaluation: [1100/2000]  eta: 0:00:38    time: 0.0361  data: 0.0000  max mem: 4847
      ITM Evaluation: [1200/2000]  eta: 0:00:33    time: 0.0387  data: 0.0000  max mem: 4847
      ITM Evaluation: [1300/2000]  eta: 0:00:29    time: 0.0424  data: 0.0000  max mem: 4847
      ITM Evaluation: [1400/2000]  eta: 0:00:25    time: 0.0397  data: 0.0000  max mem: 4847
      ITM Evaluation: [1500/2000]  eta: 0:00:20    time: 0.0350  data: 0.0000  max mem: 4847
      ITM Evaluation: [1600/2000]  eta: 0:00:16    time: 0.0372  data: 0.0000  max mem: 4847
      ITM Evaluation: [1700/2000]  eta: 0:00:12    time: 0.0372  data: 0.0000  max mem: 4847
      ITM Evaluation: [1800/2000]  eta: 0:00:08    time: 0.0453  data: 0.0000  max mem: 4847
      ITM Evaluation: [1900/2000]  eta: 0:00:04    time: 0.0390  data: 0.0000  max mem: 4847
      ITM Evaluation: [1999/2000]  eta: 0:00:00    time: 0.0355  data: 0.0000  max mem: 4847
      ITM Evaluation: Total time: 0:01:22 (0.0411 s / it)
     total_time 82.25941348075867
     Computing matching score time 0:01:22
### TTA ITM Score: 
+-------+--------+--------+--------+--------+--------+
| epoch |   R1   |   R5   |  R10   |  mAP   |  mINP  |
+-------+--------+--------+--------+--------+--------+
|  -999 | 59.000 | 79.650 | 88.500 | 47.231 | 25.876 |
|  -999 | 66.450 | 85.600 | 90.600 | 50.642 | 25.526 |
|   0   | 66.500 | 85.550 | 90.050 | 50.484 | 25.521 |
|   1   | 64.650 | 84.300 | 89.600 | 49.707 | 25.356 |
|   2   | 58.300 | 82.650 | 88.650 | 46.762 | 23.837 |
|   3   | 58.150 | 81.800 | 88.050 | 46.318 | 23.416 |
|   4   | 58.800 | 81.900 | 88.250 | 46.525 | 23.800 |
|   5   | 57.250 | 82.200 | 88.650 | 46.030 | 23.704 |
|   6   | 58.150 | 82.250 | 88.800 | 46.425 | 24.052 |
|   7   | 57.450 | 82.100 | 88.550 | 45.930 | 23.666 |
|   8   | 56.050 | 81.250 | 88.500 | 45.371 | 23.462 |
|   9   | 56.900 | 81.450 | 88.300 | 45.479 | 23.684 |
|   10  | 56.750 | 81.500 | 88.800 | 45.714 | 23.921 |
|   11  | 57.000 | 81.250 | 88.700 | 45.790 | 23.842 |
|   12  | 57.750 | 81.500 | 88.700 | 46.095 | 24.027 |
|   13  | 57.650 | 81.450 | 88.800 | 46.202 | 24.003 |
|   14  | 57.450 | 81.600 | 88.850 | 46.231 | 24.142 |
|   15  | 56.650 | 81.350 | 89.050 | 46.008 | 24.140 |
|   16  | 57.250 | 81.600 | 88.950 | 46.302 | 24.182 |
|   17  | 57.650 | 81.550 | 89.150 | 46.362 | 24.187 |
|   18  | 57.350 | 81.500 | 89.050 | 46.264 | 24.169 |
|   19  | 57.000 | 81.750 | 89.100 | 46.213 | 24.170 |
|   20  | 57.050 | 81.450 | 89.200 | 46.149 | 24.018 |
|   21  | 56.750 | 81.400 | 89.150 | 45.981 | 23.975 |
|   22  | 56.600 | 81.450 | 88.850 | 45.876 | 23.892 |
|   23  | 56.500 | 81.550 | 88.900 | 45.913 | 23.972 |
+-------+--------+--------+--------+--------+--------+
     logs:  {'epo': 23, 'R1': 56.5, 'R5': 81.55, 'R10': 88.9, 'mAP': 45.913, 'mINP': 23.972, 'lr': 0.000137, 'entropy': 0.126894, 'loss': 2.741799}
      TTA Epoch: [24] [ 0/28]  eta: 0:00:15  lr: 0.000128  entropy: 0.0697  loss: 2.7205  time: 0.5419  data: 0.4464  max mem: 4847
      TTA Epoch: [24] [27/28]  eta: 0:00:00  lr: 0.000044  entropy: 0.0132  loss: 2.6995  time: 0.0443  data: 0.0001  max mem: 4847
      TTA Epoch: [24] Total time: 0:00:01 (0.0661 s / it)
     Averaged stats: lr: 0.0001  entropy: 0.1178  loss: 2.7384
     itm tta time 0:00:02
     Computing matching score
      ITM Evaluation: [   0/2000]  eta: 0:01:12    time: 0.0362  data: 0.0026  max mem: 4847
      ITM Evaluation: [ 100/2000]  eta: 0:01:02    time: 0.0336  data: 0.0000  max mem: 4847
      ITM Evaluation: [ 200/2000]  eta: 0:00:59    time: 0.0334  data: 0.0000  max mem: 4847
      ITM Evaluation: [ 300/2000]  eta: 0:00:58    time: 0.0533  data: 0.0000  max mem: 4847
      ITM Evaluation: [ 400/2000]  eta: 0:00:57    time: 0.0359  data: 0.0000  max mem: 4847
      ITM Evaluation: [ 500/2000]  eta: 0:00:53    time: 0.0379  data: 0.0000  max mem: 4847
      ITM Evaluation: [ 600/2000]  eta: 0:00:49    time: 0.0338  data: 0.0000  max mem: 4847
      ITM Evaluation: [ 700/2000]  eta: 0:00:46    time: 0.0362  data: 0.0000  max mem: 4847
      ITM Evaluation: [ 800/2000]  eta: 0:00:42    time: 0.0356  data: 0.0000  max mem: 4847
      ITM Evaluation: [ 900/2000]  eta: 0:00:39    time: 0.0383  data: 0.0000  max mem: 4847
      ITM Evaluation: [1000/2000]  eta: 0:00:35    time: 0.0369  data: 0.0000  max mem: 4847
      ITM Evaluation: [1100/2000]  eta: 0:00:32    time: 0.0475  data: 0.0000  max mem: 4847
      ITM Evaluation: [1200/2000]  eta: 0:00:28    time: 0.0381  data: 0.0000  max mem: 4847
      ITM Evaluation: [1300/2000]  eta: 0:00:25    time: 0.0349  data: 0.0000  max mem: 4847
      ITM Evaluation: [1400/2000]  eta: 0:00:21    time: 0.0387  data: 0.0000  max mem: 4847
      ITM Evaluation: [1500/2000]  eta: 0:00:18    time: 0.0383  data: 0.0000  max mem: 4847
      ITM Evaluation: [1600/2000]  eta: 0:00:14    time: 0.0401  data: 0.0000  max mem: 4847
      ITM Evaluation: [1700/2000]  eta: 0:00:10    time: 0.0393  data: 0.0000  max mem: 4847
      ITM Evaluation: [1800/2000]  eta: 0:00:07    time: 0.0402  data: 0.0000  max mem: 4847
      ITM Evaluation: [1900/2000]  eta: 0:00:03    time: 0.0448  data: 0.0000  max mem: 4847
      ITM Evaluation: [1999/2000]  eta: 0:00:00    time: 0.0439  data: 0.0000  max mem: 4847
      ITM Evaluation: Total time: 0:01:14 (0.0371 s / it)
     total_time 74.28692173957825
     Computing matching score time 0:01:14
### TTA ITM Score: 
+-------+--------+--------+--------+--------+--------+
| epoch |   R1   |   R5   |  R10   |  mAP   |  mINP  |
+-------+--------+--------+--------+--------+--------+
|  -999 | 59.000 | 79.650 | 88.500 | 47.231 | 25.876 |
|  -999 | 66.450 | 85.600 | 90.600 | 50.642 | 25.526 |
|   0   | 66.500 | 85.550 | 90.050 | 50.484 | 25.521 |
|   1   | 64.650 | 84.300 | 89.600 | 49.707 | 25.356 |
|   2   | 58.300 | 82.650 | 88.650 | 46.762 | 23.837 |
|   3   | 58.150 | 81.800 | 88.050 | 46.318 | 23.416 |
|   4   | 58.800 | 81.900 | 88.250 | 46.525 | 23.800 |
|   5   | 57.250 | 82.200 | 88.650 | 46.030 | 23.704 |
|   6   | 58.150 | 82.250 | 88.800 | 46.425 | 24.052 |
|   7   | 57.450 | 82.100 | 88.550 | 45.930 | 23.666 |
|   8   | 56.050 | 81.250 | 88.500 | 45.371 | 23.462 |
|   9   | 56.900 | 81.450 | 88.300 | 45.479 | 23.684 |
|   10  | 56.750 | 81.500 | 88.800 | 45.714 | 23.921 |
|   11  | 57.000 | 81.250 | 88.700 | 45.790 | 23.842 |
|   12  | 57.750 | 81.500 | 88.700 | 46.095 | 24.027 |
|   13  | 57.650 | 81.450 | 88.800 | 46.202 | 24.003 |
|   14  | 57.450 | 81.600 | 88.850 | 46.231 | 24.142 |
|   15  | 56.650 | 81.350 | 89.050 | 46.008 | 24.140 |
|   16  | 57.250 | 81.600 | 88.950 | 46.302 | 24.182 |
|   17  | 57.650 | 81.550 | 89.150 | 46.362 | 24.187 |
|   18  | 57.350 | 81.500 | 89.050 | 46.264 | 24.169 |
|   19  | 57.000 | 81.750 | 89.100 | 46.213 | 24.170 |
|   20  | 57.050 | 81.450 | 89.200 | 46.149 | 24.018 |
|   21  | 56.750 | 81.400 | 89.150 | 45.981 | 23.975 |
|   22  | 56.600 | 81.450 | 88.850 | 45.876 | 23.892 |
|   23  | 56.500 | 81.550 | 88.900 | 45.913 | 23.972 |
|   24  | 56.500 | 81.450 | 88.850 | 45.889 | 23.992 |
+-------+--------+--------+--------+--------+--------+
     logs:  {'epo': 24, 'R1': 56.5, 'R5': 81.45, 'R10': 88.85, 'mAP': 45.889, 'mINP': 23.992, 'lr': 0.000117, 'entropy': 0.117827, 'loss': 2.738435}
      TTA Epoch: [25] [ 0/28]  eta: 0:00:20  lr: 0.000044  entropy: 0.1499  loss: 2.7504  time: 0.7284  data: 0.6322  max mem: 4847
      TTA Epoch: [25] [27/28]  eta: 0:00:00  lr: 0.000037  entropy: 0.0527  loss: 2.7142  time: 0.0471  data: 0.0001  max mem: 4847
      TTA Epoch: [25] Total time: 0:00:02 (0.0742 s / it)
     Averaged stats: lr: 0.0000  entropy: 0.1201  loss: 2.7393
     itm tta time 0:00:02
     Computing matching score
      ITM Evaluation: [   0/2000]  eta: 0:01:25    time: 0.0428  data: 0.0024  max mem: 4847
      ITM Evaluation: [ 100/2000]  eta: 0:01:12    time: 0.0374  data: 0.0000  max mem: 4847
      ITM Evaluation: [ 200/2000]  eta: 0:01:07    time: 0.0380  data: 0.0000  max mem: 4847
      ITM Evaluation: [ 300/2000]  eta: 0:01:04    time: 0.0391  data: 0.0000  max mem: 4847
      ITM Evaluation: [ 400/2000]  eta: 0:01:00    time: 0.0383  data: 0.0000  max mem: 4847
      ITM Evaluation: [ 500/2000]  eta: 0:00:57    time: 0.0366  data: 0.0000  max mem: 4847
      ITM Evaluation: [ 600/2000]  eta: 0:00:53    time: 0.0389  data: 0.0000  max mem: 4847
      ITM Evaluation: [ 700/2000]  eta: 0:00:50    time: 0.0397  data: 0.0000  max mem: 4847
      ITM Evaluation: [ 800/2000]  eta: 0:00:46    time: 0.0405  data: 0.0000  max mem: 4847
      ITM Evaluation: [ 900/2000]  eta: 0:00:43    time: 0.0475  data: 0.0000  max mem: 4847
      ITM Evaluation: [1000/2000]  eta: 0:00:40    time: 0.0435  data: 0.0000  max mem: 4847
      ITM Evaluation: [1100/2000]  eta: 0:00:36    time: 0.0507  data: 0.0000  max mem: 4847
      ITM Evaluation: [1200/2000]  eta: 0:00:33    time: 0.0380  data: 0.0000  max mem: 4847
      ITM Evaluation: [1300/2000]  eta: 0:00:28    time: 0.0409  data: 0.0000  max mem: 4847
      ITM Evaluation: [1400/2000]  eta: 0:00:24    time: 0.0379  data: 0.0000  max mem: 4847
      ITM Evaluation: [1500/2000]  eta: 0:00:20    time: 0.0415  data: 0.0000  max mem: 4847
      ITM Evaluation: [1600/2000]  eta: 0:00:16    time: 0.0402  data: 0.0000  max mem: 4847
      ITM Evaluation: [1700/2000]  eta: 0:00:12    time: 0.0412  data: 0.0000  max mem: 4847
      ITM Evaluation: [1800/2000]  eta: 0:00:08    time: 0.0395  data: 0.0000  max mem: 4847
      ITM Evaluation: [1900/2000]  eta: 0:00:04    time: 0.0395  data: 0.0000  max mem: 4847
      ITM Evaluation: [1999/2000]  eta: 0:00:00    time: 0.0424  data: 0.0000  max mem: 4847
      ITM Evaluation: Total time: 0:01:22 (0.0411 s / it)
     total_time 82.11970376968384
     Computing matching score time 0:01:22
### TTA ITM Score: 
+-------+--------+--------+--------+--------+--------+
| epoch |   R1   |   R5   |  R10   |  mAP   |  mINP  |
+-------+--------+--------+--------+--------+--------+
|  -999 | 59.000 | 79.650 | 88.500 | 47.231 | 25.876 |
|  -999 | 66.450 | 85.600 | 90.600 | 50.642 | 25.526 |
|   0   | 66.500 | 85.550 | 90.050 | 50.484 | 25.521 |
|   1   | 64.650 | 84.300 | 89.600 | 49.707 | 25.356 |
|   2   | 58.300 | 82.650 | 88.650 | 46.762 | 23.837 |
|   3   | 58.150 | 81.800 | 88.050 | 46.318 | 23.416 |
|   4   | 58.800 | 81.900 | 88.250 | 46.525 | 23.800 |
|   5   | 57.250 | 82.200 | 88.650 | 46.030 | 23.704 |
|   6   | 58.150 | 82.250 | 88.800 | 46.425 | 24.052 |
|   7   | 57.450 | 82.100 | 88.550 | 45.930 | 23.666 |
|   8   | 56.050 | 81.250 | 88.500 | 45.371 | 23.462 |
|   9   | 56.900 | 81.450 | 88.300 | 45.479 | 23.684 |
|   10  | 56.750 | 81.500 | 88.800 | 45.714 | 23.921 |
|   11  | 57.000 | 81.250 | 88.700 | 45.790 | 23.842 |
|   12  | 57.750 | 81.500 | 88.700 | 46.095 | 24.027 |
|   13  | 57.650 | 81.450 | 88.800 | 46.202 | 24.003 |
|   14  | 57.450 | 81.600 | 88.850 | 46.231 | 24.142 |
|   15  | 56.650 | 81.350 | 89.050 | 46.008 | 24.140 |
|   16  | 57.250 | 81.600 | 88.950 | 46.302 | 24.182 |
|   17  | 57.650 | 81.550 | 89.150 | 46.362 | 24.187 |
|   18  | 57.350 | 81.500 | 89.050 | 46.264 | 24.169 |
|   19  | 57.000 | 81.750 | 89.100 | 46.213 | 24.170 |
|   20  | 57.050 | 81.450 | 89.200 | 46.149 | 24.018 |
|   21  | 56.750 | 81.400 | 89.150 | 45.981 | 23.975 |
|   22  | 56.600 | 81.450 | 88.850 | 45.876 | 23.892 |
|   23  | 56.500 | 81.550 | 88.900 | 45.913 | 23.972 |
|   24  | 56.500 | 81.450 | 88.850 | 45.889 | 23.992 |
|   25  | 56.300 | 81.100 | 88.800 | 45.839 | 23.953 |
+-------+--------+--------+--------+--------+--------+
     logs:  {'epo': 25, 'R1': 56.3, 'R5': 81.1, 'R10': 88.8, 'mAP': 45.839, 'mINP': 23.953, 'lr': 4e-05, 'entropy': 0.120067, 'loss': 2.739264}
      TTA Epoch: [26] [ 0/28]  eta: 0:00:24  lr: 0.000037  entropy: 0.0970  loss: 2.7309  time: 0.8657  data: 0.7021  max mem: 4847
      TTA Epoch: [26] [27/28]  eta: 0:00:00  lr: 0.000030  entropy: 0.2191  loss: 2.7758  time: 0.0634  data: 0.0002  max mem: 4847
      TTA Epoch: [26] Total time: 0:00:02 (0.0927 s / it)
     Averaged stats: lr: 0.0000  entropy: 0.1220  loss: 2.7400
     itm tta time 0:00:02
     Computing matching score
      ITM Evaluation: [   0/2000]  eta: 0:01:51    time: 0.0555  data: 0.0032  max mem: 4847
      ITM Evaluation: [ 100/2000]  eta: 0:01:32    time: 0.0424  data: 0.0000  max mem: 4847
      ITM Evaluation: [ 200/2000]  eta: 0:01:21    time: 0.0419  data: 0.0000  max mem: 4847
      ITM Evaluation: [ 300/2000]  eta: 0:01:15    time: 0.0449  data: 0.0000  max mem: 4847
      ITM Evaluation: [ 400/2000]  eta: 0:01:11    time: 0.0462  data: 0.0000  max mem: 4847
      ITM Evaluation: [ 500/2000]  eta: 0:01:07    time: 0.0450  data: 0.0000  max mem: 4847
      ITM Evaluation: [ 600/2000]  eta: 0:01:02    time: 0.0448  data: 0.0000  max mem: 4847
      ITM Evaluation: [ 700/2000]  eta: 0:00:58    time: 0.0412  data: 0.0000  max mem: 4847
      ITM Evaluation: [ 800/2000]  eta: 0:00:53    time: 0.0421  data: 0.0000  max mem: 4847
      ITM Evaluation: [ 900/2000]  eta: 0:00:49    time: 0.0512  data: 0.0000  max mem: 4847
      ITM Evaluation: [1000/2000]  eta: 0:00:45    time: 0.0417  data: 0.0000  max mem: 4847
      ITM Evaluation: [1100/2000]  eta: 0:00:41    time: 0.0456  data: 0.0000  max mem: 4847
      ITM Evaluation: [1200/2000]  eta: 0:00:36    time: 0.0432  data: 0.0000  max mem: 4847
      ITM Evaluation: [1300/2000]  eta: 0:00:31    time: 0.0460  data: 0.0000  max mem: 4847
      ITM Evaluation: [1400/2000]  eta: 0:00:27    time: 0.0431  data: 0.0000  max mem: 4847
      ITM Evaluation: [1500/2000]  eta: 0:00:22    time: 0.0451  data: 0.0000  max mem: 4847
      ITM Evaluation: [1600/2000]  eta: 0:00:18    time: 0.0418  data: 0.0000  max mem: 4847
      ITM Evaluation: [1700/2000]  eta: 0:00:13    time: 0.0454  data: 0.0000  max mem: 4847
      ITM Evaluation: [1800/2000]  eta: 0:00:09    time: 0.0582  data: 0.0000  max mem: 4847
      ITM Evaluation: [1900/2000]  eta: 0:00:04    time: 0.0401  data: 0.0000  max mem: 4847
      ITM Evaluation: [1999/2000]  eta: 0:00:00    time: 0.0450  data: 0.0000  max mem: 4847
      ITM Evaluation: Total time: 0:01:31 (0.0458 s / it)
     total_time 91.62293124198914
     Computing matching score time 0:01:31
### TTA ITM Score: 
+-------+--------+--------+--------+--------+--------+
| epoch |   R1   |   R5   |  R10   |  mAP   |  mINP  |
+-------+--------+--------+--------+--------+--------+
|  -999 | 59.000 | 79.650 | 88.500 | 47.231 | 25.876 |
|  -999 | 66.450 | 85.600 | 90.600 | 50.642 | 25.526 |
|   0   | 66.500 | 85.550 | 90.050 | 50.484 | 25.521 |
|   1   | 64.650 | 84.300 | 89.600 | 49.707 | 25.356 |
|   2   | 58.300 | 82.650 | 88.650 | 46.762 | 23.837 |
|   3   | 58.150 | 81.800 | 88.050 | 46.318 | 23.416 |
|   4   | 58.800 | 81.900 | 88.250 | 46.525 | 23.800 |
|   5   | 57.250 | 82.200 | 88.650 | 46.030 | 23.704 |
|   6   | 58.150 | 82.250 | 88.800 | 46.425 | 24.052 |
|   7   | 57.450 | 82.100 | 88.550 | 45.930 | 23.666 |
|   8   | 56.050 | 81.250 | 88.500 | 45.371 | 23.462 |
|   9   | 56.900 | 81.450 | 88.300 | 45.479 | 23.684 |
|   10  | 56.750 | 81.500 | 88.800 | 45.714 | 23.921 |
|   11  | 57.000 | 81.250 | 88.700 | 45.790 | 23.842 |
|   12  | 57.750 | 81.500 | 88.700 | 46.095 | 24.027 |
|   13  | 57.650 | 81.450 | 88.800 | 46.202 | 24.003 |
|   14  | 57.450 | 81.600 | 88.850 | 46.231 | 24.142 |
|   15  | 56.650 | 81.350 | 89.050 | 46.008 | 24.140 |
|   16  | 57.250 | 81.600 | 88.950 | 46.302 | 24.182 |
|   17  | 57.650 | 81.550 | 89.150 | 46.362 | 24.187 |
|   18  | 57.350 | 81.500 | 89.050 | 46.264 | 24.169 |
|   19  | 57.000 | 81.750 | 89.100 | 46.213 | 24.170 |
|   20  | 57.050 | 81.450 | 89.200 | 46.149 | 24.018 |
|   21  | 56.750 | 81.400 | 89.150 | 45.981 | 23.975 |
|   22  | 56.600 | 81.450 | 88.850 | 45.876 | 23.892 |
|   23  | 56.500 | 81.550 | 88.900 | 45.913 | 23.972 |
|   24  | 56.500 | 81.450 | 88.850 | 45.889 | 23.992 |
|   25  | 56.300 | 81.100 | 88.800 | 45.839 | 23.953 |
|   26  | 56.450 | 81.100 | 88.850 | 45.860 | 23.938 |
+-------+--------+--------+--------+--------+--------+
     logs:  {'epo': 26, 'R1': 56.45, 'R5': 81.1, 'R10': 88.85, 'mAP': 45.86, 'mINP': 23.938, 'lr': 3.3e-05, 'entropy': 0.12197, 'loss': 2.739972}
      TTA Epoch: [27] [ 0/28]  eta: 0:00:18  lr: 0.000029  entropy: 0.0663  loss: 2.7196  time: 0.6473  data: 0.5629  max mem: 4847
      TTA Epoch: [27] [27/28]  eta: 0:00:00  lr: 0.000022  entropy: 0.1877  loss: 2.7645  time: 0.0470  data: 0.0001  max mem: 4847
      TTA Epoch: [27] Total time: 0:00:01 (0.0711 s / it)
     Averaged stats: lr: 0.0000  entropy: 0.1141  loss: 2.7370
     itm tta time 0:00:02
     Computing matching score
      ITM Evaluation: [   0/2000]  eta: 0:01:08    time: 0.0343  data: 0.0019  max mem: 4847
      ITM Evaluation: [ 100/2000]  eta: 0:01:04    time: 0.0323  data: 0.0000  max mem: 4847
      ITM Evaluation: [ 200/2000]  eta: 0:01:05    time: 0.0384  data: 0.0000  max mem: 4847
      ITM Evaluation: [ 300/2000]  eta: 0:01:02    time: 0.0360  data: 0.0000  max mem: 4847
      ITM Evaluation: [ 400/2000]  eta: 0:01:00    time: 0.0417  data: 0.0000  max mem: 4847
      ITM Evaluation: [ 500/2000]  eta: 0:00:58    time: 0.0446  data: 0.0000  max mem: 4847
      ITM Evaluation: [ 600/2000]  eta: 0:00:54    time: 0.0404  data: 0.0000  max mem: 4847
      ITM Evaluation: [ 700/2000]  eta: 0:00:52    time: 0.0509  data: 0.0000  max mem: 4847
      ITM Evaluation: [ 800/2000]  eta: 0:00:49    time: 0.0517  data: 0.0000  max mem: 4847
      ITM Evaluation: [ 900/2000]  eta: 0:00:45    time: 0.0435  data: 0.0000  max mem: 4847
      ITM Evaluation: [1000/2000]  eta: 0:00:41    time: 0.0431  data: 0.0000  max mem: 4847
      ITM Evaluation: [1100/2000]  eta: 0:00:37    time: 0.0442  data: 0.0000  max mem: 4847
      ITM Evaluation: [1200/2000]  eta: 0:00:33    time: 0.0382  data: 0.0000  max mem: 4847
      ITM Evaluation: [1300/2000]  eta: 0:00:29    time: 0.0410  data: 0.0000  max mem: 4847
      ITM Evaluation: [1400/2000]  eta: 0:00:25    time: 0.0424  data: 0.0000  max mem: 4847
      ITM Evaluation: [1500/2000]  eta: 0:00:20    time: 0.0408  data: 0.0000  max mem: 4847
      ITM Evaluation: [1600/2000]  eta: 0:00:16    time: 0.0398  data: 0.0000  max mem: 4847
      ITM Evaluation: [1700/2000]  eta: 0:00:12    time: 0.0423  data: 0.0000  max mem: 4847
      ITM Evaluation: [1800/2000]  eta: 0:00:08    time: 0.0466  data: 0.0000  max mem: 4847
      ITM Evaluation: [1900/2000]  eta: 0:00:04    time: 0.0522  data: 0.0000  max mem: 4847
      ITM Evaluation: [1999/2000]  eta: 0:00:00    time: 0.0463  data: 0.0000  max mem: 4847
      ITM Evaluation: Total time: 0:01:24 (0.0423 s / it)
     total_time 84.72232222557068
     Computing matching score time 0:01:24
### TTA ITM Score: 
+-------+--------+--------+--------+--------+--------+
| epoch |   R1   |   R5   |  R10   |  mAP   |  mINP  |
+-------+--------+--------+--------+--------+--------+
|  -999 | 59.000 | 79.650 | 88.500 | 47.231 | 25.876 |
|  -999 | 66.450 | 85.600 | 90.600 | 50.642 | 25.526 |
|   0   | 66.500 | 85.550 | 90.050 | 50.484 | 25.521 |
|   1   | 64.650 | 84.300 | 89.600 | 49.707 | 25.356 |
|   2   | 58.300 | 82.650 | 88.650 | 46.762 | 23.837 |
|   3   | 58.150 | 81.800 | 88.050 | 46.318 | 23.416 |
|   4   | 58.800 | 81.900 | 88.250 | 46.525 | 23.800 |
|   5   | 57.250 | 82.200 | 88.650 | 46.030 | 23.704 |
|   6   | 58.150 | 82.250 | 88.800 | 46.425 | 24.052 |
|   7   | 57.450 | 82.100 | 88.550 | 45.930 | 23.666 |
|   8   | 56.050 | 81.250 | 88.500 | 45.371 | 23.462 |
|   9   | 56.900 | 81.450 | 88.300 | 45.479 | 23.684 |
|   10  | 56.750 | 81.500 | 88.800 | 45.714 | 23.921 |
|   11  | 57.000 | 81.250 | 88.700 | 45.790 | 23.842 |
|   12  | 57.750 | 81.500 | 88.700 | 46.095 | 24.027 |
|   13  | 57.650 | 81.450 | 88.800 | 46.202 | 24.003 |
|   14  | 57.450 | 81.600 | 88.850 | 46.231 | 24.142 |
|   15  | 56.650 | 81.350 | 89.050 | 46.008 | 24.140 |
|   16  | 57.250 | 81.600 | 88.950 | 46.302 | 24.182 |
|   17  | 57.650 | 81.550 | 89.150 | 46.362 | 24.187 |
|   18  | 57.350 | 81.500 | 89.050 | 46.264 | 24.169 |
|   19  | 57.000 | 81.750 | 89.100 | 46.213 | 24.170 |
|   20  | 57.050 | 81.450 | 89.200 | 46.149 | 24.018 |
|   21  | 56.750 | 81.400 | 89.150 | 45.981 | 23.975 |
|   22  | 56.600 | 81.450 | 88.850 | 45.876 | 23.892 |
|   23  | 56.500 | 81.550 | 88.900 | 45.913 | 23.972 |
|   24  | 56.500 | 81.450 | 88.850 | 45.889 | 23.992 |
|   25  | 56.300 | 81.100 | 88.800 | 45.839 | 23.953 |
|   26  | 56.450 | 81.100 | 88.850 | 45.860 | 23.938 |
|   27  | 56.400 | 81.150 | 88.850 | 45.859 | 23.953 |
+-------+--------+--------+--------+--------+--------+
     logs:  {'epo': 27, 'R1': 56.4, 'R5': 81.15, 'R10': 88.85, 'mAP': 45.859, 'mINP': 23.953, 'lr': 2.6e-05, 'entropy': 0.114099, 'loss': 2.737045}
      TTA Epoch: [28] [ 0/28]  eta: 0:00:21  lr: 0.000022  entropy: 0.1054  loss: 2.7340  time: 0.7626  data: 0.6113  max mem: 4847
      TTA Epoch: [28] [27/28]  eta: 0:00:00  lr: 0.000015  entropy: 0.1243  loss: 2.7406  time: 0.0659  data: 0.0002  max mem: 4847
      TTA Epoch: [28] Total time: 0:00:02 (0.0989 s / it)
     Averaged stats: lr: 0.0000  entropy: 0.1232  loss: 2.7404
     itm tta time 0:00:02
     Computing matching score
      ITM Evaluation: [   0/2000]  eta: 0:01:54    time: 0.0573  data: 0.0042  max mem: 4847
      ITM Evaluation: [ 100/2000]  eta: 0:01:22    time: 0.0431  data: 0.0000  max mem: 4847
      ITM Evaluation: [ 200/2000]  eta: 0:01:15    time: 0.0382  data: 0.0000  max mem: 4847
      ITM Evaluation: [ 300/2000]  eta: 0:01:09    time: 0.0429  data: 0.0000  max mem: 4847
      ITM Evaluation: [ 400/2000]  eta: 0:01:05    time: 0.0426  data: 0.0000  max mem: 4847
      ITM Evaluation: [ 500/2000]  eta: 0:01:01    time: 0.0410  data: 0.0000  max mem: 4847
      ITM Evaluation: [ 600/2000]  eta: 0:00:56    time: 0.0434  data: 0.0000  max mem: 4847
      ITM Evaluation: [ 700/2000]  eta: 0:00:52    time: 0.0416  data: 0.0000  max mem: 4847
      ITM Evaluation: [ 800/2000]  eta: 0:00:48    time: 0.0427  data: 0.0000  max mem: 4847
      ITM Evaluation: [ 900/2000]  eta: 0:00:44    time: 0.0473  data: 0.0000  max mem: 4847
      ITM Evaluation: [1000/2000]  eta: 0:00:41    time: 0.0490  data: 0.0000  max mem: 4847
      ITM Evaluation: [1100/2000]  eta: 0:00:37    time: 0.0398  data: 0.0000  max mem: 4847
      ITM Evaluation: [1200/2000]  eta: 0:00:33    time: 0.0413  data: 0.0000  max mem: 4847
      ITM Evaluation: [1300/2000]  eta: 0:00:28    time: 0.0394  data: 0.0000  max mem: 4847
      ITM Evaluation: [1400/2000]  eta: 0:00:24    time: 0.0392  data: 0.0000  max mem: 4847
      ITM Evaluation: [1500/2000]  eta: 0:00:20    time: 0.0384  data: 0.0000  max mem: 4847
      ITM Evaluation: [1600/2000]  eta: 0:00:16    time: 0.0395  data: 0.0000  max mem: 4847
      ITM Evaluation: [1700/2000]  eta: 0:00:12    time: 0.0406  data: 0.0000  max mem: 4847
      ITM Evaluation: [1800/2000]  eta: 0:00:08    time: 0.0372  data: 0.0000  max mem: 4847
      ITM Evaluation: [1900/2000]  eta: 0:00:04    time: 0.0483  data: 0.0000  max mem: 4847
      ITM Evaluation: [1999/2000]  eta: 0:00:00    time: 0.0501  data: 0.0000  max mem: 4847
      ITM Evaluation: Total time: 0:01:22 (0.0414 s / it)
     total_time 82.86876201629639
     Computing matching score time 0:01:22
### TTA ITM Score: 
+-------+--------+--------+--------+--------+--------+
| epoch |   R1   |   R5   |  R10   |  mAP   |  mINP  |
+-------+--------+--------+--------+--------+--------+
|  -999 | 59.000 | 79.650 | 88.500 | 47.231 | 25.876 |
|  -999 | 66.450 | 85.600 | 90.600 | 50.642 | 25.526 |
|   0   | 66.500 | 85.550 | 90.050 | 50.484 | 25.521 |
|   1   | 64.650 | 84.300 | 89.600 | 49.707 | 25.356 |
|   2   | 58.300 | 82.650 | 88.650 | 46.762 | 23.837 |
|   3   | 58.150 | 81.800 | 88.050 | 46.318 | 23.416 |
|   4   | 58.800 | 81.900 | 88.250 | 46.525 | 23.800 |
|   5   | 57.250 | 82.200 | 88.650 | 46.030 | 23.704 |
|   6   | 58.150 | 82.250 | 88.800 | 46.425 | 24.052 |
|   7   | 57.450 | 82.100 | 88.550 | 45.930 | 23.666 |
|   8   | 56.050 | 81.250 | 88.500 | 45.371 | 23.462 |
|   9   | 56.900 | 81.450 | 88.300 | 45.479 | 23.684 |
|   10  | 56.750 | 81.500 | 88.800 | 45.714 | 23.921 |
|   11  | 57.000 | 81.250 | 88.700 | 45.790 | 23.842 |
|   12  | 57.750 | 81.500 | 88.700 | 46.095 | 24.027 |
|   13  | 57.650 | 81.450 | 88.800 | 46.202 | 24.003 |
|   14  | 57.450 | 81.600 | 88.850 | 46.231 | 24.142 |
|   15  | 56.650 | 81.350 | 89.050 | 46.008 | 24.140 |
|   16  | 57.250 | 81.600 | 88.950 | 46.302 | 24.182 |
|   17  | 57.650 | 81.550 | 89.150 | 46.362 | 24.187 |
|   18  | 57.350 | 81.500 | 89.050 | 46.264 | 24.169 |
|   19  | 57.000 | 81.750 | 89.100 | 46.213 | 24.170 |
|   20  | 57.050 | 81.450 | 89.200 | 46.149 | 24.018 |
|   21  | 56.750 | 81.400 | 89.150 | 45.981 | 23.975 |
|   22  | 56.600 | 81.450 | 88.850 | 45.876 | 23.892 |
|   23  | 56.500 | 81.550 | 88.900 | 45.913 | 23.972 |
|   24  | 56.500 | 81.450 | 88.850 | 45.889 | 23.992 |
|   25  | 56.300 | 81.100 | 88.800 | 45.839 | 23.953 |
|   26  | 56.450 | 81.100 | 88.850 | 45.860 | 23.938 |
|   27  | 56.400 | 81.150 | 88.850 | 45.859 | 23.953 |
|   28  | 56.400 | 81.150 | 88.850 | 45.845 | 23.943 |
+-------+--------+--------+--------+--------+--------+
     logs:  {'epo': 28, 'R1': 56.4, 'R5': 81.15, 'R10': 88.85, 'mAP': 45.845, 'mINP': 23.943, 'lr': 1.9e-05, 'entropy': 0.123199, 'loss': 2.740426}
      TTA Epoch: [29] [ 0/28]  eta: 0:00:23  lr: 0.000015  entropy: 0.1016  loss: 2.7326  time: 0.8450  data: 0.7579  max mem: 4847
      TTA Epoch: [29] [27/28]  eta: 0:00:00  lr: 0.000008  entropy: 0.0948  loss: 2.7299  time: 0.0491  data: 0.0001  max mem: 4847
      TTA Epoch: [29] Total time: 0:00:02 (0.0840 s / it)
     Averaged stats: lr: 0.0000  entropy: 0.1236  loss: 2.7406
     itm tta time 0:00:02
     Computing matching score
      ITM Evaluation: [   0/2000]  eta: 0:01:20    time: 0.0401  data: 0.0026  max mem: 4847
      ITM Evaluation: [ 100/2000]  eta: 0:01:18    time: 0.0424  data: 0.0000  max mem: 4847
      ITM Evaluation: [ 200/2000]  eta: 0:01:14    time: 0.0419  data: 0.0000  max mem: 4847
      ITM Evaluation: [ 300/2000]  eta: 0:01:10    time: 0.0428  data: 0.0000  max mem: 4847
      ITM Evaluation: [ 400/2000]  eta: 0:01:06    time: 0.0396  data: 0.0000  max mem: 4847
      ITM Evaluation: [ 500/2000]  eta: 0:01:02    time: 0.0421  data: 0.0000  max mem: 4847
      ITM Evaluation: [ 600/2000]  eta: 0:00:58    time: 0.0431  data: 0.0000  max mem: 4847
      ITM Evaluation: [ 700/2000]  eta: 0:00:54    time: 0.0413  data: 0.0000  max mem: 4847
      ITM Evaluation: [ 800/2000]  eta: 0:00:50    time: 0.0443  data: 0.0000  max mem: 4847
      ITM Evaluation: [ 900/2000]  eta: 0:00:46    time: 0.0475  data: 0.0000  max mem: 4847
      ITM Evaluation: [1000/2000]  eta: 0:00:42    time: 0.0423  data: 0.0000  max mem: 4847
      ITM Evaluation: [1100/2000]  eta: 0:00:38    time: 0.0417  data: 0.0000  max mem: 4847
      ITM Evaluation: [1200/2000]  eta: 0:00:33    time: 0.0386  data: 0.0000  max mem: 4847
      ITM Evaluation: [1300/2000]  eta: 0:00:29    time: 0.0424  data: 0.0000  max mem: 4847
      ITM Evaluation: [1400/2000]  eta: 0:00:25    time: 0.0435  data: 0.0000  max mem: 4847
      ITM Evaluation: [1500/2000]  eta: 0:00:20    time: 0.0374  data: 0.0000  max mem: 4847
      ITM Evaluation: [1600/2000]  eta: 0:00:16    time: 0.0443  data: 0.0000  max mem: 4847
      ITM Evaluation: [1700/2000]  eta: 0:00:12    time: 0.0413  data: 0.0000  max mem: 4847
      ITM Evaluation: [1800/2000]  eta: 0:00:08    time: 0.0499  data: 0.0000  max mem: 4847
      ITM Evaluation: [1900/2000]  eta: 0:00:04    time: 0.0394  data: 0.0000  max mem: 4847
      ITM Evaluation: [1999/2000]  eta: 0:00:00    time: 0.0402  data: 0.0000  max mem: 4847
      ITM Evaluation: Total time: 0:01:24 (0.0422 s / it)
     total_time 84.4742317199707
     Computing matching score time 0:01:24
### TTA ITM Score: 
+-------+--------+--------+--------+--------+--------+
| epoch |   R1   |   R5   |  R10   |  mAP   |  mINP  |
+-------+--------+--------+--------+--------+--------+
|  -999 | 59.000 | 79.650 | 88.500 | 47.231 | 25.876 |
|  -999 | 66.450 | 85.600 | 90.600 | 50.642 | 25.526 |
|   0   | 66.500 | 85.550 | 90.050 | 50.484 | 25.521 |
|   1   | 64.650 | 84.300 | 89.600 | 49.707 | 25.356 |
|   2   | 58.300 | 82.650 | 88.650 | 46.762 | 23.837 |
|   3   | 58.150 | 81.800 | 88.050 | 46.318 | 23.416 |
|   4   | 58.800 | 81.900 | 88.250 | 46.525 | 23.800 |
|   5   | 57.250 | 82.200 | 88.650 | 46.030 | 23.704 |
|   6   | 58.150 | 82.250 | 88.800 | 46.425 | 24.052 |
|   7   | 57.450 | 82.100 | 88.550 | 45.930 | 23.666 |
|   8   | 56.050 | 81.250 | 88.500 | 45.371 | 23.462 |
|   9   | 56.900 | 81.450 | 88.300 | 45.479 | 23.684 |
|   10  | 56.750 | 81.500 | 88.800 | 45.714 | 23.921 |
|   11  | 57.000 | 81.250 | 88.700 | 45.790 | 23.842 |
|   12  | 57.750 | 81.500 | 88.700 | 46.095 | 24.027 |
|   13  | 57.650 | 81.450 | 88.800 | 46.202 | 24.003 |
|   14  | 57.450 | 81.600 | 88.850 | 46.231 | 24.142 |
|   15  | 56.650 | 81.350 | 89.050 | 46.008 | 24.140 |
|   16  | 57.250 | 81.600 | 88.950 | 46.302 | 24.182 |
|   17  | 57.650 | 81.550 | 89.150 | 46.362 | 24.187 |
|   18  | 57.350 | 81.500 | 89.050 | 46.264 | 24.169 |
|   19  | 57.000 | 81.750 | 89.100 | 46.213 | 24.170 |
|   20  | 57.050 | 81.450 | 89.200 | 46.149 | 24.018 |
|   21  | 56.750 | 81.400 | 89.150 | 45.981 | 23.975 |
|   22  | 56.600 | 81.450 | 88.850 | 45.876 | 23.892 |
|   23  | 56.500 | 81.550 | 88.900 | 45.913 | 23.972 |
|   24  | 56.500 | 81.450 | 88.850 | 45.889 | 23.992 |
|   25  | 56.300 | 81.100 | 88.800 | 45.839 | 23.953 |
|   26  | 56.450 | 81.100 | 88.850 | 45.860 | 23.938 |
|   27  | 56.400 | 81.150 | 88.850 | 45.859 | 23.953 |
|   28  | 56.400 | 81.150 | 88.850 | 45.845 | 23.943 |
|   29  | 56.400 | 81.150 | 88.800 | 45.840 | 23.944 |
+-------+--------+--------+--------+--------+--------+
     logs:  {'epo': 29, 'R1': 56.4, 'R5': 81.15, 'R10': 88.8, 'mAP': 45.84, 'mINP': 23.944, 'lr': 1.1e-05, 'entropy': 0.123606, 'loss': 2.740579}
### best epoch 0 : {'epo': '0', 'R1': '66.5', 'R5': '85.55', 'R10': '90.05', 'mAP': '50.484', 'mINP': '25.521', 'lr': '0.000145', 'entropy': '1.472841', 'loss': '3.241252'}
### Time 0:42:26
